lstm_normal,lstm_student,gru_normal,gru_student,bekk_lstm_scalar,bekk_lstm_vector,bekk_lstm_mix,neural_bekk_asym_diag,bekk_symmetric,bekk_asymmetric,dcc,adcc
-2.9693088259697102,-2.859695611554184,-2.9921394109132113,-2.865327508523573,-2.976697496697816,-2.920820613676024,-2.9328705364264973,-2.953720017949612,-2.8210216607903087,-2.796680735341916,-2.8565428335262615,-2.856542828757517
-2.963270163793248,-2.8651753541930316,-3.0080744669426647,-2.8884353838759997,-2.976371841360452,-2.9376097499612683,-2.9256267710576602,-2.9538194078792817,-2.825788055265052,-2.8020791434070067,-2.8723034227337885,-2.872303417780596
-3.003919232436822,-2.8819472868366987,-3.020984100047752,-2.898318331477321,-2.916260369265511,-2.9154215053519046,-2.9085321173639698,-2.9144109968499654,-2.8296236266106214,-2.8055498825854563,-2.8672260318984573,-2.8672260270179026
-2.9016742205239723,-2.8136693666359966,-2.981838180486394,-2.8839559351851785,-2.931055358726579,-2.915578114885845,-2.892772272735772,-2.911900756469344,-2.8347657444200243,-2.8130565974228454,-2.8861432632792177,-2.8861432582606867
-2.9811407238105336,-2.8716800716804975,-2.9543916870443883,-2.874500978706144,-2.923587167676172,-2.894176905751834,-2.8476095557296612,-2.866094880853625,-2.8205657195314178,-2.8010688101309493,-2.8623706249295813,-2.862370619407901
-2.9191100194239787,-2.8307783497800565,-2.895636892778694,-2.8537610394069297,-2.888009617776356,-2.866735268882395,-2.812071047874354,-2.8211702926830586,-2.80791102163015,-2.784518720286146,-2.847485330842143,-2.8474853252678423
-2.8355791674841253,-2.779017044328366,-2.8679606764736687,-2.8486971514721855,-2.9021084238015975,-2.8715587737684376,-2.8214519037465178,-2.8544169676055304,-2.8244114025992437,-2.800231992899089,-2.8725766603547456,-2.872576654930312
-2.8504850227808682,-2.794301557927795,-2.8478148196514934,-2.8223981907950675,-2.8852332434187318,-2.8159563290868004,-2.8019495803922916,-2.8566792007906665,-2.8311228879009884,-2.8060504587378374,-2.841253718759831,-2.8412537149495645
-2.8251889140358717,-2.7742620687835617,-2.8312475570035254,-2.803771043862259,-2.856532402307869,-2.7734852046010805,-2.7817043705703846,-2.846313383018268,-2.8342636845040774,-2.8095870889319996,-2.8536034566670128,-2.8536034528370897
-2.918893387715009,-2.8275712731304226,-2.8109520168066555,-2.773151029354489,-2.7994794995437466,-2.714691132886094,-2.7414976858189677,-2.781330146922228,-2.816802996849286,-2.7939148276317765,-2.8124346056012,-2.812434602158652
-2.7654431985750945,-2.6771925442350963,-2.789198302286739,-2.7375887640720116,-2.7599032046209606,-2.656280271083948,-2.710135752131883,-2.7151179949602717,-2.8078442352641475,-2.785399647328846,-2.78291960158264,-2.782919598105694
-2.8233764335299307,-2.737734501241308,-2.811601757386441,-2.757682292469987,-2.8301885631558656,-2.683583149858854,-2.7687717159834073,-2.7718324890834793,-2.815733469165826,-2.7932601128199908,-2.807130846377879,-2.807130842741377
-2.880617665401105,-2.750911995736363,-2.8256614202800514,-2.7684497749914403,-2.8868030887979166,-2.7191413916915943,-2.8131260513262957,-2.8148460182079926,-2.7999714388654895,-2.781791966718017,-2.8119669915504764,-2.811966987379508
-2.866319325551206,-2.7212849070832013,-2.849481130506449,-2.7806668378879316,-2.9324521017554783,-2.763063042348315,-2.8579077633614878,-2.868300574849286,-2.803008409595106,-2.7861020317214713,-2.8322598347689927,-2.832259830230728
-2.8345263710224184,-2.6904443144897514,-2.810871516246376,-2.7509237529414055,-2.9564945643454488,-2.7571088522245764,-2.837774472216513,-2.8527878134564038,-2.813570208707793,-2.798346657995681,-2.841557792100558,-2.841557787811194
-2.7868978062040197,-2.7060143345370857,-2.8399210045320604,-2.771530534111374,-3.009736368939885,-2.829151154810886,-2.862413598966441,-2.8857128175266786,-2.8336955641516632,-2.8169235165251774,-2.871999550987082,-2.8719995466725203
-2.7691836964676755,-2.7381923669650776,-2.823320370991739,-2.7614580728131166,-2.990837256474996,-2.831641092966789,-2.8449245033572343,-2.873545380804602,-2.8465027568177104,-2.8304399714826602,-2.880480796040887,-2.880480792242
-2.783283137684063,-2.7706675238293235,-2.829953471423572,-2.778195082503694,-2.995756724237622,-2.8557311019334572,-2.853620298181665,-2.8945484447253897,-2.865497154995594,-2.847994630686951,-2.9120231375969343,-2.9120231336970943
-2.939173161991106,-2.8793085940353396,-2.85620217183031,-2.809293975617251,-2.9929314759963797,-2.8949220059329854,-2.8747566930786195,-2.9076639824384256,-2.8753666808737206,-2.857507284606431,-2.9339762374684466,-2.9339762333762143
-2.8924389161540605,-2.872356890531359,-2.859560748490047,-2.8098412017148635,-2.971104239640329,-2.9008938631506322,-2.876184838806078,-2.915655927425046,-2.8934679621260426,-2.874028913398529,-2.939737525529288,-2.9397375220200566
-2.8250911148785045,-2.820601952089706,-2.836297097448636,-2.790875127969379,-2.8527603372199306,-2.8743973724868983,-2.8247705263565526,-2.8526929007527455,-2.8745412997997133,-2.858819279526946,-2.939100318561508,-2.9391003143046106
-2.813140219887659,-2.7962776608302518,-2.773995582418056,-2.7179523211947583,-2.6717040699125283,-2.758210874033203,-2.7086809160175123,-2.7369010484864553,-2.815715300346036,-2.805254108242438,-2.8169883165877616,-2.8169883123805253
-2.7114289811306653,-2.709207018770053,-2.694302553122352,-2.642877251858815,-2.6197697763257466,-2.6972835235649093,-2.6637317211888107,-2.6867863934611624,-2.784570050539973,-2.7793961133992893,-2.7957432499493406,-2.795743245315623
-2.653005219059727,-2.667317237581142,-2.6468958741492594,-2.588655576330958,-2.6185601251177735,-2.6248470786258022,-2.633968762695742,-2.6896448545269633,-2.7849890878503136,-2.7772781233786694,-2.738320000443955,-2.7383199973994667
-2.6521643989616557,-2.6784958466033686,-2.635770706080164,-2.574888311459325,-2.6432834937268566,-2.588425749938849,-2.6280690928847146,-2.69261354468496,-2.777111951247471,-2.7699782664312487,-2.738647895774024,-2.738647892387684
-2.568278331431511,-2.574100325828747,-2.577971990704911,-2.506726394203038,-2.6203574806446444,-2.4399223634284883,-2.5167247370282793,-2.5689129654203597,-2.768100437634111,-2.757429159556063,-2.6212082101427727,-2.621208209429416
-2.5672177320254113,-2.5637509736611928,-2.570060208715793,-2.4921426961563617,-2.7266000043970666,-2.4233493704440643,-2.545371054675431,-2.59632373512708,-2.782868628283043,-2.7710783152607683,-2.645953634586113,-2.6459536337086305
-2.5855664751068783,-2.59312445911663,-2.5725848584649,-2.4911546469218133,-2.77364939061977,-2.40905602226195,-2.5696878010199184,-2.621194152053868,-2.7988376486415385,-2.785632449722269,-2.666252622991325,-2.66625262211233
-2.521506309085264,-2.534106115726387,-2.5491306137282996,-2.462930928677449,-2.8350870536637434,-2.3688383946705605,-2.560870094074635,-2.6129811844744695,-2.8147609297991525,-2.800115054713385,-2.6410522295197776,-2.6410522298758803
-2.505708549314954,-2.52202693253598,-2.540831318249872,-2.447987100739966,-2.9521966997291957,-2.3612508064781164,-2.587014219888961,-2.6438430186085773,-2.8076655460845914,-2.796987148535038,-2.657480750296345,-2.6574807503283533
-2.576061173891273,-2.579530851761742,-2.553405480440972,-2.4571527281383165,-2.940194137381806,-2.342975766525677,-2.577674249951786,-2.621910435496019,-2.7790431518094025,-2.769663815637707,-2.6391605180453683,-2.6391605175193256
-2.554724597759119,-2.547698113658962,-2.5756719989910164,-2.4759156073718316,-2.9825404736981627,-2.3462817952573736,-2.6052819821957955,-2.6438479327762217,-2.7902761347197016,-2.7793459528660285,-2.6581074370981534,-2.6581074363078048
-2.5735860458020197,-2.550210960216431,-2.598092670397522,-2.4978161929075973,-3.0186878947658,-2.346587074998326,-2.6162779902218793,-2.646963898195971,-2.8004527498544776,-2.787439297667432,-2.6633212982093237,-2.663321297346179
-2.5955553192974934,-2.5723861180485716,-2.6228924331658803,-2.526177972309124,-3.0260528387854793,-2.3798036636787967,-2.635952989263182,-2.6618153174473225,-2.8093916899331846,-2.796469759118965,-2.6904263296928055,-2.6904263284857857
-2.6479473160230915,-2.6274613927648494,-2.637421220184774,-2.5446374665679303,-3.016078327799546,-2.408123170114888,-2.6624807928037826,-2.682741901964063,-2.824516495323455,-2.809943692405848,-2.7123663730132317,-2.712366371732481
-2.6570770049177117,-2.6290313027982437,-2.6554728062181203,-2.572266626692772,-2.9366252728241333,-2.455448660231023,-2.6731434954859963,-2.6883608677536546,-2.824058783397255,-2.8060454215534616,-2.7311894477885645,-2.7311894460994792
-2.710661800280633,-2.6475568763053987,-2.667636659745357,-2.5996465222546137,-2.909338642025279,-2.50867271811767,-2.705605908139596,-2.7046151080536265,-2.7978425870259853,-2.7846084826148436,-2.7409496799420405,-2.7409496773793665
-2.69833641113052,-2.6581526742610446,-2.64510677807752,-2.591484458924795,-2.881043816562382,-2.535901227630323,-2.7027287636359265,-2.7031814725535654,-2.8031810131556107,-2.7917786453694275,-2.749614205413866,-2.7496142030441413
-2.6630305425658065,-2.6579695951133306,-2.644740143288515,-2.595254277800148,-2.9080668971157593,-2.573623349320079,-2.7353896948137324,-2.736238522482339,-2.810758946843625,-2.8000858038577356,-2.774473201206148,-2.7744731983357465
-2.6604796985172507,-2.6176274819879453,-2.6672669669126163,-2.6180006886265734,-2.888977607962621,-2.6121191638029857,-2.768726482392149,-2.762162042538544,-2.8255386596107686,-2.8135050211572814,-2.7936329342875337,-2.7936329312678416
-2.812350387308678,-2.775001595943775,-2.69837428282298,-2.6417644233427136,-2.8601381993082162,-2.6289472216052308,-2.7644936282221564,-2.7239136530113632,-2.7973246739579856,-2.7858408155474277,-2.7618417083896984,-2.761841704925037
-2.7656972414331973,-2.691030828606644,-2.714377190155204,-2.6431118178772985,-2.861228112774004,-2.6358563631039655,-2.771243476849648,-2.7281177251722153,-2.7992744390348054,-2.7872595409796888,-2.763265066492099,-2.7632650628345683
-2.7564387481715524,-2.6784278492903972,-2.726144787396886,-2.6416020568244654,-2.917294153903439,-2.6512072047434274,-2.822398342211497,-2.77419023059031,-2.813419546922974,-2.8008040547160222,-2.7888537351410334,-2.788853731194002
-2.7625095810424383,-2.698786394509609,-2.7635776905080336,-2.6690903428743065,-2.952586593564795,-2.6912777659637945,-2.873488876896251,-2.823334070792008,-2.8272088092782184,-2.813504198977596,-2.8158895724897897,-2.815889568333063
-2.7565631284307184,-2.6692240554270286,-2.76032146620717,-2.661162037966418,-2.904454545208005,-2.66948908008065,-2.8524185919046268,-2.805286391371839,-2.833324136075988,-2.8181802389635355,-2.800113112216606,-2.800113108422764
-2.7543925416364257,-2.695983446499817,-2.770025556862312,-2.672766530458473,-2.915226749106798,-2.660831913266326,-2.843773017985598,-2.8054501775429803,-2.8419896955146,-2.8258225838725766,-2.800142608458404,-2.8001426051657887
-2.791710063813758,-2.763171106652176,-2.7725549939857874,-2.681263103367393,-2.904271448566594,-2.676394501224993,-2.8306868719017797,-2.8056280452254994,-2.8456959742590238,-2.8296648481890854,-2.8090987642482155,-2.8090987608548326
-2.8221747673418154,-2.7612752758961796,-2.7967021338412534,-2.712530501026101,-2.926747306102654,-2.7051221425098526,-2.8373190831505246,-2.8305545140129595,-2.8402523856463286,-2.8251880645052405,-2.8162580726542656,-2.816258068873345
-2.835642028537408,-2.754938731908447,-2.8072513516200903,-2.709841744154623,-2.947184929302033,-2.729776965181675,-2.8469007228596195,-2.85504094808902,-2.8552573592590393,-2.8391209211192683,-2.8312325348927962,-2.831232531266573
-2.8631726159507096,-2.8028992149221357,-2.826385749307031,-2.7171285157943044,-2.975225154683399,-2.7706339662671504,-2.8611672351080233,-2.8819537707367333,-2.8708408628695015,-2.853805644363746,-2.8544874175282753,-2.854487413926038
-2.930839903723115,-2.859636125334393,-2.8343491260226026,-2.7299170419886054,-2.976821830461518,-2.793650110144521,-2.8543409350330347,-2.883141886867124,-2.8848239911901685,-2.8673702891722823,-2.8752791213503457,-2.875279117386081
-2.8863065256962175,-2.824859106228374,-2.8364864509628074,-2.729074515024862,-2.9573626049624835,-2.8092545694325266,-2.8439561117901544,-2.8863409506790365,-2.9001625991516775,-2.881891453960115,-2.889317159829926,-2.889317156205073
-2.8690028851813505,-2.798614930924986,-2.8119170857575124,-2.6960775292833494,-2.9057394214555794,-2.780637201736589,-2.7909740212014404,-2.8435881135538343,-2.851819104693945,-2.844660823967335,-2.869854518730421,-2.8698545137043103
-2.853221833261583,-2.802306458475397,-2.8174824484837346,-2.6958475712874606,-2.9234567059004894,-2.792657459304332,-2.8031532140588324,-2.8601906453185553,-2.858851682620804,-2.851279339598562,-2.885253587018834,-2.88525358176934
-2.787556797786641,-2.7211942522914088,-2.822977495161801,-2.696753316760119,-2.8915334489658355,-2.7836042876141143,-2.795568664716294,-2.8212210575497796,-2.851937784348942,-2.842680943054349,-2.8751524781420352,-2.875152472815762
1.2064676218647739,-2.296219120812655,-0.7499733638519404,-2.686804757012248,4.995487745853244,-0.7346484397459867,-0.7426339433301936,1.0888903304530424,4.696234975583476,3.144534742715818,6.453031509984955,6.453030987038062
-2.719631904145434,-2.6765925434746904,-2.67335276565738,-2.5995856238675694,-2.5589701573755153,-2.4963438565596467,-2.523639404214615,-2.562291208694253,-2.7775842987731933,-2.801980845612714,-2.660098515014844,-2.660098511060684
-2.6446714980407546,-2.5812659006637744,-2.658646067778391,-2.5874519709711983,-2.680762092494696,-2.50328362932026,-2.5816721172340396,-2.594137344383145,-2.783294761997723,-2.807485779818076,-2.68170636489662,-2.6817063606752107
-2.6682663609796475,-2.625910493425443,-2.651133158145409,-2.57695037259959,-2.7460370217282346,-2.507089789479025,-2.6271388670300047,-2.6246148939972893,-2.7954084678265936,-2.8180511932238548,-2.6974405755122315,-2.6974405713176504
-2.6954226097522263,-2.6232061914272515,-2.6585618056708387,-2.588661354242623,-2.7961449688500615,-2.529327572477712,-2.676595674118094,-2.6531497829480912,-2.8068828121591647,-2.827832624744273,-2.715486417824897,-2.715486413444415
-2.6449024505466796,-2.598410420778369,-2.6435349097237424,-2.584012997632474,-2.7041518924474772,-2.5350282669979047,-2.6480405738939687,-2.6216744189065446,-2.771736844993287,-2.7961575679505026,-2.7067690350547773,-2.706769029869598
-2.6795951593240823,-2.632241201522265,-2.638622218641844,-2.575705439231704,-2.738952884745795,-2.547760060545443,-2.677946426860418,-2.665413834811238,-2.7851906334789667,-2.808061119671085,-2.7092887521062097,-2.709288747445917
-2.682429419194032,-2.6515009103335574,-2.6595059317569474,-2.598537497080963,-2.7851709875629034,-2.5775989087591835,-2.7264565892074777,-2.7188478216231298,-2.797679977920959,-2.819046027094626,-2.7315862319838495,-2.7315862271715936
-2.7959940341575202,-2.7587941571828187,-2.689652249349482,-2.62620676003254,-2.830705898613938,-2.6394195974039336,-2.780004264049963,-2.770145688417263,-2.8100717810682956,-2.8302920609044895,-2.75929327063891,-2.759293265527086
-2.754659099058311,-2.7353424978807572,-2.7088457394645857,-2.641368301433417,-2.8715505313805814,-2.6897668136631223,-2.8236260116989773,-2.80619211776295,-2.822655588958647,-2.841509087444776,-2.775633241080091,-2.7756332359123412
-2.7357162846053638,-2.702173303377373,-2.73270220314836,-2.6540366334586314,-2.848943265997593,-2.7281741944596223,-2.849415762711167,-2.807175115935912,-2.8157000291382577,-2.8350507948502477,-2.7810323891137827,-2.781032383541526
-2.889008080915038,-2.824190261095313,-2.76790215957715,-2.6836587659227487,-2.8751150881182967,-2.7881644923909708,-2.908031363964734,-2.849006491349308,-2.8239653050975173,-2.8424638009161725,-2.8041026064494674,-2.8041026006167313
-2.80934491748362,-2.767773730606841,-2.808572119118311,-2.72508364672563,-2.9180576862254957,-2.8553269353656745,-2.9457690242462506,-2.886348960967246,-2.8364069386226807,-2.8539570016368807,-2.8306604604468024,-2.830660454304708
-2.9320942314731258,-2.835169427410896,-2.8542161631748444,-2.7657234676492983,-2.9373512276315386,-2.90603728922746,-2.9720198041398405,-2.9073760148114207,-2.839454970442215,-2.857218376269893,-2.8480417321885643,-2.8480417256221786
-2.9302571178881665,-2.874552479728809,-2.847520085162767,-2.764753079489872,-2.9928948421760446,-2.940306493737925,-2.9976792240041648,-2.9480586491101324,-2.8399453123424103,-2.859429081277515,-2.8629042276483005,-2.862904220866719
-2.7826390072600162,-2.7013532596613947,-2.8263832638562594,-2.7340973385441973,-2.914534242703365,-2.8118661482286322,-2.868824793921592,-2.8247325034232214,-2.8139790379792617,-2.832332689107895,-2.808151996310745,-2.808151990251309
-2.817021671660028,-2.720971758370804,-2.827088970602745,-2.7328758690144213,-2.976555189078704,-2.83123954818447,-2.898188276142399,-2.8559385273685853,-2.8220951327390984,-2.837622099994819,-2.8304703824646325,-2.830470376074379
-2.66460360735333,-2.67078085443971,-2.805325681643819,-2.71312842210705,-2.983108449431575,-2.8114547374221877,-2.880979576996971,-2.8650016690929236,-2.8347400544612547,-2.8504151613783137,-2.8293870753536585,-2.8293870696640067
-2.668103128251561,-2.653032233413315,-2.749797133861672,-2.6697706101089986,-2.800596872920445,-2.745945123039379,-2.774330371111024,-2.744458056199467,-2.7827036679567785,-2.8061112649002697,-2.810025991335035,-2.8100259843084023
-2.5653085355866247,-2.5510574408471287,-2.7036130822139173,-2.637351536360209,-2.7119379569130535,-2.7065832183651857,-2.7107721060916377,-2.67620998980407,-2.7549222667929585,-2.780638265721779,-2.7905926547271216,-2.790592647057302
-2.617844161740343,-2.626270657564879,-2.70321120334277,-2.641716060952269,-2.7454009808514925,-2.71740148853583,-2.7379936623779897,-2.718334496759705,-2.756129731728228,-2.7824145103295854,-2.797113805836905,-2.797113797953082
-2.652373009790029,-2.648197769388318,-2.7123864930675063,-2.6483249545974865,-2.768687901844305,-2.7145772901405385,-2.7607019552767653,-2.758372454362691,-2.767486612414648,-2.793054199533387,-2.808214691714623,-2.8082146837609843
-2.6800509851263277,-2.680341728585805,-2.7370826914591317,-2.6781984500780243,-2.8261058955897287,-2.759220502759339,-2.813970566803833,-2.7980714411386405,-2.7575191012091946,-2.7846172599326438,-2.8173018464143573,-2.817301837844164
-2.588850353593977,-2.594186843423169,-2.7449376225123654,-2.672016158977619,-2.9055497711940586,-2.7505288366532947,-2.823966563293363,-2.812643640097229,-2.7734291230173125,-2.798844197444245,-2.812082312547954,-2.8120823048341648
-2.713088911288885,-2.6890734780180647,-2.779128536721112,-2.6981007840736906,-3.001777516060332,-2.797343155439525,-2.8644599757068323,-2.8591479483406443,-2.789252574667241,-2.8136661506248792,-2.8352409446900193,-2.835240936850074
-2.599113871262464,-2.642646637737481,-2.742417861262559,-2.6660592790706117,-2.9025088639832246,-2.785963079804461,-2.7938620363686,-2.7973343060932994,-2.75865365853783,-2.7530716994518185,-2.8361826171980082,-2.8361826076278334
-2.5652050682725336,-2.6167142806023516,-2.7303769939340996,-2.656329466285625,-2.92678126650868,-2.8064809777981172,-2.802161381962612,-2.827508133067015,-2.7758591655287614,-2.7710570905833527,-2.857156174217191,-2.8571561646594166
-2.6586854271476317,-2.70200722997972,-2.74059153027441,-2.669906593766103,-2.8905870148452344,-2.7940847501374333,-2.781441256090176,-2.821333435798276,-2.775882771504157,-2.7736080600657727,-2.8490490517780134,-2.84904904208652
-2.7014362340275864,-2.715443339382671,-2.735742711577549,-2.6599235108581465,-2.8107835400949233,-2.7471347786733054,-2.7433483725466052,-2.7842766031391943,-2.7552598206182073,-2.7601266319123177,-2.8308461562725364,-2.830846145881055
-2.6672961905039565,-2.6844006942528935,-2.7391990598151867,-2.665039710871404,-2.8544064287134114,-2.7682731426770433,-2.7798199899394893,-2.8269372333409626,-2.760159976266316,-2.7673634051626137,-2.8479263734879434,-2.8479263627614686
-2.707184331771721,-2.7186406604350024,-2.737247769341248,-2.665025756738172,-2.860273628549436,-2.7969805010185445,-2.7881927746284365,-2.837988144011468,-2.7653147833040173,-2.7660635288665607,-2.8691503247240666,-2.8691503134096
-2.7280251516140526,-2.746839297532123,-2.7521353878918835,-2.6745990793021743,-2.847459136710765,-2.8118747389846863,-2.7855591607180124,-2.8174387995145924,-2.744405317124719,-2.7514600354006418,-2.8553248718014395,-2.8553248598381344
-2.784033398085281,-2.76059020407612,-2.757817034612743,-2.6692834610345306,-2.814468752649004,-2.78842913220129,-2.7685643869657603,-2.7951925292612216,-2.7408433661082636,-2.750835736428747,-2.839799801600328,-2.839799789723046
-2.8059989839380046,-2.811052588707099,-2.769033885964034,-2.676909466774152,-2.8368404974422017,-2.8021775444914727,-2.7910076335721588,-2.822042702899598,-2.758368779067891,-2.7681933378242904,-2.864638419959746,-2.86463840801269
-2.8726043172095514,-2.827515023174982,-2.783105958460557,-2.683108763290675,-2.8540837431467594,-2.813124793088387,-2.819617862627676,-2.843624400779734,-2.7757304850493116,-2.7849732817663866,-2.881743483059678,-2.881743471029454
-2.8494738776491353,-2.819355803048894,-2.820580602924191,-2.7162475397617345,-2.870735414491361,-2.840648112637221,-2.843080250041841,-2.8604225260946903,-2.781699910814905,-2.791944573046846,-2.892437813531633,-2.8924378013424032
-2.8163686655073574,-2.7604155389964022,-2.8211814615624853,-2.7116529112527754,-2.770100335909434,-2.811579173482888,-2.8065969004715763,-2.7767072320913555,-2.7528748623728148,-2.7674169839654414,-2.8613986471816464,-2.8613986345319686
-2.820558407193835,-2.747458077981938,-2.8157960010184686,-2.7093998750943213,-2.7066686696307696,-2.7840857933049827,-2.785064695213269,-2.7113888999095663,-2.7310066470146266,-2.74844639583074,-2.822801283083845,-2.82280127011568
-2.816624457719367,-2.748330642360446,-2.8381196167623273,-2.743147667652566,-2.7776662847882756,-2.843524517825469,-2.8459048738418513,-2.765186131926627,-2.7493057862191916,-2.7659082597371802,-2.8510047279387116,-2.8510047148967956
-2.7321520408111737,-2.657995302290586,-2.817414669031561,-2.723058892838945,-2.8107130178460387,-2.786259542643308,-2.8178457439032845,-2.7323581610039893,-2.755008165489956,-2.769944439993701,-2.814491336603096,-2.814491324936176
-2.7005131342330126,-2.630942911264663,-2.828919481748924,-2.7372486357098476,-2.8987188034552966,-2.8073455503566,-2.864276179764767,-2.77905888073569,-2.769957892741949,-2.7841178055528486,-2.835273077677596,-2.83527306619223
-2.7791225269386666,-2.697927530099651,-2.8582367495189085,-2.7657414865985954,-2.913176020846658,-2.801935184106009,-2.871095045088159,-2.790459887300761,-2.7530878349924452,-2.770484373437052,-2.8226620880605537,-2.822662076475593
-2.745041568536813,-2.674232905239453,-2.8571535902866785,-2.762016665723121,-2.993774673932796,-2.8173782554826303,-2.9026916794147546,-2.847873444243229,-2.769738254993874,-2.7864477528796563,-2.8317151389284083,-2.8317151278030646
-2.72612892412309,-2.654085815317939,-2.8496612168210107,-2.751160405315341,-3.001653902883251,-2.7942497523429712,-2.883174158375261,-2.8546723823133417,-2.777565506917754,-2.793538295440288,-2.8280307853307702,-2.828030774858933
-2.7688953874415305,-2.6861116681925044,-2.8586269480545354,-2.749241973372255,-2.994853708813456,-2.7875536717727067,-2.874114667581246,-2.8780095742145013,-2.7686588308148607,-2.7879772913235175,-2.832511622000713,-2.832511610993777
-2.8024401405372092,-2.722392694408649,-2.8844292526148907,-2.767850306557884,-1.751851276737903,-2.8268691999447917,-2.9077013895443753,-2.9266279743201773,-2.7844585432383795,-2.8028254103430896,-2.8590291365190383,-2.8590291255136817
-2.7366453087184985,-2.6653542318095456,-2.805848628300064,-2.707030515796741,-2.726964988313781,-2.712316614473357,-2.727288959707801,-2.7376383331438987,-2.714071137752737,-2.7291487954048463,-2.7846571098809574,-2.784657098190437
-2.728840607987026,-2.6727602734843305,-2.7776823451101516,-2.6867008702200774,-2.7610841106791266,-2.737944593646544,-2.7496677526517144,-2.770620964241565,-2.730512927829819,-2.745184841059689,-2.8089519936060743,-2.8089519818265507
-2.741585717195605,-2.669957650552541,-2.7670745698860335,-2.6753376872185437,-2.7682918605276345,-2.7422473524255073,-2.751611424723973,-2.7740252710615008,-2.7059081451252895,-2.726040874492412,-2.7980932855375356,-2.7980932729523706
-2.8365874844085917,-2.7349753307296236,-2.778459834809847,-2.67781353088182,-2.836013891707313,-2.780882891298628,-2.794889032306675,-2.8319301290138776,-2.7146430479364585,-2.7353784488587753,-2.817237037275183,-2.8172370245228926
-2.8250837437739147,-2.736544358031032,-2.7843356537494754,-2.6759694127665505,-2.852157023144559,-2.8138074721352986,-2.8199562386338495,-2.8481752594093512,-2.721079890353106,-2.7421118527954644,-2.828002043402274,-2.8280020306766946
-2.803650258090015,-2.6882041957302336,-2.8125623083835176,-2.6900489163279664,-2.909646195670489,-2.8730252931928906,-2.868716553182129,-2.8909160767447153,-2.7399793252672056,-2.7601261744222083,-2.856068867777967,-2.856068855144219
-2.847767773855524,-2.7697789347641493,-2.8633559017646464,-2.7238932226434724,-2.9684318237264193,-2.943441201302731,-2.9161351670156765,-2.948435911123072,-2.749770264904523,-2.770093766614933,-2.8755866627407096,-2.8755866499329015
-2.9299266376208752,-2.8498523479037075,-2.9227681379047725,-2.757740248245552,-3.0207564178301127,-3.006156696244549,-2.9615714234768755,-2.9983756102108137,-2.76857296326474,-2.7880978691082885,-2.8981348164666088,-2.8981348038749593
-2.9484418277428857,-2.8421140795345545,-2.966153596815439,-2.781894723966338,-3.0322181075161185,-3.0405124775812604,-2.9719726832573077,-3.008993763709423,-2.7844375726236152,-2.8039063832140245,-2.914100051790137,-2.9141000393068683
-2.9470489844628434,-2.8745699117680945,-3.0080078062987816,-2.817078361776666,-3.0786463143933824,-3.082130229222554,-2.9981466133013197,-3.04408643931583,-2.8004850243587613,-2.81986778925725,-2.9355213129832154,-2.935521300389934
-2.8603295161610323,-2.7830434166267595,-2.981889644715624,-2.79662858686241,-2.8446834115284267,-2.944604894884705,-2.887845913014041,-2.922499388087985,-2.7677397996723636,-2.7908548200415555,-2.866143631948765,-2.866143619232659
-2.8847461888285446,-2.805185056037219,-3.004295803825376,-2.8321807917922306,-2.91314225597345,-2.9936770141050584,-2.9732125543436965,-2.988748960665002,-2.785157369702401,-2.807302412797916,-2.891761046352867,-2.8917610335080965
-2.841428862462586,-2.8082507007106354,-3.018199136570866,-2.8222340388399507,-2.9735010740916876,-2.9690914289727104,-2.949062209471113,-2.964343402209,-2.80082751516238,-2.820920971605227,-2.859825783702663,-2.859825773190366
-2.817966252468812,-2.765346879615258,-3.0333696796453005,-2.8358659282602945,-2.975621041739376,-2.9295143294259676,-2.9063593336992812,-2.919065749537727,-2.7950061487643185,-2.816256120118872,-2.8473103039778125,-2.8473102935183667
-2.833757220650637,-2.781905246883034,-3.024402030499382,-2.8373885465393065,-3.010844605660901,-2.9234707715542454,-2.899324355196955,-2.9308641497827024,-2.7734563812376543,-2.799129388227809,-2.8396633768125037,-2.8396633656962753
-2.8607994076726833,-2.7961385460224726,-3.021167421936114,-2.848046756624852,-3.0627077937290568,-2.9483212192737547,-2.9175254760269302,-2.9495437021348714,-2.791048593434364,-2.815575621694287,-2.8633231812398585,-2.8633231701201534
-2.8479256906730717,-2.795999386375395,-3.024161972681363,-2.8617241950386023,-3.0847781549675375,-2.983202404211842,-2.9326195394650982,-2.96115694296848,-2.809011073489876,-2.8324349832371505,-2.8891552429220213,-2.8891552318608476
-2.8941654428122576,-2.8353674445751964,-3.0414147744308764,-2.8915679930719063,-3.070368505118991,-3.0068998012405457,-2.9313617991852277,-2.9532296052398905,-2.8061485127723675,-2.8305449575490313,-2.8930354440967174,-2.893035432867415
-2.9038074079443486,-2.836621898944939,-3.066328571760576,-2.9255707144445324,-3.0977235021878475,-3.0604988762185505,-2.969128614680959,-2.9860477454328427,-2.824017089158874,-2.8473032151308266,-2.917806120752041,-2.917806109489481
-3.014352585004537,-2.9540484522286836,-3.0909338216030484,-2.9511518530979006,-3.106765478458048,-3.099099628051719,-2.994324003681304,-3.0115999627857315,-2.8404415579074684,-2.8627722751122158,-2.9373704523756716,-2.937370441352818
-3.0272034031869106,-2.956831178578968,-3.131539028340283,-2.995127845206926,-3.119034936866648,-3.139661693750101,-3.0196161807146025,-3.0418415524028464,-2.8548213825618314,-2.8761288367664477,-2.9571112379368976,-2.9571112271257105
-3.094546656554543,-3.002030172235072,-3.1420827435656205,-3.013196934539069,-3.110193320198943,-3.157177279157698,-3.0192537664049097,-3.0406080544796907,-2.871870296497111,-2.8923007281181414,-2.978265904768706,-2.9782658938558075
-3.1281853126611816,-3.041066384128137,-3.1521392531183037,-3.0335057517645208,-3.0651442437966967,-3.1652790977724328,-3.0285374998350005,-3.0261227882951314,-2.877860290017078,-2.892671579915518,-2.989741448630948,-2.989741437628289
-3.0230865624640515,-2.959744512607383,-3.0870080529903894,-2.9755797551218865,-2.9730838600361316,-3.0922962648034256,-2.9521590968794458,-2.974471096757986,-2.882169932966461,-2.896287777476448,-2.9518332470724093,-2.9518332371166203
-2.9756571735284196,-2.9246195316856607,-3.0593741849439815,-2.9575914863511916,-2.916017273091233,-3.059408813019399,-2.93290888381293,-2.9426403057579256,-2.8807996240379916,-2.885728240047273,-2.9573491034457726,-2.9573490932385846
-2.947886237231926,-2.927705363977937,-3.0592182310970926,-2.97699302016697,-2.9274091824529274,-3.0713603469612285,-2.9578076560187925,-2.9546581060312533,-2.89666605185434,-2.9012645964953436,-2.973577108737534,-2.9735770987548014
-3.010910179392385,-2.96250883002761,-3.057669382241287,-2.990531908881428,-2.9308234227499708,-3.0741085693588435,-2.959085314159316,-2.948179517570175,-2.903260561402787,-2.908004607559632,-2.976634095713196,-2.976634085802157
-3.0042560115396477,-2.9629700437980966,-3.070499026009896,-3.008457937148121,-2.9521596645546166,-3.0946201188822484,-2.9882114204376364,-2.963122811332201,-2.9162952770049753,-2.9208339429856394,-2.999612439384501,-2.9996124294326765
-2.9782941505475637,-2.9414667249051893,-3.0905540593984764,-3.03503925120604,-2.981612007621695,-3.1170355927164293,-3.0092937339841983,-2.981644504648724,-2.9301123823378346,-2.9346789537628903,-3.021445299860985,-3.021445289887849
-3.062847111430017,-3.001422838289453,-3.0887755424686776,-3.0293953712086092,-2.9460105210881413,-3.0971541349693648,-2.9759465177222317,-2.9595618451746617,-2.925540013097816,-2.9324277913047,-3.013313473954866,-3.0133134638079566
-3.03820217861643,-2.9626523482498044,-3.0952763669692613,-3.032834134647082,-2.942244182625079,-3.0858644479857196,-2.951095107797395,-2.9515653617351916,-2.910800571051819,-2.921149939909679,-3.0040035291450287,-3.0040035187463583
-2.9549488957150434,-2.872319677497372,-3.0633715801424666,-2.998196001433764,-2.96334839623269,-3.0212220696607544,-2.920080705259708,-2.9412309443854694,-2.923022722998617,-2.9324232672063513,-2.982909872691236,-2.9829098636490463
-2.992290065085538,-2.91368149360731,-3.075836126702251,-3.0017670228193434,-3.018674545766816,-3.0424604345912347,-2.941814298722922,-2.977166827830824,-2.9339576852809173,-2.9434081747276024,-3.005461951051441,-3.0054619418733064
-2.937468133239853,-2.9018961347758445,-3.045159725106255,-2.9843796260958557,-2.9731080970688173,-3.0238031223932196,-2.917690434717405,-2.9336263419890436,-2.9097746249088368,-2.927031017154931,-2.997181827173474,-2.9971818169787348
-2.944011169146678,-2.914525797102793,-3.0463492081347936,-2.9917888828509,-3.0081621083544126,-3.0644396514463166,-2.958108738710477,-2.95828177418331,-2.925672355592156,-2.942017622012352,-3.022798524851533,-3.0227985146358938
-1.8173488493030845,-2.8359211214302666,6.774957223659428,3.723946101727611,1.8198712654862375,9.780484611318974,0.5713340128177937,0.4045036807793081,0.281884444929148,1.767919128493432,9.052145300364579,9.05214427772999
-2.7559695894455625,-2.704292891890976,-2.8464131369013743,-2.806597746504589,-2.627942110704238,-2.719254672884644,-2.639224386414237,-2.660417199630876,-2.784964278409133,-2.801175449147988,-2.7947958892532694,-2.794795887740097
-2.6614439305014033,-2.6041470169908365,-2.739825497606991,-2.691867543975822,-2.549275601009045,-2.5942481275947644,-2.534991835979682,-2.545404072758231,-2.724133225424121,-2.7423900752490527,-2.713501883384142,-2.7135018821520287
-2.733096162284123,-2.6908412878592434,-2.7205662498361884,-2.6570306320556516,-2.6379727173836844,-2.548046382863773,-2.5521208699522004,-2.592058380436605,-2.7293895152511225,-2.748185111941562,-2.6863256894283,-2.6863256890929796
-2.664857508610395,-2.6446516289239073,-2.655099366017544,-2.5849270367093644,-2.5151558685262434,-2.460921509664255,-2.454420783209974,-2.456245145057496,-2.6484811655544926,-2.6740829199857643,-2.621098533594471,-2.621098532583355
-2.7043939973672853,-2.671179525424547,-2.6467781343554004,-2.5788910644709433,-2.6065683180902526,-2.4805685274605485,-2.4962444770385623,-2.5124883981082964,-2.633498114847227,-2.6613553358714936,-2.62072387185582,-2.6207238703627596
-2.5761605905145593,-2.5573043229181565,-2.601724503579451,-2.5266922368552427,-2.498514212979711,-2.3983778975527126,-2.412870057868221,-2.404052879196918,-2.5754060935706873,-2.6048380617615168,-2.5594784662763628,-2.559478464782292
-2.653950466729458,-2.6107380362912616,-2.596595002463327,-2.5214436435519834,-2.581927620801026,-2.4179470819906905,-2.45814254110684,-2.4624166908430856,-2.572284474587793,-2.6032723157911155,-2.567009575249452,-2.567009573547325
-2.7485234302594286,-2.6900917183622313,-2.6299272314792543,-2.5503770709161433,-2.6748552306667346,-2.444416869659287,-2.505084951455066,-2.503873436540941,-2.551752868644368,-2.583255346140402,-2.5535577132174216,-2.5535577113133527
-2.7222324221643026,-2.620687025165151,-2.630273279976607,-2.5503030617073894,-2.7140774994724386,-2.451678428403572,-2.519731830711218,-2.534344097876901,-2.5587483831601356,-2.590490563084156,-2.5533521339737475,-2.5533521321300134
-2.669569497913851,-2.568846099323064,-2.635659496083812,-2.5438414502683195,-2.785005884968104,-2.466782668860018,-2.5470523655085193,-2.564636220937779,-2.5707813592169777,-2.601081420828411,-2.5661288981622445,-2.5661288964909295
-2.6793479786301826,-2.608842781955979,-2.653903225152014,-2.559055249913759,-2.8614227285463536,-2.519180289158739,-2.6051399792562018,-2.6312117853609824,-2.5909949721170458,-2.620766879360249,-2.593106000354829,-2.5931059986877716
-2.7892738705077798,-2.6747458638698207,-2.700810274854221,-2.6001209454011547,-2.84382644696585,-2.5358172119011178,-2.61219532195814,-2.5836546013760984,-2.5468468938558013,-2.5786450704550736,-2.5446799973514316,-2.5446799954201476
-2.7849108285944597,-2.721034584512412,-2.7406785406273624,-2.6362462724514484,-2.9357874362669434,-2.5837454241938946,-2.6901496168204755,-2.650380885032286,-2.565253156357592,-2.5966351741174982,-2.5717460812193416,-2.571746079293186
-2.7907985211029813,-2.6989443141853604,-2.7815587044099406,-2.675902156007536,-3.0144644564013396,-2.6458525888912776,-2.7793972710586665,-2.7272943944364583,-2.5856282346572206,-2.616297186787099,-2.5988450402983427,-2.598845038235658
-2.7953245938864235,-2.740409346457459,-2.824393244111399,-2.7219438102014863,-3.0747878082515734,-2.712439792080377,-2.8504525346009766,-2.7979322799886788,-2.605107117487416,-2.6353289364766948,-2.625106620992268,-2.6251066189748418
-2.8090325006190966,-2.7616337621369453,-2.8559907704765544,-2.757200983276299,-3.1019614836490894,-2.7730088770247,-2.8911443200661724,-2.8566215235406287,-2.6262406817796906,-2.65561615498898,-2.643028996106247,-2.643028994169402
-2.8182388214157674,-2.8007173342395104,-2.89051455226199,-2.7914618023372118,-3.164198388700117,-2.8070996614039996,-2.904963967890786,-2.9084457076527817,-2.643447688862561,-2.6727763706447654,-2.6380614955465282,-2.638061494461562
-2.809036173902744,-2.7946204262158414,-2.9101946093461053,-2.806662615222134,-3.117513355497567,-2.802482463677436,-2.87553524522827,-2.896284178866432,-2.6529178851721746,-2.681130207558701,-2.6494073338991027,-2.6494073329544077
-2.8223479465631014,-2.8041339523044586,-2.919210667760566,-2.8233193794211653,-3.1064686934843366,-2.837739449545074,-2.878130978474659,-2.9133022120492136,-2.6678417767860747,-2.695581732714434,-2.6727087938969003,-2.6727087929154063
-2.8976979025501883,-2.886920083445249,-2.94154895507788,-2.8555704223533476,-3.132911750762592,-2.904827897807041,-2.913600488165261,-2.956440724819284,-2.6881278045062684,-2.7151272661026926,-2.7028217943382673,-2.702821793318402
-2.907191621835169,-2.887969250963253,-2.9688772160573365,-2.867297822709831,-3.077403111562838,-2.8921342074327008,-2.889583171862271,-2.9173349522089027,-2.6904127214467617,-2.7169109748528255,-2.690189961287666,-2.690189960759116
-2.876402892092569,-2.853008702682876,-2.992487542591042,-2.8803868576411245,-3.092485130912738,-2.9083332624243052,-2.8993753457120093,-2.9538450488627905,-2.703211775476776,-2.730004756766166,-2.7124201941672603,-2.7124201934987546
-2.917599207367276,-2.8790881859841515,-3.018009323528596,-2.8987191087895443,-3.116692860736093,-2.942604316172031,-2.915022471236451,-2.9838414588528246,-2.7222923542085296,-2.748460261217784,-2.737170178725189,-2.7371701780715494
-2.9415763502696946,-2.890077359194164,-3.03995324030953,-2.9054430923711894,-3.1176337697088368,-2.956354609484426,-2.922244182341987,-3.0230341794735196,-2.7355029694346698,-2.762352198195944,-2.7569133722810535,-2.7569133712335363
-3.014287493259446,-2.93730232708045,-3.0809871504689927,-2.9363171031238586,-3.1422923265429707,-2.988983207519652,-2.9341920577637817,-3.0453208505330727,-2.7488196638279474,-2.774435284683327,-2.77328696856454,-2.773286967616751
-3.0122521169006893,-2.928071035447273,-3.1131751236340115,-2.9572600889527068,-3.146873747897382,-3.001386180415239,-2.938286097942248,-3.0588545921869628,-2.764251617307563,-2.789352294072768,-2.7847821996348885,-2.784782199003427
-3.022348495704087,-2.932128827724163,-3.1386573982093147,-2.9785632964601665,-3.1656072221986777,-3.032804355160269,-2.9527416534561377,-3.0841613694252734,-2.7824910494940602,-2.8070188861755225,-2.812548537563981,-2.81254853687053
-3.0548940627077954,-2.9700746459162612,-3.1692968446279193,-3.010732348593699,-3.1618042495852676,-3.0652804030820295,-2.973057318230588,-3.1064799612568716,-2.800519450726344,-2.8246476838810635,-2.834361316633378,-2.8343613160804377
-3.029954352572414,-2.95372022187079,-3.1702193545682515,-3.022831037521466,-3.0541464494679014,-3.0599957494731047,-2.9558404995141006,-3.047183188971351,-2.7950933079957947,-2.820440203065849,-2.838004693658765,-2.83800469269472
-3.107227903842422,-3.0385574146400254,-3.2016735535990044,-3.071268700692409,-3.0927664451767956,-3.126350607091161,-3.009814358927911,-3.0754214678649725,-2.812116012549729,-2.836724506152855,-2.864355138811439,-2.8643551377517444
-3.0871325917290724,-3.0216720853912116,-2.1118757676583586,-3.1027657527707633,-3.10957799660116,-3.1563485869795476,-3.0355926837110205,-3.089528431614455,-2.828271856009812,-2.8523571428800967,-2.8810911795220733,-2.8810911786514817
-3.0946405703603195,-3.0684846537781447,-3.107159395911583,-3.0326014602794182,-2.8413308811144256,-3.001685433116398,-2.8603668039679038,-2.8867722812923917,-2.7676348352219975,-2.798168455804544,-2.821581246291527,-2.8215812439479424
-2.9466182627030477,-2.9486211744081645,-3.051154050353425,-2.9888823924339345,-2.868912322410922,-3.0124655628576344,-2.8776844560130623,-2.912949247746308,-2.784947832665208,-2.815277667214919,-2.832892510405622,-2.8328925085486487
-2.911794094254024,-2.9511922420788514,-3.03352156669803,-2.9720748434988393,-2.857545703940035,-2.9861663457248766,-2.871514032882758,-2.9000477423587823,-2.7552517772694265,-2.7896792945868105,-2.805463576007516,-2.8054635731679403
-2.8612439754682906,-2.880431542484012,-3.010717897659171,-2.94220013812345,-2.927276368178647,-2.9870543259277733,-2.894651418217806,-2.942980463060854,-2.7757516923426024,-2.8092437788036806,-2.810875689999138,-2.810875687875429
-2.885995173068246,-2.8785983877436916,-3.0186337971750037,-2.9253656313978498,-2.9391246170492087,-2.9419372878061267,-2.87164730940588,-2.9081559763957836,-2.7771152869361804,-2.8102850147551797,-2.7905675006197828,-2.7905674992425693
-2.80568900965172,-2.7530510778667336,-2.9222894652705116,-2.8176344556565027,-2.7023473064185355,-2.773549010936473,-2.6961327005962854,-2.650252567058681,-2.6906286131780375,-2.7280289138811202,-2.708736438532664,-2.7087364361892483
-2.74367602691295,-2.6870918202342926,-2.868638539646947,-2.776948879369007,-2.7304091592520536,-2.778222780226657,-2.7036605502184194,-2.6711472607579974,-2.6889900960714077,-2.7267384502132277,-2.7130831539482374,-2.7130831514799434
-2.706324960269776,-2.6559327114303417,-2.8503978959953034,-2.7700429158929283,-2.783599177921595,-2.7959009724671495,-2.7248308398900294,-2.7230795636948604,-2.7045288498009845,-2.7413353644073757,-2.735363043426341,-2.735363040974608
-2.8066004546029,-2.7655858133345044,-2.862524647421131,-2.7949943128487544,-2.8278665959341587,-2.8072096096323467,-2.747959655867289,-2.730949847486629,-2.6647894007782735,-2.703732654997041,-2.703493539936299,-2.7034935367754307
-2.8455789513361753,-2.790504462261546,-2.883864006977762,-2.8228803836998186,-2.8894924612245907,-2.8283585762192724,-2.7969989661279664,-2.770981711019555,-2.664107598119313,-2.7037810835572396,-2.707179859643469,-2.7071798563385
-2.8732138860447836,-2.796521357580123,-2.907350803228986,-2.850488241838893,-2.974267919283483,-2.877240467270685,-2.864318349952528,-2.8380697817888665,-2.68737716265961,-2.7260196899140237,-2.7385045914813935,-2.7385045882241523
-2.8274663096368418,-2.747793536478306,-2.904428863232046,-2.848658518676746,-2.9266555707439568,-2.872754791027658,-2.8693930087584203,-2.8378630166113403,-2.6928725247216123,-2.7313534906109656,-2.7420429177726575,-2.7420429145438057
-2.831599733744328,-2.7555909075487532,-2.895687728573778,-2.8448155332398857,-2.9088349169677294,-2.894805386825603,-2.8932957027123525,-2.859947394199364,-2.700349891172033,-2.731870918785428,-2.7572037527108013,-2.757203749285251
-2.854649580465314,-2.771248650769372,-2.918507631540562,-2.85923693207539,-2.9395061378960916,-2.9185261661374615,-2.934768334121719,-2.900074048040079,-2.7188753853163505,-2.74960204040792,-2.773860446294175,-2.773860443212071
-2.835915264114333,-2.7912009637725723,-2.9620279585700997,-2.899992650116807,-2.9703296360006064,-2.950020278700019,-2.976116843672593,-2.9459468670159454,-2.7289383527554367,-2.7598156796041957,-2.7916060980914437,-2.791606094916997
-2.948255163009589,-2.910952957032168,-3.010055244437787,-2.936400330826041,-3.028935593292774,-2.998322577472281,-3.023170172165855,-2.9880793213337564,-2.7502081653942807,-2.7800797044519685,-2.8168396698997404,-2.8168396668476636
-2.993704644613793,-2.966128736696244,-3.0629637984832225,-2.9830822012065874,-3.0764345716347266,-3.051992474372198,-3.0597332068623215,-3.037150773696517,-2.751171359892483,-2.7820326351678037,-2.8235406358534925,-2.8235406325117225
-3.041649140223535,-2.967714842372171,-3.131162093936375,-3.0432607268873477,-3.1150236891618777,-3.0871463427385026,-3.0934245899095663,-3.0962536960973477,-2.7660813090073693,-2.7960912432920515,-2.8344928564479672,-2.8344928534352176
-3.081158434079952,-3.02874042335786,-3.1668757808662336,-3.0797017132213345,-3.1261319654218576,-3.1041014355433827,-3.0923579012275004,-3.1152022445242395,-2.7832539797226654,-2.8131332204033326,-2.856171941345688,-2.8561719383002853
-3.096932827209141,-3.081811127429063,-3.1982574579928,-3.115743027189181,-3.1502116961488933,-3.1402987845754233,-3.103362126205287,-3.139359104100505,-2.8013612655358413,-2.8306292342443964,-2.8820017480106626,-2.8820017449944264
-3.152989591229614,-3.1145627991662006,-3.216940110152728,-3.1476963576006907,-3.1662109453326956,-3.1701500382225656,-3.1166536149428214,-3.1371622753015336,-2.819931356251967,-2.848811144397926,-2.9019258200368654,-2.901925817027284
-3.187947600686193,-3.158924973041719,-3.240898447515007,-3.186712220318228,-3.1888916861671315,-3.2000431237048597,-3.1199717118316324,-3.1312090400642703,-2.8381605974223585,-2.8662826982522374,-2.9212015477933675,-2.92120154483558
-3.154861697818562,-3.1093319971191917,-3.260740393118745,-3.2045067619214342,-3.150535212252685,-3.154856392021612,-3.0667424567705015,-3.1006983184274777,-2.8513856570087404,-2.8788111367588893,-2.9024561409234884,-2.9024561394548325
-3.1740246514888923,-3.1302505979873665,-1.8673235499636078,-3.2157930517842988,-3.181233826233914,-3.166198581473958,-3.075561651720969,-3.144537637617987,-2.865689893448744,-2.893453504832835,-2.923091314848723,-2.923091313245923
-3.038276414126047,-3.001842071701179,-3.2110424970984877,-3.153954830372772,-2.936563390599568,-3.0188234743305418,-2.960590591967084,-2.959931300675337,-2.8124388728860366,-2.843696967574064,-2.8561696301689663,-2.8561696279585735
-2.966713048917769,-2.933898988601923,-3.1667780490136788,-3.1212600306232874,-2.9240875773495323,-3.0072267188858377,-2.9757382977906186,-2.9386950259002926,-2.807235786522491,-2.8394087707861377,-2.8589533089171266,-2.858953306480135
-3.0417023881573377,-2.980942332766031,-3.1516038697302555,-3.1156801136314947,-3.009338581170601,-3.0357000826559455,-3.033387792137221,-2.9926677150672507,-2.8227981849697206,-2.8551132058588156,-2.873711101883733,-2.873711099702657
-3.040989006276497,-2.992933421760936,-3.1692845379089984,-3.137655234297691,-3.040885036941834,-3.0528171529060684,-3.0618911059783835,-3.044984535836672,-2.7979869710903245,-2.831746361566389,-2.8545233406494743,-2.854523338116517
-3.0846884397121634,-2.9926304197293634,-3.1839769490485432,-3.148856164477957,-3.122546512219648,-3.103604778938246,-3.116384480137204,-3.093424145163123,-2.8196434801595687,-2.8525538645328763,-2.88561436879164,-2.8856143662800147
-3.227579231689276,-3.1078374680397403,-3.2044913404315345,-3.1665227702764427,-3.1765373339894554,-3.1491402754096898,-3.164993718162816,-3.1403029590307785,-2.8409881331253466,-2.8731024110167134,-2.915981316995061,-2.915981314503021
-3.1814404547829658,-3.0642851082065437,-3.23496575684343,-3.1932905613194986,-3.1798557276187807,-3.161176496513514,-3.1487882673981638,-3.1357159373933516,-2.8456335935954127,-2.876755921700494,-2.9125931109594947,-2.9125931088214307
-3.2096225224838153,-3.0589638144098146,-3.24106590912095,-3.1896656401338763,-3.158292642293787,-3.1386103386443485,-3.1397836890303896,-3.131257374660219,-2.8532846675877592,-2.8834214014519244,-2.9145340581898473,-2.91453405622245
-3.2290748046796036,-3.090228224127986,-3.2613524835251977,-3.2116723063107457,-3.2004440286247786,-3.1612691972896303,-3.1725264509435993,-3.161149526233237,-2.8731611944576887,-2.902574861746944,-2.9374856453842377,-2.9374856436171823
-3.2876678968775477,-3.127280918412106,-3.28138639678094,-3.230375057286859,-3.190698192780048,-3.1449369520884662,-3.181586944549994,-3.1859074802637997,-2.8903446880050723,-2.9193468684600656,-2.9351709433113924,-2.93517094213678
-3.2397874436863985,-3.1153385307455688,-3.286658797188009,-3.2492022196452277,-3.144821678182696,-3.1265801908337325,-3.1520162884472134,-3.1949998378299407,-2.860405211486746,-2.8920929374740183,-2.910783252042963,-2.9107832503063027
-3.252845224266372,-3.139168068339293,-3.2809375166170627,-3.2443357011420186,-3.157743579200968,-3.133089813656091,-3.172365103402085,-3.197946045369053,-2.871016277084479,-2.902146244333759,-2.928019520857775,-2.9280195190843736
-3.202292023967792,-3.0960116253567995,-3.2654668685523616,-3.236362814613721,-3.205342937929346,-3.1283627164944754,-3.164154032037276,-3.2297418584236226,-2.890597440930659,-2.9211736685564587,-2.9246547627960116,-2.924654762124561
-3.2243215199738486,-3.1213904487873907,-3.271049920223251,-3.248218450765702,-3.22345350876513,-3.1442292999655987,-3.1522418378481687,-3.245531315274023,-2.9015815199070434,-2.9318598052659466,-2.9416088731649648,-2.9416088723587763
-3.221752826130207,-3.1307920809142677,-3.2658714741214934,-3.2459573496942777,-3.1383986580133993,-3.134128187219875,-3.133050375964401,-3.2043915258599833,-2.899025472566479,-2.9292664672130586,-2.9514733340006365,-2.951473332519888
-3.1933515977985594,-3.1236922679602053,-3.2758345176058454,-3.2653651023386576,-3.1841149270430216,-3.1711739383938147,-3.1562142046763215,-3.2121111099739306,-2.9170894044389177,-2.9465159937597987,-2.9693550884292383,-2.9693550871055763
-3.25543229796226,-3.1740985313060293,-3.2795920105178293,-3.260195968296513,-3.171811217734278,-3.143213706486336,-3.1346782036729284,-3.2126649266282397,-2.9363980790213233,-2.9648335971633646,-2.958236925014561,-2.958236925169574
-3.1495615182180003,-3.1048169351800103,-3.259846535509447,-3.239731426479109,-3.112406142161472,-3.1030621631244517,-3.099254426580558,-3.1599479728758846,-2.9353610971739164,-2.964513049097666,-2.9657703639217945,-2.9657703638376836
-3.1811365114922885,-3.1314692047039525,-3.2525349692014682,-3.236874481790608,-3.1296299137475203,-3.1227857846915485,-3.1088242412937808,-3.159995297721167,-2.9529640096121317,-2.9815088611083747,-2.9936124998745854,-2.9936124996990374
-3.226704884326828,-3.16854701883487,-3.2704802733191656,-3.253535632496044,-3.133880058200049,-3.130658205557155,-3.1270887153005553,-3.1803599469522985,-2.9686003956273215,-2.996693998993131,-3.0003743088364367,-3.0003743090720034
-3.186314436562079,-3.141782786615155,-3.269977960013179,-3.2550672293261043,-3.146611858433075,-3.1335063655071194,-3.1259569207456304,-3.1887453974302993,-2.9864666132542195,-3.014032599752009,-3.0079816115501408,-3.007981612406679
-3.1927112947566147,-3.1247432248150737,-3.240580619753592,-3.2113916155002724,-3.013583598085066,-3.0397625375809567,-3.014176652540751,-3.051109753376843,-2.927293379288966,-2.9592296308332386,-2.9260628562828184,-2.926062856866423
-3.1337062748089095,-3.0630591951096324,-3.215944667320896,-3.172821488535468,-3.0856201470190947,-3.045921077808542,-3.0386007482237796,-3.120895430770153,-2.944838893936486,-2.9764505396699974,-2.944774647185979,-2.944774647880737
-3.1320142037298813,-3.039034877992647,-3.214447830721621,-3.15557839400902,-3.1246379846394663,-3.0655109564475524,-3.0582068362584467,-3.1572914522096562,-2.9615681656625297,-2.992568276185926,-2.9662184660947593,-2.9662184668291043
-3.098786594060531,-3.012087218873625,-3.2004439686211104,-3.131584401714279,-3.077080491066545,-3.0513984502504856,-3.0031550259929256,-3.1136000470451135,-2.932556572683695,-2.9656180254020748,-2.9373407009206627,-2.937340701073367
-3.0952362775630333,-3.014310255108118,-3.166580309852595,-3.0876241036195133,-3.070303249994411,-3.037068235613825,-2.9658380343111674,-3.067366141435965,-2.9356737145761667,-2.967628349079261,-2.9253258726118476,-2.9253258731751925
-3.048212405676085,-2.984324732254847,-3.1494684027951916,-3.063646696014386,-3.0922945756751297,-3.0420881336324688,-2.9525468105532573,-3.0786472857691565,-2.9441301456050173,-2.976416917515329,-2.9402246017414924,-2.9402246020661993
-3.014649299021124,-2.9697177405395276,-3.1613268046808196,-3.072211493059698,-3.076516128012214,-3.05521783268515,-2.958421458414306,-3.0727590804806626,-2.9515891964667795,-2.983480501147623,-2.9557333583865435,-2.9557333585093835
-3.043850595224115,-2.9796918894860944,-3.1792152528681736,-3.0939305471591814,-3.116400611786714,-3.089711471454304,-2.97925932297358,-3.1045970323687238,-2.9655130360800728,-2.997074532374387,-2.972486613865826,-2.9724866141915065
-3.0174443995535456,-2.9564444232535503,-3.16761127454889,-3.0781636355243625,-3.0708876479430334,-3.014651755473972,-2.9329876640291292,-3.0725819685885685,-2.967456119091575,-2.997069762203479,-2.9420855132230064,-2.9420855146869114
-3.0116448945825396,-2.9627015470158238,-3.1387755867211995,-3.0540529142597994,-3.0605545886834875,-2.9677509725800366,-2.9145797991138895,-3.0663892889625135,-2.9743481276240593,-3.00297152211637,-2.9270564933406282,-2.927056495447158
-2.980506900242361,-2.944723737067954,-3.145746358269112,-3.0482044297064324,-3.109311251296643,-2.981644150168898,-2.9575593633651884,-3.095006862307496,-3.0122750945539667,-3.0528311170223934,-2.986208279851916,-2.9862082747140093
-2.9768399263366643,-2.950835344676468,-3.1468654494007056,-3.052798548068801,-3.1030050578701305,-2.9996631117811563,-2.9847488957766672,-3.1117690707395114,-3.0213367822282624,-3.0617335874636753,-3.0058818235100575,-3.005881818085436
-2.9788076249968465,-2.94006260785832,-3.1533815384937705,-3.0592700927501717,-3.1208461121550215,-3.020408353203045,-3.005506579991838,-3.154056237168572,-3.0266300071604255,-3.0683217065680664,-3.024174843749399,-3.0241748379995195
-3.013192463320329,-2.981723601155532,-3.153361241461657,-3.0665657426951163,-3.0987771212529234,-3.044136872611252,-3.0247994018959186,-3.1678528369840837,-3.033844608583591,-3.0750608537493775,-3.0393433446062077,-3.0393433386256783
-3.0375341612682383,-2.977427493051944,-3.1516987298425096,-3.047724829061306,-3.034151185635003,-3.0216348556953925,-2.9799585195844775,-3.095275554465862,-3.017708491517096,-3.05872271968978,-3.0054056511113623,-3.0054056453049096
-3.0032653950467343,-2.954059655347064,-3.1577393373248794,-3.050832603836015,-3.0726753251352212,-3.059321018585353,-3.001235618426638,-3.1228812079882733,-3.031826389301538,-3.0727130099359927,-3.0272927312369533,-3.0272927254069995
-3.0395293469337106,-2.996894395194049,-3.1778369528615382,-3.070484814766629,-3.1050912976352683,-3.1073934418292803,-3.0184052107489636,-3.154670788401771,-3.0336652573845946,-3.0748231124579517,-3.0426777177152755,-3.0426777115975256
-3.082644403344091,-3.0160088110416003,-3.1992473965724426,-3.0876864449150396,-3.111738256701514,-3.140018697350755,-3.0128691046010694,-3.1803966149079006,-3.027134732478813,-3.0692383459055965,-3.0474244071861762,-3.0474244005984152
-3.0963143822551835,-3.0267097262485056,-3.2030894697659282,-3.0914087832230472,-3.0827300339286254,-3.152155290365179,-3.016208109077691,-3.158743610315861,-3.0237740400205575,-3.0658958325447885,-3.050670371376226,-3.050670364515464
-3.072074527732654,-3.0168912687075076,-3.1732235495701646,-3.0410569249477746,-2.9714890839438484,-3.0512387375813628,-2.9124553151935535,-3.000172081901492,-2.9597069323667706,-3.0025969615965358,-2.9494051024264967,-2.949405095815171
-2.9856707748918216,-2.9383642572316386,-3.1574702670988986,-3.017995319285741,-3.0383763739975924,-3.049545628308416,-2.9335110371370625,-3.040372030434324,-2.9747885327199715,-3.0165878227919634,-2.9689139576274752,-2.968913951177976
-2.9651033397078805,-2.906655179040689,-3.1659828532164225,-3.0254992799025255,-3.09240172211104,-3.0682219570749,-2.9561076347726747,-3.071729290254256,-2.988279876804662,-3.0294313853724035,-2.992258775058957,-2.992258768487791
-2.9729352345066635,-2.923568155342388,-3.178760261256861,-3.0328463696108416,-3.1096383421911304,-3.06649246544396,-2.948192870155909,-3.067561101794041,-2.990909616297292,-3.03043273499473,-2.9868186401406547,-2.9868186338989373
-2.9912974775254013,-2.935230717555871,-3.1591250031847333,-3.0200699999614478,-3.103174739105145,-3.0674068533343113,-2.951393136670035,-3.05927115810601,-2.9993573780185967,-3.039336189880686,-3.0002270149691515,-3.000227008974933
-3.0014009163366255,-2.937576539464424,-3.128976042910232,-2.9962081213729967,-3.0002528776789683,-3.01218328870807,-2.8866390316799837,-2.971742186768096,-2.9537893554877854,-2.996455560777124,-2.951622885009981,-2.951622878245285
-2.9201894896156624,-2.871092013589822,-3.084302544253134,-2.957688931131222,-2.9082447409005647,-2.9135320334319146,-2.8282094418384505,-2.894360119726577,-2.9332124981615313,-2.9766133658308545,-2.9113112181889127,-2.9113112118858906
-2.9444068777806187,-2.8904031333865117,-3.0884252853358154,-2.9698669683186023,-2.966460656356057,-2.934973675891289,-2.868841532268169,-2.934177664492095,-2.9477529888461973,-2.9902935994252937,-2.935023501486062,-2.9350234951313143
-2.9325534417886066,-2.8781993307903444,-3.085787690099139,-2.97940351623814,-2.979639517764694,-2.9550824508533635,-2.8862487234981873,-2.9502573891230366,-2.956744922381982,-2.999140436757572,-2.9490907609916492,-2.949090754562663
-2.987914466699538,-2.9440668913485304,-3.0936369830522974,-3.0000248680438104,-3.0253557215212474,-2.9990150477708135,-2.9095894204669563,-2.978512185461269,-2.9719915471041007,-3.013612117358708,-2.970958259185437,-2.9709582527274954
-3.0612987856256653,-2.987114498269209,-3.1068179851029902,-3.0058189530678594,-3.0410451647476386,-3.016503404059407,-2.921537907454513,-2.9953643851014418,-2.9828165207040924,-3.023782710774697,-2.976805238481036,-2.9768052323140313
-3.0635290186073476,-2.9794882790854316,-3.1151021605073943,-3.0030497065621216,-3.0179938174536414,-3.003062783354811,-2.901075183708638,-2.982077378167814,-2.9724995181238576,-3.014173803427079,-2.967020611177935,-2.967020604781691
-3.084746194342156,-3.006020302401731,-3.1348157050264396,-3.01673173383065,-3.0650951598376803,-3.036473902482096,-2.92679433787729,-3.0262177222859954,-2.9866201838527617,-3.027601238184645,-2.991251200930718,-2.9912511944233335
-3.07149785454686,-3.000596057781131,-3.134711469221097,-3.01661801855597,-3.070776640822369,-3.0563521871391837,-2.9373601908504305,-3.0370452446772713,-2.999633143040476,-3.0404430220326257,-3.007021206653079,-3.0070212003513035
-3.0801380936070757,-3.01731767359856,-3.1370358391457263,-3.0241395007182077,-3.069135022074808,-3.074021215027078,-2.945363216651657,-3.045535742961654,-3.0138255717992783,-3.054175313697464,-3.0236274828171337,-3.0236274766980236
-3.1256683975934605,-3.0643463354784033,-3.1521416944136043,-3.0504301893206147,-3.0726564370019167,-3.095994547214751,-2.947798863191176,-3.0418112742611676,-3.022080702604932,-3.0614986797940937,-3.034978903527073,-3.034978897285557
-3.1381385190725375,-3.071064362126946,-3.164703099776439,-3.0749818376270732,-3.0824760404521667,-3.1073264139491124,-2.9493693987926286,-3.0403312881934816,-3.0315511226671163,-3.0704757238413705,-3.045767019695862,-3.0457670135037214
-3.1155432954807982,-3.043711551800494,-3.1688045542845154,-3.0745705274481656,-3.056881741802059,-3.0860580856423003,-2.9253015399204836,-3.0206226456711653,-3.012782656996061,-3.0542062837495125,-3.0256374309976612,-3.0256374244820914
-3.1675297958650113,-3.084842769163065,-3.1759266375385553,-3.083501918237358,-3.098528655648595,-3.1150552851145403,-2.9473366197714284,-3.047356019085646,-3.0252901418725906,-3.066161440002199,-3.049949719442466,-3.0499497127111104
-3.0420981769280226,-2.9641864100156643,-3.144445244175177,-3.047485685918949,-2.9824229974970327,-2.997951392702934,-2.8822332704868416,-2.9636455375978352,-2.9925781465881807,-3.032926691245306,-2.988367846365726,-2.9883678397753526
-2.9958013658559124,-2.9307374574906464,-3.132022459473463,-3.0406469696763883,-3.045169954882465,-3.0155745916362755,-2.9076701721078138,-2.9810053455867815,-3.006551411482779,-3.046002941668188,-3.007256658722083,-3.0072566521610438
-3.0102866321609403,-2.946122141510309,-3.1463666853670516,-3.0686619107132835,-3.1138082876002167,-3.0619386384231984,-2.9525301650570572,-3.0177513847489577,-3.0172310571889795,-3.0562259827126654,-3.0309929264267903,-3.030992919666679
-2.990551594815793,-2.9397934755358777,-3.159757657952991,-3.089727340754265,-3.166158818156939,-3.1052480167207492,-2.9944852419866224,-3.0534118881690877,-3.031320028734123,-3.0695422509860197,-3.053684729859711,-3.0536847230107864
-2.991385488977248,-2.9267678845715617,-3.1417990872947983,-3.0710093618396326,-3.165515042886903,-3.0750816712095053,-2.9871663255414846,-3.0726968113475586,-3.0430074412800066,-3.079841973557364,-3.0446085204914004,-3.044608514519713
-3.0047918064512036,-2.9572420952746317,-3.155243362960515,-3.0865733305162766,-3.2145302088020076,-3.1049689023400133,-3.0189383505703478,-3.119758842746849,-3.0553027460460345,-3.0917289112787465,-3.0694197214643704,-3.069419715237716
-2.987262319706192,-2.9440539877669014,-3.1747630605499,-3.1121680286992945,-3.255992694471912,-3.141185971241849,-3.044634179523797,-3.155032785435907,-3.0685279858445433,-3.1043188413444858,-3.085266337112908,-3.0852663310034316
-3.068978751622982,-3.0161752191312066,-3.1931222506292594,-3.126878447938288,-3.189855276991252,-3.1301312336981395,-3.0043669854858424,-3.1475486286093863,-3.0313423198322202,-3.0708396944627685,-3.056565817686151,-3.056565810555284
-3.0456687033222507,-2.9789545271882716,-3.2010254386668353,-3.1196008103285666,-3.1638858955282743,-3.1128661624586234,-2.965520718426969,-3.114643583222758,-3.013335888684526,-3.052904334245762,-3.0320870097856862,-3.032087002480183
-3.067211579638637,-2.9940477161140775,-3.206081109429275,-3.119411518182757,-3.2140510749593707,-3.138341847608437,-2.976728971026489,-3.1227232787980705,-3.0266727435308294,-3.065204376566108,-3.0541786495340704,-3.0541786420984893
-3.1254061405990563,-3.050159310268437,-3.214134107904267,-3.132577301584826,-3.2297240334546906,-3.1695667100941542,-3.0014539978427814,-3.11778224386705,-3.0324061578779045,-3.070866686008251,-3.0723902699553682,-3.0723902622250594
-3.0858918219078992,-3.0186867785121776,-3.2355763017483716,-3.162644135478984,-3.278549539814752,-3.2183334165649855,-3.040628788279389,-3.137804511165523,-3.0460160872773274,-3.0837408292979873,-3.0972070700748078,-3.0972070621829384
-3.2157157955024034,-3.106961438224215,-3.262094598084721,-3.193064910766547,-3.2994543532018827,-3.251371297476282,-3.0651121244919484,-3.175743455308324,-3.0533240290340244,-3.091184493706203,-3.1153593032061395,-3.1153592950738034
-3.2184942777141146,-3.1351015350380704,-3.280088764196915,-3.2201913408020992,-3.325411164180732,-3.281215796553749,-3.084561872988461,-3.1901287129618408,-3.066720160068016,-3.1040845677812383,-3.132422200499721,-3.132422192353824
-3.2607919670231653,-3.1783606038058756,-3.3001687930837726,-3.248898030705174,-3.355206263296462,-3.320594673621014,-3.124047137128746,-3.2082569443557096,-3.079587565821813,-3.1163972753488465,-3.1556510949478263,-3.1556510866097134
-3.2913004745296806,-3.202905364684389,-3.3224590690927656,-3.276925301816876,-3.3491334352231084,-3.3382378036138154,-3.139265840909474,-3.2512366761217955,-3.0653386787742596,-3.1045941382263127,-3.1543638037784696,-3.1543637947293925
-3.2780054097165148,-3.1912303804659077,-3.325414916816037,-3.2841352135292947,-3.3539808932356667,-3.339550459827189,-3.1319419725677133,-3.2258829020828896,-3.0787420944039288,-3.1173369283237697,-3.1679326685912343,-3.1679326593662447
-3.357021428850555,-3.2631241354277525,-3.331106292821873,-3.29586924071057,-3.3732534139313994,-3.353432574233835,-3.1390060141794613,-3.220596647686887,-3.0926751240968717,-3.1307076062553434,-3.1916355554186775,-3.191635546037218
-3.30614746772443,-3.2014937479874823,-3.335637968089053,-3.3048980067819067,-3.362824445491433,-3.3545629980575016,-3.1346396974957305,-3.2111503912629176,-3.1022597958024174,-3.1398349894799233,-3.2023242597170336,-3.2023242503778384
-3.3219380431885845,-3.2591431723541344,-3.320612095708054,-3.2992602439420415,-3.3417512990388394,-3.3501075253298573,-3.128488833628874,-3.179704503441187,-3.1076979769341277,-3.145304938974276,-3.2194034960631557,-3.2194034864438796
-3.174382658993296,-3.13270950861284,-3.2783925942275745,-3.264028869180039,-3.247916963773806,-3.291613340227988,-3.0477857458588646,-3.1179711547752715,-3.1627923446044743,-3.1701516218813146,-3.176279012910364,-3.176279007949414
-3.1891617171459083,-3.1349139005339053,-3.2458762114673405,-3.237581885321402,-3.2603210591068907,-3.2656951696398253,-3.0506679095062914,-3.102432890883078,-3.170705118944209,-3.177736348099907,-3.1904201879039564,-3.1904201828317182
-3.1206120551536447,-3.092272782793837,-3.223833837953687,-3.2107712612781945,-3.198228635724021,-3.204420954849876,-2.99221469484898,-3.0487819736597963,-3.1433288425641885,-3.152335029091712,-3.1487722931103717,-3.1487722881088187
-3.1608797490565177,-3.131568328401707,-3.1989719889846526,-3.1886092240057264,-3.2316343232384623,-3.2022566011090383,-2.9887560510494886,-3.054451092994743,-3.156167334000327,-3.1650438512706054,-3.1692490345601962,-3.1692490293846056
-3.1584355761743677,-3.1351230337473757,-3.1976448883104083,-3.200274379441683,-3.2390034424621805,-3.1942275247505583,-2.985883391289262,-3.0411365958177123,-3.124693681569914,-3.1343615898254233,-3.1361010991081306,-3.1361010932570235
-3.1630627976900128,-3.1262668383448604,-3.2144437456181025,-3.2241437651990417,-3.2355448759463687,-3.203384320845236,-3.021639670072193,-3.0596028442546697,-3.1291727300671432,-3.1392989257559685,-3.1449512628850904,-3.144951256641362
-3.1848680494160506,-3.180113912174595,-3.2340094037466356,-3.2565464293321305,-3.246819141989332,-3.2313708120184463,-3.075508971135994,-3.0760045765737853,-3.1339363732003225,-3.143869340927292,-3.1624761438063764,-3.162476137169736
-3.202109621750942,-3.1914783743215454,-3.2259343520204498,-3.240044242670294,-3.228782694537716,-3.2003957782487524,-3.0628034859688333,-3.0560815306156517,-3.1326497309981196,-3.1416488371482414,-3.1246009340281886,-3.124600928681833
-3.089992628166211,-3.0664821098374797,-3.1611568931792773,-3.1593601974330756,-3.1422117490142463,-3.1195228557382815,-2.9695659017682345,-2.9835146673918223,-3.1176119943188825,-3.126406324852278,-3.077344663847841,-3.0773446588954263
-3.039833624364179,-3.029003656513095,-3.123918473755718,-3.1078432536045133,-2.9608070286128214,-2.9974209424087883,-2.894580864876471,-2.8902946498380313,-3.0636827663157815,-3.0771909026079713,-3.015554689040058,-3.0155546830897184
-3.0269321756977545,-2.992871905367743,-3.1141974581769984,-3.1041464460039867,-2.9802067369857377,-2.9985771719885337,-2.937027946128324,-2.9200088648415408,-3.0673495830621533,-3.072017414592135,-3.033526638779953,-3.0335266325740484
-3.0396488526676193,-3.0065153624863443,-3.1129324532571108,-3.098686201807553,-2.9847128471556257,-2.990324674398849,-2.9555467095545924,-2.941324044072436,-3.0435608424848484,-3.0523926456614183,-3.031016249442457,-3.031016242619668
-3.035232731233159,-2.9714989210910865,-3.107186265359304,-3.089985090499134,-3.0331983311983017,-2.9997439047205394,-2.9713184450716366,-2.9865580863892514,-3.026671019024075,-3.0391499366634114,-3.025640054593595,-3.025640047274267
-2.953619570500541,-2.875179466570965,-3.065044159826378,-3.0407073268352187,-2.923756837009844,-2.899235199734615,-2.892545910335976,-2.9008704063501654,-2.9944956940057583,-3.0071371859862275,-2.9655220560648967,-2.9655220493530843
-2.9487196265965046,-2.8763018607005493,-3.035045860001862,-3.0123430374132374,-2.9263408414346928,-2.8941868935755677,-2.917996781985264,-2.911079271513591,-2.9886803130059247,-3.0007252712798143,-2.9649976438192436,-2.964997636933342
-2.9447117477710503,-2.848177903701233,-3.011448652637916,-2.975170166168701,-2.91865862754778,-2.866015053002567,-2.9021997953444783,-2.8961694180217745,-2.9834628503025797,-2.9947277757184225,-2.9408835227451524,-2.940883516374236
-2.854506328170297,-2.7690391248652926,-3.0030759185923266,-2.955679131008141,-2.974982250241944,-2.8316998090837884,-2.888897342955838,-2.9120577720763627,-2.997937600713639,-3.0086114672803106,-2.9218421712510274,-2.921842165678454
-2.9203970961489576,-2.856624525246447,-3.0152012165796,-2.9639485995818613,-2.993951321440246,-2.8161960656117855,-2.8822559263311556,-2.9226173300438587,-2.9929205665454193,-3.003831931065006,-2.9237574211966484,-2.923757415559191
-2.964572822948952,-2.8773408143560384,-2.985824636486731,-2.923176619208886,-2.9225904465923422,-2.76398721382734,-2.8268845226756594,-2.849701425386381,-2.9599348528670753,-2.972838627042163,-2.8837778307877127,-2.883777825173115
-2.9308335389907474,-2.858796315596844,-2.9401702800644927,-2.8724159869504287,-2.893991357846944,-2.7270380937831473,-2.81112936536693,-2.8532876742771247,-2.9629631121442346,-2.97607286027984,-2.8937482779325485,-2.8937482719499537
-2.842097108238807,-2.807040342428929,-2.893430331107509,-2.8230597659743273,-2.8536827517995254,-2.6994588738892986,-2.7949045860272426,-2.8436554799137603,-2.957952240699654,-2.9710820264720113,-2.892640658632246,-2.892640652480599
-2.8267801783950652,-2.817089986082946,-2.8638767936735596,-2.8063865736622184,-2.795711493097578,-2.6909312818863906,-2.782485859456856,-2.8275035513855764,-2.9480205628636877,-2.9614529696929566,-2.9024155054492544,-2.902415499003783
-2.803009405486156,-2.794224669625328,-2.826350184654692,-2.792974366551512,-2.6589279864634534,-2.668788715421643,-2.7275208619981286,-2.7568316536593187,-2.9079803369582766,-2.90256260887043,-2.876321357662057,-2.876321350626475
-2.846140380627483,-2.831971576703859,-2.81617260133255,-2.8051571814944047,-2.6658116075978087,-2.71300136456404,-2.7744158843752174,-2.794852350941018,-2.924295005054362,-2.918244554658385,-2.900711071477607,-2.900711064402492
-2.8212628135562796,-2.790737884214512,-2.792594847449422,-2.7779777047560152,-2.62307536281348,-2.698839411229544,-2.755495408305834,-2.7806916494540417,-2.9103025931056488,-2.906188532243969,-2.874881897222736,-2.8748818901338384
-2.791573817512398,-2.774547241933015,-2.7374736854894843,-2.740820966591527,-2.511723839704386,-2.657931175223044,-2.683715680113936,-2.7035440544632388,-2.8576573801045955,-2.8602809708325716,-2.8430054536385483,-2.8430054459714023
-2.7744191955913697,-2.753779707398309,-2.7291904609805187,-2.7444081269476195,-2.543922039005754,-2.7015735703871426,-2.7168766907352953,-2.739588792371376,-2.8729217180739224,-2.8746351200813254,-2.863555072305412,-2.863555064646321
-2.809034210884686,-2.7724862560604424,-2.738535275489707,-2.7469200912649163,-2.577381605012834,-2.730055241804083,-2.760939688668855,-2.7852705392670485,-2.8903029263868802,-2.8909234729930664,-2.8752666255460793,-2.8752666180822883
-2.8191780472805874,-2.7923237636753173,-2.7626341389790836,-2.7678760445287707,-2.612184986927835,-2.779223683084687,-2.8175271553296475,-2.8344136151958015,-2.9070058013302775,-2.9066781766288243,-2.9020132901016478,-2.9020132825813336
-2.8423834971241604,-2.819191536766208,-2.769327424651581,-2.76908927026978,-2.6079228238307826,-2.793982691602391,-2.8361859281196864,-2.832755252633337,-2.9107223120196535,-2.910325005477259,-2.901882483506833,-2.9018824760671373
-2.829207795655753,-2.808435979683616,-2.754442713141815,-2.7411369396605303,-2.655216890432575,-2.7758849994219017,-2.8389017804077916,-2.833461789008493,-2.9244421481712357,-2.9225731265943646,-2.882622587499725,-2.8826225811284383
-2.78671064918642,-2.7796430962343455,-2.737985664055435,-2.7154757042428552,-2.6457112736324384,-2.743951784854202,-2.807059498565922,-2.79200005153847,-2.9040642357066844,-2.9036027999330476,-2.857583004603142,-2.857582998113426
-2.8139948655354283,-2.7868459874101257,-2.7657250330179295,-2.724468852581782,-2.698922476807943,-2.7520383255860517,-2.83508020531902,-2.8021747972920084,-2.891939748505208,-2.8923693649880655,-2.8483863659498705,-2.8483863595153562
-2.7612475609394247,-2.7485922964128995,-2.745218146672739,-2.6972785295774337,-2.6310295959398724,-2.7135668847259913,-2.7865338911475135,-2.7407405133948517,-2.852054516668224,-2.857411177244494,-2.816053498017892,-2.816053490898041
-2.7889440881023946,-2.758743888469882,-2.738077519851794,-2.691149133758044,-2.6425459579095576,-2.737326001676355,-2.8152850028102505,-2.765589354530234,-2.8494840539459467,-2.855583893595626,-2.825590041365882,-2.825590033967923
-2.8437778189629164,-2.7706461996057508,-2.7532528393589066,-2.6917853190147887,-2.6313047620376513,-2.726616056196734,-2.8159557599325047,-2.77486452149084,-2.844254402662085,-2.85047570498497,-2.8157825431687136,-2.815782535864476
-2.823644577852553,-2.774064535389473,-2.781554032206497,-2.720961256547957,-2.699611019733359,-2.7891779275980966,-2.8897617053902747,-2.839345638145205,-2.854950500228389,-2.8598090692397142,-2.841405097778189,-2.841405090314271
-2.8448995781527477,-2.8275643009463414,-2.815209897067306,-2.748167520317975,-2.754175979495777,-2.847372603548404,-2.9490162062688974,-2.890977983181277,-2.869223434882525,-2.872940994685653,-2.8674018370214536,-2.867401829498219
-2.789244776085071,-2.718457770619117,-2.773544390047034,-2.698856715001508,-2.6932007789631673,-2.7292228567715417,-2.8189440803330714,-2.7676302109226665,-2.8451619227526743,-2.8480152926933684,-2.788735349525885,-2.7887353433159454
-2.759027731875374,-2.696688636919383,-2.782006111819144,-2.692168482572276,-2.774381958242853,-2.717166696940432,-2.844767437314313,-2.798088885201051,-2.851048228658697,-2.853007772135725,-2.7892211620082255,-2.789221156129188
-2.7856940494323643,-2.718005103678335,-2.7710224062662183,-2.6732538224883404,-2.748075372779827,-2.6850517017968167,-2.813893752433114,-2.742549458929741,-2.8171363352055367,-2.820875478437279,-2.761365610424727,-2.7613656041987564
-2.815899721243693,-2.748556313429848,-2.7990724951583905,-2.7063438775410464,-2.8599836902968883,-2.732744865597182,-2.877850545641113,-2.8068384628448184,-2.8252751760617127,-2.828386132530651,-2.7751340355979517,-2.775134029395986
-2.8717546055466716,-2.8064717059585362,-2.836138043365981,-2.74794242810292,-2.961003761602613,-2.799073390380534,-2.9435789278479123,-2.8782912426839236,-2.839019686901488,-2.8409956362708333,-2.7998729444409847,-2.799872938242048
-2.9199937428011298,-2.8779488546843566,-2.874229895269088,-2.7826423005958314,-3.0230193943401464,-2.8553879222895975,-2.991640231382516,-2.93698603105468,-2.8548320861185434,-2.8554513751612127,-2.829498296098442,-2.829498289815441
-2.9598425448057215,-2.9075847592706086,-2.9137434964130717,-2.8193516886552383,-3.0606981121745043,-2.9204959827344745,-3.0420755008120177,-2.9918929459951054,-2.8703314835443487,-2.8696909564172,-2.8579552582046714,-2.8579552518586038
-3.0167230818230735,-2.950036735581051,-2.9466064993757923,-2.840824654783624,-3.067847288407995,-2.9543950718862315,-3.0604069392598205,-3.028478574022884,-2.883860585639629,-2.882266145244147,-2.8730869022169796,-2.873086896052499
-3.0267721849652105,-2.944265777779523,-2.953905832740423,-2.849333437651436,-2.9964642347557886,-2.9506820123421478,-3.031569959924268,-2.9988539258444815,-2.878231801089549,-2.87717560540978,-2.874410462774593,-2.8744104565515363
-3.0044389901619404,-2.905046942538265,-2.9719837302872127,-2.8662946565484355,-3.0310523527376274,-2.963292471788028,-3.0426907042171427,-3.0314140785196075,-2.8936375200442024,-2.891375367796622,-2.891682079408926,-2.8916820734581057
-3.0272647043651153,-2.989577926333271,-2.9847074629786494,-2.883748564515603,-3.043050888240288,-2.968618752105995,-3.0363263146754265,-3.048196964969709,-2.9062659801188184,-2.9030581931225736,-2.9035063949070214,-2.903506389261932
-3.0233758834955067,-2.972578444462201,-3.0103750360346986,-2.9043728542872698,-3.046739680810243,-2.964756212746957,-3.026617364134458,-3.0646235369319372,-2.9161930820874047,-2.912320522981,-2.9052708417637945,-2.9052708366062037
-2.88649772066523,-2.8678628345828145,-2.9918443450952297,-2.8758382023629174,-2.928468114497788,-2.879253687913589,-2.927437545992821,-2.961560464032444,-2.8881271357725713,-2.88524915233675,-2.8679628728591227,-2.8679628676932185
-2.9264286266077555,-2.890911026279042,-3.011017269269523,-2.886262806028261,-3.0109354084133004,-2.8982055336934804,-2.966410102746029,-3.0073571528681633,-2.903145168636205,-2.899212955348538,-2.8861876399248927,-2.8861876349477082
-2.8436694543064096,-2.836178039226653,-2.979404299574944,-2.8644695813775964,-2.901008078534575,-2.846421101560895,-2.897128538336702,-2.925521659616182,-2.876343476743929,-2.872407961165282,-2.859370801003062,-2.8593707957129815
-2.8543829354636117,-2.8362467770787876,-2.9404181884898435,-2.8377431884142297,-2.87210995878678,-2.8498811617063127,-2.894837259508636,-2.899604991226598,-2.861063715694595,-2.8594895780949163,-2.853862352370599,-2.853862346718693
-2.902411520437412,-2.8737801784188455,-2.948671905285132,-2.8592369762305467,-2.9327869404284455,-2.9016643117977976,-2.9636119274377957,-2.960015834026156,-2.8759029483125986,-2.8737467746236542,-2.882487643006079,-2.882487637178874
-2.998042573689255,-2.9682930581489297,-2.9932754700688795,-2.894872879450724,-2.9592859091125923,-2.923865901108833,-2.9873396889812267,-2.9578318626677795,-2.842434783070855,-2.8426530905582426,-2.8503386366760246,-2.850338630573851
-3.0380740610402093,-2.9726778629475143,-3.0368840224108578,-2.9376169155710743,-3.063715023467417,-2.996071098286049,-3.074120282259062,-3.0347865061592874,-2.859555726737723,-2.8589960927037343,-2.8792304161025317,-2.879230409920372
-2.989063842069184,-2.940597117901102,-3.056994069897371,-2.946893032334589,-3.0620155195000365,-3.017692561102271,-3.0962981664272013,-3.0552794387824926,-2.8619011957358182,-2.8620088066382885,-2.882479813462153,-2.882479807119918
-2.895387574085948,-2.861247818015256,-3.00380027531392,-2.896561316544891,-2.922586884528053,-2.880979413324243,-2.965246404785081,-2.954255533998344,-2.8492831310142637,-2.8496730515000257,-2.819800354113352,-2.819800348868978
-2.8405149859721672,-2.7811833238857475,-2.9891154050332025,-2.8775314185849457,-3.0121380762302974,-2.84516627146891,-2.964999029628388,-2.980868573519344,-2.863375259659483,-2.8622555266682332,-2.817191161780625,-2.8171911573004493
-2.921472677764622,-2.868412740686455,-3.0056719238703224,-2.8943965055880794,-3.09651235957938,-2.870899308771533,-3.008897609404305,-3.0329418053023525,-2.878560702477174,-2.876469607131319,-2.8456373790183527,-2.845637374431786
-2.937667183464785,-2.877329350812546,-3.035547800898594,-2.925613884330238,-3.1363496873177517,-2.912727555186143,-3.0487098252691784,-3.0841811447790564,-2.8853688038350254,-2.8837702487349897,-2.8674968310022217,-2.867496826170417
-2.967486750254693,-2.8944123419942347,-3.0585112718668546,-2.954275145574456,-3.174511498095297,-2.9610611923596806,-3.085511200504919,-3.135439149625066,-2.9006863483399554,-2.898472066869486,-2.8916290222871073,-2.89162901744945
-2.9733886590168526,-2.917104485306451,-3.054146385996302,-2.958996178784898,-3.1410052900666687,-2.986838948156822,-3.0652612178840695,-3.1167490995474028,-2.906205084272054,-2.90485696980157,-2.909933061391437,-2.9099330561080876
-3.0844453876273805,-3.012335475954462,-3.0712840699899306,-2.986417879358303,-3.159373699783403,-3.034132359373974,-3.096899750127465,-3.153965404867665,-2.9188187979288367,-2.9174004182382203,-2.935588456856034,-2.935588451313273
-3.1131262561373156,-3.0242320421027955,-3.092622869125691,-3.009220237025454,-3.1718204452404697,-3.0804977333143952,-3.1280732492120324,-3.1857686538673464,-2.934268803001835,-2.9323640901287247,-2.9624184462417955,-2.9624184405899205
-3.1252803821269244,-3.051559272960972,-3.117914210882922,-3.033303175379387,-3.1968979748985316,-3.1280215089889247,-3.148337447865007,-3.2189291834829117,-2.9463373076837995,-2.9444441159928263,-2.9796421088418885,-2.979642103297879
-3.103838512905364,-3.017979614511383,-3.1015358828619384,-3.0164267307652195,-3.072473629238915,-3.0797960096580477,-3.074695360643267,-3.158103864529756,-2.930219053455104,-2.9294165542428314,-2.959341759431843,-2.9593417537479474
-3.099488296925876,-3.0305408140414856,-3.113877529711427,-3.0156069613519105,-3.0890330633841163,-3.0819528411674,-3.095142049804535,-3.1702005814276486,-2.946081018080996,-2.9446008511895716,-2.9646032222831047,-2.964603217279974
-3.0746001001396106,-3.0131171531180043,-3.1402490545372403,-3.042707203032751,-3.1201610748866306,-3.1151411307975834,-3.1283042686437375,-3.193969788903138,-2.961877786591957,-2.9598172543695855,-2.991658140915045,-2.991658135809089
-3.0858454193746523,-3.0177998117868707,-3.1580278890540034,-3.051283497560459,-3.103979249099005,-3.1081378212380946,-3.113161222233021,-3.1718280321847,-2.973477119384734,-2.9710328083073665,-2.9921786653845226,-2.9921786607111476
-3.095155086711227,-3.0360166582157886,-3.171774767231878,-3.0772737017722824,-3.133288281305537,-3.11932243242336,-3.1122097773863313,-3.179037672040714,-2.9874716534671686,-2.9849998220701606,-3.002762316149014,-3.002762311619062
-3.1609519327829636,-3.0645547472532395,-3.1692633259878455,-3.0713595997344516,-3.1171280080917882,-3.1061764327976538,-3.0808994032437367,-3.1416824389657174,-2.9896657791315455,-2.987953971568593,-2.9991837521781584,-2.9991837476514585
-3.125717220108508,-3.0643108612373857,-3.17441256528335,-3.084935369048314,-3.122388389477965,-3.110803901913424,-3.0665647731959464,-3.150244056983399,-2.982104745873129,-2.9822979059479993,-3.00322750159213,-3.003227496606842
-3.219142164823542,-3.148927155779408,-3.190257874018397,-3.100953766151349,-3.04900751182726,-3.0773471847163556,-3.0562010185658486,-3.1370024022687737,-2.979984964368389,-2.981338026962765,-2.996607491136505,-2.9966074856113543
-3.194360314782257,-3.124137243807352,-3.2093149120566453,-3.1311621105360485,-3.0927201346082027,-3.1124827673642326,-3.100476726652391,-3.1697941472772557,-2.989151615562493,-2.9902434391320174,-3.016941384819731,-3.016941379132139
-3.1707836425051292,-3.1134662483085136,-3.234176705649742,-3.1584425033170938,-3.1331824082544424,-3.1575926285535876,-3.138810943011441,-3.1983973676637203,-3.0040051115303075,-3.0042859866319365,-3.043068320071875,-3.0430683142549593
-3.1985400835196725,-3.1240319954806184,-3.2486885380030106,-3.1809251596130332,-3.141377271324603,-3.186098855607404,-3.151894461392131,-3.200386541856941,-3.013340096323228,-3.0134818105248677,-3.056457146865436,-3.0564571410463865
-3.2219548647103022,-3.1406060458155727,-3.268808595098747,-3.2079466251849404,-3.185863771814928,-3.2194911789999954,-3.1759344965288485,-3.2293321077207473,-3.027903333854923,-3.0273829746960947,-3.080986074656059,-3.0809860688040187
-3.1978278922813645,-3.1150750015873925,-3.2623980562783146,-3.187481799707558,-3.14079986752439,-3.182291339073479,-3.1152076371644015,-3.1610051695325323,-3.017894779914835,-3.0173642082149867,-3.04638632641977,-3.0463863212232853
-3.1526412600171323,-3.0798135718585877,-3.2677162257553096,-3.19545152509647,-3.191749380476306,-3.199565287357686,-3.12740328880326,-3.179762055786189,-3.030986097545436,-3.0295755768169284,-3.0673255002031525,-3.067325494935282
-3.1542218088591265,-3.0743502864091705,-3.267635494394958,-3.1911179066759066,-3.1810033685982555,-3.2051067291869346,-3.106283610522432,-3.1949470011884875,-3.0163925799121754,-3.01882908176652,-3.0708415172189154,-3.0708415110145575
-3.1896687614019825,-3.092621221647989,-3.2813526608223915,-3.1980716609720963,-3.2240229331844366,-3.24126500098889,-3.1295667294113,-3.238181299815939,-3.030325007063081,-3.0323263809204533,-3.0955900866394557,-3.095590080024147
-3.160675648998142,-3.074870167246423,-3.2867328348621276,-3.2084624889836206,-3.2403593644149953,-3.25851211228273,-3.137624691787207,-3.256349418884346,-3.0450649042243896,-3.0463288605353673,-3.1038073031293005,-3.1038072970590593
-3.165396284352557,-3.0946060892767364,-3.2983007042322985,-3.2144306244178478,-3.24928693347615,-3.276176236968114,-3.1354373013128876,-3.271381888117485,-3.055185271115226,-3.0562914719784975,-3.116728462682393,-3.116728456657749
-3.157379540136585,-3.099146931430583,-3.318234212678501,-3.2364280851469562,-3.2696314130065876,-3.307497232347444,-3.1437848946852847,-3.296371320253801,-3.062564581684004,-3.0634784371575714,-3.132899176928155,-3.132899170729961
-3.1373448634962795,-3.0955785983174797,-3.325251211181913,-3.2524559397770325,-3.304622417859425,-3.3246732144668396,-3.146842766085799,-3.3329505214372546,-3.0767122294323257,-3.0772600301232895,-3.1398897925991314,-3.139889787098965
-3.1966511130163466,-3.129660728332964,-3.345879157557126,-3.2749241292129296,-3.3257710883972518,-3.3526650700763274,-3.1554221908852913,-3.3493874454187202,-3.086444338258225,-3.086880811853532,-3.1590750737782995,-3.1590750680368016
-3.2002540262593513,-3.1368851151393855,-3.355884069098005,-3.284926962659108,-3.249076694308857,-3.31936620516131,-3.1480832732382042,-3.343132166410078,-3.0839785391968015,-3.084592006926757,-3.150130027796824,-3.1501300217881183
-3.2408454294512286,-3.1708515417984438,-3.367097959151405,-3.3051437407386093,-3.2881740016429584,-3.3407781696416095,-3.173613627342742,-3.3604960935846466,-3.0981893476525055,-3.098164267845064,-3.1692619107474727,-3.1692619048568833
-3.1413536953347947,-3.1328014819536483,-3.2700602046646106,-3.237198104254428,-3.049401329281946,-3.1947140765356505,-3.044844859405632,-3.166378727932469,-3.0280800372510024,-3.0355716172843574,-3.1097423847578067,-3.1097423768903525
-3.038541864510208,-3.01986522439602,-3.1711874496431633,-3.162508850690138,-2.9435341974439027,-3.094347928627147,-2.9794088988889382,-3.091756280023827,-3.007343587013543,-3.0157313373432335,-3.0585592448149956,-3.058559236681566
-2.9465721418224007,-2.9447692019603036,-3.1291399116387035,-3.0957879834165207,-2.9202192769638238,-2.9803021715591638,-2.9220195721810547,-2.9783122649749236,-2.959516708761958,-2.9706474432081844,-2.956441886214868,-2.9564418796573344
-2.967772918670153,-2.9331754995722656,-3.0936752498576494,-3.036208847924753,-2.9379866308711162,-2.9047003722380387,-2.8713701987472944,-2.9303329050394087,-2.934325269524263,-2.946423020677962,-2.9143893168624357,-2.9143893105716376
-2.880836887831868,-2.850801755906344,-3.050155402562758,-2.9803713199465713,-2.991286699001975,-2.874285850532838,-2.8754068025462076,-2.948497022529499,-2.943976498606555,-2.9551992463553978,-2.922659537007755,-2.922659530955262
-2.905119617023211,-2.8828529914081593,-3.0488964159897316,-2.9705219225138095,-3.0668930973666098,-2.897541383252584,-2.916158700909201,-3.0091234836995566,-2.9535192945414517,-2.9646843706258856,-2.9455287978149194,-2.945528791514207
-2.8981127857724425,-2.8783038057890056,-3.064096865026066,-2.9756419542821257,-3.091094531031988,-2.916470167072374,-2.9209739555520895,-3.029963961842105,-2.939856410449837,-2.9524408758467797,-2.9394632627093773,-2.939463256079395
-2.8900482933704135,-2.8696191961585367,-3.0953198998087723,-3.0019527782234663,-3.1649156933709874,-2.9725949578086834,-2.9617836295811295,-3.0905457884967036,-2.952939840624942,-2.964787557051253,-2.9641886402054314,-2.9641886334521685
-2.9416989630714223,-2.9111322795314925,-3.129749701182037,-3.0352023655705604,-3.2228066042946595,-3.0421236093881325,-3.016233950622263,-3.1351980267202983,-2.969093035167293,-2.980098829314866,-2.9904088425182365,-2.9904088357278207
-2.979464659119448,-2.952010236391921,-3.122952050579448,-3.014838211589981,-3.1273157209241162,-3.0085938901307245,-2.9412595480086945,-3.018790091806536,-2.949489902708475,-2.9593271209267944,-2.933210934412763,-2.933210928153753
-2.924799109621011,-2.903868312086062,-3.124858455768515,-3.0078413352873463,-3.1206638815479186,-3.0103791039942775,-2.9503880168843333,-3.0233523777231732,-2.9582076800693056,-2.96739096464331,-2.94556001211494,-2.9455600056636264
-2.9455087712893935,-2.9152456598990857,-3.1388316302462407,-3.0205028156665783,-3.166367423604174,-3.036635000695454,-2.9805856852685815,-3.056113156001296,-2.9725178161775547,-2.98107450908507,-2.966628743575072,-2.96662873717255
-2.9485155197546424,-2.926106448869247,-3.1459807126743673,-3.0290536827094883,-3.1444237862778106,-3.0412518118666765,-2.9681726592692037,-3.0564980261945727,-2.97455866036877,-2.983357996511753,-2.9741761686061787,-2.9741761619504827
-2.971756511729243,-2.9439222100184184,-3.1499247097711036,-3.039783111225261,-3.1385886817273727,-3.0651370147995207,-2.9835378250377613,-3.065798585346767,-2.983848266239877,-2.991967787035789,-2.996171407522797,-2.996171400718081
-3.0197891550929734,-2.9879858034600857,-3.164340802824708,-3.0632397576036094,-3.136908683203307,-3.091507445225249,-2.9941770793474354,-3.075919030948233,-2.99375670075163,-3.0012390737741743,-3.011959422346946,-3.0119594156250087
-3.070250514605533,-3.0411526442251215,-3.176844336475184,-3.090866805676874,-3.160506826403309,-3.1273847845747667,-3.019852206770881,-3.1271899541718158,-2.997512222994285,-3.0060289599162546,-3.031758884715067,-3.0317588772429658
-3.048503924495316,-3.00144737894339,-3.168953898774988,-3.0922712771306653,-3.079857964982496,-3.1113398209435763,-3.018537786820175,-3.0979376421638616,-2.986076317627247,-2.994982324000243,-3.0204884528480824,-3.0204884451958374
-3.095398536796896,-3.047228044535439,-3.1850780521147213,-3.120735694957327,-3.12253328323646,-3.1566269945303063,-3.058517328239582,-3.121043755336922,-2.996572773260959,-3.0046874836710344,-3.036319800295978,-3.0363197926272756
-3.131719519192213,-3.0743563166096717,-3.209338491875373,-3.1528299120930856,-3.1620866599704347,-3.1969682517241718,-3.08021713217446,-3.1571544804830087,-3.0064727330221723,-3.014519092318145,-3.055536475158889,-3.0555364673679954
-3.1665716153671584,-3.108906126829475,-3.220203125864873,-3.172923981581815,-3.163662716689991,-3.225457454330076,-3.101261957168273,-3.164139766228886,-3.01525108386386,-3.0230705089609176,-3.0720386012744263,-3.0720385934487044
-3.1771010461146183,-3.1137093822608954,-3.2360264061905055,-3.195646506901826,-3.200671632995009,-3.2634480856246597,-3.144493972671359,-3.20181835179219,-3.0313990592964326,-3.0382673890817053,-3.096312005670941,-3.0963119978437446
-3.110186300127245,-3.0676603109881557,-3.239877126087114,-3.1904072144925575,-3.233743983798653,-3.2402219161446775,-3.130863747740771,-3.2336614776798944,-3.047567001004702,-3.0535187289245194,-3.0978237579351555,-3.0978237509541877
-3.1304526862247277,-3.0914959965729345,-3.2474978239750416,-3.1890739251015168,-3.2366382605169592,-3.224429285857213,-3.1181272056347114,-3.248625437549766,-3.0615086578463857,-3.0672028258048285,-3.1127078118177045,-3.112707804856555
-3.12282396417106,-3.099036161818757,-3.1984112104569826,-3.1585931037556043,-3.1027006689583683,-3.150259395316582,-3.045811303465619,-3.1603928976725193,-3.038773107413908,-3.0466791524048906,-3.094092139748307,-3.0940921323646577
-3.00593690385479,-3.025303627553389,-3.170858422749302,-3.155869352912239,-3.136728086915971,-3.1609420214070925,-3.0594415258055307,-3.178382611332415,-3.0552597788391616,-3.0625459169481677,-3.1140384398710386,-3.114038432657844
-3.0733088525146517,-3.081920421013855,-3.161566677762915,-3.1603696901093286,-3.162649783083897,-3.189614943857636,-3.0961694106033786,-3.220384924913268,-3.071221247673564,-3.078014810874271,-3.1380070859760725,-3.1380070785495926
-3.020198835109312,-3.038929352939768,-3.1550099213168785,-3.1573830617826806,-3.166833612095104,-3.2106966404419395,-3.1084938394937884,-3.217033019276583,-3.0848738176089148,-3.0911049287231873,-3.160664661346512,-3.1606646537889604
-3.1176841672226123,-3.140844166310967,-3.164214269372006,-3.1706655367266943,-3.18006854670074,-3.245876794716888,-3.1328497110621694,-3.2258261483091273,-3.1006424484134487,-3.106372842053428,-3.184827858673996,-3.1848278510925447
-3.17824431868915,-3.176592715969617,-3.195755431196299,-3.204129052318799,-3.186414288379426,-3.280222764596882,-3.1744090811522483,-3.2681205868684016,-3.104037177085991,-3.109960134513897,-3.1913791001661456,-3.1913790924298286
-3.131805822734399,-3.1271926363346663,-3.2247217799297387,-3.22634124404389,-3.1863510307293317,-3.2906255473772474,-3.166138116919496,-3.275654968599988,-3.0973758827605704,-3.1056295107172702,-3.182385653082124,-3.1823856448230416
-3.2130903253033454,-3.1544549123020698,-3.2418849255062003,-3.220583495497032,-3.1203183348113996,-3.24651019549118,-3.078260189194387,-3.2090354367049727,-3.063427360530895,-3.073623487201132,-3.1234519368746083,-3.123451928630558
-3.1904732132209053,-3.1476376350634663,-3.243384916875999,-3.214455470778955,-3.1678832439541194,-3.2758271383752726,-3.095078904919969,-3.2061539331760396,-3.079117629650379,-3.0887285640953865,-3.1489010219333826,-3.1489010136122406
-3.1843375293707856,-3.124945380364605,-3.2535176733767663,-3.223347387417123,-3.186793323564007,-3.292372895626067,-3.0894699561538803,-3.2169669315100737,-3.0721512494605654,-3.083556521674297,-3.1500854659725244,-3.150085457180919
-3.1800890078550403,-3.129460599578942,-3.2644182726479682,-3.237184899087686,-3.2290091211972274,-3.3229445917560643,-3.1225067361867294,-3.2396767589499778,-3.088243611391823,-3.0987699865558547,-3.1650974709224324,-3.165097462391533
-3.223409913303506,-3.169247694961969,-3.2871317771172626,-3.2581971159833367,-3.2391451378366023,-3.3438849129738273,-3.1660720084323293,-3.268788423892206,-3.1004803501616376,-3.11028604553995,-3.17480761840048,-3.174807609742551
-3.2519045436836733,-3.1679959253573284,-3.3088790985476675,-3.2732276562317395,-3.277079925302888,-3.367606442744676,-3.206915727094283,-3.301199167367134,-3.1167548694798244,-3.1258161384776737,-3.200166326846042,-3.200166318133575
-3.2025934182083553,-3.1649729373142756,-3.3057560960790924,-3.281221121462963,-3.2198157923453583,-3.348105228047158,-3.2119625879367617,-3.2932303846521305,-3.1129026250375142,-3.121697629103798,-3.1988522483280275,-3.1988522392272283
-3.2367781192654763,-3.198952758648705,-3.311147340242065,-3.291568959070699,-3.225567639407923,-3.355788257364628,-3.2089631140850154,-3.293798572865872,-3.116116227260443,-3.125743672312635,-3.204071578587344,-3.204071569201175
-3.2798932439095934,-3.255885037962382,-3.309623679159886,-3.299633396599436,-3.2584657031337096,-3.3796007060921376,-3.237960352869234,-3.2911332387205854,-3.1284307948996593,-3.13758676093023,-3.2256867862285015,-3.2256867768131454
-3.256578899905512,-3.232674330721094,-3.306990027706244,-3.3005561236099594,-3.287826976246964,-3.3892639320770743,-3.269748180769489,-3.315264432946871,-3.1432839477863017,-3.151404181430889,-3.241197747935059,-3.2411977386621547
-3.231845241188288,-3.220576082452484,-3.3183955182314886,-3.3136707636433975,-3.3036319001289667,-3.38296448567464,-3.280722554105492,-3.3547446077083136,-3.1459139828643683,-3.1556081674491496,-3.2471183149457783,-3.2471183053691686
-3.216015976114262,-3.169594595598375,-3.2904478869590217,-3.272927910377477,-3.1323657923414014,-3.257329602722468,-3.1267316803645504,-3.2507110426896997,-3.0955027948005513,-3.110082422447622,-3.1534547894358487,-3.1534547801517947
-3.193621097067709,-3.135902009041658,-3.2553120307718926,-3.233710004531813,-3.140889961928731,-3.22540402342624,-3.1025014144620204,-3.234779706708382,-3.100450337465307,-3.115027703611141,-3.1583368890107524,-3.1583368794518427
-3.1059504011947743,-3.0744903378574833,-3.2325560507654663,-3.209971811871559,-3.17291814636939,-3.2190608953101036,-3.112842870606355,-3.238050181509828,-3.11516308938601,-3.128664780598935,-3.1830363445586998,-3.1830363350051853
-3.0954406077445036,-3.123546938444425,-3.1982216324516957,-3.190223935271689,-3.150401642437395,-3.2096336996008215,-3.0884149761441995,-3.1904852684589833,-3.1188560050796,-3.1325643437843107,-3.186978032585982,-3.1869780230007447
-3.067956210811527,-3.0810754196350283,-3.1667193758104624,-3.1555056192277964,-3.0945208361934524,-3.1728570211128675,-3.0404442428668386,-3.162731201120981,-3.087981844214894,-3.1070389877708147,-3.161655657552572,-3.161655647119477
-3.107436296152097,-3.0835189506654506,-3.1502438063731173,-3.137316638518208,-3.1215851064209956,-3.1833968742367493,-3.051938226525292,-3.1672316483835043,-3.099316472680346,-3.11723214468033,-3.173212119980912,-3.1732121098804287
-3.085612166940728,-3.0977773215170123,-3.125794097085185,-3.115655313313871,-3.1008270094451142,-3.1792616659314543,-3.0529705331625134,-3.144149345763567,-3.0978566405133674,-3.1148692219033887,-3.1684146239714237,-3.168414614062484
-3.066324700968793,-3.016193903892426,-3.0617622940448337,-3.00621619574196,-2.9090840030012775,-3.0341834994892403,-2.885436991935194,-2.926141489952249,-3.0089891140576857,-3.0274847772007973,-2.9857455120512624,-2.985745504191171
-2.962776059194605,-2.940033306134141,-3.0314119264928743,-2.959223271808621,-2.9898486532915842,-3.030464317891851,-2.9263354614072923,-2.979661200921407,-3.0226761749483,-3.0399935243648817,-3.006579997437245,-3.006579989594658
-2.9298954304079023,-2.9006491764638467,-2.991568799460266,-2.925576086296414,-2.9629227268568923,-2.999633734198175,-2.8979824159171277,-2.9443140135716446,-3.0090537803176094,-3.027424475023296,-2.998885915866368,-2.998885907929387
-2.909495080477242,-2.8433621827459987,-2.945270391648933,-2.872389802514437,-2.9194737703916505,-2.9429409907406123,-2.9179237516806986,-2.9194774109922266,-3.0157980283980224,-3.0264132829657098,-2.972689138979643,-2.9726891337659533
-2.900031582105662,-2.8209518140359675,-2.9202346638022356,-2.844322390133009,-2.947631913481362,-2.934618967853584,-2.9273798047957897,-2.932490626276402,-3.0271108752627773,-3.0367392679526897,-2.9932971882849913,-2.993297183038154
-2.8256238152038646,-2.778620552881521,-2.884525189650203,-2.8267075579022105,-2.82631106354002,-2.889589682569153,-2.868687377721078,-2.8710244101550053,-2.984268083216723,-2.990230920997076,-2.962752610574287,-2.962752604711804
-2.855509907366039,-2.7989025917391865,-2.8713213224296883,-2.8237520086566894,-2.8513293166824356,-2.9114685906853497,-2.8903658034757584,-2.8836987865942305,-2.990371329513827,-2.9956846286080725,-2.972296016551537,-2.972296010816806
-2.8724405868000407,-2.8034739284432564,-2.8675294070975608,-2.8521706443505948,-2.923486946796417,-2.9733659846551768,-2.9343368236624414,-2.905112205211137,-3.016670901062085,-3.0585517795391874,-3.0402325800824963,-3.04023257869739
-2.945429841236969,-2.873448992650024,-2.8886960806816018,-2.8995179385113334,-2.9711679431119498,-3.0397998276802207,-2.9820738384158187,-2.934680131837563,-3.0325450374643435,-3.0731091979212244,-3.064222624725122,-3.064222623236555
-2.955192919852895,-2.9033495597399956,-2.9059923837487833,-2.9281415661586605,-3.029044964725974,-3.1118208283733324,-3.05311732932665,-2.971413775707021,-3.0479056375303917,-3.0873708469684527,-3.086138172133042,-3.086138170662855
-3.0431954411989226,-2.9750067561109166,-2.9398152495526477,-2.955855411202671,-3.071607570550759,-3.1664360322430603,-3.1054350819234315,-2.9978957266707695,-3.058242324986254,-3.0968019003481113,-3.0981339355677884,-3.0981339343755714
-3.0445806421831882,-2.964639376933288,-2.9770396165992388,-2.979967838295093,-3.0987294411559714,-3.2007901605038374,-3.125302058205329,-3.0097599065036813,-3.0632154714849538,-3.1014287970002776,-3.105291667700752,-3.1052916665423407
-3.0620640590744346,-2.9831756914324856,-3.0063190018578654,-3.0069367014842117,-3.1647710982854025,-3.245093805695076,-3.1861987490268433,-3.0497678588425234,-3.121092862146998,-3.147782120697767,-3.17328172817741,-3.17328172798742
-3.1466167491087167,-3.0990165305274346,-3.074791712719787,-3.049178418081205,-3.1912693890204418,-3.300774795342561,-3.2304957636669176,-3.073159975559861,-3.1507217901628755,-3.196324957101722,-3.217489408600424,-3.2174894070329048
-3.0755607798838303,-3.0462978008891395,-3.0973449558599127,-3.060348861660143,-3.233099367176412,-3.3093315224075948,-3.2270072327745307,-3.0763443979110447,-3.1656716128824582,-3.210047727567779,-3.2208453726274144,-3.2208453717046575
-3.1035562747554133,-3.0620317322037094,-3.0722845129834337,-3.037675573616374,-3.0604936215784533,-3.2046872563810913,-3.1328270537499945,-2.981912251752214,-3.110484947471686,-3.15954979628149,-3.1619862339512013,-3.1619862324599755
-3.0548041979636253,-3.023530336870284,-3.0770218484262815,-3.053126168065879,-3.1267972264239714,-3.243246409227744,-3.1993336146685474,-3.0142226529639933,-3.1269157339418943,-3.1745579619848234,-3.186259452349412,-3.1862594509088877
-3.0221545533685505,-2.994740986778921,-3.068852411824744,-3.0542243849614605,-3.115522779860247,-3.2256876149734675,-3.216054141718321,-3.034327933106714,-3.1331747006113813,-3.1796995091622424,-3.1846773485423787,-3.184677347254097
-3.07837758707267,-3.041011388214376,-3.099110243057382,-3.0770910122232897,-3.179322651728745,-3.251020925538711,-3.2813343305422196,-3.1082036260476014,-3.1838788378979026,-3.2009077137333133,-3.2294878634841915,-3.229487862180753
-3.0950087881498867,-3.058351176863569,-3.116651238982533,-3.095705042034228,-3.219168370916568,-3.2825329063174196,-3.3247517768266626,-3.15344354156025,-3.1972167220125924,-3.2131970849113998,-3.251825464347921,-3.2518254630971324
-3.1591813962093656,-3.1059426019684495,-3.154016193533791,-3.126921877319788,-3.2716202180630223,-3.3237783898845312,-3.360414017429623,-3.1952797102193857,-3.207456826024668,-3.2226406092637614,-3.2706793446389604,-3.2706793434113344
-3.1737710523601663,-3.1499222497807025,-3.17956706115603,-3.145637633205051,-3.311191769159346,-3.3452378918681944,-3.383343854728758,-3.2356760049067446,-3.2217218413418687,-3.235529184703021,-3.2877190821996303,-3.2877190812550507
-3.16970443235296,-3.1255832219682755,-3.210594833724782,-3.164943671407405,-3.315224204252909,-3.333230269486591,-3.3778471131631926,-3.2619753599601498,-3.2275560557077325,-3.242032133732349,-3.2906569268215193,-3.2906569260271405
-3.1823187851927606,-3.125826502582093,-3.2325337606295506,-3.1870569728755433,-3.3509045464830614,-3.3621642308636126,-3.3940350720921955,-3.299313856044379,-3.241142227415945,-3.2549376160568206,-3.309832840860711,-3.3098328401594586
-3.2238646300254126,-3.181074000780803,-3.247643438300373,-3.2004453982022256,-3.3671745886955247,-3.378008362565407,-3.4097938410956914,-3.322853077358321,-3.25028916782186,-3.2630255630897724,-3.3217271789464027,-3.3217271783337967
-3.2165521253300073,-3.175996701487041,-3.2415467538125435,-3.187500158660853,-3.362382548570501,-3.3265712355240766,-3.3734801639956586,-3.345665007567592,-3.260376668006913,-3.2712448191929875,-3.30820452525536,-3.308204525732732
-3.223808764262774,-3.166564316378566,-3.2703774057026007,-3.2187654535933503,-3.416471583231006,-3.350942197846945,-3.3927372817191817,-3.373610367699866,-3.2720625434746804,-3.2821318474078742,-3.3287995499318823,-3.3287995504052468
-3.223655304316633,-3.171490707344581,-3.2951042080434254,-3.2371075917961907,-3.380218557490526,-3.3357963839462696,-3.358781206281968,-3.3792970224704217,-3.2657550943201885,-3.2784175150337784,-3.331497350200391,-3.3314973502013183
-3.214800205898499,-3.1685776875205813,-3.311217504208914,-3.2478997263244365,-3.39757356627415,-3.3469028065927002,-3.3641221822847447,-3.389883166857626,-3.277894075845227,-3.2900417189681805,-3.353175259870323,-3.3531752598423594
-3.2383077524804604,-3.206388730200034,-3.3173030062176165,-3.2656738492848034,-3.3896061368666732,-3.369347281875935,-3.3833106742842967,-3.398790744821666,-3.287846792664896,-3.2996219016940795,-3.371061562923677,-3.371061562820034
-3.2948466883432235,-3.2719938279243412,-3.3215905383843785,-3.276926353244312,-3.374535482144146,-3.393026560397083,-3.3962394363616237,-3.3955844394286254,-3.297478233918661,-3.309598591941956,-3.38160679202669,-3.3816067922474344
-3.309004334984341,-3.292937504500396,-3.3402265033149536,-3.2966703370576873,-3.394668368328274,-3.4193488633741214,-3.4001126837333175,-3.389487720463702,-3.3108078168251165,-3.3224684226767227,-3.3961633275031975,-3.3961633281560433
-3.2986607654761055,-3.2922245771621608,-3.37181486591829,-3.335178295201753,-3.4365783116904365,-3.462093418296598,-3.4353814112513925,-3.414085224824001,-3.3222497787012073,-3.3334173001966745,-3.416539244239229,-3.4165392448598952
-3.3699286694529786,-3.286444208058217,-3.3822414013770317,-3.3479697234757513,-3.322507261861693,-3.4108323407811905,-3.3644379266971014,-3.3858301457641917,-3.275004556189743,-3.292772263377544,-3.360615647646589,-3.36061564711909
-3.3741964426267863,-3.301557079352469,-3.370558689393415,-3.3313535443457227,-3.3204510896164248,-3.3923533030948994,-3.3337971211047908,-3.3412322834688966,-3.282068748964446,-3.2981658516216545,-3.34797844548949,-3.3479784458252233
-3.348629476591473,-3.296272389967006,-3.3335235109251373,-3.2999231188273725,-3.2069000490498243,-3.329522922557861,-3.2703002367508063,-3.2598641980505025,-3.2533172483253026,-3.2722348071518295,-3.324683329539547,-3.324683329330677
-3.324311546494119,-3.275447402373275,-3.3163074219953237,-3.2972105977200696,-3.1998183402155145,-2.4171783096795103,-3.295049253930979,-3.25799973024695,-3.260911191489461,-3.279382659836341,-2.1041646723352256,-2.1041646370794123
-3.169177580524387,-3.150737760128349,-3.246759579194716,-3.238215597318055,-3.0171127245129328,-3.19498380598318,-3.182059465001884,-3.155955994246951,-3.1938417368796026,-3.2153634342890616,-3.226239432965663,-3.2262394319408703
-3.121034709205917,-3.1094395517868723,-3.1887069353414743,-3.1990252567242616,-2.995545685161579,-3.175294863719475,-3.1783404882606234,-3.1543128762621113,-3.18452447098855,-3.2073564782476556,-3.2200835580830143,-3.2200835568741555
-3.0925562932965773,-3.1017596564797816,-3.1630209124833675,-3.1801096895703913,-3.08091737899911,-3.195035235864156,-3.246834630053203,-3.2186491344808816,-3.2005661158892957,-3.2220447051039534,-3.23669285022521,-3.2366928493407836
-3.0472030851148877,-3.070205471700697,-3.1771675074454033,-3.20022493608229,-3.1785321619012965,-3.2280201651102978,-3.3218745388438204,-3.2827451955837526,-3.2141618866330353,-3.234631496748362,-3.2551484693253814,-3.255148468582867
-3.1695781784823076,-3.1203496375395283,-3.218680827316124,-3.198326978103387,-3.17214206313845,-3.1640793659602986,-3.2510928106904045,-3.2433854744317174,-3.185103678092971,-3.2027372448569453,-3.182129146293133,-3.1821291473140647
-3.185407274032384,-3.125488481945293,-3.2538093277001128,-3.2147875044645247,-3.227155390588665,-3.163233142991981,-3.2614328703700197,-3.2799230182960533,-3.175842308916491,-3.1950011172803023,-3.17983913431714,-3.1798391350808606
-3.166585143238707,-3.1107878110918197,-3.2520890861089518,-3.213225437838642,-3.232031952522977,-3.163311499412331,-3.276992074542324,-3.2998304965708556,-3.183242656131916,-3.201737560160324,-3.1878897906024544,-3.1878897915235282
-3.1224388473821536,-3.070836071842709,-3.2205288353590222,-3.1729695341058575,-3.1935769053645964,-3.1053279809019467,-3.2182704490834944,-3.288449675667653,-3.186511670531817,-3.2032175584905076,-3.1669381802269534,-3.1669381819213522
-3.1266602080330523,-3.102610071342328,-3.2037670295109884,-3.1630232356347334,-3.171717403146326,-3.1070156435503224,-3.216048932937961,-3.3110818209102377,-3.1897406738359093,-3.2074270032557477,-3.1761861790672565,-3.176186180593555
-3.1385838081369055,-3.1032506737286267,-3.202102002812368,-3.164391747583206,-3.20737969077592,-3.1349169644041477,-3.2516943627223336,-3.331958415207508,-3.2040420423497467,-3.2204563553450885,-3.200566949443777,-3.200566951015738
-3.1756684574335194,-3.1410198502382745,-3.2317265033532325,-3.2024307942109167,-3.2043631108497825,-3.163465596332794,-3.2664865829309813,-3.3772855568805147,-3.179108224662996,-3.197609942510908,-3.186607580977537,-3.186607582075592
-3.1610727905040243,-3.1158664997235648,-3.237779269850383,-3.205729064770505,-3.2361921645188083,-3.1801928188794117,-3.2702178139253926,-3.3901929696946094,-3.1936288145350047,-3.2109265882180074,-3.1951154160967703,-3.1951154176473113
-3.2067742687805807,-3.1483097268206706,-3.254842715134536,-3.2197767404028332,-3.233581189245426,-3.190930309180513,-3.2585922971429184,-3.382153244623556,-3.2012913683745667,-3.218940448368489,-3.2115362442288466,-3.2115362456055414
-3.1849596556798514,-3.14965401919464,-3.264948179636085,-3.2318966563338294,-3.2150512533817257,-3.2186106597149178,-3.2754802079292187,-3.3772841886096625,-3.2110986088347095,-3.229342400447008,-3.229923088798203,-3.229923090113088
-3.256978789856667,-3.2235163426271662,-3.2805571874218633,-3.2534450836720823,-3.225652317020611,-3.2558016009074007,-3.296987800420507,-3.3741224000273147,-3.22679507746125,-3.244128488429827,-3.25374878221222,-3.2537487835546934
-3.306826729604675,-3.252606352975338,-3.2979821934965425,-3.2792650989051673,-3.2259117272309736,-3.299128070062509,-3.3238713231181696,-3.381698034103171,-3.2408987839471575,-3.2575843471159907,-3.276616152273741,-3.276616153549683
-3.3469062450323537,-3.280357022693267,-3.3326797056153286,-3.31569045904563,-3.211400840914575,-3.317613724148023,-3.323786233901107,-3.3929844802795355,-3.236689273592503,-3.25332943304514,-3.268813672495429,-3.2688136739277693
-3.4043776352527235,-3.309367535537524,-3.353217019210302,-3.3348141504550575,-3.2523342735411536,-3.346981770495151,-3.350713253769846,-3.4155092068267447,-3.2521534890333688,-3.2680195660318327,-3.2895387348423935,-3.289538736442926
-3.3878356735974964,-3.2948097295692595,-3.3707994322723187,-3.354863109577085,-3.2584911586898238,-3.35456208213896,-3.341890197825375,-3.406200982394102,-3.261055252207968,-3.276600875249505,-3.2980157545573543,-3.2980157562256363
-3.3391626625071837,-3.220249241953928,-3.34114031392094,-3.310996870027135,-3.0829492325244594,-3.23654460368774,-3.1641103648280904,-3.3017115695205774,-3.1738399893392457,-3.1969602653578066,-3.191983829807471,-3.1919838304277652
-3.3202008296550565,-3.2250356168415553,-3.3232339688252472,-3.291679125411379,-3.1169370239378638,-3.2428594245788727,-3.187205727352437,-3.309596636171276,-3.185080156859549,-3.2073145018136935,-3.207376998753424,-3.207376999325077
-3.2425955867076204,-3.177393262556861,-3.3055567887606596,-3.2632891330771554,-3.148846364904915,-3.2125304664218053,-3.171333098113987,-3.30680710282791,-3.1974494086883842,-3.2178449102615216,-3.205462323098473,-3.205462324423947
-3.1614931979703367,-3.074198574909654,-3.2864848971583926,-3.236680960973691,-3.140226274523444,-3.1691542448918066,-3.148523532838671,-3.3006080491816037,-3.1966708119127087,-3.215818246621632,-3.1979678748798435,-3.1979678764224904
-3.14473748202461,-3.0932274238913586,-3.2915399945239647,-3.249914231362182,-3.17229969343508,-3.2020592482139905,-3.196012406033404,-3.3244816484354303,-3.2092455686025945,-3.2282321402761793,-3.2205664123577487,-3.220566413808688
-3.1959375399275682,-3.140604071839372,-3.3064228865802043,-3.268395728886872,-3.202323749193755,-3.238600110888016,-3.237522794001628,-3.344497563570992,-3.2235023572491057,-3.2417026127941266,-3.2396186164971104,-3.23961861806951
-3.2505131695653406,-3.1881379626293764,-3.3177523920685137,-3.287942376201737,-3.2373457601785067,-3.2759809838822185,-3.275441023344454,-3.3947161532647816,-3.2368818951495273,-3.2547852933909307,-3.2616557824756276,-3.261655783917093
-3.1992887002658024,-3.154485469737228,-3.291931112969832,-3.2611850379825533,-3.1879472704649214,-3.229778901205207,-3.2170522973732183,-3.3419235139628953,-3.2297605141545365,-3.247084921376552,-3.2488955561017114,-3.2488955578374865
-3.288796641056945,-3.2400489808570434,-3.289002575800611,-3.2717983442178356,-3.2242503193125356,-3.2642513555063424,-3.2463165823570055,-3.354930645410287,-3.245387271808716,-3.2621757322336693,-3.2732996426103567,-3.27329964427999
-3.3046341143640117,-3.2478529445982813,-3.302382786662197,-3.293084584939463,-3.246139654333779,-3.2954138920414144,-3.276644838222566,-3.3766899203568363,-3.254003787032965,-3.2711296047560143,-3.288071048170959,-3.288071049775003
-3.262324526487739,-3.215427994812416,-3.300113033806458,-3.2866334956530334,-3.2323391288097154,-3.28320235073068,-3.2762129598903327,-3.3922549680613034,-3.259097733131743,-3.2749886585426893,-3.2874770420069996,-3.287477043795109
-3.289069110680449,-3.2446231280178948,-3.3034827998977,-3.298025076469072,-3.2629976721101928,-3.296660994782465,-3.2704844754119495,-3.3657283100788327,-3.2731823331868757,-3.288972584106377,-3.295570814384347,-3.295570816327349
-3.2875374503484998,-3.256518478233811,-3.3108982060265877,-3.3122242072011097,-3.2719986190366295,-3.3117694382672016,-3.2556025486403297,-3.335037076001572,-3.286398334189581,-3.3017295279013137,-3.3111770839854398,-3.311177085929896
-3.22918566184199,-3.2518569721203914,-3.2908984972596516,-3.292713341242086,-3.2343524716795957,-3.2900350300831755,-3.217678056738231,-3.295507046107508,-3.294954939598342,-3.3122813685481662,-3.306565782697109,-3.3065657856744513
-3.227069371754529,-3.254467226858224,-3.304992090907945,-3.313434477921825,-3.251844159699215,-3.3142523564631468,-3.240391586323895,-3.3134335622707187,-3.3045535812240043,-3.322031999475038,-3.327955266957039,-3.32795526961062
-3.2247721114489245,-3.27852319055572,-3.296447834442619,-3.3086924012460477,-3.210068063501388,-3.31481752556805,-3.2445380980147354,-3.285200919372449,-3.29753468106337,-3.3161921149858213,-3.320866841033996,-3.3208668437828313
-3.2528892114747388,-3.2727464600350604,-3.2604979328015338,-3.285631639203565,-3.175790501569829,-3.293241789998386,-3.20432950918092,-3.2377392208650435,-3.3135350869497966,-3.331405266022756,-3.3306343546656523,-3.3306343570075816
-3.228986985625136,-3.307101051443636,-3.2392934470831483,-3.2910295399851996,-3.1486283537518114,-3.284714250626958,-3.1734006817763007,-3.2052951159324934,-3.3184349199360144,-3.3386793430906128,-3.3457092776196173,-3.34570927947698
-3.246284875862413,-3.313660714561149,-3.2260429785443887,-3.2902798017093335,-3.1609151908659863,-3.2800659922806084,-3.186569858910806,-3.195646361938132,-3.3270792565376035,-3.3457387032864068,-3.3486697137418595,-3.3486697156594425
-3.247677584575295,-3.318798151856004,-3.222336454053944,-3.300772547544525,-3.1722092575136953,-3.2964658247724983,-3.214657540134713,-3.1986521739020763,-3.332311272929762,-3.3511541330081847,-3.3627933066752336,-3.3627933084227712
-3.2169613362339375,-3.289008019767817,-3.212263615106847,-3.3031084314781616,-3.1703552157568784,-3.296263673069086,-3.220473774611956,-3.1834824538294306,-3.3331758925512043,-3.3516405620400533,-3.374631849600048,-3.3746318512095517
2.383958303764315,6.207931432190875,0.8944134547373372,8.648465535942618,5.711441238290289,9.093338607788773,5.014219089377253,2.174149313738432,11.822818854995516,13.07639382499628,15.229473196122733,15.229473472378931
12.819298245289648,15.876837003837935,25.366025759189363,36.62647734668922,11.247930167945878,26.773399931866365,20.953279480836578,18.337341322750405,37.914850346162254,41.4498518120748,42.482298551033686,42.48229860504952
-2.8818190100733574,-2.909995188907379,-2.8586195144216364,-2.9449093553441625,-2.565285312500071,-2.7913699345017022,-2.7386082689763316,-2.700420754986374,-2.951871143703066,-3.0274070612682085,-3.0244729785990287,-3.0244729772406576
-2.6631209902142734,-2.7166021225297188,-2.749680070363365,-2.8256376074448575,-2.5834037440345536,-2.782720929612741,-2.741340954493048,-2.72652937884218,-2.95296137260143,-2.932000044713601,-3.0367052122841103,-3.036705210109152
-2.6181845868000027,-2.670912674989614,-2.725490024274809,-2.786320334959786,-2.619992011852423,-2.7784288691334127,-2.746922544256091,-2.7580584888213684,-2.9421364618815486,-2.9299555638742594,-3.023227141858618,-3.02322713993553
-2.7048494027930436,-2.7502449074422866,-2.7463387546460067,-2.7930578531612293,-2.6616874450346706,-2.774638869574434,-2.7574246848587025,-2.7757397528794026,-2.942911847158752,-2.936433273332651,-3.014024680829457,-3.0140246790526652
-2.6924539954153195,-2.7184837166983944,-2.7463298575065385,-2.7778699716429607,-2.7402166132008032,-2.7905431773256106,-2.802332405492971,-2.81433986331122,-2.938090131107547,-2.9403856753258095,-3.025183292825916,-3.025183290467833
-2.7123291970833794,-2.731711876375781,-2.7568840130978707,-2.7705109659903724,-2.822315762593944,-2.818755065691729,-2.8593043173108574,-2.8552735894650083,-2.9606126267969715,-2.963970183616377,-3.0455661834558674,-3.045566181484496
-2.7507854334425694,-2.769337731759021,-2.7902356652885363,-2.7811128448797713,-2.9012956750589485,-2.841236918091375,-2.8995252272545073,-2.8949565492140366,-2.979874219388191,-2.985488025845489,-3.0503399031984575,-3.0503399019577224
-2.7323336550676456,-2.7157466213189467,-2.8174884781889875,-2.7883347120654562,-2.9193835245569195,-2.8514196843750357,-2.9348639735321136,-2.9204052740703212,-2.9973705694457458,-3.0042036388518922,-3.0574458974776606,-3.0574458963157256
-2.7572642218945034,-2.7428229794057,-2.842195198719089,-2.798734213484509,-2.9180603299966883,-2.8862085504943256,-2.9752380972546035,-2.9491790430703086,-3.010768617468044,-3.020256595549008,-3.076703664720714,-3.0767036635332037
-2.828056314438096,-2.81017883207805,-2.869023937271862,-2.8176372561638954,-2.890472267205891,-2.88937445082761,-2.976261894710147,-2.947663886525489,-2.9633337670330415,-2.9855590888045755,-3.040311356070852,-3.040311354302141
-2.832657853619786,-2.808975276914308,-2.895170384267339,-2.827683608360463,-2.952019066760755,-2.9224785205540673,-3.0343131408385533,-2.997172163398648,-2.9818534712219167,-3.004035751519736,-3.0614923787065575,-3.0614923772303904
-2.9452853954627365,-2.88915020332154,-2.9274983284203473,-2.845358592362707,-2.978981012951905,-2.95366406964426,-3.0851839489879884,-3.0366763082959536,-2.998730168550491,-3.021542546143621,-3.073270310314368,-3.073270309041309
-2.9309943636780407,-2.8659773851618318,-2.9523831468951407,-2.864102001838058,-2.993221656057785,-2.9881092673270877,-3.1216987440013537,-3.05686162240981,-3.0126506041013017,-3.036404690201106,-3.0932746085629743,-3.093274607457004
-3.004243338159057,-2.952053957044696,-2.968473589915497,-2.876183647083666,-2.971665832493672,-3.0151247767712914,-3.1424870762515527,-3.0623104242572894,-3.019768811686726,-3.0454450279783756,-3.0994895674478027,-3.0994895664360547
-3.038052761061948,-2.955065855642233,-3.0244229605158557,-2.921094992584571,-3.003851686501731,-3.04989402564808,-3.1636626554119966,-3.061546288765484,-3.026878114309963,-3.052922993459713,-3.0955330857310335,-3.09553308515417
-3.024313150825094,-2.971387182577817,-3.055520433542841,-2.9424594561947868,-3.070196538529032,-3.0672840238894237,-3.1847540369559404,-3.0980757638594607,-3.0459990495586364,-3.072576863017116,-3.1059507490545264,-3.1059507490630045
-3.0725139186761856,-3.029595513497688,-3.1027110396147077,-2.984183666641924,-3.1151958819300174,-3.0905693117657203,-3.1861114040994885,-3.1233823579856237,-3.056699194500329,-3.0846105148747847,-3.115490848828359,-3.1154908490191726
-3.0995012684685754,-3.0517911177258648,-3.1409897644155405,-3.0196428676586047,-3.1410163284303962,-3.1188194651404038,-3.2079874489512843,-3.153844148158115,-3.0756256920766423,-3.1034961534107817,-3.136670708704039,-3.136670709164556
-3.1436000052078485,-3.1070744231136187,-3.165648601887405,-3.0468404415925425,-3.1430379650014864,-3.1552437383118317,-3.2244056086770736,-3.168559293602681,-3.092378227710908,-3.1207966817467465,-3.1632580701095554,-3.1632580706136886
-3.242949430389051,-3.175235314810038,-3.1959414495911256,-3.0811242738552607,-3.1326959141352058,-3.1731889499144508,-3.218582806751543,-3.176780624844431,-3.100286555635262,-3.130641787322322,-3.1802328119574197,-3.1802328123011243
-3.245440873178558,-3.20522398029676,-3.2365363151187787,-3.1219810851895313,-3.122485595024063,-3.179075652736826,-3.2280678843092856,-3.203526677264379,-3.1196263653079632,-3.149568887637945,-3.1861940913008673,-3.1861940922901164
-3.0970156659985184,-3.0433899300312266,-3.1259256436977947,-3.02988590679834,-2.892117791039037,-3.0639964643042483,-3.0632797526714652,-2.980099214295257,-3.039503165269834,-3.0763559915860603,-3.126935268495885,-3.1269352678840425
-2.9807707425618672,-2.944595376826917,-3.0496694568895246,-2.972445402161941,-2.8414544207729584,-3.0400978088698123,-3.024268271368782,-2.9516737870540024,-3.0345713572403996,-3.0737955164067103,-3.1234481908388663,-3.1234481902751785
-2.962914609653673,-2.9280640162807763,-3.0171391417545115,-2.945864250094388,-2.8674296782874373,-3.061889850485338,-3.0431577464171804,-2.9859144647162053,-3.053104715511098,-3.0919351543759044,-3.1494224909236572,-3.1494224905517028
-2.837311697330696,-2.8143570276100403,-2.96327068604124,-2.901503036433835,-2.8496461570771574,-3.0532932257980185,-3.0163986447390374,-2.9811955381758652,-3.0472721763789368,-3.075457829781088,-3.156205865029378,-3.1562058640837884
-2.8352297422859527,-2.8323426970994414,-2.9552194637115705,-2.890559052936421,-2.8941763646295424,-3.0876736444278414,-3.046207984641903,-3.0220844360954007,-3.0656525301434088,-3.0949615926480734,-3.1801598772141286,-3.1801598763584744
-2.9477630460596984,-2.9041358325258733,-2.9489375469567025,-2.8742585172171573,-2.8648828205568933,-3.0673579456351217,-3.0338395590022627,-2.9863651736343755,-3.0585941305097024,-3.0909600164529047,-3.1576259429787457,-3.157625942297189
-2.9240293375588577,-2.899751791086391,-2.981796213349253,-2.900354688045498,-2.934829621757061,-3.11402518411806,-3.1010128474183176,-3.0360828211483275,-3.0684357522038654,-3.102663652893883,-3.17584546926131,-3.1758454685604836
-2.9835381929850984,-2.9416074491150423,-3.0214417756342296,-2.9298848193782225,-2.9675330148804964,-3.128443565757144,-3.1420148181754817,-3.083155507826312,-3.0656495341069503,-3.1045324320971615,-3.1836805888537696,-3.183680587718319
-3.067469832779697,-2.999964971717943,-3.0566975796842897,-2.947811584871383,-3.0169196436848464,-3.154937423338727,-3.1982997791073924,-3.1325682540239645,-3.088219694474348,-3.1262976769557085,-3.2116366585813196,-3.211636657727558
-3.0096774371595387,-2.9396102012893315,-3.096638463627843,-2.9795468460883763,-3.0773504516284107,-3.192435772762054,-3.242584733420062,-3.1747976559108113,-3.110663350328708,-3.148240398154569,-3.233185079825331,-3.233185079441118
-3.1089302578310356,-3.0383336550207676,-3.151185153932112,-3.0250064716137772,-3.1326222776090855,-3.246536245094653,-3.2812157758107228,-3.2134542435409332,-3.127912932459595,-3.1652856216344754,-3.256779433203522,-3.2567794329720208
-3.1945889485935237,-3.139573158602775,-3.205455923000308,-3.08094410055151,-3.163536906256479,-3.282244093340563,-3.2985103902011015,-3.2309713866002285,-3.1464707221186776,-3.1837178726018776,-3.276601166469539,-3.2766011664925276
-3.212448670629759,-3.1703256048236113,-3.239058586621598,-3.1244562849817834,-3.152478339514784,-3.2860710963301147,-3.2837075513876064,-3.27185285174333,-3.1200184030100555,-3.1643078436129954,-3.25900392053937,-3.259003919455753
-3.225312484159847,-3.1382339686146907,-3.2614653977965515,-3.136564436556205,-3.2028533548929685,-3.321093543210968,-3.3069617830219227,-3.2923353728840703,-3.1422934877466986,-3.185835460505987,-3.2891321534244726,-3.289132152535422
-3.1850811900664198,-3.1352653755208957,-3.286640870826566,-3.161819741872083,-3.2359217964160187,-3.3459814153190743,-3.3341835053716693,-3.306496908426741,-3.163569074832376,-3.2065606293210798,-3.3086623803773962,-3.3086623799020893
-3.2640085895888538,-3.2012608909733524,-3.3126288514897477,-3.1931683657669265,-3.2577471655656423,-3.361350718865828,-3.3382565281847882,-3.3265027213320697,-3.1802497320061893,-3.223792914276155,-3.3304319103078788,-3.330431909971251
-3.2714537028224013,-3.1849613730683553,-3.329788347763457,-3.214052175592725,-3.259993202787565,-3.3568169746433085,-3.3317024552171777,-3.322561141316924,-3.2014834750813526,-3.2444691882255525,-3.3358508434908676,-3.335850844196359
-3.2841527342183694,-3.2397260594829955,-3.346332843623166,-3.2346575420203876,-3.2763885697674855,-3.3572112673552668,-3.353594747959719,-3.328304255433883,-3.220375395440532,-3.262944085988841,-3.3466425735058865,-3.3466425747613417
-3.3530265530538363,-3.295135726408422,-3.35794617658661,-3.2666790675012654,-3.285316972912401,-3.3700793321509206,-3.382644809903119,-3.331993949644977,-3.2341995318520116,-3.2774807695362402,-3.3607847172644356,-3.3607847185533446
-3.3726268006483417,-3.3224685403666787,-3.3857641451572764,-3.3152591162791487,-3.329208858323409,-3.4037283983313893,-3.4510208186464797,-3.3643060021694287,-3.240429225546501,-3.284433723131236,-3.367333567064579,-3.367333568442871
-3.328393175268725,-3.2742492903492924,-3.390190944549172,-3.3272644882682942,-3.3347364860597737,-3.3805452144446355,-3.423414848604354,-3.3515358300755347,-3.2559480162193264,-3.299486357897701,-3.3616403681969973,-3.3616403706661355
-3.3877688215793724,-3.355187026797672,-3.408634876743717,-3.3531505873242557,-3.3748387308038916,-3.407093846111727,-3.435599538955623,-3.3513772103503445,-3.268456024540451,-3.3118877115469902,-3.37764117566276,-3.3776411782653657
-3.381512220690762,-3.361661416116237,-3.4022870653269837,-3.3628592939263124,-3.307440563589372,-3.354818099102755,-3.34331979259054,-3.2976748013734927,-3.2092614818538534,-3.260677563736979,-3.2972148477219694,-3.2972148493553437
-3.318884198483148,-3.281008137934647,-3.365333266318308,-3.3217005518799487,-3.2103980447702716,-3.2658536225690495,-3.2305385045498687,-3.201713479635926,-3.1407768434931276,-3.197862923822305,-3.2083046805019375,-3.20830468187372
-3.304081621948632,-3.2648272732572643,-3.317963597406278,-3.27561399162618,-3.2746250724864634,-3.2559711531634417,-3.2024452619338875,-3.1938466872142453,-3.1418260827865025,-3.198886354669913,-3.196993733833969,-3.196993735255103
-3.2462895826569413,-3.230137415364947,-3.313097541287574,-3.2714264016802024,-3.269997154112228,-3.2287518416711105,-3.2112560908863834,-3.20530330034301,-3.1523508186122644,-3.2096662889201886,-3.1885747627063266,-3.1885747645952955
-3.2420796555668483,-3.2020845048437456,-3.3202526015760125,-3.286425247698407,-3.314815850941824,-3.2482836720002926,-3.2507899808139595,-3.233810117104233,-3.166856015655788,-3.2233163635728443,-3.2128098437609047,-3.212809845670189
-3.228901783331571,-3.180367991330656,-3.3118892691585384,-3.2810984731315296,-3.322946290744822,-3.253177872282527,-3.226641388741877,-3.2341728257593343,-3.1632496002161545,-3.2210103006215873,-3.213335663407963,-3.2133356651632585
-3.3170899335804327,-3.24958356746976,-3.319646921838522,-3.280381196984816,-3.3682133674409327,-3.2829293924361007,-3.272077691697561,-3.259493049193014,-3.18305617651103,-3.239440440496595,-3.242051563090376,-3.242051564974166
-3.3438337810350918,-3.282391760158763,-3.3439566845915745,-3.3018995666510764,-3.375871089644493,-3.3015510807081343,-3.3094107510548594,-3.285518406106321,-3.202504154451176,-3.2576901043134208,-3.260468064227126,-3.2604680664072667
-3.2625237437501067,-3.217676377410934,-3.300073324106603,-3.2687205268586728,-3.1669083100807356,-3.223921303137634,-3.219177615802438,-3.1438661621039747,-3.151799827528326,-3.2113847698124722,-3.217771731285219,-3.2177717328487097
-3.2958570705164347,-3.241483741206896,-3.3009502272678546,-3.2829016146489987,-3.2135158035832436,-3.2619052798892727,-3.2807764727314597,-3.171528754667463,-3.1725241376282183,-3.230689263776424,-3.2475524193204355,-3.2475524209835642
-3.3206658775008706,-3.253739507068839,-3.2981077572025206,-3.2783205581962345,-3.182867746908971,-3.247717691671073,-3.2650610492677754,-3.1643191498876058,-3.165345471012758,-3.224737179742995,-3.2359292850047914,-3.235929286568517
-3.286043787898152,-3.215334515336197,-3.295403818891659,-3.2727917756612097,-3.2184197126926115,-3.2664254786468065,-3.3209912632956105,-3.1966125223496094,-3.1805524225909902,-3.2384965564845567,-3.2553401228861887,-3.2553401245947615
-3.2718831605383323,-3.173796403785087,-3.273240517961189,-3.2386415400693473,-3.133827911448801,-3.2129897872790103,-3.247745556572232,-3.1246739093609746,-3.1385540144000066,-3.199657411548977,-3.198481631691765,-3.198481633036964
-3.2602345923605975,-3.155732751887607,-3.2648190949430766,-3.225364347516509,-3.17663942487028,-3.225828980719164,-3.2588636676646416,-3.1592214232281597,-3.1460488735281675,-3.2071912548669355,-3.21427422546447,-3.2142742266853324
-3.2835400452703567,-3.212749089402391,-3.248712495720669,-3.2096907445685767,-3.2077957975772207,-3.2423600184344608,-3.261074105221701,-3.175315177781943,-3.163678623260428,-3.224025647511981,-3.2306601249543023,-3.230660126597053
-3.253060467870647,-3.1845383064976382,-3.2509809398025187,-3.2121236551748846,-3.219348441185071,-3.2573643661421583,-3.276204690511919,-3.178601450856589,-3.176932045951797,-3.2357072759259093,-3.2493836092761086,-3.24938361106497
-3.2815884645109286,-3.192709425419406,-3.2671112108848743,-3.237100087552173,-3.2382616743802064,-3.2830708919959717,-3.287635146544313,-3.191184411717594,-3.225142095916531,-3.2389676626690025,-3.2684907763012947,-3.2684907779836285
-3.2237581016214043,-3.164994305501616,-3.2424151360618665,-3.2033400284113824,-3.219669019844986,-3.238166941947952,-3.244174189334004,-3.1980652533135134,-3.2367647070651158,-3.250079276108631,-3.229881599342228,-3.2298816030379154
-3.24646860210758,-3.1939996435189375,-3.2517502860061507,-3.216155686237026,-3.2524317064383403,-3.2399968646814443,-3.2694400820648157,-3.2388928191494832,-3.256038132315262,-3.268026633588185,-3.261863538354012,-3.261863542011246
-3.3302034824183075,-3.2501592767041494,-3.2705669120285528,-3.2405001535877744,-3.276781186249183,-3.2497213461927394,-3.2824910081472582,-3.254249066422087,-3.2730716046220008,-3.2841862059265106,-3.2855110161501253,-3.2855110198725623
-3.29740820148075,-3.2382416990131357,-3.2697051759378426,-3.249931214301254,-3.3117264993754247,-3.2724607625225985,-3.2815878444448545,-3.2479129374333002,-3.2886487071751573,-3.2999798318153766,-3.302670273395295,-3.3026702771888523
-3.3964406475824305,-3.318260637183618,-3.2771214188061912,-3.255754443191427,-3.2873870431954586,-3.2749461567998193,-3.2672333512963685,-3.217463231122371,-3.2753773359328364,-3.2879506035755557,-3.2913110324261843,-3.291311035982677
-3.3319937116041967,-3.2667716698401774,-3.277756512677438,-3.2607767743296034,-3.315457795068512,-3.2860623286882538,-3.262937473342671,-3.2162119516534395,-3.293247594549312,-3.3046733095306156,-3.2962874876290424,-3.2962874918769067
-3.344623750992002,-3.275418331977761,-3.2911612711623714,-3.280091509906409,-3.3635202527195434,-3.3225449913233756,-3.2847381581782056,-3.2524265881523435,-3.3097002073709443,-3.320573843787156,-3.3196862155493605,-3.3196862197929713
-3.316966234187608,-3.250651234857071,-3.3122182408487784,-3.3078488208051464,-3.24214239769944,-3.250403897886276,-3.1891140610166233,-3.18550176971286,-3.227769609148201,-3.2412471309138455,-3.2210880685810137,-3.221088072950886
-3.2634760867049764,-3.1710735870490874,-3.2716463976999424,-3.257401923783576,-3.2533344470617815,-3.214370296740697,-3.166351347915619,-3.186230729531312,-3.243094603496729,-3.2554462504735557,-3.2178327778629097,-3.2178327827477387
-3.231843337847876,-3.1514682130618854,-3.2484139493555233,-3.2229661429434797,-3.2111717099033936,-3.201236163711349,-3.1736571305463173,-3.181600136982044,-3.2446518440184433,-3.2583456448709334,-3.2244059616357257,-3.224405966301984
-3.1854985242151015,-3.135891008944904,-3.2291329722122795,-3.2048962987017133,-3.1588278098357607,-3.1885156956390786,-3.178582250726298,-3.1741738689458168,-3.244709635622036,-3.262444555968117,-3.230909156886096,-3.230909161376235
-3.1977017989896463,-3.143141504960774,-3.2096704222769583,-3.1765960497560353,-3.0965836631050307,-3.1470432538726367,-3.1393282277439996,-3.096910679486786,-3.2194594289547593,-3.23745954127121,-3.1823574645421946,-3.1823574690300958
-3.196827909365309,-3.1638873158298484,-3.2179375617244648,-3.183849843821715,-3.1446398050416993,-3.1857804690857368,-3.188533706578215,-3.1324936857970647,-3.2372094092333237,-3.25410034441545,-3.2102813113913635,-3.210281315818937
-3.2070052790422907,-3.1626360340954194,-3.2239169616166308,-3.1933356424309514,-3.158251284622926,-3.224652126566712,-3.223617131774154,-3.13808893282674,-3.2486081137206493,-3.265544750082906,-3.2313078543337967,-3.231307858600326
-3.2746914504067637,-3.2210677049667007,-3.2052213848119018,-3.1818479738657848,-3.1414093357228428,-3.2425089085555907,-3.2222385873549833,-3.1280848254638203,-3.253703548145686,-3.271682644373941,-3.243253086375052,-3.2432530906373356
-3.247029801201074,-3.184524828515475,-3.2076575680712507,-3.1860016662344783,-3.152342480747694,-3.2386935471374203,-3.2124440672665733,-3.1313782975616373,-3.2597331107005774,-3.27956118718308,-3.25335359841009,-3.253353602794392
-3.22675794787067,-3.1985611272943975,-3.2178893476147867,-3.2010207885118267,-3.1670061952894937,-3.2540792396079063,-3.230698279881873,-3.142228514572869,-3.2785485374343706,-3.297017714816452,-3.276814330906424,-3.2768143353316344
-3.2696827076772106,-3.217044721702656,-3.2312717603445487,-3.217086087100089,-3.1713802839093392,-3.270069061755844,-3.248872038482057,-3.1584646850511326,-3.2956837914056702,-3.313419091166773,-3.300425269368626,-3.3004252737346
-3.2847959080996647,-3.2186436787228767,-3.244474018602203,-3.2325409848005107,-3.1606710103075084,-3.278425123263796,-3.2491467461578165,-3.178397373195218,-3.2925510024985893,-3.3121377939831835,-3.3114159046914686,-3.3114159085620196
31.082440153699636,24.444695907369663,27.72679850887277,26.055335080470332,20.13012347765468,31.77759456727614,28.262091588434906,22.363304340417656,32.95446958567194,34.93885258681796,35.3910607220172,35.39106114365165
-3.2008224428412158,-3.209275922677014,-3.0926505300463094,-3.0908114107674556,-2.7245104435090295,-2.9734951529983773,-2.90159171164368,-2.9834749835822736,-3.1088778892836837,-3.137588339738477,-3.1460287758588708,-3.1460287765859727
-3.125137442649466,-3.2141060717108303,-3.041935323649614,-3.0529709573362513,-2.7978422926748587,-3.029466649043172,-2.9933515056197946,-3.024418780577862,-3.1202921421867265,-3.146748230144943,-3.1663507076983626,-3.166350708435323
-3.1077157171938996,-3.2031374284161114,-3.000903827486978,-3.022001855048397,-2.8403241831201544,-3.0628523119948814,-3.03852614279794,-3.0303362265859293,-3.1262802693811933,-3.150093420318908,-3.175961168617261,-3.1759611694770444
-3.1172264354140244,-3.1996607729422877,-2.972091088243594,-3.0018442605306443,-2.8805617860767256,-3.089494745196185,-3.0945325887821107,-3.0441544368266893,-3.1328344805262054,-3.1538986469701245,-3.179746489149307,-3.1797464901637618
-3.154164803373984,-3.2532549734652063,-2.9886863795803777,-3.018743698497661,-2.97358897861605,-3.1678143589820085,-3.199781040591442,-3.0871493543794934,-3.1494692308074237,-3.168174885806634,-3.20566113925143,-3.2056611403127304
-3.165461965377798,-3.208234729837673,-3.0347572228890862,-3.058752100196104,-3.041683448843269,-3.222625422962216,-3.2637993064012414,-3.1301307376592846,-3.149671568366311,-3.167702403670094,-3.210815381935674,-3.2108153829028345
-3.137916378741223,-3.1848535154680473,-3.0645283140735518,-3.0789306172041835,-3.0842172866825246,-3.2482990097658773,-3.2920454230521954,-3.165917279580468,-3.156819657118987,-3.172779543215445,-3.217356843415092,-3.2173568444424503
-3.1993914632285723,-3.233744317298102,-3.1027306262685173,-3.103466320859754,-3.146668459534943,-3.309589018635539,-3.3421594278166737,-3.2031524104973146,-3.1730117288765767,-3.1870968366549848,-3.244102865282162,-3.2441028663147646
-3.1776585034020406,-3.243865243191143,-3.1364518756725577,-3.127043787593563,-3.1840461569746203,-3.343927732596007,-3.376720275479289,-3.2358755389060945,-3.1835924053273716,-3.195807272234357,-3.25944291434117,-3.25944291541919
-3.1658819729114356,-3.208607166113657,-3.1854100759958603,-3.16618462300098,-3.1802719672762363,-3.3358639611195406,-3.3537524249273365,-3.2340196828422307,-3.184052604422945,-3.196046551126194,-3.2592108842761256,-3.2592108851634096
-3.2592095033598483,-3.277281828718287,-3.22254162268487,-3.1993972721240183,-3.2021469344235833,-3.3331253758587662,-3.34440855388139,-3.2396189411012717,-3.1973933148564164,-3.208131758801975,-3.280852483838178,-3.2808524846833844
-3.168100392327755,-3.1680515892460805,-3.2353214517643716,-3.218323235132899,-3.1671614874480505,-3.2940434441077167,-3.292535945109499,-3.260209851023655,-3.1644946607310755,-3.1795483986921225,-3.259288411457859,-3.2592884114105836
-3.242611981318733,-3.269711241553246,-3.2513715249000126,-3.2283094358449134,-3.219584834289436,-3.3159465211746504,-3.3115771269520367,-3.266938360705791,-3.1811615200607495,-3.193519101912607,-3.2719740311291754,-3.271974031689055
-3.2946332092132424,-3.2835211371866277,-3.285613986607178,-3.262926716309076,-3.249189819600768,-3.327543637310774,-3.3187193302158255,-3.270946283892179,-3.1698378011813815,-3.1804369591290245,-3.2535765512584574,-3.253576551951635
-3.2783415563492797,-3.2821156914745933,-3.312169233111918,-3.293063355402848,-3.3117964613258035,-3.369700201105229,-3.363774593252831,-3.2951008550498178,-3.1872710108371565,-3.1960901497010767,-3.2787080552461814,-3.2787080560326505
-3.345439965746033,-3.3178681235984344,-3.3298475012883064,-3.318553335848999,-3.334666255440063,-3.403067799677265,-3.392885696650622,-3.2990378225423465,-3.1996506766980533,-3.2073707350910845,-3.3005531842034728,-3.3005531849761596
-3.1518217403507984,-3.151983508681773,-3.261222855919617,-3.2552211363275045,-3.2457795409752217,-3.3209723237285815,-3.2672449204617777,-3.2125375994339986,-3.209429649524278,-3.2143104768309367,-3.2544572085764956,-3.2544572116327046
-3.173939658227672,-3.176236164791657,-3.2315919366088757,-3.2402132677214643,-3.248382975086522,-3.286902786780599,-3.2245140545453856,-3.16834481623913,-3.2184204672980696,-3.2207421267495793,-3.2521195004889547,-3.2521195041686646
-3.1088801406216353,-3.1196388261204926,-3.2141458390401607,-3.2253120997433107,-3.261191855205305,-3.263603748157143,-3.2216332161546184,-3.143684368626187,-3.232709744988512,-3.232991472724881,-3.266232425067603,-3.2662324289747358
-3.13119824794746,-3.1244628677574826,-3.216009243703567,-3.227995551717809,-3.240620518268849,-3.2489348864531915,-3.213207373441683,-3.1293792028716365,-3.2228571305230616,-3.2233120489024722,-3.25844218078193,-3.258442184706579
-3.1213253261073794,-3.104743967491241,-3.221954080992895,-3.247622409632692,-3.286535077990801,-3.2676278291315746,-3.235297016593859,-3.1616530441542885,-3.2321579795252537,-3.2325443018218234,-3.278564659399998,-3.278564663331493
-3.125870286096423,-3.0962946453262283,-3.2356104630927898,-3.2583815190495167,-3.302449930970513,-3.2930841529978787,-3.261206775349303,-3.1717699374482446,-3.246777878948999,-3.2458439374822574,-3.302342823926995,-3.3023428277919296
-3.149404030864762,-3.124829018584596,-3.242902603042248,-3.2672574074297938,-3.3152201375772945,-3.3148597880425825,-3.2627353194209454,-3.16351047148122,-3.2592531930802755,-3.2567442526117203,-3.3115639083341564,-3.311563912311238
-3.2236024597406985,-3.2098491777955127,-3.2305686293393325,-3.2629921931071837,-3.209421344065821,-3.2692739870860126,-3.2023599362869417,-3.1168492486804205,-3.239098794103972,-3.2397658029594005,-3.295421661512945,-3.2954216652150334
-3.2565835169381163,-3.2418577882937445,-3.225568804065111,-3.2641253566108848,-3.2214529877418485,-3.281591354099786,-3.195878556379624,-3.1103135616397246,-3.24802923208718,-3.2485372570858884,-3.3099052727060747,-3.3099052761407073
-3.231233791965086,-3.23966552486933,-3.2257789976983293,-3.269805977692167,-3.2441533836975207,-3.290728658419926,-3.196555255778087,-3.111070816815608,-3.2578471807642835,-3.258353295950843,-3.3232761114748866,-3.323276114845724
-3.2812476829710917,-3.2710848878162926,-3.2380278949989476,-3.2945818641977778,-3.271267521149122,-3.323566047876043,-3.2230116663854798,-3.138501647122,-3.2570187344968193,-3.25803649797066,-3.3370364731258797,-3.3370364763219373
-3.3162913136294403,-3.304041568677139,-3.2571539706461787,-3.3171871576225462,-3.3339030321550087,-3.373049050623828,-3.2837270932652523,-3.1778807343859814,-3.2708385405643194,-3.2709609619024027,-3.3582264865012497,-3.358226489716378
-3.2587439709679664,-3.2289253717264828,-3.2513376154512996,-3.2994798307806628,-3.291009264015904,-3.351101515427712,-3.2437574355255605,-3.152190747173089,-3.2723953933495458,-3.2725646149043834,-3.345441239551166,-3.345441242555356
-3.258059516269287,-3.2447492105371376,-3.2542565171261146,-3.300015659620553,-3.308296506953001,-3.3638411435182243,-3.257264762673602,-3.1577692024436566,-3.2874937000878903,-3.2865670271264746,-3.366019295991864,-3.3660192990799973
-3.202024962427614,-3.1722452706100817,-3.20780020986644,-3.2316378868065727,-3.1652348183332837,-3.2473799997181185,-3.124971379059879,-3.0851136544839814,-3.235447172231779,-3.2403648374915925,-3.2675292341993964,-3.267529235868933
-3.179668661005109,-3.186590085586569,-3.191805138885855,-3.2225556289828976,-3.237173095516499,-3.2654699523127966,-3.1472118862347607,-3.0773798380637545,-3.2340857453054483,-3.2373755209025417,-3.269969570535568,-3.2699695722729145
-3.205677591908859,-3.2147366552392493,-3.190644953126017,-3.227351490001235,-3.2732788752789466,-3.293000920328853,-3.1858046199143017,-3.0742281265694524,-3.243616354435495,-3.2455883571273176,-3.289408586396461,-3.2894085881019395
-3.1273951549858205,-3.135008930698166,-3.1259448747003122,-3.1528291159934776,-3.236518090521068,-3.1720654406228843,-3.1216850449139426,-3.0376181249957965,-3.255212772057631,-3.2542379545776505,-3.2204811070195554,-3.2204811120537915
-3.1266847013256225,-3.1588363596490057,-3.110660827438046,-3.136226583598745,-3.2533274136820607,-3.154657529489027,-3.1282883270810853,-3.032869624143502,-3.2511345577622213,-3.2489856179264764,-3.229843583770727,-3.229843588650759
-3.0975128402805296,-3.119000828003971,-3.126243697425984,-3.1564536733557453,-3.303570276657118,-3.1834017771881014,-3.1834536865410867,-3.063979013274415,-3.2649764720687044,-3.2615447582831227,-3.2560513169125547,-3.2560513217515252
-3.1156730506206474,-3.1313707876086534,-3.1352030470216365,-3.1662473935051993,-3.2793176171198493,-3.1896037873234246,-3.220396723865817,-3.084833307111522,-3.268429176075384,-3.2639955680944865,-3.2615158193521996,-3.261515824086952
-3.1343421119075163,-3.145533577596119,-3.1557377108815543,-3.182747452717016,-3.3009070173351214,-3.2189806491647377,-3.2721049748994515,-3.1305221652701025,-3.2773973973289383,-3.2725573603485842,-3.2844416474726237,-3.284441652056417
-3.164842562849086,-3.170307845089492,-3.182446950796786,-3.198647652832325,-3.3208676825495607,-3.2543864719148377,-3.317282483710189,-3.176209809286836,-3.2866878385753657,-3.281085309369471,-3.3012474958586013,-3.30124750047276
-3.144690712981351,-3.1546865823274666,-3.2028673466226985,-3.2118394951744147,3.1819782199686415,-0.6139658962181591,4.50692512543206,-3.201295195861236,0.26081195260799905,-0.1783686507396034,3.434334861731954,3.434335225766125
-3.0774042746081802,-3.1638081485990224,-3.1166204454088526,-3.147590084907759,-3.008272675637017,-3.126107929920381,-3.1264380893068733,-3.0297548884797383,-3.1581025276855006,-3.1629656334123992,-3.2300942780682655,-3.230094281322846
-3.059920530523242,-3.1473557772414074,-3.081623049387729,-3.120433926677977,-3.0814948454474216,-3.166986370044052,-3.1723057292848216,-3.065235168422011,-3.1593616825740725,-3.1654467902359227,-3.247096101482945,-3.2470961043833437
-3.0247331440115452,-3.1420963401701627,-3.0677632269971586,-3.104548034730236,-3.150210181509297,-3.214656022922707,-3.2224993122061663,-3.0937226332587873,-3.1734901794277492,-3.1784172253971823,-3.2685585285414267,-3.2685585315122534
-3.040684482300743,-3.0916670810232985,-3.0716306328832697,-3.0946468316505014,-3.2235246649229627,-3.2311102438933457,-3.261362022314449,-3.1250658496882835,-3.1906230764651577,-3.1936241208924203,-3.286432649256372,-3.2864326526611523
-3.0521793491951383,-3.1084339309754707,-3.101545672427846,-3.105569090940196,-3.257954018452374,-3.247859563410561,-3.2712303127631785,-3.1392989780069183,-3.2025724092671415,-3.2041012414669927,-3.293718989523827,-3.293718993212309
-3.073188643081661,-3.125846870248953,-3.120927141810193,-3.116769484688805,-3.285455027994881,-3.2634388441219944,-3.2697377441873012,-3.1452015717516884,-3.2170270311118436,-3.2173118935267366,-3.3137668859238043,-3.3137668897212516
-3.1183902771641145,-3.139773462177236,-3.135994433432244,-3.128361317064706,-3.310954383766502,-3.281575718101537,-3.2895270415080864,-3.163534700727406,-3.232407780864657,-3.231327613077406,-3.3325109666096746,-3.332510970497674
-3.0483567296732423,-3.06426582320306,-3.1109449122912176,-3.1001393316988155,-3.160881635728585,-3.2041535724147154,-3.2181432324094867,-3.1132371889305404,-3.199250000917156,-3.1996821322412026,-3.2794859223247466,-3.279485925906787
-3.1351787084625995,-3.157887344263358,-3.1268174964423947,-3.1182995879511353,-3.2248296845798383,-3.250834188565176,-3.288167214663631,-3.1565079800558404,-3.214846626908285,-3.214104090304096,-3.3032077158263515,-3.303207719479822
-3.1238893884463,-3.143944913681274,-3.1579354083651907,-3.1444993424213186,-3.241199251923555,-3.266683301388193,-3.2962729550449508,-3.1631654080147533,-3.225518827907897,-3.224020582500426,-3.3117912226420994,-3.3117912262899893
-3.1063037602224197,-3.1233995266478622,-3.179607153455438,-3.1580266378800133,-3.25366142404474,-3.2644461191416405,-3.2951159688319827,-3.190783659662272,-3.2236058423868736,-3.2248082341283677,-3.3212266617733186,-3.321226665077861
-3.1454077605233746,-3.1497359244943985,-3.2102816849834825,-3.184979847192599,-3.2646720579935886,-3.2802798201403585,-3.300621514466325,-3.2089209043531977,-3.222416424366167,-3.223770707563221,-3.3241144747930207,-3.3241144779055025
-3.1432455476058347,-3.1296981765521323,-3.215262103364717,-3.16783432914328,-3.23404062687074,-3.2322710838869027,-3.2348092377084323,-3.1735582956831916,-3.2285013759088312,-3.228785072988748,-3.281385259074596,-3.281385263984525
-3.057551098909113,-3.0401497502727173,-3.1783335206242733,-3.1244273776458185,-3.140295302110541,-3.1243809749336044,-3.1473510669313356,-3.1235462549044994,-3.2160567879007274,-3.215494200565514,-3.236523815558339,-3.236523820963016
-3.047409382896479,-3.0698373070004137,-3.1565863865615476,-3.1095319984401706,-3.102632394804131,-3.1082839616957436,-3.1369345744643558,-3.126583452893814,-3.20619168446121,-3.199779993837856,-3.2371772192155484,-3.2371772240014764
-2.9959464916771816,-3.020793453650945,-3.139924551208196,-3.088989440522782,-3.0586749518735803,-3.0802153518121065,-3.106103924862004,-3.1194808944326757,-3.1693859426478075,-3.169813141241861,-3.212407708382532,-3.212407712101631
-3.0138648032649664,-3.013005004129458,-3.145590573760692,-3.1086874164767817,-3.1268488217273185,-3.130252573654091,-3.1739578412679186,-3.1813371390282805,-3.1842382036084467,-3.183468779283845,-3.237381160416701,-3.2373811641415386
-3.020441855715526,-3.0271533258173244,-3.1453878527647374,-3.111986767061578,-3.1690367726623148,-3.16656935605372,-3.197071977668071,-3.1887754111869677,-3.1951844384848997,-3.193376340380944,-3.2559264892206827,-3.255926493023291
-2.9903679058698325,-3.0086384083638396,-3.0524022033118596,-3.039584790674853,-2.9662243410073215,-3.081824963840811,-3.0588124709225246,-3.0371812161635683,-3.111122010919382,-3.1096752263927834,-3.194579132405042,-3.1945791344336287
-2.9748439303716596,-3.0051940021428107,-3.005163078870328,-3.0061638547008593,-3.0177788284886637,-3.1221179932746432,-3.0735118770462564,-3.0474513103169687,-3.1269364440777903,-3.124822574262317,-3.2172649175140875,-3.2172649196415204
-2.8533550546567685,-2.884674117734484,-2.9088888859813844,-2.9188903076994226,-2.8508412981411135,-3.018132590189393,-2.945301408316608,-2.942615996129501,-3.066488387610383,-3.0630189106725156,-3.156192006021336,-3.1561920069865277
-2.810471592182492,-2.821848775471696,-2.864561048077408,-2.8741274841703786,-2.9038637316590306,-3.0443714004659794,-2.9688236558398735,-2.9657494696191344,-3.077613028514894,-3.0736615077813,-3.1705350391737825,-3.1705350403363832
-2.8242646093564776,-2.821179398298144,-2.894113155721595,-2.8909443589812636,-2.9899516203625054,-3.0797892342584863,-2.9947529226209113,-2.9870735655984886,-3.094255226855534,-3.088950307920974,-3.1749052124144135,-3.1749052138027265
-2.8488868439037534,-2.8623920520574195,-2.9046526667710517,-2.8953198183095252,-2.985923214625224,-3.0806947375667857,-3.0022861667476812,-3.001562151434806,-3.1062517756626113,-3.1009737778720834,-3.1789445176363396,-3.1789445189460324
-2.7710594971746496,-2.78467419014454,-2.8961265739493647,-2.8854311536287307,-2.950085693159829,-3.0483422425890305,-2.967614810705406,-2.9679941017956852,-3.0878657337165984,-3.0841740086781404,-3.1744512611238997,-3.17445126230444
-2.774887114075308,-2.7935539494390893,-2.9034879222484653,-2.900555597798352,-2.9708678972449762,-3.0479399305976385,-2.9698010442815,-2.9892633534797017,-3.106976008652258,-3.1024990696946597,-3.196137914112024,-3.1961379154038783
-2.8193652070117063,-2.863721482239079,-2.925708902342872,-2.923979422846213,-2.9884569823529206,-3.037712004457955,-2.984737782322454,-3.0167235206610794,-3.121154763132415,-3.1165732505443358,-3.1930082042217665,-3.1930082062965655
-2.8645983096160546,-2.9087082777539672,-2.9325399729168393,-2.940453589493246,-2.99698103000162,-3.032152022270794,-2.983985995813538,-3.035427530475409,-3.1382024877721535,-3.133345639129417,-3.215091934222568,-3.215091936266746
-2.928935494427849,-2.9824584082683443,-2.9574711630611676,-2.9765446485676392,-3.0214371305784207,-3.0596023899476323,-3.0097344893691638,-3.0536038773032397,-3.1458170739857003,-3.1412219263295773,-1.770186744960911,-1.770186511689921
-2.791561497866331,-2.846874928093489,-2.8648647270047114,-2.8938690258142516,-2.789541568299477,-2.919787091237305,-2.861008176149603,-2.8871176485306544,-3.044524953623694,-2.9791635506280096,-3.139332763154264,-3.13933276096715
-2.756690029511831,-2.8213589915261426,-2.834046675579601,-2.8864293363691456,-2.791924733802544,-2.9012294786801447,-2.853549514892174,-2.913447439300959,-3.0532477727150016,-2.9921898768052926,-3.1359925526900345,-3.1359925507448514
-2.8555002427856175,-2.918019747199169,-2.8270264027266276,-2.8822475549640982,-2.8311214896956525,-2.90578405442364,-2.865732087306341,-2.929290740080577,-3.0545530672083805,-2.999754103543325,-3.1437956371475906,-3.1437956351112115
-2.829077421563327,-2.887189645868216,-2.8094452935204273,-2.86526498226024,-2.8317084461070023,-2.890230256142271,-2.8549106122184806,-2.917580308285012,-3.0528624380798,-3.0026960088664123,-3.1496473802498466,-3.1496473782952847
-2.755511561358586,-2.824768233098437,-2.803817702521944,-2.8641088028147097,-2.904031259944446,-2.9157283796841647,-2.8871948667487946,-2.940258375884069,-3.0452965367713944,-3.002727720172195,-3.1552711979383687,-3.1552711954796573
-2.834308138339118,-2.912229054700638,-2.8182261313262167,-2.8755624831616906,-2.9814301344666982,-2.9655614892500246,-2.945543967006463,-2.980431944141486,-3.0664225955732727,-3.0249127886030447,-3.18282959957384,-3.1828295972834484
-2.8299577580454285,-2.895297269947506,-2.831507557277193,-2.8804490702541727,-3.011815929467337,-2.9914716203426073,-2.9609779983671034,-2.9919198089084142,-3.079678035369447,-3.039908051904211,-3.201975320942441,-3.2019753188057294
-2.876230082285125,-2.934189565710952,-2.8524966011529087,-2.9006557087046496,-3.0712722374359114,-3.03790490155757,-3.010229972220852,-3.020985661210119,-3.101937642753403,-3.0627973008862064,-3.2249906269552118,-3.224990625056302
-2.9442568326159506,-3.003074688253786,-2.8859534578613855,-2.925764433413482,-3.1207116332989577,-3.086024762515807,-3.04800421016011,-3.0467128970112975,-3.1238633794862927,-3.0852370916219543,-3.244915217720597,-3.244915216296215
-2.8996575959562785,-2.969137510341098,-2.9343403632443943,-2.9641206232178323,-3.1758926589328462,-3.14941440896587,-3.101249148442647,-3.075677815394755,-3.144533372952828,-3.106392624739417,-3.2707726914733386,-3.2707726902999994
-2.958242101364797,-3.0425448983232855,-2.98483927081451,-3.0067804865327705,-3.1527299433324214,-3.1630840510143914,-3.1238105527298963,-3.0787791202810144,-3.1031510996113574,-3.07580012507742,-3.231119195879172,-3.2311191939391692
-3.027312912351036,-3.0994497374160055,-3.0261072716605533,-3.027686808490089,-3.238467847531027,-3.2259417041579628,-3.203008865294249,-3.118617214181812,-3.1242637925987005,-3.0970673725815665,-3.255533587718211,-3.2555335860541392
-3.0542467264285067,-3.123050044597192,-3.0765711531381044,-3.066436019413758,-3.2766957275275406,-3.259036389851186,-3.2123143366449876,-3.1264872574866507,-3.144941539445137,-3.1178172589181377,-3.2708131070784137,-3.270813105620636
-3.076952214475024,-3.132497384741993,-3.1233465444893764,-3.1105058639923153,-3.2792056126278024,-3.2641185247604874,-3.202495998229419,-3.129605834433685,-3.160180406089293,-3.1344722057109626,-3.286805161317308,-3.28680515989164
-2.918621846708387,-2.97640963276002,-3.051448652880432,-3.0396348440342162,-3.020406269728362,-3.105374526880846,-3.030658680176632,-2.9741314122792173,-3.090291096717458,-3.075884788036495,-3.2022508733122006,-3.2022508714508904
-2.926548313811252,-2.9735527528551433,-3.021795405179326,-3.0188177351985153,-3.0773500082163925,-3.1125226143950595,-3.031419324166378,-2.991582136085907,-3.1006873050232358,-3.0887121387951315,-3.2049968820134755,-3.204996880696366
-2.8842925814364953,-2.921707983321146,-2.9746710981661812,-2.976632839126607,-3.0312523667301914,-3.0752910807590723,-2.996053990811996,-2.9653641002224136,-3.098843439429891,-3.0886131926622866,-3.1835995088486393,-3.183599507981313
15.971520201107552,20.784375658606262,25.984062402547043,26.495742165640788,37.34041705750016,39.50841097407421,30.939556924302487,27.838529429933267,40.25735506321402,39.26365736602825,50.253267980967244,50.25326784201371
-2.6330273603268832,-2.662917062821407,-2.692055228224349,-2.7393782972321894,-2.490719684161685,-2.725980709612429,-2.583688396273283,-2.682118171239124,-2.5592035188057367,-2.729785713321999,2.081677276111193,2.081676603661921
-2.624890822247952,-2.701654882349851,-2.5088790698234775,-2.581881625366037,-2.292048471340978,-2.559545294525472,-2.416210869467333,-2.55997157706192,-2.618855117960252,-2.524102850285971,-2.659762805425081,-2.6597627953144993
-2.5093642179426903,-2.5503293309056603,-2.455510899215198,-2.5218168640375764,-2.3398847633766526,-2.5310048640319134,-2.417902919188343,-2.5830037203566873,-2.638226364851689,-2.546743399684912,-2.630485330861669,-2.630485322987056
-2.45891973233264,-2.5238449845700313,-2.4546127397677733,-2.5241144796053265,-2.3778763190554137,-2.4922197804280772,-2.4337976478946777,-2.6001416890347255,-2.6693977825887534,-2.5795968482820824,-2.6384668006335463,-2.6384667935819195
-2.426123577773673,-2.5011183320903725,-2.3922246746255524,-2.4652870520200088,-2.2920216319954916,-2.4096397257953237,-2.329635483037343,-2.5614706363520146,-2.4718669671250875,-2.438011903622474,-2.484305509183538,-2.4843055003742878
-2.2798363388726273,-2.3650222325243626,-2.365643019960628,-2.4520718864787283,-2.342391737129879,-2.4203960827006457,-2.349976116372723,-2.565427472987309,-2.4960602120598536,-2.4634697033339896,-2.5026330195673667,-2.502633011167622
-2.326844077745469,-2.40266944049833,-2.3400610596883045,-2.432518727945264,-2.4057209747928674,-2.4288502930949925,-2.3484251777773846,-2.5750770141377526,-2.4956182644075824,-2.4696715821585054,-2.5092710232052946,-2.5092710150661928
-2.292067200487165,-2.361273168936179,-2.327891599319325,-2.4150908551218486,-2.4187553563355735,-2.4199412853926283,-2.3493923975032733,-2.5767079940202127,-2.5194648362368373,-2.4944389509972247,-2.516890546556004,-2.5168905391677088
-2.3435046353296323,-2.396508677629307,-2.3407263497537967,-2.419636433838725,-2.468042605530325,-2.4535893531184056,-2.3880797442595005,-2.594838994271532,-2.5526493159554082,-2.527383178413001,-2.554119604825777,-2.5541195977783353
-2.368275320624263,-2.366633823604219,-2.365449506478061,-2.434278995481669,-2.50326519188776,-2.453734813748909,-2.412470057474314,-2.602635956446701,-2.5856838204839643,-2.559794231746653,-2.5795952847331396,-2.5795952781706797
-2.4328417504899127,-2.4064797285571116,-2.4055151204797323,-2.4646337988340417,-2.562484856765604,-2.4923167223611986,-2.4410812832120574,-2.613449236963207,-2.606286139307116,-2.598969815651709,-2.5981510856001933,-2.598151079419965
-2.47033644920006,-2.456554425514128,-2.4215650661671217,-2.486115326310748,-2.57463573693793,-2.4810589237938787,-2.4616861338531884,-2.6246416013675127,-2.6396984211802463,-2.631925447386366,-2.611398212976358,-2.6113982073968254
-2.443961019957194,-2.4543570536297907,-2.4313227448266606,-2.5010445901683798,-2.6071651657216224,-2.502472762407976,-2.4948237940045064,-2.6405053494483632,-2.6654598686689943,-2.6585811429108963,-2.6377618219546175,-2.637761816626333
-2.5266548256457013,-2.5049282928943746,-2.451074058363216,-2.5219592540617985,-2.5789812647923647,-2.521717324663761,-2.5080094161931514,-2.648425972297775,-2.6947471849391524,-2.6883655150288632,-2.6567218010398306,-2.656721796122601
-2.509817908905497,-2.5215459416443884,-2.4603448865607938,-2.5297157671563135,-2.622607014530994,-2.5419149672271057,-2.54307148983703,-2.6620373493272003,-2.726167563609846,-2.7189475159619194,-2.674189546254374,-2.674189542012185
-2.5376921395851135,-2.548208908400326,-2.491373471958726,-2.56133689955397,-2.6534439387661384,-2.6050617355894023,-2.5925908807091935,-2.6797856099342883,-2.7554164497864173,-2.747737523506726,-2.706071254335006,-2.7060712503812416
-2.5761567196751463,-2.5902301599165973,-2.5282706868198312,-2.5969656508211227,-2.687803930427338,-2.6664630182119806,-2.6496356057322545,-2.693849148447487,-2.7793474898884267,-2.770894516757169,-2.732303104791736,-2.7323031011993546
-2.598055671279161,-2.5905424448042362,-2.5617714129296525,-2.630475522883204,-2.6888285482137078,-2.726030927568625,-2.7053775832115114,-2.7074621664657346,-2.798498392466299,-2.790393683548392,-2.7511490196632105,-2.751149016324735
-2.674132435373002,-2.6772219226029663,-2.6025893014619643,-2.669573762212656,-2.6976757288165905,-2.78703829248665,-2.7711449965960675,-2.7334909765016002,-2.821018924322194,-2.81287327873829,-2.7691507029312445,-2.7691507000586224
-2.7245231964534904,-2.7253887822815512,-2.6774650673352056,-2.746613356446409,-2.7821017008477353,-2.8841939639323666,-2.8659302610146016,-2.7705940213715015,-2.8393128847650266,-2.8298895626948166,-2.789629548559418,-2.7896295461666867
-2.7641633448776517,-2.793818204854298,-2.7318019969601357,-2.794558962331928,-2.826201147717759,-2.932219388802787,-2.9468751490738523,-2.811574370280237,-2.844277525696792,-2.8373773957630686,-2.7894089345760937,-2.7894089325456393
-2.7097300200036822,-2.7497769537794285,-2.7667485486306536,-2.819942076813424,-2.886011158104396,-2.9702410851191345,-3.008385769364847,-2.854148532308518,-2.8706497933253234,-2.8628006147640606,-2.8157040293607136,-2.815704027730436
-2.747506633092227,-2.744784796479251,-2.8004578341113135,-2.8450330260537724,-2.9315907557438807,-2.9666914429225546,-3.00697501437397,-2.874170111292845,-2.8948553336747285,-2.8868986032938277,-2.8293468602562846,-2.8293468593607125
-2.7930168288495785,-2.817238197218463,-2.8154015560904764,-2.8625453749358556,-2.908506308870015,-2.975581241174297,-3.007358214175569,-2.8846973633137525,-2.912543740253088,-2.904815499099133,-2.8533009422659052,-2.853300941485963
-2.8520422460043373,-2.8474750673296674,-2.8671761012028565,-2.9205158387383348,-2.938558298182719,-3.005938479055853,-3.0319569938812667,-2.8904653597506886,-2.895771960116684,-2.889005385254011,-2.834424004933363,-2.8344240044965416
-2.988364999440609,-2.9426022066396156,-2.9021972129642712,-2.9581232078612465,-2.9947321835276286,-3.0496576507602438,-3.083243569730196,-2.921394263430042,-2.916707188755362,-2.909858713144568,-2.862684357692718,-2.862684357448691
-2.895415708154641,-2.8731013254786,-2.9359170330566426,-3.0116022174495787,-2.990285484273789,-3.0664497389666825,-3.050371135108876,-2.933641656913608,-2.8918591359073997,-2.8873422052763233,-2.8378796558493145,-2.8378796556608545
-2.956387295129745,-2.9340221077561277,-2.9284413198127877,-3.0134865045699324,-3.0053846874944847,-3.095633603737453,-3.0591753463227236,-2.9536874648197147,-2.892891308466465,-2.8913979927199693,-2.849045357660981,-2.8490453573977303
-2.9593505621142997,-2.927837111015875,-2.942854360880924,-3.028135728813977,-3.0575680202903004,-3.151798767795296,-3.109151412163179,-2.9838127015890095,-2.9187120008477576,-2.916359666552926,-2.8799662719254853,-2.879966272020201
-2.9054170743230983,-2.8727969159111506,-2.9519707825686896,-3.0279244768691624,-3.017913208581036,-3.1413650526915573,-3.102131789936663,-2.978676407973835,-2.925443321621327,-2.9229380392626876,-2.8818074189502556,-2.881807419294284
-2.9877443697529054,-2.946704864697003,-2.9859511838912076,-3.0643323261811943,-3.077628055761689,-3.203457896512954,-3.1642976304960806,-3.019970004946239,-2.949525667316785,-2.946172959033887,-2.910338339145803,-2.9103383397588316
-3.0211485343342614,-2.9986096024641697,-3.0124999721010166,-3.08251984891434,-3.086037541342968,-3.2246919267913485,-3.189938423332156,-3.0509709426792826,-2.9662848783746467,-2.9636084933356743,-2.9359474458195134,-2.9359474464672157
-2.9859506608949085,-2.9439381621105194,-3.0366294846443083,-3.097214513484572,-3.0962616279083663,-3.2333120657591428,-3.2059415064182177,-3.0683342397860587,-2.989511902206642,-2.986086866743486,-2.9668607483272247,-2.966860749158485
-3.0327740323490966,-3.0169146564122316,-2.9797895276143764,-3.0229726045626153,-2.98695036007529,-3.141189437453733,-3.1173834342982993,-3.032008590366926,-3.003114254348641,-2.999376194602487,-2.9366983610615724,-2.9366983629928525
-3.0099808978777007,-3.0178800727510726,-2.9672408575257174,-3.0156382460799285,-2.94090679945631,-3.109407127902282,-3.095518283534205,-3.018549232770813,-3.015208998700091,-3.010173946359692,-2.9577385365830438,-2.957738538461932
-3.0780132824264506,-3.0589810131809183,-2.970549815104996,-3.028242244650759,-2.936600676753603,-3.0867517046531425,-3.082787774317203,-3.0104897243231346,-3.0331353306267976,-3.0268874436527833,-2.9790761338091807,-2.979076136052263
-2.9901782580800322,-2.984147507379842,-2.944138488093828,-3.0221190426621574,-2.826394560791779,-3.0128993897703515,-3.0102536579521937,-2.9831881726054355,-3.042867799798417,-3.0373408252597205,-2.968060551999942,-2.9680605544014558
-3.006594627614351,-3.031353733007399,-2.9415600993730573,-3.0284608584899058,-2.8261765054325796,-3.025047164610303,-3.027175425615951,-2.9854118514214227,-3.053780190043774,-3.0479129017524826,-2.983340845256196,-2.9833408476779653
-3.0256492338361833,-3.027256911459732,-2.9402775816554367,-3.034512527611181,-2.8150267111931377,-3.0304383626969837,-3.041316010804454,-2.983061877877676,-3.0615563221283595,-3.0552049161996857,-2.994805079451335,-2.9948050819216907
-3.044687423582116,-3.0521816321196926,-2.9541978671433036,-3.0573839260222244,-2.8371086525578595,-3.076152484074415,-3.084647631106091,-3.0028504805473895,-3.0782937198776072,-3.0702877798217374,-3.023307344889154,-3.023307347369221
-3.049838939447301,-3.0832948256058015,-2.95375732883841,-3.0474824116881436,-2.8132450169447267,-3.0484008783649568,-3.058344300151617,-3.005104653120353,-3.0508881863645527,-3.0506119479952414,-3.0099927086697273,-3.0099927102837105
-3.191605741942369,-3.148396238025608,-2.976244708296222,-3.0837840944969637,-2.862786365337434,-3.09807058584805,-3.1094500428115808,-3.0433471734302313,-3.0666344669742385,-3.0651108827048397,-3.0343317021291343,-3.0343317039078608
-3.1526364530240936,-3.1643148649021953,-2.962744574923316,-3.0775371677180705,-2.826309714204807,-3.064529985744068,-3.0734623287908325,-3.0234172461003674,-3.053608083792577,-3.052671516379246,-3.0161041542633136,-3.016104156052956
-3.2023434909762,-3.2053036459725823,-2.981853195285826,-3.098064505200985,-2.876128181026718,-3.113465248139833,-3.1167731976816517,-3.041847340590779,-3.0698294781375592,-3.067405586664642,-3.038670277954318,-3.0386702799008867
-3.25070735338391,-3.216936162045524,-3.018584277183727,-3.1230366112806474,-2.8650162695112735,-3.092083116466945,-3.0962270422376497,-3.0365528411764346,-3.0121888144117133,-3.0150520555769207,-2.9814967220569955,-2.98149672329793
-3.2253219098234616,-3.161281808833653,-3.047035459555575,-3.140583863233431,-2.940969826670221,-3.1381359515524196,-3.148352531299139,-3.089292527005102,-3.030973747562805,-3.0324594534108296,-3.005446286248842,-3.0054462877268016
-3.23136604745841,-3.1574817479665827,-3.079711206990231,-3.1614147803870813,-3.003252860564497,-3.1942318161331107,-3.198519528431705,-3.1315915440699826,-3.0494286671295416,-3.0496437132976713,-3.0320183628443784,-3.032018364429285
-3.190351506473396,-3.1546428350904065,-3.107923522263931,-3.1689764294513814,-3.0635094503759714,-3.1908004389257587,-3.1934069517231047,-3.1535067599470237,-3.067521452176778,-3.066567544026828,-3.011448004195476,-3.011448007769909
-3.1887677823568232,-3.1494825158947366,-3.134205118335579,-3.1713956669399046,-3.1107968692457915,-3.17982451376706,-3.183642233808351,-3.1780468990538324,-3.0823817275714775,-3.0796849486604287,-3.02869064124876,-3.028690645179653
-3.216939203889047,-3.175778419144546,-3.1489745581066813,-3.1544411512839043,-3.044159391475218,-3.089258220754383,-3.047298780043445,-3.1022966350764425,-3.021809347619478,-3.027526601471574,-2.9396241105947025,-2.9396241138078105
-3.117372217183526,-3.117318564395543,-3.1684914231290118,-3.1677594948392285,-3.093526127850877,-3.092329432520174,-3.070154837675325,-3.1113347735453813,-3.0392927472327806,-3.04303846644497,-2.9642046771270296,-2.9642046806015294
-3.2462028256178606,-3.2522938293847545,-3.1668171068703272,-3.174260019390997,-3.1163941139961535,-3.079993720895768,-3.061966376867879,-3.117823767955445,-3.05644782382524,-3.05854960681273,-2.961721554090648,-2.9617215583356433
-3.1720554856881233,-3.1665591222500438,-3.170444712229767,-3.1834462991991557,-3.1500520958186113,-3.108754559555856,-3.082994502281176,-3.1269269825911716,-3.0737047514095903,-3.074231612310501,-2.9944741262875176,-2.9944741304846776
-3.2215620609446876,-3.2208002211831093,-3.177266056777179,-3.2012313930624474,-3.1517887145261816,-3.14717297906164,-3.0979349401311973,-3.1355384013546908,-3.086705247834981,-3.0864688590102514,-3.0231353389113362,-3.0231353429684695
-3.1403691889429783,-3.176789069931725,-3.1355006578273414,-3.1597703729587137,-2.953978231114605,-3.029831108946511,-2.9868425255760434,-2.983837089661088,-3.019242450355926,-3.024804476396729,-2.921975948281249,-2.92197595208114
-3.0357190384607167,-3.0868471664046773,-3.0934274730318694,-3.1485460269181074,-2.893147432103518,-2.9609262185244773,-2.9371134662433507,-2.947995888696393,-3.002372836746912,-3.0107506957979506,-2.901792362434377,-2.9017923660280536
-3.052311103684005,-3.0791538061630246,-3.1010574899136545,-3.167255334680839,-2.9650052187001283,-2.979457040637989,-2.9923051177826885,-2.997717607691843,-3.020603348407536,-3.026633619371159,-2.938252316356796,-2.9382523199323476
-3.1027293406790735,-3.125495819029656,-3.1165986125255998,-3.1813461394367635,-3.0199896424371833,-3.0056726522729478,-3.044414025224239,-3.0410765956151753,-3.038952443154257,-3.042589334497986,-2.967833057387187,-2.9678330612246127
-3.223053903050136,-3.2068445773346586,-3.1592639014836585,-3.2195434226393456,-3.0917152950056126,-3.0667842457112022,-3.1075564462263383,-3.1014665045693652,-3.0543286908814533,-3.055516432199334,-2.9989389065522074,-2.998938910603341
-3.1778903327262906,-3.1456545013714337,-3.177175511472919,-3.220719973377353,-3.1156283439237904,-3.099684010968712,-3.140624742219739,-3.1282743618317252,-3.0667331526626804,-3.066017524528583,-3.02017010065187,-3.0201701048686496
-3.1844096154305634,-3.132536725727937,-3.1998559334549417,-3.2297209318719626,-3.1319597560106507,-3.1261667393988066,-3.169176081913772,-3.161297627437904,-3.0802181952807755,-3.078713550441556,-3.0496279269132245,-3.0496279309623295
-3.2081094177163636,-3.144268225947893,-3.2217628595426024,-3.2425375731898414,-3.1237440635785427,-3.1481635867854063,-3.176267276689517,-3.1884152271551853,-3.0652178198474935,-3.0661912025996703,-3.051698922850309,-3.051698926279252
-3.235265700982918,-3.1379105098471864,-3.2532202052874384,-3.2633033747336997,-3.153662102733427,-3.191656650514517,-3.2127857476220125,-3.236949040189668,-3.0729470304314113,-3.0730447493681297,-3.0669425484811774,-3.066942552066906
-3.2939393133655566,-3.1841970455984816,-3.261178028189475,-3.2620255127192,-3.169344171759106,-3.2221278635858637,-3.2201241983591578,-3.233969198932261,-3.083777245030235,-3.0827039100769094,-3.0821421262599396,-3.082142129894803
-3.306136734558518,-3.2024008909464325,-3.2804841393747406,-3.2764204953531686,-3.2361383391920633,-3.2813683580969255,-3.259347015415084,-3.2510083089099178,-3.1005183368393103,-3.0978312430134043,-3.1117579910754114,-3.11175799474936
-3.318665618920119,-3.2003634250377857,-3.2908473139264487,-3.284363435797934,-3.199646951667604,-3.2790432858315377,-3.2428394483438603,-3.240414840201141,-3.1081590555230036,-3.1045668027534994,-3.113487402085922,-3.113487406033286
-3.297785817502015,-3.199655826500888,-3.3053079870969695,-3.2944493562605413,-3.247729913993088,-3.3129244312786432,-3.2910305364155823,-3.262481757034419,-3.122446047602648,-3.1178283293069633,-3.131262176547019,-3.1312621806443577
-3.3270236399806086,-3.2338871723252094,-3.2906994461822325,-3.270207564779075,-3.1396156271654725,-3.2560584189524313,-3.2327523928950512,-3.2048689063519578,-3.0899854296469833,-3.090583788424885,-3.0973298570579724,-3.0973298598450274
-3.304704724270173,-3.215665424952777,-3.2854181751469023,-3.2599356035030205,-3.1633702131118113,-3.2725160834003235,-3.267865995037145,-3.218100890948416,-3.1047552944965595,-3.1041083458646943,-3.119633818729014,-3.1196338216086352
-3.2626335974566647,-3.1740580008271833,-3.284053864750767,-3.258215528118155,-3.185058543742125,-3.285690686776246,-3.293981647555233,-3.2164063400576723,-3.117769024706873,-3.1154966163171967,-3.1301951146478877,-3.130195118007279
-3.243848350508669,-3.143846532552298,-3.290949184800355,-3.2631937110217804,-3.208027569595965,-3.3003727743489035,-3.3176628987462617,-3.2261773052126768,-3.1327228561305263,-3.1289844771548454,-3.1538416921173518,-3.153841695613588
-3.2894978777046506,-3.181474719620496,-3.313485540630259,-3.2933488651354126,-3.2481464236602076,-3.3402245341796504,-3.341974597050808,-3.2629325128169375,-3.1424177362560384,-3.1382519852677344,-3.1747866367259348,-3.174786640222547
-3.3262609200358737,-3.232469861363414,-3.329420608793799,-3.3149422746413766,-3.2666215288419824,-3.3633635028955107,-3.3524853095490244,-3.2769242345874527,-3.155544825138067,-3.1504295164502016,-3.1973687874156473,-3.1973687909098123
-3.2879850779148727,-3.1908184667085595,-3.3360402149436217,-3.327356815965827,-3.2687408759817753,-3.3457405652567593,-3.346122898666743,-3.289060487286761,-3.1643747507727857,-3.157919100910589,-3.2049086507895748,-3.204908654762833
-3.3722512887324365,-3.2757421952164965,-3.331881418388236,-3.3253749469217695,-3.2713083294548246,-3.337186809875806,-3.348536318656084,-3.289366069455559,-3.172454764462983,-3.1652895015437723,-3.2182361190979876,-3.2182361231255863
-3.374190443331539,-3.2769793188367915,-3.3570737552966765,-3.3588138582834333,-3.290103225958072,-3.3451501404393382,-3.3689155314931747,-3.331422094319667,-3.184219602044524,-3.176249727773949,-3.2249350788841467,-3.22493508356395
-3.333703111538912,-3.2365520022838066,-3.3834994751248386,-3.395025888628591,-3.3431641019965044,-3.383632081499155,-3.395673142760298,-3.3709933806431884,-3.1961866252783153,-3.187855102620304,-3.245501678573841,-3.2455016832005334
-3.401454266040837,-3.2837192138505564,-3.3943075692526645,-3.416620714897051,-3.319862260748677,-3.3931682817912607,-3.3884559992186487,-3.3897119212258375,-3.205085659809161,-3.197675637054652,-3.2600265266397193,-3.2600265309328336
-3.4472782233778467,-3.325599944261046,-3.4231324100665095,-3.4518345334756892,-3.360537670180209,-3.430722197703525,-3.396184868757304,-3.4153582481424367,-3.204801228629467,-3.198021753073428,-3.2606030062592324,-3.260603010371034
-3.404605247660514,-3.3167234595298143,-3.4095029241249213,-3.4390695560160145,-3.330299104281792,-3.3689330832438316,-3.340820389026555,-3.378919691490098,-3.2162762782714145,-3.209026914362764,-3.218649690858004,-3.218649697134097
-3.3833601433082743,-3.2882469444735207,-3.4240222654671495,-3.4564954963066175,-3.3766825598118273,-3.3927438442321787,-3.3502192444599785,-3.3935681178001973,-3.2207486853660816,-3.213559232192396,-3.2289150343378026,-3.228915040438473
19.17234517616728,10.986588172355628,21.978751568816673,25.13300404377781,18.553178025264764,20.771137207331318,15.594848313592848,17.515519933914526,4.913389997141583,4.533677950621408,6.54948918389379,6.549489597563033
-3.3347902466564,-3.2864212004670197,-3.277577895771841,-3.2730662929395526,-2.953547225256602,-3.12545926196508,-3.025768256185218,-3.041833195630415,-3.072071783313309,-3.054440782040281,-3.0732594922658922,-3.0732595021889386
-3.2027565516119507,-3.133756697702165,-3.2078398748542942,-3.216229614895354,-3.037205675524857,-3.1593027167310574,-3.0941275332715015,-3.079348573413836,-3.0923409482200723,-3.0740104179810928,-3.0897759724194778,-3.0897759824410347
-3.1890141002832397,-3.107781225092953,-3.1676926332823547,-3.1845031726046824,-3.099442337163608,-3.189911544327263,-3.1428421634834818,-3.10831972480303,-3.1067500290085577,-3.0884409104735187,-3.1120224837165833,-3.112022493729584
-3.1312632018827022,-3.0689573633982294,-3.1675947749093036,-3.1871733589533724,-3.153972578930472,-3.223068924093864,-3.2106324732731473,-3.1592842638678915,-3.1250772564512177,-3.1064063732838796,-3.1336004610907704,-3.1336004711794514
-3.1682378293348252,-3.1200829958313947,-3.1818990376858327,-3.1975126888476204,-3.1975513385914094,-3.247862336672618,-3.262133698409129,-3.1969425358601335,-3.1437009159293834,-3.1247136137317923,-3.1579319911345074,-3.157932001224225
-3.2257688557051565,-3.1559399793297507,-3.2035407638067723,-3.247167154436111,-3.2251362766504785,-3.256917915303659,-3.324358623743232,-3.2578194503265627,-3.1634016226594803,-3.170923773426223,-3.193610663889368,-3.1936106663228303
-3.201830237046999,-3.17675735982957,-3.221215258523245,-3.266628334063102,-3.2711854760439385,-3.2930642123169003,-3.3393491466753327,-3.302955868813782,-3.1767807190370756,-3.185653074046071,-3.2159354505207967,-3.2159354526358412
-3.31417154449558,-3.299392058685128,-3.2546650594605455,-3.3078174561650133,-3.3365129977852037,-3.3417267219646334,-3.389056618185231,-3.3933830317598086,-3.192958961385483,-3.201596106915155,-3.2320031923205543,-3.232003194506792
-3.269659094168981,-3.2179681827109112,-3.260921639324418,-3.309497875926581,-3.317303091870852,-3.3408428514265953,-3.3839049475308354,-3.397523781093361,-3.1987131500721655,-3.2073065300596806,-3.23431671945888,-3.2343167215375344
-3.329263836177576,-3.2627820932770724,-3.3005483835874743,-3.353207179739462,-3.3551412843393487,-3.3734835499820814,-3.3986260860306294,-3.4270566167558147,-3.1910046589091143,-3.200285918497908,-3.2244384128970403,-3.2244384147068756
-3.277552020618672,-3.2385203900663915,-3.3274530507202025,-3.3743299621744107,-3.3951760902795027,-3.3973343384103636,-3.417369024711843,-3.4172989040768926,-3.2093652420883703,-3.218056995541869,-3.2380934640958614,-3.2380934663735195
-3.3393423828355133,-3.260134846244205,-3.355671039645581,-3.404910943879506,-3.4369323265306964,-3.4255451658671645,-3.4286858085480083,-3.42489052430239,-3.224454291503614,-3.232813616471168,-3.2607108404445095,-3.2607108426663243
-3.407464395503924,-3.313134738508033,-3.347723370616957,-3.4064310177694166,-3.3536010952612196,-3.402931943548703,-3.4627890086632958,-3.400896405636896,-3.2129558281446977,-3.2242225488711806,-3.257259874405681,-3.2572598758402216
-3.3137000996421886,-3.3591829480040882,-3.355034655314073,-3.423517561533114,-3.401420346471725,-3.418228742763163,-3.516576997918857,-3.422843364447533,-3.2299778518761726,-3.240906068162562,-3.2783707236393806,-3.278370725151859
-3.440254988592983,-3.4027614452895847,-3.370688737823852,-3.444359729521324,-3.4194230018501925,-3.429665455504474,-3.5156929461549264,-3.4139841345549944,-3.2441485137532826,-3.254446631633939,-3.294087476086317,-3.294087477614149
-3.325982687089348,-3.309152211361909,-3.3593610304461294,-3.4272651753327854,-3.4164866534076235,-3.3869045166129093,-3.498454617448747,-3.430373287539155,-3.26000097844313,-3.2689023844575527,-3.2827950170405886,-3.2827950196389875
-3.353048412910084,-3.3244455760200284,-3.3703435095370637,-3.4413780992865575,-3.4519009258135602,-3.3954791173743875,-3.500409447108268,-3.429200276970514,-3.27220380986021,-3.280778944033942,-3.296557997365734,-3.296557999925343
-3.3884292236681937,-3.328474955686463,-3.3744705955878196,-3.4456598405607566,-3.438865361145641,-3.3924478991171094,-3.5070248636881862,-3.4272405427219153,-3.2811233782010487,-3.289334089757169,-3.302617898185281,-3.302617900814354
-3.4053478502324435,-3.338801823225289,-3.3811807542044026,-3.457418962406528,-3.460032439983679,-3.4021874542062145,-3.5211447446524238,-3.4486636991441455,-3.2969213659600194,-3.3047919673412247,-3.322090662841705,-3.3220906656635942
-3.3272420689444346,-3.3464773138164667,-3.382432726614245,-3.460023133649333,-3.467659858603135,-3.4027822797526186,-3.5230398056711723,-3.466351822507978,-3.313103996288552,-3.320319590709224,-3.341230964943414,-3.3412309679962107
-3.339914989878569,-3.2913268056130454,-3.3752744549303975,-3.45422317743139,-3.4476715808753813,-3.389247781590215,-3.489471279721049,-3.4411316288537033,-3.3290772162147855,-3.3358628766505807,-3.3597038503633176,-3.359703853449575
-3.3391077064634613,-3.2872393655827916,-3.3464652891357796,-3.430966515331514,-3.2942614227926628,-3.2954548323247046,-3.348453473484781,-3.377714557179515,-3.303197435549128,-3.316010647494302,-3.3221216677932808,-3.3221216691252895
-3.241773932537223,-3.208443132649925,-3.2993009040158094,-3.3848820014305097,-3.2038460797223993,-3.223303674845307,-3.290073064675756,-3.321996030274645,-3.2868359492167727,-3.2985905477317656,-3.290721252751555,-3.2907212540200144
-3.275010217879388,-3.250238207130037,-3.2701592074323305,-3.377469677125899,-3.2009520080262313,-3.2274056332039365,-3.3204662412361645,-3.330925625973933,-3.296653873561628,-3.307984252891885,-3.302226867356716,-3.302226868530956
-3.1695802513444398,-3.171127687417474,-3.200659163477913,-3.3206208001677133,-3.075013590062723,-3.15489021332646,-3.2305455941051284,-3.255367087780358,-3.2407637665384863,-3.253788250080935,-3.2375966632972446,-3.237596663806432
-3.1434388005999594,-3.1681108175345227,-3.1677478686379157,-3.3048505195644746,-3.1362348919644414,-3.1815378338899265,-3.2872482032624766,-3.294025180752073,-3.255705380930865,-3.2675272978235497,-3.2549564505395474,-3.254956451315141
-3.2239924337994657,-3.282809118646358,-3.20251815143955,-3.3257121077308236,-3.203802413967043,-3.2325771441787294,-3.4045950981420043,-3.354803112218333,-3.2751883515183917,-3.3073538199280934,-3.3076529445302354,-3.3076529452580354
-3.2445381969453337,-3.2736374033793707,-3.202592002391146,-3.32666549449728,-3.2522133993688405,-3.265324302465532,-3.4379679755193973,-3.395542313810794,-3.2909304464924802,-3.322202534819699,-3.3171721327283583,-3.3171721339477545
-3.249723964058453,-3.2661892187723973,-3.2075105867475635,-3.325379808599582,-3.2609891873820427,-3.289846291301492,-3.4655370695907504,-3.423586602708139,-3.301035633006333,-3.331826869710095,-3.3249543327783506,-3.3249543340311387
-3.252878630561439,-3.2385732737893265,-3.2360213969490017,-3.3383688154571276,-3.263295140679384,-3.306754234485116,-3.4752233477907915,-3.429656857252969,-3.299616273936359,-3.331159931986271,-3.3271227259074054,-3.3271227268484695
-3.2952567367176986,-3.28417722636819,-3.257240754804805,-3.34327824872411,-3.303653928923209,-3.327091994853437,-3.4982758196589687,-3.455688178814172,-3.3145908682748733,-3.3455116910500964,-3.3466054343566016,-3.346605435556236
-3.2977196721979323,-3.289615606133033,-3.2848460625924116,-3.360286923998407,-3.34577067645605,-3.354974554032114,-3.5089966967538078,-3.4693170816812327,-3.327636253720086,-3.3580783768278097,-3.3618783841246156,-3.361878385477678
-3.243651567765464,-3.257636981947195,-3.3160143266897117,-3.3754643487547344,-3.351258808599874,-3.3697726367286553,-3.5091188531187862,-3.467651581968065,-3.336770979517126,-3.366631046476627,-3.367566244318902,-3.3675662459329336
-3.343459425634933,-3.341204478127917,-3.353359404769376,-3.4028465600738267,-3.379865978820904,-3.4029258724073634,-3.5378660972057605,-3.489894213963143,-3.349810590276676,-3.378843647447613,-3.3857845246373515,-3.385784526436754
-3.272140741498231,-3.2796193771243862,-3.379278492845187,-3.4107981029202366,-3.387638695733952,-3.4126509428403975,-3.5499487686846942,-3.499209886579494,-3.3592044237799468,-3.3887027385665176,-3.3936019068154013,-3.3936019087218403
-3.344011823536605,-3.2939268156277097,-3.3934750261027284,-3.4066872971879136,-3.3983061028848134,-3.4025610595747056,-3.538705097411702,-3.5161015138010185,-3.368550556325646,-3.3992894703394287,-3.414150599220189,-3.414150600816474
-3.3938870429297316,-3.345209145391812,-3.3980362581429264,-3.4084548637831036,-3.398939427518571,-3.3905119236925567,-3.506093625602509,-3.491025335070919,-3.3826069446640283,-3.4127061351174603,-3.429958578143392,-3.429958580000182
-3.3415728858044194,-3.326511947786408,-3.41517198846225,-3.4390629713203857,-3.432838919516738,-3.417865389278754,-3.523897181320179,-3.5041802555072565,-3.3846748653693646,-3.4139222905674997,-3.42713807096324,-3.427138072988204
-3.4267043837797373,-3.367491273426493,-3.4207646819762108,-3.451721014137898,-3.4439625256900737,-3.43688878803787,-3.5186596760832534,-3.481531339844233,-3.3979598287432253,-3.4268794423230786,-3.4455155931884285,-3.44551559518586
-3.3916288188507044,-3.3582484411409923,-3.424590940919954,-3.4568875586102914,-3.425017539790126,-3.434326099039133,-3.501284258404384,-3.496166063473423,-3.3941337358658727,-3.4259805450677505,-3.454833466277961,-3.4548334676326045
-3.388026756570961,-3.3497825272374033,-3.4121308841185902,-3.4433759050555457,-3.343713198478449,-3.389424211126964,-3.4869701165474325,-3.5093112614128352,-3.3702452508039733,-3.4022771871495276,-3.412312864533596,-3.412312865696152
-3.388044969027567,-3.3624732920640024,-3.4148127494647795,-3.4537304580891535,-3.379655018700503,-3.4036652394269904,-3.5359207221329605,-3.521920436821226,-3.3856311487260218,-3.4170365889285588,-3.429958017645016,-3.4299580189455394
-3.347603667717112,-3.3481215625540046,-3.412055915834261,-3.4615445707891963,-3.3702085048312194,-3.3940537691484725,-3.542990232960361,-3.536599898152549,-3.3909322442482286,-3.421710884110166,-3.435719668795712,-3.4357196701166295
-3.405882109465869,-3.394579008229052,-3.4000485868643224,-3.4676504954612852,-3.336603769529806,-3.3896826304159986,-3.535932739996479,-3.5301838168074586,-3.388098238418938,-3.4208453236493135,-3.43758759819669,-3.437587599046822
-3.3618228810612423,-3.3300660603805765,-3.400798872734132,-3.468726280201386,-3.3273931399542347,-3.3844696484679853,-3.532751477847883,-3.5382441692097353,-3.388680706405115,-3.4230630833833864,-3.4458456878974464,-3.4458456882018247
-3.3216247259314216,-3.2952796243252216,-3.393345267719525,-3.445640923258466,-3.2635156402118275,-3.3376888420011226,-3.4652753862952483,-3.5363400856142726,-3.361429210302911,-3.4015907954663036,-3.4271131557702663,-3.4271131546611384
-3.3563740448051096,-3.3204116311351664,-3.371662545050653,-3.422573292075068,-3.2677794628695107,-3.331978580661147,-3.4606601623457043,-3.5075035592318686,-3.370126495096794,-3.409104774273304,-3.440166018507825,-3.4401660175284787
-3.2859825206737576,-3.277772497372172,-3.3593350703430005,-3.4081186117079425,-3.268350391034045,-3.318224483277274,-3.4305221646731567,-3.513636759957766,-3.3713331034018874,-3.4125453178583123,-3.4511939175001403,-3.4511939161602756
1.0910166417848344,5.448118525885995,10.067875177898658,14.899807592731236,2.4573656849545142,8.358653819203791,16.89749963892085,24.862583941446285,13.382105312145004,17.447385017018725,21.03521804523115,21.035217941279626
-3.1196470436502417,-3.1857733395603516,-3.1216455898965796,-3.206743627121607,-2.881756286511865,-3.1037811467698098,-3.0274974596511526,-3.101376620295407,-3.1681662863123097,-3.2034285612660405,-3.213223293750745,-3.2132232881727067
-2.97135459147655,-2.9722839815820876,-3.02048974582162,-3.1097759497035464,-2.9439491087227023,-3.1032780788962073,-3.027946995670339,-3.093097025526361,-3.1677253673723436,-3.207533677174282,-3.2225055047394244,-3.222505498843421
-2.9408614813132585,-2.9447499263400294,-2.967197943644594,-3.0625232877035375,-2.9903373730485296,-3.121185819286879,-3.0484427475521194,-3.082606669362616,-3.1846569029325105,-3.2224442106276023,-3.2418692300231977,-3.2418692244231027
-2.930690630676265,-2.9467947252206868,-2.9580389829962446,-3.058693087337522,-3.0338685153773928,-3.147772445541267,-3.1013845836118774,-3.1036269976587003,-3.2057274751402054,-3.2424458616611322,-3.265488215422389,-3.2654882101022156
-2.9933084212832948,-2.951677200518221,-2.941502859607006,-3.034216658722691,-3.035739113211667,-3.1273048694599215,-3.088015149483847,-3.076972634582525,-3.2018222857266565,-3.23483844688484,-3.2502209502035315,-3.2502209456809292
-3.1157569157821237,-3.0983028635282768,-2.956405928978173,-3.048882488330429,-3.105134052551907,-3.1817799899285584,-3.156601800691022,-3.1172928945173304,-3.2232741174548236,-3.254319615788677,-3.272811925531244,-3.272811921440821
-3.051956282799756,-3.0295775521640094,-2.9786021721596927,-3.0656832734606363,-3.172212959211437,-3.192785327831751,-3.2033614947805065,-3.1754938811841873,-3.241690414255438,-3.274200297758986,-3.291653296540126,-3.2916532927536655
-3.0498779556863282,-3.0791438716109787,-2.981445920366297,-3.0484593281393266,-3.17285704160778,-3.174627260666301,-3.120144610846104,-3.1818521904261234,-3.2445004932710764,-3.283028701788295,-3.2934062307517458,-3.29340622677068
-3.0261266052216707,-3.0804473397832908,-3.010974312222431,-3.082775385102903,-3.274527920263181,-3.229603818629694,-3.155028720547887,-3.2055417152584034,-3.2657000289462266,-3.302988225629802,-3.314577091071388,-3.314577087354926
-3.142717817654392,-3.179264769072999,-3.0244439972631003,-3.1048479620531486,-3.2202557844283626,-3.1919693696478917,-3.0999880152637784,-3.1904711752390518,-3.187196911971629,-3.2322753469364995,-3.2162366770577706,-3.2162366725895697
-3.1779617790568238,-3.1828413444365578,-3.054561415434695,-3.1442499453090655,-3.2886256348016434,-3.2356976808649156,-3.1627359413239886,-3.205529852945096,-3.2096013800590857,-3.2523388270456834,-3.2440565789058877,-3.244056574576597
-3.1916898336561346,-3.1935962812347647,-3.079743562664089,-3.17583527403169,-3.288210329775338,-3.2630772397211616,-3.1983082429173013,-3.2319090801726755,-3.232527704030319,-3.2729574559095536,-3.2644337019545913,-3.2644336977469397
-3.148985828171181,-3.1920954131104775,-3.1004781925372678,-3.204679888696134,-3.253598371109488,-3.2777404973297166,-3.223817500969113,-3.251374094530285,-3.2456477569673856,-3.28486550735104,-3.2799612422484477,-3.2799612381388563
-3.149089466157205,-3.180013365567194,-3.1313263733386147,-3.245595736408257,-3.199364085300777,-3.2714376292069707,-3.234311865159442,-3.246920298036691,-3.2351655690364485,-3.273402448708421,-3.2587411431502393,-3.2587411393567676
-3.2006394246992587,-3.2057037490317777,-3.1511654243890748,-3.2682175793876778,-3.2046124210473867,-3.2793346780991,-3.2463798009695024,-3.2147168920305194,-3.254972485497876,-3.2909090942853894,-3.2741999247808202,-3.274199921253614
-3.257992778212046,-3.2539497576405125,-3.1800296484710913,-3.311096031893954,-3.2392969200561192,-3.3103240527558375,-3.280970356126481,-3.2181660673620236,-3.273576133872924,-3.307278938321856,-3.3006158435020225,-3.300615840120783
-3.29275795812006,-3.2868078357580988,-3.2090556837085513,-3.347247007321745,-3.263172635608088,-3.337270469035804,-3.3103024039900095,-3.2293480119681575,-3.292610963094358,-3.3244274316964555,-3.3279458719732893,-3.3279458687151373
-3.275628325165925,-3.2973639608103396,-3.20530457291932,-3.343669696137199,-3.226994405000909,-3.3249399243333864,-3.267989178075897,-3.2037532700404037,-3.289360748778402,-3.3071367108249117,-3.335075676202029,-3.3350756726023603
-3.2389638426214726,-3.271105130231736,-3.2160697867034234,-3.349718491933446,-3.209993901674136,-3.305858970836204,-3.2575812579828716,-3.2040984826462493,-3.2932285434427184,-3.3114972565381704,-3.3154658102453802,-3.315465807528725
-3.2381788940967056,-3.2988585362475584,-3.180757759750035,-3.321465482226031,-3.1366620845511513,-3.245178583475484,-3.186239751496703,-3.1618958930543637,-3.2710993913732453,-3.2646673099119132,-3.2930293788171316,-3.293029375877873
-3.303552211981001,-3.341453892635287,-3.174326345393448,-3.3231332611775866,-3.1790947057853614,-3.263650381026358,-3.2060000929152115,-3.167573678926572,-3.2901250864202196,-3.2837533414050264,-3.3188782070521543,-3.3188782042379428
-3.1798703994232187,-3.2542162565404,-3.164011280001019,-3.2995914315143136,-3.1906738964255483,-3.234574226599236,-3.2078609780518326,-3.2109907982429564,-3.273543766164232,-3.2762952779315615,-3.3131217414354475,-3.313121737878711
-3.2087024462699096,-3.2754841329930047,-3.1732973648083185,-3.307008111904432,-3.2439527217409063,-3.2565273252869087,-3.2453460898535713,-3.2469847495996653,-3.2878901768283844,-3.290471446292643,-3.3303024828753385,-3.3303024795124094
-3.200548019573255,-3.272200978685138,-3.1791136219248077,-3.301762175999479,-3.1936013896640816,-3.210198157283495,-3.2346656910467653,-3.2358099017617215,-3.2642798966669693,-3.2662357735269363,-3.27084690477459,-3.270846902209225
-3.1592149958451623,-3.2343615853395193,-3.1784854750778084,-3.2937917803142005,-3.23108722248284,-3.213411483691204,-3.2341916483920663,-3.2076487431632708,-3.2852038578935407,-3.2861495979527184,-3.272997673797196,-3.2729976717773326
-3.188410642814018,-3.2354004185363516,-3.2138678700315353,-3.3400091854839573,-3.3097878523097632,-3.2477367300167437,-3.264782807289418,-3.225315922566363,-3.2943648439666733,-3.2934689215421162,-3.276174282532202,-3.2761742809947303
-3.2681006216115747,-3.32266347616756,-3.224879067516053,-3.3644140598363754,-3.3353228510509587,-3.2691973577191824,-3.2614939944294212,-3.215048480781709,-3.30478576771275,-3.2882124907530916,-3.2972158085366905,-3.2972158069294437
-3.331831659567516,-3.3809872015776605,-3.2359485899749316,-3.3892275004902084,-3.367454834702524,-3.286825145752677,-3.254738003654353,-3.209290905671227,-3.3248026214315987,-3.308555329838047,-3.31726395862212,-3.3172639572359914
-3.357188052982883,-3.4268783892398966,-3.251949496654026,-3.413295972580014,-3.377131544008356,-3.29993859233357,-3.2681140618656825,-3.2195869996029938,-3.3441729214233082,-3.328116947168464,-3.3322516694341773,-3.3322516684456387
-3.3718130909501745,-3.465973761258858,-3.226741430005894,-3.3934575482874147,-3.302548401657875,-3.2709928840472378,-3.210025126730466,-3.1862870102663616,-3.333192699524186,-3.2700339320663483,-3.3336923060437824,-3.333692304605618
-3.3099157227830287,-3.4096495315670525,-3.2113322161539113,-3.3808997610167264,-3.270275310640306,-3.2578378781686252,-3.1988668980252966,-3.179454402252576,-3.3439043609001464,-3.2840101273571385,-3.3298798405030756,-3.3298798393302653
-3.262514215179767,-3.353842115644696,-3.2042157709546935,-3.385146969391193,-3.3101446501852596,-3.2736614445547367,-3.2499203108481565,-3.232607283509688,-3.356865999272615,-3.3013494879372507,-3.3400129531231477,-3.3400129523920326
-3.2825364670381303,-3.3453420049789577,-3.2083592926334217,-3.384566451323045,-3.3193169645106515,-3.2709478063195085,-3.2923719475457736,-3.2785506495133045,-3.372882830762384,-3.3189666313632857,-3.347426561749552,-3.3474265613914427
-3.258411629945678,-3.275422508317864,-3.2268601012927123,-3.3983813465422332,-3.3504058098642626,-3.2839512986813677,-3.344667358336946,-3.3358462313775377,-3.384649676052826,-3.3347500684785567,-3.368276399254009,-3.3682763989406714
-3.2307946277122657,-3.266559392063672,-3.249143045779973,-3.4087265695918587,-3.3528705757148023,-3.2822078222395037,-3.374708254887664,-3.3809308091092434,-3.394567556574164,-3.349136874588606,-3.3877729775841168,-3.387772977100528
-3.2153451037257472,-3.194038290257308,-3.2576317495825835,-3.3961040081326215,-3.254786728488581,-3.2356549231378215,-3.310754073575959,-3.3381893901561783,-3.367024604971953,-3.330760805030682,-3.339059247363381,-3.3390592465361846
-3.2203741867419446,-3.2289979156517337,-3.2590041515425083,-3.3893331554782904,-3.2523192380884707,-3.2511031505803345,-3.3280269923296193,-3.3430702527757377,-3.378700513308018,-3.3451618527262568,-3.3573861629887936,-3.357386162059338
-3.205980759683589,-3.207331261474609,-3.2621033454583945,-3.3864795325135058,-3.2771183513012003,-3.2754734113847412,-3.353288118859762,-3.355834480868648,-3.3955381704213057,-3.3628094649350304,-3.37659754208866,-3.37659754143351
-3.25379418186992,-3.2158383591765887,-3.2767650582862404,-3.3914390039040714,-3.2600942584668613,-3.288054884215673,-3.341997367424333,-3.361597975317499,-3.3804467285531947,-3.3538346376501105,-3.364393375236091,-3.3643933741873266
-3.2528401186523745,-3.2314461584852934,-3.296245478587515,-3.399528811781262,-3.2889129090879923,-3.320103227147155,-3.3576444975444106,-3.380922341230235,-3.385336312431373,-3.36111968909635,-3.3763139852104347,-3.3763139840852725
-3.3125436098376224,-3.255797315757504,-3.311830384022927,-3.4025852661535616,-3.3074332253437415,-3.343333507869806,-3.368739214332588,-3.393307253515212,-3.401309060252242,-3.377995883622931,-3.3819409577489097,-3.381940957428222
-3.3316355274675273,-3.2819525002643446,-3.3274920675363893,-3.4091381907183873,-3.3299674163654642,-3.3779572017827455,-3.3838954603764124,-3.388738111953207,-3.417993403819856,-3.3951427343943825,-3.402256023191407,-3.402256023061272
-3.347837077062741,-3.2690183718235444,-3.345735929756676,-3.427918595078985,-3.353903188602731,-3.405373676315169,-3.408704214713497,-3.4163148446898117,-3.4342583715987174,-3.411912794841336,-3.4204111937191026,-3.4204111937776576
-3.3569865093229088,-3.2967570126385812,-3.3597540181573047,-3.431278175231045,-3.3777862346539616,-3.4041862059137347,-3.4189906124677347,-3.4358048877565306,-3.4471657979324988,-3.4245525087354656,-3.4318009337276303,-3.43180093425916
-3.305641578255231,-3.2582013346961647,-3.3531627092677825,-3.4270074662048216,-3.355031181626286,-3.3869423823050306,-3.3723959121360068,-3.395716293666395,-3.45841253411426,-3.4367237529962424,-3.4245991559939943,-3.424599157065425
-3.312516257224859,-3.281850663730734,-3.346976879361625,-3.4285072169677875,-3.346602610659686,-3.3890858595939606,-3.3605385981233344,-3.3721311661680473,-3.466685184299321,-3.4465408471165175,-3.441138539248727,-3.441138540249082
-3.284872173223336,-3.27315146824243,-3.322642575625674,-3.4196029464768416,-3.264770082765653,-3.361582549029399,-3.3307436494757914,-3.3270230654987323,-3.4376662847927415,-3.406045330402006,-3.4136941658015783,-3.4136941662232374
-3.204027752178812,-3.239487683593147,-3.3053326668335394,-3.4061022831186376,-3.2740095055404446,-3.361904898148874,-3.3183955680053394,-3.293534414406795,-3.453521361021103,-3.422743083508794,-3.427351492019458,-3.427351492669218
-3.2999579912022337,-3.3191523954153594,-3.29212021938429,-3.410486471738706,-3.2917932413835085,-3.3721037897217183,-3.377526410677538,-3.302402649464776,-3.4711062896494296,-3.461210472669389,-3.462997991015759,-3.462997992516659
-3.172317330119721,-3.1953596260364323,-3.2946546500035003,-3.42474089604506,-3.298603526954416,-3.378256201301623,-3.4245705127595993,-3.3496569255122015,-3.4497811676102432,-3.447759707653095,-3.457920496616186,-3.4579204973824
-3.2277054996963597,-3.242520683412806,-3.2887386461642683,-3.405906772474068,-3.2734306128580437,-3.348450216811255,-3.3876134703890766,-3.37684649977481,-3.418382890896796,-3.427642174132204,-3.4387351409132734,-3.4387351405671316
-3.304088043816503,-3.2897719241264767,-3.289970504121025,-3.394910604764485,-3.299802011919788,-3.355758442980481,-3.398286113450496,-3.401157159859972,-3.4306960212190507,-3.4409333015317127,-3.460243477831261,-3.4602434774540076
-3.181156087408697,-3.1950397034910245,-3.2855296592423944,-3.3890700683090307,-3.305054817027173,-3.36948593622321,-3.4168987227192504,-3.411627132216089,-3.44344690494492,-3.453637836459684,-3.473122992284954,-3.473122992074341
-3.2798817226928074,-3.283485839538902,-3.2830347999442226,-3.3771079237348456,-3.3133843445687474,-3.3764805979147785,-3.44510063430906,-3.4084243435993544,-3.4523696450744397,-3.462440827981123,-3.4700218968232504,-3.47002189725744
-3.223760919783908,-3.275368470292228,-3.309885550992174,-3.403322992808079,-3.345267476334974,-3.37702273053178,-3.4034527861470543,-3.438275049101607,-3.4613841247408086,-3.475407293841168,-3.458913630539676,-3.4589136312915834
-3.317721393313714,-3.3297741244471863,-3.324377355782665,-3.4246313924388185,-3.4074177758652655,-3.4072546131618253,-3.4234178923549123,-3.4497731886809273,-3.475346252050845,-3.4896544829797134,-3.4805609401063755,-3.4805609408013316
-3.245359014343745,-3.2958309644070853,-3.3298132098906486,-3.439838127800364,-3.424047272807092,-3.4263220133120633,-3.4212589031752065,-3.429028796921009,-3.4901887165452066,-3.504612759394269,-3.4923055410858694,-3.4923055424131997
-3.27359715170967,-3.2909948016134,-3.3519020983010215,-3.472923698836424,-3.4367772099974343,-3.4503061518863642,-3.4466994789318925,-3.437910340060289,-3.501500139644614,-3.515933192584065,-3.5098973598199787,-3.509897361171264
-3.345038300873946,-3.369445539341241,-3.3539819790071945,-3.4671901653586743,-3.435753437052324,-3.4185006471989494,-3.4217155321498454,-3.4498060085768287,-3.501244935249806,-3.5210339431808664,-3.5121727218404484,-3.512172723613442
-3.3157334843381623,-3.301797937756966,-3.360891825114881,-3.465377511752427,-3.42771814388138,-3.4025515918072187,-3.4331805592799145,-3.4689625684931196,-3.5163018345950325,-3.5356041350381187,-3.518779363685789,-3.5187793659244537
-3.2960528047698645,-3.33761195492719,-3.3331494960256,-3.447653655399503,-3.289358671869476,-3.3519006572807255,-3.3747936701208063,-3.426098352024299,-3.477648932319437,-3.4938401805087778,-3.4911533246862803,-3.491153325703798
-3.3218565600960326,-3.333948484776508,-3.3318493761124657,-3.457069622363453,-3.2738807057964805,-3.351905317796735,-3.378935513557462,-3.420013425002452,-3.4366517622744914,-3.4582748178768266,-3.4458034717123596,-3.4458034719477286
-3.2953580198290973,-3.286253391280185,-3.331786678869686,-3.460549897849867,-3.3121690110424256,-3.3675002265301632,-3.4002303859138614,-3.441198259333637,-3.439219287717093,-3.4630224721353264,-3.451037444253092,-3.451037444727139
-3.2691596206195626,-3.267596851357964,-3.3290178354559683,-3.4435187110756957,-3.2948712479644238,-3.336964412970752,-3.3691900623564766,-3.4502858241565977,-3.439356412641549,-3.4667922457072917,-3.4619488338524924,-3.461948833776173
-3.3058829538476973,-3.2915133496779774,-3.3279612584272673,-3.4435350180493502,-3.3227021608264966,-3.3484217875390954,-3.375533751570626,-3.4616918720177914,-3.4543378631519763,-3.480547846586541,-3.4653788354010864,-3.4653788359840387
-3.3459401685727364,-3.3393087922760083,-3.3200952790823814,-3.4431841662013083,-3.320792380907515,-3.3486681075718527,-3.3566892579429672,-3.427904335019952,-3.470166868936326,-3.4949910455221547,-3.4772252683911287,-3.477225269464866
-3.3145128806464634,-3.349711281833948,-3.3129181773318566,-3.425802109343589,-3.268304081900902,-3.3211785471310726,-3.343925857454935,-3.4028063091962175,-3.4708469345043107,-3.4967219768773576,-3.444295155151689,-3.4442951575917187
-3.303566513232016,-3.2880359473430003,-3.3219265719417126,-3.4252916439727423,-3.2390242259348816,-3.312295933580928,-3.342733415229375,-3.4006601469526574,-3.4557476438731793,-3.4816825780230825,-3.42158464990459,-3.4215846524649223
-3.2307231144130935,-3.1664759657519763,-3.243092471473725,-3.3332333763641033,-3.1142693779676347,-3.201564037170924,-3.205820361217469,-3.293030074066018,-3.4399120923709514,-3.4713023849310414,-3.3733869242815495,-3.3733869265705967
-3.22825631800261,-3.234429079884848,-3.2355654297064294,-3.312186283741788,-3.191060378081343,-3.2113773488021717,-3.244899686971313,-3.284739013861734,-3.553933241905559,-3.5617117036616186,-3.451066003178917,-3.451066008711458
-3.2090017223604423,-3.2278177015141756,-3.20560981505393,-3.2836614506001727,-3.20873388952125,-3.197273127054116,-3.2632499474854857,-3.256065292717235,-3.567238004161046,-3.572853437119748,-3.4666383271117356,-3.4666383327563657
-3.2187005113799523,-3.215801971544554,-3.1912143001954782,-3.269132709298444,-3.2183514414500936,-3.1877616021271415,-3.262780537016461,-3.232344991880509,-3.565676964865074,-3.5729904861199557,-3.4706428971319285,-3.470642902761426
-3.2617995059815215,-3.270716035291082,-3.1842780855969988,-3.2624477396060696,-3.2361620507824553,-3.18454981481157,-3.278716040640414,-3.2273808185017656,-3.579368590554161,-3.584338211060902,-3.4907577658220226,-3.4907577716080147
-3.243044748222228,-3.232615920094872,-3.1880458958490028,-3.2669505635205223,-3.249066392248835,-3.210173232267476,-3.2971782141424155,-3.2375450054875823,-3.565280823113173,-3.5717904757655825,-3.489840649738951,-3.4898406552048002
-3.236169175304807,-3.1844773329882314,-3.1694877578907414,-3.226528175489282,-3.1804709425407305,-3.1466979916490905,-3.2365122067406737,-3.2243161550846446,-3.531274229695744,-3.548627609420332,-3.4736666083761176,-3.473666612244074
-3.245461501799784,-3.1923694164823155,-3.161202433335008,-3.2216166086601428,-3.205031561228222,-3.1476056049867145,-3.241141382113698,-3.225764610918225,-1.988306680238992,-0.7477622967451096,-3.4704109040894373,-3.4704109086443724
-3.1977410440981426,-3.1940248086244973,-3.1636209143138134,-3.1795029742428325,-3.009659543991989,-3.023307508638721,-3.001940563689783,-3.1133600784300093,-3.4640663540672265,-3.4978082251836717,-3.399180851330741,-3.3991808555485004
-3.209185824506111,-3.243066187162946,-3.1610267523768614,-3.1765312206030716,-3.020328011592407,-3.0214996889054846,-3.0017593188816294,-3.1156270356847475,-3.466005151367597,-3.4972322898389914,-3.375203866577408,-3.3752038719940973
-3.195950923295476,-3.2000670702887253,-3.123051617060756,-3.151970336282507,-3.0033546976539465,-2.9733107150863742,-2.982722129249148,-3.095925553731772,-3.460402706162979,-3.4938439961569046,-3.373826627967284,-3.373826633082848
-3.2217742052603606,-3.2848338024322747,-3.1313175838650626,-3.1750105749963784,-3.014193807425943,-2.9696358127856515,-3.000695826970336,-3.08356642546246,-3.465636820402084,-3.4520647952318653,-3.3832670733038883,-3.383267078433057
-3.2009784767618967,-3.2910127338207116,-3.0735701708832575,-3.145771913931705,-2.8528958907332833,-2.901856077321309,-2.9296561778239973,-3.0361851747447153,-3.365971400581932,-3.3967890187788194,-3.331205585504904,-3.3312055886780847
-3.1838682835888013,-3.2525524398582655,-3.0440992065927164,-3.1449804695055033,-2.8636015856590276,-2.911630623132461,-2.977187485124089,-3.0367937978420247,-3.3639961522128328,-3.3938370887546654,-3.3474067702211525,-3.347406773266003
-3.212882634719585,-3.295084010376244,-3.03407723035866,-3.157935122079383,-2.8750045631612497,-2.9212960007108526,-3.0290282880661135,-3.045018164814354,-3.3749760232729162,-3.4017475082031554,-3.3702721112582164,-3.370272114260792
-3.1593028332528927,-3.239355934852368,-3.0071753291373473,-3.15966781058276,-2.8356737772103155,-2.9279687514546406,-3.0482151914437137,-3.0425563992038667,-3.366316642556605,-3.3899585313255653,-3.370960661527171,-3.3709606641230203
-3.252328525182782,-3.3025523207804603,-3.008675296284739,-3.17834052792774,-2.8319270985373173,-2.9473985904081226,-3.093090327635177,-3.0545303061828526,1.4691458439062646,2.987600307843549,3.1026132748483963,3.1026134743230207
-3.091627282940732,-3.1969392169696893,-2.9138941220467083,-3.0794056210914658,-2.720255753734461,-2.8687656632642935,-2.9638705428652425,-3.0088006213766927,-3.212732165441089,-3.2707105262785268,-3.271671419502969,-3.2716714166357126
-3.1604223913271734,-3.232948958131926,-2.8778785667038993,-3.0578344363945167,-2.7757835755056828,-2.8793435763861943,-3.0007195772208357,-3.010331527025291,-3.231336827715228,-3.2833977980317535,-3.2859818081556753,-3.285981805756079
-3.0658495833017665,-3.1781080910411945,-2.8708254327764364,-3.050384352447592,-2.8128863333419294,-2.9062260483636004,-3.0339264767406595,-3.025556000742903,-3.24552754055264,-3.2949172226136434,-3.3062912115711116,-3.3062912091579304
-3.1583480992674855,-3.238713987977059,-2.88869053626781,-3.0600701870507105,-2.855014386635563,-2.9024170677389223,-3.0377541357932376,-3.0343681106997,-3.202012662456535,-3.254253672098998,-3.26311045901545,-3.2631104558687776
-3.1801416064123442,-3.245508269702586,-2.9297384770951007,-3.09701748023757,-2.9276600748636907,-2.940234814665898,-3.0933784274425653,-3.047274527719031,-3.2227009240355233,-3.270115257597851,-3.2859293230680695,-3.2859293201266677
-3.2089787905080325,-3.2772122725363513,-2.972620954346988,-3.1344933184813915,-2.9711577396734867,-2.9728329038279924,-3.1534442092659045,-3.078327103069533,-3.2373265777540103,-3.2817213489119146,-3.309513730034336,-3.3095137270691577
-3.2275743630160054,-3.273129685150567,-2.9904199255171484,-3.146544925376628,-2.9833697705056834,-2.9522110067847454,-3.1488675953327254,-3.065236307386768,-3.245550850746245,-3.283869417404702,-3.308229829904783,-3.30822982752417
-3.2866917678019756,-3.358318257522129,-3.0132123470277965,-3.171664814069298,-2.9964355775633487,-2.9672793573315737,-3.1857650064397056,-3.077102982349021,-3.266907655257746,-3.30143495414647,-3.331919808807416,-3.331919806566469
-3.2616887688509566,-3.3305603038312777,-3.0450157078910047,-3.207684472229433,-3.0043543867300553,-2.9902150417402296,-3.2370194811067616,-3.1137330357825794,-3.2817089051450434,-3.3138672234787503,-3.3532767628062787,-3.353276760557176
-3.283518859117548,-3.356784050756561,-3.053762227591817,-3.209530312190628,-3.0079250568977343,-3.014899829108055,-3.2550472142901876,-3.1238093760381864,-3.2899006727817315,-3.3175574407945847,-3.3675682105257545,-3.367568208194061
-3.3472626879476786,-3.4387786907752393,-3.0635777729321507,-3.2168230888917755,-3.015803982843476,-3.019139367225258,-3.251237590712992,-3.127790753728781,-3.3097967104303088,-3.333949126520268,-3.3598085845300245,-3.359808583524131
-3.373994134735737,-3.398538799214215,-3.081907528224687,-3.209425262648989,-2.9526959218065985,-2.9719421693506223,-3.1322179907286505,-3.088967806428968,-3.1821036766533384,-3.2176533605953113,-3.2054761108892746,-3.2054761076903397
-3.3126232626951455,-3.346997710615428,-3.1614626352726107,-3.249897102495396,-3.057616994000843,-3.017536797999767,-3.169687666532461,-3.1179395083126895,-3.2019820447341507,-3.2324623566722437,-3.1948546478649327,-3.1948546454387303
-3.3373179014452483,-3.3887172974223803,-3.2113547482973783,-3.288780287166569,-3.1342611735956565,-3.074508748468607,-3.2322661235636394,-3.1602780284421534,-3.215558944794119,-3.2437234261324983,-3.22035155359582,-3.2203515511709506
-3.367914682243077,-3.4201562703688113,-3.2495151848457566,-3.297997353341618,-3.12734469198269,-3.080406252025579,-3.168461311091585,-3.1418619492095274,-3.137064120052695,-3.166762986791481,-3.099019196327622,-3.09901919373601
-3.243877267964456,-3.336118910333323,-3.2107619856994303,-3.2381977895965837,-3.142797254148061,-3.0348221478428794,-3.084805914353117,-3.0917111148600833,-3.0909187512377443,-3.1250108994727377,-2.9784567605353978,-2.9784567589111965
-3.1769892648989657,-3.312846110252836,-3.1587013864778157,-3.2082167406434663,-3.251799170862566,-3.0682617151106464,-3.101937527450753,-3.1144900191919174,-3.09694327186259,-3.1280614899738453,-2.9999975602633864,-2.9999975587271273
-3.168112557218255,-3.2411529396536642,-2.98283745902717,-3.0354345936056575,-3.080471942774034,-2.989168885534557,-3.003658885610209,-2.9478798918051217,-3.0322180630807645,-3.0627592218369397,-2.894489580416379,-2.894489579675696
-3.1330992157538886,-3.2315452998412537,-2.9477671664263,-3.020098539681856,-3.1262291142192224,-3.0136555304053627,-3.0005078779573746,-2.950368844680625,-3.017781441310149,-3.0462972119644,-2.8977999332536255,-2.8977999325435153
-3.1289432160582664,-3.154044718095565,-2.9078275034754393,-2.9783710194031325,-3.131620794955321,-3.0127873074432547,-2.9602353963536645,-2.9106436457857074,-2.979589047472711,-3.0072870949753536,-2.8491288374479993,-2.8491288367871506
-3.1526075226234815,-3.2164104880032194,-2.915314233528808,-2.9911125911844003,-3.250978600298076,-3.0805171323607787,-3.0044364573151423,-2.958835105232021,-3.003796579133271,-3.027912727083244,-2.886061362175175,-2.886061361612608
-2.999488393170883,-3.0947984346283954,-2.9390537258772316,-3.037365308237651,-3.074193299635618,-3.0203503088966475,-2.956091832702768,-2.915040906901221,-2.9853028299829765,-3.010780155169839,-2.880989724806436,-2.880989723954332
-2.9451605464405035,-3.022311345553834,-2.97975978411314,-3.084710624536185,-3.16138803319033,-3.0649091531466213,-3.019592192903022,-2.972239848512015,-3.008112500174919,-3.0307803897127332,-2.917576984134302,-2.917576983392665
-2.9655817293297484,-3.078593840739315,-3.0096499861768944,-3.111936609700097,-3.2397020975871023,-3.1213098186718726,-3.0739588890255005,-3.0199516965410003,-3.0334275334451797,-3.0527466584928993,-2.9490406638609556,-2.949040663680508
-3.157389383200115,-3.276303547369217,-3.0932926733374497,-3.1694581481733195,-3.2580164031457426,-3.1400117193817914,-3.073542931480576,-3.0569668937842405,-3.053183561122113,-3.072522331073631,-2.9813554431173017,-2.9813554433093525
26.856735063496835,34.24934403512658,2.0715985114007385,9.038585348873845,19.039436828205325,8.033479514258772,0.5462454408681374,-1.5765224903478607,-0.4073670300232686,1.3388740208048682,-2.964870848871028,-2.964870849588902
-3.299614000363515,-3.3107855122970644,-2.987858497384868,-3.1066676618478457,-2.79020001955815,-2.873080295080964,-2.794282300076974,-2.882742424681726,-2.9292998482115173,-2.9470372618799074,-2.8553580499976885,-2.8553580491709227
-3.287443060371994,-3.298060304922971,-2.9566125494914273,-3.082114846763862,-2.8773417161167756,-2.8837585271548987,-2.811193847990679,-2.889019549457877,-2.921259492548587,-2.9369330357391634,-2.8625924726058516,-2.8625924716078313
-3.2815831769043142,-3.289842198747925,-2.9213785922447206,-3.0376706718478297,-2.9636686509986374,-2.8805278167876995,-2.855644433637429,-2.9017439792027573,-2.9380780324872804,-2.9485165120863472,-2.885428241365287,-2.885428240817071
-3.2871422489694684,-3.298327111460017,-2.9131918613460703,-3.028454955409384,-3.0570358319294684,-2.929823068729351,-2.895046193788347,-2.912622756241498,-2.946736994556533,-2.9511958381914907,-2.881776312031051,-2.8817763123178297
-3.282857482371086,-3.2934726319366274,-2.8984058394864656,-3.025608695502287,-3.0775474104827643,-2.899372940531334,-2.8836849431542793,-2.9048335827322105,-2.9503374168329226,-2.954832250399705,-2.890084830970924,-2.8900848311663943
-3.284016586567581,-3.294149642556212,-2.8991987360522917,-3.024234744839231,-3.05100251006796,-2.8545596510619875,-2.880240182878815,-2.89620014184447,-2.9662544810646603,-2.9675460061775545,-2.8926800872284217,-2.89268008805131
-3.2822416707999484,-3.290272417105426,-2.8794567184559043,-2.995952335558361,-3.0934894266049455,-2.836765600705439,-2.921184356665603,-2.916770665931938,-2.983793660159127,-2.9839232330443632,-2.9266773573172022,-2.9266773585780195
-3.283543113678313,-3.2888057962070745,-2.878554506164805,-2.9796418148401687,-3.096073209897636,-2.818925625993586,-2.969469192678914,-2.9473434898461472,-3.0026398140313364,-3.000997346004185,-2.9611950902395883,-2.9611950914854095
-3.2921669797121957,-3.2990777659024166,-2.84864644170475,-2.9677607093984553,-3.1029206979614212,-2.832667314750698,-2.979764218541166,-2.9603831227370185,-2.9761189036867846,-2.9740936612495275,-2.8937839960683367,-2.8937839978574926
-3.29851996439827,-3.303747189427394,-2.8585034495698767,-2.9911056443011295,-3.127559230377698,-2.876486391560783,-3.0332732305164525,-3.00801258967334,-2.99442593994649,-2.990430805352443,-2.9316733568916673,-2.9316733585952357
21.41652169714519,21.950168907028264,-2.8837377774316715,-3.0239052972704967,4.565811426810113,-2.9327980909578772,0.6606913506534928,-2.69327907619904,-3.0167022085255897,-3.0103314568451305,-2.9713794982411663,-2.9713794999071412
-3.3141996874626747,-3.3161478031223544,-2.859377293385388,-2.969801661138724,-2.7392674431621895,-2.7676798790607195,-2.8237395712316817,-2.8320682988203356,-2.891866266172233,-2.8928840609578477,-2.7526812432316348,-2.7526812449009244
-3.2998783587798846,-3.299506413231069,-2.881089751711019,-2.9820686897122086,-2.833465297200934,-2.7872089180884334,-2.8706891786964994,-2.8898563007641265,-2.9030323095352752,-2.9032022484341877,-2.789079950405471,-2.7890799519372074
-3.3021294719496534,-3.299656956105763,-2.9167337853278075,-3.0124421864808073,-2.9173993290475275,-2.8321548359632107,-2.9363684480345507,-2.9500203692450113,-2.92762625502088,-2.924822248874922,-2.831932943568841,-2.831932945129793
-3.31062126945604,-3.3064299193455597,-2.957769539289546,-3.05172038595566,-3.014502122872809,-2.901734847350198,-3.0087106446391405,-3.0132410589265013,-2.948300192870318,-2.9432570966986518,-2.8714540588696806,-2.8714540604972676
-3.3066603354337882,-3.301225741407952,-2.918077930130698,-3.003095549161888,-2.959965058193193,-2.8909426741615443,-2.9902530813987167,-2.9716732754236426,-2.9376502123386623,-2.931588590813411,-2.8561749081839483,-2.856174909768658
-3.3097069279133877,-3.3034912773345577,-2.96275073486725,-3.045634147334422,-3.04345113395098,-2.9482182668195334,-3.055057609600807,-3.0310680978552873,-2.9583339066874195,-2.9501002013556588,-2.8982695841051482,-2.8982695856806426
5.36011550925871,4.543257224518448,-3.0040355294172496,-3.0853324287977286,-3.119990295899539,-3.015194494008372,-3.0959766774906603,-3.0820579346489163,-2.9647349226970325,-2.956213264781267,-2.9252915106244437,-2.9252915120001868
-3.265210759172496,-3.2757179990110528,-2.9400482853701604,-3.018325779081691,-2.8625426791822566,-2.8993813506633357,-2.9327470266408677,-2.910178381697962,-2.8930729841924405,-2.8899012562968656,-2.8275557728654297,-2.8275557736992614
-3.25959154802124,-3.270637636506234,-2.9386030155074927,-3.026746008150298,-2.991636691231039,-2.954570103633597,-2.969572081024914,-2.9573051143575566,-2.9008177596496827,-2.8964154568833713,-2.8410605325422678,-2.8410605334301797
-3.264630123778095,-3.2766667751371634,-2.9690329844212657,-3.064519412665842,-3.1312240858956897,-3.0496978129458068,-3.017529510242878,-3.0199747262470167,-2.9211232627611485,-2.913753393008805,-2.8750843831512825,-2.875084384265784
-3.2728995466691844,-3.2840246363430463,-3.013650246765404,-3.1051536318540123,-3.239023550264589,-3.1264281254589807,-3.0732525099170633,-3.1017491812637386,-2.9411601377565932,-2.9327182453196374,-2.9191650195433585,-2.9191650205988253
-3.282811995696653,-3.2937808078586652,-3.0482867089299868,-3.1355995595680923,-3.3184058697768917,-3.1957780374530875,-3.10899673026961,-3.1534941925734947,-2.9574151871722343,-2.9475329703005846,-2.950332572912039,-2.9503325739310213
-3.290473586574689,-3.3011808064607897,-3.091700530752496,-3.1722429027735357,-3.3688469868842863,-3.2477908265468978,-3.148831222783237,-3.208751665125767,-2.9813568447419425,-2.969552549846527,-2.991387586408475,-2.9913875874540525
-3.299495385051811,-3.3111300767693486,-3.1386404522773814,-3.2163662691821284,-3.4183442768516095,-3.306149064913834,-3.1809265640117466,-3.272523363099823,-2.9987845681444747,-2.985650701522917,-3.025709920983447,-3.0257099220439043
-3.309141588459485,-3.322987778870004,-3.169029920319737,-3.2478597975397716,-3.4853646984050757,-3.3685947890232137,-3.206353087469129,-3.3308632221186376,-3.0171474734425106,-3.0022812564886614,-3.0517990594137343,-3.05179906063793
-3.3108909402848727,-3.3267520056954636,-3.1443443425642825,-3.2223186736457423,-3.4052776101778974,-3.348679740699531,-3.1638858695896097,-3.3238307150847586,-2.978383785068338,-2.9684154396900935,-3.0113520840360026,-3.011352084594456
-3.3075883105039106,-3.3228869569677357,-3.1524680883317493,-3.2229431581388837,-3.4644716601711396,-3.368109393227259,-3.1976983548413194,-3.3721290449165373,-3.0020331706046157,-2.990268858450328,-3.048178778316654,-3.048178779051348
