lstm_normal,lstm_student,gru_normal,gru_student,bekk_lstm_scalar,bekk_lstm_vector,bekk_lstm_mix,neural_bekk_asym_diag,bekk_symmetric,bekk_asymmetric,dcc,adcc
-2.8820593085625776,-2.835832287273847,-2.85315123069615,-2.886440341613699,-2.9225454244483644,-2.7908949106312555,-2.887073628820965,-2.8196623572485304,-2.8210216607903087,-2.796680735341916,-2.8565428335262615,-2.856542828757517
-2.8817806572389437,-2.834600170216165,-2.8683140615595306,-2.900542353138702,-2.9145398740509822,-2.8159691455321445,-2.8781975883928324,-2.8275488991303317,-2.825788055265052,-2.8020791434070067,-2.8723034227337885,-2.872303417780596
-2.9141672961193894,-2.859818178464275,-2.872042060967723,-2.8904496494403618,-2.854474819116155,-2.7832275139775113,-2.847259123734611,-2.8266062158784218,-2.8296236266106214,-2.8055498825854563,-2.8672260318984573,-2.8672260270179026
-2.8607091737351866,-2.8823122923375393,-2.8527777562301635,-2.8769423404365937,-2.831177831953766,-2.758545929512332,-2.833872482222975,-2.834744856051469,-2.8347657444200243,-2.8130565974228454,-2.8861432632792177,-2.8861432582606867
-2.8001158547818905,-2.806000130056746,-2.839893453262125,-2.860534841310515,-2.798157958937658,-2.72449117956044,-2.787919936112268,-2.783569399867158,-2.8205657195314178,-2.8010688101309493,-2.8623706249295813,-2.862370619407901
-2.790315099448973,-2.832265264435821,-2.8397455545632684,-2.857846807214097,-2.748412479396584,-2.669185460738752,-2.762402046651226,-2.7709865517417915,-2.80791102163015,-2.784518720286146,-2.847485330842143,-2.8474853252678423
-2.732992414712798,-2.747632926183629,-2.8409383713150382,-2.8510001919167833,-2.7361070455336893,-2.6728221531192293,-2.775237481304713,-2.793949403481882,-2.8244114025992437,-2.800231992899089,-2.8725766603547456,-2.872576654930312
-2.7766128519031095,-2.7582781177929183,-2.8084960451500836,-2.8070569904059552,-2.7294614213082786,-2.6514785825593137,-2.760440779448317,-2.7787407003001308,-2.8311228879009884,-2.8060504587378374,-2.841253718759831,-2.8412537149495645
-2.7529032869300285,-2.7398807661735067,-2.7945958497886623,-2.7760948476767453,-2.7266456237388823,-2.6455028695409117,-2.7468973081529686,-2.7731906277959846,-2.8342636845040774,-2.8095870889319996,-2.8536034566670128,-2.8536034528370897
-2.6831324818534954,-2.6725049072647864,-2.75984513046172,-2.728135984026027,-2.7152078416146095,-2.625221411065543,-2.7057307102357653,-2.708398705908749,-2.816802996849286,-2.7939148276317765,-2.8124346056012,-2.812434602158652
-2.6727813909353757,-2.6678640412581953,-2.732108388928866,-2.6842344217288154,-2.6880121628650686,-2.5569513137743947,-2.6765272760439522,-2.6862822417158956,-2.8078442352641475,-2.785399647328846,-2.78291960158264,-2.782919598105694
-2.7398874658531907,-2.7409865095557833,-2.7461395728966824,-2.692536416023001,-2.7552514964223356,-2.5705218147600464,-2.7348258594260146,-2.715325691436858,-2.815733469165826,-2.7932601128199908,-2.807130846377879,-2.807130842741377
-2.746604032797456,-2.743518449374981,-2.7654131077430435,-2.7148050503253893,-2.8008612900725494,-2.585387643396425,-2.776806836538987,-2.748586459385148,-2.7999714388654895,-2.781791966718017,-2.8119669915504764,-2.811966987379508
-2.7622931197994194,-2.7778470359468472,-2.776951341444891,-2.730956305584191,-2.8472994158762983,-2.6103608096750275,-2.8198932903681095,-2.7823929844546185,-2.803008409595106,-2.7861020317214713,-2.8322598347689927,-2.832259830230728
-2.731606842297848,-2.83692121551319,-2.7234064030266336,-2.708303581965398,-2.84431077840204,-2.586978975044101,-2.8035217175125604,-2.778665171454602,-2.813570208707793,-2.798346657995681,-2.841557792100558,-2.841557787811194
-2.7992449352726103,-2.9038887148722865,-2.7326008722993524,-2.739095847913768,-2.877991324331295,-2.6189313847383477,-2.842498768899941,-2.8207402555464993,-2.8336955641516632,-2.8169235165251774,-2.871999550987082,-2.8719995466725203
-2.7832258107536667,-2.8532843116848703,-2.745534610318696,-2.751446541226963,-2.8527359437132267,-2.6186290182642185,-2.8279516403099394,-2.8192509332448403,-2.8465027568177104,-2.8304399714826602,-2.880480796040887,-2.880480792242
-2.806871976405126,-2.871854257968402,-2.7607015025460275,-2.7618335737665616,-2.8526287589498995,-2.6522267148628074,-2.8381212090517614,-2.8300244851770353,-2.865497154995594,-2.847994630686951,-2.9120231375969343,-2.9120231336970943
-2.845746811613109,-2.919210254182493,-2.7809105785789665,-2.775363049897492,-2.856534497545685,-2.7050642546939407,-2.850803838944577,-2.8477357833203896,-2.8753666808737206,-2.857507284606431,-2.9339762374684466,-2.9339762333762143
-2.8478592487882075,-2.906294217075068,-2.782079547144309,-2.7780093143486257,-2.835532726215906,-2.7117887964836966,-2.8456396033311795,-2.8440639469362745,-2.8934679621260426,-2.874028913398529,-2.939737525529288,-2.9397375220200566
-2.8525054847109703,-2.9014481761053497,-2.7711699666663994,-2.7617363135150015,-2.7345004672968583,-2.696463132185424,-2.7897803752732138,-2.805470230590239,-2.8745412997997133,-2.858819279526946,-2.939100318561508,-2.9391003143046106
-2.714492627108996,-2.753935063397739,-2.701647022272458,-2.6907834823125243,-2.5993401449347933,-2.61422130084207,-2.6646257882482165,-2.6622297127178247,-2.815715300346036,-2.805254108242438,-2.8169883165877616,-2.8169883123805253
-2.707533725446345,-2.709498350239494,-2.6717747600042414,-2.6536523089105417,-2.543048373382835,-2.573665615909528,-2.6247826385139232,-2.6448338172288093,-2.784570050539973,-2.7793961133992893,-2.7957432499493406,-2.795743245315623
-2.613666811299625,-2.6582515416177044,-2.622194599249437,-2.60561228839092,-2.5518329776973068,-2.525325336529629,-2.5957574567507,-2.60923008220606,-2.7849890878503136,-2.7772781233786694,-2.738320000443955,-2.7383199973994667
-2.5676452454249272,-2.578703042349101,-2.602298811442473,-2.583230729639636,-2.596028314534437,-2.528096209951766,-2.596084674453105,-2.599466770121052,-2.777111951247471,-2.7699782664312487,-2.738647895774024,-2.738647892387684
-2.6032537792342367,-2.6370053387562953,-2.5818416387929055,-2.5445024370748817,-2.5129613098333015,-2.3982149051839188,-2.4571740764664787,-2.567791823047407,-2.768100437634111,-2.757429159556063,-2.6212082101427727,-2.621208209429416
-2.6737628937830786,-2.6657231666184655,-2.563102924161525,-2.524943547085864,-2.583411804730498,-2.3970064361364654,-2.493155803109649,-2.5730425604637426,-2.782868628283043,-2.7710783152607683,-2.645953634586113,-2.6459536337086305
-2.674840983142733,-2.6693032550165476,-2.547634977214889,-2.5185078751753784,-2.6026453419345468,-2.3842899989113797,-2.5238169573672926,-2.58012065921442,-2.7988376486415385,-2.785632449722269,-2.666252622991325,-2.66625262211233
-2.6657052620981374,-2.688278955111441,-2.543931126392483,-2.5199045119237256,-2.6592754092021758,-2.3473798674226707,-2.514341336797294,-2.5785300290131454,-2.8147609297991525,-2.800115054713385,-2.6410522295197776,-2.6410522298758803
-2.7557953420141157,-2.760839656756832,-2.5390785861077028,-2.5200061033556835,-2.756769747529022,-2.343084056670834,-2.546545372688628,-2.6019218986753168,-2.8076655460845914,-2.796987148535038,-2.657480750296345,-2.6574807503283533
-2.6110767182734005,-2.63796640867841,-2.5171182430939614,-2.4987422094026255,-2.759867636163731,-2.3228333769633216,-2.5365751539907517,-2.5826694570926625,-2.7790431518094025,-2.769663815637707,-2.6391605180453683,-2.6391605175193256
-2.6373585420984837,-2.660503154793825,-2.5065606184122924,-2.4908541957894776,-2.8082222726490196,-2.317473015227036,-2.568440202068196,-2.5903532978533486,-2.7902761347197016,-2.7793459528660285,-2.6581074370981534,-2.6581074363078048
-2.6487999709914756,-2.721499942678337,-2.495597950361224,-2.487467066609421,-2.8385259169698576,-2.297968856246321,-2.5845459438691085,-2.5916452217723216,-2.8004527498544776,-2.787439297667432,-2.6633212982093237,-2.663321297346179
-2.6583303196550867,-2.673987672308062,-2.5149198617889583,-2.5078516762456577,-2.83850618366205,-2.2974177354933607,-2.607355159094028,-2.6103983671695756,-2.8093916899331846,-2.796469759118965,-2.6904263296928055,-2.6904263284857857
-2.66666162373575,-2.714184047521093,-2.526588233521225,-2.526404257541988,-2.8250675027462226,-2.308177694321239,-2.63560884169175,-2.630701497483173,-2.824516495323455,-2.809943692405848,-2.7123663730132317,-2.712366371732481
-2.6651264029142516,-2.670436444633317,-2.547144089584636,-2.543833904082937,-2.7562992184031323,-2.3205553590300925,-2.6424136629655828,-2.640441131395936,-2.824058783397255,-2.8060454215534616,-2.7311894477885645,-2.7311894460994792
-2.7190185298387126,-2.724766847554075,-2.5584654944212843,-2.5555580686126,-2.7214504122119187,-2.3276156370935395,-2.6594013616854677,-2.6642305759949774,-2.7978425870259853,-2.7846084826148436,-2.7409496799420405,-2.7409496773793665
-2.709096844492487,-2.7426132023631533,-2.5605611794151724,-2.563231534305835,-2.6879948781224727,-2.321422279665062,-2.661319650815434,-2.676148137501144,-2.8031810131556107,-2.7917786453694275,-2.749614205413866,-2.7496142030441413
-2.667379762700719,-2.7410312848908336,-2.5532285405756836,-2.556607382975685,-2.7000870581241014,-2.3328409537087116,-2.6907438565631243,-2.7074855747163014,-2.810758946843625,-2.8000858038577356,-2.774473201206148,-2.7744731983357465
-2.6894054700740373,-2.7505071523753575,-2.5567342873368686,-2.5558461321090142,-2.6873320006354082,-2.3498616231575498,-2.718114386226384,-2.725065265513634,-2.8255386596107686,-2.8135050211572814,-2.7936329342875337,-2.7936329312678416
-2.773576052978298,-2.832542606927223,-2.571629053445153,-2.5713051373693845,-2.6660866026659225,-2.345786872400611,-2.6905233392017447,-2.6921191316419035,-2.7973246739579856,-2.7858408155474277,-2.7618417083896984,-2.761841704925037
-2.6840561258248767,-2.770623871464371,-2.5715757870730407,-2.5747215981748215,-2.6786174340753997,-2.342221443860218,-2.6930870973615866,-2.682079066431025,-2.7992744390348054,-2.7872595409796888,-2.763265066492099,-2.7632650628345683
-2.7340461494734463,-2.8089890249978415,-2.573919003897977,-2.575466055852373,-2.7321577695064807,-2.348766281487397,-2.733707485953946,-2.70808031351409,-2.813419546922974,-2.8008040547160222,-2.7888537351410334,-2.788853731194002
-2.7016103566267304,-2.7620495206506694,-2.59352472305516,-2.596878813709665,-2.771986972221719,-2.3761710849514754,-2.776482666854077,-2.7398414130790085,-2.8272088092782184,-2.813504198977596,-2.8158895724897897,-2.815889568333063
-2.736124536183224,-2.801028707656292,-2.6026449251735846,-2.6016711424375867,-2.7609187130619044,-2.388409374940886,-2.7516737758850773,-2.7602582135811264,-2.833324136075988,-2.8181802389635355,-2.800113112216606,-2.800113108422764
-2.748526106267943,-2.789989849834346,-2.6235545693708913,-2.6158175489470934,-2.8068677112446734,-2.4269107610997906,-2.7600227289970833,-2.7553738564459804,-2.8419896955146,-2.8258225838725766,-2.800142608458404,-2.8001426051657887
-2.7842595644301906,-2.7943559409275824,-2.64252310204693,-2.629649500618364,-2.81786223743717,-2.4668949642821008,-2.762787264648068,-2.750382696635479,-2.8456959742590238,-2.8296648481890854,-2.8090987642482155,-2.8090987608548326
-2.791188832907962,-2.7837400452311107,-2.6483800881040724,-2.6342138921123106,-2.842158190580409,-2.5004007519688893,-2.7920668363205694,-2.777080007425937,-2.8402523856463286,-2.8251880645052405,-2.8162580726542656,-2.816258068873345
-2.796560366167914,-2.7820252267835577,-2.6507876064164817,-2.643621289763903,-2.8675591611618705,-2.5405025710349003,-2.8177103600961217,-2.7813042029705644,-2.8552573592590393,-2.8391209211192683,-2.8312325348927962,-2.831232531266573
-2.858495636016585,-2.815425578975068,-2.6753288233496004,-2.6726231752965472,-2.898062656062865,-2.59169387771568,-2.844964070365822,-2.792170701771039,-2.8708408628695015,-2.853805644363746,-2.8544874175282753,-2.854487413926038
-2.8276543463835546,-2.761923755652634,-2.6841679851326408,-2.6920631155646966,-2.893913605912267,-2.6188815238874366,-2.849685606237169,-2.795945332879424,-2.8848239911901685,-2.8673702891722823,-2.8752791213503457,-2.875279117386081
-2.8533152226246226,-2.7969017949639143,-2.692421638594306,-2.7075008287553146,-2.867639889132178,-2.620102491317624,-2.8428391240509825,-2.7974983400591507,-2.9001625991516775,-2.881891453960115,-2.889317159829926,-2.889317156205073
-2.8525116361002407,-2.827175715166537,-2.709423374386799,-2.719179405571966,-2.8318636086395577,-2.618753009851397,-2.7925646852962416,-2.7524348493439286,-2.851819104693945,-2.844660823967335,-2.869854518730421,-2.8698545137043103
-2.8346794444648222,-2.8046817184518544,-2.704613401517797,-2.7119150652040704,-2.8575141143056872,-2.6426708532527807,-2.809923426218276,-2.7733479892498822,-2.858851682620804,-2.851279339598562,-2.885253587018834,-2.88525358176934
-2.8382102708236956,-2.874046186024036,-2.7130473485843054,-2.707116363451261,-2.8431047763463826,-2.6483081400030546,-2.7862740048857155,-2.763323452795972,-2.851937784348942,-2.842680943054349,-2.8751524781420352,-2.875152472815762
1.144555630280823,4.719805099181805,-2.702873334283538,-2.7025601886848243,1.4437137279850845,-2.6544933410040183,-1.6979622802985561,-1.9187813448388304,4.696234975583476,3.144534742715818,6.453031509984955,6.453030987038062
-2.7731583238259074,-2.7816138426787687,-2.6658785582696303,-2.6383469260496426,-2.4985718698102786,-2.444799953615293,-2.44555677685442,-2.6887714239057705,-2.7775842987731933,-2.801980845612714,-2.660098515014844,-2.660098511060684
-2.7803132988227848,-2.8329580252943383,-2.6664471845457958,-2.6260750342102073,-2.6119886513127,-2.4923038842738454,-2.496771459152661,-2.694681586759468,-2.783294761997723,-2.807485779818076,-2.68170636489662,-2.6817063606752107
-2.784496158689287,-2.804810760494676,-2.6588841918667487,-2.6260925447289156,-2.6654409023223176,-2.5216859159752967,-2.5393749049765,-2.695426476231103,-2.7954084678265936,-2.8180511932238548,-2.6974405755122315,-2.6974405713176504
-2.743531809819319,-2.785076107231342,-2.6634295587146926,-2.6325637184142354,-2.703512649754353,-2.5603380203594512,-2.5828088583535926,-2.702167509443573,-2.8068828121591647,-2.827832624744273,-2.715486417824897,-2.715486413444415
-2.725117235507873,-2.7654978232501657,-2.6549579246341706,-2.617850025971519,-2.627303188546093,-2.5691236469401026,-2.5534848356570388,-2.6742244621114235,-2.771736844993287,-2.7961575679505026,-2.7067690350547773,-2.706769029869598
-2.6498975891130794,-2.6670447089288474,-2.642820162314157,-2.6099287333815386,-2.6644593530273575,-2.603045739269117,-2.5921825734689614,-2.6848998980639824,-2.7851906334789667,-2.808061119671085,-2.7092887521062097,-2.709288747445917
-2.6567768630242963,-2.68623245523207,-2.647923806263369,-2.616509444631859,-2.6972625359032794,-2.640432347777958,-2.6447128327141627,-2.700242261385251,-2.797679977920959,-2.819046027094626,-2.7315862319838495,-2.7315862271715936
-2.76355720146059,-2.7842227916058273,-2.669730260373126,-2.639931493361333,-2.721744424790327,-2.6957513542702425,-2.6966687529498756,-2.7203800756202465,-2.8100717810682956,-2.8302920609044895,-2.75929327063891,-2.759293265527086
-2.7606139599795245,-2.751040217671251,-2.6933610865184052,-2.6670304766909294,-2.7523002691434377,-2.7430966148104057,-2.7428221210809913,-2.7444166670465115,-2.822655588958647,-2.841509087444776,-2.775633241080091,-2.7756332359123412
-2.790951831924717,-2.8274182922090634,-2.7124903493977355,-2.6854263554965896,-2.730694159645683,-2.767213233510166,-2.7611602469535055,-2.7597503789979525,-2.8157000291382577,-2.8350507948502477,-2.7810323891137827,-2.781032383541526
-2.831621582843518,-2.8462371180189514,-2.737164422909572,-2.7141594649006975,-2.7523059920296022,-2.813040309987193,-2.8149461244820255,-2.7806719994625704,-2.8239653050975173,-2.8424638009161725,-2.8041026064494674,-2.8041026006167313
-2.841994649515425,-2.847395255501541,-2.7618930296433604,-2.749788486951671,-2.7693869673473106,-2.8480293693350305,-2.8466966758077445,-2.799102788726361,-2.8364069386226807,-2.8539570016368807,-2.8306604604468024,-2.830660454304708
-2.854083903334401,-2.8335207533930666,-2.789382755168441,-2.7870364584834517,-2.7723499018218747,-2.872889742449553,-2.860651350531037,-2.8111342686435448,-2.839454970442215,-2.857218376269893,-2.8480417321885643,-2.8480417256221786
-2.8735217351335978,-2.899905883078677,-2.7993529992575796,-2.8173355800806865,-2.8117914632567302,-2.8932648086393202,-2.88696727554872,-2.867694578292083,-2.8399453123424103,-2.859429081277515,-2.8629042276483005,-2.862904220866719
-2.867402758825029,-2.860047053456356,-2.7948192875406446,-2.7857862102446718,-2.7618035745289053,-2.790781800125064,-2.7692127115351513,-2.889026475413738,-2.8139790379792617,-2.832332689107895,-2.808151996310745,-2.808151990251309
-2.8734937619821506,-2.873523563035561,-2.788447738569343,-2.7657695368348634,-2.8215615124459665,-2.8362765946544175,-2.8126324706763666,-2.90134773820179,-2.8220951327390984,-2.837622099994819,-2.8304703824646325,-2.830470376074379
-2.7795756542387395,-2.7954527075878968,-2.769908125815142,-2.7584227871523415,-2.844158141235003,-2.830860313449942,-2.813886811423607,-2.888679826043128,-2.8347400544612547,-2.8504151613783137,-2.8293870753536585,-2.8293870696640067
-2.705444994711275,-2.754186792259482,-2.7311044515996263,-2.719991438678966,-2.695083396867388,-2.7588935772743866,-2.707788601989898,-2.80367083133668,-2.7827036679567785,-2.8061112649002697,-2.810025991335035,-2.8100259843084023
-2.6406798178232043,-2.6510195681184157,-2.690933956941945,-2.670136746004901,-2.6325814914128216,-2.727173581132298,-2.644870274288147,-2.7556581469309407,-2.7549222667929585,-2.780638265721779,-2.7905926547271216,-2.790592647057302
-2.638991177691117,-2.669071179526309,-2.659014901524416,-2.6350684190605924,-2.6787589410073966,-2.7587870588618086,-2.6778665366994954,-2.76287526330203,-2.756129731728228,-2.7824145103295854,-2.797113805836905,-2.797113797953082
-2.6445545817552407,-2.629584252791407,-2.641281501913766,-2.6229349991870863,-2.7103529406724363,-2.779474317744689,-2.7032158739735843,-2.7616389221239057,-2.767486612414648,-2.793054199533387,-2.808214691714623,-2.8082146837609843
-2.6635944608918996,-2.601457727101265,-2.669997822235827,-2.6553034564918097,-2.761567782061309,-2.8109239394423855,-2.7504794841265183,-2.786228585805584,-2.7575191012091946,-2.7846172599326438,-2.8173018464143573,-2.817301837844164
-2.7116608918075604,-2.7061752742047878,-2.6938043992408423,-2.6682340689391695,-2.843918011362285,-2.8105303743669774,-2.77268695093584,-2.80423278249944,-2.7734291230173125,-2.798844197444245,-2.812082312547954,-2.8120823048341648
-2.7506262790332743,-2.698057325781254,-2.717966269843174,-2.6911619660852724,-2.9316666991515854,-2.851881662238092,-2.8248601253923935,-2.821870095286058,-2.789252574667241,-2.8136661506248792,-2.8352409446900193,-2.835240936850074
-2.70435181780765,-2.6812394231796666,-2.6949670046254983,-2.6724293570745443,-2.8122238131854,-2.8030658314312507,-2.7476192432536433,-2.7757016868429716,-2.75865365853783,-2.7530716994518185,-2.8361826171980082,-2.8361826076278334
-2.6778421293010437,-2.6840866420963048,-2.678231002823673,-2.6627123290208607,-2.8193825956737375,-2.819945758879472,-2.761710453770296,-2.803422742614088,-2.7758591655287614,-2.7710570905833527,-2.857156174217191,-2.8571561646594166
-2.6748303813716476,-2.6545364357602654,-2.6664470253997608,-2.653840290903695,-2.784371863803019,-2.802495434185619,-2.7400713960522074,-2.7783295267294905,-2.775882771504157,-2.7736080600657727,-2.8490490517780134,-2.84904904208652
-2.657262355696435,-2.6454146016689,-2.6521130788771545,-2.6382335137777955,-2.7352632696900683,-2.7632908895371098,-2.7037196783515483,-2.7255077703522366,-2.7552598206182073,-2.7601266319123177,-2.8308461562725364,-2.830846145881055
-2.68657520463683,-2.646665330081329,-2.666837964437591,-2.6515198351733553,-2.784218647651307,-2.7812215406736023,-2.7395706770617307,-2.765960050217437,-2.760159976266316,-2.7673634051626137,-2.8479263734879434,-2.8479263627614686
-2.7078540065359324,-2.700185739629289,-2.6746367833268367,-2.6543995072504454,-2.7783237477765015,-2.791373836909036,-2.7462508352852657,-2.788725321836667,-2.7653147833040173,-2.7660635288665607,-2.8691503247240666,-2.8691503134096
-2.7489144317161442,-2.7588976834699723,-2.6887588944989727,-2.664856748855971,-2.7613299304685177,-2.7905244984786908,-2.737612753986532,-2.760410520472373,-2.744405317124719,-2.7514600354006418,-2.8553248718014395,-2.8553248598381344
-2.733192269240817,-2.7304562023400165,-2.682913905598163,-2.658155817278056,-2.7517121150049624,-2.7722821144354963,-2.7278364376746818,-2.734916333353067,-2.7408433661082636,-2.750835736428747,-2.839799801600328,-2.839799789723046
-2.742230781086816,-2.733361102017673,-2.6860857759590937,-2.660337382125534,-2.7752502154344083,-2.7808341090562743,-2.755710857259768,-2.7631554594276135,-2.758368779067891,-2.7681933378242904,-2.864638419959746,-2.86463840801269
-2.8053052102234126,-2.804229886086041,-2.690462164084088,-2.658263430325166,-2.785282240329836,-2.7737310574890266,-2.7771522990099697,-2.7811805923898634,-2.7757304850493116,-2.7849732817663866,-2.881743483059678,-2.881743471029454
-2.8572617736718566,-2.8083202140101715,-2.719432824335752,-2.6876364101033876,-2.7968045244847346,-2.776029135055844,-2.798004980799274,-2.7931778252871933,-2.781699910814905,-2.791944573046846,-2.892437813531633,-2.8924378013424032
-2.9293325847152967,-2.894710077256048,-2.7344933125298083,-2.6958542940834045,-2.7044935824747647,-2.725929150156453,-2.738990173862362,-2.7425902632888173,-2.7528748623728148,-2.7674169839654414,-2.8613986471816464,-2.8613986345319686
-2.860401644843736,-2.871943902322784,-2.73828760298733,-2.688661238431714,-2.6466056581890425,-2.682383732387631,-2.7019824335031366,-2.729027057331665,-2.7310066470146266,-2.74844639583074,-2.822801283083845,-2.82280127011568
-2.8915071351494293,-2.9105567067819025,-2.7469806068166442,-2.698785460658903,-2.7010021869016385,-2.7121468195509464,-2.7549820450950713,-2.762511937425171,-2.7493057862191916,-2.7659082597371802,-2.8510047279387116,-2.8510047148967956
-2.8364815683056985,-2.8721012955000855,-2.7432546392603765,-2.68412094093088,-2.7177392600257604,-2.6614237010677635,-2.716629114967673,-2.7897363128558625,-2.755008165489956,-2.769944439993701,-2.814491336603096,-2.814491324936176
-2.9066093189016042,-2.914477795380917,-2.7551291595295475,-2.6955984433446645,-2.795592837143132,-2.685658517204977,-2.7720007798165724,-2.814437371321434,-2.769957892741949,-2.7841178055528486,-2.835273077677596,-2.83527306619223
-2.847737577082901,-2.8309881920677338,-2.7654130741795555,-2.7099348328844624,-2.834966508953436,-2.688241236608109,-2.7880677155834657,-2.8336503507012747,-2.7530878349924452,-2.770484373437052,-2.8226620880605537,-2.822662076475593
-2.8921240012936895,-2.840287388347517,-2.7833997829547816,-2.7359950855443995,-2.9126594115929656,-2.708281130613518,-2.838344224520194,-2.87468281216694,-2.769738254993874,-2.7864477528796563,-2.8317151389284083,-2.8317151278030646
-2.8470829630852013,-2.792979402194857,-2.795128208770089,-2.7456455591009283,-2.9325621516857936,-2.7111774701163185,-2.844237770866484,-2.889671929844594,-2.777565506917754,-2.793538295440288,-2.8280307853307702,-2.828030774858933
-2.8441463457912084,-2.7786698155147067,-2.797298775434375,-2.7509241865837057,-2.9448809205531417,-2.7280874004409665,-2.859677533239418,-2.8859795413981013,-2.7686588308148607,-2.7879772913235175,-2.832511622000713,-2.832511610993777
-2.8801887608949,-2.8247477102365206,-2.8141002121239604,-2.7752127476263904,-2.991200965837438,-2.772418654004945,-2.9042119338921473,-2.897496119761305,-2.7844585432383795,-2.8028254103430896,-2.8590291365190383,-2.8590291255136817
-2.7604736717959657,-2.697970280689083,-2.7716171586485054,-2.725245190217069,-2.732273182296699,-2.6756442419244983,-2.711088725019554,-2.7098158554206684,-2.714071137752737,-2.7291487954048463,-2.7846571098809574,-2.784657098190437
-2.7336584759773186,-2.650018687110439,-2.7426714599840016,-2.6966959897404084,-2.7948947225331997,-2.729847828215916,-2.754219354293667,-2.7327097798222155,-2.730512927829819,-2.745184841059689,-2.8089519936060743,-2.8089519818265507
-2.67966880035791,-2.620007907510002,-2.720354083445984,-2.673679771592529,-2.797416442352066,-2.7416306033353566,-2.7719675011746316,-2.730874465096612,-2.7059081451252895,-2.726040874492412,-2.7980932855375356,-2.7980932729523706
-2.793263716881098,-2.728948344069062,-2.7217665370960855,-2.676161025972395,-2.851034914402952,-2.7811382111574194,-2.832043610798181,-2.7699456544892787,-2.7146430479364585,-2.7353784488587753,-2.817237037275183,-2.8172370245228926
-2.739290551876255,-2.6903477590309195,-2.73014253945094,-2.6824353313402556,-2.8484007428692313,-2.8101540175045954,-2.8592644625640933,-2.775873747854105,-2.721079890353106,-2.7421118527954644,-2.828002043402274,-2.8280020306766946
-2.784298108835662,-2.750248676143458,-2.7509087291193364,-2.7058327741761863,-2.8864791544032853,-2.8587764402091183,-2.913345154638102,-2.7967347316617577,-2.7399793252672056,-2.7601261744222083,-2.856068867777967,-2.856068855144219
-2.7965908101117884,-2.748217096078546,-2.7904451079907053,-2.754807755264921,-2.9149827476416976,-2.8971808358059854,-2.9562424230812843,-2.838145205292138,-2.749770264904523,-2.770093766614933,-2.8755866627407096,-2.8755866499329015
-2.932025412309312,-2.868713314502255,-2.8306494275809193,-2.803970559913737,-2.9473417512767917,-2.9322319847839715,-2.9921895165652033,-2.866497982541729,-2.76857296326474,-2.7880978691082885,-2.8981348164666088,-2.8981348038749593
-2.959355763639154,-2.895674967659889,-2.8618625469973953,-2.846474137984326,-2.953016739655582,-2.949075817084356,-2.9954536090638473,-2.8737100916602865,-2.7844375726236152,-2.8039063832140245,-2.914100051790137,-2.9141000393068683
-2.992080971558069,-2.9269265156400563,-2.902117411180849,-2.896274399147732,-2.9922233999770014,-2.976882882305707,-3.014381529210162,-2.9033058934826057,-2.8004850243587613,-2.81986778925725,-2.9355213129832154,-2.935521300389934
-2.978852356089602,-2.939284122947083,-2.8839940813343645,-2.8631525476682165,-2.7863755704546658,-2.8632226330471764,-2.861309748547242,-2.8808376213564655,-2.7677397996723636,-2.7908548200415555,-2.866143631948765,-2.866143619232659
-2.957835357224144,-2.93252941857,-2.896223251188443,-2.8774735976911936,-2.862837073891143,-2.916203069402861,-2.9411615802469058,-2.933175354722157,-2.785157369702401,-2.807302412797916,-2.891761046352867,-2.8917610335080965
-2.944764760522183,-2.9432563628588366,-2.914233517085772,-2.900954034855989,-2.9204972357673826,-2.926492427111342,-2.9341193190366175,-2.9285368389487436,-2.80082751516238,-2.820920971605227,-2.859825783702663,-2.859825773190366
-2.8318813542515793,-2.7970825235716323,-2.900659242041603,-2.897834387612044,-2.9408098149663,-2.915248344106184,-2.899751643605922,-2.887192986586963,-2.7950061487643185,-2.816256120118872,-2.8473103039778125,-2.8473102935183667
-2.76877423582848,-2.735301146740434,-2.8965520260573823,-2.9034462474113187,-2.973778764173751,-2.9091117693990314,-2.902941849290888,-2.8816744048356853,-2.7734563812376543,-2.799129388227809,-2.8396633768125037,-2.8396633656962753
-2.828816981244344,-2.788034848191824,-2.8971492647405124,-2.9096575328684664,-3.025847144444106,-2.932439616807973,-2.929554604186442,-2.8840026643967063,-2.791048593434364,-2.815575621694287,-2.8633231812398585,-2.8633231701201534
-2.8656450199596,-2.8182794360199237,-2.901649675729329,-2.921014669380593,-3.039835465390814,-2.9500524229779224,-2.939895582985702,-2.884742532083359,-2.809011073489876,-2.8324349832371505,-2.8891552429220213,-2.8891552318608476
-2.86060080336931,-2.828228523274247,-2.9179341306552553,-2.9418568356345633,-3.024691858565598,-2.9545430677566005,-2.9287764611247358,-2.8742382197383716,-2.8061485127723675,-2.8305449575490313,-2.8930354440967174,-2.893035432867415
-2.9811101499452595,-2.9231807271017933,-2.940393360986299,-2.970443102911841,-3.046237076136748,-2.9797546116061984,-2.9600776675648133,-2.8999708862196236,-2.824017089158874,-2.8473032151308266,-2.917806120752041,-2.917806109489481
-2.948391658618374,-2.9096683287757736,-2.9554702450154946,-2.9911907759047174,-3.0543757599195196,-3.0006203674961247,-2.9814343414801594,-2.9147559968909045,-2.8404415579074684,-2.8627722751122158,-2.9373704523756716,-2.937370441352818
-3.0583737302613567,-2.95033913617999,-2.990669737905526,-3.0307269770909198,-3.074944220081835,-3.022687606531821,-3.002614474562396,-2.9375260955088187,-2.8548213825618314,-2.8761288367664477,-2.9571112379368976,-2.9571112271257105
-3.0686368094408394,-2.966338106533602,-3.0064730774207034,-3.0534373838210027,-3.071965937435015,-3.0342007475894106,-3.0013192656094394,-2.9364980653131365,-2.871870296497111,-2.8923007281181414,-2.978265904768706,-2.9782658938558075
-3.105894668991869,-2.987051592110766,-3.025595141891983,-3.072267379065975,-3.0358889914971225,-3.037040994226028,-2.99766508545205,-2.9314387828529354,-2.877860290017078,-2.892671579915518,-2.989741448630948,-2.989741437628289
-3.0661154561152824,-2.988720822138803,-2.973006696717518,-3.023558339138502,-2.93292544328932,-2.965996159887832,-2.917959004893656,-2.86713018048954,-2.882169932966461,-2.896287777476448,-2.9518332470724093,-2.9518332371166203
-2.9190707852348305,-2.8766110331885963,-2.9560396395948496,-3.000981243840253,-2.8681987009785885,-2.922636469371092,-2.8888043932772836,-2.848661351206462,-2.8807996240379916,-2.885728240047273,-2.9573491034457726,-2.9573490932385846
-2.9419080199189716,-2.9204658642475003,-2.9708682240156996,-3.014908929543319,-2.881045744090364,-2.926818349653687,-2.898809017068479,-2.860787398691825,-2.89666605185434,-2.9012645964953436,-2.973577108737534,-2.9735770987548014
-3.0127775553662373,-2.9887689518931055,-2.9780339906774413,-3.0234995402679767,-2.8900016765812695,-2.928791767997977,-2.895024651273095,-2.857997175447413,-2.903260561402787,-2.908004607559632,-2.976634095713196,-2.976634085802157
-3.0090706201775372,-2.9742909299985456,-2.989605170342024,-3.0321956399213748,-2.901165764282359,-2.9348775774000853,-2.912744604066766,-2.87295369173439,-2.9162952770049753,-2.9208339429856394,-2.999612439384501,-2.9996124294326765
-3.071002983619534,-3.0110733612359537,-3.013639847290122,-3.053137003497349,-2.929556331559893,-2.9562590516208593,-2.9383324087409166,-2.8896335211365667,-2.9301123823378346,-2.9346789537628903,-3.021445299860985,-3.021445289887849
-3.0216259385837283,-2.977560665518505,-3.0080363518517763,-3.0462211987195076,-2.8959201437192776,-2.9364460473163074,-2.9135200267972396,-2.869291830793874,-2.925540013097816,-2.9324277913047,-3.013313473954866,-3.0133134638079566
-3.00603791474538,-2.940789238451525,-3.0049993138717075,-3.0372170710810416,-2.9014553189077392,-2.945717476376931,-2.91420079000909,-2.8685895339383656,-2.910800571051819,-2.921149939909679,-3.0040035291450287,-3.0040035187463583
-2.9286353193258314,-2.8807957005066123,-2.9941254212683055,-3.0105046286222934,-2.9379791387360026,-2.9285083922187773,-2.9085593291764793,-2.894343329975807,-2.923022722998617,-2.9324232672063513,-2.982909872691236,-2.9829098636490463
-2.9925277424063284,-2.9208667171146603,-2.9972796541759075,-3.011128902869707,-2.985655020237987,-2.946261322413149,-2.9438747135116587,-2.9095577016832412,-2.9339576852809173,-2.9434081747276024,-3.005461951051441,-3.0054619418733064
-2.9725757164544855,-2.916213111465039,-3.00279328996442,-3.011599529008189,-2.94693763864669,-2.9496656070899583,-2.922164096542229,-2.8812126019228437,-2.9097746249088368,-2.927031017154931,-2.997181827173474,-2.9971818169787348
-3.0132405179099067,-2.9105938839623904,-3.0008782455912617,-3.0101830814062427,-2.972308055353199,-2.9860785981032123,-2.9543184584125664,-2.9025178331536035,-2.925672355592156,-2.942017622012352,-3.022798524851533,-3.0227985146358938
9.257347902772741,0.659022042187404,3.751112786933766,4.507087225061704,-1.5790140482086534,4.682269562343759,-0.43646037070795884,-1.9463043527502761,0.281884444929148,1.767919128493432,9.052145300364579,9.05214427772999
-2.810515324782357,-2.751842527846512,-2.8593021379971715,-2.822311098871666,-2.609856144417927,-2.7114124272133764,-2.59292343814624,-2.6504066038174994,-2.784964278409133,-2.801175449147988,-2.7947958892532694,-2.794795887740097
-2.7092161012844382,-2.6356813365192426,-2.7654470462642444,-2.6992229430758994,-2.532873967964046,-2.607276379963808,-2.482741826009984,-2.580274085982486,-2.724133225424121,-2.7423900752490527,-2.713501883384142,-2.7135018821520287
-2.6875918505678107,-2.637031351947165,-2.698703242762814,-2.62282495738318,-2.6203799117178077,-2.6194443113558012,-2.5231294387328465,-2.6013559630525966,-2.7293895152511225,-2.748185111941562,-2.6863256894283,-2.6863256890929796
-2.6353685810653285,-2.590498084930304,-2.6543013759450713,-2.572925930635693,-2.484495466045412,-2.5381871219609775,-2.422334070411377,-2.4985535123255627,-2.6484811655544926,-2.6740829199857643,-2.621098533594471,-2.621098532583355
-2.4984398143971656,-2.5126710742268754,-2.6315599724302707,-2.546795689283857,-2.5669898368685042,-2.5832554565963943,-2.49096898555266,-2.532619581994196,-2.633498114847227,-2.6613553358714936,-2.62072387185582,-2.6207238703627596
-2.490765857462335,-2.4990177810954766,-2.5973981866121236,-2.507860446560457,-2.4309154475406265,-2.4905800210781868,-2.3894050046785136,-2.470765928076994,-2.5754060935706873,-2.6048380617615168,-2.5594784662763628,-2.559478464782292
-2.493601816768077,-2.535558074859064,-2.583243387800319,-2.4932445373673167,-2.503250303788147,-2.5349913742299566,-2.4480085553037085,-2.5004434236112947,-2.572284474587793,-2.6032723157911155,-2.567009575249452,-2.567009573547325
-2.5196470089863747,-2.5628982309999513,-2.6152891281426127,-2.5220909561405507,-2.5642277116679146,-2.567341034152744,-2.5043093166890693,-2.544373168764625,-2.551752868644368,-2.583255346140402,-2.5535577132174216,-2.5535577113133527
-2.4931989687698803,-2.506387735108987,-2.6076946203360922,-2.518237289415431,-2.5927703807750726,-2.590926856491842,-2.520594123110416,-2.5602032202228315,-2.5587483831601356,-2.590490563084156,-2.5533521339737475,-2.5533521321300134
-2.547923006917149,-2.5692288601267794,-2.6151189364028236,-2.519158606197804,-2.6413150922038415,-2.609462060850555,-2.5571001302363503,-2.5789171245714395,-2.5707813592169777,-2.601081420828411,-2.5661288981622445,-2.5661288964909295
-2.560940368882552,-2.559774755993079,-2.627361818035811,-2.5327936164106957,-2.6965277631060456,-2.663052906737428,-2.6354565174690965,-2.614362299262694,-2.5909949721170458,-2.620766879360249,-2.593106000354829,-2.5931059986877716
-2.5886585695821323,-2.602763532481764,-2.6779956299658703,-2.580299444595103,-2.6452197642824964,-2.637409116879529,-2.6204586239711296,-2.583064245159645,-2.5468468938558013,-2.5786450704550736,-2.5446799973514316,-2.5446799954201476
-2.599247698539692,-2.5997002137086396,-2.7018334103891224,-2.610984271809792,-2.708027799661597,-2.6715477133631076,-2.7017168658475903,-2.6201724861636313,-2.565253156357592,-2.5966351741174982,-2.5717460812193416,-2.571746079293186
-2.63909429727338,-2.6307282193002397,-2.726495475035464,-2.644414326040464,-2.76287172197674,-2.714008456536828,-2.7976278021049295,-2.6665760493375603,-2.5856282346572206,-2.616297186787099,-2.5988450402983427,-2.598845038235658
-2.753718979227049,-2.704823311864354,-2.7669098571739847,-2.6918857054179335,-2.820038575267415,-2.7656446440745515,-2.8827294352945674,-2.7069206453347077,-2.605107117487416,-2.6353289364766948,-2.625106620992268,-2.6251066189748418
-2.807087276783283,-2.7539137836756975,-2.803250719560698,-2.740895848498679,-2.8658121186358576,-2.811112875715289,-2.9346970276493507,-2.763848431274965,-2.6262406817796906,-2.65561615498898,-2.643028996106247,-2.643028994169402
-2.855566686810247,-2.760132888435365,-2.8557571333527365,-2.803706680395293,-2.9510098194492507,-2.8372840486325352,-2.968421193558579,-2.8060089793524714,-2.643447688862561,-2.6727763706447654,-2.6380614955465282,-2.638061494461562
-2.8811321522751245,-2.8391489941694763,-2.876103852071069,-2.8193694298322516,-2.959120358391657,-2.8348904566341493,-2.9420160558771404,-2.812649565550341,-2.6529178851721746,-2.681130207558701,-2.6494073338991027,-2.6494073329544077
-3.0243805868189395,-2.9380972945129926,-2.879583200990994,-2.8219259335355003,-2.9678127260178186,-2.8643933250312017,-2.955295579272781,-2.825171653064139,-2.6678417767860747,-2.695581732714434,-2.6727087938969003,-2.6727087929154063
-2.9245684306764423,-2.9020336296654285,-2.8941726917419714,-2.8397242400871963,-2.994854956604011,-2.9163259636126293,-2.9985497829803416,-2.8570872361603215,-2.6881278045062684,-2.7151272661026926,-2.7028217943382673,-2.702821793318402
-2.9464262302634743,-2.928122608063601,-2.89146749140562,-2.838710624775863,-2.9699394654069193,-2.913932485180235,-2.9659144253987892,-2.8500224231636113,-2.6904127214467617,-2.7169109748528255,-2.690189961287666,-2.690189960759116
-2.8488562859679365,-2.812626535760762,-2.9024353272744503,-2.853110370383826,-3.0000953301413316,-2.9358697985789846,-2.9854111878974434,-2.8571066756415724,-2.703211775476776,-2.730004756766166,-2.7124201941672603,-2.7124201934987546
-2.9256286353374135,-2.8920595685672374,-2.9232241713670546,-2.8793425124209526,-3.028158597519434,-2.959628466738845,-3.0079300885800033,-2.866797708372759,-2.7222923542085296,-2.748460261217784,-2.737170178725189,-2.7371701780715494
-2.933556592552828,-2.8773853518675807,-2.9196825104590194,-2.8777410973623043,-3.0287568636636424,-2.9659110963771,-3.017774652135714,-2.8917847942448853,-2.7355029694346698,-2.762352198195944,-2.7569133722810535,-2.7569133712335363
-2.9672235514667875,-2.9370832049385736,-2.9487837739963663,-2.909961483423376,-3.0564502246982874,-2.9845267346725195,-3.0199475466848145,-2.916858995713828,-2.7488196638279474,-2.774435284683327,-2.77328696856454,-2.773286967616751
-2.9669505467906925,-2.9308865554394687,-2.953352560872442,-2.9209915236015536,-3.072941335838709,-2.9905441632939445,-3.019939959134535,-2.929356751746502,-2.764251617307563,-2.789352294072768,-2.7847821996348885,-2.784782199003427
-2.967732463431433,-2.9088618016496355,-2.9708665817572193,-2.9439229482939524,-3.093471828785916,-3.0092082224034926,-3.0378511538089903,-2.937541368867141,-2.7824910494940602,-2.8070188861755225,-2.812548537563981,-2.81254853687053
-3.012048285195756,-2.9415515395201304,-2.993751438576163,-2.9735504955868133,-3.097169442996515,-3.0246749338712253,-3.0539541076892647,-2.952758192058538,-2.800519450726344,-2.8246476838810635,-2.834361316633378,-2.8343613160804377
-3.1020259339864946,-3.0164233746989764,-3.0107413271337555,-2.992494964137184,-2.9915606565563175,-2.9966170925497058,-3.0127649766029045,-2.9192776951219432,-2.7950933079957947,-2.820440203065849,-2.838004693658765,-2.83800469269472
-3.1273807212818863,-3.0382216508453794,-3.049404066796172,-3.0373218730090454,-3.0291670393878958,-3.0353911205242987,-3.046617627153029,-2.9438680360322125,-2.812116012549729,-2.836724506152855,-2.864355138811439,-2.8643551377517444
-3.106110191738342,-3.0242009726611325,-3.0808266778477393,-3.0695096854968815,-3.0484892867737745,-3.0564500158253156,-3.0584668020752863,-2.963003795375134,-2.828271856009812,-2.8523571428800967,-2.8810911795220733,-2.8810911786514817
-3.1235261411624116,-3.052148581535551,-3.028353576008703,-3.003779592442119,-2.8036840823942497,-2.916212565113725,-2.8601907966034177,-2.807375990194452,-2.7676348352219975,-2.798168455804544,-2.821581246291527,-2.8215812439479424
-2.9341346547754883,-2.967490725320806,-2.980564811329832,-2.9546920872201476,-2.838137420773506,-2.9450808806680633,-2.896514268323522,-2.8321612744348466,-2.784947832665208,-2.815277667214919,-2.832892510405622,-2.8328925085486487
-2.8952318342811725,-2.8986329840377114,-2.9408934561243623,-2.9133118815249115,-2.8406525689887383,-2.926615897136452,-2.903674773820141,-2.8331460767486747,-2.7552517772694265,-2.7896792945868105,-2.805463576007516,-2.8054635731679403
-2.8429261642600645,-2.8514473724125176,-2.9349040534243764,-2.903732883897774,-2.925727226145227,-2.9515088752817356,-2.9452061718754594,-2.8750807121881583,-2.7757516923426024,-2.8092437788036806,-2.810875689999138,-2.810875687875429
-2.8913790101885803,-2.8593433378980184,-2.9249272786272003,-2.8907435706571523,-2.961648713706093,-2.9426686513617852,-2.935304740060518,-2.8608439175377267,-2.7771152869361804,-2.8102850147551797,-2.7905675006197828,-2.7905674992425693
-2.855030466067455,-2.9011296965323856,-2.866036897247842,-2.8242642019278166,-2.7040072028593984,-2.7690914714624504,-2.725118603521613,-2.6640968839936834,-2.6906286131780375,-2.7280289138811202,-2.708736438532664,-2.7087364361892483
-2.786190457232492,-2.832328871682905,-2.821751325164595,-2.7785050143453214,-2.7226018416768274,-2.7845226223295154,-2.74032076169133,-2.6748276440303598,-2.6889900960714077,-2.7267384502132277,-2.7130831539482374,-2.7130831514799434
-2.8057170180434485,-2.819333971365455,-2.786610776710834,-2.7414711602572925,-2.762212538356871,-2.813158783406251,-2.771608903056175,-2.6962512488374624,-2.7045288498009845,-2.7413353644073757,-2.735363043426341,-2.735363040974608
-2.7803716955222844,-2.8131419737525034,-2.797208487779499,-2.754149855230125,-2.761137717327007,-2.798772205980609,-2.7917802271639887,-2.729555488324445,-2.6647894007782735,-2.703732654997041,-2.703493539936299,-2.7034935367754307
-2.766994599393966,-2.7625300195023774,-2.8140262880130567,-2.773441656826493,-2.802731019648891,-2.812915362870335,-2.841634308733549,-2.7502173243980934,-2.664107598119313,-2.7037810835572396,-2.707179859643469,-2.7071798563385
-2.8162380365542274,-2.83460660611029,-2.833279010525901,-2.795145526083903,-2.8700148096712006,-2.855195820386807,-2.914714204673396,-2.782453953662863,-2.68737716265961,-2.7260196899140237,-2.7385045914813935,-2.7385045882241523
-2.813645625168701,-2.7767028751992706,-2.8359276093066272,-2.7911642789447693,-2.8276740272674217,-2.847470043662887,-2.9173408637674174,-2.7893706330933687,-2.6928725247216123,-2.7313534906109656,-2.7420429177726575,-2.7420429145438057
-2.828194819246217,-2.805722379395224,-2.8369721716530316,-2.788395556579576,-2.8118892311293746,-2.866859662790945,-2.934299906160585,-2.807714683473783,-2.700349891172033,-2.731870918785428,-2.7572037527108013,-2.757203749285251
-2.8864183370779255,-2.8236671948411045,-2.850862699313676,-2.8078148370171547,-2.8440182983872786,-2.8978916281497913,-2.9858607076272516,-2.8279344782284697,-2.7188753853163505,-2.74960204040792,-2.773860446294175,-2.773860443212071
-2.9147897482459655,-2.853761941831028,-2.8925303264474036,-2.85510760098996,-2.8780519231467387,-2.924638200091668,-3.0131906038357603,-2.85666530328558,-2.7289383527554367,-2.7598156796041957,-2.7916060980914437,-2.791606094916997
-2.9753797206413024,-2.9511564059515427,-2.9359203804761362,-2.9047714659057693,-2.9333200067829024,-2.962720899960803,-3.0693913453179977,-2.890429277633358,-2.7502081653942807,-2.7800797044519685,-2.8168396698997404,-2.8168396668476636
-3.0332286015348613,-2.993145910023606,-2.995127090293248,-2.9724079581410314,-2.9783941443989117,-2.9955754946361206,-3.083855501039935,-2.942489525179747,-2.751171359892483,-2.7820326351678037,-2.8235406358534925,-2.8235406325117225
-3.092907709593018,-3.030833571928704,-3.047129041807475,-3.0297774943791076,-3.039631078988508,-3.0345663153761366,-3.107307230056491,-3.0161761945347347,-2.7660813090073693,-2.7960912432920515,-2.8344928564479672,-2.8344928534352176
-3.0582557600728935,-3.006401514961235,-3.0791726060845503,-3.0658488530431907,-3.0768560716141806,-3.0589363140754844,-3.116046845018079,-3.0244777469104305,-2.7832539797226654,-2.8131332204033326,-2.856171941345688,-2.8561719383002853
-3.1052373962068054,-3.075243075989112,-3.112950488619239,-3.1040956082617535,-3.1141451501378112,-3.087325045529003,-3.124039783407892,-3.0303064145945644,-2.8013612655358413,-2.8306292342443964,-2.8820017480106626,-2.8820017449944264
-3.183652400375645,-3.1214811410014143,-3.1409731712597755,-3.1362089811275533,-3.1288430315314515,-3.1090152802110813,-3.1497684000279085,-3.0344987144624755,-2.819931356251967,-2.848811144397926,-2.9019258200368654,-2.901925817027284
-3.2015955347682845,-3.129803289898047,-3.173102384080086,-3.1729349699291958,-3.1483645888148493,-3.1274525124684645,-3.160632339060118,-3.04308019242111,-2.8381605974223585,-2.8662826982522374,-2.9212015477933675,-2.92120154483558
-3.1564649598729315,-3.1072545620751013,-3.1762016740882744,-3.170150357286268,-3.1297201797582126,-3.0879652739659558,-3.1243941931452355,-3.0283783094815915,-2.8513856570087404,-2.8788111367588893,-2.9024561409234884,-2.9024561394548325
-3.185342512987009,-3.135636183623845,-3.1867987778720033,-3.177564141899883,-3.1720617839942395,-3.0969163147812906,-3.1406902156002148,-3.0573797822063096,-2.865689893448744,-2.893453504832835,-2.923091314848723,-2.923091313245923
-3.183622503140049,-3.0791293561922934,-3.1489684740591635,-3.1186952058496087,-2.9110614453724932,-2.9478326661825385,-2.9700813451326287,-2.9550655970014867,-2.8124388728860366,-2.843696967574064,-2.8561696301689663,-2.8561696279585735
-3.1260749098897302,-3.0552450005259857,-3.1097143474224493,-3.0664496252643922,-2.8968844435682297,-2.939634889017321,-3.000323355883303,-2.9373470753664526,-2.807235786522491,-2.8394087707861377,-2.8589533089171266,-2.858953306480135
-3.137241431077317,-3.0667977700666214,-3.1044061349813536,-3.05572927129233,-2.9909024124717094,-2.9807984698656242,-3.076398137405022,-2.97475435377161,-2.8227981849697206,-2.8551132058588156,-2.873711101883733,-2.873711099702657
-3.11691049516189,-3.0613565667123592,-3.1178219153678772,-3.0738231608448747,-3.01435600322862,-2.98973214794248,-3.090969008641144,-3.038374373356758,-2.7979869710903245,-2.831746361566389,-2.8545233406494743,-2.854523338116517
-3.0569652018297773,-3.0039456847889445,-3.128221638652657,-3.091563484076021,-3.096354250117691,-3.039300270727723,-3.1505093542408904,-3.0549398837729242,-2.8196434801595687,-2.8525538645328763,-2.88561436879164,-2.8856143662800147
-3.1043987144138687,-3.0527152631717347,-3.147274395822017,-3.1159181423387134,-3.1541088590013664,-3.093849958904729,-3.2272315310625252,-3.0814655203707595,-2.8409881331253466,-2.8731024110167134,-2.915981316995061,-2.915981314503021
-3.149584409873665,-3.117753679700076,-3.1731402622132894,-3.1495825537903364,-3.156239795429612,-3.1035576276855124,-3.203253596797271,-3.0719998084721114,-2.8456335935954127,-2.876755921700494,-2.9125931109594947,-2.9125931088214307
-3.147672633725643,-3.090425198069217,-3.1803754735388083,-3.149696826946089,-3.1282016738397633,-3.0778732769460646,-3.1638623926960565,-3.0847368968132347,-2.8532846675877592,-2.8834214014519244,-2.9145340581898473,-2.91453405622245
-3.167081984486,-3.108439064200147,-3.189904780637779,-3.1609983950828666,-3.1731758160024035,-3.1018148187064174,-3.2109121719292517,-3.1003697415815914,-2.8731611944576887,-2.902574861746944,-2.9374856453842377,-2.9374856436171823
-3.1200823898395984,-3.0719645986461104,-3.189076287203056,-3.16524375092799,-3.1640670960166437,-3.0861114971312693,-3.205669166453115,-3.1196785786260723,-2.8903446880050723,-2.9193468684600656,-2.9351709433113924,-2.93517094213678
-3.0715099744825634,-3.0359508024432484,-3.20274651148966,-3.1814102517819105,-3.1187540621663192,-3.057869188400452,-3.1568125880296805,-3.1350159396260597,-2.860405211486746,-2.8920929374740183,-2.910783252042963,-2.9107832503063027
-3.117264707405034,-3.0809542904494727,-3.2058761797636577,-3.1850326131951885,-3.127114804179825,-3.060818447048712,-3.1652628882195577,-3.1348148341339597,-2.871016277084479,-2.902146244333759,-2.928019520857775,-2.9280195190843736
-3.132798411437322,-3.0812115286076924,-3.2174304898315764,-3.1999615947546056,-3.190856072012359,-3.0669450942473246,-3.1543642998156893,-3.182351135885447,-2.890597440930659,-2.9211736685564587,-2.9246547627960116,-2.924654762124561
-3.123152303721801,-3.063272559827325,-3.222846765971918,-3.2112670243871033,-3.2252313212375636,-3.079403696764903,-3.125033666397767,-3.1699764920222675,-2.9015815199070434,-2.9318598052659466,-2.9416088731649648,-2.9416088723587763
-3.1791991673341315,-3.1142694528609454,-3.229668174858842,-3.2235921878918092,-3.139259234015511,-3.073102169109815,-3.091588175950372,-3.1280803850237815,-2.899025472566479,-2.9292664672130586,-2.9514733340006365,-2.951473332519888
-3.1753108648859807,-3.06662134059326,-3.253433153904187,-3.2511630076067335,-3.1899072662758656,-3.114081301320337,-3.1275171549683844,-3.1386116840007228,-2.9170894044389177,-2.9465159937597987,-2.9693550884292383,-2.9693550871055763
-3.1591912074532544,-3.0625548842734,-3.2449105439328,-3.2426893651452544,-3.195929847501526,-3.103858846304568,-3.1057894372517274,-3.136595953516764,-2.9363980790213233,-2.9648335971633646,-2.958236925014561,-2.958236925169574
-3.1336779592360444,-3.0288774817331214,-3.232548393681633,-3.2234702241233384,-3.128684855217138,-3.0712544040086955,-3.07210999795722,-3.0971520264570733,-2.9353610971739164,-2.964513049097666,-2.9657703639217945,-2.9657703638376836
-3.1550217335142956,-3.0495571357026323,-3.2267747075291777,-3.212771328143376,-3.1412913550015054,-3.1056553134611087,-3.109728042001408,-3.109410257847891,-2.9529640096121317,-2.9815088611083747,-2.9936124998745854,-2.9936124996990374
-3.1583104125992687,-3.0861679826682797,-3.2156408690204676,-3.1960102050040766,-3.141994169915872,-3.1078888933860487,-3.1320701908179944,-3.131475128486799,-2.9686003956273215,-2.996693998993131,-3.0003743088364367,-3.0003743090720034
-3.2063097236805733,-3.1205317240897807,-3.230460944232772,-3.2043379662900753,-3.1614881777908623,-3.122103903551354,-3.1630535937680753,-3.150278570823067,-2.9864666132542195,-3.014032599752009,-3.0079816115501408,-3.007981612406679
-3.1136015283958955,-3.0509703160519948,-3.1771825187226526,-3.131046772087445,-3.050247364686668,-3.0479368784021976,-3.021619066119558,-3.0529075754223625,-2.927293379288966,-2.9592296308332386,-2.9260628562828184,-2.926062856866423
-3.0585620532338753,-2.9918821605077457,-3.150291112379468,-3.0939367695634292,-3.1370025410722255,-3.073236737881055,-3.0600868315440155,-3.07370089577493,-2.944838893936486,-2.9764505396699974,-2.944774647185979,-2.944774647880737
-3.0784961574709886,-3.0163029628621825,-3.1290089290028553,-3.074060606931331,-3.176598350366053,-3.0937364275832455,-3.0834896919081363,-3.0725791166781953,-2.9615681656625297,-2.992568276185926,-2.9662184660947593,-2.9662184668291043
-3.0191417673845447,-2.9730730647079504,-3.101370540367839,-3.0472205206598866,-3.1171695133139563,-3.0598386373722315,-3.043905868021152,-3.021430891984301,-2.932556572683695,-2.9656180254020748,-2.9373407009206627,-2.937340701073367
-2.951564859271859,-2.916994342437725,-3.060731181386212,-3.0100833262952342,-3.1143150030723232,-3.0317548224412567,-3.005060607893781,-2.982476509235855,-2.9356737145761667,-2.967628349079261,-2.9253258726118476,-2.9253258731751925
-2.980386906250397,-2.9400772371933215,-3.0571828380939974,-3.0095446938470882,-3.1372625627785715,-3.0204671639374276,-3.009797572704835,-2.967218324420867,-2.9441301456050173,-2.976416917515329,-2.9402246017414924,-2.9402246020661993
-3.0192799117816675,-2.966112635674767,-3.072424916575246,-3.0271556943998124,-3.107173638943454,-3.013742501865928,-3.018459426567505,-2.957375314441217,-2.9515891964667795,-2.983480501147623,-2.9557333583865435,-2.9557333585093835
-3.008156408236779,-2.9279002148734596,-3.094408743871857,-3.054718874469382,-3.1414137499692543,-3.0362101535925685,-3.0710255388721,-2.976383204903941,-2.9655130360800728,-2.997074532374387,-2.972486613865826,-2.9724866141915065
-3.023201310345247,-2.965562667346288,-3.093395591804901,-3.038244462586609,-3.082891538376754,-2.9715670651942787,-3.013283038575204,-2.9979634169263543,-2.967456119091575,-2.997069762203479,-2.9420855132230064,-2.9420855146869114
-2.8885669916509586,-2.7932986023660167,-3.07335619923722,-3.0095115442705938,-3.068124479665725,-2.947380370184131,-2.989629201039501,-3.0187598466808687,-2.9743481276240593,-3.00297152211637,-2.9270564933406282,-2.927056495447158
-3.010162644207842,-2.90121356474215,-3.0419994869612452,-2.9954784430815486,-3.116232853329551,-2.9758024882307765,-3.032782315950456,-3.026361550652925,-3.0122750945539667,-3.0528311170223934,-2.986208279851916,-2.9862082747140093
-3.0057794249222978,-2.9236251182883763,-3.031498364145279,-2.993085083123339,-3.099479713392436,-2.9906273471146934,-3.0479249747380774,-3.021425925307655,-3.0213367822282624,-3.0617335874636753,-3.0058818235100575,-3.005881818085436
-3.015510219718924,-2.9290669569361416,-3.035820678320148,-3.00426711316962,-3.1216942181056564,-3.0173216006028545,-3.083048862199214,-3.0399614658058858,-3.0266300071604255,-3.0683217065680664,-3.024174843749399,-3.0241748379995195
-2.9913229069312868,-2.8794977544739737,-3.0446163030572193,-3.0203692467944254,-3.098801995169172,-3.0348910714030373,-3.096317522774058,-3.0506729671466264,-3.033844608583591,-3.0750608537493775,-3.0393433446062077,-3.0393433386256783
-2.9154387115890774,-2.85945894221466,-3.015118420878097,-2.997192238020328,-3.0341559832633602,-3.0031179396489245,-3.02965587180646,-2.9986567985928634,-3.017708491517096,-3.05872271968978,-3.0054056511113623,-3.0054056453049096
-2.980001793327393,-2.8788393208519705,-3.0206888409427535,-3.0124293155802753,-3.0704587210886713,-3.044614381527393,-3.0557448553385087,-3.0029126397049435,-3.031826389301538,-3.0727130099359927,-3.0272927312369533,-3.0272927254069995
-3.022105875256808,-2.907815969436264,-3.038232407945234,-3.0439717585809705,-3.090994099170736,-3.060276653833683,-3.0736059798561004,-3.016271007799278,-3.0336652573845946,-3.0748231124579517,-3.0426777177152755,-3.0426777115975256
-3.0225929038361987,-2.9211334538473572,-3.0471897936545917,-3.0632071465632937,-3.1005228521227415,-3.077258804068833,-3.0827476559462794,-3.035503993160522,-3.027134732478813,-3.0692383459055965,-3.0474244071861762,-3.0474244005984152
-3.024943346748711,-2.9113907859389934,-3.066659659987545,-3.084584655454776,-3.060914084983939,-3.0673766305252013,-3.0632532900656595,-3.0241764879088344,-3.0237740400205575,-3.0658958325447885,-3.050670371376226,-3.050670364515464
-3.101329847847336,-2.994200417153077,-3.023357289595922,-3.0256610564655713,-2.9543678906425055,-2.983550425976772,-2.9568036794787305,-2.940528667913474,-2.9597069323667706,-3.0025969615965358,-2.9494051024264967,-2.949405095815171
-2.9272789312237966,-2.851154454509354,-3.005346593391195,-3.001452499780876,-3.0181156429670786,-2.983673697247037,-2.9993831899784613,-2.9562396388000254,-2.9747885327199715,-3.0165878227919634,-2.9689139576274752,-2.968913951177976
-3.0176231313110984,-2.921026514255105,-3.0100070325709676,-3.007550202478127,-3.068943910267756,-2.99495537561871,-3.034596157671524,-2.9636110210266673,-2.988279876804662,-3.0294313853724035,-2.992258775058957,-2.992258768487791
-2.920206174625547,-2.860899598122919,-3.0114750063877063,-3.0115756481135865,-3.0927245782811568,-2.992081601922611,-3.0296547592680856,-2.963150021623456,-2.990909616297292,-3.03043273499473,-2.9868186401406547,-2.9868186338989373
-3.0361488258550353,-2.943076271320897,-3.0021561379146653,-3.0142716232416777,-3.0812795013795413,-2.982705308237089,-3.0226144296362953,-2.9542424443710615,-2.9993573780185967,-3.039336189880686,-3.0002270149691515,-3.000227008974933
-2.96702716247224,-2.899805475301676,-2.971643144363679,-2.984397155706565,-2.9845649000469696,-2.922312693032147,-2.9388338090218644,-2.8787253323291364,-2.9537893554877854,-2.996455560777124,-2.951622885009981,-2.951622878245285
-2.9109450168747832,-2.844222228744464,-2.960189392134569,-2.9528837679530135,-2.9124806926353632,-2.846628657088672,-2.858277835207728,-2.8287005803611027,-2.9332124981615313,-2.9766133658308545,-2.9113112181889127,-2.9113112118858906
-2.9581801367793625,-2.8420506345014287,-2.9535136720090827,-2.937805934883911,-2.9792770593157916,-2.8783947590149612,-2.9156302925865933,-2.8470509413854064,-2.9477529888461973,-2.9902935994252937,-2.935023501486062,-2.9350234951313143
-2.9701939126365793,-2.8632959546205448,-2.9647188746847792,-2.9456787853602315,-2.990159835506631,-2.8997002265420395,-2.9377713866102297,-2.8562861983743204,-2.956744922381982,-2.999140436757572,-2.9490907609916492,-2.949090754562663
-3.004398687720821,-2.890136289427422,-2.988293981427146,-2.9724068283207847,-3.043730922788859,-2.951624603956856,-2.985631875214774,-2.879372773827574,-2.9719915471041007,-3.013612117358708,-2.970958259185437,-2.9709582527274954
-3.0463411582158875,-2.9018595391882647,-2.9836058826501923,-2.9747388452876584,-3.0561391630948953,-2.9690769960041563,-3.000307552768532,-2.8888445579092332,-2.9828165207040924,-3.023782710774697,-2.976805238481036,-2.9768052323140313
-3.0051729733667054,-2.89266685409671,-2.972548074142684,-2.9671908731848755,-3.0369447162523566,-2.9683845545868275,-2.9818725270200845,-2.8730682846063074,-2.9724995181238576,-3.014173803427079,-2.967020611177935,-2.967020604781691
-3.03066436236946,-2.903564492077943,-2.9817137004139243,-2.979991110451531,-3.077354909157512,-2.991215895657572,-3.012078175901407,-2.893677413922234,-2.9866201838527617,-3.027601238184645,-2.991251200930718,-2.9912511944233335
-3.048310857101286,-2.9326769397062025,-2.990694775905027,-2.9971652758846017,-3.072667011034871,-2.9991683324154885,-3.015630779797637,-2.900221387525717,-2.999633143040476,-3.0404430220326257,-3.007021206653079,-3.0070212003513035
-3.060209858534887,-2.951015206900654,-3.002114504305338,-3.016536911035159,-3.0649449708959033,-3.017674004829717,-3.0226800529077007,-2.9073432065446774,-3.0138255717992783,-3.054175313697464,-3.0236274828171337,-3.0236274766980236
-3.111845489691241,-3.0099032584417422,-3.0261304770644304,-3.0479314646651487,-3.05584604672141,-3.0230632578128795,-3.01201608668224,-2.909465881772377,-3.022080702604932,-3.0614986797940937,-3.034978903527073,-3.034978897285557
-3.0922823345458035,-3.010060076206884,-3.0565364088975464,-3.0751254935564623,-3.0804592879576576,-3.0511004630700596,-3.032165680347987,-2.9195496751232057,-3.0315511226671163,-3.0704757238413705,-3.045767019695862,-3.0457670135037214
-3.068711819877648,-2.941479548027387,-3.043030246464186,-3.0569088361041095,-3.051113064239656,-3.039105867498962,-3.0097391590538063,-2.915508150514669,-3.012782656996061,-3.0542062837495125,-3.0256374309976612,-3.0256374244820914
-3.108999808952982,-2.9753077290892005,-3.053726487006236,-3.0624661170706737,-3.0823836588680202,-3.0634629350582636,-3.0340525982696387,-2.929172970124771,-3.0252901418725906,-3.066161440002199,-3.049949719442466,-3.0499497127111104
-3.130904343050042,-2.983419049452664,-3.0339500124875856,-3.012207590717338,-2.962867233401488,-2.9621271857940563,-2.9236559952923886,-2.9249843047569053,-2.9925781465881807,-3.032926691245306,-2.988367846365726,-2.9883678397753526
-3.112460893501707,-2.997120842491056,-3.017701357933254,-2.9920726046375603,-3.0193417284448336,-2.9789869478692976,-2.941941543132362,-2.921347761361516,-3.006551411482779,-3.046002941668188,-3.007256658722083,-3.0072566521610438
-3.03900840185438,-2.910045563323173,-3.02864294037221,-3.008224472593242,-3.0960908378141965,-3.0250692968357953,-3.0087024269156326,-2.9431996262132842,-3.0172310571889795,-3.0562259827126654,-3.0309929264267903,-3.030992919666679
-3.065722367517256,-2.953930293158228,-3.044118721253825,-3.0297397946888345,-3.141289966093782,-3.0595625908790494,-3.056000341277979,-2.9668055770933486,-3.031320028734123,-3.0695422509860197,-3.053684729859711,-3.0536847230107864
-3.14872219640242,-2.995827084837461,-3.0444242083016517,-3.0272098629977027,-3.1422829295738417,-3.0441456798693145,-3.052443350075758,-3.0113386649583513,-3.0430074412800066,-3.079841973557364,-3.0446085204914004,-3.044608514519713
-3.061742289853134,-2.9506436656022794,-3.0559626087284175,-3.045221826624611,-3.1930157680044147,-3.076254142640091,-3.106053423877223,-3.038590315166351,-3.0553027460460345,-3.0917289112787465,-3.0694197214643704,-3.069419715237716
-3.1431190435981957,-2.969321616871581,-3.086356214649168,-3.087290002832836,-3.246070560441478,-3.117033100354182,-3.1580036872254484,-3.0594959360988248,-3.0685279858445433,-3.1043188413444858,-3.085266337112908,-3.0852663310034316
-3.066408554140149,-2.9402136965029824,-3.0953668504173,-3.10775169510059,-3.1837047195514643,-3.10325296797162,-3.1242894340954286,-3.0348642574370546,-3.0313423198322202,-3.0708396944627685,-3.056565817686151,-3.056565810555284
-3.0935739272589515,-2.94611886050547,-3.0878061222934274,-3.106395392889302,-3.171435519142818,-3.09203525832518,-3.0914981437153553,-2.999734170208886,-3.013335888684526,-3.052904334245762,-3.0320870097856862,-3.032087002480183
-3.025301955193303,-2.9262251129131207,-3.0985459791307974,-3.1247831117654505,-3.2262929322573517,-3.1165562214853257,-3.1123005235642696,-3.001926873905941,-3.0266727435308294,-3.065204376566108,-3.0541786495340704,-3.0541786420984893
-3.086195425053101,-2.97140031634279,-3.121699625801976,-3.1489490906573305,-3.2393343354755717,-3.152477264021294,-3.144184143898884,-3.0037710014255357,-3.0324061578779045,-3.070866686008251,-3.0723902699553682,-3.0723902622250594
-3.1446699231796282,-3.0035131422297767,-3.151164170197533,-3.179671065957371,-3.278099953293768,-3.198488001254919,-3.184301438702674,-3.0234606091669582,-3.0460160872773274,-3.0837408292979873,-3.0972070700748078,-3.0972070621829384
-3.1853463636741575,-3.0150149533846493,-3.170200422046002,-3.200410242955438,-3.29324958012522,-3.2285751169468333,-3.2148519958180986,-3.053530520137953,-3.0533240290340244,-3.091184493706203,-3.1153593032061395,-3.1153592950738034
-3.2188915722802554,-3.025832159222232,-3.2070215411776886,-3.2381946466914635,-3.3152615433013115,-3.262569540548547,-3.2301333008380357,-3.071676072391163,-3.066720160068016,-3.1040845677812383,-3.132422200499721,-3.132422192353824
-3.2844045785695277,-3.0988584406223234,-3.2365262726438537,-3.265298640360005,-3.3382316148468703,-3.3003665322911546,-3.2541014821313072,-3.0963066944672972,-3.079587565821813,-3.1163972753488465,-3.1556510949478263,-3.1556510866097134
-3.2980693122651195,-3.1055837881985995,-3.2634806823174842,-3.2948744310664284,-3.327735017175177,-3.3165074817179945,-3.26070608126825,-3.1280508391193647,-3.0653386787742596,-3.1045941382263127,-3.1543638037784696,-3.1543637947293925
-3.2496044882920634,-3.0816201214764702,-3.271321139164702,-3.304658792170954,-3.3369451882625656,-3.3360348695995863,-3.255638365341659,-3.1197557127707665,-3.0787420944039288,-3.1173369283237697,-3.1679326685912343,-3.1679326593662447
-3.3006178983482295,-3.1203876044863916,-3.284440470955464,-3.31442596543003,-3.3497915894767054,-3.3482527196554557,-3.2648662459687823,-3.1253641043035545,-3.0926751240968717,-3.1307076062553434,-3.1916355554186775,-3.191635546037218
-3.315261994091216,-3.1456954735331317,-3.291474722358564,-3.319677063512354,-3.3327956693196525,-3.3461940401232435,-3.2550642226326056,-3.1230476353721124,-3.1022597958024174,-3.1398349894799233,-3.2023242597170336,-3.2023242503778384
-3.3430806092869707,-3.196010421002084,-3.285274118582609,-3.308234840889052,-3.301157096039596,-3.3410530033465724,-3.236456468750257,-3.1143616652275625,-3.1076979769341277,-3.145304938974276,-3.2194034960631557,-3.2194034864438796
-3.260737688162793,-3.159170755122123,-3.289823185009492,-3.2975373471967018,-3.241185925667947,-3.2897141942703776,-3.1407308587147234,-3.063448764785178,-3.1627923446044743,-3.1701516218813146,-3.176279012910364,-3.176279007949414
-3.2417421475781714,-3.134457554097387,-3.269805568970195,-3.2638261071409347,-3.2500652123389115,-3.2795179478573244,-3.1275070744952576,-3.066880801400293,-3.170705118944209,-3.177736348099907,-3.1904201879039564,-3.1904201828317182
-3.2016140689649792,-3.0957597291226326,-3.2321327072303094,-3.2144331469149363,-3.203062686261071,-3.2286904406792445,-3.085046789142815,-3.020630012620491,-3.1433288425641885,-3.152335029091712,-3.1487722931103717,-3.1487722881088187
-3.1361433017588594,-3.069948340954088,-3.213907191979953,-3.192926388091938,-3.2392614219136617,-3.2332263070515523,-3.088038629028854,-3.0396334531179066,-3.156167334000327,-3.1650438512706054,-3.1692490345601962,-3.1692490293846056
-3.138612636039081,-3.0528039515654894,-3.235809634656558,-3.219259886345142,-3.2530433292097274,-3.2236230825287375,-3.080899153405647,-3.01809316103786,-3.124693681569914,-3.1343615898254233,-3.1361010991081306,-3.1361010932570235
-3.170099987466303,-3.0919319475659277,-3.2451529442809597,-3.227007086974365,-3.255825066572078,-3.2248889379594816,-3.1087000996646146,-3.0392645677440333,-3.1291727300671432,-3.1392989257559685,-3.1449512628850904,-3.144951256641362
-3.2178099167807237,-3.1240247670464374,-3.2611537000238027,-3.2383272289638563,-3.2588602338754518,-3.246728110456642,-3.1419539087719057,-3.0663205498022763,-3.1339363732003225,-3.143869340927292,-3.1624761438063764,-3.162476137169736
-3.2239281576457923,-3.168939157310771,-3.2454007295914318,-3.220026792404401,-3.2580586296450944,-3.237605333979314,-3.141483501226475,-3.064262909133788,-3.1326497309981196,-3.1416488371482414,-3.1246009340281886,-3.124600928681833
-3.1015530971077085,-3.0511908945449715,-3.178561353997401,-3.1541366550695615,-3.1894139707278377,-3.1715641317502663,-3.063628197927403,-2.9790106901515445,-3.1176119943188825,-3.126406324852278,-3.077344663847841,-3.0773446588954263
-3.0301113713071732,-3.0013597004949255,-3.1199750570650164,-3.0846309980070235,-3.0025824316357914,-3.026816527577573,-2.9535587775952727,-2.9116578834790614,-3.0636827663157815,-3.0771909026079713,-3.015554689040058,-3.0155546830897184
-2.9129402712919217,-2.9260946044566816,-3.0981701673972597,-3.0600138918380093,-3.0210990772578197,-3.010597515814796,-2.9857593436397125,-2.91859299388123,-3.0673495830621533,-3.072017414592135,-3.033526638779953,-3.0335266325740484
-2.9920197579042322,-2.9751689448218555,-3.069964642295254,-3.0289182819493803,-3.0273636471471237,-2.9948909517282267,-3.0121278704571335,-2.9337640993428478,-3.0435608424848484,-3.0523926456614183,-3.031016249442457,-3.031016242619668
-2.9672374292818744,-2.962048819026064,-3.069295541016533,-3.028789275276689,-3.0870980500326866,-3.005450854859884,-3.0595580619916496,-2.9525979181265605,-3.026671019024075,-3.0391499366634114,-3.025640054593595,-3.025640047274267
-2.948529542944995,-2.96401535819515,-3.036078194790708,-2.979111976385754,-2.9870402786584958,-2.914219455444254,-2.9490127694890456,-2.9306534055953426,-2.9944956940057583,-3.0071371859862275,-2.9655220560648967,-2.9655220493530843
-2.916182379790464,-2.9435975061230004,-3.011406834702018,-2.9459396321219273,-2.997360837783477,-2.9126438175303218,-2.9692909423521825,-2.9388017838983354,-2.9886803130059247,-3.0007252712798143,-2.9649976438192436,-2.964997636933342
-2.8162300215337095,-2.8303992545623355,-2.96307600054932,-2.8999943829126273,-2.999507990900109,-2.8953026698470037,-2.9483613793901475,-2.913370762644486,-2.9834628503025797,-2.9947277757184225,-2.9408835227451524,-2.940883516374236
-2.851568510411335,-2.8452340804436522,-2.962189594920775,-2.8868164012980015,-3.0952938855249865,-2.8850731320800707,-2.9430333080584536,-2.8968287601993543,-2.997937600713639,-3.0086114672803106,-2.9218421712510274,-2.921842165678454
-2.8539049612361405,-2.8415350240466006,-2.9357187600953365,-2.8551775580721435,-3.1320944563966693,-2.8897277829048464,-2.9404263588483164,-2.8928181565150384,-2.9929205665454193,-3.003831931065006,-2.9237574211966484,-2.923757415559191
-2.788162433880076,-2.7809016860922613,-2.8778969806129857,-2.7928599536020453,-3.0785465902920675,-2.857568542330725,-2.8815774724664056,-2.853893731753331,-2.9599348528670753,-2.972838627042163,-2.8837778307877127,-2.883777825173115
-2.743655683217406,-2.710703122563812,-2.82998632466102,-2.7496476546636797,-3.0901767408792415,-2.8395791563438912,-2.868910872673574,-2.830849156072554,-2.9629631121442346,-2.97607286027984,-2.8937482779325485,-2.8937482719499537
-2.7052820427305515,-2.698580667341707,-2.7905714136234163,-2.716523795343881,-3.0625807331481703,-2.816449232606474,-2.8499904382538874,-2.805611921686725,-2.957952240699654,-2.9710820264720113,-2.892640658632246,-2.892640652480599
-2.7396361870276587,-2.7314488891496707,-2.7831994493698224,-2.714774344682828,-2.9863637010667308,-2.7867764786702223,-2.8256679419548396,-2.7919943788562254,-2.9480205628636877,-2.9614529696929566,-2.9024155054492544,-2.902415499003783
-2.7185957269533363,-2.7492768531488423,-2.7759892449464716,-2.705262046587514,-2.8178780694085166,-2.738833821091041,-2.746657206954184,-2.7437673981154074,-2.9079803369582766,-2.90256260887043,-2.876321357662057,-2.876321350626475
-2.712824847842302,-2.738037698164018,-2.775346260233916,-2.7033604305007266,-2.8324301341986735,-2.762135051396033,-2.7887160461703453,-2.756501105014781,-2.924295005054362,-2.918244554658385,-2.900711071477607,-2.900711064402492
-2.681911862327216,-2.6845492057046334,-2.7465294508593905,-2.6805366928921956,-2.781225361395094,-2.7289400347794244,-2.758825586619415,-2.726318000716242,-2.9103025931056488,-2.906188532243969,-2.874881897222736,-2.8748818901338384
-2.7294030388356445,-2.7596750616337578,-2.726527973113954,-2.6607380996040324,-2.6541651670806603,-2.670292072468313,-2.6710885471282935,-2.6759556074659994,-2.8576573801045955,-2.8602809708325716,-2.8430054536385483,-2.8430054459714023
-2.6809397333539966,-2.684656947194303,-2.7304415449664474,-2.666637780780161,-2.697647302018784,-2.7015040008685043,-2.708403071871272,-2.6957344251527475,-2.8729217180739224,-2.8746351200813254,-2.863555072305412,-2.863555064646321
-2.707987806256518,-2.7097486008776035,-2.7285542866176233,-2.6656430648458453,-2.7301651275986316,-2.7061601412639584,-2.754039016124999,-2.7191321159156523,-2.8903029263868802,-2.8909234729930664,-2.8752666255460793,-2.8752666180822883
-2.720586607961505,-2.703903570114713,-2.748564567416579,-2.686438632076004,-2.753802601535657,-2.7229694428029285,-2.803512714512445,-2.747597267510069,-2.9070058013302775,-2.9066781766288243,-2.9020132901016478,-2.9020132825813336
-2.7809117181304304,-2.7787280337021993,-2.7628522720045745,-2.7003473472190413,-2.725524769492554,-2.72664764342428,-2.8045798961053436,-2.760718337306071,-2.9107223120196535,-2.910325005477259,-2.901882483506833,-2.9018824760671373
-2.782607999255259,-2.806809871622953,-2.7723589927197576,-2.7133764170619914,-2.7594712908912995,-2.7350127770705006,-2.8033177613657405,-2.7950418364829597,-2.9244421481712357,-2.9225731265943646,-2.882622587499725,-2.8826225811284383
-2.800409975719166,-2.8245279877177145,-2.7683336500751827,-2.707913873388656,-2.7198341030375746,-2.726888637891637,-2.766968781804587,-2.8067075531410213,-2.9040642357066844,-2.9036027999330476,-2.857583004603142,-2.857582998113426
-2.8080390019483255,-2.8055004209848917,-2.7689160130364083,-2.7129689648627004,-2.763764929629255,-2.7522883906728355,-2.79484157476501,-2.813551873994956,-2.891939748505208,-2.8923693649880655,-2.8483863659498705,-2.8483863595153562
-2.781922492926475,-2.772702951371927,-2.760364473120879,-2.704995803485894,-2.680057119953634,-2.730444327661492,-2.7405088591416704,-2.790120249580327,-2.852054516668224,-2.857411177244494,-2.816053498017892,-2.816053490898041
-2.7888906347686344,-2.7748481778261302,-2.7637164156711207,-2.7129191387255274,-2.6851343943213326,-2.766983569589242,-2.7658044962437245,-2.793396852159585,-2.8494840539459467,-2.855583893595626,-2.825590041365882,-2.825590033967923
-2.7353261539979,-2.6839927003701125,-2.749437642398077,-2.71143683325986,-2.693427037915734,-2.775545523605271,-2.773605676520785,-2.77342427320096,-2.844254402662085,-2.85047570498497,-2.8157825431687136,-2.815782535864476
-2.730455761106364,-2.674737435965122,-2.7739402868575094,-2.75182288615426,-2.7659917373095504,-2.831419685313903,-2.836653027306305,-2.802626435767837,-2.854950500228389,-2.8598090692397142,-2.841405097778189,-2.841405090314271
-2.7831719825290775,-2.734197647430634,-2.802117901561379,-2.793329835172536,-2.8189705408070296,-2.8823815615028465,-2.885952915078086,-2.817788560282194,-2.869223434882525,-2.872940994685653,-2.8674018370214536,-2.867401829498219
-2.746656060748977,-2.710406720128278,-2.777701105973097,-2.756184380964598,-2.7377691692031796,-2.7836166603280157,-2.7511569737879,-2.8308947022816144,-2.8451619227526743,-2.8480152926933684,-2.788735349525885,-2.7887353433159454
-2.7464593002919817,-2.6936653871875205,-2.7555827551110608,-2.730550369514232,-2.827209288783835,-2.8190523534829395,-2.7945151731989677,-2.8407365765267576,-2.851048228658697,-2.853007772135725,-2.7892211620082255,-2.789221156129188
-2.827387062646315,-2.790451681380448,-2.749114584793473,-2.7198615506747217,-2.7774311173264365,-2.7843018047873542,-2.7601520643243678,-2.8314457098319696,-2.8171363352055367,-2.820875478437279,-2.761365610424727,-2.7613656041987564
-2.794449758123068,-2.7789156633076013,-2.769648425942185,-2.7455861054933237,-2.8760810642272805,-2.8269283240086627,-2.8310979727086116,-2.8499261561566476,-2.8252751760617127,-2.828386132530651,-2.7751340355979517,-2.775134029395986
-2.8747918707220323,-2.851377268264911,-2.799357957260174,-2.7856017018739783,-2.9570834581007603,-2.8713287694293133,-2.899723395011903,-2.8844230977620007,-2.839019686901488,-2.8409956362708333,-2.7998729444409847,-2.799872938242048
-2.9341423930645303,-2.8932424789723843,-2.8251884601238095,-2.8219778745353716,-3.006563085807537,-2.9092576872519587,-2.9521475596175515,-2.898877889371829,-2.8548320861185434,-2.8554513751612127,-2.829498296098442,-2.829498289815441
-2.9634270189617395,-2.9093876191991885,-2.855830785701475,-2.8637095490715216,-3.0249089570227397,-2.951233700402897,-2.9900739680439434,-2.922035727479318,-2.8703314835443487,-2.8696909564172,-2.8579552582046714,-2.8579552518586038
-3.0240315472778945,-2.9497133597759846,-2.8659306014971606,-2.8832420725261807,-3.020922708264169,-2.9737809677257174,-3.003098107736287,-2.9343173692744164,-2.883860585639629,-2.882266145244147,-2.8730869022169796,-2.873086896052499
-2.9912245548035545,-2.9134123697938388,-2.8858114868087275,-2.902292855572413,-2.946428304760228,-2.9612802934040046,-2.9662964871178876,-2.9256821517854013,-2.878231801089549,-2.87717560540978,-2.874410462774593,-2.8744104565515363
-2.985334268157083,-2.925028103600003,-2.917211075489013,-2.9286796322119235,-2.9928605145601486,-2.9848910694268502,-2.997095445807756,-2.9401163656309297,-2.8936375200442024,-2.891375367796622,-2.891682079408926,-2.8916820734581057
-3.0621854044171504,-2.9659849506609715,-2.943822052099936,-2.950807903701427,-3.0193453052757304,-2.988756379024262,-3.0080185651477866,-2.95597251855472,-2.9062659801188184,-2.9030581931225736,-2.9035063949070214,-2.903506389261932
-3.0070385444500856,-2.931962066204883,-2.946859592858134,-2.9515998886458625,-3.0356938976948666,-3.0158771321132276,-3.0131810660292366,-2.9681705933007754,-2.9161930820874047,-2.912320522981,-2.9052708417637945,-2.9052708366062037
-3.0154660210148845,-2.945662395427094,-2.9364484745855974,-2.9217361922428475,-2.915038277742979,-2.921548298351664,-2.9100758178635235,-2.96564358564481,-2.8881271357725713,-2.88524915233675,-2.8679628728591227,-2.8679628676932185
-2.9111124391466836,-2.859723185920015,-2.9503245984351154,-2.930778084079921,-2.9964295909969865,-2.9518154874169023,-2.9531167066005564,-2.989291292167699,-2.903145168636205,-2.899212955348538,-2.8861876399248927,-2.8861876349477082
-2.9201152590500157,-2.8912149875721025,-2.931711074818135,-2.9047239101833866,-2.8988834370529766,-2.904048517684953,-2.8780429213802146,-2.9536131275500352,-2.876343476743929,-2.872407961165282,-2.859370801003062,-2.8593707957129815
-2.8687481915010595,-2.868649532843481,-2.917856817569573,-2.8886056156323026,-2.8689723348220326,-2.908495463289495,-2.876811504099993,-2.9336477405072783,-2.861063715694595,-2.8594895780949163,-2.853862352370599,-2.853862346718693
-2.908002406130103,-2.925478907378337,-2.921822625487752,-2.895824716586902,-2.9226995738404415,-2.958100975629038,-2.9448733633903217,-2.9665866584507126,-2.8759029483125986,-2.8737467746236542,-2.882487643006079,-2.882487637178874
-2.931941097080838,-2.938645708066672,-2.9463160833160784,-2.921686378507773,-2.9167789281110847,-2.9351193857887194,-2.9431413001366753,-2.987670063309001,-2.842434783070855,-2.8426530905582426,-2.8503386366760246,-2.850338630573851
-2.995070740647522,-2.96901394802656,-2.975147715307208,-2.959425255195012,-2.999106060934995,-2.9807584625421795,-3.011560928001694,-3.0374845042751426,-2.859555726737723,-2.8589960927037343,-2.8792304161025317,-2.879230409920372
-3.0246632187914453,-2.978819227396474,-2.984200599259391,-2.975367874136907,-2.9787651719654873,-2.9672022850603725,-3.0294471114846644,-3.0557907196275016,-2.8619011957358182,-2.8620088066382885,-2.882479813462153,-2.882479807119918
-2.9403758385736776,-2.9356880501987535,-2.9530360066641714,-2.936017180286287,-2.8825162418071133,-2.834741015739684,-2.906244756672721,-3.0772391570818782,-2.8492831310142637,-2.8496730515000257,-2.819800354113352,-2.819800348868978
-2.9464137361509337,-2.9389986244655804,-2.950983043702311,-2.9175059875943394,-3.0040433919381364,-2.8200149929596483,-2.9401937389066575,-3.095294030134421,-2.863375259659483,-2.8622555266682332,-2.817191161780625,-2.8171911573004493
-2.9742917623673844,-2.935794565948613,-2.95213007884512,-2.9167056742628548,-3.103121711135393,-2.835944981676721,-3.005000955036464,-3.1010426001700004,-2.878560702477174,-2.876469607131319,-2.8456373790183527,-2.845637374431786
-2.968475483297388,-2.907100657349658,-2.961842587686993,-2.9308551503591245,-3.1429398890706666,-2.865856387431678,-3.047823875610912,-3.1106379174285452,-2.8853688038350254,-2.8837702487349897,-2.8674968310022217,-2.867496826170417
-3.0268520477271195,-2.948181415857116,-2.9768525714470493,-2.952325491317855,-3.1774587970669894,-2.936261384784383,-3.0873373162523157,-3.1274629997761156,-2.9006863483399554,-2.898472066869486,-2.8916290222871073,-2.89162901744945
-3.019512693914932,-2.960851540205158,-2.9796924060969947,-2.96585824020701,-3.128758008544905,-2.9589080696703585,-3.068586449640917,-3.099729957611544,-2.906205084272054,-2.90485696980157,-2.909933061391437,-2.9099330561080876
-3.022622986662675,-2.9485910034412486,-2.986978893081986,-2.980482263962717,-3.1359125265612318,-2.9805996872680405,-3.0950339348761364,-3.123200385351912,-2.9188187979288367,-2.9174004182382203,-2.935588456856034,-2.935588451313273
-3.109489337591265,-2.967703571940091,-2.9995420245055797,-2.9996664254782353,-3.136066961831363,-3.033105573346395,-3.1126892009450313,-3.136127044720351,-2.934268803001835,-2.9323640901287247,-2.9624184462417955,-2.9624184405899205
-3.1136465979794017,-3.007649800369385,-3.030669249001954,-3.040901850052033,-3.1526822107863817,-3.0732040612968134,-3.1286509646303324,-3.1542941025038056,-2.9463373076837995,-2.9444441159928263,-2.9796421088418885,-2.979642103297879
-3.11231468920874,-3.004792455328891,-3.037923362188901,-3.0395224224518795,-3.0313443968574294,-3.03600115145258,-3.0540678862292365,-3.12201797484587,-2.930219053455104,-2.9294165542428314,-2.959341759431843,-2.9593417537479474
-3.0781041905640265,-3.0002953286616827,-3.0336496354317792,-3.0364126065742507,-3.058352121768971,-3.0437518318216217,-3.083617452597394,-3.1218813017858054,-2.946081018080996,-2.9446008511895716,-2.9646032222831047,-2.964603217279974
-3.138643794465065,-3.020597549628342,-3.0523396717775655,-3.059794621455029,-3.0851809723548724,-3.0707392448841055,-3.1069665602094543,-3.129493719766855,-2.961877786591957,-2.9598172543695855,-2.991658140915045,-2.991658135809089
-3.09923873175424,-3.0022737585133754,-3.047087873175729,-3.0624047987207392,-3.0730622626022197,-3.061723923871901,-3.0854034349098893,-3.1043082000233797,-2.973477119384734,-2.9710328083073665,-2.9921786653845226,-2.9921786607111476
-3.1227435041447307,-3.0392818343238606,-3.0786870464639486,-3.099971756325731,-3.091380485902142,-3.073532385388102,-3.064195342676622,-3.1102522138226876,-2.9874716534671686,-2.9849998220701606,-3.002762316149014,-3.002762311619062
-3.0908410432138145,-3.0305872094978223,-3.0644815685068947,-3.087978030137351,-3.0747648457495735,-3.0585082721554877,-3.0273316848635208,-3.075952220189248,-2.9896657791315455,-2.987953971568593,-2.9991837521781584,-2.9991837476514585
-3.0832740195310704,-3.0251425578810824,-3.0690183227725756,-3.091942204137443,-3.0779641495822974,-3.065448172229152,-3.012541241169233,-3.0613172007378435,-2.982104745873129,-2.9822979059479993,-3.00322750159213,-3.003227496606842
-2.9892610055573408,-2.9746283613360283,-3.0638638265540354,-3.0801960541855307,-3.0019362258685143,-3.017089320786008,-2.991772801889136,-3.0550859385652283,-2.979984964368389,-2.981338026962765,-2.996607491136505,-2.9966074856113543
-3.058566428260805,-3.0266336816112145,-3.08581931707993,-3.100907621020064,-3.0350097687782185,-3.0321442908631333,-3.0302034576866985,-3.0743512088668723,-2.989151615562493,-2.9902434391320174,-3.016941384819731,-3.016941379132139
-3.1132388598349627,-3.069601759398852,-3.10464125521275,-3.1221178063018495,-3.056129799375367,-3.048424845490511,-3.0603988707266665,-3.092176643303108,-3.0040051115303075,-3.0042859866319365,-3.043068320071875,-3.0430683142549593
-3.140913737127268,-3.0702522968102315,-3.135170371769414,-3.1539590848344,-3.0488207216058916,-3.0626465143426294,-3.0642386442209153,-3.100991355929488,-3.013340096323228,-3.0134818105248677,-3.056457146865436,-3.0564571410463865
-3.151791336069153,-3.1085412213975054,-3.169399531031145,-3.180011580749765,-3.0979056475362934,-3.096795757648006,-3.092301863609946,-3.1286700077728224,-3.027903333854923,-3.0273829746960947,-3.080986074656059,-3.0809860688040187
-3.0265192531701532,-3.014516883155263,-3.153296953334788,-3.1563022729131576,-3.0824132309972336,-3.078661699568004,-3.04486064562445,-3.0992396188460845,-3.017894779914835,-3.0173642082149867,-3.04638632641977,-3.0463863212232853
-3.0876384390210414,-3.076309725993299,-3.163984054866916,-3.166850489238449,-3.140410935240199,-3.0969278428694103,-3.068283982641458,-3.098638188257553,-3.030986097545436,-3.0295755768169284,-3.0673255002031525,-3.067325494935282
-3.0996685069772902,-3.0425958910134048,-3.158036616508484,-3.1619159454610797,-3.1278216524666758,-3.088780655370546,-3.05712238569762,-3.095220845453853,-3.0163925799121754,-3.01882908176652,-3.0708415172189154,-3.0708415110145575
-3.0854895084740126,-3.014739314224248,-3.1516230208316562,-3.1581203016198436,-3.1593046522101513,-3.105743845272362,-3.080658737412595,-3.1259455130217733,-3.030325007063081,-3.0323263809204533,-3.0955900866394557,-3.095590080024147
-3.097169982369742,-3.022091248416353,-3.1714266909277398,-3.183164662663045,-3.1835107545413797,-3.1234247046339467,-3.0968333354801327,-3.1464617583061907,-3.0450649042243896,-3.0463288605353673,-3.1038073031293005,-3.1038072970590593
-3.0992424399197596,-2.995489849138689,-3.1699710176663674,-3.1860951836493907,-3.1937285434943816,-3.1383705021858797,-3.104065956490713,-3.149450265844349,-3.055185271115226,-3.0562914719784975,-3.116728462682393,-3.116728456657749
-3.157961541536881,-3.0441985748720715,-3.1889642862954486,-3.2115454320546335,-3.218806939904988,-3.1654089044818043,-3.119942872584966,-3.1578378196000187,-3.062564581684004,-3.0634784371575714,-3.132899176928155,-3.132899170729961
-3.1835938785848503,-3.048761227658853,-3.22828821648453,-3.263987737283057,-3.274313060871279,-3.211757018615609,-3.155672850162998,-3.194722227809512,-3.0767122294323257,-3.0772600301232895,-3.1398897925991314,-3.139889787098965
-3.2330305902246894,-3.088704246052206,-3.2520375531359664,-3.2935287454204154,-3.305758098796881,-3.2459259420757633,-3.186215517686709,-3.2007554718507336,-3.086444338258225,-3.086880811853532,-3.1590750737782995,-3.1590750680368016
-3.2036198333972887,-3.0838013772375117,-3.26493919736338,-3.298081715968544,-3.2242082402929717,-3.217706278466083,-3.1521004035007185,-3.220178273493495,-3.0839785391968015,-3.084592006926757,-3.150130027796824,-3.1501300217881183
-3.302679482249645,-3.146238275779644,-3.289893647879581,-3.3164321969782202,-3.2730463943374892,-3.256601346392339,-3.2036541367280353,-3.2393242680287644,-3.0981893476525055,-3.098164267845064,-3.1692619107474727,-3.1692619048568833
-3.194176021447079,-3.107654768826996,-3.256253372193904,-3.26211483592854,-3.049820013158977,-3.14349830334518,-3.063941212886161,-3.052899654120501,-3.0280800372510024,-3.0355716172843574,-3.1097423847578067,-3.1097423768903525
-3.1247755471260166,-3.0803484965957617,-3.1784842064642858,-3.1598401313874374,-2.9630872827987975,-3.06984319881833,-2.999572812434001,-3.028658352136855,-3.007343587013543,-3.0157313373432335,-3.0585592448149956,-3.058559236681566
-2.9373658736535244,-2.901234093983005,-3.0975825156527166,-3.0662287333092464,-2.9553187198088673,-3.013972956405923,-2.950727496969699,-3.0241195494620214,-2.959516708761958,-2.9706474432081844,-2.956441886214868,-2.9564418796573344
-2.895662358112339,-2.8481870692480333,-3.036187448489832,-2.991768398700734,-2.9915718717540507,-2.97539488005269,-2.9183273949566093,-2.9720877317416896,-2.934325269524263,-2.946423020677962,-2.9143893168624357,-2.9143893105716376
-2.8631626955058924,-2.8272475554274576,-3.0046620905931545,-2.947076826525485,-3.048387400858626,-2.966419337188178,-2.9312259484903116,-2.9599592877187715,-2.943976498606555,-2.9551992463553978,-2.922659537007755,-2.922659530955262
-2.8270748941186836,-2.8049951305978937,-2.9962152305319965,-2.938014102572823,-3.125356383221733,-2.9977366226098465,-2.988483453955087,-2.9733569751174036,-2.9535192945414517,-2.9646843706258856,-2.9455287978149194,-2.945528791514207
-2.871729190762463,-2.8288737378903046,-2.999164785539044,-2.948097524113573,-3.1306503156392997,-2.9969956952114725,-2.9964384206521197,-2.962300340445325,-2.939856410449837,-2.9524408758467797,-2.9394632627093773,-2.939463256079395
-2.8926973889928758,-2.873567727210604,-3.01885662832506,-2.981240879232221,-3.1992218547373836,-3.039167541740252,-3.0589236236602604,-2.9800390238813446,-2.952939840624942,-2.964787557051253,-2.9641886402054314,-2.9641886334521685
-2.991658810081316,-2.944089214370015,-3.0568637329554673,-3.031248044013947,-3.261922184936987,-3.098935336773669,-3.1325985519081874,-3.0033043249713405,-2.969093035167293,-2.980098829314866,-2.9904088425182365,-2.9904088357278207
-2.969180753517626,-2.933486344834587,-3.0321546803819475,-3.0081051462260167,-3.149794587462119,-3.0394373452469536,-3.0227315107206016,-2.9506270624933757,-2.949489902708475,-2.9593271209267944,-2.933210934412763,-2.933210928153753
-2.9621535682320004,-2.936385142016648,-3.019365449807324,-2.9994560872446674,-3.128324050598815,-3.010479429587087,-3.0146828676507287,-2.9457004029563367,-2.9582076800693056,-2.96739096464331,-2.94556001211494,-2.9455600056636264
-3.003513577124717,-2.959186465574585,-3.0277265224055725,-3.014684290149659,-3.167189584597826,-3.017752589398617,-3.050715718597063,-2.9584185926915554,-2.9725178161775547,-2.98107450908507,-2.966628743575072,-2.96662873717255
-3.027407958138513,-2.9608173124249992,-3.0261421325079207,-3.0209448606174725,-3.1501121996801893,-3.0104462395434584,-3.0461392194107515,-2.9457013530492846,-2.97455866036877,-2.983357996511753,-2.9741761686061787,-2.9741761619504827
-3.0459882120965434,-2.972393902507622,-3.0389683748060103,-3.04064095229849,-3.1406581724864786,-3.010687594017415,-3.0592627086380024,-2.9510360804715647,-2.983848266239877,-2.991967787035789,-2.996171407522797,-2.996171400718081
-3.0986608895085523,-3.024745263811198,-3.0526456780174933,-3.0610311607511846,-3.140199591235844,-3.019421726501994,-3.0692901906598498,-2.954135647569509,-2.99375670075163,-3.0012390737741743,-3.011959422346946,-3.0119594156250087
-3.024781856259093,-2.969863536680561,-3.058394914541342,-3.080114818357478,-3.1626893560815197,-3.0382789698532164,-3.101280919826616,-3.0007788648688063,-2.997512222994285,-3.0060289599162546,-3.031758884715067,-3.0317588772429658
-3.1063090532183173,-3.0295286045389935,-3.06850925787357,-3.088609359008403,-3.0740355950861895,-3.0053868730863935,-3.0544892762824247,-2.9984866014040437,-2.986076317627247,-2.994982324000243,-3.0204884528480824,-3.0204884451958374
-3.1125465912651533,-3.0357308164519017,-3.093594681465424,-3.1176422701120545,-3.128356868851726,-3.0526793553059273,-3.109821415084913,-3.0100863445459103,-2.996572773260959,-3.0046874836710344,-3.036319800295978,-3.0363197926272756
-3.135746961070905,-3.048451353755419,-3.1233905328627847,-3.1538880581312476,-3.182502263381852,-3.099398475928509,-3.1588244087411,-3.029592168178316,-3.0064727330221723,-3.014519092318145,-3.055536475158889,-3.0555364673679954
-3.2249169005897316,-3.1235510819631154,-3.1516197570625133,-3.18283865669399,-3.1840030462110605,-3.1249665393427875,-3.167826183560239,-3.0400107493732307,-3.01525108386386,-3.0230705089609176,-3.0720386012744263,-3.0720385934487044
-3.193279765633366,-3.0699720432262025,-3.17793626861683,-3.2064407445013767,-3.2321023048588065,-3.1749702271854505,-3.2127145713511447,-3.078104766133401,-3.0313990592964326,-3.0382673890817053,-3.096312005670941,-3.0963119978437446
-3.209760446254517,-3.094575330809494,-3.197708963695127,-3.2091984833591027,-3.2681197493071132,-3.1617121470174268,-3.1987975280717142,-3.1238997127476766,-3.047567001004702,-3.0535187289245194,-3.0978237579351555,-3.0978237509541877
-3.2609963471447756,-3.1436314329907953,-3.1952695091599463,-3.2044615392015237,-3.290082321483503,-3.176838442385011,-3.202298360543898,-3.1362462248861025,-3.0615086578463857,-3.0672028258048285,-3.1127078118177045,-3.112707804856555
-3.174258185235493,-3.0570566659260945,-3.168238106148571,-3.168363109380716,-3.148249741815512,-3.1113207580847546,-3.1024612655902204,-3.069355853824067,-3.038773107413908,-3.0466791524048906,-3.094092139748307,-3.0940921323646577
-3.1794649376904722,-3.062313046683692,-3.1584794486296683,-3.150570944075912,-3.2070073063466027,-3.153695684008421,-3.1516155651039144,-3.091525089633558,-3.0552597788391616,-3.0625459169481677,-3.1140384398710386,-3.114038432657844
-3.1500450219993374,-3.063410914212246,-3.152451963118141,-3.1436234839480357,-3.2306513856428842,-3.1776614817238515,-3.181954154315882,-3.1295508576514024,-3.071221247673564,-3.078014810874271,-3.1380070859760725,-3.1380070785495926
-3.17296828483433,-3.0527957745114342,-3.146842702346396,-3.143896004902837,-3.230133944699566,-3.1970528156455877,-3.192918447366552,-3.1282093925605343,-3.0848738176089148,-3.0911049287231873,-3.160664661346512,-3.1606646537889604
-3.1365624132486487,-3.0322782857668438,-3.1529042379672836,-3.1577649970358985,-3.228511290909583,-3.217634614751248,-3.199505580619044,-3.137118060662681,-3.1006424484134487,-3.106372842053428,-3.184827858673996,-3.1848278510925447
-3.167626086203656,-3.071801661403984,-3.173162884061435,-3.1855647199702983,-3.2314703613980487,-3.2340643777365763,-3.2101805259922878,-3.1732343714297953,-3.104037177085991,-3.109960134513897,-3.1913791001661456,-3.1913790924298286
-3.161309769838093,-3.064600432882958,-3.2022396981074146,-3.2184103160897117,-3.2247782514752603,-3.247109121681619,-3.217795577040891,-3.1616428050474132,-3.0973758827605704,-3.1056295107172702,-3.182385653082124,-3.1823856448230416
-3.1694602092839825,-3.080521456612259,-3.2078785658554008,-3.221174804557989,-3.1521267779462394,-3.1928988211695155,-3.1330822135107383,-3.085444859031988,-3.063427360530895,-3.073623487201132,-3.1234519368746083,-3.123451928630558
-3.17673542078431,-3.0707968446807907,-3.214271956180858,-3.2290846990032476,-3.197024209636699,-3.215727533798423,-3.1601578399991745,-3.0946183234764,-3.079117629650379,-3.0887285640953865,-3.1489010219333826,-3.1489010136122406
-3.192867378327625,-3.0930788143388983,-3.23029964574313,-3.2458625272246193,-3.2064797291607583,-3.22489289493891,-3.1695408527829603,-3.096939460132967,-3.0721512494605654,-3.083556521674297,-3.1500854659725244,-3.150085457180919
-3.2064413743247213,-3.082217980552109,-3.2525486979767186,-3.267717995437356,-3.2351183351252537,-3.2455957985656325,-3.1886161212723207,-3.124264703609923,-3.088243611391823,-3.0987699865558547,-3.1650974709224324,-3.165097462391533
-3.184310769428315,-3.058277164210356,-3.2650452112478936,-3.275926729706735,-3.240348230631107,-3.2611254656834068,-3.216071415226309,-3.1599484680522507,-3.1004803501616376,-3.11028604553995,-3.17480761840048,-3.174807609742551
-3.237935730966266,-3.1007920019966706,-3.2780466532707035,-3.285331254857322,-3.266281309633224,-3.2771161835515445,-3.238035978603959,-3.1849924752437953,-3.1167548694798244,-3.1258161384776737,-3.200166326846042,-3.200166318133575
-3.247408286756538,-3.1226532715518154,-3.2887183281443146,-3.292900043636804,-3.2006914855156787,-3.2611112300270344,-3.1961034261065486,-3.1847397116094225,-3.1129026250375142,-3.121697629103798,-3.1988522483280275,-3.1988522392272283
-3.2838114246808034,-3.12276126417743,-3.301081435153128,-3.307643683201495,-3.2063083113512874,-3.276048916294013,-3.1987220698189245,-3.1761232477607546,-3.116116227260443,-3.125743672312635,-3.204071578587344,-3.204071569201175
-3.289380492478427,-3.124508364084126,-3.3107616504694746,-3.318523892014671,-3.239421878729048,-3.313971754543508,-3.2315120493041753,-3.185018907788125,-3.1284307948996593,-3.13758676093023,-3.2256867862285015,-3.2256867768131454
-3.3229365601240124,-3.165887094521305,-3.3150973574779172,-3.319353390708736,-3.2633589714409195,-3.327979277346069,-3.2450594511201083,-3.2192741821470587,-3.1432839477863017,-3.151404181430889,-3.241197747935059,-3.2411977386621547
-3.3414276116856465,-3.2076047904715517,-3.3318044712453276,-3.3331349558492325,-3.2905171291077373,-3.352426381166339,-3.2730081228792174,-3.2395845857318983,-3.1459139828643683,-3.1556081674491496,-3.2471183149457783,-3.2471183053691686
-3.2290539803072575,-3.0916591776215734,-3.292374253442791,-3.281479097446994,-3.149367257783817,-3.254865638246986,-3.152237751572689,-3.117105551552741,-3.0955027948005513,-3.110082422447622,-3.1534547894358487,-3.1534547801517947
-3.113563602915562,-3.023615902526957,-3.2637476039699385,-3.241012445201833,-3.1853408924760687,-3.248730646278904,-3.167659715199844,-3.107664224556305,-3.100450337465307,-3.115027703611141,-3.1583368890107524,-3.1583368794518427
-3.101602461420236,-3.0182495512565333,-3.2477925822912717,-3.2149525117368527,-3.2348965815055752,-3.257575260133019,-3.196741846571099,-3.129843101157988,-3.11516308938601,-3.128664780598935,-3.1830363445586998,-3.1830363350051853
-3.1029220301931018,-3.024820418392771,-3.2325631398856354,-3.1999912650577667,-3.200596605422432,-3.233039944740748,-3.164690539846345,-3.1217302347659324,-3.1188560050796,-3.1325643437843107,-3.186978032585982,-3.1869780230007447
-3.0732058061970244,-3.032750165700106,-3.1834726325224194,-3.14133500851643,-3.135137903000215,-3.187846708230767,-3.110077214206116,-3.0855203596621155,-3.087981844214894,-3.1070389877708147,-3.161655657552572,-3.161655647119477
-3.0477575962166243,-3.0042375435153685,-3.155814163009203,-3.1101343115580464,-3.1562024718547312,-3.1891689527562646,-3.1139270422052925,-3.0966872810535437,-3.099316472680346,-3.11723214468033,-3.173212119980912,-3.1732121098804287
-3.0504055273839294,-3.0058020977553754,-3.1367096608289518,-3.0871119548877486,-3.1162110257655833,-3.1598609415945877,-3.0899883284857497,-3.0756976910771563,-3.0978566405133674,-3.1148692219033887,-3.1684146239714237,-3.168414614062484
-2.9287471445682067,-2.885520305797118,-3.0489093212990506,-2.981098171579967,-2.9091873264036003,-2.994656754878169,-2.8906015222769015,-2.8906387544321617,-3.0089891140576857,-3.0274847772007973,-2.9857455120512624,-2.985745504191171
-3.011531718316838,-2.9281913684004324,-2.9994291346492874,-2.9228950889285783,-2.9784423564748206,-2.984344052084391,-2.9335642201973204,-2.92191985699925,-3.0226761749483,-3.0399935243648817,-3.006579997437245,-3.006579989594658
-2.9705958446833884,-2.9214820135044555,-2.974454831714289,-2.896532734965815,-2.946194695647444,-2.938133201967521,-2.9021010368397127,-2.8891533123780144,-3.0090537803176094,-3.027424475023296,-2.998885915866368,-2.998885907929387
-2.853784468728992,-2.817102243560124,-2.906577881139717,-2.834696089252904,-2.913014512488841,-2.9102385655492733,-2.8838662470186214,-2.856989391098763,-3.0157980283980224,-3.0264132829657098,-2.972689138979643,-2.9726891337659533
-2.8889801614353554,-2.8486552103470206,-2.8717162568498678,-2.805984060671208,-2.941864286000897,-2.892958329452685,-2.895102320796356,-2.8664305139487922,-3.0271108752627773,-3.0367392679526897,-2.9932971882849913,-2.993297183038154
-2.7928198603925063,-2.7591680124278453,-2.8585627368691116,-2.7926014349588484,-2.8231266635671455,-2.8359712664727468,-2.8231502374899238,-2.8169881493687683,-2.984268083216723,-2.990230920997076,-2.962752610574287,-2.962752604711804
-2.7748916379216646,-2.7480831016200007,-2.846862486071017,-2.785482572208851,-2.846297110980968,-2.8425574953029735,-2.842975743265042,-2.8242774307934546,-2.990371329513827,-2.9956846286080725,-2.972296016551537,-2.972296010816806
-2.7878181372362585,-2.7968609948829872,-2.860329647374254,-2.8066790200703586,-2.8924441096828346,-2.8672436702266766,-2.8916572617115848,-2.847085500473619,-3.016670901062085,-3.0585517795391874,-3.0402325800824963,-3.04023257869739
-2.8694239780123096,-2.8049696740920664,-2.899761340896286,-2.85109009042414,-2.9307476975939744,-2.910844236506361,-2.9313290970155004,-2.880853734027194,-3.0325450374643435,-3.0731091979212244,-3.064222624725122,-3.064222623236555
-2.8780189683592754,-2.8400033982990567,-2.928128952533412,-2.889194850702974,-2.956301677818918,-2.9485303504913642,-2.976475915779086,-2.921122877083616,-3.0479056375303917,-3.0873708469684527,-3.086138172133042,-3.086138170662855
-2.9173063176242287,-2.8801192254855126,-2.95227490086227,-2.9247498243871446,-2.969978376720789,-2.9769399954528732,-3.0049903774982485,-2.940388299904541,-3.058242324986254,-3.0968019003481113,-3.0981339355677884,-3.0981339343755714
-3.0257485823107215,-2.9582918256593156,-2.9732782680977587,-2.9578506155616946,-2.973430325089788,-2.997113592865994,-3.014200307343671,-2.9430014511151255,-3.0632154714849538,-3.1014287970002776,-3.105291667700752,-3.1052916665423407
-3.02256728222504,-2.9514502956440616,-3.0103366852654343,-2.9876808268108186,-3.0151699221133956,-3.034483970191701,-3.050787353142846,-2.9903785271568264,-3.121092862146998,-3.147782120697767,-3.17328172817741,-3.17328172798742
-3.0821709786832168,-3.009747237309325,-3.0459111325347052,-3.0519528090303325,-3.084808842622778,-3.0638243400322898,-3.0814734526787326,-3.0279456328565364,-3.1507217901628755,-3.196324957101722,-3.217489408600424,-3.2174894070329048
-3.107620000466881,-3.063223193762319,-3.0655678252112137,-3.0747326839430342,-3.115911037274843,-3.080046640275439,-3.079051496712846,-3.044847566322182,-3.1656716128824582,-3.210047727567779,-3.2208453726274144,-3.2208453717046575
-3.1630394480338526,-3.0997745405395185,-3.056447656206818,-3.0595416400184776,-2.976521396861583,-3.0165936856962414,-2.9769662564728367,-2.9868362577539993,-3.110484947471686,-3.15954979628149,-3.1619862339512013,-3.1619862324599755
-3.0352325842773427,-3.049268416418872,-3.054595926817197,-3.0578755921259564,-3.031268779630552,-3.0558112918397207,-3.0257786771330832,-3.0233443619683924,-3.1269157339418943,-3.1745579619848234,-3.186259452349412,-3.1862594509088877
-3.098213244627625,-3.0747748843214575,-3.046233251380353,-3.0485821461374494,-3.031307975262241,-3.059925871539784,-3.034798713728597,-3.059237019406031,-3.1331747006113813,-3.1796995091622424,-3.1846773485423787,-3.184677347254097
-3.0362317140838395,-3.033475857281376,-3.0697531556213757,-3.0755645248793146,-3.0897377846092913,-3.0972595085507266,-3.095984113061612,-3.1451415812293195,-3.1838788378979026,-3.2009077137333133,-3.2294878634841915,-3.229487862180753
-3.1735853930511944,-3.0859469858120887,-3.089237264656613,-3.1055875869099485,-3.124006668897568,-3.134635045699733,-3.135040652964227,-3.1763664085799674,-3.1972167220125924,-3.2131970849113998,-3.251825464347921,-3.2518254630971324
-3.1497929213901066,-3.105274926086202,-3.1216265654012267,-3.154245002917908,-3.173767389837011,-3.1746458254658174,-3.1639148308321916,-3.1973087352850875,-3.207456826024668,-3.2226406092637614,-3.2706793446389604,-3.2706793434113344
-3.2013591693282275,-3.1074085181934485,-3.1515686197496633,-3.1918386729318806,-3.2103453545297356,-3.202586564981006,-3.1894489380525446,-3.227455274130332,-3.2217218413418687,-3.235529184703021,-3.2877190821996303,-3.2877190812550507
-3.2277290472911675,-3.093481455364779,-3.164173397337218,-3.2196819231881233,-3.2230989259698513,-3.209905746246292,-3.179785835392263,-3.238473074939109,-3.2275560557077325,-3.242032133732349,-3.2906569268215193,-3.2906569260271405
-3.257450386778955,-3.1382116527853463,-3.1977138069616577,-3.26322423091104,-3.2564275108576934,-3.2409381192224416,-3.192143992494119,-3.264498958265067,-3.241142227415945,-3.2549376160568206,-3.309832840860711,-3.3098328401594586
-3.2600242593941604,-3.1357093738154966,-3.2192743589380726,-3.2872024682163183,-3.2674079742594775,-3.258103657161772,-3.19921170369563,-3.287700355828984,-3.25028916782186,-3.2630255630897724,-3.3217271789464027,-3.3217271783337967
-3.272721334086277,-3.1365700673212484,-3.226190053059392,-3.280485567985998,-3.2736363173871936,-3.236108540013012,-3.183559343312174,-3.336334151586575,-3.260376668006913,-3.2712448191929875,-3.30820452525536,-3.308204525732732
-3.2665833987501767,-3.134414043340193,-3.2432744618361715,-3.298872125914035,-3.331229207310545,-3.2717835855883886,-3.213261360274721,-3.343982751377879,-3.2720625434746804,-3.2821318474078742,-3.3287995499318823,-3.3287995504052468
-3.2573502408216024,-3.09891229722602,-3.2425396311075514,-3.30065576921739,-3.315242850986225,-3.273214984721116,-3.1990200704269003,-3.3232065671978903,-3.2657550943201885,-3.2784175150337784,-3.331497350200391,-3.3314973502013183
-3.265090004139901,-3.125456075563957,-3.2410242065683645,-3.3013602800560724,-3.3287721877715826,-3.2915009660644854,-3.2053654379820125,-3.3211003234628036,-3.277894075845227,-3.2900417189681805,-3.353175259870323,-3.3531752598423594
-3.249924450413742,-3.117209269942305,-3.252520311463492,-3.315643802152323,-3.324639843980758,-3.309857740889383,-3.2140767146863327,-3.3306790639492023,-3.287846792664896,-3.2996219016940795,-3.371061562923677,-3.371061562820034
-3.284157853449276,-3.1709540877108493,-3.2677710353615153,-3.3336001693512696,-3.3090008970937967,-3.322447040443614,-3.221378303796825,-3.333916179467919,-3.297478233918661,-3.309598591941956,-3.38160679202669,-3.3816067922474344
-3.2741006110908852,-3.1831517913128877,-3.2960310274535174,-3.361183150278073,-3.322295397503274,-3.3374750652355694,-3.2245549427005495,-3.354802891839151,-3.3108078168251165,-3.3224684226767227,-3.3961633275031975,-3.3961633281560433
-3.343349618526052,-3.223643263757209,-3.3276349799831237,-3.397342646440424,-3.3636724743068434,-3.3734282012143053,-3.2530039991528823,-3.3931021750854695,-3.3222497787012073,-3.3334173001966745,-3.416539244239229,-3.4165392448598952
-3.248741472920143,-3.1389262075420676,-3.335762813407788,-3.402404804408297,-3.2847351909982425,-3.347465190169783,-3.201709329758238,-3.3164364337582466,-3.275004556189743,-3.292772263377544,-3.360615647646589,-3.36061564711909
-3.2437570339342514,-3.1242219947119994,-3.3207527687941956,-3.3856116248659416,-3.2954441315668555,-3.3437105035836905,-3.1856082214620947,-3.2978538169327987,-3.282068748964446,-3.2981658516216545,-3.34797844548949,-3.3479784458252233
-3.312570025407751,-3.1873427262296596,-3.2979206901337497,-3.350693043833318,-3.1918831137001207,-3.2782811708940347,-3.13085677593231,-3.209528329260794,-3.2533172483253026,-3.2722348071518295,-3.324683329539547,-3.324683329330677
-3.2128824374961176,-3.100116162684281,-3.2785784936442353,-3.320674542572321,-3.1819067878266676,-3.2840631280103754,-3.142637342138607,-3.2341791670471682,-3.260911191489461,-3.279382659836341,-2.1041646723352256,-2.1041646370794123
-3.1856750758319006,-3.1185636827075354,-3.228905320443917,-3.249714728012915,-3.0271940785306066,-3.1542180486334574,-3.04109258793055,-3.1591036917848374,-3.1938417368796026,-3.2153634342890616,-3.226239432965663,-3.2262394319408703
-3.138398991172768,-3.1108812857677828,-3.1801944071566686,-3.188606861395099,-3.0252556005738174,-3.1507929676259083,-3.05215273037425,-3.1773329584847647,-3.18452447098855,-3.2073564782476556,-3.2200835580830143,-3.2200835568741555
-3.081790891777711,-3.052146063465265,-3.1679638144132936,-3.1704493724231093,-3.1178538100925395,-3.1884765269273707,-3.1255495628556313,-3.2485625382156793,-3.2005661158892957,-3.2220447051039534,-3.23669285022521,-3.2366928493407836
-3.140285461183457,-3.0757512153740465,-3.1897863657574295,-3.1940503698590557,-3.222670996860268,-3.241154002846692,-3.1995358110751355,-3.3015350410193642,-3.2141618866330353,-3.234631496748362,-3.2551484693253814,-3.255148468582867
-3.129255092217643,-3.0990103970391667,-3.223201979414784,-3.221594526749246,-3.2191975817069656,-3.199510701265753,-3.152274401652953,-3.3165703270365694,-3.185103678092971,-3.2027372448569453,-3.182129146293133,-3.1821291473140647
-3.2118956826538603,-3.1373969993452633,-3.241146549472738,-3.24156334200493,-3.274912248198466,-3.215187904251206,-3.170533692038787,-3.3227270798982733,-3.175842308916491,-3.1950011172803023,-3.17983913431714,-3.1798391350808606
-3.117428170714112,-3.0597696027675476,-3.242476677907649,-3.2398567673761316,-3.2969716117732037,-3.235855935093999,-3.1842890001054895,-3.3458221069939835,-3.183242656131916,-3.201737560160324,-3.1878897906024544,-3.1878897915235282
-3.164895808531001,-3.0723777316846697,-3.2226123011791494,-3.208952636385094,-3.269406351053501,-3.19117241160194,-3.1515329628845423,-3.3595614704280847,-3.186511670531817,-3.2032175584905076,-3.1669381802269534,-3.1669381819213522
-3.1640099465459315,-3.0875061743494383,-3.2106955630653498,-3.1968099206112557,-3.2657711440290047,-3.2059940131639006,-3.155453811324767,-3.368370927533155,-3.1897406738359093,-3.2074270032557477,-3.1761861790672565,-3.176186180593555
-3.171871000001596,-3.100786668075785,-3.2040020283295214,-3.193996632092893,-3.313434504330865,-3.248524543741111,-3.199110507405825,-3.375943324989912,-3.2040420423497467,-3.2204563553450885,-3.200566949443777,-3.200566951015738
-3.140621819130037,-3.068347600739054,-3.21435673958592,-3.2162937164138334,-3.303179766511464,-3.261354318327576,-3.1977483927873056,-3.391526818028571,-3.179108224662996,-3.197609942510908,-3.186607580977537,-3.186607582075592
-3.201619017791537,-3.120028235341097,-3.2184552292764876,-3.2253460279244406,-3.334529821139,-3.270325846090923,-3.216960265430598,-3.395179132619851,-3.1936288145350047,-3.2109265882180074,-3.1951154160967703,-3.1951154176473113
-3.22352047011042,-3.1446079036925814,-3.2097195368835294,-3.224895833097785,-3.33376745739164,-3.2778260624053166,-3.2254728339536083,-3.3578767890472667,-3.2012913683745667,-3.218940448368489,-3.2115362442288466,-3.2115362456055414
-3.201458238088045,-3.137715498640043,-3.2188075511742595,-3.2399548487354166,-3.325433300612756,-3.299817429071501,-3.2389621700666753,-3.3504041427462856,-3.2110986088347095,-3.229342400447008,-3.229923088798203,-3.229923090113088
-3.2504372131596404,-3.1819011968664634,-3.2342502532253556,-3.261958796532589,-3.3366898559242975,-3.326476465908549,-3.259034321458173,-3.360715101250186,-3.22679507746125,-3.244128488429827,-3.25374878221222,-3.2537487835546934
-3.2755037850262383,-3.1855139138829895,-3.249362263090169,-3.282954114226129,-3.327824667399019,-3.343867464000601,-3.2740334912895714,-3.368489139719009,-3.2408987839471575,-3.2575843471159907,-3.276616152273741,-3.276616153549683
-3.308024072471018,-3.2265091425140575,-3.2670033229968336,-3.307245637967377,-3.3047983470482327,-3.3395188492809407,-3.253919569249558,-3.3612490587451167,-3.236689273592503,-3.25332943304514,-3.268813672495429,-3.2688136739277693
-3.347192378933279,-3.2514312725591896,-3.2883493152294667,-3.327277150211721,-3.3368209704323055,-3.3626823789807068,-3.2731592209332994,-3.3864886239177037,-3.2521534890333688,-3.2680195660318327,-3.2895387348423935,-3.289538736442926
-3.345066136410932,-3.2793102069043347,-3.29412966195577,-3.3360748454427904,-3.3327951985119113,-3.3587005601671427,-3.2675478831821065,-3.3673889660586744,-3.261055252207968,-3.276600875249505,-3.2980157545573543,-3.2980157562256363
-3.280660995888036,-3.2216542202252723,-3.248173420811211,-3.276321022645172,-3.1515475447148225,-3.2267024029748574,-3.1276851924511226,-3.2074595847303367,-3.1738399893392457,-3.1969602653578066,-3.191983829807471,-3.1919838304277652
-3.1695747509280547,-3.1236796442390653,-3.2364664588872523,-3.2541109674311013,-3.186535116894405,-3.2266444776173673,-3.1553386048018472,-3.2172722336272175,-3.185080156859549,-3.2073145018136935,-3.207376998753424,-3.207376999325077
-3.1775709977638593,-3.0895065651420133,-3.2344897527788943,-3.2347692501226817,-3.2234243059770846,-3.2055850883020325,-3.1705164315213685,-3.232270215715853,-3.1974494086883842,-3.2178449102615216,-3.205462323098473,-3.205462324423947
-3.1963639580554135,-3.1045277224144514,-3.2203416496737924,-3.2039688404363265,-3.207408743556725,-3.169571418496546,-3.162886777215213,-3.2469169139237004,-3.1966708119127087,-3.215818246621632,-3.1979678748798435,-3.1979678764224904
-3.195178612909943,-3.094699980604059,-3.2219332573132116,-3.2054108775483474,-3.2430003948684254,-3.2017538837173847,-3.203411135508413,-3.267186361467391,-3.2092455686025945,-3.2282321402761793,-3.2205664123577487,-3.220566413808688
-3.1941663834542835,-3.106994245499159,-3.2228005345278916,-3.2143981616336124,-3.265980014136577,-3.226340256845329,-3.229252734724653,-3.2735265052094475,-3.2235023572491057,-3.2417026127941266,-3.2396186164971104,-3.23961861806951
-3.212723340556566,-3.126329518898353,-3.233594428928156,-3.233938713379144,-3.2999076942712606,-3.2587019310504184,-3.2539098798793495,-3.3132039641527324,-3.2368818951495273,-3.2547852933909307,-3.2616557824756276,-3.261655783917093
-3.185555363969416,-3.126042444635791,-3.2312656519215164,-3.226810176798196,-3.245847299167541,-3.2096810018179136,-3.2062328644795457,-3.272631424682095,-3.2297605141545365,-3.247084921376552,-3.2488955561017114,-3.2488955578374865
-3.208669632278108,-3.12143383548256,-3.2295933920116746,-3.2272390748835296,-3.280386602848038,-3.2388395696010863,-3.239870749175602,-3.282787152439072,-3.245387271808716,-3.2621757322336693,-3.2732996426103567,-3.27329964427999
-3.261709883681651,-3.136921114597285,-3.2327396220739777,-3.235677537607884,-3.2866901806148134,-3.2577071214045863,-3.2490049980953994,-3.292025197203905,-3.254003787032965,-3.2711296047560143,-3.288071048170959,-3.288071049775003
-3.3213154533891935,-3.182760768700816,-3.2316881434495706,-3.2312401327618137,-3.2633105352695795,-3.242867181446284,-3.238921799820441,-3.3090355116364374,-3.259097733131743,-3.2749886585426893,-3.2874770420069996,-3.287477043795109
-3.2956326456151803,-3.1698966093465533,-3.238969366920678,-3.2444461886054836,-3.2843095881845064,-3.250177821162047,-3.240321421557926,-3.3080547529132365,-3.2731823331868757,-3.288972584106377,-3.295570814384347,-3.295570816327349
-3.316332840291849,-3.1768044042135437,-3.237169119148861,-3.2527757606055188,-3.2805021177028553,-3.25092694496221,-3.228532192744331,-3.3010605281463135,-3.286398334189581,-3.3017295279013137,-3.3111770839854398,-3.311177085929896
-3.2012250470820107,-3.1265027970547887,-3.2397777515395214,-3.2585679528273186,-3.2538920481948566,-3.233478167610963,-3.20369340818205,-3.2728972401939895,-3.294954939598342,-3.3122813685481662,-3.306565782697109,-3.3065657856744513
-3.2443548284550396,-3.152112511161991,-3.2455965265372972,-3.27025119706069,-3.2712759274330567,-3.2485016849210684,-3.2231867756070627,-3.300100679316405,-3.3045535812240043,-3.322031999475038,-3.327955266957039,-3.32795526961062
-3.289575917664742,-3.2130876439251685,-3.2446779353738373,-3.2739072566486023,-3.2246746153824466,-3.2366160872626386,-3.215638021570071,-3.2698528545765106,-3.29753468106337,-3.3161921149858213,-3.320866841033996,-3.3208668437828313
-3.18387857173426,-3.113178255682289,-3.2031198798433715,-3.2475932206764027,-3.183622932779391,-3.2049739840160716,-3.1814744714909335,-3.234822197437035,-3.3135350869497966,-3.331405266022756,-3.3306343546656523,-3.3306343570075816
-3.255854965662364,-3.2061647657537353,-3.205613309310772,-3.2527678454185835,-3.1538719135938496,-3.191191406538819,-3.143777439153762,-3.237431368755035,-3.3184349199360144,-3.3386793430906128,-3.3457092776196173,-3.34570927947698
-3.1886864616791883,-3.198002423150821,-3.202297110121168,-3.2382498912233535,-3.1585836427506284,-3.190753535452808,-3.140661220652083,-3.249953769473568,-3.3270792565376035,-3.3457387032864068,-3.3486697137418595,-3.3486697156594425
-3.28243373175294,-3.2020510559541395,-3.2000089683316446,-3.229971861401268,-3.1632867693375677,-3.205930922254809,-3.157346215181242,-3.2638184522950064,-3.332311272929762,-3.3511541330081847,-3.3627933066752336,-3.3627933084227712
-3.230932262392325,-3.222174870521341,-3.1958578725957008,-3.2220770109523986,-3.1533650164069624,-3.20839552001323,-3.16122268800653,-3.255756133943817,-3.3331758925512043,-3.3516405620400533,-3.374631849600048,-3.3746318512095517
7.632506740875499,2.416269854164549,2.3463457219263706,3.1142242142994476,3.8991055688376335,3.674561658503837,4.521179216837806,11.817265746814055,11.822818854995516,13.07639382499628,15.229473196122733,15.229473472378931
18.354116320995068,25.116700348702135,30.26606605229117,31.364709712689404,14.590928966628063,24.249503824466814,15.736451471916055,20.537523743586185,37.914850346162254,41.4498518120748,42.482298551033686,42.48229860504952
-2.8848099577267377,-3.042853270310549,-2.938476172110278,-2.936471676091865,-2.5944609535949805,-2.818290270883666,-2.6534973591955664,-2.7424465070171573,-2.951871143703066,-3.0274070612682085,-3.0244729785990287,-3.0244729772406576
-2.655750211034977,-2.8024185756071196,-2.8024791772533106,-2.802547518002547,-2.6212305895675225,-2.8257494690118334,-2.664995058279607,-2.7676270034716715,-2.95296137260143,-2.932000044713601,-3.0367052122841103,-3.036705210109152
-2.5848884043726406,-2.7127474485550787,-2.740588769614808,-2.734008577874802,-2.6745972594686913,-2.840819256021438,-2.6789601947629924,-2.7987287995666725,-2.9421364618815486,-2.9299555638742594,-3.023227141858618,-3.02322713993553
-2.5547075656662437,-2.675065889127202,-2.729929418510478,-2.7218102096791497,-2.7286028838511447,-2.853937169160593,-2.6980796373788896,-2.8126580447617933,-2.942911847158752,-2.936433273332651,-3.014024680829457,-3.0140246790526652
-2.584549290895121,-2.707029465346748,-2.7273268878953476,-2.7140645917663875,-2.795579766477435,-2.8729467530907997,-2.751611794405728,-2.8701222667141684,-2.938090131107547,-2.9403856753258095,-3.025183292825916,-3.025183290467833
-2.6196962006098237,-2.74350348524141,-2.7364835488508295,-2.716444288425702,-2.871897237954635,-2.9120994903869923,-2.821018230044441,-2.932099304526063,-2.9606126267969715,-2.963970183616377,-3.0455661834558674,-3.045566181484496
-2.637782537088844,-2.736094258527141,-2.7684613004996024,-2.7426207498354094,-2.9654495460725245,-2.9503744736778708,-2.8785503487826225,-2.976531966453787,-2.979874219388191,-2.985488025845489,-3.0503399031984575,-3.0503399019577224
-2.730555349104075,-2.799665024064861,-2.788747684652001,-2.753046530590375,-2.973592966189115,-2.9572731507414325,-2.924145648510216,-3.0069569951846598,-2.9973705694457458,-3.0042036388518922,-3.0574458974776606,-3.0574458963157256
-2.7595516161223723,-2.848651530949974,-2.8101523133925017,-2.770798228582591,-2.9603538916833614,-2.978510226947033,-2.9629065404167867,-3.0297465356187443,-3.010768617468044,-3.020256595549008,-3.076703664720714,-3.0767036635332037
-2.743716333419178,-2.8225818010364843,-2.840231598975256,-2.8023724240209944,-2.9125832102007405,-2.966958863468504,-2.9627631108393397,-3.0302671465512523,-2.9633337670330415,-2.9855590888045755,-3.040311356070852,-3.040311354302141
-2.7755340870895315,-2.8443220582630406,-2.871104844838649,-2.8293752409502524,-2.969800958948289,-2.995676347334673,-3.0291660097404574,-3.059120434858018,-2.9818534712219167,-3.004035751519736,-3.0614923787065575,-3.0614923772303904
-2.794586976405583,-2.878815086390207,-2.8966240216394206,-2.8526455897047605,-2.986280751470979,-3.0092679958970687,-3.076964383223076,-3.080300140392465,-2.998730168550491,-3.021542546143621,-3.073270310314368,-3.073270309041309
-2.847262519488115,-2.906891287220352,-2.9199321774313174,-2.8779192035620444,-2.990734251393179,-3.0268796030572798,-3.1054348760542387,-3.0846732359379736,-3.0126506041013017,-3.036404690201106,-3.0932746085629743,-3.093274607457004
-2.9046753089161657,-2.9416525865835568,-2.9378413822604554,-2.89871749115924,-2.9625063536039042,-3.033592940008298,-3.1125422685618265,-3.080578198006591,-3.019768811686726,-3.0454450279783756,-3.0994895674478027,-3.0994895664360547
-2.896974607421155,-2.952310095245666,-2.9768502579348946,-2.9470235911416554,-2.976432747061347,-3.0385940990675393,-3.1115726519593605,-3.0732960014017925,-3.026878114309963,-3.052922993459713,-3.0955330857310335,-3.09553308515417
-2.9808816527033897,-3.001609959869183,-3.0149656836837404,-2.9898500500140583,-3.0435387722513756,-3.050433487710394,-3.143081351871867,-3.0950862695675334,-3.0459990495586364,-3.072576863017116,-3.1059507490545264,-3.1059507490630045
-2.9497448777166206,-2.96455075526637,-3.0562593942272196,-3.0418796835962243,-3.0957094267059913,-3.068244634912495,-3.163051531950004,-3.104362232629323,-3.056699194500329,-3.0846105148747847,-3.115490848828359,-3.1154908490191726
-3.027435835321096,-3.0556428992807456,-3.0821125877583735,-3.077195373394144,-3.1223800151514745,-3.0863248613609158,-3.186026942190617,-3.1389474348137583,-3.0756256920766423,-3.1034961534107817,-3.136670708704039,-3.136670709164556
-3.086365138995702,-3.121550438866702,-3.1047943136273157,-3.1099222191082676,-3.1180576966432616,-3.1044229884084347,-3.19354140196895,-3.144409074413082,-3.092378227710908,-3.1207966817467465,-3.1632580701095554,-3.1632580706136886
-3.085226910228477,-3.0865571119974344,-3.134125671479307,-3.1463845459648474,-3.1111460540503466,-3.1197266505131096,-3.188325784350385,-3.1492855500118475,-3.100286555635262,-3.130641787322322,-3.1802328119574197,-3.1802328123011243
-3.1141816504822937,-3.1541636029851325,-3.154698541167698,-3.169585843344326,-3.111441467453481,-3.1208281801927695,-3.1902589296601,-3.1698204793070754,-3.1196263653079632,-3.149568887637945,-3.1861940913008673,-3.1861940922901164
-3.040072827417725,-3.077462428539452,-3.0983684187518916,-3.1187696765291983,-2.871746609107979,-3.0138259645333494,-3.0126723139330474,-3.007544953022907,-3.039503165269834,-3.0763559915860603,-3.126935268495885,-3.1269352678840425
-2.900241066575039,-3.0242901879312356,-3.0370694693592304,-3.0500357512470075,-2.8255151324534737,-3.003900951421187,-2.97464378005949,-2.9831189299002627,-3.0345713572403996,-3.0737955164067103,-3.1234481908388663,-3.1234481902751785
-2.925783177702172,-3.0211912136197503,-2.9979150080397043,-3.004765889197116,-2.852290251668319,-3.038657176189067,-3.0002633073133547,-3.002825038505092,-3.053104715511098,-3.0919351543759044,-3.1494224909236572,-3.1494224905517028
-2.9044920442322666,-3.0444998266984835,-2.954054559583778,-2.962899331083009,-2.8207802222449327,-3.039894514255665,-2.9732968986923645,-3.0009719873665865,-3.0472721763789368,-3.075457829781088,-3.156205865029378,-3.1562058640837884
-2.8646957830019883,-3.009415182463148,-2.9434783462193086,-2.950763170247418,-2.8596871042818437,-3.07916219670162,-3.0066698507828296,-3.046031712389743,-3.0656525301434088,-3.0949615926480734,-3.1801598772141286,-3.1801598763584744
-2.8827175925379005,-3.023792404086741,-2.939335938235609,-2.9418717707220203,-2.8285559122357,-3.0570928015093717,-2.988877963815802,-3.0268829184025705,-3.0585941305097024,-3.0909600164529047,-3.1576259429787457,-3.157625942297189
-2.9728093518502914,-3.100500394970701,-2.971002045152829,-2.9761936938692157,-2.8981652996018914,-3.096379396237557,-3.0577639104481853,-3.0823391180351907,-3.0684357522038654,-3.102663652893883,-3.17584546926131,-3.1758454685604836
-2.9344146118618792,-3.027900319296601,-3.01099532898064,-3.020354534906618,-2.945157182265215,-3.119544954420266,-3.0972191319934934,-3.119239322357465,-3.0656495341069503,-3.1045324320971615,-3.1836805888537696,-3.183680587718319
-3.0356788207332923,-3.083638603509345,-3.0399547688833732,-3.0485845426642313,-3.0107639197904317,-3.1555334209059067,-3.1542981398086067,-3.1668043113799955,-3.088219694474348,-3.1262976769557085,-3.2116366585813196,-3.211636657727558
-3.083170741330236,-3.124119212788981,-3.080170336079569,-3.0895317780715303,-3.087730014070675,-3.2023472664400963,-3.2031383052280806,-3.210864948827786,-3.110663350328708,-3.148240398154569,-3.233185079825331,-3.233185079441118
-3.1733963459843104,-3.1735960713228124,-3.1342242012820725,-3.14597153416433,-3.14699412698073,-3.2511229803056736,-3.240740352890565,-3.2433345207122115,-3.127912932459595,-3.1652856216344754,-3.256779433203522,-3.2567794329720208
-3.200090383109555,-3.191161534049588,-3.1847030291946625,-3.2014874345955056,-3.1803444019419813,-3.2851947227154623,-3.251989849350127,-3.2544454843162463,-3.1464707221186776,-3.1837178726018776,-3.276601166469539,-3.2766011664925276
-3.1997520498624348,-3.2027047044453814,-3.2191877145268837,-3.2352359009419542,-3.1609554783846043,-3.2805986070253597,-3.2250788694949364,-3.300625530096691,-3.1200184030100555,-3.1643078436129954,-3.25900392053937,-3.259003919455753
-3.199523418381791,-3.192082936106474,-3.2351934226957977,-3.249367937489242,-3.2031844748187757,-3.3135742653119395,-3.2410208757132573,-3.304140645008978,-3.1422934877466986,-3.185835460505987,-3.2891321534244726,-3.289132152535422
-3.170154901814095,-3.1649200031831466,-3.2540318250925457,-3.2658884866189286,-3.2303941811692303,-3.33326964552639,-3.2604159338148793,-3.3079621453009476,-3.163569074832376,-3.2065606293210798,-3.3086623803773962,-3.3086623799020893
-3.2268377615797483,-3.21139411992409,-3.282776430735881,-3.29206583465548,-3.250650340592614,-3.349404352784549,-3.267302941063776,-3.3141082681547536,-3.1802497320061893,-3.223792914276155,-3.3304319103078788,-3.330431909971251
-3.2227737282293862,-3.2010024311280287,-3.2980587294616273,-3.309168518812853,-3.251067938761469,-3.3439842135833997,-3.2636033745037687,-3.3053265383476313,-3.2014834750813526,-3.2444691882255525,-3.3358508434908676,-3.335850844196359
-3.2309023520606517,-3.2155048302349933,-3.3119968793977814,-3.3223169114095272,-3.2504665556228147,-3.3299439022410873,-3.2664013540898305,-3.308227499571184,-3.220375395440532,-3.262944085988841,-3.3466425735058865,-3.3466425747613417
-3.2262845819524126,-3.188727899593659,-3.3362116753296402,-3.3483884289433172,-3.2392273367386326,-3.3364452244147422,-3.2595307346992857,-3.323973144136456,-3.2341995318520116,-3.2774807695362402,-3.3607847172644356,-3.3607847185533446
-3.2899949354816296,-3.2502819573321227,-3.3650857140735,-3.3784018690163196,-3.267107424139532,-3.3717641654175687,-3.282900785179533,-3.3533891276284704,-3.240429225546501,-3.284433723131236,-3.367333567064579,-3.367333568442871
-3.2989084883539723,-3.2583054628659127,-3.381504394953388,-3.3884226840037965,-3.276877139130647,-3.35273817965694,-3.267380569724672,-3.360866872245384,-3.2559480162193264,-3.299486357897701,-3.3616403681969973,-3.3616403706661355
-3.287518835241318,-3.2601892696668453,-3.396541830123076,-3.4007504945849654,-3.3226361277213217,-3.3835441896518135,-3.2898394550891,-3.374207519160536,-3.268456024540451,-3.3118877115469902,-3.37764117566276,-3.3776411782653657
-3.193664491243885,-3.2201527708001407,-3.4120408554304653,-3.407824177606716,-3.2582822740159734,-3.323968551179147,-3.2270342816791464,-3.2478453204223285,-3.2092614818538534,-3.260677563736979,-3.2972148477219694,-3.2972148493553437
-3.1783787843219784,-3.280970053415434,-3.3539042941980233,-3.3316841908253245,-3.1838968876278515,-3.2421333123415956,-3.1384891819981644,-3.2059168629462933,-3.1407768434931276,-3.197862923822305,-3.2083046805019375,-3.20830468187372
-3.089893485687497,-3.153379762795563,-3.3248984803045514,-3.294209328021889,-3.247909443092897,-3.2326576882988154,-3.137990118053454,-3.185401384887664,-3.1418260827865025,-3.198886354669913,-3.196993733833969,-3.196993735255103
-3.082572149247082,-3.1369882681705348,-3.3117720597857927,-3.2736201368775117,-3.2379790780661324,-3.1922209109093065,-3.1401294897420837,-3.18645783218084,-3.1523508186122644,-3.2096662889201886,-3.1885747627063266,-3.1885747645952955
-3.097098995989017,-3.1458329620405636,-3.3084672944397036,-3.2670085000230564,-3.2643967271085628,-3.1913847878867156,-3.1660627640231644,-3.220609040721361,-3.166856015655788,-3.2233163635728443,-3.2128098437609047,-3.212809845670189
-3.0441665227679033,-3.1199096333708947,-3.3131412630006434,-3.2703567750194527,-3.2564614078428353,-3.185787150231963,-3.1713748667017883,-3.211279978804355,-3.1632496002161545,-3.2210103006215873,-3.213335663407963,-3.2133356651632585
-3.0855878455456756,-3.1411721260714858,-3.3115801904935522,-3.2659710037249035,-3.290479877279983,-3.207947134644252,-3.190064906341555,-3.2493280896995183,-3.18305617651103,-3.239440440496595,-3.242051563090376,-3.242051564974166
-3.1348981058293672,-3.179876486865009,-3.3089951722737623,-3.265601890962764,-3.2961373477754785,-3.2179170758841513,-3.217183545856835,-3.275257499737343,-3.202504154451176,-3.2576901043134208,-3.260468064227126,-3.2604680664072667
-3.1977179753711504,-3.227874516508494,-3.2889168362672727,-3.252852533673603,-3.0967307110677877,-3.1395808577940993,-3.133230806387989,-3.16129701197689,-3.151799827528326,-3.2113847698124722,-3.217771731285219,-3.2177717328487097
-3.2053573327097893,-3.2420006110116835,-3.289371524423345,-3.2545829699778626,-3.127132940509402,-3.1658838090334456,-3.1845077115778433,-3.1903724045200867,-3.1725241376282183,-3.230689263776424,-3.2475524193204355,-3.2475524209835642
-3.1508818847222178,-3.1910327401614795,-3.2661039478285554,-3.231452401088653,-3.103256286883983,-3.157150845301033,-3.172218872313443,-3.1763667073760846,-3.165345471012758,-3.224737179742995,-3.2359292850047914,-3.235929286568517
-3.096729492642564,-3.1132355791755093,-3.258290212775935,-3.2240354773503226,-3.1235345424919636,-3.160662782763549,-3.184236759069463,-3.2071652687077523,-3.1805524225909902,-3.2384965564845567,-3.2553401228861887,-3.2553401245947615
-3.0428580097231395,-3.077646638088855,-3.2207386269498732,-3.181937590700836,-3.0487047659520465,-3.104000179153641,-3.099919581401893,-3.1469078058322344,-3.1385540144000066,-3.199657411548977,-3.198481631691765,-3.198481633036964
-3.060911979490018,-3.0957454350654774,-3.21543479831645,-3.1761578794432497,-3.079828388500539,-3.101057635965267,-3.113433261854118,-3.1471329455301547,-3.1460488735281675,-3.2071912548669355,-3.21427422546447,-3.2142742266853324
-3.062684657244777,-3.0912247303739377,-3.2203848457301985,-3.1907686600324174,-3.1037454836077147,-3.1072939132710857,-3.1258662739747782,-3.146913810304302,-3.163678623260428,-3.224025647511981,-3.2306601249543023,-3.230660126597053
-3.0873447429937255,-3.1169807278333415,-3.2292485013658023,-3.2030974117870583,-3.103137923209834,-3.107831964158553,-3.1315037936899692,-3.1502764944671515,-3.176932045951797,-3.2357072759259093,-3.2493836092761086,-3.24938361106497
-3.0646029426043837,-3.107979281691592,-3.2453417795998187,-3.2217869966822796,-3.11610418665848,-3.1229763738136187,-3.138797023223281,-3.184810169766622,-3.225142095916531,-3.2389676626690025,-3.2684907763012947,-3.2684907779836285
-3.098870047975748,-3.0969388155449686,-3.224738920187164,-3.2065422455159487,-3.1439298886207525,-3.0984177888439692,-3.1531702047380317,-3.1841511066716874,-3.2367647070651158,-3.250079276108631,-3.229881599342228,-3.2298816030379154
-3.0945526244614165,-3.124741563151361,-3.2293261873509844,-3.2109128084243554,-3.181858573775013,-3.108351320995464,-3.2023354921738694,-3.2389613149166907,-3.256038132315262,-3.268026633588185,-3.261863538354012,-3.261863542011246
-3.1293047014380635,-3.1669700954645776,-3.2521180733093344,-3.231736294160994,-3.2134669747734694,-3.1250085150976776,-3.229312505518872,-3.2500400725508927,-3.2730716046220008,-3.2841862059265106,-3.2855110161501253,-3.2855110198725623
-3.1638733293187453,-3.1749349998256124,-3.273779928142218,-3.261318884366652,-3.224189921093378,-3.1400504730189285,-3.220389491057528,-3.2721028737068445,-3.2886487071751573,-3.2999798318153766,-3.302670273395295,-3.3026702771888523
-3.166913244409651,-3.209722271963476,-3.263679010677402,-3.2499555966638423,-3.1884739231066095,-3.1401373881058543,-3.199842149870552,-3.269273186728341,-3.2753773359328364,-3.2879506035755557,-3.2913110324261843,-3.291311035982677
-3.135013418740904,-3.1901862520821886,-3.279008370847832,-3.263562874353544,-3.2211414368556186,-3.1569788874757645,-3.1976821104788167,-3.277476853242117,-3.293247594549312,-3.3046733095306156,-3.2962874876290424,-3.2962874918769067
-3.224512904886866,-3.246857054688111,-3.291236855668745,-3.276106797750918,-3.2827393261464937,-3.2144252638419246,-3.2521059940295216,-3.3084177375312023,-3.3097002073709443,-3.320573843787156,-3.3196862155493605,-3.3196862197929713
-3.0529835009342237,-3.1355403463350666,-3.281571781193068,-3.2579316868995876,-3.2061129676119657,-3.1640920423385244,-3.1583947279963214,-3.3427103396661044,-3.227769609148201,-3.2412471309138455,-3.2210880685810137,-3.221088072950886
-3.1486130691603957,-3.205396273778762,-3.25892390031921,-3.226860170928572,-3.2575804211384005,-3.1667675524930345,-3.158595569161693,-3.3458151515951684,-3.243094603496729,-3.2554462504735557,-3.2178327778629097,-3.2178327827477387
-3.1367586520578667,-3.1929403086426005,-3.2299944986350138,-3.196727599782063,-3.231393252337393,-3.1762398130328147,-3.1630771523877943,-3.3118437360838198,-3.2446518440184433,-3.2583456448709334,-3.2244059616357257,-3.224405966301984
-3.070198983039293,-3.151517277884895,-3.2129851880058005,-3.1821084449177555,-3.1892273215299185,-3.1764471712642814,-3.142988862061235,-3.2764768593546787,-3.244709635622036,-3.262444555968117,-3.230909156886096,-3.230909161376235
-3.0201113844518415,-3.1056131997046115,-3.175561386566409,-3.1527837091918576,-3.1413162096056135,-3.1526871844183573,-3.0935118663926295,-3.21263892464169,-3.2194594289547593,-3.23745954127121,-3.1823574645421946,-3.1823574690300958
-3.0852779875169385,-3.1600166053184258,-3.1736418398583406,-3.159802500690209,-3.2052943547694084,-3.1973932457019876,-3.129497242610565,-3.2092466004391906,-3.2372094092333237,-3.25410034441545,-3.2102813113913635,-3.210281315818937
-3.138429829877613,-3.185417801217677,-3.17874509203044,-3.1742438886890927,-3.2125896655974886,-3.2328075172221817,-3.134619458657708,-3.1966829191423183,-3.2486081137206493,-3.265544750082906,-3.2313078543337967,-3.231307858600326
-3.1412534369330753,-3.1716379133105876,-3.1662876865125686,-3.177925697895131,-3.1882866876950255,-3.249115105907082,-3.131297572376759,-3.1802880708743695,-3.253703548145686,-3.271682644373941,-3.243253086375052,-3.2432530906373356
-3.1973289711078965,-3.2349596432478758,-3.1733289745526747,-3.1848366901569403,-3.2020779983164784,-3.2577589959820044,-3.140014471044153,-3.1737534156264884,-3.2597331107005774,-3.27956118718308,-3.25335359841009,-3.253353602794392
-3.2092468126050475,-3.1705930545472807,-3.1753497594205093,-3.1856748010748195,-3.214985248698074,-3.27322070254733,-3.1577888055986705,-3.1828397085705156,-3.2785485374343706,-3.297017714816452,-3.276814330906424,-3.2768143353316344
-3.2418868248906634,-3.198487333172593,-3.1738002556628837,-3.1864052837476176,-3.215530064236943,-3.287152044181617,-3.1755233976114843,-3.1926875530456105,-3.2956837914056702,-3.313419091166773,-3.300425269368626,-3.3004252737346
-3.238628524416532,-3.1874734884961975,-3.1816935244187556,-3.194538481985764,-3.1966123932345254,-3.2905675300708137,-3.181965236988113,-3.1977422532814423,-3.2925510024985893,-3.3121377939831835,-3.3114159046914686,-3.3114159085620196
25.157474150491748,17.989073024956753,21.408689437623536,22.267838295854574,23.32528374440828,32.52207577153723,22.013916294459648,23.29411296493312,32.95446958567194,34.93885258681796,35.3910607220172,35.39106114365165
-2.985708722932271,-2.986207696623389,-3.0867689701377876,-3.0725235542206666,-2.772153427541864,-2.996982323733352,-2.843277883717372,-2.9926580668325746,-3.1088778892836837,-3.137588339738477,-3.1460287758588708,-3.1460287765859727
-2.9695478179626065,-3.002391552401595,-3.042939966855311,-3.0207964020032363,-2.857724996305805,-3.068871183956877,-2.9249305083096244,-3.030012679864544,-3.1202921421867265,-3.146748230144943,-3.1663507076983626,-3.166350708435323
-2.914028301026831,-3.0012380795164293,-3.018449649069939,-2.989908733864403,-2.896002225323648,-3.1018723335348266,-2.9613698514148266,-3.043380881802129,-3.1262802693811933,-3.150093420318908,-3.175961168617261,-3.1759611694770444
-2.8847556029442387,-2.94917068383248,-3.006663205000929,-2.9721034289841937,-2.920563510639144,-3.1208994738895885,-2.992897554151255,-3.058638198789141,-3.1328344805262054,-3.1538986469701245,-3.179746489149307,-3.1797464901637618
-3.012798463188071,-3.064584977217267,-3.022479897149328,-2.990791732381192,-2.982191739906755,-3.177880675574994,-3.0501221407480035,-3.1009130424313067,-3.1494692308074237,-3.168174885806634,-3.20566113925143,-3.2056611403127304
-2.994068603767521,-3.0276888646945195,-3.0624931072420574,-3.0383354072336326,-3.015099332314106,-3.2044388578906675,-3.088677965529672,-3.1216952672368996,-3.149671568366311,-3.167702403670094,-3.210815381935674,-3.2108153829028345
-2.9778143098565346,-3.061027696755389,-3.0823482344791326,-3.061518649722342,-3.0278211410343205,-3.209156397752741,-3.120051456907064,-3.142202111859963,-3.156819657118987,-3.172779543215445,-3.217356843415092,-3.2173568444424503
-3.107927388777594,-3.1125710767842465,-3.1052069469021717,-3.093423423298944,-3.0639043303468996,-3.24594659961633,-3.1576155152735987,-3.1732094101592607,-3.1730117288765767,-3.1870968366549848,-3.244102865282162,-3.2441028663147646
-3.101251019985983,-3.1060633503556967,-3.1284470679091294,-3.1239794081993035,-3.074902591801335,-3.263307162626294,-3.1801246569402326,-3.194826126638537,-3.1835924053273716,-3.195807272234357,-3.25944291434117,-3.25944291541919
-3.225894839939799,-3.1127350901390773,-3.1523818646176167,-3.159287831231595,-3.068039121523378,-3.2518455579142227,-3.162749982399844,-3.1749589754868732,-3.184052604422945,-3.196046551126194,-3.2592108842761256,-3.2592108851634096
-3.17361472038675,-3.0918275753408624,-3.170280247950892,-3.1866502771583267,-3.087648013076727,-3.2497984155480917,-3.165628771528323,-3.1807751455214683,-3.1973933148564164,-3.208131758801975,-3.280852483838178,-3.2808524846833844
-3.191575483659342,-3.0636055008510628,-3.183441157148396,-3.200411456487483,-3.059329382426937,-3.2212266138470866,-3.132808936994952,-3.160700828936122,-3.1644946607310755,-3.1795483986921225,-3.259288411457859,-3.2592884114105836
-3.130862065495032,-3.0743932418562503,-3.202522876747933,-3.219970077623934,-3.0963232063139983,-3.2389777094151384,-3.141540162622774,-3.1934773857871974,-3.1811615200607495,-3.193519101912607,-3.2719740311291754,-3.271974031689055
-3.1920346227199605,-3.1225396354490567,-3.236385881956046,-3.2563643273650786,-3.113262696955555,-3.2387992727686656,-3.1300726477633196,-3.1980012799064332,-3.1698378011813815,-3.1804369591290245,-3.2535765512584574,-3.253576551951635
-3.222428637123352,-3.158968064855898,-3.2583231260509393,-3.2800098446663344,-3.161723939104432,-3.2650602779456994,-3.1609512372156834,-3.2292405320059516,-3.1872710108371565,-3.1960901497010767,-3.2787080552461814,-3.2787080560326505
-3.293443875116484,-3.1857754806318996,-3.278473083101259,-3.300189389909772,-3.1825403182242296,-3.2924393078658807,-3.184857535095021,-3.2491491655569864,-3.1996506766980533,-3.2073707350910845,-3.3005531842034728,-3.3005531849761596
-3.194444939049282,-3.1000050808514756,-3.206369197021565,-3.2430863746726537,-3.098635967962893,-3.2164566576731275,-3.0980307256725674,-3.156104807818815,-3.209429649524278,-3.2143104768309367,-3.2544572085764956,-3.2544572116327046
-3.177848994585172,-3.078834023794793,-3.1840391815967437,-3.220848393972047,-3.085779255300196,-3.1817245851946945,-3.0673416499890784,-3.1448498448586504,-3.2184204672980696,-3.2207421267495793,-3.2521195004889547,-3.2521195041686646
-3.19127111554233,-3.0930360605646188,-3.1684560977263363,-3.1969527303450422,-3.0929953669460257,-3.159508317677272,-3.062529281013563,-3.147274911200438,-3.232709744988512,-3.232991472724881,-3.266232425067603,-3.2662324289747358
-3.152955102582075,-3.062352650225106,-3.152536263631399,-3.1802082522709565,-3.0819436159718636,-3.1428522495508693,-3.0545914938122305,-3.1438425507686443,-3.2228571305230616,-3.2233120489024722,-3.25844218078193,-3.258442184706579
-3.1812387178631427,-3.0793099249432596,-3.157506149856693,-3.185885736668196,-3.1319679814524566,-3.168263783715098,-3.0985247156434377,-3.1685031657484775,-3.2321579795252537,-3.2325443018218234,-3.278564659399998,-3.278564663331493
-3.19541965025686,-3.080588180736509,-3.1632936526178286,-3.1945316918367213,-3.1513281966084277,-3.1913524030078593,-3.1249908054478386,-3.1716009148724824,-3.246777878948999,-3.2458439374822574,-3.302342823926995,-3.3023428277919296
-3.1935830366737505,-3.0843758364359943,-3.1794794590317945,-3.218316182105473,-3.1605340425115167,-3.2080459229660585,-3.125495507040627,-3.169789675342918,-3.2592531930802755,-3.2567442526117203,-3.3115639083341564,-3.311563912311238
-3.1629819973640845,-3.04731568980387,-3.1881866793618507,-3.2224879967430846,-3.065823113157184,-3.1638441199538514,-3.0685163633728254,-3.125002151397506,-3.239098794103972,-3.2397658029594005,-3.295421661512945,-3.2954216652150334
-3.2518560264694565,-3.106662054191682,-3.186825187599797,-3.2189018307541173,-3.07829256452732,-3.185871992430226,-3.0771408754199796,-3.133962751617106,-3.24802923208718,-3.2485372570858884,-3.3099052727060747,-3.3099052761407073
-3.2484157912831346,-3.1118934704639485,-3.1948370085243996,-3.222149331224515,-3.0927116024703123,-3.2010710427712876,-3.088458049342244,-3.147155897185311,-3.2578471807642835,-3.258353295950843,-3.3232761114748866,-3.323276114845724
-3.2107501255795716,-3.0854839090166024,-3.2103963060809253,-3.241409187680966,-3.1143379651281964,-3.2223356176211864,-3.1156402270103256,-3.1743911280843307,-3.2570187344968193,-3.25803649797066,-3.3370364731258797,-3.3370364763219373
-3.2238726740662513,-3.1059734118629443,-3.2314463352433096,-3.263835385237351,-3.1701077051718927,-3.265008689238314,-3.1717753747235817,-3.211733466358623,-3.2708385405643194,-3.2709609619024027,-3.3582264865012497,-3.358226489716378
-3.2543256637864744,-3.1403458978450036,-3.230239979408952,-3.2661292492275695,-3.1527478884307,-3.2598022390916563,-3.147635104139029,-3.171134826231966,-3.2723953933495458,-3.2725646149043834,-3.345441239551166,-3.345441242555356
-3.2271134158879935,-3.1315587906358218,-3.2366233595765737,-3.271496048012198,-3.176683701244754,-3.280023267758991,-3.16919754853292,-3.1754146411898057,-3.2874937000878903,-3.2865670271264746,-3.366019295991864,-3.3660192990799973
-3.165477439645165,-3.109581811568981,-3.2128244699116637,-3.2353072501229034,-3.095551721051011,-3.200409531107633,-3.0808539625886304,-3.0701297048094855,-3.235447172231779,-3.2403648374915925,-3.2675292341993964,-3.267529235868933
-3.142580243605118,-3.0927876010568878,-3.2301295025806,-3.2525107932207677,-3.159944781344409,-3.2146700748983226,-3.1130483566001526,-3.083168319004896,-3.2340857453054483,-3.2373755209025417,-3.269969570535568,-3.2699695722729145
-3.1020544037462723,-3.083079371378096,-3.2311667801514314,-3.2535124377446127,-3.173753827238008,-3.216420364990901,-3.1355049220450235,-3.0905005192288724,-3.243616354435495,-3.2455883571273176,-3.289408586396461,-3.2894085881019395
-3.069089600231224,-3.0448806649538724,-3.1939449571135663,-3.2012035813353137,-3.1489148462560186,-3.1230712100141984,-3.062529071362156,-3.087953119154216,-3.255212772057631,-3.2542379545776505,-3.2204811070195554,-3.2204811120537915
-3.155593009605364,-3.120694454704287,-3.1648413096417025,-3.161811811807867,-3.163707663820028,-3.118988023176864,-3.0724723149753554,-3.08081303754371,-3.2511345577622213,-3.2489856179264764,-3.229843583770727,-3.229843588650759
-3.171193382753498,-3.143468462161763,-3.1428865013205014,-3.138034795018776,-3.201908282218354,-3.1469183851673055,-3.128935974937832,-3.100402803294708,-3.2649764720687044,-3.2615447582831227,-3.2560513169125547,-3.2560513217515252
-3.1113062992073517,-3.1070240273393974,-3.1229768434345075,-3.118715341163876,-3.1641754188397306,-3.1431997512444836,-3.145644472151216,-3.1112146933429603,-3.268429176075384,-3.2639955680944865,-3.2615158193521996,-3.261515824086952
-3.1097836260155995,-3.0945932369848848,-3.1162082826960544,-3.1181366010821243,-3.170626277385914,-3.1647987605846026,-3.1884358027080077,-3.130560903229853,-3.2773973973289383,-3.2725573603485842,-3.2844416474726237,-3.284441652056417
-3.0425946366935377,-3.0161218386295126,-3.1179659069399968,-3.1296158662065094,-3.1766467683148365,-3.185489783387395,-3.214767202065202,-3.145841750338202,-3.2866878385753657,-3.281085309369471,-3.3012474958586013,-3.30124750047276
-3.124334241274979,-3.0760046345780934,-3.1351117096860768,-3.155940440849247,-3.1965514728908144,-3.218012958837113,-3.2431988499890356,-3.1454425215121975,0.26081195260799905,-0.1783686507396034,3.434334861731954,3.434335225766125
-3.053821258060795,-3.044765562594216,-3.1134882091769596,-3.125531761701428,-2.9524417959985074,-3.11821841648964,-3.057917745444923,-3.0107173035967327,-3.1581025276855006,-3.1629656334123992,-3.2300942780682655,-3.230094281322846
-3.011258654986016,-3.0191211746409587,-3.0952274710810275,-3.1044232746952543,-3.0103657888310633,-3.1660445976028058,-3.1056245615486113,-3.0404813722634985,-3.1593616825740725,-3.1654467902359227,-3.247096101482945,-3.2470961043833437
-3.019242400571046,-3.020237399335023,-3.0869220627810914,-3.0989750721987246,-3.0654914665327495,-3.2159971227666446,-3.1491822945157697,-3.0701797452932285,-3.1734901794277492,-3.1784172253971823,-3.2685585285414267,-3.2685585315122534
-3.0241413808641546,-3.0307546917106434,-3.091411818654609,-3.096624608385388,-3.137372223387336,-3.2437362203743296,-3.1834471243410722,-3.0999334594655568,-3.1906230764651577,-3.1936241208924203,-3.286432649256372,-3.2864326526611523
-3.095168125384546,-3.0552350121609755,-3.1006877792884016,-3.1101178387202393,-3.167803664459208,-3.255325116959815,-3.187616742665479,-3.1127818982252613,-3.2025724092671415,-3.2041012414669927,-3.293718989523827,-3.293718993212309
-3.1431720676433583,-3.0761107787465356,-3.1078632728426183,-3.1208764005258542,-3.1880846710385846,-3.2626341136193338,-3.1867203725006688,-3.1262737142010737,-3.2170270311118436,-3.2173118935267366,-3.3137668859238043,-3.3137668897212516
-3.140653783005178,-3.0771530811748438,-3.1184781644777635,-3.129597938896306,-3.214624663228118,-3.2785842496507085,-3.2077111598259265,-3.1451717334209452,-3.232407780864657,-3.231327613077406,-3.3325109666096746,-3.332510970497674
-3.061367656464568,-3.0673007771983736,-3.102310079276049,-3.1035718027415267,-3.0839336192861757,-3.1905415377207733,-3.1184075320459814,-3.1112366732916255,-3.199250000917156,-3.1996821322412026,-3.2794859223247466,-3.279485925906787
-3.1939663545948207,-3.1434873475917775,-3.1122907615530537,-3.115265026784432,-3.1387025358395086,-3.227033519903006,-3.174274875832242,-3.1449807449864804,-3.214846626908285,-3.214104090304096,-3.3032077158263515,-3.303207719479822
-3.1099772689731173,-3.062463412727699,-3.129478327529361,-3.1436329679427577,-3.1560595402873903,-3.237117102127085,-3.1837549862273393,-3.144128298543195,-3.225518827907897,-3.224020582500426,-3.3117912226420994,-3.3117912262899893
-3.160186601736017,-3.078960153484542,-3.151464804740603,-3.168402456643719,-3.176743891164488,-3.2425740855529464,-3.1957883435663685,-3.1539468266731974,-3.2236058423868736,-3.2248082341283677,-3.3212266617733186,-3.321226665077861
-3.054259691024348,-2.995971947026277,-3.178794498032972,-3.2013040200416722,-3.1944868439751755,-3.2559930284344505,-3.209930940805183,-3.1627475064405774,-3.222416424366167,-3.223770707563221,-3.3241144747930207,-3.3241144779055025
-3.111475140008109,-3.034964720163665,-3.173871278656811,-3.197342945497291,-3.1830870623662424,-3.2217129192840055,-3.1733804254769913,-3.1383252240592276,-3.2285013759088312,-3.228785072988748,-3.281385259074596,-3.281385263984525
-3.072279866642602,-3.025194387174795,-3.1505254755175294,-3.157997816841984,-3.1089110442683054,-3.133463088553872,-3.085898789068907,-3.1264135187955793,-3.2160567879007274,-3.215494200565514,-3.236523815558339,-3.236523820963016
-2.992004631421256,-2.989239445960437,-3.1383158048693423,-3.139990730246526,-3.079174091419063,-3.1275293185726873,-3.0662473291727386,-3.1212937885878316,-3.20619168446121,-3.199779993837856,-3.2371772192155484,-3.2371772240014764
-2.981748799398842,-2.9375476208692515,-3.116197286213919,-3.111670983967203,-3.047301244106197,-3.1145536993648952,-3.0379954127216595,-3.0943432770792536,-3.1693859426478075,-3.169813141241861,-3.212407708382532,-3.212407712101631
-2.9771461097912333,-2.9624097690157916,-3.1268469377231574,-3.1221666769583636,-3.1147610031031006,-3.158075262682022,-3.0870335316739657,-3.140391826920835,-3.1842382036084467,-3.183468779283845,-3.237381160416701,-3.2373811641415386
-2.999085168339039,-2.97910559336717,-3.133388097677278,-3.131684087791665,-3.154497552620693,-3.186176268362188,-3.1156403375539363,-3.1466425929809176,-3.1951844384848997,-3.193376340380944,-3.2559264892206827,-3.255926493023291
-2.9419818352043396,-2.9715696628585455,-3.0871447154757954,-3.0882558564590172,-2.9556497096316194,-3.086846127358273,-2.9806554136333614,-3.0093523739949504,-3.111122010919382,-3.1096752263927834,-3.194579132405042,-3.1945791344336287
-2.8455556511714155,-2.9239820269933237,-3.0477239697644225,-3.0501501985336197,-2.999398116903225,-3.122085616984304,-3.00502714449811,-3.0363806176152868,-3.1269364440777903,-3.124822574262317,-3.2172649175140875,-3.2172649196415204
-2.7835188731960026,-2.855620013926875,-2.965759702281357,-2.9595971416303213,-2.845491824414253,-3.028802482637438,-2.8698682238933366,-2.950704235374475,-3.066488387610383,-3.0630189106725156,-3.156192006021336,-3.1561920069865277
-2.7902288260397756,-2.8675053473371555,-2.9179550027945997,-2.9086334336263358,-2.896451656547548,-3.066918818474546,-2.896175604781474,-2.980576779186502,-3.077613028514894,-3.0736615077813,-3.1705350391737825,-3.1705350403363832
-2.729173018597635,-2.8424220796010586,-2.9155360673047737,-2.914618104455979,-2.9592746361934497,-3.0910370079347187,-2.9215853845931803,-3.0148201498731653,-3.094255226855534,-3.088950307920974,-3.1749052124144135,-3.1749052138027265
-2.8575661157908265,-2.9512037607923736,-2.907958669807103,-2.9110858531050927,-2.9493476611533502,-3.0898085533657715,-2.9250918457553716,-3.0486773041698636,-3.1062517756626113,-3.1009737778720834,-3.1789445176363396,-3.1789445189460324
-2.7851497920838355,-2.883979399699275,-2.900796070910895,-2.9123227219128474,-2.9184221145345726,-3.061057760674239,-2.903307612947804,-3.02623959301243,-3.0878657337165984,-3.0841740086781404,-3.1744512611238997,-3.17445126230444
-2.843873799051617,-2.922115450630945,-2.890215796581159,-2.9133850673605037,-2.9405642700380477,-3.069089332421923,-2.918874733549117,-3.048743185478851,-3.106976008652258,-3.1024990696946597,-3.196137914112024,-3.1961379154038783
-2.8562930799542663,-2.912477070001206,-2.8870570673155735,-2.916861716444636,-2.9568052305402963,-3.0611189371893475,-2.9363427181852577,-3.083929047475354,-3.121154763132415,-3.1165732505443358,-3.1930082042217665,-3.1930082062965655
-2.853939840655265,-2.909375489534505,-2.8850026947775946,-2.923423290258926,-2.9657811770759555,-3.053492112564988,-2.9462361127529864,-3.1001537465969227,-3.1382024877721535,-3.133345639129417,-3.215091934222568,-3.215091936266746
-2.9353602825931437,-2.943809006690171,-2.9133109220168523,-2.9554133580535606,-2.9853780540304253,-3.0612993042498315,-2.9739607604562495,-3.1350643076618616,-3.1458170739857003,-3.1412219263295773,-1.770186744960911,-1.770186511689921
-2.8363631113253476,-2.9004607399026745,-2.8507333698938275,-2.8895299554346314,-2.772974670693787,-2.9173983189339325,-2.817046752234621,-2.9460891555681177,-3.044524953623694,-2.9791635506280096,-3.139332763154264,-3.13933276096715
-2.7286573199326667,-2.7937135378927342,-2.825438177471276,-2.858701834717426,-2.8062682495097233,-2.9212365542347767,-2.827302845743756,-2.968058441929176,-3.0532477727150016,-2.9921898768052926,-3.1359925526900345,-3.1359925507448514
-2.7820723770164806,-2.882181435559971,-2.822588543999432,-2.8481212229461024,-2.8386525934526237,-2.9309163244644543,-2.8381998060947495,-2.989286471060178,-3.0545530672083805,-2.999754103543325,-3.1437956371475906,-3.1437956351112115
-2.8245487191391287,-2.866660803942719,-2.8140126449785954,-2.8337902718851007,-2.843674099989193,-2.927151381834773,-2.8323554777545055,-2.9829171282100426,-3.0528624380798,-3.0026960088664123,-3.1496473802498466,-3.1496473782952847
-2.778906122736278,-2.837681871094005,-2.8108418937694095,-2.8208682811052395,-2.894965145321418,-2.9385331345854384,-2.8690999233966545,-3.035125363664476,-3.0452965367713944,-3.002727720172195,-3.1552711979383687,-3.1552711954796573
-2.8447807159996676,-2.904001137167131,-2.827256130999178,-2.83058518712452,-2.9579714312876275,-2.9796441357906893,-2.9270251679787798,-3.094306085045622,-3.0664225955732727,-3.0249127886030447,-3.18282959957384,-3.1828295972834484
-2.8820375770007534,-2.9101442241107955,-2.8416671189092524,-2.841757427956745,-2.977117125929994,-3.0013741146256283,-2.9498905569273965,-3.0982158943129634,-3.079678035369447,-3.039908051904211,-3.201975320942441,-3.2019753188057294
-2.892230920143326,-2.8996877363187212,-2.863988782367392,-2.858726930972382,-3.0261279798041807,-3.0434547239150316,-3.002366072771172,-3.126923187430123,-3.101937642753403,-3.0627973008862064,-3.2249906269552118,-3.224990625056302
-2.9782357299878703,-2.9719837099783986,-2.896872106061409,-2.8905745129861167,-3.068454371131176,-3.0860702838716776,-3.0488846501338123,-3.1485343812527,-3.1238633794862927,-3.0852370916219543,-3.244915217720597,-3.244915216296215
-3.0224572600044746,-3.014085903592417,-2.9434697910586554,-2.938230135834949,-3.1132000041966976,-3.136182266488338,-3.103614055711326,-3.1734895310275353,-3.144533372952828,-3.106392624739417,-3.2707726914733386,-3.2707726902999994
-3.0939263812023317,-3.0953706672968315,-2.9948558286245106,-2.9948321647084573,-3.0849333839289503,-3.129603494218096,-3.1271567262643303,-3.1533864111702843,-3.1031510996113574,-3.07580012507742,-3.231119195879172,-3.2311191939391692
-3.084415349428445,-3.0993148331657254,-3.035134020451463,-3.032296590337114,-3.1414869988350946,-3.1832594485573145,-3.204541533859491,-3.1803753110820034,-3.1242637925987005,-3.0970673725815665,-3.255533587718211,-3.2555335860541392
-3.1525860393566445,-3.1370026201394006,-3.075682547495135,-3.0760299240186697,-3.1802471829129555,-3.217334733270315,-3.2355092667194656,-3.1754417849722216,-3.144941539445137,-3.1178172589181377,-3.2708131070784137,-3.270813105620636
-3.2138145955175768,-3.196213059454119,-3.118160165127275,-3.1204246796353483,-3.1888994799346295,-3.23358085139287,-3.2355479000516363,-3.1640798703003616,-3.160180406089293,-3.1344722057109626,-3.286805161317308,-3.28680515989164
-3.0655638870120914,-3.0592000948028013,-3.04932286230042,-3.04830202405304,-2.9927931654689677,-3.096483381075627,-3.0339662405996606,-3.0086777579589246,-3.090291096717458,-3.075884788036495,-3.2022508733122006,-3.2022508714508904
-3.0221053127258646,-2.984969315427711,-3.02303442653203,-3.013949982197613,-3.064157728072585,-3.126809169151284,-3.054840285400946,-3.0325641950958833,-3.1006873050232358,-3.0887121387951315,-3.2049968820134755,-3.204996880696366
-2.913769550762579,-2.877004443837743,-2.981950540543675,-2.962280646053451,-3.0331063831512894,-3.1058910340381694,-3.016904687160201,-3.0105562571457627,-3.098843439429891,-3.0886131926622866,-3.1835995088486393,-3.183599507981313
23.45789087340746,21.38985833306857,27.457843717759527,25.029438643181248,37.293698516689666,43.76516456717319,35.270287606965645,31.73835601989495,40.25735506321402,39.26365736602825,50.253267980967244,50.25326784201371
-2.642648346204553,-2.72690444834683,-0.3419042760058697,-1.9375745560364046,-2.499174509077426,-2.7273808280012344,-2.574824189840576,-2.7398829145014623,-2.5592035188057367,-2.729785713321999,2.081677276111193,2.081676603661921
-2.53486921365427,-2.6195356437622994,-2.689122467864457,-2.6990518792345584,-2.284621830250081,-2.569622264118699,-2.396014515258279,-2.640987983885019,-2.618855117960252,-2.524102850285971,-2.659762805425081,-2.6597627953144993
-2.4636965109875453,-2.5739468040377282,-2.592146880502051,-2.605763857335404,-2.3474080464460942,-2.581610284068794,-2.3994322243562785,-2.636130298472625,-2.638226364851689,-2.546743399684912,-2.630485330861669,-2.630485322987056
-2.45789267006034,-2.543310741443589,-2.5345587611581184,-2.5573848531463463,-2.417379708143688,-2.585497547239618,-2.42114700652064,-2.6399892259844266,-2.6693977825887534,-2.5795968482820824,-2.6384668006335463,-2.6384667935819195
-2.4683558615491155,-2.570238922955669,-2.4456616343546034,-2.4803485093833175,-2.2906755471036577,-2.4818908376223074,-2.3100310641823243,-2.430569674207841,-2.4718669671250875,-2.438011903622474,-2.484305509183538,-2.4843055003742878
-2.4539446941537904,-2.509394010900772,-2.405257451623201,-2.457753855359642,-2.3597117791722764,-2.4935462010512794,-2.334355894815743,-2.459270208528898,-2.4960602120598536,-2.4634697033339896,-2.5026330195673667,-2.502633011167622
-2.477823065027562,-2.5513449642426043,-2.3851658743072623,-2.4306538729791862,-2.4178503972913,-2.517341360359996,-2.3314368792456635,-2.4674913546669384,-2.4956182644075824,-2.4696715821585054,-2.5092710232052946,-2.5092710150661928
-2.432424701315653,-2.460375591148004,-2.361753377490267,-2.3943167133133234,-2.473195878654357,-2.5453823992702214,-2.330579353905203,-2.476577767967149,-2.5194648362368373,-2.4944389509972247,-2.516890546556004,-2.5168905391677088
-2.4456311681821576,-2.4698458282676676,-2.360805059024654,-2.382372734210462,-2.553230694487581,-2.6123133817818474,-2.3744060659267925,-2.5053883623615323,-2.5526493159554082,-2.527383178413001,-2.554119604825777,-2.5541195977783353
-2.4411735404270303,-2.452845802726012,-2.3687068370504223,-2.3865157921731264,-2.6112482850647174,-2.6400878685227465,-2.4031864312487388,-2.521661770224873,-2.5856838204839643,-2.559794231746653,-2.5795952847331396,-2.5795952781706797
-2.4813086750521167,-2.4594659075948826,-2.398930833963376,-2.409823611487879,-2.6689017725022257,-2.6748363718253665,-2.4328889120643193,-2.5411960177152095,-2.606286139307116,-2.598969815651709,-2.5981510856001933,-2.598151079419965
-2.5702160384653956,-2.5599643347662915,-2.4335972069126193,-2.455394697544948,-2.7055007129619426,-2.6867188717677744,-2.4566341584811253,-2.5568012118455568,-2.6396984211802463,-2.631925447386366,-2.611398212976358,-2.6113982073968254
-2.5745746444593958,-2.5915246108861147,-2.44782192272564,-2.4720480762972703,-2.7496866156428594,-2.713150707943244,-2.4936554690681714,-2.585498231148716,-2.6654598686689943,-2.6585811429108963,-2.6377618219546175,-2.637761816626333
-2.567895762148342,-2.5690005021497764,-2.467691416898609,-2.4789791345253915,-2.753085911303382,-2.723606786677184,-2.512977663509857,-2.6038254933400635,-2.6947471849391524,-2.6883655150288632,-2.6567218010398306,-2.656721796122601
-2.5915578984407786,-2.621240448015069,-2.4801599160056886,-2.4863661075012353,-2.8086355277180703,-2.7386841405669156,-2.5528713246957673,-2.623800937128961,-2.726167563609846,-2.7189475159619194,-2.674189546254374,-2.674189542012185
-2.6365359929666576,-2.643024354375967,-2.5030102086496484,-2.507856679895371,-2.835746866221152,-2.7887679196942647,-2.6081574002462165,-2.6475955949326133,-2.7554164497864173,-2.747737523506726,-2.706071254335006,-2.7060712503812416
-2.692960158625012,-2.7212331947981894,-2.5329821440378684,-2.533195631734115,-2.85762587628898,-2.833922273374322,-2.6674314375130668,-2.666507452664008,-2.7793474898884267,-2.770894516757169,-2.732303104791736,-2.7323031011993546
-2.6848734657328386,-2.7436617849590275,-2.5526787653642184,-2.5474469081443947,-2.8294135277948818,-2.872707773358375,-2.717720584630144,-2.683202728297726,-2.798498392466299,-2.790393683548392,-2.7511490196632105,-2.751149016324735
-2.6935149880978653,-2.7275935268966602,-2.579329389372803,-2.573035941771423,-2.8170754416434383,-2.908866905534627,-2.7799454182433836,-2.705105743421357,-2.821018924322194,-2.81287327873829,-2.7691507029312445,-2.7691507000586224
-2.7272274943746915,-2.7902063066057585,-2.640395929167112,-2.6358704726537585,-2.8672517979161,-2.9749448038157604,-2.872892256842168,-2.754399004003214,-2.8393128847650266,-2.8298895626948166,-2.789629548559418,-2.7896295461666867
-2.7508637480813376,-2.8170537208633633,-2.673578164853428,-2.6769145742329687,-2.893917272084085,-3.008730070743361,-2.9572958594867083,-2.8020352211946515,-2.844277525696792,-2.8373773957630686,-2.7894089345760937,-2.7894089325456393
-2.847612255092076,-2.8650894881124604,-2.702698648460594,-2.7150463073649194,-2.9524179363841374,-3.0426832128371872,-3.0260114031842726,-2.827014978732995,-2.8706497933253234,-2.8628006147640606,-2.8157040293607136,-2.815704027730436
-2.846183671851197,-2.80577787205344,-2.724831768689995,-2.733103498573345,-3.024419469168475,-3.057353393064601,-3.0427067510250216,-2.840757517145134,-2.8948553336747285,-2.8868986032938277,-2.8293468602562846,-2.8293468593607125
-2.8438578212155514,-2.8392845140018235,-2.7311447665442548,-2.735488641537162,-3.0179153787690045,-3.0639965132617952,-3.0439346443012716,-2.8521495383337894,-2.912543740253088,-2.904815499099133,-2.8533009422659052,-2.853300941485963
-2.877736747493328,-2.924813873548233,-2.788942322530775,-2.789020481355411,-3.018319883599323,-3.0622665755657414,-3.046548257585328,-2.8725089721085753,-2.895771960116684,-2.889005385254011,-2.834424004933363,-2.8344240044965416
-2.9254259435914998,-2.9557327869297088,-2.823493427468005,-2.8215045528843654,-3.0667012424768663,-3.100291134040573,-3.10369694152281,-2.9068882912759277,-2.916707188755362,-2.909858713144568,-2.862684357692718,-2.862684357448691
-2.870502976548669,-2.9066074340058594,-2.8532825660573637,-2.858799019584794,-3.06468237209461,-3.12093526141828,-3.0905939005070615,-2.99438235608869,-2.8918591359073997,-2.8873422052763233,-2.8378796558493145,-2.8378796556608545
-2.8552663890509056,-2.919839615325117,-2.866731718888458,-2.8792437441261276,-3.086076842917467,-3.1640659026453695,-3.1251321808379084,-3.0165171614849036,-2.892891308466465,-2.8913979927199693,-2.849045357660981,-2.8490453573977303
-2.9000830673075892,-2.954277193746905,-2.8858802586720604,-2.900925402645986,-3.14207174520468,-3.2342722898186294,-3.1983279133845266,-3.0478395975519437,-2.9187120008477576,-2.916359666552926,-2.8799662719254853,-2.879966272020201
-2.9136940467319556,-2.984720547805891,-2.8923143267152347,-2.9045553462793405,-3.0915446838257137,-3.2245151978876563,-3.183439091493275,-3.038760037054859,-2.925443321621327,-2.9229380392626876,-2.8818074189502556,-2.881807419294284
-2.937380642610762,-2.958890932427126,-2.918201712505711,-2.9379066852955424,-3.161037346814373,-3.285385405239067,-3.260607742560873,-3.0700110202324167,-2.949525667316785,-2.946172959033887,-2.910338339145803,-2.9103383397588316
-2.974986421087511,-3.0064744021339918,-2.9351858271548688,-2.964858925333056,-3.1802419126931767,-3.3136809946807286,-3.2984997048342137,-3.0731914872802624,-2.9662848783746467,-2.9636084933356743,-2.9359474458195134,-2.9359474464672157
-3.029285567429917,-3.0418591549496705,-2.9470178526557094,-2.984250811486927,-3.2024811592668883,-3.3343457971262462,-3.322050165459944,-3.0742753219014345,-2.989511902206642,-2.986086866743486,-2.9668607483272247,-2.966860749158485
-2.9834634549361017,-3.0283787385010266,-2.8993146549985003,-2.956423625418563,-3.101333671280369,-3.2787184452272378,-3.222295701940887,-3.0166547935873615,-3.003114254348641,-2.999376194602487,-2.9366983610615724,-2.9366983629928525
-2.964501377379893,-3.0012486177416067,-2.8902575036169713,-2.95066736581137,-3.0599844263174494,-3.2591949390020387,-3.1916741660536494,-3.0003779648424937,-3.015208998700091,-3.010173946359692,-2.9577385365830438,-2.957738538461932
-3.005617917424132,-3.0392758865433382,-2.896629337351797,-2.9503149524139047,-3.0648234011751962,-3.2592444366860525,-3.181566738005928,-2.9924466953633626,-3.0331353306267976,-3.0268874436527833,-2.9790761338091807,-2.979076136052263
-2.855136094874417,-2.9101316885875166,-2.874641415724007,-2.924904618321588,-2.9713987038371563,-3.1983320673216653,-3.095704905196729,-2.9804419997759948,-3.042867799798417,-3.0373408252597205,-2.968060551999942,-2.9680605544014558
-2.8883027617197135,-2.9516540407857996,-2.875218294455681,-2.9291475182153675,-2.9742459220821136,-3.2189226250151117,-3.114751455295106,-2.97733577347476,-3.053780190043774,-3.0479129017524826,-2.983340845256196,-2.9833408476779653
-2.9087397420478966,-2.963830039782246,-2.87898951636712,-2.9317177058180826,-2.9521753659624204,-3.2187146112045495,-3.1185521121019177,-2.973358097064529,-3.0615563221283595,-3.0552049161996857,-2.994805079451335,-2.9948050819216907
-2.90807400998433,-2.9834829848387283,-2.895077072505685,-2.950494838172157,-2.9676327984189412,-3.252100890683064,-3.159808114671864,-2.987722029910564,-3.0782937198776072,-3.0702877798217374,-3.023307344889154,-3.023307347369221
-2.97599500560184,-3.0046415269393916,-2.9070382050962453,-2.9585902974306197,-2.9433565972823494,-3.2405926035977384,-3.124079470925472,-2.971577959222493,-3.0508881863645527,-3.0506119479952414,-3.0099927086697273,-3.0099927102837105
-2.92884141262409,-2.999198818141404,-2.9401590512557285,-2.9983488077673885,-2.9912554561408133,-3.2946556927640622,-3.168710874702374,-3.003317353660717,-3.0666344669742385,-3.0651108827048397,-3.0343317021291343,-3.0343317039078608
-2.959957407049749,-3.0600035416037894,-2.9429415445005156,-2.991935666930635,-2.939572675199218,-3.2441003458108995,-3.1166154169364213,-2.989100723706572,-3.053608083792577,-3.052671516379246,-3.0161041542633136,-3.016104156052956
-2.9529008148755502,-3.060149780208802,-2.9596635135886515,-3.0085133632100347,-2.981669133432172,-3.2883995533186243,-3.1666072018837004,-3.0107992011936475,-3.0698294781375592,-3.067405586664642,-3.038670277954318,-3.0386702799008867
-2.969728936348794,-3.1020377785468347,-2.975547036171731,-3.019634033194683,-2.9524155178303317,-3.240149613641491,-3.11557242625872,-3.008802221227493,-3.0121888144117133,-3.0150520555769207,-2.9814967220569955,-2.98149672329793
-3.00630682103969,-3.2052700758791515,-3.002086186045592,-3.0446770504948297,-3.024427166588685,-3.2893539798225384,-3.1493003603726226,-3.0514146545535117,-3.030973747562805,-3.0324594534108296,-3.005446286248842,-3.0054462877268016
-3.0381206227067503,-3.120437760036261,-3.020873378485708,-3.065587044643908,-3.073402481562686,-3.3295975500661905,-3.219581818739235,-3.080953899106606,-3.0494286671295416,-3.0496437132976713,-3.0320183628443784,-3.032018364429285
-3.025124398757046,-3.1001306461272784,-3.062006055289602,-3.1085130793720923,-3.126059400641002,-3.3336186260981044,-3.2388737721458196,-3.1006130770830125,-3.067521452176778,-3.066567544026828,-3.011448004195476,-3.011448007769909
-3.197171488798671,-3.2472437142665465,-3.088010628235157,-3.1241590592507733,-3.1631942687360906,-3.329862603886962,-3.2310837347468517,-3.1197828809668935,-3.0823817275714775,-3.0796849486604287,-3.02869064124876,-3.028690645179653
-2.986776272061607,-3.0617578383821065,-3.103677585934771,-3.1182726616698884,-3.078720316315007,-3.2082749655876945,-3.0776229844567693,-3.0265668141522144,-3.021809347619478,-3.027526601471574,-2.9396241105947025,-2.9396241138078105
-2.9512928638854405,-3.0601794257762815,-3.101000911715539,-3.107997426945002,-3.1165579610060807,-3.202680039484153,-3.104494258083288,-3.0447221752522773,-3.0392927472327806,-3.04303846644497,-2.9642046771270296,-2.9642046806015294
-2.9465529593515782,-3.0041723604520763,-3.1186615335949166,-3.117002469782607,-3.140913535644959,-3.161262183568209,-3.0856679637228672,-3.0754416485051417,-3.05644782382524,-3.05854960681273,-2.961721554090648,-2.9617215583356433
-3.006745941391582,-3.012979519996841,-3.1266783050814144,-3.122187810267765,-3.153714117357688,-3.1730764866997068,-3.1111110418565566,-3.096510013945493,-3.0737047514095903,-3.074231612310501,-2.9944741262875176,-2.9944741304846776
-3.0182460209846287,-3.0537549552488636,-3.147543844977522,-3.1394885921281466,-3.1290683682981606,-3.1663615505807057,-3.1183262314229956,-3.121724471733645,-3.086705247834981,-3.0864688590102514,-3.0231353389113362,-3.0231353429684695
-2.995322957753981,-3.113400897995821,-3.123347453583495,-3.107751230377999,-2.912791993163819,-3.030878652397102,-2.9875746928919042,-3.0306556541150016,-3.019242450355926,-3.024804476396729,-2.921975948281249,-2.92197595208114
-2.8437977168618165,-3.004156580014441,-3.077887296954682,-3.057898232491367,-2.8474496480068607,-2.9423077386340966,-2.929394640045261,-3.020877334518163,-3.002372836746912,-3.0107506957979506,-2.901792362434377,-2.9017923660280536
-2.878922253813923,-2.971642800064136,-3.0841842203928103,-3.059393371264504,-2.8968552026497725,-2.9456210868929484,-2.977677528783609,-3.0457709235522636,-3.020603348407536,-3.026633619371159,-2.938252316356796,-2.9382523199323476
-2.9263975261227486,-3.061812276732585,-3.1022192863824944,-3.0735527974521157,-2.935724797498709,-2.9655974814309802,-3.021492845437917,-3.076397881911117,-3.038952443154257,-3.042589334497986,-2.967833057387187,-2.9678330612246127
-2.947394945988414,-3.013969468595019,-3.14356460461452,-3.1149377201463584,-2.985504045287801,-3.018043287209197,-3.0734958735559705,-3.1309004810800474,-3.0543286908814533,-3.055516432199334,-2.9989389065522074,-2.998938910603341
-2.975736827354022,-3.0383382464170774,-3.1618460492965643,-3.1355402264235828,-3.0005612389137806,-3.0488014875035745,-3.093721761319909,-3.162957786165731,-3.0667331526626804,-3.066017524528583,-3.02017010065187,-3.0201701048686496
-3.0063856584964723,-3.0899490575059607,-3.169358395941275,-3.1484284493569854,-3.027693514925222,-3.0901379664273065,-3.126444367373659,-3.1757598079184164,-3.0802181952807755,-3.078713550441556,-3.0496279269132245,-3.0496279309623295
-3.0409526503839075,-3.0785578326796132,-3.1826571054710757,-3.1631375566769755,-3.0298294477175647,-3.1150033405259405,-3.130448209593468,-3.1848555021879283,-3.0652178198474935,-3.0661912025996703,-3.051698922850309,-3.051698926279252
-3.1201777001402777,-3.1601530354412564,-3.1893418524077712,-3.1723936194716336,-3.062117347058612,-3.158097601449512,-3.1522580313140005,-3.2292780095636946,-3.0729470304314113,-3.0730447493681297,-3.0669425484811774,-3.066942552066906
-3.1375359148558726,-3.16224222192282,-3.1913700391855313,-3.1827439297904685,-3.071619018683826,-3.186018096490136,-3.146887545766654,-3.211581466292654,-3.083777245030235,-3.0827039100769094,-3.0821421262599396,-3.082142129894803
-3.1634362763232016,-3.1688892476832704,-3.2185617718092923,-3.2188723138768656,-3.1020286246457585,-3.232110714531472,-3.1560739212234408,-3.2191096777082477,-3.1005183368393103,-3.0978312430134043,-3.1117579910754114,-3.11175799474936
-3.244709026295599,-3.242841113047354,-3.240022610322217,-3.243654625722481,-3.0794619353886734,-3.2331750767581187,-3.1326017666600463,-3.2298822762214003,-3.1081590555230036,-3.1045668027534994,-3.113487402085922,-3.113487406033286
-3.235589459528522,-3.2253733127372177,-3.248724246705401,-3.2553003960622466,-3.0932517294342476,-3.255686013955922,-3.1569734095712447,-3.255671208125833,-3.122446047602648,-3.1178283293069633,-3.131262176547019,-3.1312621806443577
-3.1645090004290237,-3.1706563790969553,-3.2290823794764547,-3.232083967608968,-3.016736771279147,-3.201459033268339,-3.096633491016641,-3.180631014675024,-3.0899854296469833,-3.090583788424885,-3.0973298570579724,-3.0973298598450274
-3.137175520468265,-3.1415433145332106,-3.2250041251980646,-3.229929612748375,-3.033476604967527,-3.206331997535992,-3.1202670459980335,-3.1852108830158445,-3.1047552944965595,-3.1041083458646943,-3.119633818729014,-3.1196338216086352
-3.1277154931713804,-3.1345301530184697,-3.2274248580497447,-3.2352413801855673,-3.0475724848719277,-3.209705866286346,-3.124264082776712,-3.183904655839738,-3.117769024706873,-3.1154966163171967,-3.1301951146478877,-3.130195118007279
-3.1516273678395708,-3.1536397049705327,-3.2390504892016447,-3.2468098861612034,-3.056741873074095,-3.2133892364351904,-3.12674110638663,-3.1923291135642238,-3.1327228561305263,-3.1289844771548454,-3.1538416921173518,-3.153841695613588
-3.214290978094966,-3.1689736524775745,-3.2658015773203597,-3.277058362237131,-3.0928435881448877,-3.2496320766790974,-3.1479511600848755,-3.226365289235018,-3.1424177362560384,-3.1382519852677344,-3.1747866367259348,-3.174786640222547
-3.253718688997238,-3.2375324218945045,-3.2887054511715266,-3.3034854772686706,-3.1120314956801423,-3.2786325542409545,-3.1675577375455153,-3.245036138085886,-3.155544825138067,-3.1504295164502016,-3.1973687874156473,-3.1973687909098123
-3.256332018198751,-3.255589330565785,-3.3088262843524126,-3.3151885383908013,-3.1315238026429615,-3.2868770030069157,-3.1711741032007343,-3.2855628829467904,-3.1643747507727857,-3.157919100910589,-3.2049086507895748,-3.204908654762833
-3.2630244928474204,-3.2357018126503774,-3.307850515742911,-3.308835183644674,-3.131792326730813,-3.2905574730675435,-3.172592356835035,-3.2949802547313745,-3.172454764462983,-3.1652895015437723,-3.2182361190979876,-3.2182361231255863
-3.2561536318669395,-3.215684518171921,-3.3155501098839077,-3.3168992937124533,-3.162708351764365,-3.3134967109993947,-3.1859733921475675,-3.344294116443581,-3.184219602044524,-3.176249727773949,-3.2249350788841467,-3.22493508356395
-3.3717299157240213,-3.326460583536206,-3.3435369155028196,-3.348728037643954,-3.2216633509960833,-3.3577305605791796,-3.2132757467851754,-3.376308321143903,-3.1961866252783153,-3.187855102620304,-3.245501678573841,-3.2455016832005334
-3.364237812208361,-3.298440893766529,-3.3587062856716607,-3.3724888208906267,-3.203691316486988,-3.3711812242311274,-3.2131121996378313,-3.39392200207641,-3.205085659809161,-3.197675637054652,-3.2600265266397193,-3.2600265309328336
-3.386029965320229,-3.374739271643324,-3.3961475934072256,-3.4186659359348153,-3.2440918557213294,-3.404440120697665,-3.2442921059057555,-3.4050880920547577,-3.204801228629467,-3.198021753073428,-3.2606030062592324,-3.260603010371034
-3.329584308275048,-3.302728599645883,-3.4176905450555513,-3.435800204717623,-3.238972140347132,-3.35947110655166,-3.2090303788233503,-3.3855808301026618,-3.2162762782714145,-3.209026914362764,-3.218649690858004,-3.218649697134097
-3.3965227158695073,-3.3357094744141116,-3.4327718612989537,-3.4499975707959107,-3.31158491694145,-3.397122016159196,-3.2558789462992634,-3.3964515090292995,-3.2207486853660816,-3.213559232192396,-3.2289150343378026,-3.228915040438473
23.28867166519136,18.25849853725185,22.613592648411366,24.5491565104058,11.712812631741174,21.45867107104048,8.478279053600383,18.20841997758444,4.913389997141583,4.533677950621408,6.54948918389379,6.549489597563033
-3.3058184160199917,-3.285016423760788,-3.3095316052377908,-3.304757748196489,-2.9286667505266184,-3.0939900622168763,-2.9777164531864693,-2.980056902649851,-3.072071783313309,-3.054440782040281,-3.0732594922658922,-3.0732595021889386
-3.1191182600939555,-3.175713849619947,-3.232553762578046,-3.2115434000358944,-3.0060573239597055,-3.1356142776182194,-3.049745415996745,-3.0538084891447377,-3.0923409482200723,-3.0740104179810928,-3.0897759724194778,-3.0897759824410347
-3.136520957186069,-3.215969712101052,-3.1831024610371546,-3.161648654655226,-3.0627556695826725,-3.1743922267144624,-3.1182101231186063,-3.1072965750858788,-3.1067500290085577,-3.0884409104735187,-3.1120224837165833,-3.112022493729584
-3.1579844439769325,-3.1806252954951155,-3.1687101091159633,-3.151561527639873,-3.101810507736934,-3.203567198503072,-3.1791315135754976,-3.1669848835468857,-3.1250772564512177,-3.1064063732838796,-3.1336004610907704,-3.1336004711794514
-3.1507772012096744,-3.1904357520501447,-3.17481889593977,-3.1664097219409384,-3.132436303945627,-3.2260234868712683,-3.220333914002415,-3.200292462896914,-3.1437009159293834,-3.1247136137317923,-3.1579319911345074,-3.157932001224225
-3.1573010068240848,-3.1882310928003124,-3.194267536304182,-3.1960087406481277,-3.1596058092220183,-3.2640207757686923,-3.2313425404822094,-3.262447073211172,-3.1634016226594803,-3.170923773426223,-3.193610663889368,-3.1936106663228303
-3.2378378365106864,-3.230413147854102,-3.2250766952716687,-3.233592714988434,-3.2150149019033365,-3.312444092324882,-3.284876651366705,-3.3107309182148708,-3.1767807190370756,-3.185653074046071,-3.2159354505207967,-3.2159354526358412
-3.2799203733144733,-3.241547087864004,-3.2573403843518967,-3.2688464848739156,-3.2972484553732078,-3.3677391176418396,-3.3715449598270686,-3.402811264239264,-3.192958961385483,-3.201596106915155,-3.2320031923205543,-3.232003194506792
-3.2338977134917783,-3.2158605721112954,-3.2678379425213646,-3.2770933438712055,-3.2888997458353724,-3.3731244065117805,-3.369511758419903,-3.4100501575187305,-3.1987131500721655,-3.2073065300596806,-3.23431671945888,-3.2343167215375344
-3.3264392228802295,-3.312122025504154,-3.307557486466504,-3.3197982084884234,-3.316724259570949,-3.390749998293324,-3.375316746191526,-3.421500260913337,-3.1910046589091143,-3.200285918497908,-3.2244384128970403,-3.2244384147068756
-3.2073034450228493,-3.220142845875995,-3.3201466945168057,-3.340824520229662,-3.350913999634123,-3.410322749980624,-3.3915825520945333,-3.409927496987131,-3.2093652420883703,-3.218056995541869,-3.2380934640958614,-3.2380934663735195
-3.3578996982739726,-3.348155481187665,-3.3437300150414906,-3.371892298712441,-3.381647775696527,-3.43360443939293,-3.403934764259653,-3.4115494985692134,-3.224454291503614,-3.232813616471168,-3.2607108404445095,-3.2607108426663243
-3.341132591525458,-3.3299596567426137,-3.3485610473751803,-3.3738415875448697,-3.336023190426654,-3.4215163406801468,-3.42075449206878,-3.346984531425723,-3.2129558281446977,-3.2242225488711806,-3.257259874405681,-3.2572598758402216
-3.3157349591823597,-3.318438491490264,-3.3639998221839726,-3.382826530774321,-3.4117551464468625,-3.4704629771092925,-3.4995436736076364,-3.405457898834512,-3.2299778518761726,-3.240906068162562,-3.2783707236393806,-3.278370725151859
-3.3881087113140067,-3.420988417824037,-3.374374798902206,-3.3969350858957608,-3.428190716105637,-3.4829743069883685,-3.505681686900303,-3.4139406394539726,-3.2441485137532826,-3.254446631633939,-3.294087476086317,-3.294087477614149
-3.379427426738991,-3.398399281418069,-3.369333599343365,-3.3769080760820724,-3.4322046726732287,-3.4471117347980296,-3.472181432780932,-3.447640223978525,-3.26000097844313,-3.2689023844575527,-3.2827950170405886,-3.2827950196389875
-3.347948751184963,-3.371580796493986,-3.3802786035520476,-3.388293816613192,-3.4770172099545418,-3.4651251474790765,-3.4717254746742876,-3.4339739699349945,-3.27220380986021,-3.280778944033942,-3.296557997365734,-3.296557999925343
-3.3483612579566886,-3.325135574870071,-3.379859870689017,-3.386605166477511,-3.4631288902189747,-3.461150349086263,-3.475596853979537,-3.423792177596579,-3.2811233782010487,-3.289334089757169,-3.302617898185281,-3.302617900814354
-3.3039442502677376,-3.285822338260621,-3.393852780800489,-3.4004316192444963,-3.494422672209391,-3.4793274883882876,-3.5022225475928668,-3.446165354330444,-3.2969213659600194,-3.3047919673412247,-3.322090662841705,-3.3220906656635942
-3.314070673955948,-3.3198780549293305,-3.4037705118876613,-3.408566581531899,-3.5076482191219682,-3.485949114680066,-3.5153529316917367,-3.4614140450350694,-3.313103996288552,-3.320319590709224,-3.341230964943414,-3.3412309679962107
-3.339174875346637,-3.386265340934443,-3.397045693687115,-3.407541578249781,-3.4962295717613845,-3.484827067799383,-3.507516720363491,-3.448692518310312,-3.3290772162147855,-3.3358628766505807,-3.3597038503633176,-3.359703853449575
-3.238395516305687,-3.2927840488007107,-3.373623993893401,-3.3815941295334326,-3.37137962912661,-3.3997596846189255,-3.3722411492128006,-3.3337756802597656,-3.303197435549128,-3.316010647494302,-3.3221216677932808,-3.3221216691252895
-3.1982274437093396,-3.2961213042939383,-3.329457473715388,-3.328303171662853,-3.2686830422945685,-3.30807352385321,-3.275474221061854,-3.280232648517357,-3.2868359492167727,-3.2985905477317656,-3.290721252751555,-3.2907212540200144
-3.1326446129188597,-3.1996860747834885,-3.30086443822286,-3.2973009890918785,-3.2711505342839753,-3.306520639696081,-3.293095075082186,-3.3226161986338547,-3.296653873561628,-3.307984252891885,-3.302226867356716,-3.302226868530956
-3.128866891690694,-3.171267726017779,-3.2505639448585986,-3.2415665448400333,-3.126075060834738,-3.207497930492506,-3.1887455628556935,-3.241648365712676,-3.2407637665384863,-3.253788250080935,-3.2375966632972446,-3.237596663806432
-3.0886244961457243,-3.1009304127763455,-3.2256040438480404,-3.21216714518715,-3.1915903961538934,-3.240926848728042,-3.266312391169669,-3.3194487791442215,-3.255705380930865,-3.2675272978235497,-3.2549564505395474,-3.254956451315141
-3.11473001747111,-3.119991508147885,-3.243063357334038,-3.220801523302393,-3.259041652657369,-3.3071771659335645,-3.3479891312665155,-3.3731031449386615,-3.2751883515183917,-3.3073538199280934,-3.3076529445302354,-3.3076529452580354
-3.217046638401264,-3.2652952833036544,-3.2530670264574533,-3.234565976316338,-3.306009158530007,-3.3411607443391134,-3.3894757837623577,-3.4234855669825954,-3.2909304464924802,-3.322202534819699,-3.3171721327283583,-3.3171721339477545
-3.201146835827642,-3.190208741125736,-3.2547552110768727,-3.24052064253174,-3.3051569812726425,-3.356642580347131,-3.4084464466797275,-3.4519949941318946,-3.301035633006333,-3.331826869710095,-3.3249543327783506,-3.3249543340311387
-3.1905259131761143,-3.188209399583779,-3.265333825744362,-3.258396688377331,-3.2913705050310194,-3.3585567800066642,-3.3904525980041376,-3.4314887436201342,-3.299616273936359,-3.331159931986271,-3.3271227259074054,-3.3271227268484695
-3.2779772563242595,-3.3092366817264667,-3.2831765967831683,-3.279168177135403,-3.325652636418092,-3.3814771350291926,-3.39661528908132,-3.4506578710459674,-3.3145908682748733,-3.3455116910500964,-3.3466054343566016,-3.346605435556236
-3.2034252523641973,-3.1631428826476156,-3.3105901219678,-3.3114868347321975,-3.3715946547659965,-3.4168831489723472,-3.4302412748573556,-3.4631528309225574,-3.327636253720086,-3.3580783768278097,-3.3618783841246156,-3.361878385477678
-3.314684159250688,-3.2821150431787043,-3.3240777138465587,-3.330651645183581,-3.3778083822682845,-3.4317815935950278,-3.42871609331323,-3.456649919581624,-3.336770979517126,-3.366631046476627,-3.367566244318902,-3.3675662459329336
-3.266334653069404,-3.309547203883366,-3.349484190252764,-3.362339222064648,-3.4091261858112505,-3.464628018630059,-3.463535497336326,-3.485248525381391,-3.349810590276676,-3.378843647447613,-3.3857845246373515,-3.385784526436754
-3.288579892009642,-3.2768636107987934,-3.353131511328942,-3.3683548058848465,-3.4007079790722683,-3.4612947896651485,-3.439522927164719,-3.4857837748543625,-3.3592044237799468,-3.3887027385665176,-3.3936019068154013,-3.3936019087218403
-3.2104381178103667,-3.227087357764676,-3.3573798964058916,-3.3657505490021062,-3.4154928623346574,-3.461192208039317,-3.408847004131832,-3.489548014901623,-3.368550556325646,-3.3992894703394287,-3.414150599220189,-3.414150600816474
-3.2665362732725134,-3.272014538799895,-3.367814371997043,-3.3738158472106283,-3.4104640156142922,-3.449669707578903,-3.3820282453325516,-3.4649170437223678,-3.3826069446640283,-3.4127061351174603,-3.429958578143392,-3.429958580000182
-3.3040719200529742,-3.3653399234668764,-3.402109775517255,-3.409049755667154,-3.442904377107501,-3.4633652936208907,-3.408663410748541,-3.493118250402707,-3.3846748653693646,-3.4139222905674997,-3.42713807096324,-3.427138072988204
-3.361747136701054,-3.394753282100377,-3.4086184355328726,-3.422530171409276,-3.4475787575258177,-3.4704146203868746,-3.4136591343189564,-3.4860596639747854,-3.3979598287432253,-3.4268794423230786,-3.4455155931884285,-3.44551559518586
-3.34170087586306,-3.412745108540381,-3.410586807619323,-3.4235829384114735,-3.4321928656146743,-3.465410488354095,-3.3969787670762632,-3.4856805862293934,-3.3941337358658727,-3.4259805450677505,-3.454833466277961,-3.4548334676326045
-3.3643187819087195,-3.4488040444076176,-3.39993331442677,-3.4042207056942178,-3.3535274112644875,-3.425963677626478,-3.367296750154443,-3.523435294746986,-3.3702452508039733,-3.4022771871495276,-3.412312864533596,-3.412312865696152
-3.3495346130892263,-3.432795420721697,-3.393101411070197,-3.3917369410949645,-3.386495600234662,-3.435689065859893,-3.4061134830703335,-3.5447647656411005,-3.3856311487260218,-3.4170365889285588,-3.429958017645016,-3.4299580189455394
-3.325866380300373,-3.385399509838803,-3.3907046037776203,-3.3837731289458595,-3.3756460413650524,-3.4257829241293893,-3.4027445584577274,-3.5723361479159452,-3.3909322442482286,-3.421710884110166,-3.435719668795712,-3.4357196701166295
-3.3494835973896913,-3.3893402381404916,-3.3860012553504895,-3.3797562399014938,-3.3440796887337445,-3.4239879976119765,-3.4019116250222923,-3.5629082197595654,-3.388098238418938,-3.4208453236493135,-3.43758759819669,-3.437587599046822
-3.3339409156881366,-3.384025345054746,-3.385580307775362,-3.3808839643899002,-3.3452774957470477,-3.429007446595867,-3.402038444104272,-3.55837173299199,-3.388680706405115,-3.4230630833833864,-3.4458456878974464,-3.4458456882018247
-3.284675790326118,-3.3498342288415293,-3.3741284910501115,-3.363681660094115,-3.3110137406184457,-3.404276183518564,-3.353882285041869,-3.536039725585921,-3.361429210302911,-3.4015907954663036,-3.4271131557702663,-3.4271131546611384
-3.231699305791671,-3.266174995419588,-3.363102761595787,-3.3523572311276837,-3.32602271017112,-3.4099364641256713,-3.352688389113571,-3.5270023452973343,-3.370126495096794,-3.409104774273304,-3.440166018507825,-3.4401660175284787
-3.250956725783265,-3.296582446007588,-3.357521406028746,-3.339560881164909,-3.3453284248988417,-3.4128847232095936,-3.345921162595633,-3.530590926206716,-3.3713331034018874,-3.4125453178583123,-3.4511939175001403,-3.4511939161602756
1.4739507758475776,5.231217429036478,10.786428437721188,9.225251603404311,10.15134440679818,17.685455681403567,9.021703354811896,26.044919376163215,13.382105312145004,17.447385017018725,21.03521804523115,21.035217941279626
-3.0044424731404784,-3.0763793773870898,-3.185643510686317,-3.1990004937388,-2.9155985447121555,-3.12831391791456,-2.9826465068650743,-2.931022777711728,-3.1681662863123097,-3.2034285612660405,-3.213223293750745,-3.2132232881727067
-2.8699700340274936,-2.9703534067481105,-3.084640255648825,-3.091518200861654,-2.990221314597629,-3.141236371998694,-2.9971664680926784,-3.0531001254612384,-3.1677253673723436,-3.207533677174282,-3.2225055047394244,-3.222505498843421
-2.8607709697727524,-2.9465944889359847,-3.0119797565117876,-3.015520172936369,-3.033502385344497,-3.1665237414742515,-3.0147429670943033,-3.1487336836529334,-3.1846569029325105,-3.2224442106276023,-3.2418692300231977,-3.2418692244231027
-2.878467379550816,-2.9407495275618176,-2.982029261225103,-2.9836778324857227,-3.0790345980751708,-3.202828626274087,-3.049104596115832,-3.2565347355563214,-3.2057274751402054,-3.2424458616611322,-3.265488215422389,-3.2654882101022156
-2.8734685484346465,-2.8820101199977466,-2.951280116216375,-2.9475039910468634,-3.0696638343546137,-3.180881849263489,-3.030557655622557,-3.2200436106040287,-3.2018222857266565,-3.23483844688484,-3.2502209502035315,-3.2502209456809292
-2.9205829885313457,-2.9124531586206786,-2.9481402271052852,-2.942293134089192,-3.1305918882799424,-3.231882129207341,-3.089936158975873,-3.3159856602297393,-3.2232741174548236,-3.254319615788677,-3.272811925531244,-3.272811921440821
-2.9659142188910965,-2.9543403703944415,-2.9690791553213742,-2.952064257872065,-3.219740225807108,-3.2496399621984846,-3.1437068605360343,-3.377282535132686,-3.241690414255438,-3.274200297758986,-3.291653296540126,-3.2916532927536655
-3.071221077603435,-3.0073775204316835,-2.9771007381392627,-2.95169339825767,-3.2284240287635364,-3.230792456569249,-3.1025796297089663,-3.3091471745080243,-3.2445004932710764,-3.283028701788295,-3.2934062307517458,-3.29340622677068
-3.0380786928530332,-3.0095325618611515,-2.996877522893845,-2.9626483533220616,-3.327755284248888,-3.282958898342902,-3.163036342577283,-3.378108150889706,-3.2657000289462266,-3.302988225629802,-3.314577091071388,-3.314577087354926
-2.9333306748768364,-3.0443958084947993,-3.0309175164295796,-2.978398368884544,-3.2460190804435283,-3.249545716088364,-3.115290212523912,-3.1672731390749793,-3.187196911971629,-3.2322753469364995,-3.2162366770577706,-3.2162366725895697
-2.9571988379619154,-3.0833186095508633,-3.053450614185913,-2.9920638753381574,-3.306276340676161,-3.294590608650438,-3.180980422594901,-3.292499195415677,-3.2096013800590857,-3.2523388270456834,-3.2440565789058877,-3.244056574576597
-2.9297266376854996,-3.0556924094212627,-3.0681506678932404,-3.0049857784676584,-3.3349630510881805,-3.3296203682712084,-3.2385046648869986,-3.3720715879805057,-3.232527704030319,-3.2729574559095536,-3.2644337019545913,-3.2644336977469397
-2.9591485782755678,-3.08494939233397,-3.078065562917522,-3.0084667649383627,-3.3199232890886052,-3.3525225486878116,-3.2916190620447514,-3.39501742565344,-3.2456477569673856,-3.28486550735104,-3.2799612422484477,-3.2799612381388563
-2.970836546059765,-3.08235851198748,-3.1135059085845826,-3.0418190297173107,-3.2569669246539332,-3.3505536507073312,-3.286751883375933,-3.357771558418049,-3.2351655690364485,-3.273402448708421,-3.2587411431502393,-3.2587411393567676
-2.9925570889063766,-3.157584636772622,-3.131066175754574,-3.065310686520267,-3.248476500059253,-3.3674988576994016,-3.2918873504808417,-3.366951801582048,-3.254972485497876,-3.2909090942853894,-3.2741999247808202,-3.274199921253614
-3.0681946741556514,-3.2091976294137616,-3.1602951425243972,-3.101372250273881,-3.2600868146693425,-3.3923133440874986,-3.312864422865194,-3.388003356519592,-3.273576133872924,-3.307278938321856,-3.3006158435020225,-3.300615840120783
-3.103322492314162,-3.2287001975590464,-3.1825748010031076,-3.131771860100467,-3.2653514099755205,-3.410060817677746,-3.3331128857317385,-3.3960748222431536,-3.292610963094358,-3.3244274316964555,-3.3279458719732893,-3.3279458687151373
-3.1331208084129587,-3.2602132082306587,-3.1729646199364883,-3.129347031504731,-3.207355328496513,-3.392002430589966,-3.286923747199472,-3.3470481290311125,-3.289360748778402,-3.3071367108249117,-3.335075676202029,-3.3350756726023603
-3.1703726199748776,-3.292808178452849,-3.178599696340281,-3.1426997521038027,-3.180053602945846,-3.3823917018574328,-3.2697692630673556,-3.329122239420856,-3.2932285434427184,-3.3114972565381704,-3.3154658102453802,-3.315465807528725
-3.1402375880659505,-3.252984481572053,-3.154423329534154,-3.1190103738906094,-3.0949910638002165,-3.3337654641188132,-3.1960065769449324,-3.238342902951398,-3.2710993913732453,-3.2646673099119132,-3.2930293788171316,-3.293029375877873
-3.119608247374932,-3.199891782794764,-3.149622868915273,-3.1167917851243176,-3.1222592692662525,-3.3654430689216888,-3.221055094935755,-3.284689815928298,-3.2901250864202196,-3.2837533414050264,-3.3188782070521543,-3.3188782042379428
-3.1157572950966532,-3.1902494908457126,-3.1422692000679406,-3.1026981461255136,-3.1395946681174665,-3.3433949042966065,-3.219830088694695,-3.298520727664691,-3.273543766164232,-3.2762952779315615,-3.3131217414354475,-3.313121737878711
-3.1656644806059866,-3.2186999094708693,-3.160313247488685,-3.121970373436852,-3.1874542608281535,-3.3628503512106223,-3.252205437242883,-3.329187786189427,-3.2878901768283844,-3.290471446292643,-3.3303024828753385,-3.3303024795124094
-3.1740828298072374,-3.2110410802257974,-3.18536525392308,-3.144701234248707,-3.150112507375344,-3.3039121372405154,-3.2226741865437623,-3.2418686092452336,-3.2642798966669693,-3.2662357735269363,-3.27084690477459,-3.270846902209225
-3.2764617766513915,-3.2413335369078373,-3.1796989467178625,-3.1458974870171246,-3.17612823470171,-3.302587394146497,-3.223493079732422,-3.264745192554935,-3.2852038578935407,-3.2861495979527184,-3.272997673797196,-3.2729976717773326
-3.214289288091029,-3.2319638686379744,-3.225292807486433,-3.1995155973135225,-3.2357876153958807,-3.30962864658715,-3.245476368933078,-3.3060608685090367,-3.2943648439666733,-3.2934689215421162,-3.276174282532202,-3.2761742809947303
-3.369938809422319,-3.3990311604087475,-3.2362976773110503,-3.214268810394542,-3.2490650369685543,-3.317131577891036,-3.242770800553213,-3.328973686916249,-3.30478576771275,-3.2882124907530916,-3.2972158085366905,-3.2972158069294437
-3.3299162533273967,-3.3599967451015855,-3.2454958247046326,-3.2271221283909224,-3.2681621659899993,-3.3320784066843885,-3.242259237669594,-3.3615330762144366,-3.3248026214315987,-3.308555329838047,-3.31726395862212,-3.3172639572359914
-3.336946425426377,-3.3509166075105714,-3.2500558120981067,-3.235121993253849,-3.2627456459056705,-3.337933475599876,-3.2533690477090844,-3.370849309046338,-3.3441729214233082,-3.328116947168464,-3.3322516694341773,-3.3322516684456387
-3.362056419521874,-3.3396787477003507,-3.2231348426794817,-3.2078705447590905,-3.188791702648973,-3.307807018938564,-3.1974389059676938,-3.3205868265357443,-3.333192699524186,-3.2700339320663483,-3.3336923060437824,-3.333692304605618
-3.353928468481873,-3.3373073441177334,-3.201595335663982,-3.1797995765757685,-3.160075947024832,-3.293840851633462,-3.1799005427744955,-3.3016916715225038,-3.3439043609001464,-3.2840101273571385,-3.3298798405030756,-3.3298798393302653
-3.3175014613720193,-3.29675298903764,-3.2104284491607222,-3.188245969640457,-3.2109928148108398,-3.316644870490321,-3.229980829662906,-3.344092523270599,-3.356865999272615,-3.3013494879372507,-3.3400129531231477,-3.3400129523920326
-3.3131374474826236,-3.266818023859657,-3.2226636818969983,-3.1985228841969366,-3.2327633030256337,-3.318896231340962,-3.2669387613362133,-3.363050156290911,-3.372882830762384,-3.3189666313632857,-3.347426561749552,-3.3474265613914427
-3.298100264467313,-3.2446109142081445,-3.248674783190956,-3.2292857532526327,-3.278032068479894,-3.340168973051486,-3.32259998999638,-3.3837710715985296,-3.384649676052826,-3.3347500684785567,-3.368276399254009,-3.3682763989406714
-3.291873811542644,-3.2326532451534797,-3.271633833063057,-3.2591278402268187,-3.301887944981621,-3.3505028912920602,-3.35498018782895,-3.3908879700474097,-3.394567556574164,-3.349136874588606,-3.3877729775841168,-3.387772977100528
-3.2838850689422845,-3.296089362859034,-3.2774751417006067,-3.2742842920358193,-3.2358212948371095,-3.3164819945518573,-3.299960663218238,-3.2989578616844595,-3.367024604971953,-3.330760805030682,-3.339059247363381,-3.3390592465361846
-3.219286993406777,-3.230667354700713,-3.2876683044336366,-3.2881301510106895,-3.254109750892373,-3.334952225085144,-3.324031518176096,-3.3045161590276804,-3.378700513308018,-3.3451618527262568,-3.3573861629887936,-3.357386162059338
-3.249879980984797,-3.26358085721085,-3.303114583915471,-3.3067783518114657,-3.2830114454908523,-3.359212596812301,-3.350784253076169,-3.3224237763621343,-3.3955381704213057,-3.3628094649350304,-3.37659754208866,-3.37659754143351
-3.1975456608851327,-3.2132015946462467,-3.31717009396494,-3.3270610074277434,-3.273269557351481,-3.3605180845342337,-3.34258441158817,-3.311020852166191,-3.3804467285531947,-3.3538346376501105,-3.364393375236091,-3.3643933741873266
-3.2537749974342267,-3.263122580098374,-3.3318394357777956,-3.348668281867152,-3.3121123638695598,-3.382530959118629,-3.356260959607076,-3.3188340170540394,-3.385336312431373,-3.36111968909635,-3.3763139852104347,-3.3763139840852725
-3.232374586594978,-3.2326127896671437,-3.3471080292765216,-3.3691793435440234,-3.335043870290081,-3.4003214230911043,-3.3593174381542763,-3.344471912571459,-3.401309060252242,-3.377995883622931,-3.3819409577489097,-3.381940957428222
-3.2545478206899228,-3.2475507753176913,-3.359598424484573,-3.384100371474008,-3.3674995337061095,-3.4214056880530244,-3.3871160300611978,-3.35721545158867,-3.417993403819856,-3.3951427343943825,-3.402256023191407,-3.402256023061272
-3.3146292504119215,-3.3461236251098336,-3.380616952297849,-3.407535664168971,-3.390483153921797,-3.4422210201211216,-3.40747517000675,-3.3866838256560663,-3.4342583715987174,-3.411912794841336,-3.4204111937191026,-3.4204111937776576
-3.249127136461346,-3.260471420509245,-3.392863143607954,-3.4119356695402994,-3.408299752366249,-3.4402494312152196,-3.4127727306397047,-3.406984148965966,-3.4471657979324988,-3.4245525087354656,-3.4318009337276303,-3.43180093425916
-3.2948676590915253,-3.316420699427025,-3.381716331506328,-3.4034377316910716,-3.404881945767001,-3.4391407032535817,-3.383037065973034,-3.3803930132053175,-3.45841253411426,-3.4367237529962424,-3.4245991559939943,-3.424599157065425
-3.354872456837813,-3.421258785624227,-3.3761172675796836,-3.3996766092988757,-3.4064438557584884,-3.445919101909122,-3.3739334676024457,-3.3689757889371434,-3.466685184299321,-3.4465408471165175,-3.441138539248727,-3.441138540249082
-3.28574481622651,-3.286463174584255,-3.3642907612096073,-3.3847989453738725,-3.322391560463079,-3.420937860980228,-3.3481231343104865,-3.3175015724107704,-3.4376662847927415,-3.406045330402006,-3.4136941658015783,-3.4136941662232374
-3.3004726870906604,-3.310940806085066,-3.339674478661083,-3.3667824063015033,-3.348235389366805,-3.445637505090617,-3.34755354624615,-3.3308361886185165,-3.453521361021103,-3.422743083508794,-3.427351492019458,-3.427351492669218
-3.2768600261644862,-3.303685976016084,-3.3422542668158313,-3.3584292499480757,-3.3620085676227585,-3.4671101271398364,-3.3700493392472843,-3.3524184651337654,-3.4711062896494296,-3.461210472669389,-3.462997991015759,-3.462997992516659
-3.264495210025462,-3.259209084876531,-3.3489509576169842,-3.362666213129425,-3.3697693349969784,-3.47926122989654,-3.4098663283596293,-3.3852954318431916,-3.4497811676102432,-3.447759707653095,-3.457920496616186,-3.4579204973824
-3.180920125082648,-3.2036514359283643,-3.3496852668190247,-3.3535071767349116,-3.3613600342998,-3.4617513947299856,-3.3886349692174917,-3.3747605807457015,-3.418382890896796,-3.427642174132204,-3.4387351409132734,-3.4387351405671316
-3.2089513571521207,-3.205175949766317,-3.3513493852807734,-3.347512984879595,-3.4123392364002187,-3.4923502204883996,-3.4091272329393916,-3.402931234108039,-3.4306960212190507,-3.4409333015317127,-3.460243477831261,-3.4602434774540076
-3.190644237646714,-3.2184846265400706,-3.351593329405367,-3.3443601294981917,-3.424522993213038,-3.509551829014413,-3.4204736666569793,-3.419082736750356,-3.44344690494492,-3.453637836459684,-3.473122992284954,-3.473122992074341
-3.214757883094041,-3.2354692511629217,-3.350849721248234,-3.342161648532194,-3.4316167941987348,-3.514512332629362,-3.439247358876565,-3.4266279120128225,-3.4523696450744397,-3.462440827981123,-3.4700218968232504,-3.47002189725744
-3.2515833634272275,-3.248280693190064,-3.393811051106726,-3.3791649545525586,-3.4467741417545383,-3.4660127093999624,-3.4000563312964283,-3.4713137439553887,-3.4613841247408086,-3.475407293841168,-3.458913630539676,-3.4589136312915834
-3.2937125560815215,-3.3006113403138304,-3.407020829265729,-3.388492919972113,-3.499975496990046,-3.4821216357649964,-3.4172225844604696,-3.4826104042884944,-3.475346252050845,-3.4896544829797134,-3.4805609401063755,-3.4805609408013316
-3.3659757453172285,-3.3770743711919415,-3.4057296648991535,-3.386139117605098,-3.5115627401627427,-3.4938023665650944,-3.422778793622082,-3.4831012323497155,-3.4901887165452066,-3.504612759394269,-3.4923055410858694,-3.4923055424131997
-3.325010259641246,-3.347978160093352,-3.4121113270883257,-3.39374757994252,-3.5143031281405324,-3.5109960837696406,-3.4439720450908347,-3.495889243511048,-3.501500139644614,-3.515933192584065,-3.5098973598199787,-3.509897361171264
-3.3152240185914086,-3.3322981823237097,-3.4093319897929084,-3.371049820672015,-3.5386291778873487,-3.4951625520098846,-3.424745719610777,-3.494994170796069,-3.501244935249806,-3.5210339431808664,-3.5121727218404484,-3.512172723613442
-3.3282636344729606,-3.394777957495188,-3.4009958452062548,-3.358749437352483,-3.5366713828297636,-3.486677243306705,-3.405475959246217,-3.5058242019371186,-3.5163018345950325,-3.5356041350381187,-3.518779363685789,-3.5187793659244537
-3.27139648797762,-3.3303332296316555,-3.360425281725467,-3.3143132603896523,-3.3834706293253545,-3.4365448722184224,-3.334163384682459,-3.4022868420792967,-3.477648932319437,-3.4938401805087778,-3.4911533246862803,-3.491153325703798
-3.23707817767463,-3.3090943629720204,-3.3734632871987698,-3.3282234544599127,-3.370935568065871,-3.4358004792210126,-3.35798456845621,-3.3886317094272176,-3.4366517622744914,-3.4582748178768266,-3.4458034717123596,-3.4458034719477286
-3.257917071892934,-3.3213464131971246,-3.383604056526604,-3.3394038092356624,-3.413221794872441,-3.450615120177228,-3.382230258483513,-3.422725847457,-3.439219287717093,-3.4630224721353264,-3.451037444253092,-3.451037444727139
-3.245111489102142,-3.2995408119524736,-3.3799151656647064,-3.324513272168819,-3.436225868187737,-3.447451385184578,-3.359443702311888,-3.4282134036366148,-3.439356412641549,-3.4667922457072917,-3.4619488338524924,-3.461948833776173
-3.2108278622299946,-3.2595466102141444,-3.3915185421135243,-3.335378551847864,-3.4731863980956907,-3.454358176965063,-3.3692466483880215,-3.470530783294731,-3.4543378631519763,-3.480547846586541,-3.4653788354010864,-3.4653788359840387
-3.211685885081047,-3.2382950102796437,-3.3849113991123883,-3.328645173642152,-3.4699232891291576,-3.4541824620222275,-3.3481136035255243,-3.4739567824702933,-3.470166868936326,-3.4949910455221547,-3.4772252683911287,-3.477225269464866
-3.2493327247476502,-3.270829680556631,-3.36694770005767,-3.312617879223029,-3.3978438324539284,-3.4241751145010424,-3.3205833906777644,-3.4018069645326903,-3.4708469345043107,-3.4967219768773576,-3.444295155151689,-3.4442951575917187
-3.2409290152271937,-3.293078540053625,-3.3635863274014524,-3.3126994342248794,-3.345957808410896,-3.400607929263842,-3.298792218093948,-3.4042322877124853,-3.4557476438731793,-3.4816825780230825,-3.42158464990459,-3.4215846524649223
-3.1147806736588253,-3.131244093695254,-3.2723358180713027,-3.218917427039235,-3.272025317723822,-3.3307211359649394,-3.1894760775917494,-3.271717905997894,-3.4399120923709514,-3.4713023849310414,-3.3733869242815495,-3.3733869265705967
-3.1159682412058727,-3.1910538514808593,-3.252164449323196,-3.217203401053421,-3.3313632643300775,-3.351079914980639,-3.2134797501638044,-3.34515619453914,-3.553933241905559,-3.5617117036616186,-3.451066003178917,-3.451066008711458
-3.0095285187160465,-3.1441777166334335,-3.2076579692138902,-3.176010549139068,-3.346659091302505,-3.348422601914678,-3.2196326534787527,-3.342679331237743,-3.567238004161046,-3.572853437119748,-3.4666383271117356,-3.4666383327563657
-3.037596501863314,-3.1478267129250286,-3.186370533542838,-3.1543706474754796,-3.3473054524481163,-3.344207410549733,-3.2149646915225842,-3.3286052824999373,-3.565676964865074,-3.5729904861199557,-3.4706428971319285,-3.470642902761426
-3.125965215831009,-3.199415655703157,-3.1674770141743958,-3.1337693881959083,-3.354398488957391,-3.342023418790181,-3.2220207949255673,-3.3312843700150787,-3.579368590554161,-3.584338211060902,-3.4907577658220226,-3.4907577716080147
-3.2078735119031365,-3.292496189571253,-3.1652798582350536,-3.1375366055740157,-3.3416560547559016,-3.3465517449918125,-3.2261118882407884,-3.326966514101296,-3.565280823113173,-3.5717904757655825,-3.489840649738951,-3.4898406552048002
-3.1110613335977617,-3.170814767298709,-3.1393137175517847,-3.097676745791249,-3.3028313063846775,-3.313303918323126,-3.1782893815389763,-3.2708520604356193,-3.531274229695744,-3.548627609420332,-3.4736666083761176,-3.473666612244074
-3.1604742365368104,-3.2619215333886,-3.135346068227353,-3.0918920744823835,-3.344663295519854,-3.3271069235211024,-3.1892152362160977,-3.312239775026516,-1.988306680238992,-0.7477622967451096,-3.4704109040894373,-3.4704109086443724
-3.2328832098733558,-3.377289700857224,-3.160263427269931,-3.0812975539723304,-3.1349584231015024,-3.191986493623015,-2.9762463666676915,-3.071023606483454,-3.4640663540672265,-3.4978082251836717,-3.399180851330741,-3.3991808555485004
-3.2238414249052876,-3.393068819195991,-3.1413918909681153,-3.0417012628752453,-3.1770029448893125,-3.2034981077514995,-2.999446780165363,-3.081833344250197,-3.466005151367597,-3.4972322898389914,-3.375203866577408,-3.3752038719940973
-3.0147721921274355,-3.1965040921493117,-3.0966060175626704,-2.9974863014008575,-3.197400663024805,-3.171692001837678,-2.9883265642862167,-3.114562560620103,-3.460402706162979,-3.4938439961569046,-3.373826627967284,-3.373826633082848
-3.089967821279952,-3.3500985121470155,-3.096999452119228,-2.995365795667353,-3.227956645758578,-3.1613328734104527,-3.0121564773588907,-3.190372879103199,-3.465636820402084,-3.4520647952318653,-3.3832670733038883,-3.383267078433057
-2.9661220359469933,-3.245494323577041,-3.0523806880868243,-2.9556740678555355,-3.0189349326235875,-3.068442440281338,-2.9252909717772924,-3.043716492844797,-3.365971400581932,-3.3967890187788194,-3.331205585504904,-3.3312055886780847
-2.9286666215043713,-3.277351111683071,-3.046801642277964,-2.9504625154467523,-3.055887844787369,-3.0756132967474366,-2.9755470802126642,-3.1483613297117543,-3.3639961522128328,-3.3938370887546654,-3.3474067702211525,-3.347406773266003
-2.9703265803416374,-3.2947252914331786,-3.0538035774485737,-2.957457940372519,-3.09663105639586,-3.081877199474945,-3.02522376900551,-3.2234944238095338,-3.3749760232729162,-3.4017475082031554,-3.3702721112582164,-3.370272114260792
-2.9871560543910274,-3.2534787861189765,-3.041328252835191,-2.950822044570465,-3.05763743761185,-3.074509560741555,-3.0294700738926377,-3.2236028721646965,-3.366316642556605,-3.3899585313255653,-3.370960661527171,-3.3709606641230203
-2.9958860604535467,-3.2428133211159103,-3.054082423783107,-2.965043827447996,-3.0653327479337777,-3.0906209753377447,-3.0600510010540383,-3.260336484525318,1.4691458439062646,2.987600307843549,3.1026132748483963,3.1026134743230207
-2.963952504189627,-3.1818511181923808,-2.981432129856504,-2.905793875616502,-2.8717658993721553,-2.993258282153692,-2.9175357866695633,-3.0384507718970486,-3.212732165441089,-3.2707105262785268,-3.271671419502969,-3.2716714166357126
-2.8679591257726402,-3.0360515979125036,-2.9619140079293835,-2.892558996769549,-2.939097472740253,-3.0210520248914228,-2.9532021052019566,-3.1175442440755767,-3.231336827715228,-3.2833977980317535,-3.2859818081556753,-3.285981805756079
-2.9010657751798847,-3.0187772198389493,-2.956285696846484,-2.892827186630139,-2.987708829499186,-3.0444108411645274,-2.9846823981417416,-3.1846918708113625,-3.24552754055264,-3.2949172226136434,-3.3062912115711116,-3.3062912091579304
-2.8721206360285017,-3.0552943730581505,-2.984462026642216,-2.9145737727678216,-3.0028352718828915,-3.043513106799694,-2.986136758478262,-3.14473455703013,-3.202012662456535,-3.254253672098998,-3.26311045901545,-3.2631104558687776
-2.8872394109879638,-3.115318753240835,-3.018628211278306,-2.9469549203568697,-3.0550724929761865,-3.074731447510874,-3.033680693390019,-3.2487278819171044,-3.2227009240355233,-3.270115257597851,-3.2859293230680695,-3.2859293201266677
-2.9059966666439556,-3.1795030278888055,-3.0563569203353653,-2.9797232171655805,-3.0853414458744717,-3.0991465477221576,-3.076277028621253,-3.312418975291485,-3.2373265777540103,-3.2817213489119146,-3.309513730034336,-3.3095137270691577
-2.9698847266185355,-3.1260674328936253,-3.0588566615284134,-2.9796592211451554,-3.0954270425376285,-3.0920133947008863,-3.0770951091943552,-3.3061716599051474,-3.245550850746245,-3.283869417404702,-3.308229829904783,-3.30822982752417
-3.0424727875681885,-3.159320554046487,-3.0596091136569155,-2.981387021982973,-3.108296633134363,-3.1121872144857505,-3.1096115253633525,-3.3426791476171247,-3.266907655257746,-3.30143495414647,-3.331919808807416,-3.331919806566469
-3.0502096268882846,-3.1965150653562544,-3.0823439285230747,-3.00360410738565,-3.1111657483439483,-3.1342748770091386,-3.1379365295458115,-3.367275985227905,-3.2817089051450434,-3.3138672234787503,-3.3532767628062787,-3.353276760557176
-3.0931616936384283,-3.249350152872884,-3.0801112519019807,-3.0074327867601456,-3.076554363411874,-3.148671601725776,-3.1392851412756024,-3.354065219042619,-3.2899006727817315,-3.3175574407945847,-3.3675682105257545,-3.367568208194061
-3.1210843747195183,-3.231246269695987,-3.093063026781482,-3.0207462566718473,-3.0849385256219146,-3.1604432964626064,-3.141039494826178,-3.3542180809739532,-3.3097967104303088,-3.333949126520268,-3.3598085845300245,-3.359808583524131
-3.1344821164620233,-3.2555122371992566,-3.1353261113968918,-3.048531200452588,-2.9730937874873073,-3.1054522361835066,-3.034376521210238,-3.042302951443877,-3.1821036766533384,-3.2176533605953113,-3.2054761108892746,-3.2054761076903397
-3.1623103390698057,-3.2685654820218484,-3.2006823889302987,-3.1105802315844384,-3.0662367341580063,-3.1183000566796473,-3.06679008765314,-3.1502542359264787,-3.2019820447341507,-3.2324623566722437,-3.1948546478649327,-3.1948546454387303
-3.173587946523857,-3.3069525894782124,-3.2322787358540603,-3.137986448916752,-3.1246144909471707,-3.1423372575427715,-3.11734119099891,-3.224554418401161,-3.215558944794119,-3.2437234261324983,-3.22035155359582,-3.2203515511709506
-3.235340535879133,-3.3485262654126937,-3.2960348015851366,-3.21791458824403,-3.112430414315615,-3.108490934544914,-3.0748111118341375,-3.0866118934074365,-3.137064120052695,-3.166762986791481,-3.099019196327622,-3.09901919373601
-3.001032483206327,-3.094916694375568,-3.3287999731013977,-3.2439615143494756,-3.141426888817243,-3.0739091766463056,-3.0228454162025917,-3.0141463774845794,-3.0909187512377443,-3.1250108994727377,-2.9784567605353978,-2.9784567589111965
-3.1297756251973397,-3.1681841144543563,-3.3085302290645924,-3.246055942434625,-3.2124434347326076,-3.0964879760990733,-3.0544903309118645,-3.1063124815834984,-3.09694327186259,-3.1280614899738453,-2.9999975602633864,-2.9999975587271273
-2.8945146433623963,-2.980143767113192,-3.1324407149063616,-3.11432617569089,-3.060160877028473,-3.049424831214005,-2.965007845822026,-2.9467121188026297,-3.0322180630807645,-3.0627592218369397,-2.894489580416379,-2.894489579675696
-2.9779298118367694,-3.0578948441817895,-3.0852516090641773,-3.063149235354394,-3.061968918999325,-3.058774518343507,-2.9649378475026866,-2.988054776097634,-3.017781441310149,-3.0462972119644,-2.8977999332536255,-2.8977999325435153
-3.021216501239376,-3.0404838608163143,-3.0374454747266766,-3.0042272705400017,-3.044427793196774,-3.0242261458516553,-2.916929175159206,-2.9538445283316586,-2.979589047472711,-3.0072870949753536,-2.8491288374479993,-2.8491288367871506
-3.0038170231065457,-3.0649764264568056,-3.0761489967815723,-3.0349386527924382,-3.1252956338275237,-3.0647305743800377,-2.9567781572949867,-3.030386835482294,-3.003796579133271,-3.027912727083244,-2.886061362175175,-2.886061361612608
-3.0064910525666786,-3.033820702268612,-3.1241940902359935,-3.0700800843424405,-2.9667958139484316,-2.987983070409849,-2.890980346540487,-3.0093706393387376,-2.9853028299829765,-3.010780155169839,-2.880989724806436,-2.880989723954332
-2.898499342099046,-2.9230720183829937,-3.175576870386669,-3.111177145846299,-3.0270347673897176,-3.0182309874322892,-2.9448932376240835,-3.068602772497436,-3.008112500174919,-3.0307803897127332,-2.917576984134302,-2.917576983392665
-2.9123385389902934,-2.9620613936975286,-3.223131472008957,-3.1613693735324357,-3.078779654022808,-3.058701291133645,-2.9848497362996387,-3.1330727855391096,-3.0334275334451797,-3.0527466584928993,-2.9490406638609556,-2.949040663680508
-3.038180193041008,-3.068293517743429,-3.317129983687661,-3.2563239282924563,-3.177205474538495,-3.1031821251201404,-3.0008368155252367,-3.213529500375196,-3.053183561122113,-3.072522331073631,-2.9813554431173017,-2.9813554433093525
33.15208063145015,37.345883813299096,20.854627551608363,16.57637867935296,9.352645467104521,5.502979032931323,-2.9840206641767346,12.862618145767376,-0.4073670300232686,1.3388740208048682,-2.964870848871028,-2.964870849588902
-3.288499163126542,-3.340975790502805,-3.1626350317578416,-3.066701335422798,-2.781401871616969,-2.86880332179876,-2.748503178846977,-3.010547189472195,-2.9292998482115173,-2.9470372618799074,-2.8553580499976885,-2.8553580491709227
-3.2722805844168312,-3.325556921070846,-3.131071526835423,-3.0159788745417835,-2.851873942122076,-2.856655562617553,-2.7747535476720393,-3.001800268365217,-2.921259492548587,-2.9369330357391634,-2.8625924726058516,-2.8625924716078313
-3.277289208749961,-3.3294385507763726,-3.109804941892776,-2.991064293111378,-2.93706345284852,-2.8565852986152684,-2.8130779618075397,-3.033334453942349,-2.9380780324872804,-2.9485165120863472,-2.885428241365287,-2.885428240817071
-3.301680598944568,-3.3553399471057412,-3.1082215311673767,-2.987416859018838,-2.9842823331573234,-2.8845719519163406,-2.8356215833844103,-3.077739155957946,-2.946736994556533,-2.9511958381914907,-2.881776312031051,-2.8817763123178297
-3.298391293468933,-3.349435455193963,-3.0494288557776077,-2.9428508435878404,-3.029398397987521,-2.871213392992118,-2.8412801747462924,-3.0508156535862936,-2.9503374168329226,-2.954832250399705,-2.890084830970924,-2.8900848311663943
-3.300550352816841,-3.3481352728081735,-3.012163069670218,-2.9122538749951996,-3.0437221384662823,-2.8569301684420405,-2.846202503371842,-3.0637269353915775,-2.9662544810646603,-2.9675460061775545,-2.8926800872284217,-2.89268008805131
-3.2970525126128774,-3.3393141790236944,-2.959624369386158,-2.867230997740664,-3.1077336415554515,-2.861426534585041,-2.8861051231220043,-3.111987990475309,-2.983793660159127,-2.9839232330443632,-2.9266773573172022,-2.9266773585780195
-3.302316647474198,-3.3413782566527246,-2.9207731890062236,-2.8439425538672074,-3.159761062674818,-2.884860161582669,-2.934399480374697,-3.160427436879869,-3.0026398140313364,-3.000997346004185,-2.9611950902395883,-2.9611950914854095
-3.3077621915765225,-3.355970506539986,-2.9042601513306407,-2.853439200598895,-3.1777959352952747,-2.9073048914536876,-2.923363578337378,-3.1555284505534082,-2.9761189036867846,-2.9740936612495275,-2.8937839960683367,-2.8937839978574926
-3.3211251735917644,-3.3683011077928438,-2.8960524147379054,-2.858009977627095,-3.2186600345601057,-2.962583483564524,-2.9588326129737275,-3.219952943184418,-2.99442593994649,-2.990430805352443,-2.9316733568916673,-2.9316733585952357
24.576134651441052,29.364458909548958,-2.9096985950354135,-2.8808077798325726,14.525435532814353,-3.0257493162734956,-3.0052354434397186,16.205421129321532,-3.0167022085255897,-3.0103314568451305,-2.9713794982411663,-2.9713794999071412
-3.3169696788446226,-3.337406826029165,-2.86190967638485,-2.8299919710682753,-2.7819766563875343,-2.854441297645461,-2.7570551445333584,-2.855869893821405,-2.891866266172233,-2.8928840609578477,-2.7526812432316348,-2.7526812449009244
-3.3139219500449233,-3.3327122223445835,-2.899517226251436,-2.8586534690500365,-2.859612205210715,-2.8741330033434873,-2.801138913402827,-2.9248084051220675,-2.9030323095352752,-2.9032022484341877,-2.789079950405471,-2.7890799519372074
-3.3179579013969263,-3.3341159345025955,-2.956797189779077,-2.9091828451435786,-2.927521268343278,-2.906479427325586,-2.859779346839147,-2.98609821765243,-2.92762625502088,-2.924822248874922,-2.831932943568841,-2.831932945129793
-3.3264055328746345,-3.340136917368958,-3.015159561871718,-2.963085644482038,-3.0003173885929715,-2.9593255568790706,-2.9247077411130924,-3.0561360344455153,-2.948300192870318,-2.9432570966986518,-2.8714540588696806,-2.8714540604972676
-3.3265227003251123,-3.341103133664709,-2.9859195265168244,-2.9282888896199237,-2.933325941357533,-2.9273996340656927,-2.8960576684239676,-3.0771033004910158,-2.9376502123386623,-2.931588590813411,-2.8561749081839483,-2.856174909768658
-3.333058741177749,-3.347196838199464,-3.018897042987846,-2.954100087094551,-2.997061282849192,-2.9659833650456706,-2.955194703072721,-3.1596148666007653,-2.9583339066874195,-2.9501002013556588,-2.8982695841051482,-2.8982695856806426
7.765685182921047,9.020490099003647,-3.061829663236676,-2.9942143282880247,-3.0431693372753887,-3.0180394374762307,-2.9984130595984757,-3.213293647736839,-2.9647349226970325,-2.956213264781267,-2.9252915106244437,-2.9252915120001868
-3.331221304725787,-3.3205910260234477,-3.013878846632613,-2.9403948370297703,-2.79512144377278,-2.8977951572380314,-2.840249643001541,-3.1506349991244735,-2.8930729841924405,-2.8899012562968656,-2.8275557728654297,-2.8275557736992614
-3.3303695440251433,-3.3211105176752334,-3.0317705892369275,-2.9473543803244997,-2.866113754123248,-2.9149245765190175,-2.878242777912155,-3.2022631662914764,-2.9008177596496827,-2.8964154568833713,-2.8410605325422678,-2.8410605334301797
-3.339745568164995,-3.3307144639876656,-3.094285414353104,-3.0040358528748174,-2.9455589084683593,-2.9749127260004693,-2.9303019187954833,-3.263144782051132,-2.9211232627611485,-2.913753393008805,-2.8750843831512825,-2.875084384265784
-3.348520141704478,-3.336346263033266,-3.142867926275641,-3.060443923432574,-3.0212984871448687,-3.043076059869432,-2.9919805943232163,-3.3480056907049844,-2.9411601377565932,-2.9327182453196374,-2.9191650195433585,-2.9191650205988253
-3.3581880938151407,-3.34421048013642,-3.1806114201222533,-3.1080422224022923,-3.0777770143921326,-3.1106881694746336,-3.0376726732661017,-3.368084985615187,-2.9574151871722343,-2.9475329703005846,-2.950332572912039,-2.9503325739310213
-3.3634863009466422,-3.3475923998139656,-3.2113927652204968,-3.147860636285488,-3.1266293641375644,-3.1650429667216744,-3.0907941715312943,-3.419407089741014,-2.9813568447419425,-2.969552549846527,-2.991387586408475,-2.9913875874540525
-3.369965162734794,-3.354425271237058,-3.254202394649466,-3.1977544106554796,-3.173234886115904,-3.2222146541004673,-3.13685617727365,-3.462381048653061,-2.9987845681444747,-2.985650701522917,-3.025709920983447,-3.0257099220439043
-3.3769007679501497,-3.3629956241050416,-3.2974371627862924,-3.249475163997265,-3.2352924675836623,-3.283366344961759,-3.1708726007672374,-3.4919951690475814,-3.0171474734425106,-3.0022812564886614,-3.0517990594137343,-3.05179906063793
-3.379742252053461,-3.3696592299509094,-3.2717506297771655,-3.234803452348721,-3.1771781555631384,-3.2661865873995386,-3.1249220628244676,-3.443073217796399,-2.978383785068338,-2.9684154396900935,-3.0113520840360026,-3.011352084594456
-3.3764986692612498,-3.365619742162915,-3.26654670522582,-3.2332259192803425,-3.2351004625742252,-3.295189985379726,-3.1659785606468938,-3.505803331931457,-3.0020331706046157,-2.990268858450328,-3.048178778316654,-3.048178779051348
