lstm_normal,lstm_student,gru_normal,gru_student,bekk_lstm_scalar,bekk_lstm_vector,bekk_lstm_mix,neural_bekk_asym_diag,bekk_symmetric,bekk_asymmetric,dcc,adcc
-2.930528472613258,-2.757806956325,-2.9046620482644325,-2.8320048452431874,-2.8774221907999675,-2.873729323621978,-2.9143330851771987,-2.9236786854826375,-2.8210216607903087,-2.796680735341916,-2.8565428335262615,-2.856542828757517
-2.956069613661974,-2.7883610194235033,-2.9084169039198544,-2.8410399003408355,-2.8879568617792257,-2.892704330570443,-2.903646349561021,-2.929523436665333,-2.825788055265052,-2.8020791434070067,-2.8723034227337885,-2.872303417780596
-3.0058405890625126,-2.828968239205523,-2.9035378937218206,-2.8362174251230767,-2.87438106446975,-2.8769796946484236,-2.8875402387873486,-2.905915834269284,-2.8296236266106214,-2.8055498825854563,-2.8672260318984573,-2.8672260270179026
-2.901946336580635,-2.7713999318378724,-2.9207653693657702,-2.8645856207628664,-2.8802203462250118,-2.8775229634742345,-2.867663484794284,-2.883452147528617,-2.8347657444200243,-2.8130565974228454,-2.8861432632792177,-2.8861432582606867
-2.937541630140358,-2.7830809438488333,-2.9098326097924017,-2.8429950040786,-2.8569750532718348,-2.87333262829912,-2.8230171105679887,-2.824762225750968,-2.8205657195314178,-2.8010688101309493,-2.8623706249295813,-2.862370619407901
-2.7873908134238023,-2.662626734292759,-2.8781436533577756,-2.8391421220478836,-2.812241772376991,-2.847404382865165,-2.7600878349786413,-2.782031192556456,-2.80791102163015,-2.784518720286146,-2.847485330842143,-2.8474853252678423
-2.802890633085968,-2.7156589135396265,-2.8807924628576838,-2.8494930557512714,-2.813538634399775,-2.8476406592124426,-2.7795392319742303,-2.7889377133363586,-2.8244114025992437,-2.800231992899089,-2.8725766603547456,-2.872576654930312
-2.8563125269054193,-2.774699175612107,-2.871431309204005,-2.840399843362815,-2.7881571379416186,-2.799809143956071,-2.7722811312300317,-2.7780910711238906,-2.8311228879009884,-2.8060504587378374,-2.841253718759831,-2.8412537149495645
-2.822580428470606,-2.7529019848166585,-2.8496923246823633,-2.8097252215204125,-2.7672522722650577,-2.7623667813604644,-2.760442971483122,-2.771617032035678,-2.8342636845040774,-2.8095870889319996,-2.8536034566670128,-2.8536034528370897
-2.8083885520412917,-2.762675196547985,-2.8262849495780813,-2.780943834121793,-2.717804885943276,-2.709764202271627,-2.7165871508479498,-2.705055247892595,-2.816802996849286,-2.7939148276317765,-2.8124346056012,-2.812434602158652
-2.7843692396357014,-2.7318840008569976,-2.790305105612391,-2.73942550789728,-2.710951639570904,-2.6712623188874014,-2.6730551320869345,-2.6798846577857702,-2.8078442352641475,-2.785399647328846,-2.78291960158264,-2.782919598105694
-2.828401306618841,-2.7459950802778725,-2.82256940178837,-2.7704433363842895,-2.7969991052820413,-2.7008433098760163,-2.7302199943288814,-2.718661204356561,-2.815733469165826,-2.7932601128199908,-2.807130846377879,-2.807130842741377
-2.7880190118557184,-2.674333105569759,-2.832215041281844,-2.7790834054100397,-2.8426567608690636,-2.7342060914923634,-2.7798231097865416,-2.7626234981610764,-2.7999714388654895,-2.781791966718017,-2.8119669915504764,-2.811966987379508
-2.820496389072736,-2.6660978062122775,-2.843924060854943,-2.789277747329419,-2.892787798672221,-2.778573489033283,-2.8267079258482575,-2.817560485721934,-2.803008409595106,-2.7861020317214713,-2.8322598347689927,-2.832259830230728
-2.743200338527693,-2.626317587042556,-2.8173462057324574,-2.793472659269794,-2.8866803690420464,-2.7634097342358395,-2.796790252834658,-2.789525035538316,-2.813570208707793,-2.798346657995681,-2.841557792100558,-2.841557787811194
-2.7672542985810917,-2.6374869553122946,-2.8615303521965307,-2.833763851358086,-2.94889959811868,-2.822689792808016,-2.8388783921453653,-2.8100492984562693,-2.8336955641516632,-2.8169235165251774,-2.871999550987082,-2.8719995466725203
-2.7303555985241648,-2.6317162854840825,-2.853768256603143,-2.8396817626887163,-2.917997809294534,-2.8108510221571206,-2.8141913307960067,-2.7963688071006305,-2.8465027568177104,-2.8304399714826602,-2.880480796040887,-2.880480792242
-2.7585751974740473,-2.654922274303278,-2.868225996891074,-2.8487738009309354,-2.9255626841753264,-2.8201575574311493,-2.8050346836172393,-2.8024924074113677,-2.865497154995594,-2.847994630686951,-2.9120231375969343,-2.9120231336970943
-2.853876027081599,-2.7625641503110496,-2.8863614133686584,-2.8653603496786704,-2.949098919447837,-2.8567680929983803,-2.819317003229474,-2.8235860455984527,-2.8753666808737206,-2.857507284606431,-2.9339762374684466,-2.9339762333762143
-2.863403247201374,-2.780915780913019,-2.891780814694187,-2.87400516040892,-2.934896928645621,-2.858021082886078,-2.8154288603227418,-2.8377891004889366,-2.8934679621260426,-2.874028913398529,-2.939737525529288,-2.9397375220200566
-2.848818997500148,-2.78220707390707,-2.854427195201682,-2.830650610981041,-2.8290682190326866,-2.822977997466461,-2.7610917240564485,-2.7929844861652313,-2.8745412997997133,-2.858819279526946,-2.939100318561508,-2.9391003143046106
-2.7940889118877013,-2.7175994018948875,-2.7816877729209093,-2.7407513436420965,-2.646399964595393,-2.702624845318119,-2.6532736871385807,-2.634071682933751,-2.815715300346036,-2.805254108242438,-2.8169883165877616,-2.8169883123805253
-2.6588227462143346,-2.5861553923156135,-2.7054224282808272,-2.6791848514188694,-2.572590937605284,-2.635324072182896,-2.6128615370285058,-2.604512784435094,-2.784570050539973,-2.7793961133992893,-2.7957432499493406,-2.795743245315623
-2.722944708487475,-2.7240568419436824,-2.6791006716244246,-2.6433096193461667,-2.527264391894135,-2.5586875717196973,-2.584549020831057,-2.60215406069646,-2.7849890878503136,-2.7772781233786694,-2.738320000443955,-2.7383199973994667
-2.7411762639058503,-2.720104089536516,-2.6574094464315254,-2.6105037819195367,-2.5323445955436448,-2.5059303317674826,-2.577270653193665,-2.611125440793603,-2.777111951247471,-2.7699782664312487,-2.738647895774024,-2.738647892387684
-2.680041241401981,-2.627937109278865,-2.6867930547002494,-2.617691263941364,-2.4771879850795937,-2.420071312480971,-2.4579308584978836,-2.5138433296806024,-2.768100437634111,-2.757429159556063,-2.6212082101427727,-2.621208209429416
-2.6441820362238553,-2.590314017765917,-2.638287146563643,-2.5759710153182223,-2.5329901982820417,-2.4171556311619358,-2.4836372403959133,-2.544672704059435,-2.782868628283043,-2.7710783152607683,-2.645953634586113,-2.6459536337086305
-2.6554086486633377,-2.584404158838441,-2.6021222974208422,-2.552520937902484,-2.5514907289430155,-2.4088648229248473,-2.506312222959125,-2.570028896141412,-2.7988376486415385,-2.785632449722269,-2.666252622991325,-2.66625262211233
-2.6904069006075764,-2.6179801179268396,-2.614527350483619,-2.5673828462077153,-2.5808069143906156,-2.4066125213820517,-2.496917766910076,-2.5748058969678755,-2.8147609297991525,-2.800115054713385,-2.6410522295197776,-2.6410522298758803
-2.644145129618848,-2.573824817225023,-2.570410706199501,-2.531537178194494,-2.653913888770451,-2.4284971322945585,-2.5214512264046967,-2.6111570058106404,-2.8076655460845914,-2.796987148535038,-2.657480750296345,-2.6574807503283533
-2.6904766187017493,-2.588877448930643,-2.5501021850689853,-2.51900567021925,-2.648128714164655,-2.4100784748667405,-2.5089046687082996,-2.587689127534195,-2.7790431518094025,-2.769663815637707,-2.6391605180453683,-2.6391605175193256
-2.6903416370093636,-2.5381382918278956,-2.5502186243855722,-2.5244236781928593,-2.6832193973467726,-2.4217515129700105,-2.5345327158936457,-2.6266274698878553,-2.7902761347197016,-2.7793459528660285,-2.6581074370981534,-2.6581074363078048
-2.7121532491097966,-2.5900117063104355,-2.581403822957948,-2.5523133210492825,-2.7062066571000223,-2.437066520647027,-2.54507221102487,-2.6338332380021163,-2.8004527498544776,-2.787439297667432,-2.6633212982093237,-2.663321297346179
-2.705542721021021,-2.5718160783021444,-2.605432316965011,-2.583265871463304,-2.7286879970818245,-2.4541198989631323,-2.5597880917173277,-2.65145935655186,-2.8093916899331846,-2.796469759118965,-2.6904263296928055,-2.6904263284857857
-2.7321848193032894,-2.6010321720344143,-2.61335257350024,-2.5920315354398795,-2.745036707855313,-2.460957603708234,-2.5805736807286577,-2.6770043552696263,-2.824516495323455,-2.809943692405848,-2.7123663730132317,-2.712366371732481
-2.7439930967425195,-2.63166901163016,-2.6223282304688507,-2.600392454474806,-2.726042236105058,-2.475624838884025,-2.5859849410282325,-2.6791975399951884,-2.824058783397255,-2.8060454215534616,-2.7311894477885645,-2.7311894460994792
-2.735232154730247,-2.558337661389829,-2.604857234670601,-2.582326343541928,-2.724783662312192,-2.508778739990748,-2.611889504859237,-2.7047578551547553,-2.7978425870259853,-2.7846084826148436,-2.7409496799420405,-2.7409496773793665
-2.6547674381626596,-2.519439378595124,-2.614693509919608,-2.6071867717507677,-2.701802504585912,-2.4959623641913726,-2.609131548246111,-2.7044362686456567,-2.8031810131556107,-2.7917786453694275,-2.749614205413866,-2.7496142030441413
-2.6846261600120966,-2.5698811757912496,-2.614324701671415,-2.599374553859278,-2.724825988276498,-2.52312504100126,-2.6363785419813035,-2.7432804878789483,-2.810758946843625,-2.8000858038577356,-2.774473201206148,-2.7744731983357465
-2.717625244552841,-2.5450072905216627,-2.631947966046761,-2.617388686283691,-2.7409203296530342,-2.5605519103534564,-2.6722483878749945,-2.765208442710142,-2.8255386596107686,-2.8135050211572814,-2.7936329342875337,-2.7936329312678416
-2.759983207960468,-2.6100513761566138,-2.6759285610957226,-2.6505728520208502,-2.7209234249996674,-2.58535947952499,-2.6655148118841687,-2.714861410396123,-2.7973246739579856,-2.7858408155474277,-2.7618417083896984,-2.761841704925037
-2.849122668610108,-2.7107683929055733,-2.6788168605856573,-2.64579651962562,-2.7225074293934783,-2.5947145293230256,-2.6748323296268754,-2.7207307071993427,-2.7992744390348054,-2.7872595409796888,-2.763265066492099,-2.7632650628345683
-2.759008896066494,-2.582262192476609,-2.6770361757516437,-2.63886890479292,-2.7799328659583065,-2.6235029961372924,-2.7287422261436185,-2.7723757160582005,-2.813419546922974,-2.8008040547160222,-2.7888537351410334,-2.788853731194002
-2.8331226405415952,-2.659127295388389,-2.697116391383656,-2.6651832856069855,-2.830461140299352,-2.673652086670668,-2.784007553081661,-2.8282822392489724,-2.8272088092782184,-2.813504198977596,-2.8158895724897897,-2.815889568333063
-2.8566672921411227,-2.6723249394442044,-2.705786404650712,-2.6667213151379907,-2.8107269286246463,-2.6729344556165215,-2.7716567341123026,-2.8341689632781026,-2.833324136075988,-2.8181802389635355,-2.800113112216606,-2.800113108422764
-2.855934664550897,-2.6815321931385947,-2.7471880370139914,-2.6981102522437728,-2.8314685017610994,-2.6791590628262694,-2.773131394424455,-2.829126740911586,-2.8419896955146,-2.8258225838725766,-2.800142608458404,-2.8001426051657887
-2.876082224289344,-2.7081066420907174,-2.753601690865896,-2.695043139356338,-2.8329996252955203,-2.6841595080757505,-2.767720206541301,-2.8216498099680365,-2.8456959742590238,-2.8296648481890854,-2.8090987642482155,-2.8090987608548326
-2.872473028798617,-2.706739261730787,-2.7200183910354525,-2.675998090412215,-2.868614005281424,-2.7166683964371283,-2.793129478066252,-2.85609989502358,-2.8402523856463286,-2.8251880645052405,-2.8162580726542656,-2.816258068873345
-2.85598285130795,-2.650062000895701,-2.7215647159255085,-2.6881061085413425,-2.8866511121437637,-2.733964476789356,-2.807556743136175,-2.8811706022434307,-2.8552573592590393,-2.8391209211192683,-2.8312325348927962,-2.831232531266573
-2.8304399986366304,-2.657724527193462,-2.745574162636787,-2.7046381842799763,-2.9159609323409916,-2.768690086373079,-2.8279241784780673,-2.900716933055156,-2.8708408628695015,-2.853805644363746,-2.8544874175282753,-2.854487413926038
-2.8719357581748146,-2.6979812752244112,-2.759810546385661,-2.713702784234362,-2.9074818344808637,-2.776709073102157,-2.822908444254931,-2.892068733998949,-2.8848239911901685,-2.8673702891722823,-2.8752791213503457,-2.875279117386081
-2.844675394340294,-2.7048809725463356,-2.7623228788290874,-2.717253442454078,-2.8781194798484604,-2.762274102203238,-2.808245918907652,-2.8876896627946076,-2.9001625991516775,-2.881891453960115,-2.889317159829926,-2.889317156205073
-2.7660717427500208,-2.612435992712795,-2.709152475752272,-2.6568717273421845,-2.825102215484412,-2.747558422832204,-2.7576154757900326,-2.819561062216512,-2.851819104693945,-2.844660823967335,-2.869854518730421,-2.8698545137043103
-2.748609335877446,-2.58991825495481,-2.707861426769588,-2.6622024305805865,-2.8505702864256657,-2.762891636115523,-2.7689361050197414,-2.8510180953519053,-2.858851682620804,-2.851279339598562,-2.885253587018834,-2.88525358176934
-2.7686919531034544,-2.6078748748320613,-2.7360561633539637,-2.6858684894523637,-2.84223275926211,-2.7551342091386397,-2.7510956008682754,-2.816020614728998,-2.851937784348942,-2.842680943054349,-2.8751524781420352,-2.875152472815762
-2.730427522533211,-2.621045230975345,-2.7222543446836194,-2.6880186961522448,0.8132458063860959,-2.7442459857979515,-2.747832154455828,0.1468342765816737,4.696234975583476,3.144534742715818,6.453031509984955,6.453030987038062
-2.795489997846959,-2.6809549070422602,-2.666586009470442,-2.591626862743454,-2.4948720522102574,-2.5409884703298298,-2.4537545330815256,-2.6087553957135725,-2.7775842987731933,-2.801980845612714,-2.660098515014844,-2.660098511060684
-2.8309402620056545,-2.6680617085591747,-2.6608681320254046,-2.5865489241299393,-2.6021451733273437,-2.5940959590524275,-2.4995337956919785,-2.6269863266133515,-2.783294761997723,-2.807485779818076,-2.68170636489662,-2.6817063606752107
-2.764506664240354,-2.63569639658724,-2.6278008613994404,-2.575807979393609,-2.6519130186281474,-2.617932251630945,-2.534743846709646,-2.642705464412183,-2.7954084678265936,-2.8180511932238548,-2.6974405755122315,-2.6974405713176504
-2.8511739931672713,-2.7148037708238624,-2.6300798296174652,-2.583062291435936,-2.699068105410085,-2.6499971816331316,-2.5774158191412293,-2.657616869034049,-2.8068828121591647,-2.827832624744273,-2.715486417824897,-2.715486413444415
-2.7951080058480606,-2.6500555174873264,-2.610774397022136,-2.559270961699647,-2.6340788743676145,-2.642464925593293,-2.5566025223958038,-2.6291419646347887,-2.771736844993287,-2.7961575679505026,-2.7067690350547773,-2.706769029869598
-2.9173154579915357,-2.7729149417551695,-2.601800191445634,-2.5564491116294823,-2.663357895113906,-2.653702850929715,-2.591250832909662,-2.652581409352913,-2.7851906334789667,-2.808061119671085,-2.7092887521062097,-2.709288747445917
-2.815783168761576,-2.608375729080022,-2.6186428620317237,-2.577086683694049,-2.7011493244769547,-2.673718570907643,-2.641648699178943,-2.6884651890376796,-2.797679977920959,-2.819046027094626,-2.7315862319838495,-2.7315862271715936
-2.8940733277111628,-2.6722745573623956,-2.6469067036781664,-2.60434913761185,-2.741616318735697,-2.718031239404207,-2.688935064760131,-2.722800713707564,-2.8100717810682956,-2.8302920609044895,-2.75929327063891,-2.759293265527086
-2.917309546171585,-2.69102312147876,-2.6681378521861,-2.62081441859374,-2.7805746984903763,-2.756693089403699,-2.735755188502861,-2.749807347649112,-2.822655588958647,-2.841509087444776,-2.775633241080091,-2.7756332359123412
-2.9900541355161616,-2.719353451090206,-2.673343881117927,-2.625347738824027,-2.779446981241006,-2.7819976681546037,-2.7731582721385064,-2.754069061231208,-2.8157000291382577,-2.8350507948502477,-2.7810323891137827,-2.781032383541526
-3.0102652071122518,-2.7763662327556364,-2.710175558487897,-2.658828903338821,-2.8142739085182873,-2.827879195651669,-2.835941994219404,-2.7751935852503085,-2.8239653050975173,-2.8424638009161725,-2.8041026064494674,-2.8041026006167313
-3.059642318959784,-2.8540068323089667,-2.7654289643159395,-2.708486362345122,-2.8468977308333594,-2.8822877119795365,-2.8684216713581585,-2.7921668642101656,-2.8364069386226807,-2.8539570016368807,-2.8306604604468024,-2.830660454304708
-3.085046901328738,-2.8535615094579123,-2.7931516050434033,-2.7328169133882683,-2.8657804389304653,-2.9290485109643742,-2.8902425815640593,-2.8093471165661597,-2.839454970442215,-2.857218376269893,-2.8480417321885643,-2.8480417256221786
-2.960207180514114,-2.745051682671302,-2.7671900139361263,-2.724374240784257,-2.905157889762385,-2.9741063096224027,-2.9369380323868826,-2.8544645087068066,-2.8399453123424103,-2.859429081277515,-2.8629042276483005,-2.862904220866719
-2.8869748260048973,-2.78248207225235,-2.816182160869401,-2.749350642450969,-2.824424100961609,-2.875777901514211,-2.836287146394901,-2.8146866256441996,-2.8139790379792617,-2.832332689107895,-2.808151996310745,-2.808151990251309
-2.8609627044044403,-2.7686798022347556,-2.802118140265049,-2.7391240665052874,-2.8868289940598633,-2.9107585123633326,-2.8829826896616884,-2.8288480223504715,-2.8220951327390984,-2.837622099994819,-2.8304703824646325,-2.830470376074379
-2.845610733718531,-2.7257488799511904,-2.7778315060555636,-2.7397791914121203,-2.8800438487939686,-2.8771346383434064,-2.8677244394507073,-2.828627455091703,-2.8347400544612547,-2.8504151613783137,-2.8293870753536585,-2.8293870696640067
-2.765566019338141,-2.6937880949207322,-2.7071744532102753,-2.659289069424765,-2.7123594562612086,-2.7857774986306185,-2.75343303859555,-2.7418504671583515,-2.7827036679567785,-2.8061112649002697,-2.810025991335035,-2.8100259843084023
-2.726201242631917,-2.7181065371375013,-2.671854905787174,-2.6066027488518784,-2.6373907588462515,-2.736084786837892,-2.6886249641846582,-2.6900222102908353,-2.7549222667929585,-2.780638265721779,-2.7905926547271216,-2.790592647057302
-2.7242404900192536,-2.690698777390244,-2.687466244010605,-2.624465330254712,-2.6723269683615616,-2.740627794841072,-2.719948045758623,-2.711423257520652,-2.756129731728228,-2.7824145103295854,-2.797113805836905,-2.797113797953082
-2.750799967149259,-2.6787867086587918,-2.697662828953158,-2.6456987100760427,-2.6944936266547073,-2.7335959759042163,-2.7445440484350465,-2.7386443335384523,-2.767486612414648,-2.793054199533387,-2.808214691714623,-2.8082146837609843
-2.789978260886328,-2.6853782623447415,-2.730557238833511,-2.6949646819325053,-2.7422278363188224,-2.7648129308683407,-2.7948725795782146,-2.7911020556024386,-2.7575191012091946,-2.7846172599326438,-2.8173018464143573,-2.817301837844164
-2.8023476913055765,-2.7137235402137234,-2.773844676677037,-2.72683033011766,-2.808197704409473,-2.781200398035664,-2.8195559714094633,-2.8042933731550583,-2.7734291230173125,-2.798844197444245,-2.812082312547954,-2.8120823048341648
-2.8452362077554083,-2.72881556794116,-2.7965982071317512,-2.7520061852694315,-2.8931789431235524,-2.8398743892096645,-2.867531520286326,-2.8399212741583404,-2.789252574667241,-2.8136661506248792,-2.8352409446900193,-2.835240936850074
-2.7744951229348787,-2.6826163185477414,-2.7444318150747766,-2.695991123952533,-2.799417672704232,-2.8208052794545684,-2.78552802802148,-2.7735869329446285,-2.75865365853783,-2.7530716994518185,-2.8361826171980082,-2.8361826076278334
-2.705050313300321,-2.611511805993265,-2.7178489992163963,-2.665662165831827,-2.815037719136688,-2.8350182377547277,-2.790351374567417,-2.7920174335327337,-2.7758591655287614,-2.7710570905833527,-2.857156174217191,-2.8571561646594166
-2.711758295699803,-2.613830462431764,-2.721648923066996,-2.661926859248432,-2.7844897042064893,-2.81854398294481,-2.759337769221984,-2.776285160044315,-2.775882771504157,-2.7736080600657727,-2.8490490517780134,-2.84904904208652
-2.7201860155261257,-2.6229879939392715,-2.6919285560065007,-2.625770636613425,-2.735207006692167,-2.7745109228766673,-2.716869808108636,-2.723337160103471,-2.7552598206182073,-2.7601266319123177,-2.8308461562725364,-2.830846145881055
-2.7321967372486897,-2.5771679383653283,-2.699297039242751,-2.6394704036115995,-2.788531257364734,-2.802586195717763,-2.7553097660827017,-2.8008261674509836,-2.760159976266316,-2.7673634051626137,-2.8479263734879434,-2.8479263627614686
-2.7715955268805934,-2.634117288234611,-2.7131414388523507,-2.6611983737056693,-2.796981778074703,-2.828615296268209,-2.758516663356679,-2.821437481623512,-2.7653147833040173,-2.7660635288665607,-2.8691503247240666,-2.8691503134096
-2.7838187432739234,-2.66490192142682,-2.716297264237206,-2.6556147953458344,-2.7847532233415544,-2.8422932900259057,-2.7526231149629337,-2.784851220160408,-2.744405317124719,-2.7514600354006418,-2.8553248718014395,-2.8553248598381344
-2.7774319923781254,-2.630283954997861,-2.7107981179690785,-2.6419994529776036,-2.764071332548512,-2.8204306021826904,-2.7412601054097347,-2.7591706190427674,-2.7408433661082636,-2.750835736428747,-2.839799801600328,-2.839799789723046
-2.847928862665813,-2.702187740922359,-2.7291346193321093,-2.659003032845816,-2.78670447460978,-2.8351578716101775,-2.7607645703843637,-2.825520243333803,-2.758368779067891,-2.7681933378242904,-2.864638419959746,-2.86463840801269
-2.8074770990562756,-2.6806425463272814,-2.736128215606693,-2.656750671365704,-2.815242007595324,-2.847657836074756,-2.787775811910202,-2.862047196410552,-2.7757304850493116,-2.7849732817663866,-2.881743483059678,-2.881743471029454
-2.861692502311805,-2.7297239588287656,-2.770762313535976,-2.693516145763557,-2.840629985696175,-2.876250647128626,-2.814152252155099,-2.8905836218311856,-2.781699910814905,-2.791944573046846,-2.892437813531633,-2.8924378013424032
-2.896622407362588,-2.7701793622666395,-2.7624925166863727,-2.6788939838827415,-2.7587756756836237,-2.84577639502952,-2.7716303281888828,-2.7783314480135415,-2.7528748623728148,-2.7674169839654414,-2.8613986471816464,-2.8613986345319686
-2.930329843188211,-2.781005349542578,-2.759670922652433,-2.6631141176999003,-2.7189684688599347,-2.831881576746362,-2.7715871827556304,-2.7249904641996676,-2.7310066470146266,-2.74844639583074,-2.822801283083845,-2.82280127011568
-2.9808268105459588,-2.818116873242519,-2.807966596392472,-2.706046023541168,-2.7857885556848654,-2.8861922972987317,-2.8327688689419044,-2.7531640575974405,-2.7493057862191916,-2.7659082597371802,-2.8510047279387116,-2.8510047148967956
-2.9634503399803727,-2.799306865444185,-2.8083314308923306,-2.680529755535735,-2.774830814266451,-2.8462677432354555,-2.809963227966903,-2.74057230777793,-2.755008165489956,-2.769944439993701,-2.814491336603096,-2.814491324936176
-3.024901579123135,-2.8573194814889256,-2.8266028764098152,-2.6998641929940965,-2.845320575984607,-2.88112049375336,-2.869351531562381,-2.759173037537968,-2.769957892741949,-2.7841178055528486,-2.835273077677596,-2.83527306619223
-2.907232911901099,-2.7432509706187336,-2.8393940127803106,-2.7325764548706855,-2.8498865513102136,-2.8703083420273487,-2.90285816589446,-2.7840762587102366,-2.7530878349924452,-2.770484373437052,-2.8226620880605537,-2.822662076475593
-2.8695007325364927,-2.728170239838812,-2.8486235635368344,-2.7539587812582087,-2.9201685293328583,-2.896877644398742,-2.9491663068800116,-2.83516553858186,-2.769738254993874,-2.7864477528796563,-2.8317151389284083,-2.8317151278030646
-2.90492934497781,-2.764585914149942,-2.8590581503281394,-2.7586131466908546,-2.9361250048960077,-2.8845850599930896,-2.9311383919581306,-2.8528424729730326,-2.777565506917754,-2.793538295440288,-2.8280307853307702,-2.828030774858933
-2.8545880223609306,-2.709050231857316,-2.833897991434899,-2.7423832254560896,-2.9452943733143506,-2.8829006113854394,-2.9299103882654625,-2.8791286232591458,-2.7686588308148607,-2.7879772913235175,-2.832511622000713,-2.832511610993777
-2.9313891755484036,-2.7909587548409536,-2.849841259439149,-2.769891183643488,-2.996101893768888,-2.9155634514317015,-2.9653451204800527,-2.9286978881630805,-2.7844585432383795,-2.8028254103430896,-2.8590291365190383,-2.8590291255136817
-2.766884634959469,-2.6109809472386174,-2.797891121441787,-2.691521924467353,-2.7255077977983913,-2.774100674708063,-2.7574990770049412,-2.7361357963384645,-2.714071137752737,-2.7291487954048463,-2.7846571098809574,-2.784657098190437
-2.7817333114247216,-2.626223229260499,-2.768907547321213,-2.6607142653423272,-2.78113726003538,-2.7991719604020795,-2.7854269701997394,-2.765669014891553,-2.730512927829819,-2.745184841059689,-2.8089519936060743,-2.8089519818265507
-2.751600256152755,-2.5727090820304332,-2.74112009893684,-2.6457494667206625,-2.7903855166036213,-2.8020880060217364,-2.786469800338728,-2.7637747825341235,-2.7059081451252895,-2.726040874492412,-2.7980932855375356,-2.7980932729523706
-2.7504036296656267,-2.5891030425706076,-2.7494739571877957,-2.666158214592558,-2.859959064936544,-2.837774894091335,-2.8310723281849555,-2.843543316860432,-2.7146430479364585,-2.7353784488587753,-2.817237037275183,-2.8172370245228926
-2.8283723301594073,-2.6516879830483715,-2.7628463167320128,-2.6763322260312776,-2.878247464116537,-2.8547075339082872,-2.839691752273597,-2.853227095842911,-2.721079890353106,-2.7421118527954644,-2.828002043402274,-2.8280020306766946
-2.812347160175773,-2.6112500001971126,-2.791807574000684,-2.6995473536164236,-2.9365009590691558,-2.8990525797007596,-2.878933049462248,-2.897462590109941,-2.7399793252672056,-2.7601261744222083,-2.856068867777967,-2.856068855144219
-2.898872072753882,-2.723821644150982,-2.8297978340946193,-2.7404428942251338,-2.986084830841667,-2.9486705346909132,-2.914399039815882,-2.964124979059778,-2.749770264904523,-2.770093766614933,-2.8755866627407096,-2.8755866499329015
-2.9404603866161345,-2.7488655218064104,-2.8732046650482888,-2.7817296624633108,-3.029988823158977,-2.9917670788735498,-2.945396283737432,-3.016678958667213,-2.76857296326474,-2.7880978691082885,-2.8981348164666088,-2.8981348038749593
-2.984820248500898,-2.7792581901512703,-2.9074894861516265,-2.808770703615412,-3.020667417470344,-3.005031581632047,-2.9457127600058417,-3.019967262843054,-2.7844375726236152,-2.8039063832140245,-2.914100051790137,-2.9141000393068683
-3.009635438808873,-2.8214194603389013,-2.9492207955371046,-2.841190850905837,-3.051102017562755,-3.0391559374398143,-2.982984183403522,-3.0567474826391337,-2.8004850243587613,-2.81986778925725,-2.9355213129832154,-2.935521300389934
-2.955599561772733,-2.753613864404192,-2.906889504401758,-2.77841076821179,-2.8410244395616235,-2.9179774609187024,-2.857066597824215,-2.958277274696794,-2.7677397996723636,-2.7908548200415555,-2.866143631948765,-2.866143619232659
-2.9785361898174507,-2.8137357185270497,-2.9339708048455218,-2.8061672126316526,-2.9196351325940446,-2.963950020640729,-2.9474784233732234,-3.0093339648233632,-2.785157369702401,-2.807302412797916,-2.891761046352867,-2.8917610335080965
-2.910819567633517,-2.77188347428854,-2.973867463276989,-2.8483255868227464,-2.925826034760329,-2.9295568807859174,-2.905182455938176,-2.981821502342954,-2.80082751516238,-2.820920971605227,-2.859825783702663,-2.859825773190366
-2.9208158014056504,-2.775536004885512,-2.9766244688710315,-2.8580447978416434,-2.8941296914567443,-2.8794753641733473,-2.853322406656334,-2.9275048973658304,-2.7950061487643185,-2.816256120118872,-2.8473103039778125,-2.8473102935183667
-2.852299970814051,-2.7256578794104387,-2.9563893329779685,-2.842901887072475,-2.9001006441312605,-2.874836127755278,-2.8531287818008892,-2.936118841920256,-2.7734563812376543,-2.799129388227809,-2.8396633768125037,-2.8396633656962753
-2.856727673139056,-2.692919604297064,-2.973996126158582,-2.871327969934029,-2.941162276242834,-2.9006220007915684,-2.8754624067805405,-2.9571070253140554,-2.791048593434364,-2.815575621694287,-2.8633231812398585,-2.8633231701201534
-2.887398043079185,-2.700247165713497,-2.982006913457993,-2.885454470550661,-2.957963699027442,-2.9249565254198497,-2.884146928356997,-2.9709927780643097,-2.809011073489876,-2.8324349832371505,-2.8891552429220213,-2.8891552318608476
-2.96960483399347,-2.8036831823811235,-2.9951058855286044,-2.901469995751975,-2.959267037961809,-2.9504912524057896,-2.88532538287644,-2.9554174325465206,-2.8061485127723675,-2.8305449575490313,-2.8930354440967174,-2.893035432867415
-3.0016279147192595,-2.831072379021059,-2.99977479231619,-2.912243104638167,-3.0076276603074206,-2.9970803075690164,-2.917671440949982,-2.994460755786964,-2.824017089158874,-2.8473032151308266,-2.917806120752041,-2.917806109489481
-2.9970408379318787,-2.7932888703956626,-3.018161130523127,-2.9413912272875926,-3.03647143474803,-3.030375147204664,-2.937937741826165,-3.0270927065587685,-2.8404415579074684,-2.8627722751122158,-2.9373704523756716,-2.937370441352818
-3.062766304406078,-2.8930524363744397,-3.0533140888225474,-2.9829919735933754,-3.072765273079011,-3.065532871420446,-2.9530646026992025,-3.063209648495721,-2.8548213825618314,-2.8761288367664477,-2.9571112379368976,-2.9571112271257105
-3.036385221033112,-2.866632216397031,-3.0673165533955093,-3.002768277078411,-3.0754370291183344,-3.081698148772836,-2.958263168371306,-3.068949071538798,-2.871870296497111,-2.8923007281181414,-2.978265904768706,-2.9782658938558075
-3.0854506096361636,-2.9272810927152086,-3.0799736943855978,-3.020088588961179,-3.0546545613551714,-3.0972081208022253,-2.96763405962927,-3.036576607960064,-2.877860290017078,-2.892671579915518,-2.989741448630948,-2.989741437628289
-2.9322682542985534,-2.7908030096209098,-3.0306198481243634,-2.9615586041404316,-2.9557831948326534,-3.031820142164295,-2.901330006365298,-2.954637766359838,-2.882169932966461,-2.896287777476448,-2.9518332470724093,-2.9518332371166203
-2.9990203255672307,-2.8707307152674804,-3.0085508092999427,-2.9357082723436037,-2.9097995772612517,-3.0009177838783354,-2.8721550897408354,-2.9173200979871354,-2.8807996240379916,-2.885728240047273,-2.9573491034457726,-2.9573490932385846
-2.9614271387404374,-2.818718170151027,-3.0286186681074634,-2.9562747694581053,-2.9436419501692233,-3.0248077579708514,-2.897789606864884,-2.9358826809542773,-2.89666605185434,-2.9012645964953436,-2.973577108737534,-2.9735770987548014
-2.9658147582732544,-2.812561220962357,-3.0405330924595737,-2.9759570037888103,-2.9666593196905255,-3.04544335347725,-2.9045706916980554,-2.933198327802568,-2.903260561402787,-2.908004607559632,-2.976634095713196,-2.976634085802157
-3.0465566905794668,-2.9246810270832406,-3.0459451493177534,-2.9857810048720523,-3.006485536052675,-3.074785175909272,-2.928765576777428,-2.9512101891247853,-2.9162952770049753,-2.9208339429856394,-2.999612439384501,-2.9996124294326765
-3.102572495675009,-2.9795787686702515,-3.060254087593143,-3.00321672085132,-3.0566906964675167,-3.118090950735058,-2.9657280104470267,-2.967704009594623,-2.9301123823378346,-2.9346789537628903,-3.021445299860985,-3.021445289887849
-3.062204719073879,-2.926377451410465,-3.0384705380118833,-2.981828157051231,-3.0271707316734684,-3.109163592222987,-2.946079882930095,-2.941131142845279,-2.925540013097816,-2.9324277913047,-3.013313473954866,-3.0133134638079566
-3.0168590482221846,-2.8853587706078896,-3.02472219193893,-2.967541414545153,-3.034705503822742,-3.1094092609252484,-2.94476906955002,-2.9366602330922014,-2.910800571051819,-2.921149939909679,-3.0040035291450287,-3.0040035187463583
-2.961545566154955,-2.8338055284640102,-3.0236498329885864,-2.965718522981797,-3.0375526918397195,-3.0731780912662785,-2.9241246110006593,-2.9398502799091717,-2.923022722998617,-2.9324232672063513,-2.982909872691236,-2.9829098636490463
-2.9390640874491862,-2.8014888581757127,-3.0217373538333243,-2.9690452035830943,-3.090387107670385,-3.1010647985061386,-2.9492635973307313,-2.9780423387774677,-2.9339576852809173,-2.9434081747276024,-3.005461951051441,-3.0054619418733064
-2.9081441541160213,-2.7653824554149566,-3.013409234549,-2.971780707628126,-3.0171704725381794,-3.08192668657454,-2.9311060034744605,-2.907937140119225,-2.9097746249088368,-2.927031017154931,-2.997181827173474,-2.9971818169787348
-2.9627200723859985,-2.807600573339861,-3.031945673279942,-2.978951847172558,-3.05904051791921,-3.119969356798461,-2.9698449201203623,-2.934149414872703,-2.925672355592156,-2.942017622012352,-3.022798524851533,-3.0227985146358938
5.806626241513574,-1.8282934131088173,6.726739381828617,1.5055821492238621,3.7852959212789425,14.359776784184065,1.1623731883045032,-1.8443397935656276,0.281884444929148,1.767919128493432,9.052145300364579,9.05214427772999
-2.7241533298693406,-2.6439487054575745,-2.932442257604974,-2.8418929197337213,-2.6330911541894566,-2.7567198520024387,-2.6214631761737937,-2.6679929361771153,-2.784964278409133,-2.801175449147988,-2.7947958892532694,-2.794795887740097
-2.693592892413616,-2.66602081033171,-2.8148679030736328,-2.70658132200695,-2.585924282534577,-2.640484688184035,-2.515537217613656,-2.569170110209922,-2.724133225424121,-2.7423900752490527,-2.713501883384142,-2.7135018821520287
-2.7249899034663567,-2.750516081516308,-2.7978780001078754,-2.710320389525175,-2.698427476581904,-2.624808429917263,-2.559814464423304,-2.6019392822004535,-2.7293895152511225,-2.748185111941562,-2.6863256894283,-2.6863256890929796
-2.639636020066286,-2.7087514072562535,-2.681730027728754,-2.6083776964847463,-2.5755161381341396,-2.5238412591919586,-2.4625134568941998,-2.4675246813939355,-2.6484811655544926,-2.6740829199857643,-2.621098533594471,-2.621098532583355
-2.593667892429269,-2.590705874016875,-2.68381172136856,-2.626514335624782,-2.675453477051258,-2.5500535263551187,-2.5291095175051552,-2.5085224755884736,-2.633498114847227,-2.6613553358714936,-2.62072387185582,-2.6207238703627596
-2.5464965279671277,-2.605412720407449,-2.6575580954314684,-2.589295651301462,-2.569512672852608,-2.4685619853776357,-2.436965073821665,-2.4264051099717756,-2.5754060935706873,-2.6048380617615168,-2.5594784662763628,-2.559478464782292
-2.5337671271370565,-2.634796356259739,-2.6677448736016545,-2.6113856856191022,-2.673545319182157,-2.500354084952521,-2.5014318610059396,-2.4738926749657133,-2.572284474587793,-2.6032723157911155,-2.567009575249452,-2.567009573547325
-2.5358579146636986,-2.6682035901800827,-2.703475739923792,-2.663200905242368,-2.7561677546734367,-2.547988474959834,-2.564291113543966,-2.527718905036039,-2.551752868644368,-2.583255346140402,-2.5535577132174216,-2.5535577113133527
-2.53660447679652,-2.5894088679098717,-2.722574204376258,-2.674193724820707,-2.787472036477636,-2.5723558495990817,-2.5762990181342347,-2.548090365741719,-2.5587483831601356,-2.590490563084156,-2.5533521339737475,-2.5533521321300134
-2.505903022085056,-2.5785990716077487,-2.711155887036621,-2.6476728751169136,-2.8510702069425293,-2.60284338255601,-2.6021753220470716,-2.5677140485896413,-2.5707813592169777,-2.601081420828411,-2.5661288981622445,-2.5661288964909295
-2.656014672054749,-2.6613096258078266,-2.7052245413600677,-2.64613214105555,-2.9303493724547267,-2.659131737414655,-2.6582946102971357,-2.6079694835575467,-2.5909949721170458,-2.620766879360249,-2.593106000354829,-2.5931059986877716
-2.7133348660553476,-2.797712891503494,-2.751577816975132,-2.6874359132499137,-2.838231898947704,-2.666692585471447,-2.6416631549923864,-2.5652224540523103,-2.5468468938558013,-2.5786450704550736,-2.5446799973514316,-2.5446799954201476
-2.7387371538682115,-2.7870037016927665,-2.77367168770423,-2.705262336776146,-2.9106916272989825,-2.712781330641241,-2.706998478583546,-2.6224170918631593,-2.565253156357592,-2.5966351741174982,-2.5717460812193416,-2.571746079293186
-2.761593193073337,-2.735776517554607,-2.783502966429356,-2.714768910357797,-2.982426898562781,-2.7673531995477147,-2.7741270269563016,-2.689646440108686,-2.5856282346572206,-2.616297186787099,-2.5988450402983427,-2.598845038235658
-2.821424649349596,-2.6913307418576555,-2.8220825761826545,-2.74887672034888,-3.0408414619524993,-2.82356014106835,-2.825197233134831,-2.7510302467841137,-2.605107117487416,-2.6353289364766948,-2.625106620992268,-2.6251066189748418
-2.9083809308408037,-2.787072682932588,-2.837727849804864,-2.7649862609307045,-3.0753906835765075,-2.8697528071158698,-2.8492189867074385,-2.8195709149313735,-2.6262406817796906,-2.65561615498898,-2.643028996106247,-2.643028994169402
-2.8353647156819073,-2.7059902635218354,-2.895321778500947,-2.8239147249293652,-3.121816247677275,-2.9127130731399804,-2.8670883017669775,-2.8683532072318014,-2.643447688862561,-2.6727763706447654,-2.6380614955465282,-2.638061494461562
-2.867110004733156,-2.745114958067398,-2.910360851223998,-2.83285549685156,-3.0798448318584417,-2.912403931169388,-2.8482212769734314,-2.8645479417096986,-2.6529178851721746,-2.681130207558701,-2.6494073338991027,-2.6494073329544077
-2.9224784159913786,-2.7799202382553676,-2.898853167169078,-2.819095996645448,-3.0797083308520086,-2.9384513962355876,-2.8626324731059256,-2.8719682900250083,-2.6678417767860747,-2.695581732714434,-2.6727087938969003,-2.6727087929154063
-2.972764908692794,-2.885488483898968,-2.9065183278393985,-2.8340415600698123,-3.115283958377272,-2.9860814840231407,-2.8995046960364528,-2.913719519289681,-2.6881278045062684,-2.7151272661026926,-2.7028217943382673,-2.702821793318402
-2.8890022431376425,-2.7633318975466707,-2.9184162674134213,-2.8530599358315785,-3.0533741850287557,-2.9603535467416284,-2.8669237036562816,-2.9119243932498478,-2.6904127214467617,-2.7169109748528255,-2.690189961287666,-2.690189960759116
-2.9173981685414145,-2.825552415773862,-2.9120183553023224,-2.846510847926899,-3.074071494278141,-2.9728468413225952,-2.878259522692477,-2.9483705380534064,-2.703211775476776,-2.730004756766166,-2.7124201941672603,-2.7124201934987546
-2.9297839348222783,-2.7655117636008724,-2.9268320843049906,-2.859901663940405,-3.105892032411146,-3.0024132885365904,-2.8967046430676393,-2.972615535592475,-2.7222923542085296,-2.748460261217784,-2.737170178725189,-2.7371701780715494
-2.9478653587744263,-2.7829500508231297,-2.912300044808385,-2.842732603243261,-3.1142973749040217,-3.0065371798721743,-2.9002685420097984,-3.0214664762260717,-2.7355029694346698,-2.762352198195944,-2.7569133722810535,-2.7569133712335363
-2.940372866525035,-2.780250281520363,-2.952809137201126,-2.886736440846496,-3.1373000425011726,-3.027413937829607,-2.8978593356181563,-3.0530425098443703,-2.7488196638279474,-2.774435284683327,-2.77328696856454,-2.773286967616751
-2.958941018361492,-2.807607735828677,-2.9635353110919582,-2.900783245087096,-3.136955728565166,-3.0267319210127916,-2.890837286137003,-3.0780152393732507,-2.764251617307563,-2.789352294072768,-2.7847821996348885,-2.784782199003427
-3.024310671674844,-2.866357813167218,-2.979575849146343,-2.9104111036084763,-3.1545946181642526,-3.0415314296545906,-2.8994629901577325,-3.1036223172198643,-2.7824910494940602,-2.8070188861755225,-2.812548537563981,-2.81254853687053
-3.0802427125252865,-2.930956040644223,-2.999175741066718,-2.9396302393932263,-3.1466119132452754,-3.0509750324356024,-2.914332152366292,-3.127151788145631,-2.800519450726344,-2.8246476838810635,-2.834361316633378,-2.8343613160804377
-3.090400775864457,-2.9429869566545674,-3.012542426004978,-2.942911256474615,-3.035509534395305,-3.019716388553785,-2.8879656226413086,-3.0481332176255806,-2.7950933079957947,-2.820440203065849,-2.838004693658765,-2.83800469269472
-3.1448056392963144,-3.0290137187845976,-3.058127034702559,-2.980080260836196,-3.0711865206880278,-3.0601190859061607,-2.920012813196599,-3.081275242426379,-2.812116012549729,-2.836724506152855,-2.864355138811439,-2.8643551377517444
-3.1554250987579833,-3.0088874258476794,-3.0979835639123654,-3.0124499782435326,-3.0826096262027063,-3.0831602198280486,-2.9392497001773026,-3.09462270304383,-2.828271856009812,-2.8523571428800967,-2.8810911795220733,-2.8810911786514817
-3.1031823836907537,-3.026829429704247,-3.0289983130063867,-2.925423179272589,-2.82059114475761,-2.949588551853382,-2.792825983432296,-2.8570180207239586,-2.7676348352219975,-2.798168455804544,-2.821581246291527,-2.8215812439479424
-3.022129294700008,-2.9431487981854962,-2.981736429126331,-2.8854264811778036,-2.840877046405277,-2.959887646443702,-2.8161504414841247,-2.8762414587216916,-2.784947832665208,-2.815277667214919,-2.832892510405622,-2.8328925085486487
-2.918898426091934,-2.866537180331852,-2.9545668718877844,-2.862282158184048,-2.8210572437312647,-2.937030872981861,-2.812986502634027,-2.859777197043147,-2.7552517772694265,-2.7896792945868105,-2.805463576007516,-2.8054635731679403
-2.912212968921542,-2.858080932945062,-2.968225175035708,-2.8779895829555318,-2.885626024505293,-2.9522435300702448,-2.8429768778141646,-2.9150788204345868,-2.7757516923426024,-2.8092437788036806,-2.810875689999138,-2.810875687875429
-2.839687064655526,-2.7182943150220065,-2.9746605419892997,-2.882627938835999,-2.886085993891018,-2.914416312468315,-2.8269454405407255,-2.8879842709926695,-2.7771152869361804,-2.8102850147551797,-2.7905675006197828,-2.7905674992425693
-2.8022828550760686,-2.715549886733908,-2.8637904211132112,-2.7731893431113193,-2.6538035783110976,-2.750653807231565,-2.6610207461644126,-2.598166107181986,-2.6906286131780375,-2.7280289138811202,-2.708736438532664,-2.7087364361892483
-2.7358719191992447,-2.6663578146299596,-2.830744663624636,-2.7518559241575606,-2.66398203003422,-2.745091249961377,-2.672073452117782,-2.606190442747519,-2.6889900960714077,-2.7267384502132277,-2.7130831539482374,-2.7130831514799434
-2.7473653837948726,-2.702566010089205,-2.829234597906564,-2.749294948209495,-2.699110605505089,-2.7560479239646907,-2.696045199544175,-2.6342377730087367,-2.7045288498009845,-2.7413353644073757,-2.735363043426341,-2.735363040974608
-2.783376381697868,-2.7854447193767253,-2.847541164475317,-2.7803456698321343,-2.7204347571068563,-2.7712901170437165,-2.7119112809878967,-2.6474842312771543,-2.6647894007782735,-2.703732654997041,-2.703493539936299,-2.7034935367754307
-2.828546639825395,-2.798234629322479,-2.8693615197509668,-2.8108853701887067,-2.771382356094032,-2.7997116462111853,-2.7642667637620497,-2.693678884740838,-2.664107598119313,-2.7037810835572396,-2.707179859643469,-2.7071798563385
-2.9113422039336534,-2.830666116540288,-2.8956393226777934,-2.840337245776766,-2.845661956561924,-2.8490599468227593,-2.8247323292729667,-2.7548134718480926,-2.68737716265961,-2.7260196899140237,-2.7385045914813935,-2.7385045882241523
-2.8685146326628197,-2.7802403806175096,-2.879903753129645,-2.8212744535169163,-2.828669194238812,-2.848552316944341,-2.8280160323398698,-2.756340439796372,-2.6928725247216123,-2.7313534906109656,-2.7420429177726575,-2.7420429145438057
-2.8618148038120568,-2.7661748125728933,-2.8665857832763333,-2.8061705625033353,-2.822360282864633,-2.8660803436883415,-2.839330298232868,-2.765577452438744,-2.700349891172033,-2.731870918785428,-2.7572037527108013,-2.757203749285251
-2.87173995476886,-2.7265071187957406,-2.8915326782170085,-2.82593174793785,-2.8475993697487567,-2.880732066216991,-2.88032071554859,-2.8032298029771674,-2.7188753853163505,-2.74960204040792,-2.773860446294175,-2.773860443212071
-2.9515785512171977,-2.796282407024338,-2.9372012892444905,-2.8701513662497784,-2.8764440903237176,-2.907332662694904,-2.9078241118219488,-2.8567392976127746,-2.7289383527554367,-2.7598156796041957,-2.7916060980914437,-2.791606094916997
-3.036407620452325,-2.8763621061945464,-2.981886112025207,-2.9157706047363487,-2.922831749053151,-2.949574331561672,-2.947951565324229,-2.9091761225674553,-2.7502081653942807,-2.7800797044519685,-2.8168396698997404,-2.8168396668476636
-3.105242503293693,-2.9347592584685263,-3.0288895520327643,-2.957585971648969,-2.965903087757262,-3.0023931599210267,-2.988126496715634,-2.9688535033058088,-2.751171359892483,-2.7820326351678037,-2.8235406358534925,-2.8235406325117225
-3.1217754115818424,-2.9794894388970805,-3.0745359011435207,-3.0138156336711592,-3.0234070850024626,-3.0510664917683727,-3.002241765747755,-3.045841383509779,-2.7660813090073693,-2.7960912432920515,-2.8344928564479672,-2.8344928534352176
-3.1038260024304214,-2.9409294613026296,-3.092664277904155,-3.0305467494384843,-3.0611375928044855,-3.0755887942053852,-3.0017794562380833,-3.0726092882854115,-2.7832539797226654,-2.8131332204033326,-2.856171941345688,-2.8561719383002853
-3.1879756208455308,-3.03219763038235,-3.120728643281592,-3.053451021607477,-3.101988993378356,-3.1144833522173543,-3.012871868590293,-3.1005990487060378,-2.8013612655358413,-2.8306292342443964,-2.8820017480106626,-2.8820017449944264
-3.203812463023155,-3.034594389049047,-3.155716325631546,-3.0895293573782743,-3.131252315363067,-3.154565351114508,-3.0548258379658373,-3.1077815055173286,-2.819931356251967,-2.848811144397926,-2.9019258200368654,-2.901925817027284
-3.253307228513308,-3.11847835888479,-3.1902435918174876,-3.122508679752818,-3.1691481445324023,-3.2017872443975164,-3.071902271944467,-3.115980463286565,-2.8381605974223585,-2.8662826982522374,-2.9212015477933675,-2.92120154483558
-3.1184390123179266,-3.0014468755257284,-3.185345889756557,-3.1196738101303314,-3.1575432362307003,-3.1837091791958336,-3.034793253657698,-3.0609951161832867,-2.8513856570087404,-2.8788111367588893,-2.9024561409234884,-2.9024561394548325
-3.1430354465297676,-3.0008252631786734,-3.1788375109882,-3.113483291666333,-3.2128993147648837,-3.211145940725633,-3.0554374198411955,-3.1085821104560694,-2.865689893448744,-2.893453504832835,-2.923091314848723,-2.923091313245923
-3.120922063718792,-3.0317237670977466,-3.1162337988289397,-3.0357635562165926,-2.9570694868392833,-3.04939348233232,-2.9328418758755745,-2.924204793045383,-2.8124388728860366,-2.843696967574064,-2.8561696301689663,-2.8561696279585735
-3.117025838564279,-3.0036277949418246,-3.091549661321114,-3.0040317655541258,-2.947576066715937,-3.0296497893013576,-2.9620949181428067,-2.888609564491796,-2.807235786522491,-2.8394087707861377,-2.8589533089171266,-2.858953306480135
-3.107298389801886,-2.987984600935067,-3.114215041687625,-3.0299563395259512,-3.0325615984955006,-3.0695327233913514,-3.0438655561457932,-2.921024058367805,-2.8227981849697206,-2.8551132058588156,-2.873711101883733,-2.873711099702657
-3.059480034204302,-2.9677975673691432,-3.129603308583112,-3.0592109088934616,-3.0368500539277656,-3.074591265846214,-3.029863664839423,-2.973456328062379,-2.7979869710903245,-2.831746361566389,-2.8545233406494743,-2.854523338116517
-3.0970462164649555,-3.0313129956384866,-3.1476262726044224,-3.0818943394152765,-3.10953345477354,-3.120156539117294,-3.0717990003244706,-3.0149071853744043,-2.8196434801595687,-2.8525538645328763,-2.88561436879164,-2.8856143662800147
-3.1203903517467957,-3.0204909123547905,-3.1675035667560243,-3.1080886114220294,-3.173983781381201,-3.160394004277991,-3.149653061010856,-3.057303931021169,-2.8409881331253466,-2.8731024110167134,-2.915981316995061,-2.915981314503021
-3.14555388790076,-3.049308742783841,-3.2096275873047904,-3.149936454229411,-3.1827164864983493,-3.173688496440135,-3.130519777308362,-3.059047148424147,-2.8456335935954127,-2.876755921700494,-2.9125931109594947,-2.9125931088214307
-3.1413109649671886,-3.034034140022918,-3.214022947725992,-3.1471319038219314,-3.1665768395604563,-3.151623063979298,-3.108384811652533,-3.0637791320692673,-2.8532846675877592,-2.8834214014519244,-2.9145340581898473,-2.91453405622245
-3.1666148318370175,-3.0374947882222085,-3.2267513167954407,-3.1662596041173394,-3.2215202707147426,-3.174169818493918,-3.1475837908399726,-3.0924160772620657,-2.8731611944576887,-2.902574861746944,-2.9374856453842377,-2.9374856436171823
-3.1884538611563786,-3.0268802996774076,-3.219384773223706,-3.169313991973332,-3.2299238679389166,-3.164711226304858,-3.144083568486673,-3.122025239443276,-2.8903446880050723,-2.9193468684600656,-2.9351709433113924,-2.93517094213678
-3.1385704019925735,-3.008126182647778,-3.2282055692044134,-3.1664806850583904,-3.1777911174410485,-3.143676116126818,-3.1117835849083044,-3.1517167389601624,-2.860405211486746,-2.8920929374740183,-2.910783252042963,-2.9107832503063027
-3.163489064198977,-3.028873359286938,-3.234707317809237,-3.169631896159771,-3.1940883365090196,-3.1513576547254347,-3.1278089658139963,-3.159237926601448,-2.871016277084479,-2.902146244333759,-2.928019520857775,-2.9280195190843736
-3.143693461992385,-3.000925628524665,-3.2507027349692335,-3.18300596639932,-3.224493439158716,-3.1540178504796077,-3.119920417351973,-3.202822067836833,-2.890597440930659,-2.9211736685564587,-2.9246547627960116,-2.924654762124561
-3.1749845209887804,-3.0077955312307085,-3.2515161309377354,-3.1875696451880655,-3.242906275829876,-3.1724619397710354,-3.119077037366005,-3.2149976793882677,-2.9015815199070434,-2.9318598052659466,-2.9416088731649648,-2.9416088723587763
-3.1784602548064855,-3.02985152422553,-3.2402171656071252,-3.1757722166294435,-3.152470156486793,-3.148882496855037,-3.1017875243275386,-3.155291375691131,-2.899025472566479,-2.9292664672130586,-2.9514733340006365,-2.951473332519888
-3.2412203730330345,-3.0806842561473133,-3.2797326298229894,-3.2068435916525324,-3.2057877385341587,-3.1887427138925664,-3.1457367913640706,-3.1676841374183424,-2.9170894044389177,-2.9465159937597987,-2.9693550884292383,-2.9693550871055763
-3.1612383118981615,-2.984907019657146,-3.2648340647070913,-3.21174520174563,-3.204438521156531,-3.174861560621368,-3.1320104116025034,-3.160612005659827,-2.9363980790213233,-2.9648335971633646,-2.958236925014561,-2.958236925169574
-3.149191087366874,-2.996421834672738,-3.2440603469271285,-3.1782257874443887,-3.1340024453921327,-3.130330228631747,-3.0920047582596184,-3.107699192156874,-2.9353610971739164,-2.964513049097666,-2.9657703639217945,-2.9657703638376836
-3.1442619801196994,-3.0115902583439227,-3.23905535438242,-3.170738560627252,-3.1559812659239728,-3.1438501238320185,-3.145259630686019,-3.1120190535474896,-2.9529640096121317,-2.9815088611083747,-2.9936124998745854,-2.9936124996990374
-3.189245659151091,-3.072050674742669,-3.2369894245749173,-3.1814610161741124,-3.185111155874885,-3.1598259403773765,-3.174676164769031,-3.13857502497759,-2.9686003956273215,-2.996693998993131,-3.0003743088364367,-3.0003743090720034
-3.1676650806041353,-3.070787404844194,-3.261802936718962,-3.202230470469681,-3.2045183070079672,-3.1592882463650587,-3.1855394729639825,-3.151243806240692,-2.9864666132542195,-3.014032599752009,-3.0079816115501408,-3.007981612406679
-3.103405330153447,-2.993180758376917,-3.2233985178102635,-3.162386466783995,-3.0551049630416824,-3.074764814780349,-3.0633943351614104,-3.0173711461900163,-2.927293379288966,-2.9592296308332386,-2.9260628562828184,-2.926062856866423
-3.048140855113438,-2.929519760892676,-3.183338640843543,-3.1205098108815372,-3.126973224851215,-3.0872933694049505,-3.057439946627946,-3.0925501941500677,-2.944838893936486,-2.9764505396699974,-2.944774647185979,-2.944774647880737
-3.0194606236196497,-2.8836609028146407,-3.1592295279308154,-3.1027147551155037,-3.171581790270668,-3.1038426414920495,-3.0796201553144367,-3.1417435847283643,-2.9615681656625297,-2.992568276185926,-2.9662184660947593,-2.9662184668291043
-3.0808447243323345,-2.958811900590547,-3.1217073389874295,-3.0537313176650396,-3.1133782483491945,-3.090412122608317,-3.06400149050378,-3.0874510836642695,-2.932556572683695,-2.9656180254020748,-2.9373407009206627,-2.937340701073367
-2.9581487954404326,-2.8217068024182894,-3.0897741063883966,-3.018872447745448,-3.104260443784502,-3.0779332016790844,-3.0557743537609774,-3.047640652976707,-2.9356737145761667,-2.967628349079261,-2.9253258726118476,-2.9253258731751925
-2.989163929772553,-2.8484916420429065,-3.073387099936396,-2.995812884629209,-3.1255403248758635,-3.0856686399592608,-3.050537365578617,-3.070937956386249,-2.9441301456050173,-2.976416917515329,-2.9402246017414924,-2.9402246020661993
-2.97899802253101,-2.811707618108298,-3.090858185737254,-3.0182054151421953,-3.118034059133455,-3.0912070530078766,-3.0547890682917744,-3.062155865008332,-2.9515891964667795,-2.983480501147623,-2.9557333583865435,-2.9557333585093835
-3.0581272338889125,-2.894703027672486,-3.1114635444102747,-3.0397426885834378,-3.1547466841084555,-3.118455321854404,-3.0580117771724074,-3.1030224961630624,-2.9655130360800728,-2.997074532374387,-2.972486613865826,-2.9724866141915065
-3.03876476740551,-2.8838520764041906,-3.134009816886118,-3.059670088382738,-3.075461323959037,-3.0476903586111885,-2.9933770472426526,-3.0888632990108644,-2.967456119091575,-2.997069762203479,-2.9420855132230064,-2.9420855146869114
-2.99172666671282,-2.864704338070256,-3.1200531873548063,-3.041403379425955,-3.051362144840817,-3.0101893697116577,-2.9776852679846537,-3.0911833735969085,-2.9743481276240593,-3.00297152211637,-2.9270564933406282,-2.927056495447158
-3.002141292753471,-2.828485351933667,-3.1096921166185423,-3.036005607772449,-3.0829747792935294,-3.0290256057924267,-3.0121216759240554,-3.1231816890270614,-3.0122750945539667,-3.0528311170223934,-2.986208279851916,-2.9862082747140093
-2.9767137369065977,-2.7942249049217582,-3.0930435026415184,-3.0259785343949765,-3.082145877161039,-3.03575885673901,-3.0354976013897734,-3.1292523279637168,-3.0213367822282624,-3.0617335874636753,-3.0058818235100575,-3.005881818085436
-2.98023411378038,-2.7831957396939973,-3.093198206259091,-3.0274917370115535,-3.1028370730582684,-3.0494709602626195,-3.05375094917359,-3.1706760060146433,-3.0266300071604255,-3.0683217065680664,-3.024174843749399,-3.0241748379995195
-3.0557930982144685,-2.860215378027471,-3.1050953225144773,-3.0449029610983644,-3.093627323434011,-3.058355357402731,-3.061703903766952,-3.188483479133162,-3.033844608583591,-3.0750608537493775,-3.0393433446062077,-3.0393433386256783
-3.0220788601516517,-2.8147734331531167,-3.0861133068366082,-3.025944258362783,-3.020387450463895,-3.0190660222086327,-3.0069522211557533,-3.111248514902254,-3.017708491517096,-3.05872271968978,-3.0054056511113623,-3.0054056453049096
-3.043329200495474,-2.8395129327077653,-3.0978192226590138,-3.0361332772683047,-3.056976757006078,-3.040629347847091,-3.0219224429288167,-3.152119790477765,-3.031826389301538,-3.0727130099359927,-3.0272927312369533,-3.0272927254069995
-3.0383204667245973,-2.8351373754146407,-3.102083977722117,-3.041619817481968,-3.086660887109847,-3.0738316200870033,-3.0374307891256493,-3.190385341022079,-3.0336652573845946,-3.0748231124579517,-3.0426777177152755,-3.0426777115975256
-3.0542123066902627,-2.8234214228900583,-3.094109764608555,-3.0371591511769864,-3.099520056883173,-3.0973385365214066,-3.0456640142109617,-3.2186013772413142,-3.027134732478813,-3.0692383459055965,-3.0474244071861762,-3.0474244005984152
-3.100967396091336,-2.885745956377161,-3.113966322755413,-3.057990841395407,-3.0755436888523295,-3.101014156193515,-3.045982944021445,-3.187917076419218,-3.0237740400205575,-3.0658958325447885,-3.050670371376226,-3.050670364515464
-3.0200891986182987,-2.836605655031738,-3.0869361962876876,-3.015700141325338,-2.962208054167372,-3.0155339737672957,-2.9184545369232895,-2.982246882580859,-2.9597069323667706,-3.0025969615965358,-2.9494051024264967,-2.949405095815171
-3.0548492160912692,-2.8867126517878314,-3.0644325776633043,-2.98881048473703,-3.0381487474812894,-3.0233181764206716,-2.932609818531395,-3.04743418412789,-2.9747885327199715,-3.0165878227919634,-2.9689139576274752,-2.968913951177976
-2.976722344731646,-2.794900776223316,-3.060163509681236,-2.98741517341599,-3.102950831952631,-3.0504730570567924,-2.9701432866559134,-3.088245429225061,-2.988279876804662,-3.0294313853724035,-2.992258775058957,-2.992258768487791
-3.0098032293187233,-2.8436841495023475,-3.0654009724682347,-3.001358183701056,-3.1185767949347203,-3.0524264569010726,-2.963234214635187,-3.0931293866477265,-2.990909616297292,-3.03043273499473,-2.9868186401406547,-2.9868186338989373
-2.9848393772646062,-2.793711926553085,-3.0549240283733265,-3.0042643603633725,-3.1040047917033644,-3.0447670596578456,-2.952284199873949,-3.0841304393764677,-2.9993573780185967,-3.039336189880686,-3.0002270149691515,-3.000227008974933
-2.9496689393925006,-2.792697106551231,-3.012210075758002,-2.940351213671159,-2.9989150317422526,-2.9945068727743074,-2.8779920363559617,-2.9352544885497425,-2.9537893554877854,-2.996455560777124,-2.951622885009981,-2.951622878245285
-2.913993816889087,-2.7458785579341796,-3.0504966689675586,-2.967254033045818,-2.9063663424233614,-2.9058712819746777,-2.808886781876428,-2.8570655881742733,-2.9332124981615313,-2.9766133658308545,-2.9113112181889127,-2.9113112118858906
-2.9329290727810657,-2.7728635156560544,-3.0300031932427536,-2.9476438125579465,-2.9817598356023716,-2.9357671392731186,-2.8509584982829983,-2.9158047677210592,-2.9477529888461973,-2.9902935994252937,-2.935023501486062,-2.9350234951313143
-2.9758016111702306,-2.8168677255102295,-3.040653191401562,-2.956305481789473,-3.0064487860193263,-2.9519184089191155,-2.8643766998333238,-2.93889520952901,-2.956744922381982,-2.999140436757572,-2.9490907609916492,-2.949090754562663
-2.962274351050226,-2.8078472686802316,-3.0622556243011054,-2.9772113225307564,-3.063414875654875,-2.9962453037368366,-2.8873459325549717,-2.9781916220076234,-2.9719915471041007,-3.013612117358708,-2.970958259185437,-2.9709582527274954
-3.014584176669083,-2.814396016841415,-3.049520012003852,-2.9690036004081453,-3.0759832654793824,-3.013424911248096,-2.9016314917742396,-3.0005509682001015,-2.9828165207040924,-3.023782710774697,-2.976805238481036,-2.9768052323140313
-3.0055189530923356,-2.8190353658544702,-3.0267706426411762,-2.9411084684560747,-3.048979007867341,-3.0055631994596883,-2.882342734388415,-2.9775480609807836,-2.9724995181238576,-3.014173803427079,-2.967020611177935,-2.967020604781691
-3.015103134486089,-2.8278921429526918,-3.0245767492241478,-2.94035207865441,-3.109925125477146,-3.0465585543426896,-2.929640035383162,-3.033023297522238,-2.9866201838527617,-3.027601238184645,-2.991251200930718,-2.9912511944233335
-3.0008025559030007,-2.811159508680595,-3.037508565735438,-2.961747762469535,-3.1091939073019335,-3.0599468108202776,-2.9373560387074615,-3.0485229060815113,-2.999633143040476,-3.0404430220326257,-3.007021206653079,-3.0070212003513035
-3.0251785708910908,-2.8378042747134056,-3.0550980276462583,-2.9816031430283845,-3.101932575315685,-3.068261415073259,-2.9365091239017476,-3.059890586430945,-3.0138255717992783,-3.054175313697464,-3.0236274828171337,-3.0236274766980236
-3.094524733724711,-2.9263622790629764,-3.089946707973918,-3.0103782510917396,-3.1117201683346036,-3.0894859612618495,-2.9381911755949597,-3.0609200317218033,-3.022080702604932,-3.0614986797940937,-3.034978903527073,-3.034978897285557
-3.0887073200215465,-2.9238113925880524,-3.129064399203998,-3.0464348160367254,-3.130030286718162,-3.108282030965672,-2.9460428131557324,-3.0568617013719868,-3.0315511226671163,-3.0704757238413705,-3.045767019695862,-3.0457670135037214
-3.051704387828916,-2.8851788075533014,-3.1072404798634716,-3.0207836540460438,-3.107139977478213,-3.0962929844011873,-2.9350941948542615,-3.022219858561926,-3.012782656996061,-3.0542062837495125,-3.0256374309976612,-3.0256374244820914
-3.068766886576636,-2.8934778595735438,-3.118689233117573,-3.0379501387741743,-3.1549247054679963,-3.1257426303512386,-2.9614237577664118,-3.055976789559156,-3.0252901418725906,-3.066161440002199,-3.049949719442466,-3.0499497127111104
-3.0795818007132985,-2.967271711890878,-3.113028757370129,-3.018328845120714,-3.00851544018326,-3.0266804388006188,-2.87765423677081,-2.977848796087658,-2.9925781465881807,-3.032926691245306,-2.988367846365726,-2.9883678397753526
-2.998021358126986,-2.868527509394578,-3.1080435670238202,-3.016934367622807,-3.0669991868929185,-3.0557450810886118,-2.9092337449899275,-2.9832272394283095,-3.006551411482779,-3.046002941668188,-3.007256658722083,-3.0072566521610438
-3.09284798905969,-2.978813569589812,-3.1182266053304617,-3.036536381977383,-3.1402636792063454,-3.1091049927232657,-2.9671958307254247,-3.0156353659959256,-3.0172310571889795,-3.0562259827126654,-3.0309929264267903,-3.030992919666679
-3.028989352442111,-2.8938218269694866,-3.130907710102844,-3.056690830972429,-3.2024458513013587,-3.1596941676571575,-3.0213465401107156,-3.043969162422596,-3.031320028734123,-3.0695422509860197,-3.053684729859711,-3.0536847230107864
-3.02585711539982,-2.8877179218846023,-3.1366699656356207,-3.063865930581629,-3.1841052289249774,-3.1413524421559655,-3.006904666879257,-3.0713261327921044,-3.0430074412800066,-3.079841973557364,-3.0446085204914004,-3.044608514519713
-3.0701668891089677,-2.9357618399177663,-3.141926465048762,-3.0815722919688273,-3.2368536371075596,-3.176938432491377,-3.047519281726746,-3.11416941099934,-3.0553027460460345,-3.0917289112787465,-3.0694197214643704,-3.069419715237716
-3.1326021495147933,-2.991772577442163,-3.1736850952390214,-3.1225130208884524,-3.27300818354888,-3.20882056824692,-3.0796162166203453,-3.1459854547252384,-3.0685279858445433,-3.1043188413444858,-3.085266337112908,-3.0852663310034316
-3.097484046671664,-2.93966646808709,-3.161835089810082,-3.1148261717661447,-3.2044782860767396,-3.197237365568882,-3.0521866837435887,-3.129840640519425,-3.0313423198322202,-3.0708396944627685,-3.056565817686151,-3.056565810555284
-3.0651067613568626,-2.8851465023089022,-3.1520981594772084,-3.1033473077706293,-3.1763889239768845,-3.1848675616788986,-3.0164276330763102,-3.086094752683336,-3.013335888684526,-3.052904334245762,-3.0320870097856862,-3.032087002480183
-3.0794893017863973,-2.875103621671029,-3.1664529381820117,-3.118697716443873,-3.2375114898124195,-3.22265596999548,-3.0449920942859516,-3.1117301964532995,-3.0266727435308294,-3.065204376566108,-3.0541786495340704,-3.0541786420984893
-3.11218808866589,-2.925755260194179,-3.190612889508992,-3.1446136215447207,-3.266681953791209,-3.2529590509366173,-3.0782067165828404,-3.1075466027826217,-3.0324061578779045,-3.070866686008251,-3.0723902699553682,-3.0723902622250594
-3.2058114886472597,-3.027560002900336,-3.2129372427665834,-3.166294182720268,-3.3299400129394723,-3.2992733240984577,-3.1204288419267274,-3.1347820449451183,-3.0460160872773274,-3.0837408292979873,-3.0972070700748078,-3.0972070621829384
-3.206425938913771,-3.014486593461456,-3.2198854706975597,-3.1756816471503244,-3.358555417427153,-3.320481413803047,-3.147705638287342,-3.176472293542173,-3.0533240290340244,-3.091184493706203,-3.1153593032061395,-3.1153592950738034
-3.270746846318955,-3.0971508674363744,-3.2629369059552946,-3.218996962480128,-3.3875501147843883,-3.346762197723739,-3.159108145115212,-3.1905237414861674,-3.066720160068016,-3.1040845677812383,-3.132422200499721,-3.132422192353824
-3.2735547455539935,-3.0859429928028224,-3.2884258371030826,-3.243991069822309,-3.4274562805479762,-3.3828781333551152,-3.19159715701353,-3.207193410413278,-3.079587565821813,-3.1163972753488465,-3.1556510949478263,-3.1556510866097134
-3.268703617869618,-3.1127539885144815,-3.297604201278083,-3.2549008595404216,-3.415218057688453,-3.3930481204330505,-3.200552361854997,-3.24027071088571,-3.0653386787742596,-3.1045941382263127,-3.1543638037784696,-3.1543637947293925
-3.2456390999163784,-3.0640138684919394,-3.3007315953432648,-3.263383771393766,-3.4100885041348525,-3.391456645158499,-3.2059031939413667,-3.2294299307585494,-3.0787420944039288,-3.1173369283237697,-3.1679326685912343,-3.1679326593662447
-3.263948847118316,-3.1059365586358423,-3.311514892816751,-3.272873855437538,-3.430045900672069,-3.402855366869527,-3.2147131814781433,-3.236390981857232,-3.0926751240968717,-3.1307076062553434,-3.1916355554186775,-3.191635546037218
-3.2607247814762816,-3.1007395849436374,-3.318937346417481,-3.280705634586441,-3.4165580138543263,-3.3955422236982393,-3.2052050324204235,-3.228766713835462,-3.1022597958024174,-3.1398349894799233,-3.2023242597170336,-3.2023242503778384
-3.2899441811227206,-3.1760756269211523,-3.317735846119992,-3.279839757028604,-3.3832799742260997,-3.380919303091596,-3.1928939461658086,-3.2005422044131784,-3.1076979769341277,-3.145304938974276,-3.2194034960631557,-3.2194034864438796
-3.2911599859594256,-3.2163817286514855,-3.333585714833892,-3.3092733309991518,-3.2850806697598993,-3.3046128752791386,-3.0931561939546484,-3.107841598341532,-3.1627923446044743,-3.1701516218813146,-3.176279012910364,-3.176279007949414
-3.1394203069024385,-3.083732479932575,-3.3172318297568872,-3.2855447835614138,-3.2904884592034214,-3.2792913079276795,-3.090562092244732,-3.120329324496403,-3.170705118944209,-3.177736348099907,-3.1904201879039564,-3.1904201828317182
-3.0991619172840514,-2.9692980548846606,-3.2758180513239474,-3.2398093354694284,-3.2377048716687593,-3.2269612873760884,-3.0389736267776133,-3.037353447404188,-3.1433288425641885,-3.152335029091712,-3.1487722931103717,-3.1487722881088187
-3.086580585927371,-3.0463609194934342,-3.265712429721482,-3.2301692865541334,-3.282347041953043,-3.234759631368475,-3.0311471960139587,-3.0856863111929895,-3.156167334000327,-3.1650438512706054,-3.1692490345601962,-3.1692490293846056
-3.141176392778357,-3.1194728805862564,-3.271382699473793,-3.2358614440407387,-3.297597733482516,-3.2484823015628805,-3.0277453137862542,-3.042751918098552,-3.124693681569914,-3.1343615898254233,-3.1361010991081306,-3.1361010932570235
-3.109683589826729,-3.12252942177761,-3.262250917382341,-3.2353814157238174,-3.3235213851312784,-3.2707299441910047,-3.059575804446735,-3.0593468598536697,-3.1291727300671432,-3.1392989257559685,-3.1449512628850904,-3.144951256641362
-3.2013940934346423,-3.2243876333707506,-3.2778439261094587,-3.2551710798781444,-3.3421307031317857,-3.300353514987216,-3.109222982287278,-3.0779331536714056,-3.1339363732003225,-3.143869340927292,-3.1624761438063764,-3.162476137169736
-3.124342801280209,-3.1352123400649248,-3.279186166039632,-3.259930523814968,-3.318707114312285,-3.274532515072251,-3.0957616070636487,-3.054791838493,-3.1326497309981196,-3.1416488371482414,-3.1246009340281886,-3.124600928681833
-3.039812196046948,-3.089460271012186,-3.21206983097859,-3.1795414172006873,-3.2240446355271817,-3.2002378447962383,-3.0172696048764442,-2.9654260080777313,-3.1176119943188825,-3.126406324852278,-3.077344663847841,-3.0773446588954263
-2.990245176140976,-2.9699423560609426,-3.137492524865343,-3.1024288274035667,-3.0608160867497007,-3.0916188907784368,-2.9341486633155744,-2.8754559483638698,-3.0636827663157815,-3.0771909026079713,-3.015554689040058,-3.0155546830897184
-3.003891578642113,-2.9984003030963806,-3.140813468420107,-3.1011701423326112,-3.1083136480639713,-3.1047524440654293,-2.9772208198301993,-2.888676276103674,-3.0673495830621533,-3.072017414592135,-3.033526638779953,-3.0335266325740484
-3.007708777597581,-2.9375069860985352,-3.1270993832308127,-3.0728652857804923,-3.119007014745112,-3.10159942623822,-3.010719865635055,-2.9173585806897835,-3.0435608424848484,-3.0523926456614183,-3.031016249442457,-3.031016242619668
-2.976585909687578,-2.894950809252694,-3.1144030917564383,-3.0544855042674732,-3.1567324498858653,-3.122330599143623,-3.0578754715158274,-2.9583601382745526,-3.026671019024075,-3.0391499366634114,-3.025640054593595,-3.025640047274267
-3.024645697709262,-2.9216213950748164,-3.1085222281565636,-3.038617853807605,-3.0121680180929427,-3.0136980647326483,-2.9799451677192392,-2.9192355262552248,-2.9944956940057583,-3.0071371859862275,-2.9655220560648967,-2.9655220493530843
-3.0269808228476522,-2.887011319310423,-3.082627334126797,-3.0083741170781266,-3.027689155921469,-3.0075087318697147,-3.0128757972814704,-2.926637832271151,-2.9886803130059247,-3.0007252712798143,-2.9649976438192436,-2.964997636933342
-3.00366585966402,-2.864345398959229,-3.058342031222126,-2.986385450808411,-3.008095453778917,-2.974354790646669,-2.987062501465389,-2.91848710881127,-2.9834628503025797,-2.9947277757184225,-2.9408835227451524,-2.940883516374236
-2.9232898018838838,-2.7878049068142268,-3.0591280859612584,-2.996953258701107,-3.0338172642332584,-2.9437159889721216,-2.9612857569177002,-2.9072688184472177,-2.997937600713639,-3.0086114672803106,-2.9218421712510274,-2.921842165678454
-2.8416739515330747,-2.6883048564204275,-3.0434535927472797,-2.9952064000108507,-3.0437955766388725,-2.9304372847228155,-2.946278218071277,-2.9172234713588505,-2.9929205665454193,-3.003831931065006,-2.9237574211966484,-2.923757415559191
-2.8179760464759513,-2.632851859505519,-2.989134045155701,-2.9395648808175325,-2.960610623937434,-2.868338490855405,-2.8827683353139713,-2.8619851406440473,-2.9599348528670753,-2.972838627042163,-2.8837778307877127,-2.883777825173115
-2.7884818365994075,-2.5987143878800354,-2.9072541967135126,-2.8506339851731317,-2.9348815393619,-2.8256730767759857,-2.853413690625314,-2.861165463669016,-2.9629631121442346,-2.97607286027984,-2.8937482779325485,-2.8937482719499537
-2.7963579016351274,-2.607481144670599,-2.8614864375900995,-2.796275705342406,-2.8987858965898394,-2.797034270989999,-2.8388739595465777,-2.8490321601363737,-2.957952240699654,-2.9710820264720113,-2.892640658632246,-2.892640652480599
-2.828345858003871,-2.6633724648623645,-2.871256569543135,-2.8145377170185277,-2.8373835894771435,-2.766825897751107,-2.804140089234652,-2.8359968936671116,-2.9480205628636877,-2.9614529696929566,-2.9024155054492544,-2.902415499003783
-2.803293232340049,-2.63325479703804,-2.8341207989676303,-2.7811296198256077,-2.7149983401591307,-2.718158266322472,-2.7324074897195176,-2.7676941202363112,-2.9079803369582766,-2.90256260887043,-2.876321357662057,-2.876321350626475
-2.850045502937845,-2.6791931670173423,-2.8384510091671626,-2.7841323749989666,-2.7451497428227443,-2.7458946309820105,-2.778387338979467,-2.791930041894039,-2.924295005054362,-2.918244554658385,-2.900711071477607,-2.900711064402492
-2.851275200636066,-2.6676560787934824,-2.8156744638301245,-2.7525607967843966,-2.700969112875731,-2.7249791707627775,-2.758478949681259,-2.764199560356471,-2.9103025931056488,-2.906188532243969,-2.874881897222736,-2.8748818901338384
-2.8232715899740795,-2.654520978873353,-2.780285332617223,-2.7197038749673568,-2.581680733978887,-2.6638983525057816,-2.6754005306819986,-2.699125151292467,-2.8576573801045955,-2.8602809708325716,-2.8430054536385483,-2.8430054459714023
-2.8625335208658167,-2.66664272614916,-2.804140036017388,-2.7423904287308307,-2.6231596890463744,-2.6989577491227266,-2.7064765120532397,-2.7257238194582634,-2.8729217180739224,-2.8746351200813254,-2.863555072305412,-2.863555064646321
-2.8466201437006498,-2.646742039518786,-2.8017837456666315,-2.7441737336588514,-2.6707932425678695,-2.7223657608604968,-2.756910615579637,-2.7634047010199474,-2.8903029263868802,-2.8909234729930664,-2.8752666255460793,-2.8752666180822883
-2.9402977670908994,-2.740326084561053,-2.818595984943731,-2.7643409084698254,-2.717532949514885,-2.761687643494788,-2.8215833490625526,-2.802356218280944,-2.9070058013302775,-2.9066781766288243,-2.9020132901016478,-2.9020132825813336
-2.953814991282825,-2.68287922194493,-2.823658204585952,-2.7617862195814142,-2.7139182733183667,-2.769384531121677,-2.83632621925511,-2.803987261133182,-2.9107223120196535,-2.910325005477259,-2.901882483506833,-2.9018824760671373
-2.9342135674490066,-2.707253395117407,-2.8393801059756063,-2.76714130337679,-2.736188590316041,-2.764769996938844,-2.8423886887295424,-2.8132337766413293,-2.9244421481712357,-2.9225731265943646,-2.882622587499725,-2.8826225811284383
-2.9375963938534038,-2.708791656387502,-2.810452694169896,-2.7352708203527927,-2.711074733316624,-2.7419246518230302,-2.8232531643844365,-2.8027340749029035,-2.9040642357066844,-2.9036027999330476,-2.857583004603142,-2.857582998113426
-2.9189666993150727,-2.707373060939465,-2.823186431605385,-2.7496112776826704,-2.740533397735428,-2.7458962457530753,-2.8469395690316093,-2.821311800970693,-2.891939748505208,-2.8923693649880655,-2.8483863659498705,-2.8483863595153562
-2.8556663178367447,-2.655246445154037,-2.7860312286078597,-2.7159064175127243,-2.655824695209604,-2.7027440957494506,-2.793562879929118,-2.7875995192377863,-2.852054516668224,-2.857411177244494,-2.816053498017892,-2.816053490898041
-2.8663682477293024,-2.6445478200679995,-2.7958717080584132,-2.7198537141369767,-2.6535566121594223,-2.7144535912259626,-2.821087625347606,-2.7867205027332966,-2.8494840539459467,-2.855583893595626,-2.825590041365882,-2.825590033967923
-2.898947236090176,-2.698162139689429,-2.800458893218481,-2.7216831670548203,-2.6351955797479527,-2.697113511028782,-2.821693770668997,-2.7814234187709945,-2.844254402662085,-2.85047570498497,-2.8157825431687136,-2.815782535864476
-2.88660382736808,-2.6740581821277027,-2.8262220877694597,-2.7592656428458753,-2.6855839192399222,-2.728425737600193,-2.880843172438251,-2.8343010990890045,-2.854950500228389,-2.8598090692397142,-2.841405097778189,-2.841405090314271
-2.9173823180777276,-2.7133119530960257,-2.860576126848163,-2.798768128081254,-2.729911746793375,-2.7683560139956844,-2.9279822936796327,-2.873891970139674,-2.869223434882525,-2.872940994685653,-2.8674018370214536,-2.867401829498219
-2.8608854425944426,-2.6918217846801795,-2.8297390341051254,-2.7530299884910114,-2.6512201510407536,-2.6870980514640954,-2.8117740309979316,-2.8474016751780544,-2.8451619227526743,-2.8480152926933684,-2.788735349525885,-2.7887353433159454
-2.853050102254243,-2.6799328029227647,-2.8144412759880932,-2.7413491999970434,-2.7053390286167738,-2.6851943394849087,-2.8421421698088754,-2.8746752502333504,-2.851048228658697,-2.853007772135725,-2.7892211620082255,-2.789221156129188
-2.8673688569852445,-2.6910765258336493,-2.7839504668165436,-2.7208983652329355,-2.6802288748765912,-2.6626860172940505,-2.830029985535102,-2.844870893454857,-2.8171363352055367,-2.820875478437279,-2.761365610424727,-2.7613656041987564
-2.95155757112825,-2.765922106760991,-2.829832338667674,-2.7702859643968245,-2.7644851181587042,-2.7104334673721766,-2.9041685760162865,-2.87296637849623,-2.8252751760617127,-2.828386132530651,-2.7751340355979517,-2.775134029395986
-3.007346591473941,-2.797470845641233,-2.8607719242620027,-2.8099625193430464,-2.8472516755932222,-2.7752415186858053,-2.984326992068759,-2.917119033596403,-2.839019686901488,-2.8409956362708333,-2.7998729444409847,-2.799872938242048
-3.014661154106976,-2.803705954782587,-2.8815625849564133,-2.837981366492044,-2.9029320567130545,-2.825211231478954,-3.0241384582331285,-2.947023462736959,-2.8548320861185434,-2.8554513751612127,-2.829498296098442,-2.829498289815441
-3.109831967356148,-2.8808928796532562,-2.8983111297509643,-2.8593794482196824,-2.940722843517082,-2.876355452077658,-3.052471932809531,-2.986003983468068,-2.8703314835443487,-2.8696909564172,-2.8579552582046714,-2.8579552518586038
-3.079568613855008,-2.8222672144699565,-2.908062927948051,-2.8711415936227214,-2.950588740976215,-2.89706825370025,-3.050232821785941,-3.0237752728148592,-2.883860585639629,-2.882266145244147,-2.8730869022169796,-2.873086896052499
-3.1691702937393824,-2.943136586183553,-2.9264199778574875,-2.877585794010069,-2.9008274580554945,-2.8911335726928877,-3.0136673853448337,-3.009925242512395,-2.878231801089549,-2.87717560540978,-2.874410462774593,-2.8744104565515363
-3.0826706080034993,-2.8744571065118487,-2.9528351215756983,-2.8968971397644596,-2.9463837586543735,-2.9254776313878956,-3.0411827646204,-3.0262355798725187,-2.8936375200442024,-2.891375367796622,-2.891682079408926,-2.8916820734581057
-3.1165247564400436,-2.9138310630869517,-2.9745171576147302,-2.918190824816036,-2.9729021472848407,-2.951463639631031,-3.0491706626956456,-3.0386143347009993,-2.9062659801188184,-2.9030581931225736,-2.9035063949070214,-2.903506389261932
-3.101326983094926,-2.8653463769323566,-2.9727175526065315,-2.9244747204572574,-2.9847168304873297,-2.95252895487003,-3.036426276190542,-3.0667572231279827,-2.9161930820874047,-2.912320522981,-2.9052708417637945,-2.9052708366062037
-3.0805266650461465,-2.855666763756574,-2.941694317644404,-2.8766572109016484,-2.8905871270745562,-2.8809541036303217,-2.9433981948890295,-3.0305962846603296,-2.8881271357725713,-2.88524915233675,-2.8679628728591227,-2.8679628676932185
-3.0768774017837885,-2.881149098822535,-2.9590369413979545,-2.8989926679555946,-2.956415090927828,-2.9026198738700737,-2.980141783489187,-3.0544893728385416,-2.903145168636205,-2.899212955348538,-2.8861876399248927,-2.8861876349477082
-3.0146336979995416,-2.8568439488007753,-2.9345001276868157,-2.8581141643985246,-2.8657014716356755,-2.8507341133250534,-2.914170253065123,-2.990104810743575,-2.876343476743929,-2.872407961165282,-2.859370801003062,-2.8593707957129815
-2.9772424511243165,-2.80276157521845,-2.906446215954009,-2.8338511134871087,-2.8405728179359415,-2.8486018182305095,-2.9213092609075266,-2.950839390475757,-2.861063715694595,-2.8594895780949163,-2.853862352370599,-2.853862346718693
-3.0232697161506428,-2.852350432017965,-2.9390071552167987,-2.8695494637845425,-2.8954837845354318,-2.889390698111978,-2.986676023406119,-2.9882358048821356,-2.8759029483125986,-2.8737467746236542,-2.882487643006079,-2.882487637178874
-3.046231218880593,-2.9068274623528856,-2.9806735198487813,-2.9184201571888284,-2.8876061642191484,-2.8974376310602765,-2.970191421667586,-3.003719170156321,-2.842434783070855,-2.8426530905582426,-2.8503386366760246,-2.850338630573851
-3.0884531692611916,-2.9558487991521085,-3.013470210578825,-2.9620537904815976,-2.9686581760790696,-2.959700201076291,-3.023385244405472,-3.07111231576305,-2.859555726737723,-2.8589960927037343,-2.8792304161025317,-2.879230409920372
-3.1078046091551643,-2.955781215517619,-3.0103651863452847,-2.96380686186897,-2.9634279769961824,-2.9779394997364736,-3.0400350776173397,-3.0905092397767464,-2.8619011957358182,-2.8620088066382885,-2.882479813462153,-2.882479807119918
-3.0873076001351154,-2.9600340372898994,-2.994111501724991,-2.9222054680021463,-2.85793743966125,-2.8796066524659243,-2.937839994813204,-3.081413493296612,-2.8492831310142637,-2.8496730515000257,-2.819800354113352,-2.819800348868978
-2.9415277686058534,-2.810208470456767,-3.009404893790334,-2.9287795405484847,-2.9470309118731106,-2.882300376391056,-2.9657666491319503,-3.084701546693856,-2.863375259659483,-2.8622555266682332,-2.817191161780625,-2.8171911573004493
-3.0192984226130837,-2.863085558552995,-2.998942507414238,-2.9397841206600424,-3.028263529705961,-2.916573213294333,-3.0186086612590155,-3.1062155850921247,-2.878560702477174,-2.876469607131319,-2.8456373790183527,-2.845637374431786
-3.002073467328895,-2.844643092656323,-3.004109825125349,-2.9652712610566048,-3.068479228751891,-2.9528997284771834,-3.0466665457854334,-3.1499609545841682,-2.8853688038350254,-2.8837702487349897,-2.8674968310022217,-2.867496826170417
-3.016122259935251,-2.8402781955690664,-3.0175004395203784,-2.987898567274975,-3.1135657644864163,-2.995975027428634,-3.070190627905447,-3.196347993522296,-2.9006863483399554,-2.898472066869486,-2.8916290222871073,-2.89162901744945
-3.0683030153251374,-2.9325333165376466,-3.0338487667170186,-2.9981636945813595,-3.0814678961891038,-3.0110098991653818,-3.0627594556258724,-3.158747011865688,-2.906205084272054,-2.90485696980157,-2.909933061391437,-2.9099330561080876
-3.085547863722584,-2.9165481863757394,-3.036216085823309,-3.0187772687829124,-3.104022500719429,-3.0465405446267875,-3.087810970268981,-3.2027259114149738,-2.9188187979288367,-2.9174004182382203,-2.935588456856034,-2.935588451313273
-3.092426578355949,-2.8938944024090576,-3.048466539675396,-3.04332545100893,-3.124733342354781,-3.0806865512456483,-3.10241621054716,-3.245362085595972,-2.934268803001835,-2.9323640901287247,-2.9624184462417955,-2.9624184405899205
-3.1169241329019313,-2.9144083851574396,-3.0695065932891,-3.067109974200096,-3.154008567209342,-3.1204981746440166,-3.1157315762029247,-3.281309670213183,-2.9463373076837995,-2.9444441159928263,-2.9796421088418885,-2.979642103297879
-3.08773072074147,-2.930537398242681,-3.062471025888609,-3.0429442860470637,-3.055027914027021,-3.074657393606038,-3.0515933797640757,-3.2167710805639933,-2.930219053455104,-2.9294165542428314,-2.959341759431843,-2.9593417537479474
-3.0955212472717797,-2.8974232091559866,-3.053559892297121,-3.03522362537933,-3.0792771247425383,-3.078507167563502,-3.07353753267734,-3.2228306499750135,-2.946081018080996,-2.9446008511895716,-2.9646032222831047,-2.964603217279974
-3.1328632557234846,-2.9363544094539034,-3.076765931280083,-3.053598338420537,-3.1064533100477565,-3.0984380494982586,-3.097581587681652,-3.2436935843535455,-2.961877786591957,-2.9598172543695855,-2.991658140915045,-2.991658135809089
-3.133889243984743,-2.9187493945503817,-3.074015832122427,-3.0521096785158135,-3.079163911047729,-3.0750969664987133,-3.0820631090468833,-3.2180630590316355,-2.973477119384734,-2.9710328083073665,-2.9921786653845226,-2.9921786607111476
-3.1730015693953733,-2.9560792528622706,-3.134134481589092,-3.0979455073356204,-3.0991712626443992,-3.084135958502265,-3.071673114939187,-3.2288988155167786,-2.9874716534671686,-2.9849998220701606,-3.002762316149014,-3.002762311619062
-3.1321570554873497,-2.9058378281766437,-3.108815267408295,-3.0682615324119635,-3.07487704983902,-3.0628795395037325,-3.0441292248537204,-3.179709233422108,-2.9896657791315455,-2.987953971568593,-2.9991837521781584,-2.9991837476514585
-3.1768037576468595,-2.959966056351637,-3.087144454886087,-3.040276569662228,-3.0786548272581262,-3.0732393418847312,-3.0338864982851095,-3.181217582491686,-2.982104745873129,-2.9822979059479993,-3.00322750159213,-3.003227496606842
-3.0769843391588587,-2.8558648830399074,-3.0444996987681634,-3.000223205586046,-3.020391999064827,-3.049724954737963,-3.0196969698662803,-3.156441202881405,-2.979984964368389,-2.981338026962765,-2.996607491136505,-2.9966074856113543
-3.1612027529393814,-2.973179334036615,-3.079333884448432,-3.039389136188363,-3.061090550722642,-3.084151164330131,-3.0636066228833063,-3.1962794638188745,-2.989151615562493,-2.9902434391320174,-3.016941384819731,-3.016941379132139
-3.173642412669682,-2.9832040368583934,-3.102645309085891,-3.057472947406377,-3.098901251024874,-3.1276461260311734,-3.095486719095732,-3.2309393894323066,-3.0040051115303075,-3.0042859866319365,-3.043068320071875,-3.0430683142549593
-3.245393129406255,-3.0615981606299076,-3.149495281263617,-3.0989697781301526,-3.1007591250231976,-3.1517264359447363,-3.103719452010811,-3.238576570873729,-3.013340096323228,-3.0134818105248677,-3.056457146865436,-3.0564571410463865
-3.230044276781738,-3.0611909821086383,-3.1860937067404174,-3.1481487302094546,-3.1486215277541976,-3.1875796128433844,-3.132158281783278,-3.2628558363213536,-3.027903333854923,-3.0273829746960947,-3.080986074656059,-3.0809860688040187
-3.197398613141884,-3.0519105422950403,-3.178674673597784,-3.1457088223717955,-3.097145437383955,-3.1504581429511767,-3.0823944972767663,-3.199698265611092,-3.017894779914835,-3.0173642082149867,-3.04638632641977,-3.0463863212232853
-3.1597328898511527,-3.036022307172485,-3.193883888883581,-3.1615162743641063,-3.1405183594759682,-3.1779945400076897,-3.095444129338983,-3.225780052854061,-3.030986097545436,-3.0295755768169284,-3.0673255002031525,-3.067325494935282
-3.108394349290151,-2.977084423672891,-3.1639235176460954,-3.1206517726792833,-3.1354040473071314,-3.1833107679355237,-3.087587130158615,-3.237335720541237,-3.0163925799121754,-3.01882908176652,-3.0708415172189154,-3.0708415110145575
-3.0931444425071364,-2.936344400608308,-3.153148324114943,-3.1093989176169154,-3.1869987633617605,-3.2161670247874126,-3.112133899216203,-3.286906327454363,-3.030325007063081,-3.0323263809204533,-3.0955900866394557,-3.095590080024147
-3.1608050594229606,-2.9905849064408665,-3.1902131021286264,-3.150891532251701,-3.211635424808386,-3.234873350796314,-3.117159547715522,-3.308920952096719,-3.0450649042243896,-3.0463288605353673,-3.1038073031293005,-3.1038072970590593
-3.1786946890043284,-2.9946453396150665,-3.191653802212585,-3.1536742054485414,-3.224589639008616,-3.2486750747552033,-3.1185281953615624,-3.3264678782445456,-3.055185271115226,-3.0562914719784975,-3.116728462682393,-3.116728456657749
-3.217638847288091,-3.025340893422947,-3.2095677045033666,-3.1745613016981604,-3.256282758383062,-3.2774127699550197,-3.1357453529023056,-3.3490704637681845,-3.062564581684004,-3.0634784371575714,-3.132899176928155,-3.132899170729961
-3.175139312668212,-3.0193755013980703,-3.239523606106358,-3.208415252923899,-3.300589940530318,-3.3021469990193273,-3.1614298115729356,-3.3936434196906022,-3.0767122294323257,-3.0772600301232895,-3.1398897925991314,-3.139889787098965
-3.248228804564906,-3.0692013697774634,-3.2538219055018187,-3.229581895203694,-3.337661238893375,-3.335239570328607,-3.192974411441373,-3.406723476625383,-3.086444338258225,-3.086880811853532,-3.1590750737782995,-3.1590750680368016
-3.259941236574946,-3.097261763392535,-3.264984592435493,-3.2379479323573976,-3.2737763284706287,-3.299812015518361,-3.1726560874825376,-3.4082330417812736,-3.0839785391968015,-3.084592006926757,-3.150130027796824,-3.1501300217881183
-3.3023332284491684,-3.1560362768133414,-3.295154200756639,-3.2641361181911046,-3.308905460653741,-3.318021342216563,-3.2008797274923793,-1.5315806489668753,-3.0981893476525055,-3.098164267845064,-3.1692619107474727,-3.1692619048568833
-3.22766952412245,-3.1283146254800522,-3.255180280212021,-3.2090431407555107,-3.050295358439687,-3.1797373323445175,-3.0895507147392616,-3.0989452387519623,-3.0280800372510024,-3.0355716172843574,-3.1097423847578067,-3.1097423768903525
-3.0641873565329267,-3.0054728124023424,-3.173044485324687,-3.112352443521312,-2.9542298416003945,-3.0925416626486664,-3.035870785090428,-3.0589009170064214,-3.007343587013543,-3.0157313373432335,-3.0585592448149956,-3.058559236681566
-2.944394743877906,-2.913964353319641,-3.1505080962084255,-3.091517512847411,-2.9193405151284963,-3.0070432670113725,-2.9889298348986753,-3.038347008537335,-2.959516708761958,-2.9706474432081844,-2.956441886214868,-2.9564418796573344
-2.9144120254868833,-2.7898025589604702,-3.114616578612538,-3.0506129723971673,-2.916293665139049,-2.9466859715470015,-2.929994714087029,-3.0007118485882947,-2.934325269524263,-2.946423020677962,-2.9143893168624357,-2.9143893105716376
-2.8567076901004027,-2.7615565333060808,-3.0872160923779806,-3.013441176352266,-2.960948738106162,-2.92538147489179,-2.9358310057984953,-3.0169543120351174,-2.943976498606555,-2.9551992463553978,-2.922659537007755,-2.922659530955262
-2.8759575333688514,-2.7362924455919333,-3.0654096232055768,-2.9933503143843394,-3.0304453543264698,-2.9466774182526225,-2.986426796826898,-3.077520311714591,-2.9535192945414517,-2.9646843706258856,-2.9455287978149194,-2.945528791514207
-2.9172799565083163,-2.7914508786477534,-3.048641566377065,-2.9722845709558148,-3.0499877279971965,-2.965169459101912,-2.9836114217859353,-3.0952201498091485,-2.939856410449837,-2.9524408758467797,-2.9394632627093773,-2.939463256079395
-2.9854892703615876,-2.816839143108925,-3.0560448141921923,-2.983830543496975,-3.125111516686575,-3.018223673136924,-3.013329123495948,-3.153371949753376,-2.952939840624942,-2.964787557051253,-2.9641886402054314,-2.9641886334521685
-3.007084941507771,-2.834700261107545,-3.100676099465524,-3.0411394894971218,-3.191753805658945,-3.08036698480454,-3.0741891059893476,-3.196297983237985,-2.969093035167293,-2.980098829314866,-2.9904088425182365,-2.9904088357278207
-2.998249420024067,-2.847588051122241,-3.1016318405552434,-3.040240350949511,-3.104715461075425,-3.041997222868086,-2.9978086608759704,-3.0421990601330173,-2.949489902708475,-2.9593271209267944,-2.933210934412763,-2.933210928153753
-2.978538468751418,-2.839023057002493,-3.0815022078551007,-3.019188355874854,-3.1147752709712737,-3.036106168679162,-2.9906908619512564,-3.051900266052831,-2.9582076800693056,-2.96739096464331,-2.94556001211494,-2.9455600056636264
-3.0060584693084467,-2.8426490398306683,-3.0833041850076017,-3.0233212798222144,-3.171676720683857,-3.062501762278552,-3.0225351055592866,-3.0872833690480697,-2.9725178161775547,-2.98107450908507,-2.966628743575072,-2.96662873717255
-2.99159424053721,-2.807356841958386,-3.0654554047377003,-3.0086795445072574,-3.166362145549367,-3.0724833147720743,-3.0225283599414086,-3.08879817055798,-2.97455866036877,-2.983357996511753,-2.9741761686061787,-2.9741761619504827
-3.0569426610771013,-2.8737080394722896,-3.0781985377637904,-3.032976064357766,-3.169230351065363,-3.0862475745635445,-3.02490445229651,-3.1061126949711597,-2.983848266239877,-2.991967787035789,-2.996171407522797,-2.996171400718081
-3.096760736887471,-2.925699441769118,-3.090230695699601,-3.049595511545862,-3.176994068438074,-3.1064527719027017,-3.040042612869844,-3.12127825057981,-2.99375670075163,-3.0012390737741743,-3.011959422346946,-3.0119594156250087
-3.044649164454788,-2.8550350280484746,-3.0765019734435013,-3.043571345077635,-3.2129469520646756,-3.1372895470293702,-3.065669037112637,-3.1874718992019746,-2.997512222994285,-3.0060289599162546,-3.031758884715067,-3.0317588772429658
-3.097622971103367,-2.936842450933343,-3.1030481052577557,-3.079831068032566,-3.144752883755057,-3.116619869778793,-3.043927770264328,-3.1471523433281647,-2.986076317627247,-2.994982324000243,-3.0204884528480824,-3.0204884451958374
-3.104294904007274,-2.925781245940217,-3.146345302531743,-3.12568366229562,-3.201455221071435,-3.1641517150430882,-3.086187128620097,-3.167282434055106,-2.996572773260959,-3.0046874836710344,-3.036319800295978,-3.0363197926272756
-3.183151537021766,-3.0128037540661157,-3.175642818372845,-3.153463566596475,-3.2513723968011456,-3.2040645650056585,-3.1176772045499095,-3.1995067364239405,-3.0064727330221723,-3.014519092318145,-3.055536475158889,-3.0555364673679954
-3.1570931005961156,-2.9784845678820244,-3.2071232443900684,-3.1844113174120396,-3.2541095612108477,-3.2247126981335406,-3.1271653481379986,-3.1980327134921422,-3.01525108386386,-3.0230705089609176,-3.0720386012744263,-3.0720385934487044
-3.2673005594528415,-3.116698365118991,-3.23239709968869,-3.209232730316671,-3.3040922089441587,-3.258629490920815,-3.1644357768160254,-3.238836094047477,-3.0313990592964326,-3.0382673890817053,-3.096312005670941,-3.0963119978437446
-3.1285654468108937,-2.9885271422883593,-3.2556522824354737,-3.2266983708421577,-3.312952689269454,-3.246249719146613,-3.1388010750300688,-3.267024443251673,-3.047567001004702,-3.0535187289245194,-3.0978237579351555,-3.0978237509541877
-3.147764706051811,-2.986544055481986,-3.236748528718621,-3.2195277484230584,-3.308722463097819,-3.228454003760736,-3.1307044162208904,-3.2787569533625796,-3.0615086578463857,-3.0672028258048285,-3.1127078118177045,-3.112707804856555
-3.14672689132047,-3.020498760974719,-3.2071270962218508,-3.1830880289567562,-3.152616648960765,-3.1533121318525463,-3.0674843051829255,-3.151892466055474,-3.038773107413908,-3.0466791524048906,-3.094092139748307,-3.0940921323646577
-3.145897835254589,-3.0121262347622246,-3.200844675516897,-3.1778544913511575,-3.189046569589715,-3.1741122915547275,-3.0999884512124782,-3.180661886508698,-3.0552597788391616,-3.0625459169481677,-3.1140384398710386,-3.114038432657844
-3.117942395586151,-2.9960246385522624,-3.1904022332885544,-3.1777653005150985,-3.2240398413049007,-3.197588441067481,-3.1403573242510605,-3.234503411839333,-3.071221247673564,-3.078014810874271,-3.1380070859760725,-3.1380070785495926
-3.1393638493990452,-3.0007481388031856,-3.1779918349730223,-3.174133454397616,-3.2245814046355266,-3.207531115778032,-3.1558935279968905,-3.232800731549401,-3.0848738176089148,-3.0911049287231873,-3.160664661346512,-3.1606646537889604
-3.170721526195318,-3.019408050474239,-3.1879037669187413,-3.1887369360374476,-3.232199956063721,-3.2251267217330892,-3.1734168750902603,-3.2511301485588566,-3.1006424484134487,-3.106372842053428,-3.184827858673996,-3.1848278510925447
-3.2327191167315927,-3.0912177590575074,-3.2030358793418356,-3.2119607316510406,-3.244971354328313,-3.244518393663806,-3.191546312987297,-3.291847897186794,-3.104037177085991,-3.109960134513897,-3.1913791001661456,-3.1913790924298286
-3.2178946082087854,-3.0664762615233347,-3.213462441075192,-3.216391334198133,-3.227803622859201,-3.245299517027254,-3.184785977436451,-3.2846903325942005,-3.0973758827605704,-3.1056295107172702,-3.182385653082124,-3.1823856448230416
-3.193647493887095,-3.01654671741625,-3.208123521420987,-3.1913182608771016,-3.149836162585209,-3.2011588290414754,-3.0934902285291357,-3.1627588854346302,-3.063427360530895,-3.073623487201132,-3.1234519368746083,-3.123451928630558
-3.252959476099631,-3.0661498338311315,-3.2139674756098175,-3.1948593063013457,-3.1970794823402313,-3.23028707568805,-3.116227320003651,-3.195560110874129,-3.079117629650379,-3.0887285640953865,-3.1489010219333826,-3.1489010136122406
-3.234392619104011,-3.0350382119195247,-3.212352327721889,-3.182108580264611,-3.2102593510887516,-3.2475215322841278,-3.1216057714863923,-3.207004733505219,-3.0721512494605654,-3.083556521674297,-3.1500854659725244,-3.150085457180919
-3.2278204223311167,-3.040667655295275,-3.227570378567586,-3.1944511620913834,-3.2537214478938674,-3.2750112204407884,-3.153035329095131,-3.235073815380528,-3.088243611391823,-3.0987699865558547,-3.1650974709224324,-3.165097462391533
-3.269886010731475,-3.069840207106579,-3.2341610084484067,-3.1981110934598296,-3.2777460260399534,-3.292342658081232,-3.185160201077922,-3.263954051035762,-3.1004803501616376,-3.11028604553995,-3.17480761840048,-3.174807609742551
-3.2507738249704428,-3.0433459701649026,-3.251428298231456,-3.2088553858900557,-3.3169844063061875,-3.3097713069659687,-3.2133061500404265,-3.297763740640667,-3.1167548694798244,-3.1258161384776737,-3.200166326846042,-3.200166318133575
-3.2880606653094895,-3.1074003886601824,-3.26526956102913,-3.214847919743079,-3.2606768766655625,-3.291173472701863,-3.226882167187219,-3.2716958073400466,-3.1129026250375142,-3.121697629103798,-3.1988522483280275,-3.1988522392272283
-3.328162304595154,-3.1452750925692623,-3.2774220558741547,-3.2198559283866133,-3.2612518416744534,-3.299010008351064,-3.2317965922152503,-3.273891586332119,-3.116116227260443,-3.125743672312635,-3.204071578587344,-3.204071569201175
-3.3817441686364553,-3.2351607635133925,-3.2898687127519652,-3.2328450420673813,-3.286389309775595,-3.324782663705883,-3.264846284716084,-3.280069832048185,-3.1284307948996593,-3.13758676093023,-3.2256867862285015,-3.2256867768131454
-3.365971022559924,-3.2399641366935086,-3.2971141062575455,-3.238893719245437,-3.313554461451969,-3.338903818461086,-3.2962416375111308,-3.3109979993906644,-3.1432839477863017,-3.151404181430889,-3.241197747935059,-3.2411977386621547
-3.3298755568871266,-3.165945923009398,-3.304525356046845,-3.251479940257953,-3.3258041024937093,-3.344397124289422,-3.294153605718512,-3.3436442058818505,-3.1459139828643683,-3.1556081674491496,-3.2471183149457783,-3.2471183053691686
-3.266230592689993,-3.087720418707365,-3.254293129976743,-3.189483131026477,-3.1541960053679774,-3.2290336144420984,-3.1450432584733226,-3.143496148685353,-3.0955027948005513,-3.110082422447622,-3.1534547894358487,-3.1534547801517947
-3.2336290759452613,-3.089981561937103,-3.218502179903134,-3.1532795334851214,-3.172627408373722,-3.210126720859111,-3.153239150089759,-3.1762895945759295,-3.100450337465307,-3.115027703611141,-3.1583368890107524,-3.1583368794518427
-3.1936540477263153,-3.1194895903194513,-3.2053940307844413,-3.147203815593974,-3.209750350237976,-3.208575596508761,-3.170517782575959,-3.235450693907244,-3.11516308938601,-3.128664780598935,-3.1830363445586998,-3.1830363350051853
-3.2309090540764003,-3.1553403581368635,-3.209055003612913,-3.1620128264937106,-3.186419329819682,-3.1987697569798357,-3.146679872124134,-3.2102717805737995,-3.1188560050796,-3.1325643437843107,-3.186978032585982,-3.1869780230007447
-3.186699802756785,-3.064731053135177,-3.1579137793887284,-3.1029822151772937,-3.1328954642271465,-3.1621819904074413,-3.098931659522528,-3.1393696177869796,-3.087981844214894,-3.1070389877708147,-3.161655657552572,-3.161655647119477
-3.145485076933255,-3.046247019216414,-3.140953912538527,-3.087962279681668,-3.1628871025112613,-3.174265814931264,-3.1216026976469764,-3.18712369043619,-3.099316472680346,-3.11723214468033,-3.173212119980912,-3.1732121098804287
-3.1901132364189846,-3.0931312738161396,-3.125873013546033,-3.0706426858955136,-3.1389351771420646,-3.1625303224897996,-3.1154557529390736,-3.148303533924899,-3.0978566405133674,-3.1148692219033887,-3.1684146239714237,-3.168414614062484
-3.113484075891218,-3.005416669620378,-3.0825081438373507,-2.9925858438438593,-2.904828929278618,-2.988598856005158,-2.9050724499209633,-2.7447467885143375,-3.0089891140576857,-3.0274847772007973,-2.9857455120512624,-2.985745504191171
-3.025966636172102,-2.9258927000729145,-3.0432039238517508,-2.9527947849815948,-2.9689231031646734,-2.9723674525956048,-2.953179784041071,-2.8559683959776834,-3.0226761749483,-3.0399935243648817,-3.006579997437245,-3.006579989594658
-2.9471026007732255,-2.8537477502471207,-3.0384802419830317,-2.9554844115107426,-2.927201019379651,-2.929739875959966,-2.9124553358588505,-2.8522988016777173,-3.0090537803176094,-3.027424475023296,-2.998885915866368,-2.998885907929387
-2.9278864903701773,-2.8449647215688443,-2.976274298657205,-2.8859731711264263,-2.8657085401823847,-2.8683034572936177,-2.875483788110365,-2.8288819433905688,-3.0157980283980224,-3.0264132829657098,-2.972689138979643,-2.9726891337659533
-2.8835476585932414,-2.827288357341388,-2.931497905398441,-2.843883897086681,-2.886149017025146,-2.846892224292691,-2.8806932893488013,-2.897194943579868,-3.0271108752627773,-3.0367392679526897,-2.9932971882849913,-2.993297183038154
-2.886381809553336,-2.8019847267585414,-2.8837024474393487,-2.8058198872878446,-2.782095673817459,-2.7932450474190103,-2.8062403307308,-2.8088054320722984,-2.984268083216723,-2.990230920997076,-2.962752610574287,-2.962752604711804
-2.8796978743923694,-2.7648379961943417,-2.875895195613566,-2.7925998063346773,-2.804062420657497,-2.7969643930223915,-2.823787410711985,-2.855611605128599,-2.990371329513827,-2.9956846286080725,-2.972296016551537,-2.972296010816806
-2.883668598181841,-2.8088719820706487,-2.8965548313496554,-2.8395321498955255,-2.8451708173707537,-2.8660192496221732,-2.91294556447756,-2.898355901565443,-3.016670901062085,-3.0585517795391874,-3.0402325800824963,-3.04023257869739
-2.9150790759019216,-2.788136551622161,-2.9080457257249783,-2.8687635883392257,-2.9040443699509804,-2.9256562054507924,-2.9545772845913527,-2.96305514742312,-3.0325450374643435,-3.0731091979212244,-3.064222624725122,-3.064222623236555
-2.942275244658621,-2.9058187908610162,-2.9316870394213637,-2.894885359812563,-2.9612360428313647,-2.98551486686805,-3.017681548005533,-3.0221604157677477,-3.0479056375303917,-3.0873708469684527,-3.086138172133042,-3.086138170662855
-3.027402785112044,-2.9296790588823,-2.960827709444552,-2.9281131713760233,-3.0026743364339326,-3.0378008268393017,-3.0640766614607564,-3.0610342335451657,-3.058242324986254,-3.0968019003481113,-3.0981339355677884,-3.0981339343755714
-3.042651532522175,-2.9625006942064798,-2.982007985793458,-2.9465664746514566,-3.0232306734640066,-3.0759365518304724,-3.0732562989509713,-3.075877413071153,-3.0632154714849538,-3.1014287970002776,-3.105291667700752,-3.1052916665423407
-3.075764800074431,-2.953028279953522,-3.0092033530944797,-2.9854408742756613,-3.135748340531772,-3.1423577796877957,-3.1203087322958103,-3.1194875007014042,-3.121092862146998,-3.147782120697767,-3.17328172817741,-3.17328172798742
-3.118041662304641,-3.060527988230219,-3.046497044482795,-3.025804107843311,-3.178255765403194,-3.203163186128182,-3.1929540470413786,-3.1402517980606235,-3.1507217901628755,-3.196324957101722,-3.217489408600424,-3.2174894070329048
-3.0877160957193364,-3.0754933176794927,-3.1005321621807695,-3.080756550812917,-3.205405973897581,-3.2217315811856073,-3.18499309039981,-3.1537784695890774,-3.1656716128824582,-3.210047727567779,-3.2208453726274144,-3.2208453717046575
-3.1003903547334795,-3.054394484365023,-3.0637172726596047,-3.0362527983922014,-3.051292551875483,-3.1458600915108157,-3.0858318841909513,-2.9969897023472036,-3.110484947471686,-3.15954979628149,-3.1619862339512013,-3.1619862324599755
-3.1849386163379254,-3.190480256466596,-3.075664659899748,-3.046049492421238,-3.124106261045281,-3.1977151911196846,-3.166288441564918,-3.0319315735650583,-3.1269157339418943,-3.1745579619848234,-3.186259452349412,-3.1862594509088877
-3.128152389166997,-3.0909175352818687,-3.0723019807832648,-3.0457679951466536,-3.127640212796841,-3.2002509333957425,-3.198604944810909,-3.043229359787479,-3.1331747006113813,-3.1796995091622424,-3.1846773485423787,-3.184677347254097
-3.1588117717704627,-3.102538339720808,-3.121915236903286,-3.081801616054676,-3.193455733474579,-3.2372079469250017,-3.2692151973342423,-3.112168738714596,-3.1838788378979026,-3.2009077137333133,-3.2294878634841915,-3.229487862180753
-3.223217324190042,-3.1470238374611594,-3.144906252368787,-3.116959325478597,-3.231754163438934,-3.2712536862857897,-3.320744142329691,-3.1494269321622963,-3.1972167220125924,-3.2131970849113998,-3.251825464347921,-3.2518254630971324
-3.27396763647505,-3.233213716403445,-3.176097950449308,-3.154755291629428,-3.271398140523924,-3.310584436483377,-3.372482520409747,-3.188089017416654,-3.207456826024668,-3.2226406092637614,-3.2706793446389604,-3.2706793434113344
-3.2661387290636235,-3.2139855216831656,-3.2032459175801,-3.18291843437929,-3.310433558766169,-3.338937800792491,-3.4108668800632436,-3.228297907536263,-3.2217218413418687,-3.235529184703021,-3.2877190821996303,-3.2877190812550507
-3.2836968896089838,-3.2420033603659135,-3.2077094956149543,-3.204494848661118,-3.3083027188335588,-3.324668798895617,-3.419269818863833,-3.256603366782394,-3.2275560557077325,-3.242032133732349,-3.2906569268215193,-3.2906569260271405
-3.248065841018695,-3.2234255338926423,-3.234910369044556,-3.2330125202883293,-3.336098067205109,-3.3459583446652683,-3.432952532830213,-3.294806995489676,-3.241142227415945,-3.2549376160568206,-3.309832840860711,-3.3098328401594586
-3.2926826305937995,-3.233017596571406,-3.2484222343049347,-3.2424890483067337,-3.351789309079654,-3.361941778140223,-3.453927331111916,-3.3155399927821185,-3.25028916782186,-3.2630255630897724,-3.3217271789464027,-3.3217271783337967
-3.309850688603379,-3.2299736966808723,-3.2610012339504424,-3.24227574525585,-3.3326433886576896,-3.3277335331850213,-3.405874316181526,-3.3483897288174544,-3.260376668006913,-3.2712448191929875,-3.30820452525536,-3.308204525732732
-3.3018135013572874,-3.3278660733114513,-3.275498072811683,-3.263045613687236,-3.3716275044440627,-3.3543636485163923,-3.4329445841580117,-3.3698768301687507,-3.2720625434746804,-3.2821318474078742,-3.3287995499318823,-3.3287995504052468
-3.297852871667543,-3.281471614627951,-3.255610329614959,-3.2445166069076254,-3.343238515642391,-3.3409336377375216,-3.4091851661233434,-3.3674993652177028,-3.2657550943201885,-3.2784175150337784,-3.331497350200391,-3.3314973502013183
-3.292116936189558,-3.198822849676278,-3.2468585860402985,-3.239660922181158,-3.3572931206696954,-3.347701398777243,-3.4099566999303836,-3.3865904366520314,-3.277894075845227,-3.2900417189681805,-3.353175259870323,-3.3531752598423594
-3.3722204313563418,-3.2809306596387104,-3.2530825363755476,-3.2493267072259657,-3.357828909471632,-3.3650094965568496,-3.4316480064244232,-3.3998960284141937,-3.287846792664896,-3.2996219016940795,-3.371061562923677,-3.371061562820034
-3.362209480715231,-3.2688483788474363,-3.26154836976447,-3.258060730111956,-3.344266397747797,-3.3815635625578966,-3.4424798615610337,-3.3923903505853357,-3.297478233918661,-3.309598591941956,-3.38160679202669,-3.3816067922474344
-3.4158907196062973,-3.2911216533787915,-3.301797399968013,-3.2859681483367047,-3.3569691627819145,-3.4045406482308476,-3.4497221221714818,-3.3961208933781086,-3.3108078168251165,-3.3224684226767227,-3.3961633275031975,-3.3961633281560433
-3.508289024109277,-3.459122687495017,-3.343583169140189,-3.3189338010495826,-3.403151361807695,-3.448784978109274,-3.5013626640834996,-3.4271407548149475,-3.3222497787012073,-3.3334173001966745,-3.416539244239229,-3.4165392448598952
-3.4654009662995318,-3.4080717549294928,-3.325086353302109,-3.2948324534001685,-3.309172800967364,-3.404497550742649,-3.444286348333015,-3.3364720404191535,-3.275004556189743,-3.292772263377544,-3.360615647646589,-3.36061564711909
-3.48084522855403,-3.411241613200192,-3.3156219791456163,-3.2929099660340437,-3.311206046417287,-3.392057509297415,-3.4192941888562642,-3.3101916916090013,-3.282068748964446,-3.2981658516216545,-3.34797844548949,-3.3479784458252233
-3.3600409885359426,-3.3292728216384457,-3.29523496843892,-3.268243585840171,-3.213390516878827,-3.3297792367969006,-3.3379506553154052,-3.1709091656439297,-3.2533172483253026,-3.2722348071518295,-3.324683329539547,-3.324683329330677
-2.959027138964598,-1.5779664614393951,-3.267116619384059,-3.2373203508525883,-3.2238854475492884,-2.2813571816185427,0.7499815202682707,-3.2002445036053886,-3.260911191489461,-3.279382659836341,-2.1041646723352256,-2.1041646370794123
-3.227066638059849,-3.2243835459806647,-3.20957286491156,-3.170574277842249,-3.065793558584833,-3.206201345539971,-3.2491273563984313,-3.0479733850422916,-3.1938417368796026,-3.2153634342890616,-3.226239432965663,-3.2262394319408703
-3.198569259339601,-3.1852888635692986,-3.171885826718552,-3.129613100602695,-3.0655368350638703,-3.195140453909319,-3.2684627843723106,-3.058624098681266,-3.18452447098855,-3.2073564782476556,-3.2200835580830143,-3.2200835568741555
-3.1905487447166183,-3.1776710579836527,-3.1907316829388934,-3.1516581668033234,-3.146990259559007,-3.229633334011404,-3.3501795416923015,-3.141143752984399,-3.2005661158892957,-3.2220447051039534,-3.23669285022521,-3.2366928493407836
-3.225906245790849,-3.2347738083318798,-3.2270021252863987,-3.210622084795745,-3.23002061571667,-3.270815001810823,-3.443521471196621,-3.217356579874572,-3.2141618866330353,-3.234631496748362,-3.2551484693253814,-3.255148468582867
-3.1801025105779077,-3.2277608401107365,-3.290528171701964,-3.2757821445917834,-3.2060167693405432,-3.2301078625903825,-3.3539558057935572,-3.1807846556962946,-3.185103678092971,-3.2027372448569453,-3.182129146293133,-3.1821291473140647
-3.154054089299556,-3.1361253221494136,-3.305211805311371,-3.2952390351430507,-3.257139172977338,-3.2468564309036347,-3.3736558443864806,-3.226748398584057,-3.175842308916491,-3.1950011172803023,-3.17983913431714,-3.1798391350808606
-3.154993809032509,-3.14458959707979,-3.3065347748752725,-3.3046759253555216,-3.2798766959195063,-3.248408295621779,-3.4003074241542786,-3.2538049125167343,-3.183242656131916,-3.201737560160324,-3.1878897906024544,-3.1878897915235282
-3.1234148833667783,-3.127182097626214,-3.293649367146233,-3.2774954166690833,-3.244123364851357,-3.200330204226526,-3.3293848224730156,-3.25864183244932,-3.186511670531817,-3.2032175584905076,-3.1669381802269534,-3.1669381819213522
-3.0795032245491742,-3.080740181724234,-3.2619929260913363,-3.252013707492665,-3.2334560144099878,-3.1976193817614287,-3.311795387871162,-3.275896315089035,-3.1897406738359093,-3.2074270032557477,-3.1761861790672565,-3.176186180593555
-3.1222073444404423,-3.1590287359598577,-3.2580665409768796,-3.2556672735970036,-3.2778475981739414,-3.220589769082479,-3.351448331750813,-3.3032450259004413,-3.2040420423497467,-3.2204563553450885,-3.200566949443777,-3.200566951015738
-3.164658287304757,-3.159347327507524,-3.266264477734204,-3.2902101138784783,-3.267703329980657,-3.2332596908247866,-3.3560577427155183,-3.3504151466401706,-3.179108224662996,-3.197609942510908,-3.186607580977537,-3.186607582075592
-3.1640589997758592,-3.163154762885792,-3.2754688094677014,-3.2991650320595918,-3.294259283944553,-3.246016949585172,-3.3635771245124975,-3.3698615189050263,-3.1936288145350047,-3.2109265882180074,-3.1951154160967703,-3.1951154176473113
-3.1401194325393322,-3.126384538939841,-3.2535748246676546,-3.2843540946855976,-3.2949295783228405,-3.251266692252225,-3.3574484347079174,-3.3615317589497304,-3.2012913683745667,-3.218940448368489,-3.2115362442288466,-3.2115362456055414
-3.160462525027832,-3.144032564552888,-3.2420030306105434,-3.275253820359249,-3.28209660800295,-3.26300368421561,-3.369700611077505,-3.356115089450029,-3.2110986088347095,-3.229342400447008,-3.229923088798203,-3.229923090113088
-3.2186805332427735,-3.15836492684915,-3.263079932255044,-3.2918108703157083,-3.295080623717966,-3.285607041648423,-3.3916841148306913,-3.3755904869106046,-3.22679507746125,-3.244128488429827,-3.25374878221222,-3.2537487835546934
-3.248909188215867,-3.1927970155845125,-3.2687226043288753,-3.2963066554642992,-3.301202103352586,-3.312178289020143,-3.413729470404903,-3.3857328575706087,-3.2408987839471575,-3.2575843471159907,-3.276616152273741,-3.276616153549683
-3.3032640354307534,-3.2529359161308817,-3.2913219449663353,-3.3205426324626046,-3.283754065644466,-3.3139841934692518,-3.397101264104376,-3.3794320259090243,-3.236689273592503,-3.25332943304514,-3.268813672495429,-3.2688136739277693
-3.3367830318895453,-3.281408443680445,-3.310400187839451,-3.335835916870777,-3.31505098706023,-3.330146203522793,-3.4090880956305907,-3.4122127751693894,-3.2521534890333688,-3.2680195660318327,-3.2895387348423935,-3.289538736442926
-3.2926546776738506,-3.2536352377749234,-3.3135087042061624,-3.3451037975551765,-3.3110651320856985,-3.329961889724551,-3.3858843113129566,-3.4045523932318753,-3.261055252207968,-3.276600875249505,-3.2980157545573543,-3.2980157562256363
-3.207629407546742,-3.0864144561889226,-3.2465950531355876,-3.249956339513841,-3.131328124968233,-3.212204871445138,-3.1906304372941525,-3.1711260560445615,-3.1738399893392457,-3.1969602653578066,-3.191983829807471,-3.1919838304277652
-3.1454867852520163,-3.0707244956647055,-3.232968384994971,-3.2323239967423305,-3.175849905995517,-3.2179464687037154,-3.2175279770843677,-3.2191305183661627,-3.185080156859549,-3.2073145018136935,-3.207376998753424,-3.207376999325077
-3.1579086006284993,-3.075781285684309,-3.2525412799948565,-3.2446007900662477,-3.2057035088279924,-3.2023922040274555,-3.202426832656281,-3.2479616281639725,-3.1974494086883842,-3.2178449102615216,-3.205462323098473,-3.205462324423947
-3.1290872667815597,-3.057752433607936,-3.244296248808766,-3.2281930741763274,-3.198123930285911,-3.1732371607967282,-3.17844390252976,-3.2628180618393796,-3.1966708119127087,-3.215818246621632,-3.1979678748798435,-3.1979678764224904
-3.159140676772806,-3.090424174550151,-3.236185517158783,-3.2243963765330457,-3.2375884486967124,-3.200601870572573,-3.2247561353836636,-3.2986552279590002,-3.2092455686025945,-3.2282321402761793,-3.2205664123577487,-3.220566413808688
-3.1768052999206184,-3.066337618596184,-3.245597283794197,-3.238958181594522,-3.266215981887888,-3.2240624814384393,-3.2580716068066096,-3.3330268273157198,-3.2235023572491057,-3.2417026127941266,-3.2396186164971104,-3.23961861806951
-3.172200987019802,-3.053652402145241,-3.262711059344685,-3.2594428764374976,-3.3028783885621,-3.251294189298212,-3.2942421226373364,-3.397462369283345,-3.2368818951495273,-3.2547852933909307,-3.2616557824756276,-3.261655783917093
-3.184936091757864,-3.1436239705527025,-3.276491782698056,-3.2699819658765996,-3.2330794376651015,-3.2136507648171317,-3.2271009595266813,-3.32922697544048,-3.2297605141545365,-3.247084921376552,-3.2488955561017114,-3.2488955578374865
-3.1864131382515932,-3.1828923019607447,-3.2683439780238714,-3.2713273936242686,-3.2707402263311756,-3.2461546616941757,-3.2564008506446847,-3.355138528380017,-3.245387271808716,-3.2621757322336693,-3.2732996426103567,-3.27329964427999
-3.195038004353956,-3.1282187709575755,-3.2715074855070445,-3.2857256496383123,-3.2853596855782987,-3.26501235610427,-3.2797123835098976,-3.38151756789947,-3.254003787032965,-3.2711296047560143,-3.288071048170959,-3.288071049775003
-3.2039443931060227,-3.1110728191728083,-3.270533886485336,-3.2788758806967655,-3.2738564631198086,-3.2513168483764487,-3.273161004420934,-3.3965275144611753,-3.259097733131743,-3.2749886585426893,-3.2874770420069996,-3.287477043795109
-3.240264247066941,-3.1886164447469336,-3.299489372995635,-3.312077559343944,-3.2968070964367797,-3.2699070796955114,-3.278770809541706,-3.3814883473121626,-3.2731823331868757,-3.288972584106377,-3.295570814384347,-3.295570816327349
-3.216077931345953,-3.128688405881026,-3.297614246784901,-3.311983758848443,-3.2933672662923508,-3.2780120835245103,-3.262684718451556,-3.3666508506813546,-3.286398334189581,-3.3017295279013137,-3.3111770839854398,-3.311177085929896
-3.241712989105518,-3.1700146532116964,-3.272755843174335,-3.2863120818634677,-3.2395936469146145,-3.2506983926084128,-3.218984765955863,-3.2950208537511503,-3.294954939598342,-3.3122813685481662,-3.306565782697109,-3.3065657856744513
-3.2029142027660353,-3.119732777948782,-3.2803276624480584,-3.2891026838158295,-3.251708353819649,-3.2633765352211697,-3.2415253884516337,-3.3326399222206433,-3.3045535812240043,-3.322031999475038,-3.327955266957039,-3.32795526961062
-3.2394590474190474,-3.160995749408753,-3.27286177696478,-3.284002518513252,-3.2119271409056895,-3.2533432520863776,-3.2456244301922874,-3.279224084908317,-3.29753468106337,-3.3161921149858213,-3.320866841033996,-3.3208668437828313
-3.147589811198178,-3.0568246357480335,-3.238763530848639,-3.246089779360055,-3.1744794959001625,-3.2322475374265176,-3.205957308676751,-3.2520338885955695,-3.3135350869497966,-3.331405266022756,-3.3306343546656523,-3.3306343570075816
-3.125471652508008,-3.102278134537707,-3.2562572486356838,-3.2699281582159134,-3.161278647490896,-3.232575040027579,-3.1882488923140584,-3.236599664879849,-3.3184349199360144,-3.3386793430906128,-3.3457092776196173,-3.34570927947698
-3.1893432551256797,-3.1910216321859153,-3.25163740786836,-3.2615301650412585,-3.175914336101903,-3.236445204366393,-3.2138916476750667,-3.219698015037366,-3.3270792565376035,-3.3457387032864068,-3.3486697137418595,-3.3486697156594425
-3.222321632204012,-3.1977288115423224,-3.243609503367505,-3.263707626560751,-3.192240138461747,-3.260468594941966,-3.251040240756636,-3.224961328411924,-3.332311272929762,-3.3511541330081847,-3.3627933066752336,-3.3627933084227712
-3.2151073614595838,-3.1895399506704365,-3.2341268099554505,-3.2586087360284317,-3.184089204440912,-3.2661248936576257,-3.2597879509863525,-3.2040755779969237,-3.3331758925512043,-3.3516405620400533,-3.374631849600048,-3.3746318512095517
2.280787101191135,-0.4973831569313685,4.615538136690759,9.647998106115718,3.3757729656012163,8.227615883641866,10.275967097208616,4.333609334418949,11.822818854995516,13.07639382499628,15.229473196122733,15.229473472378931
24.886227821956936,27.670681484861127,30.325073856694427,32.699312953529144,12.194302835312309,27.634920635618393,23.25226659781422,13.39961402456094,37.914850346162254,41.4498518120748,42.482298551033686,42.48229860504952
-2.8229951677925236,-2.88498254154215,-2.873059740107343,-2.8637837110671738,-2.6042720714215735,-2.8267406408859834,-2.726837756568955,-2.6763885922881756,-2.951871143703066,-3.0274070612682085,-3.0244729785990287,-3.0244729772406576
-2.704573863778553,-2.784755937544367,-2.779399009468856,-2.7822866720772925,-2.6142590728404365,-2.8266119273320007,-2.724763746477247,-2.6895638085890545,-2.95296137260143,-2.932000044713601,-3.0367052122841103,-3.036705210109152
-2.608581553426183,-2.6138023912566224,-2.7490930492999808,-2.760667549961003,-2.6507026451844076,-2.8333498259418035,-2.733462901842466,-2.719271954991769,-2.9421364618815486,-2.9299555638742594,-3.023227141858618,-3.02322713993553
-2.6670170654586762,-2.6917989500048187,-2.7656627138449172,-2.7849338197939106,-2.695009053158034,-2.8438137626351674,-2.7425262720212955,-2.7468416577506796,-2.942911847158752,-2.936433273332651,-3.014024680829457,-3.0140246790526652
-2.682000173836966,-2.6686343299350774,-2.7704714648329136,-2.7906904326220046,-2.761703141599502,-2.867854914448167,-2.7935108934718587,-2.8179552745464465,-2.938090131107547,-2.9403856753258095,-3.025183292825916,-3.025183290467833
-2.7528746372794926,-2.7096193337676757,-2.7924426424685596,-2.8060696855504,-2.8443392084956325,-2.9073304237406887,-2.8616428271715777,-2.8799263917456948,-2.9606126267969715,-2.963970183616377,-3.0455661834558674,-3.045566181484496
-2.8014868674583067,-2.7468290084012583,-2.8321356550968733,-2.837030077045446,-2.9303978462476956,-2.944831989202712,-2.9141479994422967,-2.9286951266007315,-2.979874219388191,-2.985488025845489,-3.0503399031984575,-3.0503399019577224
-2.809120308355687,-2.7152655962661516,-2.830311953967616,-2.8265643077361795,-2.9741311671854147,-2.96478134206229,-2.9672240261628953,-2.946261062559964,-2.9973705694457458,-3.0042036388518922,-3.0574458974776606,-3.0574458963157256
-2.825767953980847,-2.7271267785325315,-2.831965752768445,-2.822424696809316,-2.9941977933056543,-2.9942855534664754,-3.0222426410829093,-2.96070685881586,-3.010768617468044,-3.020256595549008,-3.076703664720714,-3.0767036635332037
-2.838151156099185,-2.747921693939943,-2.8522203049526165,-2.84035536902021,-2.9570524595995624,-2.982696373602713,-3.018853400521561,-2.955227119962636,-2.9633337670330415,-2.9855590888045755,-3.040311356070852,-3.040311354302141
-2.875644626599414,-2.762540470917097,-2.8856736345026794,-2.861726804113311,-3.028126205704763,-3.0149734031955515,-3.0870629699064205,-3.0074171467763975,-2.9818534712219167,-3.004035751519736,-3.0614923787065575,-3.0614923772303904
-2.898245066129297,-2.7526821756833213,-2.9097433759308067,-2.879832209991838,-3.0653400276829963,-3.0378713892654297,-3.1395114627631897,-3.0455458311285315,-2.998730168550491,-3.021542546143621,-3.073270310314368,-3.073270309041309
-2.945449260067006,-2.7797839064962697,-2.9376066054659034,-2.895361486289279,-3.0795081549399614,-3.059045846476081,-3.174233601268246,-3.0596982316632464,-3.0126506041013017,-3.036404690201106,-3.0932746085629743,-3.093274607457004
-2.9752739867233053,-2.7773297981892,-2.944976925055382,-2.8949753625803476,-3.0595679711194124,-3.069805645967987,-3.1861780857152286,-3.0576073204629526,-3.019768811686726,-3.0454450279783756,-3.0994895674478027,-3.0994895664360547
-3.0676183321982435,-2.910772291405242,-3.0063971198205466,-2.949465717661096,-3.0642343048614844,-3.0851158226169395,-3.1938833461384197,-3.0583207117595053,-3.026878114309963,-3.052922993459713,-3.0955330857310335,-3.09553308515417
-3.0393820994909015,-2.8778092264987007,-3.052855640086683,-2.9886929231275663,-3.109682289925485,-3.106491239102939,-3.21382062270086,-3.088661816653536,-3.0459990495586364,-3.072576863017116,-3.1059507490545264,-3.1059507490630045
-3.122668768517075,-2.957731129315528,-3.089422065291041,-3.02929034471826,-3.14382039597432,-3.1345384560565845,-3.22271614426949,-3.1079970315457555,-3.056699194500329,-3.0846105148747847,-3.115490848828359,-3.1154908490191726
-3.1905522025135586,-3.0082802976323144,-3.1011041845540115,-3.0514505563078194,-3.1648040114550815,-3.158900518278802,-3.27627772531454,-3.1359381557846744,-3.0756256920766423,-3.1034961534107817,-3.136670708704039,-3.136670709164556
-3.196553025120066,-3.062849984708161,-3.1156978064597443,-3.0649136816421483,-3.162071626955415,-3.1775267175345943,-3.275906176031987,-3.141311979786422,-3.092378227710908,-3.1207966817467465,-3.1632580701095554,-3.1632580706136886
-3.2812157199435745,-3.1436450920609396,-3.137588789468736,-3.0861719428288716,-3.1601889550243305,-3.1892006828307964,-3.27252961864023,-3.151705271589998,-3.100286555635262,-3.130641787322322,-3.1802328119574197,-3.1802328123011243
-3.294588144746341,-3.177922965398948,-3.1454764540362667,-3.102257538194163,-3.1658095331535927,-3.196286806012282,-3.2645790716375815,-3.1799182149166847,-3.1196263653079632,-3.149568887637945,-3.1861940913008673,-3.1861940922901164
-3.1397126248435825,-3.0498568794092695,-3.0321013450793735,-2.980583925162155,-2.9227604615947755,-3.0677038189992167,-3.0724621124584703,-2.9879256089793436,-3.039503165269834,-3.0763559915860603,-3.126935268495885,-3.1269352678840425
-3.028277754166183,-2.9472669596195686,-2.9834713164181963,-2.910963536731784,-2.8763732153043504,-3.037035531355132,-3.0333039907837986,-2.9464046599666247,-3.0345713572403996,-3.0737955164067103,-3.1234481908388663,-3.1234481902751785
-2.9871479795102935,-2.918361555016854,-2.9721082037723754,-2.892106609632056,-2.908023182025257,-3.058352018944567,-3.0566569201114024,-2.957243051010651,-3.053104715511098,-3.0919351543759044,-3.1494224909236572,-3.1494224905517028
-2.942232747601923,-2.8936775798236347,-2.9263959542342546,-2.8579889328198638,-2.8872305150223228,-3.050738124471786,-3.0256592735206707,-2.937433974384782,-3.0472721763789368,-3.075457829781088,-3.156205865029378,-3.1562058640837884
-2.9665276262332405,-2.9028820209204707,-2.935679463183117,-2.872623454119159,-2.9337940744881195,-3.0860843766524497,-3.050877759992202,-2.9687271185965396,-3.0656525301434088,-3.0949615926480734,-3.1801598772141286,-3.1801598763584744
-2.9508472337761655,-2.900278599898722,-2.91906571901277,-2.858034375452797,-2.9147788065906353,-3.0699698982420385,-3.0423507865886252,-2.936203442669729,-3.0585941305097024,-3.0909600164529047,-3.1576259429787457,-3.157625942297189
-3.0725716922665205,-3.004293666569378,-2.974500022095811,-2.9181202793973373,-2.989011315135783,-3.1163942004292653,-3.1223569069468016,-2.982805694779296,-3.0684357522038654,-3.102663652893883,-3.17584546926131,-3.1758454685604836
-3.057625809122208,-2.991881387824228,-3.01557902247668,-2.9659005127004963,-3.0300175875054993,-3.1376689539415477,-3.1832019497604573,-3.028125602357922,-3.0656495341069503,-3.1045324320971615,-3.1836805888537696,-3.183680587718319
-3.157834379196955,-3.0424868899984223,-3.040514013313399,-2.987435417634348,-3.092280324036884,-3.167929460725684,-3.2602261827863233,-3.075504156819674,-3.088219694474348,-3.1262976769557085,-3.2116366585813196,-3.211636657727558
-3.1559627432925375,-3.04340911466966,-3.0822618047108152,-3.023708111868542,-3.1582717851774977,-3.2080999950755182,-3.3225544170293513,-3.1182072176394096,-3.110663350328708,-3.148240398154569,-3.233185079825331,-3.233185079441118
-3.2496438032692323,-3.1199938166122116,-3.1346715854799276,-3.0693776187709707,-3.2097030788737606,-3.2540130361504978,-3.3627199020717655,-3.1609673263762743,-3.127912932459595,-3.1652856216344754,-3.256779433203522,-3.2567794329720208
-3.342507096953498,-3.2375982749173406,-3.186221638682619,-3.1165719998076558,-3.2350380626816695,-3.2824762522972715,-3.377039816544208,-3.1894535342955455,-3.1464707221186776,-3.1837178726018776,-3.276601166469539,-3.2766011664925276
-3.3174356992874516,-3.2275191513301156,-3.2160476350684286,-3.1500611751366225,-3.207273288629131,-3.2707733070377207,-3.3690699760908998,-3.242825164760695,-3.1200184030100555,-3.1643078436129954,-3.25900392053937,-3.259003919455753
-3.27485930688628,-3.1932522438054094,-3.2257297224662054,-3.151449734321885,-3.2503464718465143,-3.2906595269893106,-3.389535426101372,-3.267898279363063,-3.1422934877466986,-3.185835460505987,-3.2891321534244726,-3.289132152535422
-3.3213771969848738,-3.193734203482765,-3.2396718805874736,-3.161288959461093,-3.2808615817893543,-3.305366014389643,-3.4085918468322842,-3.2871149523846332,-3.163569074832376,-3.2065606293210798,-3.3086623803773962,-3.3086623799020893
-3.355113452085618,-3.2213862237741067,-3.2669024762226107,-3.1805311773618574,-3.2988198093712446,-3.315397366465192,-3.4083040272130534,-3.310135256551733,-3.1802497320061893,-3.223792914276155,-3.3304319103078788,-3.330431909971251
-3.351270075590808,-3.211201889589363,-3.2839711835270387,-3.198171430324785,-3.2963847796336454,-3.3076877633025603,-3.3977841879534254,-3.3122513784199796,-3.2014834750813526,-3.2444691882255525,-3.3358508434908676,-3.335850844196359
-3.4055526918802377,-3.2870626285354794,-3.3010351913013083,-3.213200150679424,-3.309856668200903,-3.3104020215208787,-3.418376588142764,-3.322158190902583,-3.220375395440532,-3.262944085988841,-3.3466425735058865,-3.3466425747613417
-3.47679707292845,-3.3600367790900787,-3.3318639263156546,-3.2313406899929724,-3.310627666094325,-3.3192786990845384,-3.4301450157275033,-3.325729031920845,-3.2341995318520116,-3.2774807695362402,-3.3607847172644356,-3.3607847185533446
-3.4786561240571405,-3.352350425639592,-3.383416164584916,-3.2962956914995085,-3.3399986516453684,-3.3493152998008933,-3.460754989232889,-3.370970482444881,-3.240429225546501,-3.284433723131236,-3.367333567064579,-3.367333568442871
-3.415944111907911,-3.333185737703144,-3.3940397065089374,-3.303691622608535,-3.3203557913011323,-3.3318354436303963,-3.3966305353276525,-3.3635783077709376,-3.2559480162193264,-3.299486357897701,-3.3616403681969973,-3.3616403706661355
-3.42851477711448,-3.4032964789570475,-3.404474772263228,-3.3230456480448325,-3.3476841711667804,-3.3567310222883315,-3.4062912500075377,-3.3678322954984834,-3.268456024540451,-3.3118877115469902,-3.37764117566276,-3.3776411782653657
-3.339355238743895,-3.3756896964475906,-3.388207376237907,-3.316809467096862,-3.2674728200659193,-3.3215567168203064,-3.3191010925022364,-3.2506768891440205,-3.2092614818538534,-3.260677563736979,-3.2972148477219694,-3.2972148493553437
-3.2625410994345563,-3.2763484579883366,-3.332715583038998,-3.257624406049451,-3.1830890108644376,-3.25742214600024,-3.2187289963187884,-3.1420144790343274,-3.1407768434931276,-3.197862923822305,-3.2083046805019375,-3.20830468187372
-3.280227313218248,-3.3409189865185467,-3.3062436397314308,-3.223428097628424,-3.236746851496029,-3.2743644990445517,-3.224694969463522,-3.1526684778590575,-3.1418260827865025,-3.198886354669913,-3.196993733833969,-3.196993735255103
-3.1942438111627367,-3.1344554099256228,-3.2780042749882803,-3.2077726732850076,-3.250198733799147,-3.270839535593944,-3.259121936652901,-3.1578259184672484,-3.1523508186122644,-3.2096662889201886,-3.1885747627063266,-3.1885747645952955
-3.197176287123386,-3.131088236241998,-3.294482131962353,-3.2191602505427817,-3.295240704489456,-3.29410417327486,-3.3117550015495247,-3.2009693213422032,-3.166856015655788,-3.2233163635728443,-3.2128098437609047,-3.212809845670189
-3.2744743315138187,-3.232414369720797,-3.2998303273842544,-3.212167558467713,-3.2932577305182407,-3.301443718583355,-3.2992700952215217,-3.2089256667379544,-3.1632496002161545,-3.2210103006215873,-3.213335663407963,-3.2133356651632585
-3.227698000467037,-3.1966365324950328,-3.309190975456753,-3.224347164228852,-3.3348325830031706,-3.3309363182121365,-3.33601130267449,-3.238942066131063,-3.18305617651103,-3.239440440496595,-3.242051563090376,-3.242051564974166
-3.2268605198275058,-3.182489375106414,-3.3209396526055377,-3.2442629324209977,-3.357150713049948,-3.347712817277526,-3.358195277869832,-3.2745755620503436,-3.202504154451176,-3.2576901043134208,-3.260468064227126,-3.2604680664072667
-3.1877840781875895,-3.126717971491593,-3.293862640902074,-3.2231513740673394,-3.152074157325185,-3.2455553304507707,-3.2713680901036217,-3.1335268429326706,-3.151799827528326,-3.2113847698124722,-3.217771731285219,-3.2177717328487097
-3.312600246657885,-3.272696952934953,-3.3174487917876716,-3.2434676108848706,-3.1887822353363333,-3.2673792116033837,-3.32417646549356,-3.157247031689577,-3.1725241376282183,-3.230689263776424,-3.2475524193204355,-3.2475524209835642
-3.2485258328367426,-3.1667789748590147,-3.3145172982377415,-3.237130685274089,-3.154784955419261,-3.2409146729493585,-3.304226592107787,-3.1592749975492525,-3.165345471012758,-3.224737179742995,-3.2359292850047914,-3.235929286568517
-3.30682253882869,-3.2399867727534764,-3.310570566549224,-3.2368505876523463,-3.1808334369069224,-3.249141272566056,-3.3159993600767397,-3.1946772686895675,-3.1805524225909902,-3.2384965564845567,-3.2553401228861887,-3.2553401245947615
-3.198391974510562,-3.0960496505739155,-3.2756840393374147,-3.194342490654767,-3.1090733793639496,-3.199686203715667,-3.268334972621024,-3.1247532443467323,-3.1385540144000066,-3.199657411548977,-3.198481631691765,-3.198481633036964
-3.217865912297401,-3.1112068247122355,-3.26095111486891,-3.176153232426512,-3.1500893609254463,-3.2140418503700148,-3.2941678049820515,-3.1612629432070953,-3.1460488735281675,-3.2071912548669355,-3.21427422546447,-3.2142742266853324
-3.1622535175319086,-3.029959781750111,-3.261143610794781,-3.1917027351594625,-3.163117754733078,-3.2205590622105484,-3.2994783874477562,-3.1803469729073175,-3.163678623260428,-3.224025647511981,-3.2306601249543023,-3.230660126597053
-3.211518028542087,-3.081243343046861,-3.2736220572574473,-3.2046298692906836,-3.169388487898471,-3.224566701998189,-3.2879585188050466,-3.185010396913361,-3.176932045951797,-3.2357072759259093,-3.2493836092761086,-3.24938361106497
-3.26244759457869,-3.135478515614693,-3.292376933370575,-3.2208481512936284,-3.1941935011554765,-3.2552651836813697,-3.3059568026816937,-3.2035154048878183,-3.225142095916531,-3.2389676626690025,-3.2684907763012947,-3.2684907779836285
-3.2848656939667142,-3.150326106565537,-3.2560857784213972,-3.202699938317968,-3.2003608120258638,-3.237980852332381,-3.2824818152751023,-3.1830431420421896,-3.2367647070651158,-3.250079276108631,-3.229881599342228,-3.2298816030379154
-3.240975147405914,-3.0896289049857795,-3.260801701088596,-3.209309340075108,-3.2372493562115587,-3.249893815126588,-3.2663906791112014,-3.244087793202806,-3.256038132315262,-3.268026633588185,-3.261863538354012,-3.261863542011246
-3.2783264112097856,-3.160967620865541,-3.2795179504424192,-3.223414412726417,-3.263239784371339,-3.2689100611877064,-3.268661147634958,-3.2602270436241483,-3.2730716046220008,-3.2841862059265106,-3.2855110161501253,-3.2855110198725623
-3.2966086802283856,-3.1673335076144107,-3.32163211553108,-3.269611499391974,-3.2820775588244975,-3.288016964709186,-3.258158109876639,-3.2723174474631214,-3.2886487071751573,-3.2999798318153766,-3.302670273395295,-3.3026702771888523
-3.26779854146631,-3.144008168497429,-3.322673975464878,-3.266572928363547,-3.249995034063288,-3.2792831215451583,-3.199776631735404,-3.2416811438247937,-3.2753773359328364,-3.2879506035755557,-3.2913110324261843,-3.291311035982677
-3.3050742440474097,-3.1928575082910062,-3.341923820004301,-3.2821021911950194,-3.2802481622887023,-3.295547927255604,-3.209483541962471,-3.24467694000741,-3.293247594549312,-3.3046733095306156,-3.2962874876290424,-3.2962874918769067
-3.2665970658949335,-3.1574978730912386,-3.3282067864173026,-3.274780698711252,-3.3300968272635685,-3.3269642026351116,-3.225413331533911,-3.2805122889306566,-3.3097002073709443,-3.320573843787156,-3.3196862155493605,-3.3196862197929713
-3.243955794955573,-3.2299435280312583,-3.2861725911462516,-3.261905283382833,-3.2387838279220844,-3.258509244832117,-3.13129683861065,-3.2462993927164425,-3.227769609148201,-3.2412471309138455,-3.2210880685810137,-3.221088072950886
-3.16490186206928,-3.1783357788617854,-3.2765010819952956,-3.2603118268253723,-3.2659260362792937,-3.2419505867330836,-3.129981771871019,-3.259121339193947,-3.243094603496729,-3.2554462504735557,-3.2178327778629097,-3.2178327827477387
-3.1442844081891366,-3.177647603251683,-3.2393551090215356,-3.2306248071611656,-3.2450113823183124,-3.232510452612679,-3.146231513565314,-3.237533544401051,-3.2446518440184433,-3.2583456448709334,-3.2244059616357257,-3.224405966301984
-3.108799503555141,-3.164710620624989,-3.2034446126176452,-3.19556586285569,-3.195152465741137,-3.2099158154043623,-3.148686148168404,-3.2016278022984257,-3.244709635622036,-3.262444555968117,-3.230909156886096,-3.230909161376235
-3.1155453988418365,-3.1926613309927703,-3.212746428919794,-3.194934220839191,-3.114074431065772,-3.148910011061736,-3.090966061298816,-3.1296590728760916,-3.2194594289547593,-3.23745954127121,-3.1823574645421946,-3.1823574690300958
-3.151748434839263,-3.221532122477038,-3.237191882131059,-3.215695367969763,-3.1576017245840795,-3.1718798111900166,-3.123000968350421,-3.1705884966502973,-3.2372094092333237,-3.25410034441545,-3.2102813113913635,-3.210281315818937
-3.145432197246275,-3.204098624170382,-3.2603857835857655,-3.2365130165671094,-3.171824112264169,-3.201338729690037,-3.177121966564996,-3.174433887678741,-3.2486081137206493,-3.265544750082906,-3.2313078543337967,-3.231307858600326
-3.14038149614258,-3.2038672840303004,-3.2348742758751774,-3.2220611576377984,-3.1551362117273842,-3.2124899669542195,-3.1817729489818927,-3.1548696562909653,-3.253703548145686,-3.271682644373941,-3.243253086375052,-3.2432530906373356
-3.1419268823446576,-3.2153019378074204,-3.2306068995552244,-3.216310296587271,-3.1552314393656586,-3.2134356108836584,-3.168962344556832,-3.1600940797867936,-3.2597331107005774,-3.27956118718308,-3.25335359841009,-3.253353602794392
-3.1735492742065086,-3.2146004562429633,-3.228517043525057,-3.220073844290204,-3.174285449374562,-3.2310616018767844,-3.1945230876553663,-3.1773534208496423,-3.2785485374343706,-3.297017714816452,-3.276814330906424,-3.2768143353316344
-3.166542670378872,-3.1938980358044655,-3.222040652445425,-3.2209064292559018,-3.1833633203460794,-3.242339198965624,-3.194248039662828,-3.204587266677039,-3.2956837914056702,-3.313419091166773,-3.300425269368626,-3.3004252737346
-3.2033312681057247,-3.200072355680054,-3.2174273596018104,-3.2133403805644982,-3.1769510294357635,-3.2476660150895533,-3.1766464073550273,-3.2251831052912987,-3.2925510024985893,-3.3121377939831835,-3.3114159046914686,-3.3114159085620196
21.856337103440364,19.730399406948976,24.334090943382837,23.595853890002743,21.944462066381547,28.102309022012335,19.557570811055967,27.417436256908918,32.95446958567194,34.93885258681796,35.3910607220172,35.39106114365165
-3.0384394803942385,-3.0268354460421367,-3.0568609038646777,-3.053156554802773,-2.7535804642321735,-2.953074966133155,-2.8398850260336603,-2.8691227958531726,-3.1088778892836837,-3.137588339738477,-3.1460287758588708,-3.1460287765859727
-3.026297534607055,-3.0289077372617754,-3.0706629566083334,-3.051684506793398,-2.8339347199405243,-2.997456411208792,-2.925397103655788,-2.942988603303574,-3.1202921421867265,-3.146748230144943,-3.1663507076983626,-3.166350708435323
-3.020133232713757,-3.0450350355611233,-3.0735752652669,-3.0449251726713102,-2.868626881232473,-3.018973863723292,-2.9690828556700843,-2.9819272111379544,-3.1262802693811933,-3.150093420318908,-3.175961168617261,-3.1759611694770444
-3.057134989399429,-3.0558256682994687,-3.0625412553372655,-3.036995833435793,-2.9059075169537376,-3.043929217469435,-3.01949828411456,-3.0119596195475125,-3.1328344805262054,-3.1538986469701245,-3.179746489149307,-3.1797464901637618
-3.0175645948365957,-3.0382110952919277,-3.0844760795799884,-3.0711672990873122,-2.974441638453201,-3.103816706987054,-3.146223476299107,-3.087451213557307,-3.1494692308074237,-3.168174885806634,-3.20566113925143,-3.2056611403127304
-3.0959660653381866,-3.1220861996656457,-3.127765071651432,-3.122775718633404,-3.0162125604759016,-3.149226650168052,-3.18132166356391,-3.1394591915908037,-3.149671568366311,-3.167702403670094,-3.210815381935674,-3.2108153829028345
-3.1016007288063547,-3.076522207079122,-3.1333004287824755,-3.129120349962986,-3.046383814977668,-3.177637127849506,-3.199074151208899,-3.159303464803714,-3.156819657118987,-3.172779543215445,-3.217356843415092,-3.2173568444424503
-3.161405683206722,-3.149533026508952,-3.1519889610825267,-3.144389885034939,-3.0929469423873175,-3.2297174343832697,-3.2553035780260595,-3.2004627971095143,-3.1730117288765767,-3.1870968366549848,-3.244102865282162,-3.2441028663147646
-3.2517861468089198,-3.1987418031733252,-3.1703521965352173,-3.160188038940761,-3.124990590131988,-3.2664683293103196,-3.3076384127457192,-3.2210535663865856,-3.1835924053273716,-3.195807272234357,-3.25944291434117,-3.25944291541919
-3.2630891719206723,-3.1981442145158185,-3.1842202556212524,-3.1740260987932367,-3.123299630442728,-3.2711247823226293,-3.288271382051457,-3.2079501710337985,-3.184052604422945,-3.196046551126194,-3.2592108842761256,-3.2592108851634096
-3.245155644225958,-3.1757663226941446,-3.18578590294892,-3.1763414006577544,-3.1431964300765802,-3.2783103035752514,-3.2848514464292142,-3.2294682372270875,-3.1973933148564164,-3.208131758801975,-3.280852483838178,-3.2808524846833844
-3.2404460600832405,-3.129870173445439,-3.169762075422338,-3.1582205068817952,-3.109103341243775,-3.2517474875135353,-3.225449642232315,-3.2103029032417147,-3.1644946607310755,-3.1795483986921225,-3.259288411457859,-3.2592884114105836
-3.26793586975673,-3.1898104221602486,-3.1942204634649585,-3.1879377973363083,-3.150052820066682,-3.2776315939051845,-3.2384490490529414,-3.251144206046849,-3.1811615200607495,-3.193519101912607,-3.2719740311291754,-3.271974031689055
-3.334326058031566,-3.271482056483209,-3.238617118115235,-3.230169107168082,-3.167575686493465,-3.290286040758196,-3.2381323046737087,-3.2224861131179834,-3.1698378011813815,-3.1804369591290245,-3.2535765512584574,-3.253576551951635
-3.4380442993908567,-3.366776049107205,-3.2589967132388464,-3.244128357412574,-3.2275145293254037,-3.3339932723657326,-3.2822768046014925,-3.266842758150488,-3.1872710108371565,-3.1960901497010767,-3.2787080552461814,-3.2787080560326505
-3.4483005578567827,-3.340327535925942,-3.278046119109959,-3.2647007366752034,-3.2573740965876454,-3.3679108122191437,-3.3453979009763426,-3.280261260570497,-3.1996506766980533,-3.2073707350910845,-3.3005531842034728,-3.3005531849761596
-3.3391021175560676,-3.2004025196380885,-3.2170741152639897,-3.200615461541918,-3.164713555422814,-3.2939598231088967,-3.228122365674524,-3.178571725719936,-3.209429649524278,-3.2143104768309367,-3.2544572085764956,-3.2544572116327046
-3.2718662343987854,-3.168908901162262,-3.197631099761832,-3.1777741049864203,-3.1572132654567238,-3.2617590462490953,-3.1749800485392905,-3.171917060023271,-3.2184204672980696,-3.2207421267495793,-3.2521195004889547,-3.2521195041686646
-3.143960224130848,-3.0920894257904292,-3.182558906086533,-3.1633774863548165,-3.1848376792985253,-3.251720518459618,-3.1662757085470234,-3.1707985348237333,-3.232709744988512,-3.232991472724881,-3.266232425067603,-3.2662324289747358
-3.1581286445477064,-3.0729143772132392,-3.1605623235592795,-3.1561423619780973,-3.191707664473518,-3.2439367878562124,-3.1586213876361247,-3.1533434708468113,-3.2228571305230616,-3.2233120489024722,-3.25844218078193,-3.258442184706579
-3.1388134133885974,-3.079781776339763,-3.157865657157198,-3.1644618805644695,-3.2629908493668816,-3.271414312801703,-3.2133359761517237,-3.1979502045527544,-3.2321579795252537,-3.2325443018218234,-3.278564659399998,-3.278564663331493
-3.1525105453710496,-3.0534971312492187,-3.165836446124223,-3.183525295545209,-3.3009644088417436,-3.2986971783034447,-3.2437951430839824,-3.2131757994132397,-3.246777878948999,-3.2458439374822574,-3.302342823926995,-3.3023428277919296
-3.24560926152195,-3.191506742480703,-3.2006975666276642,-3.2246963367332433,-3.327361641079906,-3.3265817813093186,-3.252097784871231,-3.216320158923634,-3.2592531930802755,-3.2567442526117203,-3.3115639083341564,-3.311563912311238
-3.246044561469449,-3.1894871279515993,-3.2151095036548107,-3.2264126545053675,-3.2194640305182265,-3.2777524000071105,-3.1639195590590017,-3.1336009010984043,-3.239098794103972,-3.2397658029594005,-3.295421661512945,-3.2954216652150334
-3.213169235120624,-3.177228461338605,-3.1960046514039373,-3.1985587394671393,-3.2385104277673937,-3.295822248441164,-3.1739580016826325,-3.1416417299614747,-3.24802923208718,-3.2485372570858884,-3.3099052727060747,-3.3099052761407073
-3.2005742931356993,-3.141378187873408,-3.184878797013223,-3.1874716707884154,-3.2669388814693674,-3.3129722797487613,-3.187513718996579,-3.1595333263843437,-3.2578471807642835,-3.258353295950843,-3.3232761114748866,-3.323276114845724
-3.207198418076403,-3.175508778119423,-3.173017514419353,-3.1839643641692663,-3.300226714900341,-3.3448417719801244,-3.2300334369783155,-3.192326567350536,-3.2570187344968193,-3.25803649797066,-3.3370364731258797,-3.3370364763219373
-3.22272761184332,-3.195069625913537,-3.1948598977356486,-3.214352339264815,-3.366214856966944,-3.394928008049149,-3.349751888133076,-3.237643718014745,-3.2708385405643194,-3.2709609619024027,-3.3582264865012497,-3.358226489716378
-3.2183177220165677,-3.229291629434018,-3.197700253404668,-3.2148381550138767,-3.3234793565973195,-3.3774939996687747,-3.3056205377899843,-3.191912576405233,-3.2723953933495458,-3.2725646149043834,-3.345441239551166,-3.345441242555356
-3.250718798710196,-3.254809237699097,-3.2103920918302933,-3.222156683947563,-3.3422652736764906,-3.385215505307836,-3.3113251194287026,-3.215899167753592,-3.2874937000878903,-3.2865670271264746,-3.366019295991864,-3.3660192990799973
-3.136448813552534,-3.097577877717648,-3.142065619636151,-3.130536006250681,-3.18082729058061,-3.2792873068838464,-3.1615928531365247,-3.0444106045695642,-3.235447172231779,-3.2403648374915925,-3.2675292341993964,-3.267529235868933
-3.095293422508489,-3.092484647375179,-3.1561817385381903,-3.1455797041086435,-3.241092957110573,-3.3065570488139584,-3.2135597920798546,-3.0814075374869807,-3.2340857453054483,-3.2373755209025417,-3.269969570535568,-3.2699695722729145
-3.1871871675546255,-3.1577702477832585,-3.1610536277855754,-3.1533805494813523,-3.2706047470553203,-3.3300159214786813,-3.2540244519334354,-3.102197465825738,-3.243616354435495,-3.2455883571273176,-3.289408586396461,-3.2894085881019395
-3.034911030732017,-2.9943871743895984,-3.16191139958792,-3.1423771544895254,-3.192017967501745,-3.2333433200225326,-3.1762607397560148,-3.0560421517490584,-3.255212772057631,-3.2542379545776505,-3.2204811070195554,-3.2204811120537915
-3.011158488524964,-2.9617535769605654,-3.131287819131907,-3.1191620522035914,-3.1951878382841343,-3.221748100268018,-3.173343460488422,-3.0455995246913266,-3.2511345577622213,-3.2489856179264764,-3.229843583770727,-3.229843588650759
-3.0718622206407713,-3.00507648214534,-3.1109297229275974,-3.1151474564272372,-3.2538940300386945,-3.2580775394549324,-3.2543885155722503,-3.0781241233467576,-3.2649764720687044,-3.2615447582831227,-3.2560513169125547,-3.2560513217515252
-3.1529400147815934,-3.0723344449892167,-3.0988930166571063,-3.112934848787097,-3.2471856052439403,-3.263516797765986,-3.2862021481748958,-3.086676621343504,-3.268429176075384,-3.2639955680944865,-3.2615158193521996,-3.261515824086952
-3.1291504068917706,-3.0056576105692336,-3.108527219929665,-3.127675707073132,-3.275123854524672,-3.284554594242397,-3.329895355954911,-3.12499999571405,-3.2773973973289383,-3.2725573603485842,-3.2844416474726237,-3.284441652056417
-3.2205410445564215,-3.0941600161564065,-3.121270732093289,-3.146124768809416,-3.3001526605939686,-3.3097949740842756,-3.3650885323465216,-3.166929832844139,-3.2866878385753657,-3.281085309369471,-3.3012474958586013,-3.30124750047276
-3.201286283147498,-3.0745587239554992,-3.1481967398477586,-3.1734953027951387,1.3957002745361553,3.29196337745973,8.091459211617194,-3.183279739580453,0.26081195260799905,-0.1783686507396034,3.434334861731954,3.434335225766125
-3.1606556388434273,-3.0664017783776405,-3.1044964466926417,-3.108832684524275,-2.995135746178754,-3.147906097223566,-3.110196149009191,-2.9914094760358974,-3.1581025276855006,-3.1629656334123992,-3.2300942780682655,-3.230094281322846
-3.1209110890322544,-3.006246380446643,-3.094849406364757,-3.0862378412683644,-3.05606414028745,-3.1866262856915863,-3.183080726697405,-3.031833974832836,-3.1593616825740725,-3.1654467902359227,-3.247096101482945,-3.2470961043833437
-3.121922397584794,-3.002814304742164,-3.0912025523010707,-3.086788593167245,-3.112354849611149,-3.230702243105387,-3.2390634142310875,-3.073713855310284,-3.1734901794277492,-3.1784172253971823,-3.2685585285414267,-3.2685585315122534
-3.1501629223687058,-3.025085474473846,-3.103165476021216,-3.094944489391577,-3.1732206147015827,-3.253653983186694,-3.284335267086573,-3.1092145951333205,-3.1906230764651577,-3.1936241208924203,-3.286432649256372,-3.2864326526611523
-3.218309952846123,-3.0783010394485624,-3.1240768478528445,-3.1217716095950863,-3.1933332647091346,-3.2637533362712476,-3.2912917971168953,-3.1355366404854457,-3.2025724092671415,-3.2041012414669927,-3.293718989523827,-3.293718993212309
-3.1544058769056176,-3.039244500298915,-3.135133520872789,-3.13252651443337,-3.2126826019696075,-3.2761084721937164,-3.291202759960143,-3.1513690976527964,-3.2170270311118436,-3.2173118935267366,-3.3137668859238043,-3.3137668897212516
-3.226797354254893,-3.0926437722005162,-3.140044273153802,-3.138410151971704,-3.238995357880926,-3.29203856740665,-3.305173785898679,-3.1672567682760255,-3.232407780864657,-3.231327613077406,-3.3325109666096746,-3.332510970497674
-3.2133389610469796,-3.085991864502385,-3.106391820946381,-3.095906055339987,-3.115938918916372,-3.2073042858232497,-3.2171439582008734,-3.0909185823673564,-3.199250000917156,-3.1996821322412026,-3.2794859223247466,-3.279485925906787
-3.2324166114816726,-3.1333534353128156,-3.1252028274185877,-3.1189169650825086,-3.1805706622803385,-3.24755367223579,-3.292216982558976,-3.1299667040460872,-3.214846626908285,-3.214104090304096,-3.3032077158263515,-3.303207719479822
-3.329567086564197,-3.2239120009509454,-3.1471025469998724,-3.146249869361769,-3.1951806424952442,-3.259433416053712,-3.304305369892794,-3.139590344336567,-3.225518827907897,-3.224020582500426,-3.3117912226420994,-3.3117912262899893
-3.2369415230231655,-3.113266807526986,-3.153743904477878,-3.1510326472466303,-3.2127417225318027,-3.2615327430160557,-3.309693497425777,-3.163631481029504,-3.2236058423868736,-3.2248082341283677,-3.3212266617733186,-3.321226665077861
-3.2864523982135396,-3.1795674800176066,-3.170590750229806,-3.1716776094645427,-3.2313674362166314,-3.2786632318373328,-3.324736500517967,-3.183066674535046,-3.222416424366167,-3.223770707563221,-3.3241144747930207,-3.3241144779055025
-3.2897250390162815,-3.0952302422196265,-3.1634455581335716,-3.161775930445695,-3.1912022374945987,-3.2318917379755807,-3.260726198663834,-3.14562873149785,-3.2285013759088312,-3.228785072988748,-3.281385259074596,-3.281385263984525
-3.2271725087369014,-3.0562247266072715,-3.140140519408411,-3.1205880812432265,-3.100022127755872,-3.1342088282973046,-3.1613103503393107,-3.1090523809566197,-3.2160567879007274,-3.215494200565514,-3.236523815558339,-3.236523820963016
-3.1697716700263894,-3.0563849732449944,-3.1139351025722455,-3.087503629414536,-3.0752119173830588,-3.113897021478236,-3.1531640958306815,-3.098263827043848,-3.20619168446121,-3.199779993837856,-3.2371772192155484,-3.2371772240014764
-3.1452081358855555,-3.0095967056695594,-3.0815184377115754,-3.0465598801094136,-3.0401777817857587,-3.0825732859350796,-3.1134492006196215,-3.0790491917104466,-3.1693859426478075,-3.169813141241861,-3.212407708382532,-3.212407712101631
-3.158080969624083,-3.0839962179349385,-3.105150352745558,-3.0841209471330666,-3.1075549439458454,-3.1209806182462345,-3.189905657146544,-3.1595497058943613,-3.1842382036084467,-3.183468779283845,-3.237381160416701,-3.2373811641415386
-3.123266961215671,-3.014449457223007,-3.120777413209683,-3.101852163863512,-3.1363572002637143,-3.1452272086172792,-3.2167830056549866,-3.182928041286249,-3.1951844384848997,-3.193376340380944,-3.2559264892206827,-3.255926493023291
-3.073431222585493,-3.001600789315902,-3.036925407320216,-3.0198896630481302,-2.9366703478922904,-3.0593652664130704,-3.0593962087824202,-2.972669499949237,-3.111122010919382,-3.1096752263927834,-3.194579132405042,-3.1945791344336287
-3.0526610652896164,-2.9831071573871712,-3.0120074845271922,-2.9918574390803507,-2.9747102857662187,-3.091506195731485,-3.082307486448996,-3.0095445546422828,-3.1269364440777903,-3.124822574262317,-3.2172649175140875,-3.2172649196415204
-2.8951937448353053,-2.824754493804492,-2.903390995967296,-2.882942772475864,-2.8326213789201873,-3.0021145412454198,-2.9323110951157574,-2.8739887094241636,-3.066488387610383,-3.0630189106725156,-3.156192006021336,-3.1561920069865277
-2.855701259312728,-2.7526384630094185,-2.8839979995389937,-2.8616077763544103,-2.8882722265621767,-3.0331451584151146,-2.9583725165920423,-2.9075766176236577,-3.077613028514894,-3.0736615077813,-3.1705350391737825,-3.1705350403363832
-2.8852332787353134,-2.794281112966104,-2.9166324135472284,-2.902932475070515,-2.9608523058417555,-3.0756931962537513,-2.9737837306784716,-2.9594362203549487,-3.094255226855534,-3.088950307920974,-3.1749052124144135,-3.1749052138027265
-2.8992520248476237,-2.790341892613845,-2.902255403981033,-2.899614234864742,-2.9821023080543068,-3.088200647343573,-2.987666898825367,-2.976791492387693,-3.1062517756626113,-3.1009737778720834,-3.1789445176363396,-3.1789445189460324
-2.9026668061750533,-2.84320265226851,-2.881811370461022,-2.8828690091506517,-2.9413654041827426,-3.0691880778582576,-2.9510958372368665,-2.9434467444617076,-3.0878657337165984,-3.0841740086781404,-3.1744512611238997,-3.17445126230444
-2.911625195575738,-2.878079682825086,-2.8843029898122596,-2.9001320387197054,-2.9628779304996735,-3.0790088182382727,-2.9530085103406027,-2.9708750570957108,-3.106976008652258,-3.1024990696946597,-3.196137914112024,-3.1961379154038783
-2.889542399388955,-2.852025631107648,-2.888969049114883,-2.9153720601172024,-2.9852067431533964,-3.0752197284940403,-2.975099953670168,-3.0093582200365137,-3.121154763132415,-3.1165732505443358,-3.1930082042217665,-3.1930082062965655
-2.8961536793599016,-2.8568065304755947,-2.892927591191123,-2.923720283061286,-2.9937537201019664,-3.0743992117382666,-2.9687513125554617,-3.0331730007238438,-3.1382024877721535,-3.133345639129417,-3.215091934222568,-3.215091936266746
-2.9703000128170034,-2.9082731274971545,-2.918566238932103,-2.9561863987046046,-3.029562714248927,-3.101540982672561,-2.9934794192214342,-3.0710551874626546,-3.1458170739857003,-3.1412219263295773,-1.770186744960911,-1.770186511689921
-2.8393282213521815,-2.809970058742655,-2.8214808823483635,-2.848592273772278,-2.804336665754801,-2.9618885019293586,-2.8202312949670105,-2.8878267014119245,-3.044524953623694,-2.9791635506280096,-3.139332763154264,-3.13933276096715
-2.7756088500330836,-2.751302554628962,-2.805413138232515,-2.838103248976404,-2.838142976749889,-2.9615254379290494,-2.8168200077459815,-2.9101945375545117,-3.0532477727150016,-2.9921898768052926,-3.1359925526900345,-3.1359925507448514
-2.779794407271412,-2.7596739055391133,-2.80867842758814,-2.833175979400355,-2.888074846377113,-2.970184138317329,-2.828000181658369,-2.9322789154894355,-3.0545530672083805,-2.999754103543325,-3.1437956371475906,-3.1437956351112115
-2.849634621076764,-2.843918706430639,-2.797584165190041,-2.816244943757794,-2.8874234110605395,-2.956247159004293,-2.8123733137100757,-2.9188222984495944,-3.0528624380798,-3.0026960088664123,-3.1496473802498466,-3.1496473782952847
-2.8515616810833952,-2.8188237669643437,-2.798180000766939,-2.8172411768393975,-2.9501716085361966,-2.9865384352678657,-2.852679058647081,-2.9594010931780397,-3.0452965367713944,-3.002727720172195,-3.1552711979383687,-3.1552711954796573
-2.88193348598915,-2.863051307505226,-2.8296050085794606,-2.846997725786518,-3.0329027161894593,-3.0398096211451917,-2.9232669684318564,-3.0272933785075167,-3.0664225955732727,-3.0249127886030447,-3.18282959957384,-3.1828295972834484
-2.9573880942873383,-2.9245442161761552,-2.847417383695121,-2.8569093028120798,-3.0535861699539018,-3.0598582190472934,-2.937632816491888,-3.027520586481311,-3.079678035369447,-3.039908051904211,-3.201975320942441,-3.2019753188057294
-2.9442998338193545,-2.9141923079438823,-2.8734896608740907,-2.8763113622911893,-3.107996144374134,-3.1027599578606724,-2.9899127246482555,-3.0567328939841745,-3.101937642753403,-3.0627973008862064,-3.2249906269552118,-3.224990625056302
-2.985969639531853,-2.9517037766806213,-2.9106503431824136,-2.9053332085040657,-3.1553376240015494,-3.145372431623646,-3.0328267711986534,-3.0777016594896236,-3.1238633794862927,-3.0852370916219543,-3.244915217720597,-3.244915216296215
-3.07142715740659,-3.0166462604887077,-2.955858005419655,-2.9447973139993713,-3.2032359816068796,-3.1947827059714466,-3.0864529685860465,-3.106985605258097,-3.144533372952828,-3.106392624739417,-3.2707726914733386,-3.2707726902999994
-3.0839987355207823,-3.0620359224256513,-2.999973469946601,-2.991682065564007,-3.1664598700574365,-3.1940484894241643,-3.130802776559614,-3.0863259991893197,-3.1031510996113574,-3.07580012507742,-3.231119195879172,-3.2311191939391692
-3.1683929639781976,-3.1174487913343136,-3.0440908666855186,-3.029821979149417,-3.228109172012247,-3.2448062982100736,-3.2184871051030317,-3.1393734993466453,-3.1242637925987005,-3.0970673725815665,-3.255533587718211,-3.2555335860541392
-3.1606625934123898,-3.10561361554332,-3.0865585441577714,-3.06301168637845,-3.2580320991128406,-3.2739676803750513,-3.2334297803790495,-3.1463471244997154,-3.144941539445137,-3.1178172589181377,-3.2708131070784137,-3.270813105620636
-3.161911722719233,-3.112045677208208,-3.1186132984267676,-3.0888801293424937,-3.2576242968614206,-3.2725334962602584,-3.228678337402756,-3.148889595345069,-3.160180406089293,-3.1344722057109626,-3.286805161317308,-3.28680515989164
-3.0575566917741224,-3.014349038039529,-3.0298521243580288,-2.992337103476244,-3.003026152232561,-3.1195929841892065,-3.0168467656744467,-2.973607485560509,-3.090291096717458,-3.075884788036495,-3.2022508733122006,-3.2022508714508904
-3.007365931883698,-2.9602809743219742,-3.004174636176062,-2.9674388609450992,-3.0529105051426257,-3.138947645312029,-3.0287252618922778,-2.9906574676967894,-3.1006873050232358,-3.0887121387951315,-3.2049968820134755,-3.204996880696366
-2.9528458864291065,-2.907429903742533,-2.955171619069594,-2.9135460070738963,-3.0220514904801457,-3.106776506080489,-2.9936637673182123,-2.9535753778525815,-3.098843439429891,-3.0886131926622866,-3.1835995088486393,-3.183599507981313
26.515653893285766,20.65332484420705,25.253428986271988,21.551548452802628,37.254806411799166,43.30270811317637,32.5535370968212,26.86105846128216,40.25735506321402,39.26365736602825,50.253267980967244,50.25326784201371
-2.6413762200564364,-2.725482234620001,-2.7259933424693923,-2.715685369331703,-2.4779606697149044,-2.7082547350438713,-2.5591282152533044,-2.704822629260475,-2.5592035188057367,-2.729785713321999,2.081677276111193,2.081676603661921
-2.5680276668409165,-2.6786623964798615,-2.6247075649470526,-2.638821546310092,-2.266525644237419,-2.526687115009203,-2.3784807407833597,-2.5943707289930056,-2.618855117960252,-2.524102850285971,-2.659762805425081,-2.6597627953144993
-2.366924043045051,-2.441183171258529,-2.5639499240734236,-2.5787929462973134,-2.2956415499333676,-2.497083592220819,-2.3723952003481577,-2.6048808731000253,-2.638226364851689,-2.546743399684912,-2.630485330861669,-2.630485322987056
-2.3607384008474934,-2.4316017871471596,-2.556687300644427,-2.582812852197524,-2.3134428487054746,-2.4482577188947725,-2.383661353228178,-2.614924097645937,-2.6693977825887534,-2.5795968482820824,-2.6384668006335463,-2.6384667935819195
-2.314420480130022,-2.420191744997908,-2.479109564287725,-2.514191337590912,-2.2074179268823135,-2.3550936680507295,-2.2741242327072206,-2.4158942310429636,-2.4718669671250875,-2.438011903622474,-2.484305509183538,-2.4843055003742878
-2.3032515132058364,-2.4039192394657323,-2.453579333015597,-2.503406017303667,-2.2285616397597767,-2.343012847826027,-2.290349910061287,-2.4378969362427285,-2.4960602120598536,-2.4634697033339896,-2.5026330195673667,-2.502633011167622
-2.263967817481346,-2.3482243346648763,-2.4395129304637635,-2.4879513502515103,-2.2824514834675003,-2.347157363183512,-2.2844636853239053,-2.4508231131697356,-2.4956182644075824,-2.4696715821585054,-2.5092710232052946,-2.5092710150661928
-2.2246629771776285,-2.24923182792821,-2.4386577766943325,-2.4719671340113227,-2.339089206225147,-2.3550450503869875,-2.282587723697628,-2.4642472526493955,-2.5194648362368373,-2.4944389509972247,-2.516890546556004,-2.5168905391677088
-2.271982127631221,-2.280315421195748,-2.4558304388746137,-2.4784965609776095,-2.4267073650549196,-2.4020907301246552,-2.3195265357537305,-2.502090000594168,-2.5526493159554082,-2.527383178413001,-2.554119604825777,-2.5541195977783353
-2.2834646719177334,-2.314586761087692,-2.4625545689989092,-2.4908945739199133,-2.470606932170714,-2.4283188595296394,-2.342820889111391,-2.520639897685906,-2.5856838204839643,-2.559794231746653,-2.5795952847331396,-2.5795952781706797
-2.305429875642103,-2.263136251356583,-2.4853752802292908,-2.5176846988033708,-2.5410233129422375,-2.481741119272761,-2.368407601978717,-2.5455065576439573,-2.606286139307116,-2.598969815651709,-2.5981510856001933,-2.598151079419965
-2.406229348166126,-2.3956669448202565,-2.488063539924988,-2.534171738122494,-2.5562176161464425,-2.4803892195526007,-2.3879730659592795,-2.5662497551452557,-2.6396984211802463,-2.631925447386366,-2.611398212976358,-2.6113982073968254
-2.431511143855256,-2.3944925907366845,-2.4930842646608027,-2.538420000304642,-2.6045293523947963,-2.5147111625540095,-2.4219213743772605,-2.6056613190839784,-2.6654598686689943,-2.6585811429108963,-2.6377618219546175,-2.637761816626333
-2.4625108910675904,-2.362646146184127,-2.4765982219418525,-2.5244336951215915,-2.621007567165859,-2.542715152060853,-2.445086636943653,-2.627462696775206,-2.6947471849391524,-2.6883655150288632,-2.6567218010398306,-2.656721796122601
-2.4102605155804744,-2.3103956409673807,-2.5014210064639233,-2.525613478576499,-2.6722259360635716,-2.582360598059421,-2.4883769101313202,-2.6537731387659615,-2.726167563609846,-2.7189475159619194,-2.674189546254374,-2.674189542012185
-2.5198590087515313,-2.374375519600205,-2.5187628392989234,-2.541433258400161,-2.716296250895147,-2.6450880493969775,-2.5423496240672763,-2.686383363238005,-2.7554164497864173,-2.747737523506726,-2.706071254335006,-2.7060712503812416
-2.5373720521166216,-2.409553774458456,-2.5467144988787296,-2.5565337445018,-2.7571102628652255,-2.7043085081443277,-2.595386876436437,-2.7065589576743894,-2.7793474898884267,-2.770894516757169,-2.732303104791736,-2.7323031011993546
-2.5952106025982022,-2.479205163293403,-2.5573534761490992,-2.5649743074089972,-2.7644851737286342,-2.758448836853785,-2.6431293209782907,-2.7194754274102477,-2.798498392466299,-2.790393683548392,-2.7511490196632105,-2.751149016324735
-2.6733805597632947,-2.531760056076843,-2.582732618014497,-2.5881863107273295,-2.77421444071179,-2.8080024494480336,-2.699363829169369,-2.741937699552736,-2.821018924322194,-2.81287327873829,-2.7691507029312445,-2.7691507000586224
-2.7057382884179066,-2.5795753723609423,-2.659758043507741,-2.6677119753625766,-2.825397036306951,-2.8735744217241166,-2.7759677836590257,-2.7945017759345,-2.8393128847650266,-2.8298895626948166,-2.789629548559418,-2.7896295461666867
-2.8104371889907505,-2.7012944915707497,-2.7148228365000824,-2.7304761039120407,-2.8394762104394378,-2.8965524713552027,-2.82901702082767,-2.834150789684104,-2.844277525696792,-2.8373773957630686,-2.7894089345760937,-2.7894089325456393
-2.8472480828197435,-2.740103204574195,-2.7316407440355754,-2.745650460372226,-2.87832409007255,-2.9139798940934516,-2.883680846248968,-2.8827619689617565,-2.8706497933253234,-2.8628006147640606,-2.8157040293607136,-2.815704027730436
-2.759893435898117,-2.681461699856313,-2.7504520924335636,-2.759723021475279,-2.9118643821305783,-2.9218591212727576,-2.910605936478006,-2.905910564585822,-2.8948553336747285,-2.8868986032938277,-2.8293468602562846,-2.8293468593607125
-2.745173437759194,-2.690705046810308,-2.731991397476609,-2.7364787670822626,-2.9017521097387386,-2.932698554508355,-2.923009796569564,-2.9078073552049166,-2.912543740253088,-2.904815499099133,-2.8533009422659052,-2.853300941485963
-2.7906149756777756,-2.7604928132518345,-2.790773451532966,-2.8013438608183883,-2.904655413121276,-2.9555826910915686,-2.924588304747148,-2.8858852691735724,-2.895771960116684,-2.889005385254011,-2.834424004933363,-2.8344240044965416
-2.8769081588702585,-2.910716134150238,-2.8242351216529755,-2.8338980525761786,-2.9526604432892056,-2.9994660053323985,-2.9588098190259355,-2.936329496358829,-2.916707188755362,-2.909858713144568,-2.862684357692718,-2.862684357448691
-2.8506057638436557,-2.955307721336037,-2.8065115849392614,-2.8487776288299727,-2.9550749731464294,-3.006417562159234,-2.9629852165785637,-2.9492248224130986,-2.8918591359073997,-2.8873422052763233,-2.8378796558493145,-2.8378796556608545
-2.8281723903381266,-2.939537169003576,-2.8194490435443007,-2.8633800808170418,-2.9750216108610537,-3.028662716552244,-2.975688578096382,-2.9767755977324835,-2.892891308466465,-2.8913979927199693,-2.849045357660981,-2.8490453573977303
-2.829057766367172,-2.971456159687067,-2.844674515110319,-2.8783202130171555,-3.0270564056735574,-3.073404125495561,-3.008128212462826,-3.0321471928711468,-2.9187120008477576,-2.916359666552926,-2.8799662719254853,-2.879966272020201
-2.899884610100335,-3.056165611874266,-2.8551898895548944,-2.856425438385525,-2.9903246298109325,-3.06677651543086,-2.9982559683368497,-2.9961471326265774,-2.925443321621327,-2.9229380392626876,-2.8818074189502556,-2.881807419294284
-2.944634090246179,-3.1191180658031272,-2.8838359710340047,-2.8782398950805415,-3.0405998038928357,-3.1202301933665018,-3.051658507685513,-3.03120068393471,-2.949525667316785,-2.946172959033887,-2.910338339145803,-2.9103383397588316
-2.973343621330188,-3.120790547258787,-2.8965219849639783,-2.8911717958847056,-3.046399345816161,-3.139877379476615,-3.0699682995711126,-3.048956032465632,-2.9662848783746467,-2.9636084933356743,-2.9359474458195134,-2.9359474464672157
-3.00843178416286,-3.143382227994344,-2.9035969095991265,-2.8960527057405474,-3.055808952934405,-3.1554533299072838,-3.0948755982428797,-3.0653791880751244,-2.989511902206642,-2.986086866743486,-2.9668607483272247,-2.966860749158485
-2.944145959645353,-3.0197835732821434,-2.8536220290128522,-2.861580250369776,-2.953331632534015,-3.079990481903492,-3.0228663412340886,-3.015938946147865,-3.003114254348641,-2.999376194602487,-2.9366983610615724,-2.9366983629928525
-2.9042157277774443,-3.0002489627850517,-2.85026524472464,-2.8494459528928338,-2.9109210409924464,-3.057900483101168,-3.0053669584839953,-3.0081885771114028,-3.015208998700091,-3.010173946359692,-2.9577385365830438,-2.957738538461932
-2.9540142137227234,-3.0075154598191545,-2.8599861689254182,-2.8476758958943766,-2.9117153110870375,-3.054744359527379,-3.003475762516063,-3.008157504882698,-3.0331353306267976,-3.0268874436527833,-2.9790761338091807,-2.979076136052263
-2.8313171006091,-2.936717649391045,-2.790904265395429,-2.7928717044680695,-2.840576899014499,-3.0097954766140296,-2.9580136202686313,-2.9698645631464498,-3.042867799798417,-3.0373408252597205,-2.968060551999942,-2.9680605544014558
-2.866548291108775,-2.993927691491834,-2.8146954247336744,-2.8154369949796196,-2.8475568921890417,-3.0335973413873676,-2.9772613826719145,-2.978525073114325,-3.053780190043774,-3.0479129017524826,-2.983340845256196,-2.9833408476779653
-2.8881532126747924,-2.9493503973579096,-2.8278682027487014,-2.8225253667242836,-2.845760314110313,-3.0477589317521536,-2.992797699316551,-2.9722056520512403,-3.0615563221283595,-3.0552049161996857,-2.994805079451335,-2.9948050819216907
-2.9460322452530265,-3.050359962208588,-2.8473336079807066,-2.840702018411489,-2.868477139414012,-3.0955011211535988,-3.0402923937759745,-2.9959047350190073,-3.0782937198776072,-3.0702877798217374,-3.023307344889154,-3.023307347369221
-2.914833333242041,-2.9530823545874223,-2.8471078704125476,-2.8498903793579173,-2.8522056919393863,-3.088869710951635,-3.03585682387505,-2.9827551858233132,-3.0508881863645527,-3.0506119479952414,-3.0099927086697273,-3.0099927102837105
-2.971176955140592,-2.9839155797577503,-2.890591677407152,-2.917198100023802,-2.9043939484494197,-3.138755957348188,-3.1056031477894193,-3.0390781543685392,-3.0666344669742385,-3.0651108827048397,-3.0343317021291343,-3.0343317039078608
-2.977691854392323,-3.024776002970858,-2.9080876920728724,-2.922325082298178,-2.8749993442471435,-3.1205911935788375,-3.0773151972973274,-2.9974845543821598,-3.053608083792577,-3.052671516379246,-3.0161041542633136,-3.016104156052956
-3.0436997047500487,-3.086456596907554,-2.9391734309214774,-2.9539388939407667,-2.9213109320450656,-3.1713521042661585,-3.1248716188785264,-3.0348649640649503,-3.0698294781375592,-3.067405586664642,-3.038670277954318,-3.0386702799008867
-3.0268181117836326,-3.085414420887026,-2.9707968422223097,-3.0136040361044047,-2.889715683499364,-3.1449609711299806,-3.0799277855032323,-2.9946630710219977,-3.0121888144117133,-3.0150520555769207,-2.9814967220569955,-2.98149672329793
-2.9980908150238887,-3.004356988981552,-3.0143835846285607,-3.063978045888585,-2.9608123897777476,-3.1811212188971645,-3.1281114608234315,-3.0633584761880286,-3.030973747562805,-3.0324594534108296,-3.005446286248842,-3.0054462877268016
-3.065275409332577,-3.0816689945113502,-3.023071731990496,-3.077362659687775,-3.0140195539236903,-3.2282232525183074,-3.169237042196565,-3.114200513398684,-3.0494286671295416,-3.0496437132976713,-3.0320183628443784,-3.032018364429285
-3.115402488973447,-3.0972985778162405,-3.0787100638048743,-3.131042113531082,-3.0607356197789946,-3.2433526109389383,-3.1631835141530953,-3.138630161759132,-3.067521452176778,-3.066567544026828,-3.011448004195476,-3.011448007769909
-3.102446791435166,-3.0846325178118454,-3.0885986218721784,-3.127385555645214,-3.104959555028196,-3.248270337604441,-3.1514922468961397,-3.151243675217506,-3.0823817275714775,-3.0796849486604287,-3.02869064124876,-3.028690645179653
-3.0424360264464223,-3.0031160486351522,-3.0443431094724254,-3.0764067442903675,-3.0213940662971757,-3.1634952679177504,-3.053686695005593,-3.000316016446506,-3.021809347619478,-3.027526601471574,-2.9396241105947025,-2.9396241138078105
-3.0643733609947787,-3.0239982816354516,-3.013500963442357,-3.043933190245178,-3.0676995576508994,-3.1812395200149393,-3.0949149716514586,-3.0340965642833586,-3.0392927472327806,-3.04303846644497,-2.9642046771270296,-2.9642046806015294
-3.1172060733544393,-3.1186386586356605,-3.0870411700576774,-3.122738058127911,-3.098235288698093,-3.176642139542149,-3.0887810579499124,-3.0692342838452364,-3.05644782382524,-3.05854960681273,-2.961721554090648,-2.9617215583356433
-3.1682612025010153,-3.1697682625543635,-3.0902914536086574,-3.118812837138727,-3.1350108235341683,-3.2074349511078015,-3.111338936851525,-3.0935562985639713,-3.0737047514095903,-3.074231612310501,-2.9944741262875176,-2.9944741304846776
-3.16437353124701,-3.173908027488359,-3.100614467279648,-3.123717344512021,-3.1406480303418887,-3.2232644634205285,-3.1292516810248467,-3.1132002476319345,-3.086705247834981,-3.0864688590102514,-3.0231353389113362,-3.0231353429684695
-3.0487532876371697,-2.995031625663862,-3.0472472138542313,-3.0637443272725924,-2.9426381852428527,-3.0937316372355808,-3.020974069190697,-2.995241819421338,-3.019242450355926,-3.024804476396729,-2.921975948281249,-2.92197595208114
-2.9487574341156835,-2.962713522774664,-3.024831122647181,-3.0301266200216466,-2.8824062295056647,-3.0177805482414017,-3.0063040715326776,-2.956132602817413,-3.002372836746912,-3.0107506957979506,-2.901792362434377,-2.9017923660280536
-3.0007319442696865,-2.987558472935812,-3.0928915149942826,-3.0783167401743188,-2.943212304829851,-3.0332931254662374,-3.0821652309033762,-2.960700094956699,-3.020603348407536,-3.026633619371159,-2.938252316356796,-2.9382523199323476
-3.0881101084653393,-3.0597708546271907,-3.143166773205958,-3.1182597078308523,-2.992488142587982,-3.0573810741250877,-3.1323214542062545,-2.980213661225363,-3.038952443154257,-3.042589334497986,-2.967833057387187,-2.9678330612246127
-3.1811622498519503,-3.2090367300847724,-3.195550973265146,-3.1736481742702822,-3.052782740282072,-3.107253881086905,-3.171404642875139,-3.03216614455075,-3.0543286908814533,-3.055516432199334,-2.9989389065522074,-2.998938910603341
-3.186276414750962,-3.1614429858216586,-3.212885727025386,-3.1780463703597523,-3.0743337529952983,-3.128448377018054,-3.1741749186932653,-3.0661462273471454,-3.0667331526626804,-3.066017524528583,-3.02017010065187,-3.0201701048686496
-3.232862353696838,-3.2069726000129655,-3.2140804954833606,-3.1846972133134868,-3.098608201585574,-3.1525816388984236,-3.188489126143194,-3.0918786478788887,-3.0802181952807755,-3.078713550441556,-3.0496279269132245,-3.0496279309623295
-3.1874919098808334,-3.151138576593623,-3.218028870698001,-3.1912979508123502,-3.089531625400977,-3.160906297815957,-3.1740051325999006,-3.13037962341179,-3.0652178198474935,-3.0661912025996703,-3.051698922850309,-3.051698926279252
-3.2137977636763555,-3.179624770897922,-3.2277123581666824,-3.2143906004135294,-3.1116577398360707,-3.1864199659683776,-3.179115882078739,-3.2003192823355735,-3.0729470304314113,-3.0730447493681297,-3.0669425484811774,-3.066942552066906
-3.2164601066518754,-3.1506999832802234,-3.2301015721696458,-3.2145643257406142,-3.1110410773064823,-3.207550254362341,-3.1799893176465486,-3.201262681622392,-3.083777245030235,-3.0827039100769094,-3.0821421262599396,-3.082142129894803
-3.2734041586752767,-3.1956947417821366,-3.2544497394821295,-3.232245702078633,-3.1401905464094835,-3.2491902755568494,-3.1978150706213704,-3.2224755926578217,-3.1005183368393103,-3.0978312430134043,-3.1117579910754114,-3.11175799474936
-3.268329035235756,-3.197718084954625,-3.267673076890373,-3.237115919860371,-3.113542032811497,-3.238127409303582,-3.175300097048048,-3.2239304327067164,-3.1081590555230036,-3.1045668027534994,-3.113487402085922,-3.113487406033286
-3.2861961233785606,-3.1868942244500937,-3.268475840525375,-3.2396049239837454,-3.1383979628811485,-3.2552134289695642,-3.189861716427777,-3.252895221017932,-3.122446047602648,-3.1178283293069633,-3.131262176547019,-3.1312621806443577
-3.210399777663292,-3.0953789813975616,-3.218889015853126,-3.181020525690014,-3.0530860361778687,-3.2026780709253932,-3.1358555816802647,-3.1804213768291767,-3.0899854296469833,-3.090583788424885,-3.0973298570579724,-3.0973298598450274
-3.2316657629195227,-3.0995448092761606,-3.2071429083194434,-3.1697075468010976,-3.071681193070649,-3.2140745924637764,-3.1617787011953715,-3.2026556327980984,-3.1047552944965595,-3.1041083458646943,-3.119633818729014,-3.1196338216086352
-3.2235435588881716,-3.1107655987802536,-3.2206126940256197,-3.182503603470566,-3.075527215341638,-3.2198239356130918,-3.1735537805210368,-3.213469022347023,-3.117769024706873,-3.1154966163171967,-3.1301951146478877,-3.130195118007279
-3.28061016157614,-3.1511825886838505,-3.235797805034873,-3.1876146868349164,-3.0911882990638437,-3.2301865318692036,-3.180591383533508,-3.2286194126103798,-3.1327228561305263,-3.1289844771548454,-3.1538416921173518,-3.153841695613588
-3.2993052096952256,-3.188870229344917,-3.263524427313227,-3.2145647668661836,-3.133714590019581,-3.267725029669423,-3.200697517750837,-3.271720328281112,-3.1424177362560384,-3.1382519852677344,-3.1747866367259348,-3.174786640222547
-3.2786356181236602,-3.1734083273043874,-3.2849225614187443,-3.2381092168484678,-3.161898994986713,-3.29257216097425,-3.2119808980407942,-3.2874890569281012,-3.155544825138067,-3.1504295164502016,-3.1973687874156473,-3.1973687909098123
-3.3041858227596705,-3.253375675931375,-3.3040964763043847,-3.2678875926267055,-3.1769167014201956,-3.2824600147051153,-3.1954715397580418,-3.3020211735241567,-3.1643747507727857,-3.157919100910589,-3.2049086507895748,-3.204908654762833
-3.3436690091755525,-3.290622218259892,-3.295432976659385,-3.261813024990022,-3.1803456235769394,-3.2773537171581397,-3.1875322954783805,-3.30013669768946,-3.172454764462983,-3.1652895015437723,-3.2182361190979876,-3.2182361231255863
-3.266634144553048,-3.2429745140413235,-3.308307109786437,-3.2900280582739847,-3.214994921827933,-3.291791422352711,-3.1968540099396896,-3.351709660426351,-3.184219602044524,-3.176249727773949,-3.2249350788841467,-3.22493508356395
-3.3016799882066135,-3.2822005476368235,-3.3496376967585144,-3.3343330649742184,-3.2733149589305057,-3.3289952054783147,-3.224014865840059,-3.3862486503355234,-3.1961866252783153,-3.187855102620304,-3.245501678573841,-3.2455016832005334
-3.375554838649042,-3.362627723372948,-3.3579298704352496,-3.3422783913852454,-3.266810007974979,-3.3435913983630208,-3.2375500240755297,-3.399757234884105,-3.205085659809161,-3.197675637054652,-3.2600265266397193,-3.2600265309328336
-3.361440996143979,-3.3432545140906997,-3.4060711173665905,-3.3851130385950357,-3.3123265028513202,-3.3822207483258815,-3.2639723744327487,-3.4211588129674304,-3.204801228629467,-3.198021753073428,-3.2606030062592324,-3.260603010371034
-3.305864611471077,-3.3309438999328322,-3.4389623986871944,-3.40123022032969,-3.272839824541819,-3.3333626653324506,-3.2117141801315587,-3.3856396317359843,-3.2162762782714145,-3.209026914362764,-3.218649690858004,-3.218649697134097
-3.333005175175904,-3.370108341110185,-3.4493893524991535,-3.4318479339302637,-3.335575381126441,-3.360303836396782,-3.239933522713537,-3.3990520045704216,-3.2207486853660816,-3.213559232192396,-3.2289150343378026,-3.228915040438473
16.02453628627445,21.285969624327517,22.504957055614067,20.952785222087904,14.462872796405968,17.27454364580093,7.191698041542496,17.766010198618567,4.913389997141583,4.533677950621408,6.54948918389379,6.549489597563033
-3.1185922886027644,-3.226480223121105,-3.26444788340395,-3.2151824578368835,-2.919135224750114,-3.0928526687492828,-2.9837158732728812,-2.933856199066745,-3.072071783313309,-3.054440782040281,-3.0732594922658922,-3.0732595021889386
-3.078626310056587,-3.1675813417205516,-3.2136461462639767,-3.1795559799153104,-3.0061826027224146,-3.128452857267085,-3.0723137117775523,-3.0099240169419734,-3.0923409482200723,-3.0740104179810928,-3.0897759724194778,-3.0897759824410347
-3.051487921572225,-3.127467675057539,-3.1863001736338297,-3.172206937515406,-3.061907675862447,-3.1551614546774047,-3.1340852144368387,-3.0611455183950556,-3.1067500290085577,-3.0884409104735187,-3.1120224837165833,-3.112022493729584
-3.137907955191345,-3.1912586104209266,-3.1936323604769896,-3.1964377763881924,-3.1243251920428263,-3.188858641134738,-3.1916066140548853,-3.139268628680009,-3.1250772564512177,-3.1064063732838796,-3.1336004610907704,-3.1336004711794514
-3.1163439130033743,-3.1498843480895977,-3.206774615892832,-3.215775235389552,-3.168489154050897,-3.2148732547569807,-3.2224664376692753,-3.191747095445801,-3.1437009159293834,-3.1247136137317923,-3.1579319911345074,-3.157932001224225
-3.136657274404209,-3.180402153263538,-3.234223299794027,-3.2544717475971865,-3.2195202235041567,-3.242273234094875,-3.271578911054447,-3.249903171928551,-3.1634016226594803,-3.170923773426223,-3.193610663889368,-3.1936106663228303
-3.134434881055361,-3.1595589091605376,-3.258366336513871,-3.278074360485551,-3.2669816260589775,-3.2824724384638806,-3.3069732080027334,-3.2866070505878646,-3.1767807190370756,-3.185653074046071,-3.2159354505207967,-3.2159354526358412
-3.222758053224152,-3.2209786580264828,-3.30210639573849,-3.336257343932761,-3.3489111468913118,-3.3356114193643647,-3.3672139126767218,-3.381338531888436,-3.192958961385483,-3.201596106915155,-3.2320031923205543,-3.232003194506792
-3.327648024955341,-3.3086346379899925,-3.3120520617461393,-3.3322935672436795,-3.3287420425457506,-3.3371876661666806,-3.373464882320202,-3.387769200596604,-3.1987131500721655,-3.2073065300596806,-3.23431671945888,-3.2343167215375344
-3.338206857248098,-3.3211564282364257,-3.361086179011713,-3.381718907043168,-3.3610401522724116,-3.369007966807448,-3.3890983852005143,-3.41065322674891,-3.1910046589091143,-3.200285918497908,-3.2244384128970403,-3.2244384147068756
-3.3424505920856813,-3.3175929575034067,-3.37066223414823,-3.395540466937459,-3.3923724401878594,-3.389760586374651,-3.4039005824435624,-3.405387699836651,-3.2093652420883703,-3.218056995541869,-3.2380934640958614,-3.2380934663735195
-3.409404544944806,-3.367194494509246,-3.392989249534807,-3.4176539440208087,-3.425695230335977,-3.4169898435409314,-3.416654137686844,-3.418609864301315,-3.224454291503614,-3.232813616471168,-3.2607108404445095,-3.2607108426663243
-3.432092954087765,-3.4096497751002492,-3.382081464811151,-3.404481422480608,-3.3420395425170373,-3.3935250025566797,-3.4468811324274506,-3.349183677732095,-3.2129558281446977,-3.2242225488711806,-3.257259874405681,-3.2572598758402216
-3.4115911328836956,-3.497252760431317,-3.3962529729687456,-3.4212875203193702,-3.3882805280189605,-3.4209165578276934,-3.5050957891115404,-3.3840749399541235,-3.2299778518761726,-3.240906068162562,-3.2783707236393806,-3.278370725151859
-3.3954831076995724,-3.474664671963399,-3.407080169884747,-3.4368338534800698,-3.404052640585688,-3.4346313235474764,-3.5030036012509984,-3.38534890920214,-3.2441485137532826,-3.254446631633939,-3.294087476086317,-3.294087477614149
-3.3386379949566565,-3.4345634799358398,-3.401155016367808,-3.4223230301124183,-3.4018018635355385,-3.4085901572430197,-3.4937079961379096,-3.404559966709284,-3.26000097844313,-3.2689023844575527,-3.2827950170405886,-3.2827950196389875
-3.294845568743005,-3.337842462982706,-3.4106260000667525,-3.4312199332074864,-3.4350694817411123,-3.425291046263597,-3.502462395000039,-3.3985207462312816,-3.27220380986021,-3.280778944033942,-3.296557997365734,-3.296557999925343
-3.3854670607746584,-3.4068332720019674,-3.4027461119370024,-3.4280191349201816,-3.437207115045985,-3.426250567056501,-3.508329871313613,-3.388702738323284,-3.2811233782010487,-3.289334089757169,-3.302617898185281,-3.302617900814354
-3.406739707605904,-3.4981245849549993,-3.4180208852954514,-3.4454884545103477,-3.4729181823144524,-3.4404752404274594,-3.5253202938896786,-3.416158263743994,-3.2969213659600194,-3.3047919673412247,-3.322090662841705,-3.3220906656635942
-3.3888612760674093,-3.4995237426221193,-3.4235410034971574,-3.4510899783776363,-3.4897761421471225,-3.4448291530174187,-3.524801723556516,-3.4346242223111902,-3.313103996288552,-3.320319590709224,-3.341230964943414,-3.3412309679962107
-3.3455033696174463,-3.416676560209862,-3.4042545164376783,-3.43934261089584,-3.4682417518009223,-3.4286000728435813,-3.5027418309342577,-3.4120759891212757,-3.3290772162147855,-3.3358628766505807,-3.3597038503633176,-3.359703853449575
-3.3188662308780117,-3.396601175448847,-3.332803406164473,-3.3708535891319777,-3.3293889966442958,-3.3411168367686512,-3.3821850068976875,-3.30236098016204,-3.303197435549128,-3.316010647494302,-3.3221216677932808,-3.3221216691252895
-3.235480339921941,-3.2980002333093594,-3.2777202686536997,-3.314759946345151,-3.2438062128794822,-3.267929719933904,-3.322190079434164,-3.223403533467016,-3.2868359492167727,-3.2985905477317656,-3.290721252751555,-3.2907212540200144
-3.2347817875117446,-3.2507851694873655,-3.255430892700651,-3.2977910981598972,-3.2537240560495233,-3.272501529740585,-3.3675115435139293,-3.2582973761524445,-3.296653873561628,-3.307984252891885,-3.302226867356716,-3.302226868530956
-3.2220885500643073,-3.255029593577386,-3.2069826979404357,-3.23970592103935,-3.109718323087031,-3.1833228951479295,-3.2748335485468507,-3.152868829191087,-3.2407637665384863,-3.253788250080935,-3.2375966632972446,-3.237596663806432
-3.181244688359662,-3.2648754949808234,-3.208382727883456,-3.2464065578557046,-3.165822047621969,-3.2081238365397304,-3.33851260231809,-3.223792159580608,-3.255705380930865,-3.2675272978235497,-3.2549564505395474,-3.254956451315141
-3.2655860965981853,-3.3126088115587695,-3.241681384613839,-3.291678538872729,-3.2137706706070124,-3.252890427731775,-3.4150036379823883,-3.298190621024344,-3.2751883515183917,-3.3073538199280934,-3.3076529445302354,-3.3076529452580354
-3.2440860537819063,-3.3295419567139612,-3.2580679333471663,-3.3079541988932517,-3.243805241008355,-3.274766051079122,-3.42454868687061,-3.3477356808420753,-3.2909304464924802,-3.322202534819699,-3.3171721327283583,-3.3171721339477545
-3.2863948506493155,-3.342108419390547,-3.250559798547114,-3.303171934555923,-3.258863915912325,-3.2938443778585444,-3.442319160685055,-3.384605564844282,-3.301035633006333,-3.331826869710095,-3.3249543327783506,-3.3249543340311387
-3.2856361998064947,-3.2423149163399096,-3.2677466893623057,-3.316418546351408,-3.257029552055562,-3.301259717834747,-3.438916407754922,-3.3937446542012086,-3.299616273936359,-3.331159931986271,-3.3271227259074054,-3.3271227268484695
-3.329069688779728,-3.287879055715943,-3.283892061662584,-3.3253502555276873,-3.291795327687465,-3.319057972940258,-3.445185805479495,-3.426841901166711,-3.3145908682748733,-3.3455116910500964,-3.3466054343566016,-3.346605435556236
-3.375384275113241,-3.3042220142218484,-3.307857412638592,-3.3482628310812244,-3.333225014158906,-3.3475359901525064,-3.464716743492822,-3.443044025276341,-3.327636253720086,-3.3580783768278097,-3.3618783841246156,-3.361878385477678
-3.394255090022762,-3.366512464909294,-3.3212866532892247,-3.363795177909125,-3.3384870158671864,-3.3575284656201516,-3.4643094500032543,-3.443008542117302,-3.336770979517126,-3.366631046476627,-3.367566244318902,-3.3675662459329336
-3.4416825110278206,-3.4723739534518128,-3.3382844040371187,-3.379077551681667,-3.366305459457699,-3.3819065734795757,-3.492318318375909,-3.466800726467204,-3.349810590276676,-3.378843647447613,-3.3857845246373515,-3.385784526436754
-3.4094676196907434,-3.3870154797345364,-3.344656312883589,-3.3793571789015524,-3.3743708501646004,-3.3858181942480168,-3.4878553853654646,-3.4845491981429015,-3.3592044237799468,-3.3887027385665176,-3.3936019068154013,-3.3936019087218403
-3.412257169227475,-3.3706779361539776,-3.339850208435625,-3.3644272962475,-3.3863701847763457,-3.377141771928283,-3.4710820999247467,-3.5009492539994413,-3.368550556325646,-3.3992894703394287,-3.414150599220189,-3.414150600816474
-3.431268200490371,-3.372140848669794,-3.3451393491532144,-3.364647984222345,-3.3793296187365405,-3.3692259264488786,-3.4402375721023306,-3.4772232307830633,-3.3826069446640283,-3.4127061351174603,-3.429958578143392,-3.429958580000182
-3.4393282037670554,-3.4577519886687265,-3.395143875754116,-3.4219556741495625,-3.4178109511482737,-3.40174428923609,-3.484633455620748,-3.478394288455487,-3.3846748653693646,-3.4139222905674997,-3.42713807096324,-3.427138072988204
-3.4711932110275505,-3.4294008513972285,-3.4017336785030823,-3.4265852496191553,-3.421021433422913,-3.418401686102148,-3.483978558280061,-3.464609838521743,-3.3979598287432253,-3.4268794423230786,-3.4455155931884285,-3.44551559518586
-3.4703733920491953,-3.460238910321853,-3.388497553977563,-3.4075754183954654,-3.4060047925915984,-3.4166015042641784,-3.4697720858052543,-3.474978305433642,-3.3941337358658727,-3.4259805450677505,-3.454833466277961,-3.4548334676326045
-3.4173401718967344,-3.477407280497366,-3.375555354878758,-3.408862034987277,-3.3337169250244005,-3.3769836604760304,-3.4323200688696183,-3.480352755415817,-3.3702452508039733,-3.4022771871495276,-3.412312864533596,-3.412312865696152
-3.3692275000047,-3.4143585144718798,-3.3770716574385133,-3.410228722073085,-3.3691453618157605,-3.390496524371315,-3.478355136857065,-3.4989190988832544,-3.3856311487260218,-3.4170365889285588,-3.429958017645016,-3.4299580189455394
-3.3776891834960536,-3.38668833928208,-3.382849305879577,-3.4117689837124945,-3.3591595241211016,-3.3803366758049145,-3.464525468467376,-3.5292967235996557,-3.3909322442482286,-3.421710884110166,-3.435719668795712,-3.4357196701166295
-3.37936080213684,-3.3869381361154183,-3.3732595098646687,-3.401168701425531,-3.328987573409749,-3.378185208343915,-3.474250321831752,-3.5217521830627847,-3.388098238418938,-3.4208453236493135,-3.43758759819669,-3.437587599046822
-3.4004049185765215,-3.445115676538674,-3.3772072484002473,-3.399955978325944,-3.3231775778922197,-3.376605916599811,-3.476861128459669,-3.5323212685994783,-3.388680706405115,-3.4230630833833864,-3.4458456878974464,-3.4458456882018247
-3.38876543006748,-3.4115110927262546,-3.348472220474129,-3.363221935970296,-3.2778362264676133,-3.340570914803245,-3.4383987493373334,-3.5191102751098198,-3.361429210302911,-3.4015907954663036,-3.4271131557702663,-3.4271131546611384
-3.4131235781417932,-3.3902865696851334,-3.339684755200489,-3.354663725988485,-3.283837520523803,-3.337109835303876,-3.4212173649319633,-3.4992134218848534,-3.370126495096794,-3.409104774273304,-3.440166018507825,-3.4401660175284787
-3.3540691023281948,-3.368911225260189,-3.3269640586125626,-3.339496008358206,-3.291496932259557,-3.3295243378513675,-3.4034619638212704,-3.5001451664668304,-3.3713331034018874,-3.4125453178583123,-3.4511939175001403,-3.4511939161602756
7.353191648384236,3.381793307219045,7.906509750001554,9.422085045333649,4.389342225817828,9.383290754580152,15.563488980892192,21.204672117134287,13.382105312145004,17.447385017018725,21.03521804523115,21.035217941279626
-3.0481256914505104,-3.1247584423960557,-3.100058054681842,-3.1201689935079893,-2.875553151553638,-3.083554710389864,-3.0329206718705493,-2.854182766226585,-3.1681662863123097,-3.2034285612660405,-3.213223293750745,-3.2132232881727067
-2.941117713584572,-3.043023861594762,-3.0228348714502014,-3.060306179652086,-2.9032798789550247,-3.0743205031538388,-3.053178235014811,-2.9841198450021635,-3.1677253673723436,-3.207533677174282,-3.2225055047394244,-3.222505498843421
-2.9075869741972094,-2.9732668955257973,-2.9878197363307932,-3.039008930640912,-2.9362244195879263,-3.0838848300258594,-3.082307368487987,-3.075237530113357,-3.1846569029325105,-3.2224442106276023,-3.2418692300231977,-3.2418692244231027
-2.8983997374930794,-2.928974764772468,-2.9991975892189644,-3.067492166938259,-2.9784654986752948,-3.1030779422764994,-3.130126831781782,-3.180550373793995,-3.2057274751402054,-3.2424458616611322,-3.265488215422389,-3.2654882101022156
-2.9007225764050455,-2.932414259947602,-2.9765459081904435,-3.0373343154051904,-2.9742491149837633,-3.084337850060791,-3.11116115038575,-3.1191199436112678,-3.2018222857266565,-3.23483844688484,-3.2502209502035315,-3.2502209456809292
-2.9245881162133838,-2.9709655630181238,-3.004254906157939,-3.07788845392011,-3.0293219504687094,-3.1253307364756164,-3.1678550705090993,-3.2127122226142806,-3.2232741174548236,-3.254319615788677,-3.272811925531244,-3.272811921440821
-2.9500126584843,-2.979948273132714,-3.024193291727067,-3.098270275628723,-3.0852575181276904,-3.136587994303097,-3.1967035059174562,-3.273437802750773,-3.241690414255438,-3.274200297758986,-3.291653296540126,-3.2916532927536655
-3.0263549586670595,-3.1408292105740228,-3.0681418558169993,-3.1302195116310303,-3.0381183605590945,-3.0827913510835296,-3.104751570389936,-3.2299129815718377,-3.2445004932710764,-3.283028701788295,-3.2934062307517458,-3.29340622677068
-3.1527257264382342,-3.286723156563208,-3.1334669783431646,-3.1763087376954537,-3.0916285727405883,-3.1149435026531433,-3.130218621967012,-3.280969883296647,-3.2657000289462266,-3.302988225629802,-3.314577091071388,-3.314577087354926
-3.03620800275673,-3.2561430698576665,-3.162502496952956,-3.1825659944344404,-3.0374244449425345,-3.0796361230728646,-3.0908486390304226,-3.130946196120518,-3.187196911971629,-3.2322753469364995,-3.2162366770577706,-3.2162366725895697
-3.1687153604923877,-3.358064334008971,-3.174369806888433,-3.1928409499671924,-3.091837826821118,-3.1141313931018377,-3.158599651504899,-3.2263590204721524,-3.2096013800590857,-3.2523388270456834,-3.2440565789058877,-3.244056574576597
-3.019751809557077,-3.220479691180166,-3.1659656112053836,-3.190557593840352,-3.1168253464571514,-3.139069854282843,-3.1953807260808627,-3.2917676350434997,-3.232527704030319,-3.2729574559095536,-3.2644337019545913,-3.2644336977469397
-3.154403048902735,-3.36921044236505,-3.182686026317575,-3.2080837808878697,-3.1169382909664134,-3.166622997555928,-3.229915194452562,-3.300073102722658,-3.2456477569673856,-3.28486550735104,-3.2799612422484477,-3.2799612381388563
-3.073106018960463,-3.2755511768094925,-3.216914495108724,-3.2383759763377427,-3.0849021300102866,-3.169176541755312,-3.2291472011207265,-3.254876516506477,-3.2351655690364485,-3.273402448708421,-3.2587411431502393,-3.2587411393567676
-3.170460499288078,-3.3850674960074962,-3.2238609037140433,-3.241404265859109,-3.087378781800994,-3.188879017174785,-3.2351313075740395,-3.286030488032983,-3.254972485497876,-3.2909090942853894,-3.2741999247808202,-3.274199921253614
-3.193627184740511,-3.393093516111441,-3.2457816038589264,-3.2717489388713377,-3.1239920702242503,-3.233691457563069,-3.2776394345183273,-3.323377240571391,-3.273576133872924,-3.307278938321856,-3.3006158435020225,-3.300615840120783
-3.277819734256269,-3.395214538559997,-3.2589541852363233,-3.2926604062029114,-3.156686156731814,-3.2750581821060356,-3.317365476353331,-3.344352216345456,-3.292610963094358,-3.3244274316964555,-3.3279458719732893,-3.3279458687151373
-3.2892523924580876,-3.393202476412126,-3.228236774899547,-3.245132557062611,-3.1286650313891577,-3.2845685324323255,-3.2769309524729837,-3.279591031401184,-3.289360748778402,-3.3071367108249117,-3.335075676202029,-3.3350756726023603
-3.299574371085945,-3.401735166190652,-3.2314486102368924,-3.2552398062172205,-3.1267189634013706,-3.283398263260631,-3.272536654257795,-3.2449926032758794,-3.2932285434427184,-3.3114972565381704,-3.3154658102453802,-3.315465807528725
-3.1867952969908933,-3.2982855667838358,-3.185401525556067,-3.1932332996449655,-3.0695189272173344,-3.2450101111364518,-3.1964380253031166,-3.145773569279747,-3.2710993913732453,-3.2646673099119132,-3.2930293788171316,-3.293029375877873
-3.22977833124104,-3.2943272355626827,-3.1732749000668456,-3.188652330433742,-3.1175731203887835,-3.2800365710362756,-3.22576243099808,-3.2023581256180753,-3.2901250864202196,-3.2837533414050264,-3.3188782070521543,-3.3188782042379428
-3.1637644644235525,-3.1811652404482764,-3.1576612238680757,-3.191163776313214,-3.1355368881993346,-3.265142827102112,-3.236196146809485,-3.230475586810642,-3.273543766164232,-3.2762952779315615,-3.3131217414354475,-3.313121737878711
-3.175956002863553,-3.2462045839214393,-3.176185194679293,-3.225786736078377,-3.1928484643290886,-3.2957131305318446,-3.2842990272620436,-3.2812602401555773,-3.2878901768283844,-3.290471446292643,-3.3303024828753385,-3.3303024795124094
-3.2245139981648885,-3.2425810386163363,-3.1822712529212125,-3.232660481986219,-3.144527632717274,-3.244895951870677,-3.247216686926287,-3.1409733975394927,-3.2642798966669693,-3.2662357735269363,-3.27084690477459,-3.270846902209225
-3.1883048254705937,-3.2329516120530695,-3.2034439851636063,-3.2469280300192866,-3.154743080525164,-3.2464341983087506,-3.2389010787754327,-3.188690079630107,-3.2852038578935407,-3.2861495979527184,-3.272997673797196,-3.2729976717773326
-3.2601577082486486,-3.3174052485607097,-3.2677938657409897,-3.3156732758787912,-3.1981558199225644,-3.2796726050945657,-3.2721547015752113,-3.231487354372656,-3.2943648439666733,-3.2934689215421162,-3.276174282532202,-3.2761742809947303
-3.3127225892045344,-3.3754865037302024,-3.2789666796333536,-3.3173759129307716,-3.213272789288377,-3.3098094193272796,-3.2873203705401095,-3.2429684657012308,-3.30478576771275,-3.2882124907530916,-3.2972158085366905,-3.2972158069294437
-3.322097525568221,-3.356853747915911,-3.286579338603918,-3.319410352609348,-3.241714652881565,-3.3443326203996593,-3.2932595884976164,-3.2650528118342756,-3.3248026214315987,-3.308555329838047,-3.31726395862212,-3.3172639572359914
-3.3583861615079567,-3.425977177770753,-3.27669537982956,-3.3128709153542175,-3.257831204065504,-3.3638770101217714,-3.31675232064294,-3.2688116279974007,-3.3441729214233082,-3.328116947168464,-3.3322516694341773,-3.3322516684456387
-3.2683225085774223,-3.352885416790016,-3.2330088539806456,-3.2564613105589357,-3.1974859943610836,-3.3406732659206293,-3.2460080581581456,-3.210021439285491,-3.333192699524186,-3.2700339320663483,-3.3336923060437824,-3.333692304605618
-3.249871005246564,-3.3052002666577978,-3.205917645771846,-3.2253871794875972,-3.188290321011894,-3.3453368847279523,-3.255301581287426,-3.177184481292719,-3.3439043609001464,-3.2840101273571385,-3.3298798405030756,-3.3298798393302653
-3.1992418913232434,-3.2347511336015615,-3.223633963427056,-3.260411493865923,-3.2377054904625817,-3.369057906325923,-3.3339428648282627,-3.2185069420435948,-3.356865999272615,-3.3013494879372507,-3.3400129531231477,-3.3400129523920326
-3.270436550213288,-3.2883838679493875,-3.240582049449756,-3.2868519903347537,-3.2613187584534904,-3.371347346491134,-3.3894547111852456,-3.240626003156578,-3.372882830762384,-3.3189666313632857,-3.347426561749552,-3.3474265613914427
-3.29312187939881,-3.3284892651851985,-3.2662268221440947,-3.320808054172294,-3.3031706334381385,-3.391501732516105,-3.4487313697416306,-3.277555927622057,-3.384649676052826,-3.3347500684785567,-3.368276399254009,-3.3682763989406714
-3.2832233849702828,-3.3107428255313307,-3.279944591845939,-3.3392391138744744,-3.3194866864467345,-3.3882380666836105,-3.4649715773798238,-3.3081816975433154,-3.394567556574164,-3.349136874588606,-3.3877729775841168,-3.387772977100528
-3.262193811197236,-3.2826888199893136,-3.2775468118364475,-3.3344009240643295,-3.2431366253056435,-3.3400330726964635,-3.394944908288064,-3.2409451847262956,-3.367024604971953,-3.330760805030682,-3.339059247363381,-3.3390592465361846
-3.339679200416527,-3.3284606287718974,-3.278312373510592,-3.3316012534145143,-3.255842742491545,-3.3585562526902293,-3.4326619813831005,-3.257034087796629,-3.378700513308018,-3.3451618527262568,-3.3573861629887936,-3.357386162059338
-3.3421708772584315,-3.3600591450141466,-3.2990945187194907,-3.342748036954685,-3.2868919014516074,-3.382118084881302,-3.466889592478568,-3.282065116403517,-3.3955381704213057,-3.3628094649350304,-3.37659754208866,-3.37659754143351
-3.3613627445271588,-3.319903461125757,-3.3125332189180035,-3.3549542118450835,-3.2786405937845906,-3.3871773906785436,-3.4650187566199735,-3.286521761278122,-3.3804467285531947,-3.3538346376501105,-3.364393375236091,-3.3643933741873266
-3.400701537423763,-3.3616734091340557,-3.3240443126424783,-3.3621445339050373,-3.309152852084543,-3.407375607756638,-3.487820179405288,-3.3118386150899695,-3.385336312431373,-3.36111968909635,-3.3763139852104347,-3.3763139840852725
-3.40831383879635,-3.3576530571533985,-3.346643467030513,-3.398901780738752,-3.3255568861779192,-3.4244231943870584,-3.49570028004283,-3.3412102096438923,-3.401309060252242,-3.377995883622931,-3.3819409577489097,-3.381940957428222
-3.460887955126588,-3.40293229911247,-3.3655084116341185,-3.416454165930963,-3.348027890081703,-3.43713590470983,-3.5126889155161685,-3.354065618013596,-3.417993403819856,-3.3951427343943825,-3.402256023191407,-3.402256023061272
-3.4605207389589614,-3.4155829580728176,-3.384077090288661,-3.4291888517733984,-3.3756378659794866,-3.4539567238682785,-3.5336839911753666,-3.3824200554272705,-3.4342583715987174,-3.411912794841336,-3.4204111937191026,-3.4204111937776576
-3.444893117388168,-3.4400700686080414,-3.397883979419151,-3.4429669323880305,-3.399047696111726,-3.446472296941167,-3.5392489467275046,-3.389782092868518,-3.4471657979324988,-3.4245525087354656,-3.4318009337276303,-3.43180093425916
-3.354088767447266,-3.3741718733403134,-3.3990497325150515,-3.4552090401449407,-3.3708097368809584,-3.419854909991351,-3.4823046112567635,-3.366772427554134,-3.45841253411426,-3.4367237529962424,-3.4245991559939943,-3.424599157065425
-3.4296128806956947,-3.446525337351024,-3.3912838349881222,-3.442979471055329,-3.3573950364011864,-3.412208672348241,-3.462028025847608,-3.3534366133292406,-3.466685184299321,-3.4465408471165175,-3.441138539248727,-3.441138540249082
-3.413729595827064,-3.4532929557900034,-3.36705870788967,-3.4204105893179912,-3.277539195246603,-3.3775569927019577,-3.411100876892449,-3.2689226160311735,-3.4376662847927415,-3.406045330402006,-3.4136941658015783,-3.4136941662232374
-3.404631271817984,-3.502253075438909,-3.345728151641797,-3.3855438982157686,-3.287307147640724,-3.3765081542180364,-3.388210703119585,-3.283567351947462,-3.453521361021103,-3.422743083508794,-3.427351492019458,-3.427351492669218
-3.352151733165079,-3.4635660474261667,-3.338718891613436,-3.376589912730503,-3.302107870621166,-3.3928136247368164,-3.4220587204507322,-3.296953227999839,-3.4711062896494296,-3.461210472669389,-3.462997991015759,-3.462997992516659
-3.3241559774445255,-3.4476456448479365,-3.34269899226701,-3.3960339584621706,-3.315616518461245,-3.4040287582637974,-3.4553155250498215,-3.331185356199802,-3.4497811676102432,-3.447759707653095,-3.457920496616186,-3.4579204973824
-3.270367411389314,-3.361726620143312,-3.316420426788959,-3.361929264302513,-3.305190937143805,-3.3861264597862957,-3.4549012556027634,-3.333669334326238,-3.418382890896796,-3.427642174132204,-3.4387351409132734,-3.4387351405671316
-3.2943762081157053,-3.3595366830792504,-3.3141060607044732,-3.3559846923388177,-3.349403948735381,-3.3991058643588556,-3.4869334719402216,-3.3624882032378163,-3.4306960212190507,-3.4409333015317127,-3.460243477831261,-3.4602434774540076
-3.295470409841996,-3.3403276223779264,-3.3168147752106414,-3.354672657809817,-3.3630938859175856,-3.409981164015604,-3.500456980020644,-3.3725081996578083,-3.44344690494492,-3.453637836459684,-3.473122992284954,-3.473122992074341
-3.319706547927338,-3.3598950886306684,-3.3194587473210624,-3.355333920133871,-3.370330539345473,-3.4114346054259297,-3.509403279815603,-3.364344043884112,-3.4523696450744397,-3.462440827981123,-3.4700218968232504,-3.47002189725744
-3.339843030907208,-3.4220653229861466,-3.4075304870137044,-3.4244711498013087,-3.347043130545649,-3.373455830040629,-3.433583885269877,-3.36929880771472,-3.4613841247408086,-3.475407293841168,-3.458913630539676,-3.4589136312915834
-3.3565624475498748,-3.4299231677021607,-3.457389018643331,-3.469270358269956,-3.380616549481684,-3.382974777627303,-3.4419029959978626,-3.390110982589155,-3.475346252050845,-3.4896544829797134,-3.4805609401063755,-3.4805609408013316
-3.3715706465412008,-3.4678910432181875,-3.4655658112371834,-3.479899746063774,-3.3782536652196726,-3.3915550755968495,-3.434464076955649,-3.3938086616734364,-3.4901887165452066,-3.504612759394269,-3.4923055410858694,-3.4923055424131997
-3.4547489667048774,-3.547893825045748,-3.47389257844241,-3.491403742040603,-3.381264863457298,-3.408512298584025,-3.4522255529319636,-3.407003240683319,-3.501500139644614,-3.515933192584065,-3.5098973598199787,-3.509897361171264
-3.350613563704021,-3.427013750560142,-3.4452596480057003,-3.461533247780242,-3.381196279664546,-3.390466818640851,-3.4392679587729544,-3.4074380001465308,-3.501244935249806,-3.5210339431808664,-3.5121727218404484,-3.512172723613442
-3.3193885977608284,-3.4282686476871773,-3.4217837745845556,-3.459084901045723,-3.383514964666089,-3.3796028015951927,-3.445553154628615,-3.416864627430741,-3.5163018345950325,-3.5356041350381187,-3.518779363685789,-3.5187793659244537
-3.279890677213089,-3.3912046179138597,-3.3714309972841443,-3.4061330135323074,-3.2647748295934167,-3.3342626177824144,-3.3831906763140895,-3.305073897918788,-3.477648932319437,-3.4938401805087778,-3.4911533246862803,-3.491153325703798
-3.3393359263904694,-3.466964634115849,-3.394636993953415,-3.433485033096327,-3.2523476789890737,-3.347503695091742,-3.4073740251346263,-3.3013572966087352,-3.4366517622744914,-3.4582748178768266,-3.4458034717123596,-3.4458034719477286
-3.3813853141273524,-3.4679537629350627,-3.393620431282846,-3.431443989419469,-3.2918878702420376,-3.3734045455727513,-3.45166350733344,-3.3448547184975332,-3.439219287717093,-3.4630224721353264,-3.451037444253092,-3.451037444727139
-3.271771852116112,-3.315469954770208,-3.365645290473441,-3.4088934148300174,-3.301177529233821,-3.354319029327427,-3.4280574366343743,-3.3560778105505653,-3.439356412641549,-3.4667922457072917,-3.4619488338524924,-3.461948833776173
-3.324719311683717,-3.369778923314159,-3.379444793442217,-3.4277730834259232,-3.3349974581229485,-3.3681917552643306,-3.4307435880013655,-3.3914484729650685,-3.4543378631519763,-3.480547846586541,-3.4653788354010864,-3.4653788359840387
-3.3085376415741306,-3.356061643845336,-3.373141997858653,-3.4118156901128325,-3.334645301172012,-3.367734621551198,-3.4001607916627155,-3.384950829756658,-3.470166868936326,-3.4949910455221547,-3.4772252683911287,-3.477225269464866
-3.327740301277528,-3.3516072099642065,-3.3275344595449754,-3.373704756361653,-3.291208354809021,-3.3472760403006605,-3.3808866915960882,-3.3022576256327953,-3.4708469345043107,-3.4967219768773576,-3.444295155151689,-3.4442951575917187
-3.381881614701024,-3.4204412911527347,-3.3361316572249224,-3.3808301289002056,-3.2548173461673504,-3.3300150006856004,-3.3770822833251444,-3.299816488613639,-3.4557476438731793,-3.4816825780230825,-3.42158464990459,-3.4215846524649223
-3.158085417356204,-3.209893673732526,-3.1810474590066624,-3.219097302356694,-3.1360587118239676,-3.2217599096869924,-3.2404888524208575,-3.160570024657037,-3.4399120923709514,-3.4713023849310414,-3.3733869242815495,-3.3733869265705967
-3.1198939505589856,-3.199720730747899,-3.2101505311110667,-3.2482922506861427,-3.188833830479543,-3.2479246864988234,-3.2965814780150158,-3.25030933652314,-3.553933241905559,-3.5617117036616186,-3.451066003178917,-3.451066008711458
-3.108762291532712,-3.1867083731593175,-3.1945398647227474,-3.2474525708297044,-3.2032163820616,-3.2313304959831743,-3.3077818124216845,-3.278241096994438,-3.567238004161046,-3.572853437119748,-3.4666383271117356,-3.4666383327563657
-3.109904980932991,-3.1775709060090334,-3.1908288067642845,-3.2727892807465495,-3.2078674546183445,-3.223610264518648,-3.305624694562549,-3.298849154325576,-3.565676964865074,-3.5729904861199557,-3.4706428971319285,-3.470642902761426
-3.0712264296718668,-3.1186061509039753,-3.180237363687824,-3.268385946822419,-3.222166859104517,-3.215428804951368,-3.3032764155288783,-3.315812657234352,-3.579368590554161,-3.584338211060902,-3.4907577658220226,-3.4907577716080147
-3.195266264596587,-3.2157953781112485,-3.1898956020756724,-3.2815776388969655,-3.2239536983621857,-3.2275283164447712,-3.315883630567062,-3.3272605729647897,-3.565280823113173,-3.5717904757655825,-3.489840649738951,-3.4898406552048002
-3.1472731110677574,-3.173873809362666,-3.134312721485292,-3.2140455343862158,-3.180300864939753,-3.1801325574318966,-3.265680494489906,-3.2477590572156285,-3.531274229695744,-3.548627609420332,-3.4736666083761176,-3.473666612244074
-3.057210886606635,-3.1185127538255424,-3.169059789911465,-3.2532837874022063,-3.2110807834603667,-3.1907336807611077,-3.281157654393382,-3.297585330581981,-1.988306680238992,-0.7477622967451096,-3.4704109040894373,-3.4704109086443724
-3.100919369647312,-3.139089256023559,-3.273857848185323,-3.351331685180264,-3.0574308553012663,-3.0741429532869944,-3.039047384754937,-3.125037884910184,-3.4640663540672265,-3.4978082251836717,-3.399180851330741,-3.3991808555485004
-3.078511987394447,-3.065802176819132,-3.2539077867740698,-3.330118125146822,-3.1111910425768063,-3.080617763071356,-3.074179836182593,-3.0919134919573454,-3.466005151367597,-3.4972322898389914,-3.375203866577408,-3.3752038719940973
-2.9961712387489547,-3.0222574195601966,-3.1591983683160727,-3.222167862063657,-3.1190780162344467,-3.0469244191623694,-3.061004491114152,-3.079787091461598,-3.460402706162979,-3.4938439961569046,-3.373826627967284,-3.373826633082848
-3.0482819290192014,-3.167317301835819,-3.2252063941991693,-3.2695505676991794,-3.1516837923306436,-3.0553568697193536,-3.093138482739468,-3.120512816299897,-3.465636820402084,-3.4520647952318653,-3.3832670733038883,-3.383267078433057
-2.9569251051952863,-3.05715839744268,-3.1584848616813446,-3.1846256187901614,-2.983663325840787,-2.9932251120266193,-3.01160873281266,-2.9635554851356067,-3.365971400581932,-3.3967890187788194,-3.331205585504904,-3.3312055886780847
-2.963018610853835,-3.0960651845239324,-3.1718876709734793,-3.195251795077875,-3.007646031631156,-3.010431430648593,-3.075083132594458,-3.047811299661404,-3.3639961522128328,-3.3938370887546654,-3.3474067702211525,-3.347406773266003
-3.089130942311463,-3.1400024756265577,-3.1830241173628737,-3.2183969828390113,-3.0345582621645493,-3.0278522125110308,-3.132912776503733,-3.121904182732032,-3.3749760232729162,-3.4017475082031554,-3.3702721112582164,-3.370272114260792
-3.0030492128482997,-3.104011714340227,-3.1554982906785787,-3.201480573382137,-3.0055704544810364,-3.034870431589482,-3.1462622551331605,-3.111699796884897,-3.366316642556605,-3.3899585313255653,-3.370960661527171,-3.3709606641230203
-3.0821930450714485,-3.1550331223499484,-3.166275178175826,-3.219776253108122,-3.020900142943093,-3.06081848106482,-3.1849975364970518,-3.160842683882953,1.4691458439062646,2.987600307843549,3.1026132748483963,3.1026134743230207
-3.0442373031224244,-3.101524095096927,-3.0435749684237843,-3.0851006500429885,-2.8478328739104612,-2.9765716045380293,-3.0144705201129565,-2.901706862626844,-3.212732165441089,-3.2707105262785268,-3.271671419502969,-3.2716714166357126
-3.037922490182343,-3.146427886482786,-3.0412375317181333,-3.083582360748983,-2.904867144690004,-3.0019614361479787,-3.055007381236289,-2.98810848356267,-3.231336827715228,-3.2833977980317535,-3.2859818081556753,-3.285981805756079
-3.0065339622596547,-3.0679655976055287,-3.0307821776747854,-3.090917671483061,-2.945405983027573,-3.031895613430028,-3.087597011383962,-3.0615548562523736,-3.24552754055264,-3.2949172226136434,-3.3062912115711116,-3.3062912091579304
-2.9634896664309256,-3.0932270043208665,-3.0610442610715216,-3.1261205841909265,-2.9517479547401955,-3.0320251822314086,-3.095866041437363,-3.0445112257927542,-3.202012662456535,-3.254253672098998,-3.26311045901545,-3.2631104558687776
-3.036155104787139,-3.1902976238301863,-3.093475439778559,-3.1701724699295637,-3.010077331278448,-3.0724425830161977,-3.1542203418565817,-3.1473545396915465,-3.2227009240355233,-3.270115257597851,-3.2859293230680695,-3.2859293201266677
-3.0567904127768357,-3.1810107892514754,-3.128092843158157,-3.211793530217907,-3.047884677000019,-3.1007609597765806,-3.200400688972034,-3.2198603590012485,-3.2373265777540103,-3.2817213489119146,-3.309513730034336,-3.3095137270691577
-3.0164683360182414,-3.1240535827619027,-3.113454532874272,-3.1988885802582923,-3.0569271082936043,-3.0956470082298626,-3.1942865388265216,-3.2066140186312317,-3.245550850746245,-3.283869417404702,-3.308229829904783,-3.30822982752417
-3.0428873231781233,-3.2195494451611415,-3.1073101330357784,-3.201661634420943,-3.0796517118233915,-3.1165907034184093,-3.2308064267635186,-3.2508645504602547,-3.266907655257746,-3.30143495414647,-3.331919808807416,-3.331919806566469
-3.096467587928531,-3.215743218259772,-3.1379888026347356,-3.233148159739224,-3.097960460337382,-3.130959060006415,-3.2609263996603968,-3.2913893123754634,-3.2817089051450434,-3.3138672234787503,-3.3532767628062787,-3.353276760557176
-3.164954831036331,-3.2702060933098425,-3.130382889143462,-3.2103146973665786,-3.0842167643382448,-3.1462820633063746,-3.2619237847021747,-3.2744601053959057,-3.2899006727817315,-3.3175574407945847,-3.3675682105257545,-3.367568208194061
-3.1091969601065395,-3.217104680265516,-3.140779074184989,-3.2094507148157305,-3.090845371780474,-3.1560009830872464,-3.2555925757479067,-3.2704548521506394,-3.3097967104303088,-3.333949126520268,-3.3598085845300245,-3.359808583524131
-3.078676860570925,-3.1984080679051248,-3.122481590370699,-3.1797246693835692,-2.99040042347063,-3.1112361888890367,-3.138778450065668,-2.955323459525071,-3.1821036766533384,-3.2176533605953113,-3.2054761108892746,-3.2054761076903397
-3.169274532595417,-3.2747189350917494,-3.185713275467309,-3.2550321827089634,-3.0857155534076584,-3.1374046731913823,-3.1749246595819804,-3.1001974200676052,-3.2019820447341507,-3.2324623566722437,-3.1948546478649327,-3.1948546454387303
-3.261767834703226,-3.3435227384518993,-3.225341229407685,-3.2775813511024086,-3.1497195526487807,-3.179588897870001,-3.2341501072183974,-3.182298814216767,-3.215558944794119,-3.2437234261324983,-3.22035155359582,-3.2203515511709506
-3.298066131344773,-3.40339224499092,-3.294487713529502,-3.335908014528923,-3.1193442895030974,-3.1802664266680543,-3.1991948800634686,-3.0305529065167702,-3.137064120052695,-3.166762986791481,-3.099019196327622,-3.09901919373601
-3.2588283790044006,-3.388399359180971,-3.2712364874360507,-3.2882696901626423,-3.1135283431405325,-3.1659702632278313,-3.1436240795794244,-2.9718302801759884,-3.0909187512377443,-3.1250108994727377,-2.9784567605353978,-2.9784567589111965
-3.2672347161878537,-3.3633189201245743,-3.225821559314029,-3.2500728312204763,-3.204680218858909,-3.2169161592640423,-3.189115054449619,-3.0057945549443432,-3.09694327186259,-3.1280614899738453,-2.9999975602633864,-2.9999975587271273
-3.3164414403357574,-3.356074080196529,-3.1312226150500884,-3.1538953108965577,-3.0304502399815068,-3.139555993258973,-3.0783028495100013,-2.8845297774598,-3.0322180630807645,-3.0627592218369397,-2.894489580416379,-2.894489579675696
-3.2194631469225,-3.237029995798679,-3.1566202656272537,-3.1783374836916485,-3.047784424427486,-3.1534152408469374,-3.067244968168029,-2.890081624109421,-3.017781441310149,-3.0462972119644,-2.8977999332536255,-2.8977999325435153
-3.2399634253551493,-3.3205109860832636,-3.162480958751156,-3.1657737845239766,-3.0234145950461606,-3.1422167448600566,-3.0007328717810275,-2.8583286976452538,-2.979589047472711,-3.0072870949753536,-2.8491288374479993,-2.8491288367871506
-3.2542455195918065,-3.3519076045453913,-3.2158488824464806,-3.219779987544857,-3.1075110734424207,-3.2010499350367176,-3.026388238697844,-2.89221751718351,-3.003796579133271,-3.027912727083244,-2.886061362175175,-2.886061361612608
-3.0971407114043106,-3.192858488361921,-3.193508008427904,-3.217072217331079,-2.968783067812146,-3.1356954933711094,-2.955304515477227,-2.872008059659157,-2.9853028299829765,-3.010780155169839,-2.880989724806436,-2.880989723954332
-3.1334989685325483,-3.248549504464732,-3.2425677299130573,-3.2624143545193833,-3.0316745847573543,-3.1919067808171913,-3.0113886111320194,-2.8920155303298847,-3.008112500174919,-3.0307803897127332,-2.917576984134302,-2.917576983392665
-3.098325620612726,-3.161466369247045,-3.2872042263504415,-3.3175906827581603,-3.0697363120292733,-3.215942561114425,-3.043019699726029,-2.918062810214543,-3.0334275334451797,-3.0527466584928993,-2.9490406638609556,-2.949040663680508
-3.1108833972155776,-3.122202958445888,-3.3975026165211593,-3.4224130994661692,-3.0895021112636982,-3.203147668876921,-3.037472486863205,-2.9785258788747284,-3.053183561122113,-3.072522331073631,-2.9813554431173017,-2.9813554433093525
27.70253287806431,34.03316032462326,34.85534927001663,36.01061306769379,-0.4690755223823544,10.75323062703976,-3.005555891785068,-2.9636816817134046,-0.4073670300232686,1.3388740208048682,-2.964870848871028,-2.964870849588902
-3.2549684374936403,-3.3379840920859145,-3.167008636394662,-3.1898248548753605,-2.676275030770859,-2.8922169190767466,-2.7628121033982076,-2.8527771415413246,-2.9292998482115173,-2.9470372618799074,-2.8553580499976885,-2.8553580491709227
-3.246989848022892,-3.330820903512292,-3.2275267230362483,-3.2099543752072854,-2.7147203239066795,-2.8979688176420457,-2.780095031408563,-2.841475820244694,-2.921259492548587,-2.9369330357391634,-2.8625924726058516,-2.8625924716078313
-3.2396118001064855,-3.3216745790420905,-3.204436061222058,-3.163800985928193,-2.764246316300033,-2.909491129556971,-2.83012446595155,-2.8457046084388957,-2.9380780324872804,-2.9485165120863472,-2.885428241365287,-2.885428240817071
-3.254146278342427,-3.3429153195073567,-3.298919053992556,-3.2594468203000178,-2.8193926404877407,-2.9249083916096974,-2.836459879542514,-2.861925157488938,-2.946736994556533,-2.9511958381914907,-2.881776312031051,-2.8817763123178297
-3.247664803232385,-3.3409049087596587,-3.1727452130957494,-3.15334535855873,-2.8139797036104324,-2.916387770595594,-2.8317107608647563,-2.8447932711783457,-2.9503374168329226,-2.954832250399705,-2.890084830970924,-2.8900848311663943
-3.2425248817737025,-3.3332913706340355,-3.174539329417439,-3.1378376129362366,-2.811414190760742,-2.886320149699138,-2.833260437965077,-2.835507941564149,-2.9662544810646603,-2.9675460061775545,-2.8926800872284217,-2.89268008805131
-3.2381816862525037,-3.3226978788794965,-3.1092494455774036,-3.0933988273160695,-2.846111134041909,-2.9041398837326957,-2.8767763331237597,-2.857777745965962,-2.983793660159127,-2.9839232330443632,-2.9266773573172022,-2.9266773585780195
-3.243499853822329,-3.3247760644047766,-3.06556666762808,-3.074361413955683,-2.875165149484419,-2.9126145414194493,-2.92066639610021,-2.8935381120844,-3.0026398140313364,-3.000997346004185,-2.9611950902395883,-2.9611950914854095
-3.2428737224597537,-3.328873330009557,-3.1016209823089613,-3.1323988024080593,-2.941723132887364,-2.9564471053000547,-2.9296586534682283,-2.9432685772912666,-2.9761189036867846,-2.9740936612495275,-2.8937839960683367,-2.8937839978574926
-3.2546611383279727,-3.3385306227254112,-3.0756227520988593,-3.1238701848220174,-3.0005336931365285,-3.0147923089195894,-2.9767716201125647,-3.0015676053322586,-2.99442593994649,-2.990430805352443,-2.9316733568916673,-2.9316733585952357
17.522020465748263,25.804070657759716,-1.2957789047675057,4.126954013520594,-3.035534961190081,-0.7879915228710082,-3.0232459680212163,-3.041723158254394,-3.0167022085255897,-3.0103314568451305,-2.9713794982411663,-2.9713794999071412
-3.2564881747649324,-3.3304743704142523,-2.9502263232162416,-3.024093529184687,-2.7320546874503364,-2.8961165958408,-2.7977886050426175,-2.9153500724230215,-2.891866266172233,-2.8928840609578477,-2.7526812432316348,-2.7526812449009244
-3.259257663318972,-3.328608488498259,-2.9537107144401196,-3.016938506555735,-2.831181540873134,-2.9379107778470397,-2.854382911808633,-2.942128868439179,-2.9030323095352752,-2.9032022484341877,-2.789079950405471,-2.7890799519372074
-3.271020107612596,-3.3362743669024852,-2.979101108849661,-3.042327777135537,-2.9111549205346985,-2.987453562221287,-2.912782035475346,-2.9690478108882568,-2.92762625502088,-2.924822248874922,-2.831932943568841,-2.831932945129793
-3.283307039996819,-3.3463271048970533,-3.0164416349058354,-3.0810177197362822,-2.9992026012221356,-3.0486686932884934,-2.9798401567658814,-3.0191527259916997,-2.948300192870318,-2.9432570966986518,-2.8714540588696806,-2.8714540604972676
-3.2850356718703537,-3.34469301952881,-2.98929139370109,-3.050855382998235,-2.9313492842716866,-3.02133452149816,-2.9494916732191068,-3.028567590910013,-2.9376502123386623,-2.931588590813411,-2.8561749081839483,-2.856174909768658
-3.294172744732956,-3.3533990001577196,-3.0311600903376315,-3.08326071865089,-3.001350880869913,-3.0676399981024223,-3.0086213725992748,-3.0864513840542784,-2.9583339066874195,-2.9501002013556588,-2.8982695841051482,-2.8982695856806426
4.213164367316529,9.9691122182872,-3.0783528995485367,-3.128497272584695,-3.062489458805084,-3.117702716092758,-3.0458471703287455,-3.142873789504425,-2.9647349226970325,-2.956213264781267,-2.9252915106244437,-2.9252915120001868
-3.281008001552814,-3.341133449127359,-3.020588150009398,-3.0684384512384884,-2.8399369118294873,-2.996710368526026,-2.8871947607291237,-3.088176552550448,-2.8930729841924405,-2.8899012562968656,-2.8275557728654297,-2.8275557736992614
-3.2824483035725724,-3.344207716386485,-3.1034200284277143,-3.1337926362412363,-2.9352504777881787,-3.044772367849545,-2.914045227296886,-3.1043016277948148,-2.9008177596496827,-2.8964154568833713,-2.8410605325422678,-2.8410605334301797
-3.2928011590106645,-3.359929052461248,-3.187592153634042,-3.198091438518198,-3.052633099913614,-3.118583164472471,-2.946716546715389,-3.1377347018721222,-2.9211232627611485,-2.913753393008805,-2.8750843831512825,-2.875084384265784
-3.2968402481362733,-3.3643901404499372,-3.20564490513543,-3.224258496028953,-3.1475884074857787,-3.1828099658847235,-2.9943611714740768,-3.195493992559876,-2.9411601377565932,-2.9327182453196374,-2.9191650195433585,-2.9191650205988253
-3.304705772125664,-3.3734086742881213,-3.2292067571139897,-3.2503067692373704,-3.212704954608322,-3.236414417485652,-3.0242709599079767,-3.2279448270010493,-2.9574151871722343,-2.9475329703005846,-2.950332572912039,-2.9503325739310213
-3.311512256833142,-3.37978548722743,-3.228183159987398,-3.256758360234642,-3.260231697563053,-3.2739599985742145,-3.0652882652535727,-3.27947136696064,-2.9813568447419425,-2.969552549846527,-2.991387586408475,-2.9913875874540525
-3.319559763804028,-3.390032695849645,-3.2594885789743575,-3.291425799873462,-3.3048609467493106,-3.3142202372750926,-3.0980817278374975,-3.3380507395237777,-2.9987845681444747,-2.985650701522917,-3.025709920983447,-3.0257099220439043
-3.327755195650771,-3.40245163265764,-3.32121130286396,-3.350512823607484,-3.3690600063538043,-3.3602359007953417,-3.117658956436454,-3.378672717516947,-3.0171474734425106,-3.0022812564886614,-3.0517990594137343,-3.05179906063793
-3.326048781507885,-3.4046316493039956,-3.2958236899317326,-3.3252641600292843,-3.2950457941896913,-3.3394310087819266,-3.0676975330338347,-3.349820966643822,-2.978383785068338,-2.9684154396900935,-3.0113520840360026,-3.011352084594456
-3.3236987739323895,-3.401801265221561,-3.2738777057880584,-3.3090411871651906,-3.3555996581414425,-3.360998360563323,-3.0974851618979957,-3.4024471172392037,-3.0020331706046157,-2.990268858450328,-3.048178778316654,-3.048178779051348
