lstm_normal,lstm_student,gru_normal,gru_student,bekk_lstm_scalar,bekk_lstm_vector,bekk_lstm_mix,neural_bekk_asym_diag,bekk_symmetric,bekk_asymmetric,dcc,adcc
-2.9185244782081905,-2.9319637500249236,-2.7997883137480732,-2.7748993140729485,-2.9202074483123575,-2.8356759180492235,-2.905249917982729,-2.976173334918077,-2.8210216607903087,-2.796680735341916,-2.8565428335262615,-2.856542828757517
-2.946611130112127,-2.93331175586139,-2.8080659450384773,-2.789420631300219,-2.9144820595330416,-2.8400124284537016,-2.9026425424688505,-2.975666888261323,-2.825788055265052,-2.8020791434070067,-2.8723034227337885,-2.872303417780596
-2.9425429381022914,-2.913537138850562,-2.780575372902478,-2.7698150488406403,-2.88144758503296,-2.8209512420685514,-2.880870602827464,-2.9576618215652664,-2.8296236266106214,-2.8055498825854563,-2.8672260318984573,-2.8672260270179026
-2.9241977804690675,-2.9381382787074157,-2.7956144130901706,-2.7757704656177244,-2.873117149492365,-2.805979165514316,-2.860731932560571,-2.948446850734784,-2.8347657444200243,-2.8130565974228454,-2.8861432632792177,-2.8861432582606867
-2.9453240979153414,-2.927374686564126,-2.8141377686435187,-2.7901642038008787,-2.83528526666132,-2.783666043330603,-2.8050775099143586,-2.864429052847209,-2.8205657195314178,-2.8010688101309493,-2.8623706249295813,-2.862370619407901
-2.9102166437152315,-2.888199196295296,-2.814873389349964,-2.8051940700015945,-2.792722485758533,-2.7625083516820546,-2.7664460045101995,-2.820672457994537,-2.80791102163015,-2.784518720286146,-2.847485330842143,-2.8474853252678423
-2.828587206770589,-2.850191651112413,-2.814907388726083,-2.812193381370556,-2.800335931902526,-2.7686069869504744,-2.779058884834086,-2.843571176887665,-2.8244114025992437,-2.800231992899089,-2.8725766603547456,-2.872576654930312
-2.8156579658709915,-2.780390897234047,-2.789783752911176,-2.7949477155330706,-2.7884692276222145,-2.7306224415358398,-2.7725988493887583,-2.817736370476882,-2.8311228879009884,-2.8060504587378374,-2.841253718759831,-2.8412537149495645
-2.779542222556924,-2.6934800127849443,-2.7722113466998723,-2.765923211650672,-2.7750569738739754,-2.713101427432896,-2.7643313508428933,-2.8111152504656802,-2.8342636845040774,-2.8095870889319996,-2.8536034566670128,-2.8536034528370897
-2.792593560531806,-2.6534272564373653,-2.7593639283239084,-2.7451296946732757,-2.733170972047402,-2.669106993628426,-2.7219148953152357,-2.7272953424360855,-2.816802996849286,-2.7939148276317765,-2.8124346056012,-2.812434602158652
-2.759337628859626,-2.6345916269556455,-2.744817485785495,-2.7295683676908244,-2.7140701954127415,-2.6161750501542085,-2.6935708471226363,-2.7088027735704663,-2.8078442352641475,-2.785399647328846,-2.78291960158264,-2.782919598105694
-2.773188442063357,-2.6759491603815198,-2.758757800247048,-2.74164039305046,-2.7891896325360817,-2.6339712147265333,-2.7745418478975172,-2.7559334583119903,-2.815733469165826,-2.7932601128199908,-2.807130846377879,-2.807130842741377
-2.765108585162282,-2.724081277522942,-2.760880547221918,-2.7445194358044978,-2.8446395511231746,-2.6601619761722017,-2.84016019801514,-2.8068767844814455,-2.7999714388654895,-2.781791966718017,-2.8119669915504764,-2.811966987379508
-2.814246655525021,-2.813852942265181,-2.7543939630242606,-2.737212309547446,-2.896200834046914,-2.689532259118838,-2.8897980298425687,-2.864369278431004,-2.803008409595106,-2.7861020317214713,-2.8322598347689927,-2.832259830230728
-2.7394999923043373,-2.810409657886466,-2.7243598834338223,-2.706494146126636,-2.8749632061818833,-2.673198430910472,-2.8592181112859807,-2.8562356274394385,-2.813570208707793,-2.798346657995681,-2.841557792100558,-2.841557787811194
-2.7370042295733175,-2.8294479409510864,-2.724404420277869,-2.7311102386194634,-2.904865438284287,-2.723215139101353,-2.8851416134298207,-2.9092557004338264,-2.8336955641516632,-2.8169235165251774,-2.871999550987082,-2.8719995466725203
-2.7596328117677915,-2.820288075646628,-2.7221178109507966,-2.7320716038623787,-2.88120591619232,-2.7144879177492163,-2.860706427493235,-2.903203247540352,-2.8465027568177104,-2.8304399714826602,-2.880480796040887,-2.880480792242
-2.796541977810003,-2.8350293076106903,-2.7375561368596912,-2.7465958925683567,-2.8888277147691643,-2.7341313832962904,-2.8657191589240254,-2.918245001035382,-2.865497154995594,-2.847994630686951,-2.9120231375969343,-2.9120231336970943
-2.8303654376628042,-2.819006715042778,-2.766055847457017,-2.775449269267026,-2.9012904456262025,-2.770095489409729,-2.8961267583153907,-2.936087670777684,-2.8753666808737206,-2.857507284606431,-2.9339762374684466,-2.9339762333762143
-2.849019215755929,-2.7752479410473256,-2.7611414214349863,-2.7794532237868212,-2.894610503902836,-2.773305941130489,-2.8922582477402354,-2.939346714294702,-2.8934679621260426,-2.874028913398529,-2.939737525529288,-2.9397375220200566
-2.881700481196175,-2.8108592177731606,-2.7410032385224925,-2.7515918528500474,-2.803993401697327,-2.762972992919096,-2.8275558805205288,-2.8754652747027185,-2.8745412997997133,-2.858819279526946,-2.939100318561508,-2.9391003143046106
-2.8099145962460845,-2.674045441835115,-2.681466633110115,-2.6929768868311457,-2.6332548942133016,-2.6747073152294316,-2.687202234682095,-2.6959731568482295,-2.815715300346036,-2.805254108242438,-2.8169883165877616,-2.8169883123805253
-2.771302164302412,-2.6057794898492546,-2.6528453201484092,-2.6553013198019992,-2.582375673977106,-2.633605918453534,-2.639447498502882,-2.6666766791274927,-2.784570050539973,-2.7793961133992893,-2.7957432499493406,-2.795743245315623
-2.6501648430696414,-2.5820006864665777,-2.596320058369405,-2.6029330626414566,-2.5671922377183916,-2.5617011608973903,-2.6033335995867573,-2.6343118233698855,-2.7849890878503136,-2.7772781233786694,-2.738320000443955,-2.7383199973994667
-2.58893404490635,-2.5733119137582783,-2.5795925118520335,-2.5807112349552526,-2.5815934856365303,-2.5186342157555446,-2.593869491718883,-2.630847465182553,-2.777111951247471,-2.7699782664312487,-2.738647895774024,-2.738647892387684
-2.5933377939787645,-2.48839797216037,-2.4505126432047764,-2.455180158055058,-2.5106856222432157,-2.3847377934835037,-2.4644049050179273,-2.5609735432466323,-2.768100437634111,-2.757429159556063,-2.6212082101427727,-2.621208209429416
-2.6613031231657196,-2.5635377308902587,-2.4239044507673224,-2.426955302879201,-2.5795273574312407,-2.349225875567441,-2.491924673350347,-2.5747800272690453,-2.782868628283043,-2.7710783152607683,-2.645953634586113,-2.6459536337086305
-2.5781050305246502,-2.5223702509634705,-2.4262094638923375,-2.425715832658856,-2.6156009739364867,-2.327305577723236,-2.5149066438401624,-2.588610743164076,-2.7988376486415385,-2.785632449722269,-2.666252622991325,-2.66625262211233
-2.5099393174106703,-2.5314757185444763,-2.3798260368238697,-2.37850717540601,-2.6615081874719215,-2.2916513690351223,-2.5082685349072253,-2.590371249300776,-2.8147609297991525,-2.800115054713385,-2.6410522295197776,-2.6410522298758803
-2.5166161396463105,-2.512438884157606,-2.3575310484640846,-2.3480728476662818,-2.7569085459563207,-2.295214054517782,-2.5472609102241623,-2.627294992150494,-2.8076655460845914,-2.796987148535038,-2.657480750296345,-2.6574807503283533
-2.468500244986263,-2.464300675670164,-2.371999899212181,-2.3588057291723135,-2.7547739595951057,-2.2751250816915656,-2.538152984686401,-2.5980243131507947,-2.7790431518094025,-2.769663815637707,-2.6391605180453683,-2.6391605175193256
-2.517243845168907,-2.5199155986410777,-2.398325623691089,-2.381425671908125,-2.799904374476426,-2.2644047229848194,-2.565597444607226,-2.6139463631899016,-2.7902761347197016,-2.7793459528660285,-2.6581074370981534,-2.6581074363078048
-2.58475626003037,-2.5986776423545193,-2.4493630486978946,-2.426671471279943,-2.8112684808584225,-2.244863938711735,-2.5743482936540483,-2.6132138451379046,-2.8004527498544776,-2.787439297667432,-2.6633212982093237,-2.663321297346179
-2.5961708869001088,-2.6142058086278563,-2.5021266906112896,-2.465627675470653,-2.823909544260525,-2.2528214228571466,-2.591802954927103,-2.6268226095793894,-2.8093916899331846,-2.796469759118965,-2.6904263296928055,-2.6904263284857857
-2.6413247889671454,-2.6684312314077934,-2.528105919848463,-2.493004403973165,-2.8291980378516937,-2.2601433027316604,-2.615303380629058,-2.64339383137023,-2.824516495323455,-2.809943692405848,-2.7123663730132317,-2.712366371732481
-2.6635934158597356,-2.6769093913400743,-2.5539672486757903,-2.5184651146303723,-2.796073866304879,-2.2871977071875627,-2.624582307577991,-2.648399883800283,-2.824058783397255,-2.8060454215534616,-2.7311894477885645,-2.7311894460994792
-2.6475308887553064,-2.6793226809367847,-2.5605182228186405,-2.538494995879196,-2.796059902811054,-2.3285070781996406,-2.663892225217759,-2.678201625478514,-2.7978425870259853,-2.7846084826148436,-2.7409496799420405,-2.7409496773793665
-2.6269280017886594,-2.642339721057865,-2.5610707114805837,-2.5434295885177978,-2.7853462029593783,-2.3423192688968872,-2.661930611853169,-2.6971379439450853,-2.8031810131556107,-2.7917786453694275,-2.749614205413866,-2.7496142030441413
-2.6286268365169327,-2.647763531963354,-2.538003110331834,-2.5297812375815987,-2.8256195763020187,-2.3699460378800725,-2.699792085358056,-2.744605020538857,-2.810758946843625,-2.8000858038577356,-2.774473201206148,-2.7744731983357465
-2.665684824860043,-2.6540755359377486,-2.542464068186292,-2.5422496063840865,-2.843507526817787,-2.40793816186134,-2.7465927282153735,-2.7726766154321654,-2.8255386596107686,-2.8135050211572814,-2.7936329342875337,-2.7936329312678416
-2.676435212595641,-2.649690990975829,-2.590869944088066,-2.5930729568503947,-2.8125560554841584,-2.420029018804839,-2.7258919437722042,-2.7234735953415603,-2.7973246739579856,-2.7858408155474277,-2.7618417083896984,-2.761841704925037
-2.7461454152876468,-2.7032667607244534,-2.595882848206057,-2.6024904316075577,-2.8138777188831137,-2.416374031955548,-2.7221028707771753,-2.7206052763888993,-2.7992744390348054,-2.7872595409796888,-2.763265066492099,-2.7632650628345683
-2.7185367728813343,-2.635429350012035,-2.5711910094803745,-2.5836148605093388,-2.8773721131519725,-2.4275040144283664,-2.7562273818466476,-2.7663409533234553,-2.813419546922974,-2.8008040547160222,-2.7888537351410334,-2.788853731194002
-2.767668957566452,-2.6810452046310917,-2.5718008570355915,-2.592000676833106,-2.927720196049109,-2.4644812583539877,-2.803367835555526,-2.8225603579934293,-2.8272088092782184,-2.813504198977596,-2.8158895724897897,-2.815889568333063
-2.7557784200433906,-2.6676839344370467,-2.5335339557703094,-2.555083857954009,-2.8876339606562436,-2.4681592398749563,-2.787491223374448,-2.835439054955389,-2.833324136075988,-2.8181802389635355,-2.800113112216606,-2.800113108422764
-2.8230108517013384,-2.754200364321605,-2.5440109944711646,-2.5532851526607043,-2.900570796070962,-2.468980305342302,-2.7866118762234144,-2.834574387712885,-2.8419896955146,-2.8258225838725766,-2.800142608458404,-2.8001426051657887
-2.850927832738929,-2.7677100972408244,-2.5662365297329526,-2.561706882518014,-2.8958666665235677,-2.4826464319106347,-2.785452131939259,-2.832029566417221,-2.8456959742590238,-2.8296648481890854,-2.8090987642482155,-2.8090987608548326
-2.829970562522157,-2.738789484951313,-2.592500199789794,-2.5947929106052636,-2.9095856837387113,-2.4990545182726684,-2.8083161081982215,-2.8767910257755567,-2.8402523856463286,-2.8251880645052405,-2.8162580726542656,-2.816258068873345
-2.7926722178608907,-2.7112466767653824,-2.6180445471210962,-2.621562260749244,-2.9313062973079496,-2.5209020478159214,-2.824953266569476,-2.9007255409905586,-2.8552573592590393,-2.8391209211192683,-2.8312325348927962,-2.831232531266573
-2.8346048083093303,-2.7958677316176894,-2.6496725989049867,-2.6465373276752717,-2.9608296572258768,-2.5607164552010113,-2.8466880614331735,-2.9270666298657524,-2.8708408628695015,-2.853805644363746,-2.8544874175282753,-2.854487413926038
-2.888769183829212,-2.8602767650226615,-2.6858363072710016,-2.6732624699994845,-2.9500998988866414,-2.5798528966731906,-2.839883618337325,-2.9274528639332162,-2.8848239911901685,-2.8673702891722823,-2.8752791213503457,-2.875279117386081
-2.8997388744529777,-2.887024720959243,-2.706002705548328,-2.6967471809084698,-2.9321818659316152,-2.585836500743966,-2.8281087572564347,-2.9317222570299255,-2.9001625991516775,-2.881891453960115,-2.889317159829926,-2.889317156205073
-2.784192864820418,-2.754013124162446,-2.693603684559596,-2.6726092584396097,-2.890377777633358,-2.577407107694339,-2.7765975134104925,-2.853415289995228,-2.851819104693945,-2.844660823967335,-2.869854518730421,-2.8698545137043103
-2.7365293878205685,-2.7223815438862937,-2.694350700964721,-2.681638655252704,-2.9220370834737124,-2.583567779922039,-2.7896108437262903,-2.887252620380786,-2.858851682620804,-2.851279339598562,-2.885253587018834,-2.88525358176934
-2.7183588099374187,-2.685628567208857,-2.6987873871545824,-2.686500631317489,-2.903374033009318,-2.608244417045439,-2.769942653119897,-2.8738658497704144,-2.851937784348942,-2.842680943054349,-2.8751524781420352,-2.875152472815762
-2.722509163554781,-2.729821496005883,-2.7020042339694985,-2.697804425082808,6.458126998924417,-2.62792772607303,-2.769663521102931,5.461703868583614,4.696234975583476,3.144534742715818,6.453031509984955,6.453030987038062
-2.6835288629541503,-2.6337419483878417,-2.551249727048093,-2.5723915032472093,-2.5199243233171233,-2.4200928846351633,-2.456301156572147,-2.726262057496832,-2.7775842987731933,-2.801980845612714,-2.660098515014844,-2.660098511060684
-2.647206079924268,-2.623301623393955,-2.505056550185909,-2.523345878958496,-2.6171500659759905,-2.412247903486752,-2.5039756074312765,-2.7324096912022746,-2.783294761997723,-2.807485779818076,-2.68170636489662,-2.6817063606752107
-2.6295739544725807,-2.591466960992336,-2.498620023656698,-2.515234183216671,-2.6713664686699548,-2.407475080034086,-2.543799098811526,-2.731694583701045,-2.7954084678265936,-2.8180511932238548,-2.6974405755122315,-2.6974405713176504
-2.6707367855042485,-2.6283661506047196,-2.498331183459193,-2.507905447386873,-2.7171938006503216,-2.4285382426020234,-2.5931824981653833,-2.733282384944978,-2.8068828121591647,-2.827832624744273,-2.715486417824897,-2.715486413444415
-2.694757814346978,-2.6785636463966367,-2.503586039512416,-2.4963084200603523,-2.6553913004750718,-2.4432695733350474,-2.5705997857406944,-2.699003324859835,-2.771736844993287,-2.7961575679505026,-2.7067690350547773,-2.706769029869598
-2.6541950184373415,-2.649363978684287,-2.513277192869335,-2.5062854679093616,-2.6950210353280672,-2.4659976345898578,-2.612514797923894,-2.710035931618464,-2.7851906334789667,-2.808061119671085,-2.7092887521062097,-2.709288747445917
-2.7054412984209213,-2.6742424918445074,-2.534726258966857,-2.52516619160269,-2.7353164621832415,-2.4882820806853556,-2.667479072196575,-2.7364571781557796,-2.797679977920959,-2.819046027094626,-2.7315862319838495,-2.7315862271715936
-2.7454561577716605,-2.702667262694961,-2.567779375949539,-2.550604887755193,-2.7732837698803965,-2.54170924393651,-2.731776070396733,-2.765121769816519,-2.8100717810682956,-2.8302920609044895,-2.75929327063891,-2.759293265527086
-2.790573379141177,-2.7835451758443304,-2.57088280675828,-2.5536248609449492,-2.80938830249975,-2.5915431799076254,-2.8001005503475556,-2.794055073484839,-2.822655588958647,-2.841509087444776,-2.775633241080091,-2.7756332359123412
-2.852065531114019,-2.8712234682517197,-2.591066209948977,-2.5725330696923754,-2.799968116046692,-2.6387982294816084,-2.835196068858333,-2.8064385548442745,-2.8157000291382577,-2.8350507948502477,-2.7810323891137827,-2.781032383541526
-2.8550615196976277,-2.8568046253889396,-2.61362753921044,-2.59459459723812,-2.8324863274529024,-2.693493388634377,-2.900140516313449,-2.8376381977585217,-2.8239653050975173,-2.8424638009161725,-2.8041026064494674,-2.8041026006167313
-2.9217456720111192,-2.9545115084701234,-2.6558978334277175,-2.6286943761274166,-2.8649780177541784,-2.7433949304874625,-2.930963744316853,-2.8647030044133057,-2.8364069386226807,-2.8539570016368807,-2.8306604604468024,-2.830660454304708
-2.92828178470441,-2.9505943007057067,-2.69298593348159,-2.6638780401291493,-2.880180637749979,-2.7866084423158397,-2.9486635899461646,-2.88198685353206,-2.839454970442215,-2.857218376269893,-2.8480417321885643,-2.8480417256221786
-2.8376737843179525,-2.887333766759326,-2.6656015998532183,-2.6568688172500585,-2.926319550741243,-2.8254864260526693,-2.984425001680015,-2.9514127598748896,-2.8399453123424103,-2.859429081277515,-2.8629042276483005,-2.862904220866719
-2.865986868277373,-2.8544783686470954,-2.6170566129269455,-2.595915639706054,-2.84709361624624,-2.760311027985273,-2.866910679314393,-2.9049653449868242,-2.8139790379792617,-2.832332689107895,-2.808151996310745,-2.808151990251309
-2.92494885571399,-2.9174492311053357,-2.6397088407139266,-2.6114942127296517,-2.9127058123588876,-2.7885156967771563,-2.9164898710690066,-2.9117311621785444,-2.8220951327390984,-2.837622099994819,-2.8304703824646325,-2.830470376074379
-2.7311043827568935,-2.7684171611758366,-2.660241236897344,-2.6355681398435373,-2.927397099522324,-2.7747473938574574,-2.902476039214422,-2.9040126143836584,-2.8347400544612547,-2.8504151613783137,-2.8293870753536585,-2.8293870696640067
-2.712236973612273,-2.6804112769527286,-2.63586560573715,-2.6139502577273057,-2.7730780861357123,-2.7233042227961546,-2.7739902200844395,-2.7957461672182204,-2.7827036679567785,-2.8061112649002697,-2.810025991335035,-2.8100259843084023
-2.6906374077442154,-2.6165650655317663,-2.6022115529503465,-2.582788178471117,-2.696034680692602,-2.6975320048112668,-2.7007555206495333,-2.736547301398152,-2.7549222667929585,-2.780638265721779,-2.7905926547271216,-2.790592647057302
-2.641858972034982,-2.546925384893455,-2.60859730508307,-2.587725279709251,-2.7276333278655667,-2.705627572675378,-2.735696595650319,-2.7525751168872,-2.756129731728228,-2.7824145103295854,-2.797113805836905,-2.797113797953082
-2.587296222287716,-2.5050209314405794,-2.60471620717592,-2.5861257504706363,-2.7463334615049004,-2.701928798141341,-2.765919873646898,-2.767298491149557,-2.767486612414648,-2.793054199533387,-2.808214691714623,-2.8082146837609843
-2.6735349544457403,-2.619254692344857,-2.643652655802854,-2.624706689094214,-2.7823772437254477,-2.7344893601545994,-2.82760882304762,-2.813935337221491,-2.7575191012091946,-2.7846172599326438,-2.8173018464143573,-2.817301837844164
-2.6924260112798972,-2.626675096525928,-2.612359242538571,-2.586874489040784,-2.8393606853546323,-2.7314396186217422,-2.8620282030265214,-2.8329017101741747,-2.7734291230173125,-2.798844197444245,-2.812082312547954,-2.8120823048341648
-2.7315489738348933,-2.6986587120789696,-2.6438860362248753,-2.6106384203345594,-2.9092613972733097,-2.761878133412953,-2.9150062754809056,-2.8628252758809793,-2.789252574667241,-2.8136661506248792,-2.8352409446900193,-2.835240936850074
-2.695916495748716,-2.6532606848524543,-2.6333548855031,-2.5919669690626193,-2.811920346144958,-2.7431016286215053,-2.823807623507393,-2.7974825633069518,-2.75865365853783,-2.7530716994518185,-2.8361826171980082,-2.8361826076278334
-2.6661672397011316,-2.607663287848773,-2.6206553292653982,-2.5888837808547374,-2.8274578603589173,-2.757933483927606,-2.828337485453843,-2.8204737553103274,-2.7758591655287614,-2.7710570905833527,-2.857156174217191,-2.8571561646594166
-2.6835652931509975,-2.607307774499178,-2.6345941943439395,-2.6076467427165633,-2.7967780899254424,-2.744925345347366,-2.796228646379075,-2.7949658320389843,-2.775882771504157,-2.7736080600657727,-2.8490490517780134,-2.84904904208652
-2.654729932628583,-2.5593559567985444,-2.616302708846189,-2.590117495493958,-2.731585511617162,-2.7035787999977225,-2.7495163166277345,-2.737682278030786,-2.7552598206182073,-2.7601266319123177,-2.8308461562725364,-2.830846145881055
-2.6323185717203197,-2.5534054304774423,-2.6183535239879783,-2.595536476579616,-2.78503414835463,-2.723344335970323,-2.7952533636002435,-2.7994920138942496,-2.760159976266316,-2.7673634051626137,-2.8479263734879434,-2.8479263627614686
-2.7260647618788427,-2.6160360265480036,-2.626865982221297,-2.6008559655489694,-2.800491041206438,-2.7429700098029732,-2.807674449266143,-2.827064126761478,-2.7653147833040173,-2.7660635288665607,-2.8691503247240666,-2.8691503134096
-2.727531279171407,-2.6113445568341254,-2.646363223088212,-2.6201757181491865,-2.7933368653855486,-2.7530592633068456,-2.804069786818327,-2.7881522298757657,-2.744405317124719,-2.7514600354006418,-2.8553248718014395,-2.8553248598381344
-2.718441612899782,-2.6072502826599084,-2.635421970785691,-2.612859034805638,-2.7690415462685833,-2.727574253329456,-2.7815951749695715,-2.7583535903865504,-2.7408433661082636,-2.750835736428747,-2.839799801600328,-2.839799789723046
-2.7292087152443125,-2.6385419698773256,-2.6367541583005556,-2.617897603523945,-2.792378044660652,-2.732724973768182,-2.7991679788101065,-2.815957335217516,-2.758368779067891,-2.7681933378242904,-2.864638419959746,-2.86463840801269
-2.71248304588352,-2.610394705859069,-2.6202407688575873,-2.605032003574075,-2.827172105224213,-2.741721544912899,-2.8259018637526,-2.849812019552796,-2.7757304850493116,-2.7849732817663866,-2.881743483059678,-2.881743471029454
-2.8696590443166983,-2.74728574301899,-2.653814302362765,-2.6403053609379223,-2.8552168688031934,-2.7625141660271924,-2.8478003331565764,-2.8756499590870974,-2.781699910814905,-2.791944573046846,-2.892437813531633,-2.8924378013424032
-2.7835551510468544,-2.6709529614692897,-2.6718552153483532,-2.6584176313493004,-2.77435280187678,-2.7544102453055768,-2.788063807687956,-2.7824552432978793,-2.7528748623728148,-2.7674169839654414,-2.8613986471816464,-2.8613986345319686
-2.8519449849012934,-2.688611730670088,-2.685117242343968,-2.6768369755971313,-2.730717925749807,-2.743104122454918,-2.761244921559018,-2.743692826951585,-2.7310066470146266,-2.74844639583074,-2.822801283083845,-2.82280127011568
-2.8872060975917435,-2.716709436488774,-2.718405085661422,-2.7069879178504577,-2.7934716535954633,-2.7855305050788735,-2.8159475851806324,-2.7898858788724397,-2.7493057862191916,-2.7659082597371802,-2.8510047279387116,-2.8510047148967956
-2.8896170858994195,-2.732688054538025,-2.663545222933834,-2.648262906596106,-2.7976948052619925,-2.7468867803225487,-2.7751005165833345,-2.798504036603111,-2.755008165489956,-2.769944439993701,-2.814491336603096,-2.814491324936176
-2.91217936311677,-2.7646492098642232,-2.659296041593663,-2.6384144261214995,-2.870959538129811,-2.7699742790448294,-2.8256457882391492,-2.821903213853071,-2.769957892741949,-2.7841178055528486,-2.835273077677596,-2.83527306619223
-2.8667592512141002,-2.7392230397606596,-2.7032935471521515,-2.6808180857529313,-2.8755293896652785,-2.7781376375856546,-2.834968667371326,-2.8352086874468103,-2.7530878349924452,-2.770484373437052,-2.8226620880605537,-2.822662076475593
-2.8406021472151757,-2.7702505003628444,-2.6960613839802803,-2.6741491714334393,-2.942333237962128,-2.7934391641404632,-2.8852899885357415,-2.8852674803744236,-2.769738254993874,-2.7864477528796563,-2.8317151389284083,-2.8317151278030646
-2.851831315498191,-2.7875588083177516,-2.678000625944965,-2.6469059094931904,-2.9486078944291165,-2.7834413975811483,-2.8778763869735986,-2.896832786504422,-2.777565506917754,-2.793538295440288,-2.8280307853307702,-2.828030774858933
-2.834641954563113,-2.776796977760639,-2.68782890396161,-2.647414964590619,-2.9513968400463693,-2.780953732608462,-2.8697980883607217,-2.9093610490734987,-2.7686588308148607,-2.7879772913235175,-2.832511622000713,-2.832511610993777
-2.833153764539894,-2.7827486648043553,-2.722641083025062,-2.676307382972734,-2.9945915871625965,-2.8060668511307263,-2.903445825924849,-2.951088228726369,-2.7844585432383795,-2.8028254103430896,-2.8590291365190383,-2.8590291255136817
-2.7961861960393657,-2.709180115580312,-2.6737921218769736,-2.6202853918729834,-2.732470802322647,-2.718615818142752,-2.716335803510688,-2.7335325855535557,-2.714071137752737,-2.7291487954048463,-2.7846571098809574,-2.784657098190437
-2.7529347499968893,-2.647818144754776,-2.658609944602622,-2.6033082969728056,-2.7771236966098027,-2.735150030216147,-2.7455558036992036,-2.773035632652981,-2.730512927829819,-2.745184841059689,-2.8089519936060743,-2.8089519818265507
-2.7826828590207047,-2.707016211377731,-2.667451594243766,-2.6123633021766204,-2.7721517549549968,-2.7280246917047815,-2.742598366260478,-2.7830083398310768,-2.7059081451252895,-2.726040874492412,-2.7980932855375356,-2.7980932729523706
-2.765303710982587,-2.7015409219248623,-2.680450180176307,-2.6284867930192237,-2.8239227201716117,-2.7467880617860683,-2.7793329575953782,-2.8602422954482023,-2.7146430479364585,-2.7353784488587753,-2.817237037275183,-2.8172370245228926
-2.8117339798386753,-2.7558092423016642,-2.6822259511049014,-2.629929363668663,-2.8334513689926992,-2.768670475730327,-2.7939384184574676,-2.8765084522890008,-2.721079890353106,-2.7421118527954644,-2.828002043402274,-2.8280020306766946
-2.8607855138835117,-2.7823598075426768,-2.697937843332691,-2.646865267496726,-2.8772804235627114,-2.8100461643131367,-2.8333743795418647,-2.9302926236366984,-2.7399793252672056,-2.7601261744222083,-2.856068867777967,-2.856068855144219
-2.8874453425242645,-2.8105337823118863,-2.7376525513215615,-2.693046118664262,-2.9145347276380593,-2.858026663098796,-2.8704149620210595,-3.00254480418643,-2.749770264904523,-2.770093766614933,-2.8755866627407096,-2.8755866499329015
-2.9940385631863977,-2.9200760927071934,-2.771118063299472,-2.7342885387194844,-2.951733516313232,-2.901366266282748,-2.904569722999949,-3.057108612677949,-2.76857296326474,-2.7880978691082885,-2.8981348164666088,-2.8981348038749593
-3.0370185356276895,-2.95510061635491,-2.7955650069465214,-2.7666708713440755,-2.9578069012341963,-2.926669239994381,-2.911166466859817,-3.072587965380309,-2.7844375726236152,-2.8039063832140245,-2.914100051790137,-2.9141000393068683
-2.9904540831955035,-2.921487996143558,-2.815434171680204,-2.797034340713844,-2.9970474335635164,-2.9685790090730775,-2.9488112113855105,-3.115470725653786,-2.8004850243587613,-2.81986778925725,-2.9355213129832154,-2.935521300389934
-2.976660291114746,-2.905277211126669,-2.768211461195623,-2.7553891378256914,-2.813786668800694,-2.8873850189567065,-2.8303957888768254,-3.01281757611249,-2.7677397996723636,-2.7908548200415555,-2.866143631948765,-2.866143619232659
-2.9656275663473264,-2.919480529768098,-2.7708017798784113,-2.767318496651193,-2.885554337147354,-2.9274261927716543,-2.9072282856029705,-3.082261750496209,-2.785157369702401,-2.807302412797916,-2.891761046352867,-2.8917610335080965
-2.9650203984345165,-2.8482365148291238,-2.77070018253251,-2.769710634810775,-2.898663015716015,-2.888843457902009,-2.871524256324559,-3.032449192990106,-2.80082751516238,-2.820920971605227,-2.859825783702663,-2.859825773190366
-2.9213459686174232,-2.792518522839482,-2.7763341770088306,-2.7728488728585208,-2.8809999343187305,-2.843945908636514,-2.8252466933802385,-2.953743729430181,-2.7950061487643185,-2.816256120118872,-2.8473103039778125,-2.8473102935183667
-2.8628608753405835,-2.777290050777115,-2.7827007226258984,-2.775288092079913,-2.9008237607156317,-2.82861157930426,-2.826634201019438,-2.9475749318593536,-2.7734563812376543,-2.799129388227809,-2.8396633768125037,-2.8396633656962753
-2.9032450762576074,-2.8329347305726778,-2.7948451360616886,-2.7835606015345045,-2.9396025515904083,-2.8354224766212326,-2.854481749860302,-2.971147102644367,-2.791048593434364,-2.815575621694287,-2.8633231812398585,-2.8633231701201534
-2.9190723485686974,-2.858318737723102,-2.809791098122811,-2.799521173232874,-2.9574003236809228,-2.849827434836696,-2.873109044865176,-2.989536248486383,-2.809011073489876,-2.8324349832371505,-2.8891552429220213,-2.8891552318608476
-2.9487261349009795,-2.8808471889356224,-2.84190207764036,-2.8362222172937654,-2.952824004963124,-2.868063690357173,-2.8748236096695408,-2.9696483393812296,-2.8061485127723675,-2.8305449575490313,-2.8930354440967174,-2.893035432867415
-2.9725679164764136,-2.914506552434826,-2.843119505888179,-2.8507455591415005,-2.9927680134793184,-2.9068377697887926,-2.9199623171173714,-3.010196000408155,-2.824017089158874,-2.8473032151308266,-2.917806120752041,-2.917806109489481
-3.03511579798949,-2.993753922143818,-2.8448665103775452,-2.8641988499631714,-3.0231384893362705,-2.94152091406885,-2.94908575294321,-3.0416505985358775,-2.8404415579074684,-2.8627722751122158,-2.9373704523756716,-2.937370441352818
-3.069098799160369,-2.997799147921417,-2.8741560680305236,-2.9025340961576496,-3.0519401958019783,-2.9835913354023234,-2.9732011396187543,-3.080959968661993,-2.8548213825618314,-2.8761288367664477,-2.9571112379368976,-2.9571112271257105
-3.105146572955409,-3.059904005390281,-2.8975006332767705,-2.9333500584827847,-3.056367064452504,-3.0065051912255676,-2.9790510979548674,-3.0932961356921176,-2.871870296497111,-2.8923007281181414,-2.978265904768706,-2.9782658938558075
-3.082319184812702,-3.0517591570544305,-2.9156779221010725,-2.9619681903640243,-3.0431400645024493,-3.028369913199386,-2.989897311828404,-3.067212982585304,-2.877860290017078,-2.892671579915518,-2.989741448630948,-2.989741437628289
-2.982445256003224,-2.92902059531908,-2.873164013058054,-2.9252564539883483,-2.9587207660457153,-2.966175004454707,-2.9122257897954693,-2.9673716015766747,-2.882169932966461,-2.896287777476448,-2.9518332470724093,-2.9518332371166203
-2.920624378602407,-2.8734200585413032,-2.847877445055458,-2.9004455372370432,-2.92592144015094,-2.9446079850746365,-2.8857261892658537,-2.9365651990024535,-2.8807996240379916,-2.885728240047273,-2.9573491034457726,-2.9573490932385846
-2.914854474288561,-2.8806140436465397,-2.846753398217106,-2.90328600608069,-2.955521579490301,-2.963439527380459,-2.913898641309167,-2.9633632673106174,-2.89666605185434,-2.9012645964953436,-2.973577108737534,-2.9735770987548014
-2.9784373429813096,-2.9364812367846476,-2.874706194181994,-2.932499188551734,-2.968324738670267,-2.9695667637223133,-2.916438402909285,-2.958479004287149,-2.903260561402787,-2.908004607559632,-2.976634095713196,-2.976634085802157
-2.9905295819843944,-2.95022851472777,-2.877099637945928,-2.9382517134740973,-2.995807469433942,-2.988582257894327,-2.9429501793498893,-2.9787019992808235,-2.9162952770049753,-2.9208339429856394,-2.999612439384501,-2.9996124294326765
-3.0477206723703176,-3.002887908238053,-2.903858470509605,-2.9631913566655967,-3.035879089176508,-3.012275305764644,-2.9714148054179343,-3.0020039849149804,-2.9301123823378346,-2.9346789537628903,-3.021445299860985,-3.021445289887849
-3.023518612035531,-2.9844085358854784,-2.9079077453379893,-2.9686892573106274,-2.9975418055629577,-2.999886244924847,-2.945568145014235,-2.969840025305819,-2.925540013097816,-2.9324277913047,-3.013313473954866,-3.0133134638079566
-3.0016038109260985,-2.9495565330971605,-2.911263591773503,-2.9730701840579097,-2.990678631703347,-3.0013315134904572,-2.9278719013356103,-2.964777175489506,-2.910800571051819,-2.921149939909679,-3.0040035291450287,-3.0040035187463583
-2.9382419425477715,-2.8600589267482857,-2.8581076205690463,-2.916715063915377,-3.0080577968244366,-2.9665218385352947,-2.902834379170132,-2.9810079357634414,-2.923022722998617,-2.9324232672063513,-2.982909872691236,-2.9829098636490463
-2.941079614797503,-2.8832427435155266,-2.854534083658613,-2.9095567585320006,-3.064785696684235,-2.9813040882922697,-2.931166773511057,-3.014907137200562,-2.9339576852809173,-2.9434081747276024,-3.005461951051441,-3.0054619418733064
-2.9360712487241716,-2.9037183641918913,-2.8904930223562904,-2.933653195395345,-3.016213819392967,-2.967548529217388,-2.9030894704943595,-2.9395903037182536,-2.9097746249088368,-2.927031017154931,-2.997181827173474,-2.9971818169787348
-2.975616948071807,-2.9389627002099763,-2.911912653462055,-2.9475261677888676,-3.057624620803907,-2.99539913136745,-2.9400961059837014,-2.979314394513476,-2.925672355592156,-2.942017622012352,-3.022798524851533,-3.0227985146358938
4.410852909100657,1.5407090654930657,-1.3241002603044527,0.592118867605878,4.086245816832751,5.322905946502617,-1.0365786982313363,1.6662253864083394,0.281884444929148,1.767919128493432,9.052145300364579,9.05214427772999
-2.8359583969554256,-2.730050851450173,-2.77273665237247,-2.7504805740935785,-2.667266000660798,-2.7291024390359073,-2.619010519890383,-2.6861653549405755,-2.784964278409133,-2.801175449147988,-2.7947958892532694,-2.794795887740097
-2.657545903828759,-2.5482483036114303,-2.7042797120144177,-2.6639733133477144,-2.6201265792662842,-2.6387431269720727,-2.523875849537683,-2.5960668790902828,-2.724133225424121,-2.7423900752490527,-2.713501883384142,-2.7135018821520287
-2.6075721480497314,-2.508303382832426,-2.728967442035515,-2.6811673835509184,-2.7063096011745587,-2.6101545669375876,-2.5601800346611983,-2.6137949587014524,-2.7293895152511225,-2.748185111941562,-2.6863256894283,-2.6863256890929796
-2.4836412135689523,-2.378474291303372,-2.7085081034117326,-2.666613080284927,-2.5629770621889962,-2.532683061764093,-2.452970155768213,-2.512198154470446,-2.6484811655544926,-2.6740829199857643,-2.621098533594471,-2.621098532583355
-2.5268244069672683,-2.459442520923874,-2.7285310491073527,-2.6780366739758232,-2.6512186873726113,-2.5497179375060166,-2.5167125404229296,-2.546012535572421,-2.633498114847227,-2.6613553358714936,-2.62072387185582,-2.6207238703627596
-2.4708136292841116,-2.408188751854097,-2.62993618677305,-2.587243052884469,-2.54753632756194,-2.4883678108743945,-2.4287624995865427,-2.466048292932299,-2.5754060935706873,-2.6048380617615168,-2.5594784662763628,-2.559478464782292
-2.49504098619099,-2.457439749009099,-2.640375478270404,-2.5907491968825624,-2.6246658139385373,-2.5036940383090607,-2.4869317878599526,-2.4989468005186373,-2.572284474587793,-2.6032723157911155,-2.567009575249452,-2.567009573547325
-2.4854897186959386,-2.3932898317881754,-2.690668052632966,-2.6340309820676513,-2.672321243088368,-2.51797298759491,-2.54312137968608,-2.5491725452281515,-2.551752868644368,-2.583255346140402,-2.5535577132174216,-2.5535577113133527
-2.511387872859185,-2.4180245219948415,-2.6568539600549013,-2.595906669890552,-2.7066452975848136,-2.5159366893351764,-2.5611980870232154,-2.5647744976878664,-2.5587483831601356,-2.590490563084156,-2.5533521339737475,-2.5533521321300134
-2.4478507888330028,-2.372581632486712,-2.6315086498118774,-2.5636570799413514,-2.7678516053620417,-2.540107771158914,-2.590200477916288,-2.5820734152879576,-2.5707813592169777,-2.601081420828411,-2.5661288981622445,-2.5661288964909295
-2.5330309014547945,-2.462886468631517,-2.6590380872906705,-2.5854005740619934,-2.8320474706570957,-2.5863271088909867,-2.650202914922433,-2.620067330531349,-2.5909949721170458,-2.620766879360249,-2.593106000354829,-2.5931059986877716
-2.57998129885086,-2.461133068054821,-2.7548555189544923,-2.6666809979031565,-2.7674826399589376,-2.581711739941613,-2.6241334407704295,-2.5698589815610964,-2.5468468938558013,-2.5786450704550736,-2.5446799973514316,-2.5446799954201476
-2.6309600092462175,-2.5194451044902064,-2.781788194196116,-2.687877261417389,-2.8329342780603803,-2.6059819912223885,-2.676129247101607,-2.6103891547093485,-2.565253156357592,-2.5966351741174982,-2.5717460812193416,-2.571746079293186
-2.6879033942893447,-2.582821843678434,-2.795231789916377,-2.705123476136044,-2.9036554076788836,-2.640345268822164,-2.736285035710134,-2.664311402891033,-2.5856282346572206,-2.616297186787099,-2.5988450402983427,-2.598845038235658
-2.771097000544556,-2.671911397588153,-2.8083761268010994,-2.7217582932702147,-2.978130932015739,-2.6833498904666264,-2.782638000605325,-2.7172453349120196,-2.605107117487416,-2.6353289364766948,-2.625106620992268,-2.6251066189748418
-2.7781949120052483,-2.7200999105069217,-2.7971539971701436,-2.724638645611237,-3.0076042865896553,-2.717775374836524,-2.8203402600554517,-2.7856160425884697,-2.6262406817796906,-2.65561615498898,-2.643028996106247,-2.643028994169402
-2.78215337396581,-2.727988553978011,-2.8196778661203306,-2.7476294031576733,-3.061869725479472,-2.752129144048534,-2.8496017752555245,-2.835698414548119,-2.643447688862561,-2.6727763706447654,-2.6380614955465282,-2.638061494461562
-2.9231776900225634,-2.8527378460904247,-2.806922329884798,-2.731937648190816,-3.0361382726685178,-2.766399152202522,-2.8409619775214265,-2.8416008740889405,-2.6529178851721746,-2.681130207558701,-2.6494073338991027,-2.6494073329544077
-2.8556723904880235,-2.8310733832122086,-2.81797688525135,-2.744233338150388,-3.0374065740094625,-2.799465342194168,-2.8569394753232897,-2.8576499963710593,-2.6678417767860747,-2.695581732714434,-2.6727087938969003,-2.6727087929154063
-2.878158279747243,-2.858787860893231,-2.854150234532539,-2.7856251550608304,-3.0652834231688515,-2.8471491882745608,-2.8977132094775535,-2.902080007038171,-2.6881278045062684,-2.7151272661026926,-2.7028217943382673,-2.702821793318402
-2.886039284363787,-2.870637229133157,-2.8783235508619964,-2.8164492478154086,-3.0171028463622442,-2.8374065025540247,-2.864248851777453,-2.904448028388077,-2.6904127214467617,-2.7169109748528255,-2.690189961287666,-2.690189960759116
-2.888276785770108,-2.8892050531773137,-2.887903051470192,-2.8274993807435926,-3.033987163393016,-2.849033314818611,-2.8740749976102693,-2.933092555437415,-2.703211775476776,-2.730004756766166,-2.7124201941672603,-2.7124201934987546
-2.8961942037543964,-2.876748312116714,-2.902296192868687,-2.839663277971236,-3.057051949041558,-2.8697467758924495,-2.8876778780454755,-2.960847047169699,-2.7222923542085296,-2.748460261217784,-2.737170178725189,-2.7371701780715494
-2.869190803404698,-2.8193956249354923,-2.8939021786502472,-2.836319257637399,-3.0538350171530175,-2.875111507690364,-2.884331557721853,-3.0116135255379746,-2.7355029694346698,-2.762352198195944,-2.7569133722810535,-2.7569133712335363
-3.0057403106855998,-2.9710427005726423,-2.9344406187073133,-2.874920823065727,-3.0614592956692865,-2.892484999240367,-2.8776341467618005,-3.05269725133795,-2.7488196638279474,-2.774435284683327,-2.77328696856454,-2.773286967616751
-3.0370525418538143,-2.9724056961028245,-2.954201381542507,-2.903005487004781,-3.0645460333559598,-2.8983919724071003,-2.872833315608588,-3.0772957059888237,-2.764251617307563,-2.789352294072768,-2.7847821996348885,-2.784782199003427
-3.0458687575551022,-2.988627190695097,-2.9595650313776556,-2.9120646576833744,-3.082189978841152,-2.9179486179101786,-2.8763331196585504,-3.107629980913647,-2.7824910494940602,-2.8070188861755225,-2.812548537563981,-2.81254853687053
-3.0714598125591164,-2.987295288892238,-2.9878359178829985,-2.9473438061574555,-3.0882955279720132,-2.9468763551566504,-2.9027405481642785,-3.1310824270716293,-2.800519450726344,-2.8246476838810635,-2.834361316633378,-2.8343613160804377
-3.067228775616091,-3.013451524194771,-2.9852296632075053,-2.950322480421483,-3.000486344158971,-2.9490229952745692,-2.8810348034301194,-3.0560960899191745,-2.7950933079957947,-2.820440203065849,-2.838004693658765,-2.83800469269472
-3.1481135841780303,-3.0903702030434816,-3.0265630903734917,-2.992750446793438,-3.032189400299633,-2.9969772141290294,-2.924950821963483,-3.1042863247832475,-2.812116012549729,-2.836724506152855,-2.864355138811439,-2.8643551377517444
-3.148019665203776,-3.0922292425867752,-3.045664210725489,-3.013214836266159,-3.044003765791589,-3.03197242599321,-2.9578724480487484,-3.1271946093132463,-2.828271856009812,-2.8523571428800967,-2.8810911795220733,-2.8810911786514817
-3.1448866795334203,-3.0994175337855348,-2.974601055760532,-2.945585333127231,-2.819340345395977,-2.9456006151532406,-2.8008704642902336,-2.8612784120801864,-2.7676348352219975,-2.798168455804544,-2.821581246291527,-2.8215812439479424
-2.9993916735918926,-2.984959916201765,-2.939438575868035,-2.923503819797329,-2.8601859387835655,-2.9618450259677798,-2.830422374881124,-2.8963034619817227,-2.784947832665208,-2.815277667214919,-2.832892510405622,-2.8328925085486487
-2.869997142892954,-2.84804562114982,-2.9318029581438267,-2.9180638359122133,-2.850250949181323,-2.943990934213463,-2.8393113374606562,-2.9126208679792223,-2.7552517772694265,-2.7896792945868105,-2.805463576007516,-2.8054635731679403
-2.8187801198284843,-2.755861624732309,-2.892208550428486,-2.87451049154872,-2.9083822143414895,-2.9537611010030416,-2.888989657414819,-2.973519817184017,-2.7757516923426024,-2.8092437788036806,-2.810875689999138,-2.810875687875429
-2.7400948616319676,-2.6841549430165945,-2.87091374493855,-2.8494893242852006,-2.928481273063048,-2.929108556124401,-2.8758203103008517,-2.9461346057934783,-2.7771152869361804,-2.8102850147551797,-2.7905675006197828,-2.7905674992425693
-2.7137363793447973,-2.603497934142709,-2.8022825902779456,-2.784130704656946,-2.7038574004370934,-2.7983243317086894,-2.685651336673055,-2.63741522970721,-2.6906286131780375,-2.7280289138811202,-2.708736438532664,-2.7087364361892483
-2.6277019091927007,-2.5310571623114075,-2.7630778657500707,-2.746993390538922,-2.740168048035561,-2.803508763385469,-2.6869328125490863,-2.6525512861719784,-2.6889900960714077,-2.7267384502132277,-2.7130831539482374,-2.7130831514799434
-2.65128339567734,-2.5526279966341203,-2.7338423488555916,-2.709137798116788,-2.7857863537762415,-2.8257587719587556,-2.712541562611185,-2.694213150863565,-2.7045288498009845,-2.7413353644073757,-2.735363043426341,-2.735363040974608
-2.6395004058914013,-2.5299951736602013,-2.7921606381798325,-2.759409736892082,-2.7891222330413226,-2.8431332242596605,-2.750693022514551,-2.735913828566827,-2.6647894007782735,-2.703732654997041,-2.703493539936299,-2.7034935367754307
-2.665127303555455,-2.622912540093859,-2.828968776616262,-2.7894539326706242,-2.830741128058027,-2.8662130597918574,-2.813257816667063,-2.774332696583092,-2.664107598119313,-2.7037810835572396,-2.707179859643469,-2.7071798563385
-2.7162894245105047,-2.6603734217705917,-2.8409736015081744,-2.796634178545797,-2.90241308195047,-2.9060861847537307,-2.8899070855959916,-2.8332248729958143,-2.68737716265961,-2.7260196899140237,-2.7385045914813935,-2.7385045882241523
-2.741089661301112,-2.692477246855172,-2.81862582798977,-2.773150548263785,-2.873933695328289,-2.904866081401391,-2.891519602246423,-2.8321844386151707,-2.6928725247216123,-2.7313534906109656,-2.7420429177726575,-2.7420429145438057
-2.7443282697760782,-2.6760523514428884,-2.809807934735681,-2.7636099889077803,-2.8663228195091954,-2.9213444509456576,-2.9189559344754032,-2.8416972547224217,-2.700349891172033,-2.731870918785428,-2.7572037527108013,-2.757203749285251
-2.7442731556751125,-2.667338856574662,-2.815981839226692,-2.7762767607069145,-2.8839550125661,-2.9369118745448253,-2.961028207641373,-2.8821913633510254,-2.7188753853163505,-2.74960204040792,-2.773860446294175,-2.773860443212071
-2.8151169182342435,-2.7501967561423672,-2.860344976403807,-2.817915607030116,-2.9151807938832768,-2.9595975941607247,-3.0056989846512474,-2.9276227463300772,-2.7289383527554367,-2.7598156796041957,-2.7916060980914437,-2.791606094916997
-2.9143792870477307,-2.809190851861749,-2.8953913018036967,-2.854069653103064,-2.9606853073328456,-2.988612460421674,-3.0431837932134504,-2.9838172443056985,-2.7502081653942807,-2.7800797044519685,-2.8168396698997404,-2.8168396668476636
-3.0201987531929833,-2.9512161989105126,-2.9537989745630187,-2.915834353217499,-2.993333741793606,-3.0226525665363173,-3.070586317851092,-3.03993100732301,-2.751171359892483,-2.7820326351678037,-2.8235406358534925,-2.8235406325117225
-3.073703416563534,-2.9701176199681187,-3.005662445733701,-2.9738477529630813,-3.056245474879593,-3.0496178095052833,-3.104024931065414,-3.1138555464220965,-2.7660813090073693,-2.7960912432920515,-2.8344928564479672,-2.8344928534352176
-3.1131865895037913,-3.0298908497807666,-3.023910921263889,-2.9997660361009406,-3.092815794916015,-3.0612388801200794,-3.1048531378313875,-3.1327553400735293,-2.7832539797226654,-2.8131332204033326,-2.856171941345688,-2.8561719383002853
-3.113064909421923,-3.029253526211013,-3.050483243544096,-3.0336706914148373,-3.1308670409714052,-3.0818182266876093,-3.1117803705280007,-3.1567902228238003,-2.8013612655358413,-2.8306292342443964,-2.8820017480106626,-2.8820017449944264
-3.184612591760612,-3.1022562737795054,-3.0880065686973883,-3.076008029684843,-3.142724495526039,-3.105160391365407,-3.1211480322379903,-3.170262375681008,-2.819931356251967,-2.848811144397926,-2.9019258200368654,-2.901925817027284
-3.1530038436814642,-3.092489366710115,-3.144705424415342,-3.1371401518531865,-3.1697312616665645,-3.1258129207783525,-3.118070516182524,-3.1754025564229544,-2.8381605974223585,-2.8662826982522374,-2.9212015477933675,-2.92120154483558
-3.227849608467062,-3.141886656215669,-3.15925928865778,-3.1605619724806324,-3.1483503475289436,-3.094291738470272,-3.082784246017358,-3.130261970471327,-2.8513856570087404,-2.8788111367588893,-2.9024561409234884,-2.9024561394548325
-3.201113962033817,-3.154509642792399,-3.159996507668202,-3.1750051650773683,-3.1995973915180365,-3.1067500535224326,-3.104208611480628,-3.1760736390623356,-2.865689893448744,-2.893453504832835,-2.923091314848723,-2.923091313245923
-3.112756021079886,-3.046664249378383,-3.1270527106152537,-3.139073058919971,-2.9648091344679846,-3.000650450419856,-2.9847078071492827,-2.968368430388754,-2.8124388728860366,-2.843696967574064,-2.8561696301689663,-2.8561696279585735
-3.0764660958629495,-3.035347444595363,-3.0910233124097637,-3.100222797844749,-2.9666303491036983,-2.997386247818559,-3.005754825780474,-2.9404071004387475,-2.807235786522491,-2.8394087707861377,-2.8589533089171266,-2.858953306480135
-3.014497968869586,-3.010198756188222,-3.092517949223918,-3.0909436187181454,-3.0606927596721416,-3.0344326211120793,-3.0976671175843897,-2.999415709271947,-2.8227981849697206,-2.8551132058588156,-2.873711101883733,-2.873711099702657
-3.0133453553745237,-3.0153272463830083,-3.1289094398668906,-3.12266178364854,-3.073579507738431,-3.049875156075436,-3.113696277389529,-3.076393883449554,-2.7979869710903245,-2.831746361566389,-2.8545233406494743,-2.854523338116517
-3.0623018564768785,-3.0869844652388156,-3.1347217525878515,-3.123277301967109,-3.1469950931816997,-3.088651678648344,-3.1632386160659425,-3.122412554752068,-2.8196434801595687,-2.8525538645328763,-2.88561436879164,-2.8856143662800147
-3.1313321589045886,-3.183006305868741,-3.1527323359453385,-3.1382450775047896,-3.1988560323126425,-3.124744634746254,-3.2059385859805936,-3.16450264987868,-2.8409881331253466,-2.8731024110167134,-2.915981316995061,-2.915981314503021
-3.171998403504928,-3.1652600269829145,-3.189243081238421,-3.176667615620878,-3.195743777084818,-3.132151132791833,-3.174159599437171,-3.151469528031855,-2.8456335935954127,-2.876755921700494,-2.9125931109594947,-2.9125931088214307
-3.1922911447493187,-3.1970543043416297,-3.1699496332825365,-3.157431432120182,-3.1708799198308375,-3.1178150865657526,-3.16081685229916,-3.1544667379157567,-2.8532846675877592,-2.8834214014519244,-2.9145340581898473,-2.91453405622245
-3.1920162905337355,-3.219217575089809,-3.179593674560195,-3.1734814733855923,-3.2228383149074857,-3.1342663966090716,-3.197096109518424,-3.18341014770842,-2.8731611944576887,-2.902574861746944,-2.9374856453842377,-2.9374856436171823
-3.1163411373295395,-3.1291951074500846,-3.177214989014667,-3.1876908039534246,-3.2223044381170096,-3.119160256452353,-3.1966466088050707,-3.204700119625288,-2.8903446880050723,-2.9193468684600656,-2.9351709433113924,-2.93517094213678
-3.140934380753423,-3.1441731316847603,-3.2096724069056037,-3.218737883283821,-3.169600215369354,-3.0984533234973433,-3.1580993924794947,-3.218482848608219,-2.860405211486746,-2.8920929374740183,-2.910783252042963,-2.9107832503063027
-3.1597767871563347,-3.1868374781788305,-3.195306828573746,-3.203582857757504,-3.182792228283522,-3.10311749253454,-3.17992143253292,-3.2273160323803958,-2.871016277084479,-2.902146244333759,-2.928019520857775,-2.9280195190843736
-3.109439163105414,-3.1385958245040593,-3.170904740757371,-3.179532621381684,-3.222582822171132,-3.10439185943542,-3.1783270343668573,-3.2729535733246604,-2.890597440930659,-2.9211736685564587,-2.9246547627960116,-2.924654762124561
-3.1124327477092226,-3.1419701816190675,-3.173416238451323,-3.18055319294957,-3.2416147762778658,-3.117658611205326,-3.174219379996551,-3.2732136503080698,-2.9015815199070434,-2.9318598052659466,-2.9416088731649648,-2.9416088723587763
-3.107955120538323,-3.1315646784871243,-3.1644034899210327,-3.172893914767033,-3.1593075132522985,-3.1040043330307623,-3.1515247409067326,-3.2046494703501187,-2.899025472566479,-2.9292664672130586,-2.9514733340006365,-2.951473332519888
-3.115933340495081,-3.1548769669082803,-3.2052423569233195,-3.2001129674363336,-3.2052236738505813,-3.1306944677826327,-3.1766105083529457,-3.218796673014897,-2.9170894044389177,-2.9465159937597987,-2.9693550884292383,-2.9693550871055763
-3.129565500224156,-3.130496972382022,-3.2048270737707947,-3.2072721020643042,-3.2094334816746386,-3.1147585317248674,-3.1726135759936276,-3.199192109461324,-2.9363980790213233,-2.9648335971633646,-2.958236925014561,-2.958236925169574
-3.1005420846291862,-3.0900245620032454,-3.193885563293268,-3.1833267389712834,-3.1469570483693214,-3.085743934138946,-3.1348074372087282,-3.146926889305823,-2.9353610971739164,-2.964513049097666,-2.9657703639217945,-2.9657703638376836
-3.116039474943004,-3.0978995611177798,-3.1999222908514495,-3.1793032786815347,-3.159771905430583,-3.098431867352822,-3.153409404084811,-3.1610574957953186,-2.9529640096121317,-2.9815088611083747,-2.9936124998745854,-2.9936124996990374
-3.1163116094603716,-3.0952092335863153,-3.217805686910517,-3.1991602475062013,-3.174846739305398,-3.101437710871239,-3.174766308070745,-3.187299416727796,-2.9686003956273215,-2.996693998993131,-3.0003743088364367,-3.0003743090720034
-3.1107585716204182,-3.0998645967041316,-3.2365530541165635,-3.2036311558223147,-3.1843524243108385,-3.1053903688384583,-3.1714580980944787,-3.1985887369233037,-2.9864666132542195,-3.014032599752009,-3.0079816115501408,-3.007981612406679
-3.004099452445552,-2.9579823924955804,-3.215977031256176,-3.175312830359289,-3.060403504822013,-3.05136008437214,-3.077325327166008,-3.064825631859612,-2.927293379288966,-2.9592296308332386,-2.9260628562828184,-2.926062856866423
-2.985034774837566,-2.969707897208509,-3.171261558805758,-3.1255957053611736,-3.142718894338708,-3.0669332354944925,-3.126062793404387,-3.1211847103118,-2.944838893936486,-2.9764505396699974,-2.944774647185979,-2.944774647880737
-2.9869750682060476,-2.9545272720537383,-3.142335046325531,-3.1010253953897617,-3.192372966610869,-3.083914472427187,-3.159932187592796,-3.1513400806856886,-2.9615681656625297,-2.992568276185926,-2.9662184660947593,-2.9662184668291043
-2.9611668639088142,-2.9417108470555497,-3.13662390687582,-3.0925688809206244,-3.1244601351792505,-3.0631812517295347,-3.1052205302928417,-3.080480176272048,-2.932556572683695,-2.9656180254020748,-2.9373407009206627,-2.937340701073367
-2.92480063675892,-2.879459193633765,-3.1033397954208795,-3.063965390497997,-3.1264093279897702,-3.043210516916189,-3.0735510232560044,-3.0364792195878603,-2.9356737145761667,-2.967628349079261,-2.9253258726118476,-2.9253258731751925
-2.995477773819704,-2.930681444917557,-3.0933954217916275,-3.048926106858156,-3.148079646203749,-3.035785156538608,-3.0668824566443575,-3.051253396600479,-2.9441301456050173,-2.976416917515329,-2.9402246017414924,-2.9402246020661993
-2.963479779323854,-2.9169949614056008,-3.0910475379050792,-3.0479267859014136,-3.141960434081353,-3.0358426315872284,-3.0739559993337275,-3.0473540799930383,-2.9515891964667795,-2.983480501147623,-2.9557333583865435,-2.9557333585093835
-3.000778035060534,-2.9359203156517006,-3.0949330995965,-3.055342306514949,-3.186257973049294,-3.056776795029421,-3.096613082662175,-3.087889335664537,-2.9655130360800728,-2.997074532374387,-2.972486613865826,-2.9724866141915065
-3.0275671660429575,-2.952004155410913,-3.0556218657137566,-3.0069983369413285,-3.1047025186726804,-3.001716018376931,-3.0459666503491527,-3.083919696728167,-2.967456119091575,-2.997069762203479,-2.9420855132230064,-2.9420855146869114
-2.9511100831358092,-2.8998656563833087,-3.0109363763684565,-2.9630000946740833,-3.072604727020595,-2.9698426887385665,-3.033403204998985,-3.0920844047556204,-2.9743481276240593,-3.00297152211637,-2.9270564933406282,-2.927056495447158
-2.949076422321552,-2.9094444823211534,-3.005270871551611,-2.9831658400780565,-3.1084904426915214,-2.9914211657028145,-3.0574684668851275,-3.134215121465047,-3.0122750945539667,-3.0528311170223934,-2.986208279851916,-2.9862082747140093
-2.947730460805488,-2.9048857206461767,-3.002761858373347,-2.9849541324716915,-3.10253889160696,-2.998496276666179,-3.076241900050849,-3.1473328988486236,-3.0213367822282624,-3.0617335874636753,-3.0058818235100575,-3.005881818085436
-2.9645758899213677,-2.963860812287586,-3.0145471425721517,-2.986942348530312,-3.1208823751108707,-3.011154586781955,-3.092357899863734,-3.185757202955781,-3.0266300071604255,-3.0683217065680664,-3.024174843749399,-3.0241748379995195
-2.976007184303152,-2.9689685989445973,-3.024588642962678,-2.9937254464256413,-3.1086286474396605,-3.0277491463458475,-3.1076755682683355,-3.2048061004124895,-3.033844608583591,-3.0750608537493775,-3.0393433446062077,-3.0393433386256783
-2.9473727857786107,-2.940965792422464,-3.016714778581155,-2.9902173562671583,-3.0434764999635897,-3.0004506547303196,-3.045163909634524,-3.1247803021481673,-3.017708491517096,-3.05872271968978,-3.0054056511113623,-3.0054056453049096
-2.9933244896214317,-2.9456192346603,-3.0243637110392587,-2.9965506286661814,-3.0823573050869624,-3.0192524459899484,-3.0747597060383973,-3.152569406623564,-3.031826389301538,-3.0727130099359927,-3.0272927312369533,-3.0272927254069995
-3.0053058849525804,-3.0019094757369995,-3.040566787637877,-3.016928888539579,-3.107859565660179,-3.047014298912608,-3.09307832677497,-3.182906171576229,-3.0336652573845946,-3.0748231124579517,-3.0426777177152755,-3.0426777115975256
-3.0922415995624943,-3.028265612257517,-3.0530935361184626,-3.035511145778654,-3.105915420212992,-3.0588914320264777,-3.0815883965471214,-3.2037857438198243,-3.027134732478813,-3.0692383459055965,-3.0474244071861762,-3.0474244005984152
-3.115832888786617,-3.061038305432542,-3.0455127287096277,-3.029188567975467,-3.0747694616820693,-3.0610135580067515,-3.0722676042481014,-3.188965095651196,-3.0237740400205575,-3.0658958325447885,-3.050670371376226,-3.050670364515464
-3.0218432987775437,-2.936097885608513,-3.023683794739414,-3.0006943297846322,-2.973387194730718,-2.9954361024316363,-2.938459514830169,-3.0007716859798785,-2.9597069323667706,-3.0025969615965358,-2.9494051024264967,-2.949405095815171
-3.059496067668047,-2.9593174219332425,-2.9807270416625338,-2.9556292934042596,-3.045945363756735,-2.9965537073511372,-2.9609022229316713,-3.0415989961248036,-2.9747885327199715,-3.0165878227919634,-2.9689139576274752,-2.968913951177976
-3.0606362126488333,-2.9796842982442424,-2.972746197731767,-2.946729215097002,-3.1011459956524963,-3.007560860179451,-2.977739658878467,-3.075257774792709,-2.988279876804662,-3.0294313853724035,-2.992258775058957,-2.992258768487791
-3.0722201401872686,-2.9951182797399842,-2.9765443649519616,-2.9511284971605587,-3.097920532468574,-3.00197610753771,-2.9680724119598256,-3.0837154798490434,-2.990909616297292,-3.03043273499473,-2.9868186401406547,-2.9868186338989373
-3.0361009320642456,-2.9470453269733152,-2.9710643272245023,-2.9550004345487735,-3.095513152525765,-2.9974140156201425,-2.9676107340506017,-3.0897515032308247,-2.9993573780185967,-3.039336189880686,-3.0002270149691515,-3.000227008974933
-2.998376587712234,-2.9222155618601375,-2.964675990408561,-2.9445239061492607,-2.996825502902025,-2.9521688406214612,-2.886526089463543,-2.9496188739411284,-2.9537893554877854,-2.996455560777124,-2.951622885009981,-2.951622878245285
-2.964502588756906,-2.8887470374150466,-2.940212143711388,-2.9032059248115596,-2.9045987898007297,-2.8795223492078663,-2.827342497497554,-2.879492341049037,-2.9332124981615313,-2.9766133658308545,-2.9113112181889127,-2.9113112118858906
-2.9648441661025444,-2.8821698270893155,-2.9323579030368334,-2.895190974529866,-2.972861119265066,-2.890559019640283,-2.877575957713514,-2.9287638961282725,-2.9477529888461973,-2.9902935994252937,-2.935023501486062,-2.9350234951313143
-2.9779586620303737,-2.904955256316466,-2.949135016249154,-2.9069943735274224,-2.984080941583134,-2.8989823652957116,-2.9022841579987455,-2.956223378002769,-2.956744922381982,-2.999140436757572,-2.9490907609916492,-2.949090754562663
-3.009026074956828,-2.9392819382128907,-2.997514158314824,-2.9506898749843176,-3.026486219884997,-2.927635207350192,-2.9257208067069143,-2.999045460376225,-2.9719915471041007,-3.013612117358708,-2.970958259185437,-2.9709582527274954
-3.03621405314585,-2.973952451228293,-3.001820595221706,-2.9671940276253723,-3.030362207098127,-2.9372395930362263,-2.9408826445989527,-3.0225331883666193,-2.9828165207040924,-3.023782710774697,-2.976805238481036,-2.9768052323140313
-3.0254423531389314,-2.942142527037604,-2.999824754666613,-2.9718521552182997,-3.0075276944947493,-2.926492549579859,-2.9101201771877214,-3.0017026759765155,-2.9724995181238576,-3.014173803427079,-2.967020611177935,-2.967020604781691
-3.0345496543049553,-2.9305998276457226,-2.9990049763137705,-2.9801069233790347,-3.0556004067032547,-2.946329965117478,-2.925495401761408,-3.051131204246631,-2.9866201838527617,-3.027601238184645,-2.991251200930718,-2.9912511944233335
-3.014660401638695,-2.926281191721566,-2.997363800879916,-2.989730657885246,-3.0678962915543355,-2.9587089620735063,-2.9398792970521117,-3.0768571436818153,-2.999633143040476,-3.0404430220326257,-3.007021206653079,-3.0070212003513035
-3.007558865630224,-2.912852215562924,-2.996603554237344,-2.999027469245732,-3.0841899358008966,-2.971019476325386,-2.942069680802538,-3.097903568332157,-3.0138255717992783,-3.054175313697464,-3.0236274828171337,-3.0236274766980236
-3.0664582699264313,-2.9903899809525334,-3.0245715649081077,-3.0303916697110473,-3.095179324574775,-2.9872251954602693,-2.9409863651030115,-3.0990456527015766,-3.022080702604932,-3.0614986797940937,-3.034978903527073,-3.034978897285557
-3.082664039935655,-3.033728705865707,-3.0451615788171527,-3.0513093780865423,-3.101068276318883,-3.00478323003932,-2.940598035540454,-3.099615692316865,-3.0315511226671163,-3.0704757238413705,-3.045767019695862,-3.0457670135037214
-3.0314410061347576,-2.923233632511745,-3.0257438415350664,-3.037811270288724,-3.073135540904182,-2.9989833358481874,-2.919237795102902,-3.0674144310622844,-3.012782656996061,-3.0542062837495125,-3.0256374309976612,-3.0256374244820914
-3.090206607388642,-2.9929786565095995,-3.0290184139111505,-3.043463906453667,-3.113810714023576,-3.025582665895955,-2.944808939031838,-3.0981295429460394,-3.0252901418725906,-3.066161440002199,-3.049949719442466,-3.0499497127111104
-3.0413828188835934,-2.926032809722202,-2.978704002469948,-2.985957074652959,-2.9875455717471895,-2.951187130905606,-2.8625790692479827,-3.0400170368366464,-2.9925781465881807,-3.032926691245306,-2.988367846365726,-2.9883678397753526
-3.0166243989263957,-2.9133605997718997,-2.978276193729245,-2.9820131252521698,-3.043737897112358,-2.9587821115271127,-2.8854876186712968,-3.0512299457841765,-3.006551411482779,-3.046002941668188,-3.007256658722083,-3.0072566521610438
-2.9795621440192734,-2.913274123084875,-2.9997186187529667,-3.007774643363098,-3.095834377059139,-2.9923683422772824,-2.934054931798158,-3.0829427626109185,-3.0172310571889795,-3.0562259827126654,-3.0309929264267903,-3.030992919666679
-3.040812428234581,-2.9944278251826493,-3.0078824023322994,-3.0213349404762373,-3.146249599571533,-3.024034467152648,-2.968474422185878,-3.112948990555182,-3.031320028734123,-3.0695422509860197,-3.053684729859711,-3.0536847230107864
-3.0709438738035377,-3.0217319934807296,-2.968717659252502,-2.983760824664583,-3.1359012557738994,-3.009363651969688,-2.9570738092520843,-3.141595791156817,-3.0430074412800066,-3.079841973557364,-3.0446085204914004,-3.044608514519713
-3.055991832195228,-3.045333383590422,-2.9801292633369436,-2.9984232244849363,-3.181484029103629,-3.0372431372521778,-2.986682628136532,-3.1759843096615716,-3.0553027460460345,-3.0917289112787465,-3.0694197214643704,-3.069419715237716
-3.1276022176418303,-3.1168112296170847,-3.0280836727812392,-3.0439989745726956,-3.209217301605468,-3.0709197273523423,-3.014424665868516,-3.2000638726017416,-3.0685279858445433,-3.1043188413444858,-3.085266337112908,-3.0852663310034316
-3.087447099459493,-3.094191635593698,-3.059828911284672,-3.0793558004723014,-3.1559261509992917,-3.065987054895706,-2.9739475943430187,-3.1630287972600053,-3.0313423198322202,-3.0708396944627685,-3.056565817686151,-3.056565810555284
-3.06999079029855,-3.076831663245203,-3.071632554214612,-3.0908568003113155,-3.137334573611468,-3.0513250248447985,-2.932600035741439,-3.114064031366322,-3.013335888684526,-3.052904334245762,-3.0320870097856862,-3.032087002480183
-3.1135265481066097,-3.0856448696141396,-3.086520374804685,-3.106577589244122,-3.1841696312677152,-3.065427378938288,-2.942488631243877,-3.136921717796139,-3.0266727435308294,-3.065204376566108,-3.0541786495340704,-3.0541786420984893
-3.157575288565619,-3.1398710712639137,-3.1056053151963017,-3.1258614576142083,-3.202081702683178,-3.089741145539895,-2.960726480433628,-3.136287987193796,-3.0324061578779045,-3.070866686008251,-3.0723902699553682,-3.0723902622250594
-3.2034148373420974,-3.171517587334244,-3.1302086829195415,-3.151750028319825,-3.2490335446998206,-3.1287484134683714,-2.9951834641037154,-3.164986234322643,-3.0460160872773274,-3.0837408292979873,-3.0972070700748078,-3.0972070621829384
-3.188212769159257,-3.1500420537478675,-3.141558702292537,-3.171556677011573,-3.2666960067205415,-3.156806759996219,-3.0190640622308003,-3.205232061388152,-3.0533240290340244,-3.091184493706203,-3.1153593032061395,-3.1153592950738034
-3.2759748035411596,-3.2450098025235885,-3.1852703574632133,-3.21345686760782,-3.295246524198232,-3.192569969287261,-3.044209233677453,-3.2248045872829483,-3.066720160068016,-3.1040845677812383,-3.132422200499721,-3.132422192353824
-3.290502878541152,-3.2710582550608636,-3.2133239880992015,-3.2469203719434856,-3.3358041402603615,-3.2337633871334193,-3.078531547941497,-3.2469503752396434,-3.079587565821813,-3.1163972753488465,-3.1556510949478263,-3.1556510866097134
-3.3415654758164157,-3.3235824160562775,-3.2401971602179604,-3.2807559966013713,-3.333860168224916,-3.2638137474637774,-3.093150536081148,-3.2788157015692443,-3.0653386787742596,-3.1045941382263127,-3.1543638037784696,-3.1543637947293925
-3.3147177508214263,-3.3008311697534154,-3.2594706609953903,-3.3018532111003096,-3.3393086706993573,-3.2720117713294514,-3.0973443674519316,-3.2622322528311862,-3.0787420944039288,-3.1173369283237697,-3.1679326685912343,-3.1679326593662447
-3.3489916821114436,-3.3159096725167325,-3.2663857148273188,-3.311986317091853,-3.355130324725981,-3.2863360346880857,-3.1040744265352678,-3.266464992425595,-3.0926751240968717,-3.1307076062553434,-3.1916355554186775,-3.191635546037218
-3.3496108708335894,-3.336787885590301,-3.2679007705889753,-3.3206450404085235,-3.3419811449514496,-3.290001484836406,-3.0961369889596817,-3.256290511103322,-3.1022597958024174,-3.1398349894799233,-3.2023242597170336,-3.2023242503778384
-3.383342058356929,-3.3437434193971782,-3.264004798915256,-3.318193572490787,-3.3155108711192254,-3.2877925375916845,-3.08916211425743,-3.2336140986087623,-3.1076979769341277,-3.145304938974276,-3.2194034960631557,-3.2194034864438796
-3.2233701447000955,-3.2286710098571314,-3.2284231775383363,-3.281964677873306,-3.247640506089975,-3.238556880448714,-3.009869230646599,-3.1046172699967176,-3.1627923446044743,-3.1701516218813146,-3.176279012910364,-3.176279007949414
-3.194461623926813,-3.201053559033421,-3.2136596448439585,-3.2532306682041905,-3.263693206552415,-3.2134847280451857,-3.0083800101484712,-3.1082424887099545,-3.170705118944209,-3.177736348099907,-3.1904201879039564,-3.1904201828317182
-3.0892141910104063,-3.0928170919865563,-3.178177517089944,-3.2080629800880023,-3.2077644642603764,-3.1628487357013806,-2.957204311801243,-3.0352880680581977,-3.1433288425641885,-3.152335029091712,-3.1487722931103717,-3.1487722881088187
-3.1150179041151382,-3.107472063025373,-3.1787457815020073,-3.2009524447323097,-3.243150081227779,-3.1553693498831064,-2.958484829743183,-3.0758497992963973,-3.156167334000327,-3.1650438512706054,-3.1692490345601962,-3.1692490293846056
-3.1521453022819808,-3.1260438764053875,-3.2412499955437473,-3.2516416715888585,-3.2470139445283834,-3.1553929506313745,-2.9571767364655273,-3.033108247725446,-3.124693681569914,-3.1343615898254233,-3.1361010991081306,-3.1361010932570235
-3.2055390239951236,-3.2124258090812785,-3.245608737763442,-3.260551197558156,-3.268892286522113,-3.1694818870004102,-2.9933262132186713,-3.047750562048627,-3.1291727300671432,-3.1392989257559685,-3.1449512628850904,-3.144951256641362
-3.231586055058658,-3.27419611467666,-3.261775355807205,-3.279233720454875,-3.2961312563300447,-3.2002072595698245,-3.0405121436586877,-3.0702166976984233,-3.1339363732003225,-3.143869340927292,-3.1624761438063764,-3.162476137169736
-3.1962863050173453,-3.1995285410587053,-3.248397379136266,-3.2678472718350005,-3.2843543641778368,-3.1786300202374806,-3.0395939644862104,-3.0547105577767812,-3.1326497309981196,-3.1416488371482414,-3.1246009340281886,-3.124600928681833
-3.070976275647247,-3.0804598970275623,-3.1901304429626025,-3.2074308466306167,-3.193890862256432,-3.098075177311436,-2.95482985938697,-2.961393047670539,-3.1176119943188825,-3.126406324852278,-3.077344663847841,-3.0773446588954263
-2.9963683588532155,-3.023979598257811,-3.148179155068677,-3.163844428167221,-3.032783354235642,-2.997723001416609,-2.8701207655250545,-2.8782425008768513,-3.0636827663157815,-3.0771909026079713,-3.015554689040058,-3.0155546830897184
-3.014368898556757,-3.026290351195682,-3.119226077030625,-3.1355515030082226,-3.0679712807634365,-2.9936076109580605,-2.9129411322975787,-2.9007323415527058,-3.0673495830621533,-3.072017414592135,-3.033526638779953,-3.0335266325740484
-3.0360500307393172,-3.054371472864705,-3.092703401580339,-3.1047633474010126,-3.0670719974551393,-2.9843009632090505,-2.9491314737467094,-2.933473114390283,-3.0435608424848484,-3.0523926456614183,-3.031016249442457,-3.031016242619668
-2.9547808594316765,-3.014318692633114,-3.0900956631669434,-3.090413122546182,-3.105467944749016,-2.9934257102665836,-2.986169708452333,-2.9750360199073844,-3.026671019024075,-3.0391499366634114,-3.025640054593595,-3.025640047274267
-2.967166122833026,-2.982120747214487,-3.0105345646232022,-2.9947042090651843,-2.9870313541653335,-2.916945873819112,-2.8988738397385703,-2.9371047958715897,-2.9944956940057583,-3.0071371859862275,-2.9655220560648967,-2.9655220493530843
-2.915624566384694,-2.9206843259875472,-2.9742457674573153,-2.9522861588793594,-2.996207870146275,-2.9127995424914,-2.92761423013234,-2.9481530659609336,-2.9886803130059247,-3.0007252712798143,-2.9649976438192436,-2.964997636933342
-2.8534746000084317,-2.846557766711298,-2.952257629728858,-2.930687664596785,-2.9882242849777017,-2.887065597912561,-2.9051498675612115,-2.928692741488086,-2.9834628503025797,-2.9947277757184225,-2.9408835227451524,-2.940883516374236
-2.8984239166915646,-2.9309171798133473,-2.9403021940541967,-2.891388109437315,-3.039653760816121,-2.862454112192317,-2.898303070612183,-2.9270099752687266,-2.997937600713639,-3.0086114672803106,-2.9218421712510274,-2.921842165678454
-2.8306010004955984,-2.864920247955302,-2.9616848173723955,-2.9036801483101735,-3.062168420689652,-2.8482253589427207,-2.897309126645667,-2.9329154902366272,-2.9929205665454193,-3.003831931065006,-2.9237574211966484,-2.923757415559191
-2.7741186947094008,-2.7787929425154303,-2.9496507386836295,-2.8886302591453195,-2.993356193065549,-2.802924625884637,-2.8320758630407434,-2.8779256691414226,-2.9599348528670753,-2.972838627042163,-2.8837778307877127,-2.883777825173115
-2.710853097522418,-2.7423288032425344,-2.913028818951109,-2.8449144369454915,-2.9681300211111568,-2.764363625892572,-2.805547431664105,-2.8652841923651815,-2.9629631121442346,-2.97607286027984,-2.8937482779325485,-2.8937482719499537
-2.7232052721217217,-2.747336156622459,-2.8919360430943657,-2.8198919276157612,-2.927035271104838,-2.7287397928772985,-2.77608349942906,-2.842632773817116,-2.957952240699654,-2.9710820264720113,-2.892640658632246,-2.892640652480599
-2.7128614631109054,-2.743770989119907,-2.8651412126529374,-2.7917628830873378,-2.8686841795579716,-2.709205612617921,-2.7561902977506016,-2.8281974135862593,-2.9480205628636877,-2.9614529696929566,-2.9024155054492544,-2.902415499003783
-2.7122154564886456,-2.701199401071241,-2.8389738468514,-2.7698060576019765,-2.756039691071283,-2.685480723614816,-2.692586097997073,-2.7684100929552136,-2.9079803369582766,-2.90256260887043,-2.876321357662057,-2.876321350626475
-2.7391192747693816,-2.74432354193004,-2.833633698618377,-2.7711820149715196,-2.793566643426288,-2.7109550899139494,-2.7380741968752775,-2.7944636808974592,-2.924295005054362,-2.918244554658385,-2.900711071477607,-2.900711064402492
-2.7470122583848853,-2.735571048803312,-2.8274119721604807,-2.76586663409776,-2.750956913753323,-2.6865607887895346,-2.7074140998129654,-2.7626190565382083,-2.9103025931056488,-2.906188532243969,-2.874881897222736,-2.8748818901338384
-2.6979707323190927,-2.6473100597371064,-2.777245684016826,-2.7231221002031383,-2.6436974045219936,-2.650721980383778,-2.629626567495482,-2.7018831497605214,-2.8576573801045955,-2.8602809708325716,-2.8430054536385483,-2.8430054459714023
-2.710276080180376,-2.676831323406548,-2.781519905248504,-2.7252755758585376,-2.6879343776106652,-2.6799064034580344,-2.660795313753923,-2.7302169008108406,-2.8729217180739224,-2.8746351200813254,-2.863555072305412,-2.863555064646321
-2.712218416229267,-2.636614720632375,-2.781695322831904,-2.7351330714318802,-2.731598485229097,-2.69201253112887,-2.704007955103405,-2.766180899249679,-2.8903029263868802,-2.8909234729930664,-2.8752666255460793,-2.8752666180822883
-2.778603098749389,-2.698955724322458,-2.795615229892262,-2.757407887873449,-2.775935072248914,-2.7220664139019553,-2.761247970570094,-2.811351634012026,-2.9070058013302775,-2.9066781766288243,-2.9020132901016478,-2.9020132825813336
-2.791694328963337,-2.706254920475089,-2.7739450298075736,-2.745140966366909,-2.774460724830056,-2.735619051351982,-2.78172079862148,-2.8292684699599833,-2.9107223120196535,-2.910325005477259,-2.901882483506833,-2.9018824760671373
-2.847406547074293,-2.7995848575717432,-2.7128042826011667,-2.696126217932013,-2.799478479466628,-2.728671316102251,-2.797361834824435,-2.862140710696508,-2.9244421481712357,-2.9225731265943646,-2.882622587499725,-2.8826225811284383
-2.80540113506097,-2.7383765283963246,-2.6750402042118133,-2.663707411209849,-2.7700370448888085,-2.712458651708746,-2.776060492321064,-2.86221512415666,-2.9040642357066844,-2.9036027999330476,-2.857583004603142,-2.857582998113426
-2.8133937251583587,-2.7335866752277957,-2.6814525791933352,-2.6678479525589758,-2.811148337776918,-2.7175105205609444,-2.8028143574813207,-2.879014824013794,-2.891939748505208,-2.8923693649880655,-2.8483863659498705,-2.8483863595153562
-2.808099924223648,-2.70576609282618,-2.6771832760585363,-2.65796584195542,-2.7404261583720295,-2.695199228299534,-2.757433739861881,-2.8326880007219435,-2.852054516668224,-2.857411177244494,-2.816053498017892,-2.816053490898041
-2.794355704995323,-2.681006243250997,-2.677716915202684,-2.6528956189835102,-2.7557064829210436,-2.7156312983674344,-2.789384929847913,-2.838764225684849,-2.8494840539459467,-2.855583893595626,-2.825590041365882,-2.825590033967923
-2.7793904423694684,-2.6694836369849293,-2.6752094189578726,-2.64621771000314,-2.7523957487821678,-2.703816306702111,-2.7890293454954795,-2.824814216563294,-2.844254402662085,-2.85047570498497,-2.8157825431687136,-2.815782535864476
-2.784295436207776,-2.693862460810453,-2.6966759627551555,-2.6691582010344272,-2.811300688168,-2.7359659289170186,-2.8652974544663037,-2.894014067116737,-2.854950500228389,-2.8598090692397142,-2.841405097778189,-2.841405090314271
-2.8566900929742847,-2.772249441407942,-2.713879878534287,-2.6834688349469644,-2.8607527577354217,-2.7685314782390322,-2.9208501321963785,-2.9399087174172847,-2.869223434882525,-2.872940994685653,-2.8674018370214536,-2.867401829498219
-2.828401623294123,-2.741083668301443,-2.625176048770146,-2.601077212351528,-2.7548806241293446,-2.6852479349453304,-2.779275883417925,-2.91635344211744,-2.8451619227526743,-2.8480152926933684,-2.788735349525885,-2.7887353433159454
-2.7581479961376014,-2.658576333658473,-2.604681288602624,-2.5814719320732697,-2.820313289214729,-2.6727200767459998,-2.8104989118079238,-2.929242270756251,-2.851048228658697,-2.853007772135725,-2.7892211620082255,-2.789221156129188
-2.7758473611130206,-2.662951255878758,-2.6184638821594013,-2.5916005397108677,-2.7735582550760194,-2.653053203210888,-2.7776235173158303,-2.882957069890081,-2.8171363352055367,-2.820875478437279,-2.761365610424727,-2.7613656041987564
-2.80496390602142,-2.73923058706316,-2.658746424991361,-2.6230729793941068,-2.865792829122306,-2.6879310854386786,-2.853227448734842,-2.922076582890016,-2.8252751760617127,-2.828386132530651,-2.7751340355979517,-2.775134029395986
-2.8721539554750364,-2.834925348545884,-2.688504006447645,-2.65147106082183,-2.946427727295201,-2.738757088038744,-2.935626104941229,-2.980633012832289,-2.839019686901488,-2.8409956362708333,-2.7998729444409847,-2.799872938242048
-2.9508198079746313,-2.9369370051940806,-2.710867872884622,-2.670862940117277,-2.995471747971287,-2.7843432834270994,-2.9888947801838612,-3.0204262717389243,-2.8548320861185434,-2.8554513751612127,-2.829498296098442,-2.829498289815441
-2.941680078323512,-2.9201156635329633,-2.734283027845072,-2.6994706887178266,-3.0273428535755667,-2.8340505362748405,-3.0295137399410335,-3.0698987264153916,-2.8703314835443487,-2.8696909564172,-2.8579552582046714,-2.8579552518586038
-2.9585920895913267,-2.918394154623151,-2.746624234048272,-2.7196637290452097,-3.0309984855303664,-2.8559872416195016,-3.0371577367908626,-3.104933566603858,-2.883860585639629,-2.882266145244147,-2.8730869022169796,-2.873086896052499
-2.958309709878343,-2.915546016154651,-2.7441175395994577,-2.7154925237585505,-2.9676018047243886,-2.8636530902780204,-3.003767563643954,-3.0850907689037186,-2.878231801089549,-2.87717560540978,-2.874410462774593,-2.8744104565515363
-3.0075288755109857,-2.984804321576174,-2.7512958375463263,-2.7169072678423785,-3.0049060160706498,-2.8930558496540275,-3.0247937620275795,-3.1115530166960252,-2.8936375200442024,-2.891375367796622,-2.891682079408926,-2.8916820734581057
-3.0412163755679593,-2.990368305706844,-2.7749691844839566,-2.7360019970128273,-3.0202962389060835,-2.9235289128616833,-3.031172721313538,-3.126474428815593,-2.9062659801188184,-2.9030581931225736,-2.9035063949070214,-2.903506389261932
-3.0347069579496626,-2.9908863818334503,-2.8026989427997444,-2.7703657436720777,-3.027121151488748,-2.929428350501043,-3.0242790061491163,-3.144982674128422,-2.9161930820874047,-2.912320522981,-2.9052708417637945,-2.9052708366062037
-3.0067279223626784,-2.9386805956962223,-2.777537771215348,-2.7448701968956337,-2.925630920280671,-2.878152732829197,-2.922936046342849,-3.1076344643234077,-2.8881271357725713,-2.88524915233675,-2.8679628728591227,-2.8679628676932185
-2.995726707678019,-2.9661194607048373,-2.8104369013626904,-2.7695840617759293,-2.9911958426715617,-2.8980336029310316,-2.9713091068175266,-3.135359270464429,-2.903145168636205,-2.899212955348538,-2.8861876399248927,-2.8861876349477082
-3.0208599006555685,-2.959513592625544,-2.789876965857992,-2.7484575545758143,-2.894514007774853,-2.864778392271473,-2.9038134874876325,-3.048643649473888,-2.876343476743929,-2.872407961165282,-2.859370801003062,-2.8593707957129815
-2.9479800784996533,-2.880864396243383,-2.7921873444341463,-2.7523290273514847,-2.8703212212838443,-2.8734126006835052,-2.8989690643228148,-2.9965542117840775,-2.861063715694595,-2.8594895780949163,-2.853862352370599,-2.853862346718693
-2.886434435227333,-2.828144778080558,-2.8171896276640815,-2.7773800048817954,-2.9229233501390506,-2.9147253353017413,-2.969696958120889,-3.0490056724699635,-2.8759029483125986,-2.8737467746236542,-2.882487643006079,-2.882487637178874
-2.953893417771842,-2.9186237165865534,-2.8774490289449446,-2.8311719624871396,-2.9062695121638153,-2.9301801321794994,-2.9792471706165538,-3.0648904607595364,-2.842434783070855,-2.8426530905582426,-2.8503386366760246,-2.850338630573851
-3.061455135710264,-3.035590364953543,-2.9193007252386605,-2.872388223907865,-2.975760408259635,-2.979455036324188,-3.0530848953654015,-3.1320607013735464,-2.859555726737723,-2.8589960927037343,-2.8792304161025317,-2.879230409920372
-3.0493007766108366,-3.0543113507013926,-2.922189584655814,-2.881643031080534,-2.9734972332892955,-2.9977899753513055,-3.069402669627922,-3.1500546132657914,-2.8619011957358182,-2.8620088066382885,-2.882479813462153,-2.882479807119918
-2.9299938791690776,-2.941771987168669,-2.8166766809391697,-2.7882096742013447,-2.8532127675632437,-2.9034313254629582,-2.9437630916622135,-3.1314739919168404,-2.8492831310142637,-2.8496730515000257,-2.819800354113352,-2.819800348868978
-2.8911375556739998,-2.8770342322477607,-2.773613358344655,-2.7348770567702743,-2.932804914297425,-2.8888907489941413,-2.9715017666456784,-3.1301333941726734,-2.863375259659483,-2.8622555266682332,-2.817191161780625,-2.8171911573004493
-2.905226731957872,-2.938120568729044,-2.8041713715485144,-2.756687518637774,-3.0071345842473924,-2.9160480332225176,-3.032989508073288,-3.1436035527256467,-2.878560702477174,-2.876469607131319,-2.8456373790183527,-2.845637374431786
-2.9145756968796257,-2.9570176701937907,-2.8501441030014503,-2.7948602766927446,-3.044717983245462,-2.9429497016350723,-3.0722354308262103,-3.170378490613377,-2.8853688038350254,-2.8837702487349897,-2.8674968310022217,-2.867496826170417
-2.9470118276458086,-3.0329581077499324,-2.8781405695451068,-2.816800812176599,-3.0851526513056395,-2.973984047654642,-3.103137398801991,-3.2067837290087766,-2.9006863483399554,-2.898472066869486,-2.8916290222871073,-2.89162901744945
-3.0026492071974076,-3.039272670842718,-2.8924891921084432,-2.826151260748343,-3.054470576459646,-2.985871213441992,-3.0848509098889734,-3.174272737720759,-2.906205084272054,-2.90485696980157,-2.909933061391437,-2.9099330561080876
-2.99993310121794,-3.0834711004728956,-2.919456547677407,-2.863296482332222,-3.068869354458507,-3.022042944432222,-3.1191338418647616,-3.2084061677150477,-2.9188187979288367,-2.9174004182382203,-2.935588456856034,-2.935588451313273
-3.0782906406274027,-3.116777566291327,-2.940393195228032,-2.885421158243153,-3.08095501292136,-3.0492898265130113,-3.147277591806737,-3.240608552624752,-2.934268803001835,-2.9323640901287247,-2.9624184462417955,-2.9624184405899205
-3.0804405297595525,-3.1490452118099888,-2.961951536800167,-2.914641667220992,-3.103576585897569,-3.083204302758603,-3.1610209125134836,-3.2751397669963747,-2.9463373076837995,-2.9444441159928263,-2.9796421088418885,-2.979642103297879
-3.10652916971242,-3.1360114517896873,-2.9406432612956044,-2.901913896183796,-3.008399167482879,-3.0568943383591507,-3.084230577554208,-3.2294720134722725,-2.930219053455104,-2.9294165542428314,-2.959341759431843,-2.9593417537479474
-3.0364471078794115,-3.0627627543874403,-2.9374143779202537,-2.9126874553663513,-3.036021011760008,-3.060433939697743,-3.101795290481827,-3.237789675121133,-2.946081018080996,-2.9446008511895716,-2.9646032222831047,-2.964603217279974
-3.0586348537616774,-3.110759894595982,-2.962805600902292,-2.942180235543308,-3.0638586398765444,-3.083555057358151,-3.128796793448396,-3.2587394921506134,-2.961877786591957,-2.9598172543695855,-2.991658140915045,-2.991658135809089
-3.0165653013243947,-3.023075240651968,-2.9653952175740743,-2.9537486607749974,-3.051879780292621,-3.0724736394109335,-3.1139482133160232,-3.2268581602460147,-2.973477119384734,-2.9710328083073665,-2.9921786653845226,-2.9921786607111476
-3.0556585989035847,-3.106458565062919,-3.010420957608586,-2.9896849860021515,-3.062787804377301,-3.0792535519114135,-3.0995081044076898,-3.2343971099178854,-2.9874716534671686,-2.9849998220701606,-3.002762316149014,-3.002762311619062
-3.03144431194513,-3.0490500368487004,-2.998130655078044,-2.985011179377987,-3.0396157817052467,-3.0650691826213317,-3.071420077303498,-3.1849872289715533,-2.9896657791315455,-2.987953971568593,-2.9991837521781584,-2.9991837476514585
-3.026575394470955,-3.0265305085359335,-3.0144024829862373,-2.9989106295630283,-3.043193173599132,-3.066563338663972,-3.056975404484235,-3.171790142333717,-2.982104745873129,-2.9822979059479993,-3.00322750159213,-3.003227496606842
-3.038419823861735,-3.051769997432642,-2.995661450907416,-2.9891088402744472,-3.0026969246442663,-3.0403370943856673,-3.033662033482528,-3.1585223597638508,-2.979984964368389,-2.981338026962765,-2.996607491136505,-2.9966074856113543
-3.118013672613185,-3.1376004584718493,-3.020935620701165,-3.019650481338203,-3.0457793935594006,-3.066423339343272,-3.081560114089773,-3.1947160932536662,-2.989151615562493,-2.9902434391320174,-3.016941384819731,-3.016941379132139
-3.1253568830465244,-3.1564392777134067,-3.027556630714612,-3.034697078268334,-3.080634541873499,-3.092060787620013,-3.116565027936065,-3.232380547464678,-3.0040051115303075,-3.0042859866319365,-3.043068320071875,-3.0430683142549593
-3.1541717671188074,-3.165609635322527,-3.04055030365934,-3.0524908518951035,-3.085550640407244,-3.1144330953508725,-3.1266862785664946,-3.2421556940291807,-3.013340096323228,-3.0134818105248677,-3.056457146865436,-3.0564571410463865
-3.208746145589016,-3.2059155821645167,-3.0816679091604104,-3.0896690891034293,-3.132870513568296,-3.15122750018355,-3.1714027696784988,-3.267120131819929,-3.027903333854923,-3.0273829746960947,-3.080986074656059,-3.0809860688040187
-3.111919805091281,-3.099527597603533,-3.091813395283462,-3.10061631352539,-3.092935078650073,-3.1266990139994517,-3.114518438471685,-3.1957562969845847,-3.017894779914835,-3.0173642082149867,-3.04638632641977,-3.0463863212232853
-3.1355114464034712,-3.116023804158405,-3.1274719511920486,-3.1339309660566754,-3.1364971268269084,-3.1458348352030927,-3.124343582676443,-3.2136923250144878,-3.030986097545436,-3.0295755768169284,-3.0673255002031525,-3.067325494935282
-3.144146042531964,-3.1284527095321666,-3.124394172808959,-3.1320754175329952,-3.130806814789705,-3.148941642997116,-3.124183248914348,-3.2108021845387236,-3.0163925799121754,-3.01882908176652,-3.0708415172189154,-3.0708415110145575
-3.1119833824481633,-3.0968896004046,-3.0981110212279113,-3.115200476904355,-3.1720546394912335,-3.1696286894637784,-3.152445609998073,-3.2602915563235357,-3.030325007063081,-3.0323263809204533,-3.0955900866394557,-3.095590080024147
-3.1258526052155933,-3.1157898791284024,-3.0988645854402863,-3.121528508608186,-3.1949588128784754,-3.1888245245891165,-3.1615620795678954,-3.283761729158415,-3.0450649042243896,-3.0463288605353673,-3.1038073031293005,-3.1038072970590593
-3.1341442355229425,-3.125941116921327,-3.0840565553692842,-3.117339427757696,-3.2066673895199793,-3.205089614825257,-3.159797189974036,-3.3003598634937763,-3.055185271115226,-3.0562914719784975,-3.116728462682393,-3.116728456657749
-3.192022503441911,-3.148805891169077,-3.101079633414204,-3.140104424384911,-3.225448301517741,-3.2358684001304883,-3.1683217254042093,-3.3189010366096436,-3.062564581684004,-3.0634784371575714,-3.132899176928155,-3.132899170729961
-3.190149690064416,-3.170806584337233,-3.1487361603622173,-3.160309356320708,-3.2672441435800477,-3.2664173294380374,-3.2140366750827956,-3.351353538758011,-3.0767122294323257,-3.0772600301232895,-3.1398897925991314,-3.139889787098965
-3.2402722720875436,-3.2191856770072533,-3.1678091033380738,-3.1866248686261454,-3.2969804049587834,-3.298548319895118,-3.220793580200679,-3.3618291015949744,-3.086444338258225,-3.086880811853532,-3.1590750737782995,-3.1590750680368016
-3.2283872005425867,-3.207264595713425,-3.1617002377654893,-3.183617570013144,-3.2328756060677866,-3.277544693361186,-3.203524309090433,-3.359649602116254,-3.0839785391968015,-3.084592006926757,-3.150130027796824,-3.1501300217881183
-3.25022563015498,-3.2316538984508245,-3.183461181863304,-3.201391554459759,-3.267916546787883,-3.3004645622111326,-3.230901095402936,-3.375515601197586,-3.0981893476525055,-3.098164267845064,-3.1692619107474727,-3.1692619048568833
-3.2304690499468665,-3.1982482691948704,-3.175764055548786,-3.181434672991407,-3.0487662201605987,-3.203178277597808,-3.095962280885357,-3.082156650111981,-3.0280800372510024,-3.0355716172843574,-3.1097423847578067,-3.1097423768903525
-3.125290896447745,-3.1122531446500767,-3.115146416231195,-3.111973190563005,-2.9601263345356594,-3.1274690480790515,-3.0367769779545655,-3.0385843880233945,-3.007343587013543,-3.0157313373432335,-3.0585592448149956,-3.058559236681566
-3.0302434461961774,-2.965484217775213,-3.0858968331767596,-3.0627159458172515,-2.937705775834705,-3.055870001741755,-3.0017958056777854,-3.0163933449250546,-2.959516708761958,-2.9706474432081844,-2.956441886214868,-2.9564418796573344
-2.881329223136965,-2.7754331372175396,-3.0516539776142286,-3.0099511161191863,-2.947571802931141,-2.9978813193599763,-2.9474201641384514,-2.952296132000889,-2.934325269524263,-2.946423020677962,-2.9143893168624357,-2.9143893105716376
-2.9025122023984276,-2.8046232323986886,-2.9998214540018866,-2.9407472971759985,-2.9964661291852934,-2.9750236266558017,-2.9607322941099876,-2.9624436935187544,-2.943976498606555,-2.9551992463553978,-2.922659537007755,-2.922659530955262
-2.9067783529982956,-2.851839864870535,-2.9932539371036877,-2.9264336454530278,-3.059185710213779,-2.990498069373992,-3.0184685994024654,-3.011454976318729,-2.9535192945414517,-2.9646843706258856,-2.9455287978149194,-2.945528791514207
-2.885369581824266,-2.854761933061954,-3.0113625880937045,-2.9375669811193807,-3.068916974901252,-2.9918535347442607,-3.00422959193322,-3.019375913776506,-2.939856410449837,-2.9524408758467797,-2.9394632627093773,-2.939463256079395
-2.963028382229987,-2.941811096181262,-3.0336592823939457,-2.962807853254265,-3.137897498349102,-3.0241242778636335,-3.0293896085238785,-3.075736408037537,-2.952939840624942,-2.964787557051253,-2.9641886402054314,-2.9641886334521685
-3.0316445776542684,-2.9946255161869653,-3.0759369944628823,-3.005578251461059,-3.199550135201765,-3.0700781286941456,-3.0793738473855883,-3.121487633997023,-2.969093035167293,-2.980098829314866,-2.9904088425182365,-2.9904088357278207
-3.026251431229281,-2.983198397253397,-3.066853940192539,-3.0030435136960945,-3.1194483261324457,-3.020064406496172,-2.962482375157737,-2.988324400611239,-2.949489902708475,-2.9593271209267944,-2.933210934412763,-2.933210928153753
-3.03205745523005,-3.0034376455842833,-3.0259051365765317,-2.973680234542597,-3.1217259031953954,-3.0047636102828243,-2.95409283066018,-2.9964067566947223,-2.9582076800693056,-2.96739096464331,-2.94556001211494,-2.9455600056636264
-3.0116598593202597,-2.9743282040463335,-3.007844040702112,-2.9620206582924684,-3.1651733131716133,-3.0168198242505135,-2.9859072887343157,-3.033739287704681,-2.9725178161775547,-2.98107450908507,-2.966628743575072,-2.96662873717255
-2.9997819414777065,-2.967850414677879,-3.006499409283161,-2.9645779601564026,-3.145527694745096,-3.0109625048580035,-2.970342824340009,-3.036769123525142,-2.97455866036877,-2.983357996511753,-2.9741761686061787,-2.9741761619504827
-3.0184278978397074,-2.982028040339494,-3.0117088216946906,-2.9755281108560707,-3.1391463772141517,-3.0199524533483495,-2.9906184646249785,-3.0569653439861044,-2.983848266239877,-2.991967787035789,-2.996171407522797,-2.996171400718081
-3.0545893582347503,-3.000348120947687,-3.0221955365412567,-2.9942472321738958,-3.1346305168888295,-3.029571294687692,-2.998323543032567,-3.0806472852308984,-2.99375670075163,-3.0012390737741743,-3.011959422346946,-3.0119594156250087
-3.055498081957547,-3.026953641545128,-3.006923662423504,-2.999614033552348,-3.162779450080925,-3.0509206641663034,-3.0231848356031388,-3.156751911801983,-2.997512222994285,-3.0060289599162546,-3.031758884715067,-3.0317588772429658
-3.1004634023809245,-3.0699129461865504,-3.0105546112557144,-3.0088660159598843,-3.0915856966661748,-3.0427199879961275,-3.014982407931344,-3.14186708405495,-2.986076317627247,-2.994982324000243,-3.0204884528480824,-3.0204884451958374
-3.1507568322515027,-3.138325623010375,-3.0552132111925556,-3.0535659528478103,-3.136608388184274,-3.0777140406340857,-3.0451902088360296,-3.170015104512849,-2.996572773260959,-3.0046874836710344,-3.036319800295978,-3.0363197926272756
-3.1808446412846387,-3.1875786150474745,-3.0918110475840894,-3.0914619202771694,-3.169422292492866,-3.1088878878484136,-3.0637052061311496,-3.204237430244741,-3.0064727330221723,-3.014519092318145,-3.055536475158889,-3.0555364673679954
-3.250941295437295,-3.243121664270374,-3.1111627372484874,-3.1115566980558054,-3.166379650246244,-3.1329365423073217,-3.0779727902340874,-3.2131593803042966,-3.01525108386386,-3.0230705089609176,-3.0720386012744263,-3.0720385934487044
-3.210391218945471,-3.205610451866448,-3.1308629020835284,-3.1338207710689345,-3.199085501854761,-3.1675994173431756,-3.1155265278460664,-3.2577954717839823,-3.0313990592964326,-3.0382673890817053,-3.096312005670941,-3.0963119978437446
-3.257580238738911,-3.2515526282275733,-3.1249831523624727,-3.1122303951062746,-3.2172155895712846,-3.160096685331212,-3.103965432322602,-3.2951348998719023,-3.047567001004702,-3.0535187289245194,-3.0978237579351555,-3.0978237509541877
-3.2574379121975467,-3.22569887767271,-3.1294913409299654,-3.11712408391266,-3.213856893823033,-3.1550213314820352,-3.107124672699232,-3.3036567401638575,-3.0615086578463857,-3.0672028258048285,-3.1127078118177045,-3.112707804856555
-3.202735557533872,-3.1725654449794063,-3.1170218100722553,-3.0949101174566698,-3.085790990426702,-3.109471025137054,-3.0475092916598725,-3.1820520732936357,-3.038773107413908,-3.0466791524048906,-3.094092139748307,-3.0940921323646577
-3.1692128905787333,-3.1540899410675163,-3.1397456333077773,-3.1069525504595488,-3.1311992109899514,-3.127430869472674,-3.0694842736278156,-3.20836013004757,-3.0552597788391616,-3.0625459169481677,-3.1140384398710386,-3.114038432657844
-3.164892716774314,-3.158696259221818,-3.145684624488287,-3.1163842574674394,-3.1555865703142807,-3.1484805435077887,-3.102142933995329,-3.2599837707926147,-3.071221247673564,-3.078014810874271,-3.1380070859760725,-3.1380070785495926
-3.1928487758811266,-3.195673727497727,-3.1407865720704127,-3.11642610042984,-3.151887383576856,-3.1601468083236055,-3.1127580545036366,-3.2606626329753827,-3.0848738176089148,-3.0911049287231873,-3.160664661346512,-3.1606646537889604
-3.1731454733567883,-3.197667270037258,-3.1527665546675463,-3.133601813346803,-3.155468647907897,-3.1790937830246047,-3.131393607673444,-3.271512766015989,-3.1006424484134487,-3.106372842053428,-3.184827858673996,-3.1848278510925447
-3.2162912677199222,-3.1811513821858552,-3.181780001949674,-3.1716767920880757,-3.1704083408524966,-3.200128301290344,-3.1533940317561737,-3.3116671348360804,-3.104037177085991,-3.109960134513897,-3.1913791001661456,-3.1913790924298286
-3.2843062893019273,-3.242368949600544,-3.2094757294929765,-3.1957559382461485,-3.1592386253578666,-3.2057524772403188,-3.143475846970331,-3.2880124813630767,-3.0973758827605704,-3.1056295107172702,-3.182385653082124,-3.1823856448230416
-3.247984692162749,-3.217840101811823,-3.2158191416242925,-3.195690021906397,-3.0950160709812056,-3.165583972690921,-3.0475278999765174,-3.1753212960216977,-3.063427360530895,-3.073623487201132,-3.1234519368746083,-3.123451928630558
-3.2769511068202823,-3.254156212776472,-3.207615677768689,-3.1867938569802012,-3.140096624070201,-3.1768768802910214,-3.0601268570808955,-3.201486587662838,-3.079117629650379,-3.0887285640953865,-3.1489010219333826,-3.1489010136122406
-3.2509907531496927,-3.2265813506463976,-3.210453153973215,-3.1884630880276346,-3.159563212047086,-3.1866198960576404,-3.058292696903644,-3.2080675725312444,-3.0721512494605654,-3.083556521674297,-3.1500854659725244,-3.150085457180919
-3.295481794777571,-3.284386697458207,-3.1990828837706715,-3.1823401089709487,-3.199992601979372,-3.21045910346755,-3.0901467056225833,-3.240439828625466,-3.088243611391823,-3.0987699865558547,-3.1650974709224324,-3.165097462391533
-3.335104785453849,-3.319294364828329,-3.184748703507592,-3.1792717265740373,-3.2167974267018318,-3.224914676069419,-3.1247262699580274,-3.277614566425138,-3.1004803501616376,-3.11028604553995,-3.17480761840048,-3.174807609742551
-3.3112671798695263,-3.274162107076691,-3.177939316575402,-3.1775552090680916,-3.2424574603694847,-3.243313364948113,-3.15726585103296,-3.3150591553086635,-3.1167548694798244,-3.1258161384776737,-3.200166326846042,-3.200166318133575
-3.3292244395759836,-3.3024980385149054,-3.1809050271932477,-3.18318126859048,-3.1930669947393,-3.24205423752807,-3.1658606696829286,-3.2934651539889446,-3.1129026250375142,-3.121697629103798,-3.1988522483280275,-3.1988522392272283
-3.3327391989942408,-3.2990712960211908,-3.199840102104184,-3.198714927400493,-3.191019925982811,-3.2519241661262157,-3.1684923704618817,-3.2853566102660876,-3.116116227260443,-3.125743672312635,-3.204071578587344,-3.204071569201175
-3.341541034942547,-3.3287574724059343,-3.2208395246595027,-3.218262243378212,-3.2232464252790813,-3.279839647139391,-3.1967106935035883,-3.290898709150786,-3.1284307948996593,-3.13758676093023,-3.2256867862285015,-3.2256867768131454
-3.3738246854245935,-3.3308806604484458,-3.2163242002620818,-3.2158163303247926,-3.2434914700564192,-3.2943810704175043,-3.219160676826,-3.3200624302208808,-3.1432839477863017,-3.151404181430889,-3.241197747935059,-3.2411977386621547
-3.3678582753839894,-3.33640040916341,-3.239081045431921,-3.2268669842778612,-3.2599133628627524,-3.3085108174579045,-3.2326353355984963,-3.3326464171190535,-3.1459139828643683,-3.1556081674491496,-3.2471183149457783,-3.2471183053691686
-3.2204556290808046,-3.197703865398987,-3.2194075104675592,-3.2038848865792375,-3.118772120326325,-3.220840662440398,-3.0879303211841673,-3.1656248142618786,-3.0955027948005513,-3.110082422447622,-3.1534547894358487,-3.1534547801517947
-3.1450024258989404,-3.124141757604619,-3.2021189198580187,-3.1790147788024568,-3.130820022793676,-3.1892880649828372,-3.085461551436084,-3.162835066994216,-3.100450337465307,-3.115027703611141,-3.1583368890107524,-3.1583368794518427
-3.121250905301206,-3.080902796000295,-3.186185819601751,-3.1550918909319767,-3.164952850405707,-3.1831538354272686,-3.1136106592789856,-3.1973416255335083,-3.11516308938601,-3.128664780598935,-3.1830363445586998,-3.1830363350051853
-3.159836413823453,-3.1513869262000966,-3.193737221316967,-3.15330823991093,-3.1433182066244303,-3.168624306188503,-3.089186111635397,-3.180121241636317,-3.1188560050796,-3.1325643437843107,-3.186978032585982,-3.1869780230007447
-3.11339937819436,-3.041737574614985,-3.162477142867199,-3.1162017894068548,-3.086989066003406,-3.1368969838859284,-3.0382579396930938,-3.130949320893829,-3.087981844214894,-3.1070389877708147,-3.161655657552572,-3.161655647119477
-3.115994587584188,-3.056886426303945,-3.144394564271589,-3.1030316084884015,-3.1103888760092833,-3.145378044908966,-3.05364679345997,-3.161350676780658,-3.099316472680346,-3.11723214468033,-3.173212119980912,-3.1732121098804287
-3.058501173479378,-3.0123655748423177,-3.109067768863799,-3.0709830494167143,-3.0854455711378326,-3.1390430864911782,-3.0439687024491278,-3.135572419703056,-3.0978566405133674,-3.1148692219033887,-3.1684146239714237,-3.168414614062484
-2.944915743457135,-2.8529488527120206,-3.0356610650255473,-2.9932393308359364,-2.8822892124305586,-3.004737921907731,-2.8547692214317735,-2.814698404551551,-3.0089891140576857,-3.0274847772007973,-2.9857455120512624,-2.985745504191171
-2.961180654385146,-2.8869003272370075,-2.9860556503817497,-2.9398165058830177,-2.9537994781792216,-2.9937369213707403,-2.8926598147872755,-2.8705847810347818,-3.0226761749483,-3.0399935243648817,-3.006579997437245,-3.006579989594658
-2.870270721646243,-2.828363444025842,-2.964654369849935,-2.904684811748643,-2.919579617353194,-2.959549922672915,-2.862187098650316,-2.8597409778184013,-3.0090537803176094,-3.027424475023296,-2.998885915866368,-2.998885907929387
-2.8325880174428657,-2.757436360502448,-2.912975074312855,-2.8537290904292636,-2.8622346381995216,-2.9057327553620373,-2.8537624617300406,-2.81436022734818,-3.0157980283980224,-3.0264132829657098,-2.972689138979643,-2.9726891337659533
-2.8536075641629166,-2.796698643109762,-2.8774155132408463,-2.8171003856574233,-2.868765486807964,-2.878284683836855,-2.8636511247565273,-2.8556948173928105,-3.0271108752627773,-3.0367392679526897,-2.9932971882849913,-2.993297183038154
-2.788175146593217,-2.7221291733204,-2.8555537061007654,-2.791914497011893,-2.771861689371744,-2.8352376412189217,-2.801662603076485,-2.790340007734317,-2.984268083216723,-2.990230920997076,-2.962752610574287,-2.962752604711804
-2.7794114572289934,-2.7053214950447204,-2.8471506758355676,-2.78193634357577,-2.783173214365898,-2.8334474683210455,-2.8172197440324838,-2.8245999272419255,-2.990371329513827,-2.9956846286080725,-2.972296016551537,-2.972296010816806
-2.818828526595865,-2.739572986725937,-2.8681609911184633,-2.8044222149587865,-2.817070593112883,-2.8857462557989453,-2.8513647794580415,-2.8658769351724027,-3.016670901062085,-3.0585517795391874,-3.0402325800824963,-3.04023257869739
-2.881520430200675,-2.832737598169084,-2.9074357170072913,-2.845691320080369,-2.861841806672598,-2.925628093824901,-2.8871773739639304,-2.9322276555586493,-3.0325450374643435,-3.0731091979212244,-3.064222624725122,-3.064222623236555
-2.9313399076309086,-2.924284761098503,-2.940802861317726,-2.8888901132693574,-2.913343102213618,-2.9718524636061034,-2.9386412545504794,-2.9965236376222935,-3.0479056375303917,-3.0873708469684527,-3.086138172133042,-3.086138170662855
-3.0140049646526124,-3.0043089440673314,-2.982693858191527,-2.939532418357598,-2.948423521462066,-3.0082751672384513,-2.971678515619222,-3.03679234318422,-3.058242324986254,-3.0968019003481113,-3.0981339355677884,-3.0981339343755714
-3.0537325601868694,-3.012129767768013,-3.0164214531758704,-2.9779560601221715,-2.966944194075945,-3.0337026829796545,-2.979303398829476,-3.0502913414154826,-3.0632154714849538,-3.1014287970002776,-3.105291667700752,-3.1052916665423407
-3.0665466951509988,-3.0298827097986503,-3.0158860877559226,-2.9877571198698947,-3.0337666874364593,-3.0824171773431757,-3.0166802279017015,-3.096434759397561,-3.121092862146998,-3.147782120697767,-3.17328172817741,-3.17328172798742
-3.1339023305859572,-3.0695389765421757,-3.0354794058195482,-3.031646112711834,-3.1033019737144683,-3.132137806321537,-3.0782104242066795,-3.132859299810355,-3.1507217901628755,-3.196324957101722,-3.217489408600424,-3.2174894070329048
-3.1152487733590775,-3.0532711083002333,-3.0682713422472925,-3.061941698006837,-3.1413563315259383,-3.1404285139912655,-3.075384757432195,-3.1523206158205457,-3.1656716128824582,-3.210047727567779,-3.2208453726274144,-3.2208453717046575
-3.1171454097624145,-3.0355430788808793,-3.059686360627609,-3.052794615224979,-3.0152603554962543,-3.0936097095640553,-2.994425792745009,-2.996791629215896,-3.110484947471686,-3.15954979628149,-3.1619862339512013,-3.1619862324599755
-3.136339001233996,-3.0872582994949056,-3.055302519974219,-3.051790894503648,-3.076933753444604,-3.1291688508792537,-3.055960002987623,-3.045005584179246,-3.1269157339418943,-3.1745579619848234,-3.186259452349412,-3.1862594509088877
-3.1032336870489194,-3.0448129211955584,-3.0246095644643916,-3.028089979962138,-3.07779500468726,-3.1320023955957756,-3.0829586923928995,-3.0792988473218745,-3.1331747006113813,-3.1796995091622424,-3.1846773485423787,-3.184677347254097
-3.101429228055479,-3.0269474295211913,-3.019897423153667,-3.0353095789708924,-3.1373399975588043,-3.1632206641156326,-3.1505954189005836,-3.1539617520794954,-3.1838788378979026,-3.2009077137333133,-3.2294878634841915,-3.229487862180753
-3.129141441973566,-3.1296266672241657,-3.031013683674433,-3.0500036556855683,-3.171302071280421,-3.1963042963520096,-3.197918707337695,-3.1978211174307116,-3.1972167220125924,-3.2131970849113998,-3.251825464347921,-3.2518254630971324
-3.2266600756336556,-3.2055992605849974,-3.0615530018567685,-3.0845886656444783,-3.2004171527502656,-3.230030711778809,-3.228224700764613,-3.2334397172421294,-3.207456826024668,-3.2226406092637614,-3.2706793446389604,-3.2706793434113344
-3.193075720000949,-3.1848368807323753,-3.0692351183145945,-3.0953577901428293,-3.2295415214209457,-3.256970567016851,-3.2538237579520293,-3.2727594707212555,-3.2217218413418687,-3.235529184703021,-3.2877190821996303,-3.2877190812550507
-3.156437352821974,-3.170875594632153,-3.0654716456850797,-3.0982666683288245,-3.226104582029153,-3.260467185816571,-3.256630862036525,-3.2919620605428026,-3.2275560557077325,-3.242032133732349,-3.2906569268215193,-3.2906569260271405
-3.1844487484995097,-3.1848343022019097,-3.0874350736299307,-3.122241768734544,-3.251450108787301,-3.29030718790226,-3.287461988816276,-3.3251908032673976,-3.241142227415945,-3.2549376160568206,-3.309832840860711,-3.3098328401594586
-3.258317716530623,-3.193420653132422,-3.090974257559115,-3.129655355801073,-3.261434032840082,-3.308447310573679,-3.3068963439656733,-3.349761354105588,-3.25028916782186,-3.2630255630897724,-3.3217271789464027,-3.3217271783337967
-3.2409611573069474,-3.193319583618913,-3.0645316751579528,-3.094896992765662,-3.2574624944521062,-3.2813444973383668,-3.2610749981243368,-3.3860724190703246,-3.260376668006913,-3.2712448191929875,-3.30820452525536,-3.308204525732732
-3.2659533431632175,-3.2372525282156097,-3.099901307138888,-3.1277806587874695,-3.296857906532388,-3.302178467515845,-3.2753473456979743,-3.399364368539623,-3.2720625434746804,-3.2821318474078742,-3.3287995499318823,-3.3287995504052468
-3.242816578145527,-3.215700768216386,-3.11209385744509,-3.139234988875419,-3.2729683809756693,-3.294203322508738,-3.2497236334796105,-3.382738823293812,-3.2657550943201885,-3.2784175150337784,-3.331497350200391,-3.3314973502013183
-3.2533993389629376,-3.194678233529506,-3.1137363155778295,-3.1423764456704055,-3.2837279435911633,-3.302738845416323,-3.2576690261344154,-3.390459803920506,-3.277894075845227,-3.2900417189681805,-3.353175259870323,-3.3531752598423594
-3.2308621399184725,-3.1813897597962897,-3.120307452047637,-3.1556127570350383,-3.28319887799344,-3.3218376543421044,-3.285570000050028,-3.3981479236988354,-3.287846792664896,-3.2996219016940795,-3.371061562923677,-3.371061562820034
-3.249155684458785,-3.1834403985727615,-3.133549503598748,-3.174101442703797,-3.279873732869765,-3.338840894672697,-3.302914103217501,-3.387443804951017,-3.297478233918661,-3.309598591941956,-3.38160679202669,-3.3816067922474344
-3.350780927601323,-3.2279170619416426,-3.1761777967380276,-3.211067663200726,-3.2956118067829134,-3.354774134723556,-3.30745053854947,-3.389088943419911,-3.3108078168251165,-3.3224684226767227,-3.3961633275031975,-3.3961633281560433
-3.3805700221837878,-3.2265358845405134,-3.2259296091572707,-3.2611271591911297,-3.33271708137603,-3.392470340633598,-3.349193525914153,-3.416416921988433,-3.3222497787012073,-3.3334173001966745,-3.416539244239229,-3.4165392448598952
-3.376764551976512,-3.269595877002298,-3.2551036245632554,-3.2877215853675463,-3.2537410507182347,-3.362621048846926,-3.292154540667113,-3.3226238528559584,-3.275004556189743,-3.292772263377544,-3.360615647646589,-3.36061564711909
-3.322258002474306,-3.226474290330888,-3.242892073216993,-3.283862936694463,-3.2544983632853657,-3.3456027393489873,-3.259636023216373,-3.2889615733033875,-3.282068748964446,-3.2981658516216545,-3.34797844548949,-3.3479784458252233
-3.3011471652501365,-3.2477679419848497,-3.2073478252818437,-3.2472250626770656,-3.166090154685995,-3.2975776826022987,-3.1981291384065145,-3.168574893890474,-3.2533172483253026,-3.2722348071518295,-3.324683329539547,-3.324683329330677
-3.240302898825701,-3.163886431921732,-3.174100731916337,-3.2147980088166928,-3.1695904137759072,-3.3043605186245215,-3.2286204159660974,-3.190510110203088,-3.260911191489461,-3.279382659836341,-2.1041646723352256,-2.1041646370794123
-3.1713581153257344,-3.0855812054127205,-3.118280674264657,-3.1553564925583952,-3.0226881119040607,-3.206134512119964,-3.1256475764785745,-3.075475810700116,-3.1938417368796026,-3.2153634342890616,-3.226239432965663,-3.2262394319408703
-3.157057435932977,-3.055461465465426,-3.072227627647351,-3.1031706778847727,-3.0199625191290833,-3.1984965552063374,-3.146590746982993,-3.084608230763222,-3.18452447098855,-3.2073564782476556,-3.2200835580830143,-3.2200835568741555
-3.0958787465216044,-3.0252312959037417,-3.050904634698125,-3.0721306152881787,-3.1006511504627765,-3.2254002345465063,-3.2249268736656673,-3.1626804735678764,-3.2005661158892957,-3.2220447051039534,-3.23669285022521,-3.2366928493407836
-3.13385335233888,-3.107023423549434,-3.090594800979675,-3.1034688097513827,-3.1791974902313633,-3.2636666646285764,-3.310753614678661,-3.213916466560029,-3.2141618866330353,-3.234631496748362,-3.2551484693253814,-3.255148468582867
-3.2052142466877727,-3.19641556152596,-3.138514841304041,-3.1390242275875946,-3.161065654628717,-3.221561913552115,-3.2226888914329663,-3.2025680186347434,-3.185103678092971,-3.2027372448569453,-3.182129146293133,-3.1821291473140647
-3.242516832385547,-3.2332590812876414,-3.1849031405633688,-3.1803123654308685,-3.207928107721579,-3.2219329033312976,-3.228934020380036,-3.2236851697146465,-3.175842308916491,-3.1950011172803023,-3.17983913431714,-3.1798391350808606
-3.202621230159705,-3.1796865415552498,-3.195621889301757,-3.186515430527726,-3.2269276936404108,-3.225956671350742,-3.2556195403825336,-3.242790998413585,-3.183242656131916,-3.201737560160324,-3.1878897906024544,-3.1878897915235282
-3.1662878026070036,-3.1270125512181934,-3.139409461190642,-3.12298275558594,-3.1990678127582166,-3.183796338776477,-3.2095371649784017,-3.2512049013722684,-3.186511670531817,-3.2032175584905076,-3.1669381802269534,-3.1669381819213522
-3.145510775266512,-3.143472708829305,-3.1233708387483876,-3.102696494674225,-3.1904860945119413,-3.1824078967529426,-3.2187448732747335,-3.2731277983390195,-3.1897406738359093,-3.2074270032557477,-3.1761861790672565,-3.176186180593555
-3.1128571209489575,-3.096272146550644,-3.1190535877109564,-3.0965660628868914,-3.229378246794642,-3.203008538458293,-3.2598986663166283,-3.3007689685255617,-3.2040420423497467,-3.2204563553450885,-3.200566949443777,-3.200566951015738
-3.1494801121153184,-3.1592971787193247,-3.1685124365823825,-3.1494118074810817,-3.2183818515058045,-3.2145450751466247,-3.2597309037270157,-3.337776791764954,-3.179108224662996,-3.197609942510908,-3.186607580977537,-3.186607582075592
-3.150176883695412,-3.1609333352247955,-3.1717669151620274,-3.1474885913612063,-3.2427324802556354,-3.2213492196877924,-3.2649687482651073,-3.3558015380919297,-3.1936288145350047,-3.2109265882180074,-3.1951154160967703,-3.1951154176473113
-3.201108040222486,-3.198506834531926,-3.1727132662614093,-3.152291798303676,-3.2407130432681246,-3.223775307071409,-3.2584079017166947,-3.341356099444919,-3.2012913683745667,-3.218940448368489,-3.2115362442288466,-3.2115362456055414
-3.2201962586386994,-3.2148382322741162,-3.1780546521192297,-3.165727595353973,-3.236172375806561,-3.235214134335049,-3.274514816662876,-3.338276877037025,-3.2110986088347095,-3.229342400447008,-3.229923088798203,-3.229923090113088
-3.227295296866787,-3.2232582231241533,-3.197951441972625,-3.188909501429298,-3.2487100569938825,-3.2555971296742863,-3.2976787010894064,-3.3514786071695752,-3.22679507746125,-3.244128488429827,-3.25374878221222,-3.2537487835546934
-3.2934071193633767,-3.2788455083731853,-3.212228439333146,-3.2119886796848673,-3.252505995051522,-3.2800274019097437,-3.3229265858347685,-3.3625241624465314,-3.2408987839471575,-3.2575843471159907,-3.276616152273741,-3.276616153549683
-3.300591348792475,-3.2494098304437964,-3.239401358667021,-3.248571439068589,-3.234045860355663,-3.2902648813612956,-3.303975687754442,-3.3602998716695796,-3.236689273592503,-3.25332943304514,-3.268813672495429,-3.2688136739277693
-3.335216144530895,-3.298420352341022,-3.249137941358635,-3.258146539959576,-3.264166695773473,-3.3099842480858044,-3.32211018046952,-3.3890611665344554,-3.2521534890333688,-3.2680195660318327,-3.2895387348423935,-3.289538736442926
-3.3203037905892807,-3.2462670157862505,-3.2621355099180387,-3.279335296006246,-3.2621272834100186,-3.318646596196765,-3.3038875199437485,-3.3735918923352735,-3.261055252207968,-3.276600875249505,-3.2980157545573543,-3.2980157562256363
-3.1753770063542666,-3.0771003902347247,-3.224932438080563,-3.238058644445343,-3.098524163996058,-3.228733974861141,-3.14855075352888,-3.1670687900795986,-3.1738399893392457,-3.1969602653578066,-3.191983829807471,-3.1919838304277652
-3.194311931923754,-3.0839426453335532,-3.1869013423215238,-3.199187089814786,-3.1378934651526045,-3.2306863544591553,-3.1786134550662117,-3.197322598358161,-3.185080156859549,-3.2073145018136935,-3.207376998753424,-3.207376999325077
-3.185199012007473,-3.075742865661256,-3.141310907166897,-3.140217284585286,-3.167423980683715,-3.2095902988606673,-3.175951073643353,-3.222926042221457,-3.1974494086883842,-3.2178449102615216,-3.205462323098473,-3.205462324423947
-3.151151914456242,-3.039599003737343,-3.1105695362447707,-3.097287155255441,-3.158515514268144,-3.182772802914524,-3.158276281957383,-3.2357911501214174,-3.1966708119127087,-3.215818246621632,-3.1979678748798435,-3.1979678764224904
-3.183343050680428,-3.1027272086509425,-3.1237516969602983,-3.109480934896568,-3.193862951826639,-3.2022371607282762,-3.198164440858579,-3.2709920903364065,-3.2092455686025945,-3.2282321402761793,-3.2205664123577487,-3.220566413808688
-3.174025569359106,-3.077004273986164,-3.148271449055352,-3.1389888747167105,-3.2182845007444447,-3.219828498953688,-3.2261055735716275,-3.2974641746756572,-3.2235023572491057,-3.2417026127941266,-3.2396186164971104,-3.23961861806951
-3.191323428957961,-3.127112621383186,-3.1644880406250926,-3.1625622623893066,-3.24948792487554,-3.242122109299012,-3.2505778593121173,-3.3539762589549103,-3.2368818951495273,-3.2547852933909307,-3.2616557824756276,-3.261655783917093
-3.1853226241541264,-3.108011868376738,-3.1565191987474925,-3.140178546068196,-3.1907627643965784,-3.208016600869007,-3.206434000255398,-3.2955695230478668,-3.2297605141545365,-3.247084921376552,-3.2488955561017114,-3.2488955578374865
-3.220342941290658,-3.1994468529313065,-3.1848971640952595,-3.1682666211925756,-3.2193702183482547,-3.228354538218645,-3.236819084615362,-3.318095077198424,-3.245387271808716,-3.2621757322336693,-3.2732996426103567,-3.27329964427999
-3.2607312583308667,-3.2127150849926167,-3.2159397164015098,-3.2071802385830757,-3.22731974463938,-3.2431335490321165,-3.251880267806147,-3.335221171462598,-3.254003787032965,-3.2711296047560143,-3.288071048170959,-3.288071049775003
-3.2103910550617165,-3.168446154006489,-3.1972639182746594,-3.1900711506437984,-3.208095780870524,-3.232711867506375,-3.2390480479321315,-3.35211943001591,-3.259097733131743,-3.2749886585426893,-3.2874770420069996,-3.287477043795109
-3.2659527346861794,-3.2005753998404276,-3.237563292796273,-3.2258425765803636,-3.2196876030383574,-3.2410292557799605,-3.2445829653026674,-3.3418069431500195,-3.2731823331868757,-3.288972584106377,-3.295570814384347,-3.295570816327349
-3.2760850707672633,-3.227134522035252,-3.259238783772162,-3.2540631898350183,-3.213580899555393,-3.244582927926082,-3.234794943928217,-3.3245896637489047,-3.286398334189581,-3.3017295279013137,-3.3111770839854398,-3.311177085929896
-3.2424293299085933,-3.172658451141625,-3.256779948870271,-3.2592412508531643,-3.1879678068026776,-3.218027606767839,-3.2107611024969307,-3.2655639299601122,-3.294954939598342,-3.3122813685481662,-3.306565782697109,-3.3065657856744513
-3.2522445686716437,-3.2054281833266667,-3.26989575798782,-3.2802721433298885,-3.204764978981588,-3.2269356938454266,-3.2373092869603974,-3.294855016271964,-3.3045535812240043,-3.322031999475038,-3.327955266957039,-3.32795526961062
-3.22352350901856,-3.202262168868537,-3.2642846540013237,-3.285958950948905,-3.1746647870501743,-3.223547096728521,-3.249104903718581,-3.2497916122961215,-3.29753468106337,-3.3161921149858213,-3.320866841033996,-3.3208668437828313
-3.184032060877172,-3.2027599987513256,-3.2322956724774485,-3.264227818676151,-3.1420452451079037,-3.1912931756400167,-3.2133053782710728,-3.2234389305730287,-3.3135350869497966,-3.331405266022756,-3.3306343546656523,-3.3306343570075816
-3.1793489963126067,-3.2001475624684983,-3.2370874330318156,-3.2648753305094673,-3.1174473182221236,-3.1792395387954104,-3.1906794182453853,-3.2105727059898026,-3.3184349199360144,-3.3386793430906128,-3.3457092776196173,-3.34570927947698
-3.1773352888992403,-3.1619677228196252,-3.21747694983105,-3.246779387908607,-3.1280993795210827,-3.178040419270658,-3.2094231841936534,-3.2056805408739417,-3.3270792565376035,-3.3457387032864068,-3.3486697137418595,-3.3486697156594425
-3.2076507792889024,-3.2129126271242647,-3.2219831502365075,-3.2535242576909664,-3.145428392062089,-3.1993018693657103,-3.24724696740799,-3.2091425584224353,-3.332311272929762,-3.3511541330081847,-3.3627933066752336,-3.3627933084227712
-3.190984905407988,-3.2084631593448365,-3.21811485947059,-3.2523398218226216,-3.1394499144877384,-3.210975576816072,-3.2570175795720253,-3.195278714128067,-3.3331758925512043,-3.3516405620400533,-3.374631849600048,-3.3746318512095517
-2.531413696111021,1.14281044859846,5.9068376873854085,6.73460894335153,1.6708022918603342,4.520860975679635,10.59684877701337,3.8938532324057276,11.822818854995516,13.07639382499628,15.229473196122733,15.229473472378931
21.429977589718355,25.466137031027532,29.624296182088354,31.72701481014552,14.728999302022263,29.4271054189226,24.7501389121923,13.318273867272495,37.914850346162254,41.4498518120748,42.482298551033686,42.48229860504952
-2.760156757229245,-2.7218309633289897,-2.905212966215016,-2.912390861127064,-2.628394679930267,-2.8916540464951384,-2.7181125726324016,-2.6485186799598885,-2.951871143703066,-3.0274070612682085,-3.0244729785990287,-3.0244729772406576
-2.7184683643549823,-2.6384962759014554,-2.767961839106794,-2.7740774125435523,-2.655472901756506,-2.8789275560126923,-2.7228190075420953,-2.676570147204363,-2.95296137260143,-2.932000044713601,-3.0367052122841103,-3.036705210109152
-2.6046192656755776,-2.4973493331409067,-2.730853550374555,-2.736284761297321,-2.6926691692149483,-2.8741382627967575,-2.7326230693321425,-2.7089707525966524,-2.9421364618815486,-2.9299555638742594,-3.023227141858618,-3.02322713993553
-2.6564040959442714,-2.567796988089772,-2.734698688466858,-2.738962688345709,-2.7264774595378003,-2.8694654666948223,-2.744617822878929,-2.7302381149279062,-2.942911847158752,-2.936433273332651,-3.014024680829457,-3.0140246790526652
-2.6633496890415613,-2.573462442671153,-2.7318882857436395,-2.725259485890985,-2.786201842121911,-2.8756906503144015,-2.7949043829024394,-2.7951691723075354,-2.938090131107547,-2.9403856753258095,-3.025183292825916,-3.025183290467833
-2.7597712070965454,-2.6662260167531113,-2.723799379176773,-2.7074019298093535,-2.857931988934326,-2.9024784806905126,-2.8588523618646073,-2.85195392856006,-2.9606126267969715,-2.963970183616377,-3.0455661834558674,-3.045566181484496
-2.7620893497385195,-2.6859442523000263,-2.7332025247683234,-2.706260402152552,-2.9349794835197898,-2.9296622060746373,-2.911107483537605,-2.901220161625687,-2.979874219388191,-2.985488025845489,-3.0503399031984575,-3.0503399019577224
-2.775604419419304,-2.67601978546671,-2.742421623390095,-2.7110517133743683,-2.961060049015542,-2.9427831315527144,-2.9522578860346145,-2.9291438991511844,-2.9973705694457458,-3.0042036388518922,-3.0574458974776606,-3.0574458963157256
-2.785930025480287,-2.736237612591671,-2.7576745978256314,-2.726827741410994,-2.971706997563247,-2.968659949000799,-2.9971583887641664,-2.955866903993388,-3.010768617468044,-3.020256595549008,-3.076703664720714,-3.0767036635332037
-2.7891459861740975,-2.7415419605662565,-2.787006669241368,-2.757079940177394,-2.933870672601402,-2.958681922705271,-2.9847680061179953,-2.9675663673247197,-2.9633337670330415,-2.9855590888045755,-3.040311356070852,-3.040311354302141
-2.8439043760676004,-2.778835689499929,-2.7855037399459905,-2.7503545412459953,-2.990378430699014,-2.9826495948819125,-3.036256838316601,-3.0178070811491597,-2.9818534712219167,-3.004035751519736,-3.0614923787065575,-3.0614923772303904
-2.830732396632463,-2.7703295365717437,-2.8042997570843617,-2.7687654636763366,-3.019417209864736,-3.0021833862503438,-3.0674783225459885,-3.058607605636237,-2.998730168550491,-3.021542546143621,-3.073270310314368,-3.073270309041309
-2.8898524300766835,-2.8346338044581403,-2.817654265156291,-2.7826348953297635,-3.02932168542026,-3.0287453189328413,-3.096993709197065,-3.079895555515722,-3.0126506041013017,-3.036404690201106,-3.0932746085629743,-3.093274607457004
-2.953948829472493,-2.8617131715073816,-2.8353580172745025,-2.8035133854940733,-3.0121893189821565,-3.048739461776432,-3.1116963492873415,-3.080611599740444,-3.019768811686726,-3.0454450279783756,-3.0994895674478027,-3.0994895664360547
-3.0261383407138966,-2.92799241678962,-2.892453572397368,-2.8601879877199243,-3.0182655381914283,-3.0639327778794434,-3.107755395062219,-3.079506390038135,-3.026878114309963,-3.052922993459713,-3.0955330857310335,-3.09553308515417
-3.0786197140020497,-2.999120864554616,-2.9073230431247454,-2.871754655110393,-3.071316734181243,-3.08080826266058,-3.1299470443997146,-3.1150148514653293,-3.0459990495586364,-3.072576863017116,-3.1059507490545264,-3.1059507490630045
-3.1538539333905664,-3.1370162020297743,-2.9519940099011,-2.9119994661135,-3.107835072238172,-3.1020700353941217,-3.137718463634938,-3.1308578987451092,-3.056699194500329,-3.0846105148747847,-3.115490848828359,-3.1154908490191726
-3.1404134402347497,-3.082771088390955,-2.988751392452583,-2.95322707835084,-3.1327957255765284,-3.1238952951424315,-3.1808504129948454,-3.1550664303128713,-3.0756256920766423,-3.1034961534107817,-3.136670708704039,-3.136670709164556
-3.201268329723369,-3.1581761483550443,-3.014224684951253,-2.9837525662004905,-3.135162352811537,-3.144791058544164,-3.199152699356703,-3.1689376874825195,-3.092378227710908,-3.1207966817467465,-3.1632580701095554,-3.1632580706136886
-3.183732278689577,-3.164765244724867,-3.0418882217058867,-3.014843959254604,-3.126315915371532,-3.1580535625252963,-3.2019202223542695,-3.17322392910872,-3.100286555635262,-3.130641787322322,-3.1802328119574197,-3.1802328123011243
-3.2286386090575947,-3.1874460782637226,-3.0746494738283805,-3.0562066507364585,-3.1319657229446474,-3.1632653376625064,-3.2234589168927372,-3.1987867562913155,-3.1196263653079632,-3.149568887637945,-3.1861940913008673,-3.1861940922901164
-3.0426615008853926,-2.993692670071458,-3.005403220675867,-2.996727494975854,-2.9183941510213094,-3.0755634938961887,-3.040113242665144,-2.9579547536216024,-3.039503165269834,-3.0763559915860603,-3.126935268495885,-3.1269352678840425
-3.0370978794925483,-2.9265406991762095,-2.939839261129325,-2.932667508849528,-2.8801768956633493,-3.061779716338568,-3.0020371259924876,-2.9309513131936584,-3.0345713572403996,-3.0737955164067103,-3.1234481908388663,-3.1234481902751785
-3.023782497372009,-2.8999378613290476,-2.905100895554713,-2.896336138044657,-2.907375838886476,-3.0857366446484153,-3.02826999788457,-2.9649032327759848,-3.053104715511098,-3.0919351543759044,-3.1494224909236572,-3.1494224905517028
-2.9120211786109946,-2.8048236974086036,-2.8749759219171542,-2.8691874760434,-2.8830304211479385,-3.0790572339213127,-3.0030172008690603,-2.954213375312709,-3.0472721763789368,-3.075457829781088,-3.156205865029378,-3.1562058640837884
-2.950775534143246,-2.8706428991792343,-2.8761381653972085,-2.871626576220039,-2.921770964694941,-3.11114553294595,-3.0357949242112636,-3.0066451507986143,-3.0656525301434088,-3.0949615926480734,-3.1801598772141286,-3.1801598763584744
-2.943999933281841,-2.8917431870430654,-2.8690707701814837,-2.8677000207240626,-2.891941762238449,-3.0962410311923096,-3.0225346270731794,-2.9760436144094444,-3.0585941305097024,-3.0909600164529047,-3.1576259429787457,-3.157625942297189
-2.980881731274578,-2.9436928521486783,-2.9065798835157817,-2.9051274099090403,-2.9503330684127063,-3.1348691028630475,-3.09663080068619,-3.043839796351603,-3.0684357522038654,-3.102663652893883,-3.17584546926131,-3.1758454685604836
-2.9864875981344197,-2.9828865958766357,-2.9210095360918227,-2.915464319535044,-2.9861858631496765,-3.1560361482517676,-3.15729336483047,-3.094617386757019,-3.0656495341069503,-3.1045324320971615,-3.1836805888537696,-3.183680587718319
-3.066182672115958,-3.021766322870434,-2.9227645784938634,-2.910506666882752,-3.038704661699304,-3.18623074675241,-3.2276763599066443,-3.15106848316077,-3.088219694474348,-3.1262976769557085,-3.2116366585813196,-3.211636657727558
-3.166167678175742,-3.1275836902937426,-2.958193323740702,-2.9386388166072726,-3.0904087596147,-3.224367174541641,-3.268557925886904,-3.1962516241852352,-3.110663350328708,-3.148240398154569,-3.233185079825331,-3.233185079441118
-3.1936352569920787,-3.153184960319284,-3.0150918921384187,-2.993287784784762,-3.131503641766723,-3.266499349476406,-3.298557908144841,-3.2346950610342757,-3.127912932459595,-3.1652856216344754,-3.256779433203522,-3.2567794329720208
-3.2928264655180737,-3.2623403089954177,-3.064600464596083,-3.044735281942734,-3.151353174731903,-3.2924934984930343,-3.3119083440929127,-3.251799992791823,-3.1464707221186776,-3.1837178726018776,-3.276601166469539,-3.2766011664925276
-3.275904534688178,-3.252785101864206,-3.1053009927100925,-3.0910474410103816,-3.1343297435871182,-3.294465962645065,-3.3093934662488653,-3.2877768186993768,-3.1200184030100555,-3.1643078436129954,-3.25900392053937,-3.259003919455753
-3.3355216796929352,-3.2536477468851746,-3.0955817264329037,-3.0820160850982017,-3.1695471900230263,-3.313379398477481,-3.3319891844266514,-3.312046434483602,-3.1422934877466986,-3.185835460505987,-3.2891321534244726,-3.289132152535422
-3.356593193400829,-3.2565524581691667,-3.1148202118963577,-3.1050589281967103,-3.1967738509965185,-3.3269300774786745,-3.352974760803252,-3.3255516482259027,-3.163569074832376,-3.2065606293210798,-3.3086623803773962,-3.3086623799020893
-3.3487585700654723,-3.2618806231008914,-3.1356933421158035,-3.125881898113626,-3.218725920057717,-3.340038233389046,-3.3600556379840723,-3.3422908743166735,-3.1802497320061893,-3.223792914276155,-3.3304319103078788,-3.330431909971251
-3.366461985998278,-3.286221344867257,-3.1511617428982603,-3.151671410757182,-3.2229263191644355,-3.3354118478425154,-3.3558371616009546,-3.335268120019421,-3.2014834750813526,-3.2444691882255525,-3.3358508434908676,-3.335850844196359
-3.3545938666550237,-3.28464620567516,-3.1606543468773918,-3.172689256679788,-3.236663730635501,-3.330420496710966,-3.3741238497897297,-3.3394423807020024,-3.220375395440532,-3.262944085988841,-3.3466425735058865,-3.3466425747613417
-3.336481324085244,-3.274524289497405,-3.183312160076852,-3.194204312402002,-3.242834530598608,-3.3436079769627325,-3.3929803535391416,-3.3432754459602876,-3.2341995318520116,-3.2774807695362402,-3.3607847172644356,-3.3607847185533446
-3.41372050347678,-3.3543604523090824,-3.237483246851095,-3.2434613504222973,-3.2699039133550936,-3.3769999734966825,-3.433314871398428,-3.3671654116826426,-3.240429225546501,-3.284433723131236,-3.367333567064579,-3.367333568442871
-3.4141346565334523,-3.3613670447902084,-3.250193165245957,-3.238920021587205,-3.2711913014543814,-3.365870950663571,-3.4098844082476862,-3.3554084281637,-3.2559480162193264,-3.299486357897701,-3.3616403681969973,-3.3616403706661355
-3.395551378060743,-3.330827020027321,-3.3031234504820244,-3.28592137442871,-3.3000154775309385,-3.3842993995640214,-3.41642042336198,-3.356519149957652,-3.268456024540451,-3.3118877115469902,-3.37764117566276,-3.3776411782653657
-3.3724635841555823,-3.332994947711855,-3.374261266377504,-3.3457243240178554,-3.237003201966302,-3.3453605377040785,-3.3331136676066384,-3.213011086113103,-3.2092614818538534,-3.260677563736979,-3.2972148477219694,-3.2972148493553437
-3.2663961519350435,-3.2552179753496207,-3.361037979347733,-3.3190653235763827,-3.1502990438972165,-3.279919352294757,-3.240136134082716,-3.1443245268492452,-3.1407768434931276,-3.197862923822305,-3.2083046805019375,-3.20830468187372
-3.2494730784285597,-3.216114747318551,-3.3590970307865113,-3.302977563259131,-3.191842079799541,-3.2632913991162735,-3.2265753530349377,-3.1356125870635636,-3.1418260827865025,-3.198886354669913,-3.196993733833969,-3.196993735255103
-3.2583862793018143,-3.2450390188249463,-3.352374644441283,-3.3073739023898496,-3.2100038177822707,-3.2339244535954528,-3.2548643505394055,-3.1337526276021785,-3.1523508186122644,-3.2096662889201886,-3.1885747627063266,-3.1885747645952955
-3.2737534664357835,-3.287635055762472,-3.3634276118794526,-3.3224903639663363,-3.2553049942903263,-3.2404661291893277,-3.295351753475608,-3.1814568912737005,-3.166856015655788,-3.2233163635728443,-3.2128098437609047,-3.212809845670189
-3.231871421426551,-3.248481075170843,-3.3806423519896063,-3.3311006204283755,-3.2554732681272216,-3.2338419592327057,-3.2770649030437102,-3.1847550639368185,-3.1632496002161545,-3.2210103006215873,-3.213335663407963,-3.2133356651632585
-3.23271558872461,-3.2219094044498666,-3.365861212510341,-3.3159123141083824,-3.2904710195751723,-3.2455650904562274,-3.307886001285953,-3.2246654712741094,-3.18305617651103,-3.239440440496595,-3.242051563090376,-3.242051564974166
-3.31046714492506,-3.3025534321368184,-3.362910198228273,-3.32782658264566,-3.306671246792648,-3.2569985908135135,-3.331729594908647,-3.262836672308861,-3.202504154451176,-3.2576901043134208,-3.260468064227126,-3.2604680664072667
-3.2246452520715723,-3.2451514693808026,-3.341411350350351,-3.3248832521779526,-3.132546130075074,-3.1986751092602272,-3.24373683723745,-3.099284956008273,-3.151799827528326,-3.2113847698124722,-3.217771731285219,-3.2177717328487097
-3.234201003824955,-3.2578632051708603,-3.33768329821773,-3.321646107424565,-3.171570341000623,-3.2247065285573844,-3.312785434027812,-3.1474810270542966,-3.1725241376282183,-3.230689263776424,-3.2475524193204355,-3.2475524209835642
-3.2135138909221475,-3.235603757387179,-3.328590573511612,-3.3068452511878266,-3.1378586351039472,-3.2145730540876505,-3.2915330992919483,-3.1481508217683687,-3.165345471012758,-3.224737179742995,-3.2359292850047914,-3.235929286568517
-3.2107375985480116,-3.2203891710515435,-3.3045225484821388,-3.279552048169477,-3.1591806326450587,-3.22703002560446,-3.331584968920002,-3.185356037348825,-3.1805524225909902,-3.2384965564845567,-3.2553401228861887,-3.2553401245947615
-3.169017196105317,-3.1741681892879194,-3.2789906327628278,-3.2437771284501,-3.075977799836126,-3.18238910426067,-3.231454692495579,-3.1009014198327263,-3.1385540144000066,-3.199657411548977,-3.198481631691765,-3.198481633036964
-3.122423837968419,-3.1168436918229263,-3.2618031235138742,-3.2139197480171977,-3.1036399459316955,-3.1848388140370347,-3.2422215450765175,-3.1303117446800273,-3.1460488735281675,-3.2071912548669355,-3.21427422546447,-3.2142742266853324
-3.109511964031129,-3.115554640905377,-3.2467024154634627,-3.199400902631407,-3.1201650240264795,-3.1864843421738698,-3.2430596604992705,-3.1594732927408806,-3.163678623260428,-3.224025647511981,-3.2306601249543023,-3.230660126597053
-3.1047199930620906,-3.0861455936173314,-3.23402722085221,-3.185503164018605,-3.1248604602076604,-3.191571827700374,-3.253203220589329,-3.1707559712764772,-3.176932045951797,-3.2357072759259093,-3.2493836092761086,-3.24938361106497
-3.1372762289883545,-3.127801805918563,-3.257345873820486,-3.2030339123317435,-3.1376579188581224,-3.2182444591665034,-3.264853313317069,-3.1844605987485126,-3.225142095916531,-3.2389676626690025,-3.2684907763012947,-3.2684907779836285
-3.1296045564372017,-3.101123177105,-3.2278123565516474,-3.1975200100975028,-3.147876878895263,-3.18287880010151,-3.241242643676991,-3.1579493831602834,-3.2367647070651158,-3.250079276108631,-3.229881599342228,-3.2298816030379154
-3.0891334345584323,-3.086911904697406,-3.2133112629907004,-3.1859517439303144,-3.1849962284138638,-3.1915898837023793,-3.288903234555057,-3.2162092712547268,-3.256038132315262,-3.268026633588185,-3.261863538354012,-3.261863542011246
-3.139816493308353,-3.138913249013963,-3.2336486381720655,-3.1943225102971033,-3.212460066142145,-3.2050039053340127,-3.30511852557789,-3.243204864229309,-3.2730716046220008,-3.2841862059265106,-3.2855110161501253,-3.2855110198725623
-3.1556631015853887,-3.157405942833721,-3.2827805825058776,-3.228692429233762,-3.2218309690210747,-3.2136513851862922,-3.289330073925722,-3.266040582312109,-3.2886487071751573,-3.2999798318153766,-3.302670273395295,-3.3026702771888523
-3.1990494066579798,-3.1675806418060466,-3.3001446273085207,-3.2438302742894076,-3.1889350954261944,-3.215933740500221,-3.2560260676881834,-3.2204927695482533,-3.2753773359328364,-3.2879506035755557,-3.2913110324261843,-3.291311035982677
-3.2244725406783536,-3.2091432691148016,-3.3135839542215964,-3.247837526306525,-3.2152628692055467,-3.2287668743115807,-3.25037098151231,-3.232595877384018,-3.293247594549312,-3.3046733095306156,-3.2962874876290424,-3.2962874918769067
-3.2588136529625924,-3.2305217953018337,-3.3113957982199116,-3.254463557420827,-3.2736587264958255,-3.2678204758125653,-3.2762916468120764,-3.271936211410374,-3.3097002073709443,-3.320573843787156,-3.3196862155493605,-3.3196862197929713
-3.283268555341288,-3.240764564663201,-3.292413582966024,-3.252657489809657,-3.1706713219167444,-3.2366960503467705,-3.199350385422027,-3.2972995162471044,-3.227769609148201,-3.2412471309138455,-3.2210880685810137,-3.221088072950886
-3.2183465716269675,-3.1941721421435108,-3.2686273107230908,-3.2160595778396,-3.20814117848018,-3.2293083179657236,-3.2015219919588565,-3.2998756501633046,-3.243094603496729,-3.2554462504735557,-3.2178327778629097,-3.2178327827477387
-3.171488403185984,-3.1902791705928344,-3.2581741298236766,-3.207996896225959,-3.2065746922048866,-3.237064041469777,-3.2174722690312345,-3.26583840575462,-3.2446518440184433,-3.2583456448709334,-3.2244059616357257,-3.224405966301984
-3.1892398318817685,-3.230516051760353,-3.2500527684541423,-3.209584921588638,-3.1860735383100436,-3.2347047485768003,-3.2342129615359223,-3.226960906179162,-3.244709635622036,-3.262444555968117,-3.230909156886096,-3.230909161376235
-3.0577323304822013,-3.124525507750947,-3.268469883770501,-3.2230840674495047,-3.135457720085462,-3.198049168308609,-3.1836833409020384,-3.144058302841085,-3.2194594289547593,-3.23745954127121,-3.1823574645421946,-3.1823574690300958
-3.1425140333532253,-3.196383546957435,-3.294591906495979,-3.2384593937892467,-3.190015530251102,-3.221690086055717,-3.234149641288651,-3.1747640682857954,-3.2372094092333237,-3.25410034441545,-3.2102813113913635,-3.210281315818937
-3.1636450031917116,-3.1931639863519905,-3.2997218326581605,-3.2353780523621336,-3.1999970252792918,-3.243605763679035,-3.251524831142174,-3.1800575220879788,-3.2486081137206493,-3.265544750082906,-3.2313078543337967,-3.231307858600326
-3.1309617333550763,-3.1767319996878047,-3.270246407144861,-3.219865832151747,-3.190303722989894,-3.2582528570947744,-3.2383680054189012,-3.166710538978415,-3.253703548145686,-3.271682644373941,-3.243253086375052,-3.2432530906373356
-3.0958149001116135,-3.146055736755354,-3.2650328227858147,-3.2045149763333445,-3.2089970898677938,-3.2651495475425483,-3.2288219963738514,-3.1723447036967256,-3.2597331107005774,-3.27956118718308,-3.25335359841009,-3.253353602794392
-3.1183223475975055,-3.1738979004209087,-3.2574608611267566,-3.1975047011597435,-3.2311324989069594,-3.2838852453245906,-3.2472282074293486,-3.1886129437311235,-3.2785485374343706,-3.297017714816452,-3.276814330906424,-3.2768143353316344
-3.0748643073658375,-3.1042158923344525,-3.2516608188964695,-3.202375427760619,-3.2351704320542902,-3.298077563033673,-3.261784584206676,-3.206817852707874,-3.2956837914056702,-3.313419091166773,-3.300425269368626,-3.3004252737346
-3.0776615144848005,-3.0937264176135373,-3.2490619544782904,-3.206894248169353,-3.2220498964524023,-3.3063049190219935,-3.253225805437588,-3.217385998912217,-3.2925510024985893,-3.3121377939831835,-3.3114159046914686,-3.3114159085620196
12.215675405198782,11.37089542931301,25.272997655323948,20.928142372162036,26.46490702353814,34.295247211428574,27.964061297092606,26.49986498057052,32.95446958567194,34.93885258681796,35.3910607220172,35.39106114365165
-2.9360714093244917,-2.9627688362545817,-3.0357784237612133,-2.9963111985146953,-2.795763963696477,-3.0435095278354067,-2.9016746176613033,-2.848206730035436,-3.1088778892836837,-3.137588339738477,-3.1460287758588708,-3.1460287765859727
-2.8968030090255397,-2.953547861218625,-3.0136357929677233,-2.968799183430679,-2.874552040145738,-3.0785145624784724,-3.010994127013792,-2.9289270540083097,-3.1202921421867265,-3.146748230144943,-3.1663507076983626,-3.166350708435323
-2.885489451853384,-2.9316473335204956,-2.990374060469056,-2.933855392946867,-2.9146193301397116,-3.0974429067992872,-3.056399382652917,-2.9713633178828878,-3.1262802693811933,-3.150093420318908,-3.175961168617261,-3.1759611694770444
-2.8823379673378544,-2.9035190658659,-2.9830199470199803,-2.9223926859184335,-2.951647755920183,-3.1203780227828606,-3.109301548742941,-3.001638835913678,-3.1328344805262054,-3.1538986469701245,-3.179746489149307,-3.1797464901637618
-2.922016300338368,-2.9019867350793893,-3.0262660741064025,-2.9637087213870843,-3.0207581435628104,-3.1743370934252626,-3.194407839988829,-3.069713432730815,-3.1494692308074237,-3.168174885806634,-3.20566113925143,-3.2056611403127304
-2.9654049559282365,-2.9765392835106006,-3.0829240491291046,-3.021602847724891,-3.066310054953513,-3.2157229255894926,-3.2403562015312906,-3.1062979224701417,-3.149671568366311,-3.167702403670094,-3.210815381935674,-3.2108153829028345
-3.0409471389613643,-3.0459352038364367,-3.094756276988126,-3.040442728843241,-3.0895800997448983,-3.2351116004738607,-3.2708430160649953,-3.1294053064454657,-3.156819657118987,-3.172779543215445,-3.217356843415092,-3.2173568444424503
-3.139101643745147,-3.1152618018669385,-3.113319810439763,-3.065734312523235,-3.1361441821786853,-3.277781467341809,-3.316734366426478,-3.1739020839608667,-3.1730117288765767,-3.1870968366549848,-3.244102865282162,-3.2441028663147646
-3.186905642929819,-3.166945394540956,-3.120075781315264,-3.0842883842698714,-3.1585733988646276,-3.3077483624055892,-3.3512836387357856,-3.197422605228101,-3.1835924053273716,-3.195807272234357,-3.25944291434117,-3.25944291541919
-3.2210788536515835,-3.196210487310913,-3.1388324397749314,-3.109118064671148,-3.143544712457722,-3.3023341453070234,-3.322037108791111,-3.1803876426874167,-3.184052604422945,-3.196046551126194,-3.2592108842761256,-3.2592108851634096
-3.2248641581127466,-3.187740197324438,-3.140345872168189,-3.117329643352759,-3.149152556045767,-3.3004517480334177,-3.3104572086603756,-3.196838588327288,-3.1973933148564164,-3.208131758801975,-3.280852483838178,-3.2808524846833844
-3.1730154272522157,-3.1705512585867934,-3.1411300781922136,-3.117134386482501,-3.112078991259449,-3.2791587651511245,-3.24804182949196,-3.170185491048138,-3.1644946607310755,-3.1795483986921225,-3.259288411457859,-3.2592884114105836
-3.1963745177466585,-3.1450876700293366,-3.1563856088162625,-3.1337708881438378,-3.146120000208178,-3.291460845394772,-3.2527238094580593,-3.2086710838316312,-3.1811615200607495,-3.193519101912607,-3.2719740311291754,-3.271974031689055
-3.2990343700979383,-3.184043379241796,-3.2032228847001614,-3.182818748806579,-3.1547651420776495,-3.298287640633363,-3.2421536814811276,-3.1925846717927273,-3.1698378011813815,-3.1804369591290245,-3.2535765512584574,-3.253576551951635
-3.344278156819431,-3.2212846418000165,-3.219013988814138,-3.204383926332965,-3.206782114540962,-3.3318691911383778,-3.2785719685343873,-3.230658198075207,-3.1872710108371565,-3.1960901497010767,-3.2787080552461814,-3.2787080560326505
-3.3519847322251914,-3.231710835607192,-3.233674240088246,-3.2260358921655854,-3.234976912787509,-3.36567967239171,-3.327002551935661,-3.2459180808968346,-3.1996506766980533,-3.2073707350910845,-3.3005531842034728,-3.3005531849761596
-3.2442882159364963,-3.169392175851068,-3.161510779996995,-3.1750201717706363,-3.142010636228598,-3.271616891745468,-3.202129188505811,-3.1413208995168063,-3.209429649524278,-3.2143104768309367,-3.2544572085764956,-3.2544572116327046
-3.1788762710955187,-3.0738711112506314,-3.1315286288622373,-3.1425055653233174,-3.1329891539596844,-3.231845283103588,-3.15290144947158,-3.133087706812761,-3.2184204672980696,-3.2207421267495793,-3.2521195004889547,-3.2521195041686646
-3.135339833335908,-3.039697645697466,-3.0928947658916464,-3.100958085990983,-3.152161039700018,-3.209306067591757,-3.137986439501738,-3.1362277097315707,-3.232709744988512,-3.232991472724881,-3.266232425067603,-3.2662324289747358
-3.116580854142354,-3.016949325400776,-3.074201945022679,-3.08626754436018,-3.1446873269189566,-3.197675145933659,-3.1285693252984386,-3.1247744259676953,-3.2228571305230616,-3.2233120489024722,-3.25844218078193,-3.258442184706579
-3.1209018883691204,-3.019355738805503,-3.0756049126284983,-3.0941076461701686,-3.1973460826430404,-3.2231477102335675,-3.1642380356191744,-3.161781157801616,-3.2321579795252537,-3.2325443018218234,-3.278564659399998,-3.278564663331493
-3.1379217486086595,-3.0658499421769236,-3.077669226879102,-3.101072873012638,-3.2207015034133066,-3.244494803159931,-3.1929171043257534,-3.1809958765732533,-3.246777878948999,-3.2458439374822574,-3.302342823926995,-3.3023428277919296
-3.1728177871765118,-3.115750347292467,-3.1145252562566075,-3.1397992064770355,-3.2283308984283017,-3.2613412867360414,-3.1940810219718108,-3.1880196303443107,-3.2592531930802755,-3.2567442526117203,-3.3115639083341564,-3.311563912311238
-3.196768514318612,-3.15756282128031,-3.1330903746309398,-3.1505991965966884,-3.139460760556333,-3.235323910849972,-3.1352104009322304,-3.116410434789291,-3.239098794103972,-3.2397658029594005,-3.295421661512945,-3.2954216652150334
-3.2466696666337413,-3.180206955750373,-3.1376984875818366,-3.1520968641461216,-3.1477877414835884,-3.245210791993614,-3.139318556485004,-3.126172037925004,-3.24802923208718,-3.2485372570858884,-3.3099052727060747,-3.3099052761407073
-3.2494916726776646,-3.2011756986392084,-3.1477822428878772,-3.1574358482887845,-3.162075755451434,-3.2559292653227256,-3.1499617219469203,-3.1426753147435473,-3.2578471807642835,-3.258353295950843,-3.3232761114748866,-3.323276114845724
-3.2213144585784814,-3.1890300109626013,-3.152947906967095,-3.1753281156960913,-3.187407988448791,-3.2855608207541507,-3.18409298311971,-3.177226556108308,-3.2570187344968193,-3.25803649797066,-3.3370364731258797,-3.3370364763219373
-3.2912542099366746,-3.289940228982446,-3.179676702120601,-3.2097794349142545,-3.2439851071283283,-3.3272495887628106,-3.251138920428774,-3.2179599625478135,-3.2708385405643194,-3.2709609619024027,-3.3582264865012497,-3.358226489716378
-3.2274081012782094,-3.2127760285097513,-3.1810692433549663,-3.2161080951676433,-3.2132869785584104,-3.312775324310329,-3.2136811645976957,-3.1731974507025487,-3.2723953933495458,-3.2725646149043834,-3.345441239551166,-3.345441242555356
-3.2674495791750657,-3.2619631124474164,-3.1754381694721348,-3.215738750702173,-3.2341323282712504,-3.326797985123809,-3.2274657028716396,-3.194502150807126,-3.2874937000878903,-3.2865670271264746,-3.366019295991864,-3.3660192990799973
-3.153642618589753,-3.100870914003937,-3.1615180077652676,-3.182446038304598,-3.096859297264634,-3.224571141290736,-3.0802006132693434,-3.035719096316173,-3.235447172231779,-3.2403648374915925,-3.2675292341993964,-3.267529235868933
-3.1843766181515223,-3.142299506164825,-3.1934795777421634,-3.2092229136195796,-3.15138344634346,-3.2276060331683234,-3.1027240860090526,-3.0654509714804457,-3.2340857453054483,-3.2373755209025417,-3.269969570535568,-3.2699695722729145
-3.1968164952828455,-3.154613515481114,-3.1906467197173844,-3.21293429286437,-3.174884718444941,-3.235231503702668,-3.1242478837514494,-3.083519665933675,-3.243616354435495,-3.2455883571273176,-3.289408586396461,-3.2894085881019395
-3.0934635819556444,-3.053858848521183,-3.073219965696426,-3.0966316534735467,-3.127268480780054,-3.139356522455072,-3.05431092739091,-3.0601070928686465,-3.255212772057631,-3.2542379545776505,-3.2204811070195554,-3.2204811120537915
-3.134086250691548,-3.099282761571932,-3.050032828230907,-3.065898596654395,-3.140905409664804,-3.1229561458361874,-3.0626232871920553,-3.051189906821201,-3.2511345577622213,-3.2489856179264764,-3.229843583770727,-3.229843588650759
-3.0644055847538745,-3.0503674922481334,-3.0557953914142306,-3.0745384186348876,-3.1879763897262365,-3.1355133018324834,-3.119025747498623,-3.083351087488168,-3.2649764720687044,-3.2615447582831227,-3.2560513169125547,-3.2560513217515252
-3.1001130948539295,-3.0810818104479973,-3.057403754732066,-3.0765756099698875,-3.1775170809178825,-3.1346771168349274,-3.15093147634218,-3.0996281730129898,-3.268429176075384,-3.2639955680944865,-3.2615158193521996,-3.261515824086952
-3.1195231840389677,-3.10509386702149,-3.067469822474536,-3.0862161438956397,-3.1980231223688795,-3.150802964860417,-3.198039533895673,-3.1398639948763516,-3.2773973973289383,-3.2725573603485842,-3.2844416474726237,-3.284441652056417
-3.1264249406470332,-3.145403484959386,-3.0779155609308555,-3.0982278820334934,-3.213568073357905,-3.1719779186348624,-3.233535131795051,-3.1797457220892387,-3.2866878385753657,-3.281085309369471,-3.3012474958586013,-3.30124750047276
-3.1887751233451804,-3.2004503074107316,-3.095189187032817,-3.1087466453325385,-3.2334618105491746,-3.2016446204174223,-1.8231145219582356,-3.202151752292889,0.26081195260799905,-0.1783686507396034,3.434334861731954,3.434335225766125
-3.1010994168786934,-3.104405584615548,-3.067122445334232,-3.057127450602328,-2.9864298645004643,-3.114753307981952,-3.0647737675456135,-2.9563249503681437,-3.1581025276855006,-3.1629656334123992,-3.2300942780682655,-3.230094281322846
-3.119819315381304,-3.1084208792800236,-3.0510356119778073,-3.0271739330919507,-3.0394590014399374,-3.144900458548622,-3.1213398971287836,-3.0173470355891707,-3.1593616825740725,-3.1654467902359227,-3.247096101482945,-3.2470961043833437
-3.0785362752743377,-3.0455497892529695,-3.0477111181086896,-3.019336672942586,-3.0891983556133713,-3.1846699642118117,-3.174730297560975,-3.072832860505246,-3.1734901794277492,-3.1784172253971823,-3.2685585285414267,-3.2685585315122534
-3.136696313405219,-3.076467468658241,-3.0334651504364043,-2.99203093488778,-3.142718052424632,-3.2100700967316356,-3.2086116957272774,-3.125079873230243,-3.1906230764651577,-3.1936241208924203,-3.286432649256372,-3.2864326526611523
-3.1233325492684925,-3.0344631133914786,-3.062090932257152,-3.0179283760340248,-3.1574110606967722,-3.222661191327669,-3.2044599341451554,-3.1516045265911323,-3.2025724092671415,-3.2041012414669927,-3.293718989523827,-3.293718993212309
-3.15143543536007,-3.090225430473584,-3.072884908411509,-3.0273074525700636,-3.1701937088418854,-3.237191060995181,-3.205424865316209,-3.1723247405660997,-3.2170270311118436,-3.2173118935267366,-3.3137668859238043,-3.3137668897212516
-3.207555474875803,-3.0976059775137816,-3.0815063713600015,-3.036211726440861,-3.192147247291014,-3.257111275917228,-3.219320079972629,-3.1900336999441254,-3.232407780864657,-3.231327613077406,-3.3325109666096746,-3.332510970497674
-3.1723794204937517,-3.054551995415051,-3.0479622316599846,-3.007200971444911,-3.0804801118337637,-3.205551000948641,-3.1378725616579315,-3.1167147562712203,-3.199250000917156,-3.1996821322412026,-3.2794859223247466,-3.279485925906787
-3.1823656233787405,-3.0864875376259366,-3.065059697004566,-3.029328322898478,-3.1307487555528395,-3.238456540263058,-3.1990065957379135,-3.159761386629794,-3.214846626908285,-3.214104090304096,-3.3032077158263515,-3.303207719479822
-3.2231050070685017,-3.1102891049531456,-3.0841999768720427,-3.0551196893554056,-3.1387080468197883,-3.2447595550013952,-3.2085705015625923,-3.163505808165956,-3.225518827907897,-3.224020582500426,-3.3117912226420994,-3.3117912262899893
-3.2240475692658044,-3.1400018828188667,-3.083194768659859,-3.0521123030865533,-3.152604095570499,-3.2457103378868495,-3.2122980424446483,-3.179727938814013,-3.2236058423868736,-3.2248082341283677,-3.3212266617733186,-3.321226665077861
-3.2244712361885393,-3.133640861080164,-3.108132682628862,-3.078415524295589,-3.1651695184943605,-3.2552299611894684,-3.213431731169091,-3.1884596857041387,-3.222416424366167,-3.223770707563221,-3.3241144747930207,-3.3241144779055025
-3.1424928769920637,-3.0601525154334817,-3.0842964061789298,-3.064994758140321,-3.142273260899311,-3.2183779230501632,-3.1577729154271257,-3.148256675267552,-3.2285013759088312,-3.228785072988748,-3.281385259074596,-3.281385263984525
-3.1292065583626765,-3.014216858820346,-3.0079724440943427,-2.990030092215558,-3.0750754952935933,-3.1454961027908617,-3.077322664854335,-3.112761543094983,-3.2160567879007274,-3.215494200565514,-3.236523815558339,-3.236523820963016
-3.0594643817613263,-2.991796581648866,-2.978966303068416,-2.955280888113391,-3.0588173963812184,-3.1298396299413778,-3.0760530118086216,-3.1025762434725603,-3.20619168446121,-3.199779993837856,-3.2371772192155484,-3.2371772240014764
-2.976790314576213,-2.9126307968127487,-2.960427026466081,-2.9273523310076612,-3.0283948802643508,-3.1024309418318667,-3.0494934980491957,-3.0720128765729138,-3.1693859426478075,-3.169813141241861,-3.212407708382532,-3.212407712101631
-2.9659473160039274,-2.898478900400803,-2.993957269591377,-2.956811085654346,-3.0930099413766703,-3.138503562973178,-3.1272135655747886,-3.134739643011511,-3.1842382036084467,-3.183468779283845,-3.237381160416701,-3.2373811641415386
-3.035585928257836,-2.947352286558543,-3.005009615985019,-2.963379949086278,-3.1217630393971985,-3.157673388335498,-3.1440064250753266,-3.1604485176864716,-3.1951844384848997,-3.193376340380944,-3.2559264892206827,-3.255926493023291
-2.961697156276419,-2.889610273168592,-2.9648450350642737,-2.9283771320040453,-2.9519023585200426,-3.097062542120926,-3.002982111697388,-2.9545618553726243,-3.111122010919382,-3.1096752263927834,-3.194579132405042,-3.1945791344336287
-2.9731079638478963,-2.8883617503616374,-2.945390570932064,-2.9101965898045092,-2.984825926886451,-3.1236469049753923,-3.0188021117327293,-2.9996626352795173,-3.1269364440777903,-3.124822574262317,-3.2172649175140875,-3.2172649196415204
-2.8890176391794102,-2.776468194789408,-2.871367884182975,-2.8386702033201225,-2.8507023135787595,-3.054464750886207,-2.893497748218042,-2.8651703415849776,-3.066488387610383,-3.0630189106725156,-3.156192006021336,-3.1561920069865277
-2.7667920993735247,-2.6703198146022675,-2.834703086454712,-2.805354731174243,-2.8946892894410854,-3.0809669347116726,-2.920514838409842,-2.908693081399349,-3.077613028514894,-3.0736615077813,-3.1705350391737825,-3.1705350403363832
-2.833176291251982,-2.7363249871098323,-2.868523039966811,-2.8403976425361668,-2.942946438358304,-3.103480984601393,-2.938006177575595,-2.9582744438508355,-3.094255226855534,-3.088950307920974,-3.1749052124144135,-3.1749052138027265
-2.909960856318905,-2.8422140704715035,-2.8739703454815495,-2.849962415384977,-2.944654009196889,-3.1032066375270086,-2.9508985277622215,-2.98167628869063,-3.1062517756626113,-3.1009737778720834,-3.1789445176363396,-3.1789445189460324
-2.866975463355134,-2.8399499243697464,-2.844089737164888,-2.8269595149324247,-2.8981074812212873,-3.083878714416147,-2.9234467187468045,-2.953898863999462,-3.0878657337165984,-3.0841740086781404,-3.1744512611238997,-3.17445126230444
-2.860995546881382,-2.828696022861132,-2.849333425519294,-2.8398390189326324,-2.8975122953751558,-3.079742447569247,-2.9282113217256542,-2.984469158938299,-3.106976008652258,-3.1024990696946597,-3.196137914112024,-3.1961379154038783
-2.8973499912716414,-2.88691623345334,-2.870546730849333,-2.868431531296314,-2.9049266818475266,-3.063669535432188,-2.9392013561090407,-3.01964361423691,-3.121154763132415,-3.1165732505443358,-3.1930082042217665,-3.1930082062965655
-2.9169209039146304,-2.9045990052276083,-2.872670281898296,-2.877831769124666,-2.9034671299074706,-3.0490242348799574,-2.93522642686984,-3.0480327250909753,-3.1382024877721535,-3.133345639129417,-3.215091934222568,-3.215091936266746
-2.94531437858131,-2.9415831924544644,-2.9117802154159653,-2.9233627739865584,-2.9246356125969646,-3.065722693978242,-2.958037104115861,-3.079077203120404,-3.1458170739857003,-3.1412219263295773,-1.770186744960911,-1.770186511689921
-2.81924363014911,-2.82998324082874,-2.829148760830435,-2.834455928051369,-2.7430311935537155,-2.9705875085770845,-2.8085671088130915,-2.8729924103746787,-3.044524953623694,-2.9791635506280096,-3.139332763154264,-3.13933276096715
-2.817703939296707,-2.783561816760661,-2.8040750025034225,-2.813324385642709,-2.747874439866695,-2.9594761627055215,-2.8112312540585407,-2.8883356214484923,-3.0532477727150016,-2.9921898768052926,-3.1359925526900345,-3.1359925507448514
-2.8410514501787314,-2.8185888685665668,-2.7976100232673766,-2.802030705843531,-2.767421285990702,-2.9635141347610556,-2.8177526531954977,-2.9181295445997417,-3.0545530672083805,-2.999754103543325,-3.1437956371475906,-3.1437956351112115
-2.847999597175312,-2.8270738959858868,-2.774420622358682,-2.7754081917839817,-2.7573947516974804,-2.9613918015115677,-2.806576985264677,-2.9126437348724625,-3.0528624380798,-3.0026960088664123,-3.1496473802498466,-3.1496473782952847
-2.798762826534126,-2.7968284756436272,-2.79547118885487,-2.7937155101491102,-2.813146909315737,-2.9907602857226427,-2.840640777491366,-2.9535101048903547,-3.0452965367713944,-3.002727720172195,-3.1552711979383687,-3.1552711954796573
-2.9171475313640145,-2.947917389225644,-2.8182988616213995,-2.8172421848427347,-2.8787903705657194,-3.0381162369337957,-2.898248586942232,-3.016263394720757,-3.0664225955732727,-3.0249127886030447,-3.18282959957384,-3.1828295972834484
-2.9314369690362136,-2.9337399701338605,-2.821912354911569,-2.8193514549562724,-2.8973625534879814,-3.0654927146729967,-2.9133741568024325,-3.029906002463931,-3.079678035369447,-3.039908051904211,-3.201975320942441,-3.2019753188057294
-2.8840707612217624,-2.904726383597619,-2.84850010877931,-2.844615923711707,-2.9504674125687425,-3.113162659235064,-2.957620402678585,-3.067288069505508,-3.101937642753403,-3.0627973008862064,-3.2249906269552118,-3.224990625056302
-2.948430886619434,-2.963560816332507,-2.8772455847227296,-2.873304325106168,-2.9982533513262286,-3.159205482253336,-2.9938491183270917,-3.096762899555226,-3.1238633794862927,-3.0852370916219543,-3.244915217720597,-3.244915216296215
-3.0854970149257883,-3.0970495503131166,-2.9272914153660112,-2.9251479087977525,-3.0513223406654175,-3.213345799897849,-3.037539601210619,-3.1296780094864234,-3.144533372952828,-3.106392624739417,-3.2707726914733386,-3.2707726902999994
-3.116134112597335,-3.113092587495759,-2.9821582551037165,-2.9870067880019073,-3.0475296096281332,-3.230617529549656,-3.0622970100144222,-3.120541563021624,-3.1031510996113574,-3.07580012507742,-3.231119195879172,-3.2311191939391692
-3.1382569869276624,-3.1387683107237736,-2.9975829737652138,-3.0041192334490225,-3.125479643761085,-3.2806431121869295,-3.1271864171469277,-3.160113497985399,-3.1242637925987005,-3.0970673725815665,-3.255533587718211,-3.2555335860541392
-3.180504110700887,-3.1379150794284927,-3.028891633788745,-3.037595017082162,-3.1633763195548736,-3.3044015739280326,-3.1394847537032673,-3.1732444493021257,-3.144941539445137,-3.1178172589181377,-3.2708131070784137,-3.270813105620636
-3.2239076795851553,-3.1706882443364606,-3.052500269593106,-3.0622288876771937,-3.1721062368039665,-3.3115513240428087,-3.1324119127832737,-3.1730693993876278,-3.160180406089293,-3.1344722057109626,-3.286805161317308,-3.28680515989164
-3.116234800919552,-3.0571536270480975,-2.980788629032162,-2.981305358643542,-2.977960773151909,-3.1955407423453797,-2.9727776076580685,-2.96992948054348,-3.090291096717458,-3.075884788036495,-3.2022508733122006,-3.2022508714508904
-3.0329277385607125,-2.9924476807399287,-2.962090276775723,-2.9522269055792996,-3.0335226980161574,-3.2122262261805785,-2.9881726821808643,-3.0019819616622203,-3.1006873050232358,-3.0887121387951315,-3.2049968820134755,-3.204996880696366
-2.988087027425129,-2.925524314427229,-2.9193328583719413,-2.9046696861037824,-3.0093003517225148,-3.186103869081049,-2.9566187569394824,-2.968579470643725,-3.098843439429891,-3.0886131926622866,-3.1835995088486393,-3.183599507981313
24.46243189460712,20.796314705048914,21.96041745713137,20.148807549788376,34.208202267552565,51.35263547624558,27.658733989954133,28.697937473753758,40.25735506321402,39.26365736602825,50.253267980967244,50.25326784201371
-2.5815218046568917,-2.597160292367116,-2.7435702103968236,-2.7233079700622027,-2.5202959428546587,3.464485317721346,-2.5791122661308776,-2.609184329451355,-2.5592035188057367,-2.729785713321999,2.081677276111193,2.081676603661921
-2.383552363816867,-2.3690432775505785,-2.563889534397768,-2.574611206193506,-2.3069583275683643,-2.637118262826991,-2.4095071053900727,-2.476169961997747,-2.618855117960252,-2.524102850285971,-2.659762805425081,-2.6597627953144993
-2.4381469156350177,-2.343948877888451,-2.4679551924814516,-2.4804486026038606,-2.350257277387567,-2.5912116450586224,-2.408666272979617,-2.49655088717118,-2.638226364851689,-2.546743399684912,-2.630485330861669,-2.630485322987056
-2.481398741357127,-2.426921774687857,-2.426607980428717,-2.441068999123196,-2.38132902990462,-2.541056966698782,-2.4236185493848956,-2.517589546146823,-2.6693977825887534,-2.5795968482820824,-2.6384668006335463,-2.6384667935819195
-2.432705347305568,-2.294583525589453,-2.3724921593165478,-2.39042631516619,-2.2382272883896444,-2.4260774751036136,-2.316512389861045,-2.3098141102370637,-2.4718669671250875,-2.438011903622474,-2.484305509183538,-2.4843055003742878
-2.3482885690299664,-2.2603805124648186,-2.3321160137532555,-2.3423541036560445,-2.249059239739646,-2.4033480485295855,-2.333419209002401,-2.3515114520265685,-2.4960602120598536,-2.4634697033339896,-2.5026330195673667,-2.502633011167622
-2.429798333329134,-2.2888030642237323,-2.324783046174896,-2.3218557513169555,-2.2618857982560905,-2.378353129619561,-2.326986657561781,-2.3760732396415247,-2.4956182644075824,-2.4696715821585054,-2.5092710232052946,-2.5092710150661928
-2.364994394864408,-2.2438410920776577,-2.3081947465596095,-2.298436822037919,-2.288060190778399,-2.367352832981239,-2.326596241555722,-2.3964268918490523,-2.5194648362368373,-2.4944389509972247,-2.516890546556004,-2.5168905391677088
-2.3674487534263515,-2.271552895107758,-2.3185449527558393,-2.298829882606789,-2.3483388473827094,-2.3990436021835273,-2.3674910408044543,-2.4394547653764738,-2.5526493159554082,-2.527383178413001,-2.554119604825777,-2.5541195977783353
-2.349451175596068,-2.302568525683282,-2.3201888337111134,-2.28958399187217,-2.3816409662890985,-2.401236357996766,-2.3918249682408526,-2.463105100218853,-2.5856838204839643,-2.559794231746653,-2.5795952847331396,-2.5795952781706797
-2.465484736319074,-2.42829102672693,-2.388078466953172,-2.368305871006339,-2.4332060108356064,-2.4272462646626742,-2.4189530756334676,-2.4929398205870696,-2.606286139307116,-2.598969815651709,-2.5981510856001933,-2.598151079419965
-2.48353548258168,-2.4044676957739233,-2.410152781502589,-2.3930859791682257,-2.451742175202683,-2.4238217944484055,-2.4373925506687435,-2.5165608766613348,-2.6396984211802463,-2.631925447386366,-2.611398212976358,-2.6113982073968254
-2.5224049902446564,-2.413184647378363,-2.45447946855655,-2.43437861441737,-2.5047071694729546,-2.4562384787384435,-2.4723679786944155,-2.5688763825352376,-2.6654598686689943,-2.6585811429108963,-2.6377618219546175,-2.637761816626333
-2.52037354838321,-2.487704745415058,-2.4988461493510665,-2.4731888458758133,-2.5329390823046136,-2.4972623924458635,-2.491334091241184,-2.6019761450107435,-2.6947471849391524,-2.6883655150288632,-2.6567218010398306,-2.656721796122601
-2.5059078631906315,-2.4637401819176104,-2.5069627109793036,-2.4783340928419397,-2.615959562584437,-2.5403178031098417,-2.5295725206320996,-2.636084465047545,-2.726167563609846,-2.7189475159619194,-2.674189546254374,-2.674189542012185
-2.576255359122319,-2.573071935558795,-2.555551889257471,-2.5191999348955134,-2.6765190430799874,-2.6010054049223683,-2.5776411858100965,-2.6763437308800224,-2.7554164497864173,-2.747737523506726,-2.706071254335006,-2.7060712503812416
-2.5702339657112634,-2.5274360485787346,-2.598311061377041,-2.547020220703108,-2.7338370200436675,-2.660892968218508,-2.6268874380224054,-2.702004074853962,-2.7793474898884267,-2.770894516757169,-2.732303104791736,-2.7323031011993546
-2.5821319063994865,-2.5324100638558336,-2.6411627366408026,-2.58417108465979,-2.7582214522683595,-2.7170622347668836,-2.6713552754125396,-2.71952752277214,-2.798498392466299,-2.790393683548392,-2.7511490196632105,-2.751149016324735
-2.6471870023844666,-2.6351683341590943,-2.6880295810695403,-2.6285801052774467,-2.791157052605966,-2.768641450334617,-2.725242968874771,-2.746415997301508,-2.821018924322194,-2.81287327873829,-2.7691507029312445,-2.7691507000586224
-2.7192037162533937,-2.7502591723970533,-2.7748804013608668,-2.6999611668270997,-2.8438576931237236,-2.833341295457185,-2.8013933914654876,-2.8245399486656098,-2.8393128847650266,-2.8298895626948166,-2.789629548559418,-2.7896295461666867
-2.861098675418775,-2.9289122203112274,-2.827838571468446,-2.759424429044544,-2.86324447437174,-2.859791262212452,-2.8660494666444376,-2.8845784299136126,-2.844277525696792,-2.8373773957630686,-2.7894089345760937,-2.7894089325456393
-2.855224569209051,-2.924057033540721,-2.8338121603884168,-2.7647709723937046,-2.907195518331532,-2.88290938852979,-2.915213784108161,-2.934904836808192,-2.8706497933253234,-2.8628006147640606,-2.8157040293607136,-2.815704027730436
-2.7797298813008244,-2.8449492366471247,-2.8212709228981576,-2.7483509107412436,-2.9570936340446563,-2.890736698711926,-2.9277727562010027,-2.9575060222998055,-2.8948553336747285,-2.8868986032938277,-2.8293468602562846,-2.8293468593607125
-2.762948297943731,-2.8189983350208605,-2.8533019027019413,-2.7728947531086328,-2.9597020540565513,-2.911413979605401,-2.935213059164819,-2.9550785525266643,-2.912543740253088,-2.904815499099133,-2.8533009422659052,-2.853300941485963
-2.8519199126695614,-2.9358808304634456,-2.9499903373510405,-2.8635271367337385,-2.9576599885114647,-2.930971821490454,-2.9465871483735753,-2.9439149619548237,-2.895771960116684,-2.889005385254011,-2.834424004933363,-2.8344240044965416
-2.8950443641721524,-2.9471589574789827,-2.993312026128916,-2.908573911724595,-3.0082277331313847,-2.9647091937412102,-2.990571902312818,-2.979085976797256,-2.916707188755362,-2.909858713144568,-2.862684357692718,-2.862684357448691
-2.8801947052642696,-2.957833724804972,-3.02499894774575,-2.972645691658816,-2.9832078271774343,-2.9828306800459137,-2.9774114595978944,-3.042955116012484,-2.8918591359073997,-2.8873422052763233,-2.8378796558493145,-2.8378796556608545
-2.910614563929665,-2.9787175911218986,-3.0351918660414325,-3.0088822540054014,-2.993839703192549,-3.007994804295977,-2.9926320326531366,-3.0546409335178497,-2.892891308466465,-2.8913979927199693,-2.849045357660981,-2.8490453573977303
-2.9500271275454537,-3.036757309539235,-3.0529943219965627,-3.035652130179913,-3.0445018731662543,-3.058836013605096,-3.0447485720691674,-3.095575036859726,-2.9187120008477576,-2.916359666552926,-2.8799662719254853,-2.879966272020201
-2.955978065961095,-3.048692790962045,-3.0290873397470603,-3.012815496802462,-3.021995695749371,-3.0691416181069244,-3.0478187318702905,-3.063123428401287,-2.925443321621327,-2.9229380392626876,-2.8818074189502556,-2.881807419294284
-3.041923448506129,-3.088714714078414,-3.050298469784381,-3.0427552396905213,-3.074363063443358,-3.1267098514471585,-3.1136334700299817,-3.1074937872892425,-2.949525667316785,-2.946172959033887,-2.910338339145803,-2.9103383397588316
-2.994749435490766,-3.0269921726448206,-3.0498938278896626,-3.0521210296902708,-3.084714906719804,-3.1562763196539003,-3.137832120256365,-3.122734193573609,-2.9662848783746467,-2.9636084933356743,-2.9359474458195134,-2.9359474464672157
-2.9576626806556354,-2.9981077331789083,-3.0402630238118697,-3.046037182838158,-3.095809998492827,-3.1770228858380274,-3.1514453474735564,-3.1416282541046945,-2.989511902206642,-2.986086866743486,-2.9668607483272247,-2.966860749158485
-2.8895646589290997,-2.9109715436400525,-2.9832750431668202,-3.015222332362133,-3.0045717895892077,-3.1155007441021594,-3.0694977303545614,-3.065456079150775,-3.003114254348641,-2.999376194602487,-2.9366983610615724,-2.9366983629928525
-2.817110021930726,-2.829315702324297,-2.9410187419407516,-2.9760538329630064,-2.9737357568208944,-3.1010311249118296,-3.044718566222207,-3.05261165810483,-3.015208998700091,-3.010173946359692,-2.9577385365830438,-2.957738538461932
-2.8226801315233865,-2.8335713776940614,-2.916852486373887,-2.9370785010769977,-2.97625649693488,-3.091967114721233,-3.033157981758945,-3.0566268043748184,-3.0331353306267976,-3.0268874436527833,-2.9790761338091807,-2.979076136052263
-2.7716889289422317,-2.7904664909086367,-2.863316656623282,-2.8956211008472206,-2.9017237732862116,-3.0570656891087715,-2.9746236091501403,-3.0165416970956542,-3.042867799798417,-3.0373408252597205,-2.968060551999942,-2.9680605544014558
-2.8144432208839953,-2.843333245099872,-2.8814342148536465,-2.9126106048391205,-2.9117570343062846,-3.0668267371553286,-2.9845306462515087,-3.0259125201832857,-3.053780190043774,-3.0479129017524826,-2.983340845256196,-2.9833408476779653
-2.8345791523451664,-2.8560824811254393,-2.876455720021753,-2.9064965915123286,-2.9132055470474407,-3.0731182542071367,-2.9904646499059604,-3.018754073687905,-3.0615563221283595,-3.0552049161996857,-2.994805079451335,-2.9948050819216907
-2.8896873217776853,-2.9025229221266677,-2.893243410846151,-2.9216969915659385,-2.9442422760465323,-3.1077038977413456,-3.026651915463784,-3.0481027953111903,-3.0782937198776072,-3.0702877798217374,-3.023307344889154,-3.023307347369221
-2.8684774907565886,-2.8632016223175922,-2.8851388201713926,-2.907233260390366,-2.925306743818166,-3.0978613272593662,-3.0041557933781333,-3.0141012509363843,-3.0508881863645527,-3.0506119479952414,-3.0099927086697273,-3.0099927102837105
-2.9190299958162105,-2.947318318465643,-2.911164974981327,-2.9415904540705915,-2.9788552131505828,-3.136399625743376,-3.053632878154807,-3.072162800617825,-3.0666344669742385,-3.0651108827048397,-3.0343317021291343,-3.0343317039078608
-2.958296047306462,-2.9598647020707203,-2.89852145763647,-2.922633207758887,-2.93881448594796,-3.1144395528736406,-3.016811915115503,-3.0236570555178393,-3.053608083792577,-3.052671516379246,-3.0161041542633136,-3.016104156052956
-3.002772331636961,-3.0364351332869677,-2.9317960019399782,-2.954897511237159,-2.9818417807488817,-3.148704508504397,-3.0520278479578273,-3.058784158168761,-3.0698294781375592,-3.067405586664642,-3.038670277954318,-3.0386702799008867
-3.019735845075588,-3.00458769845883,-2.9781577408698947,-3.014118061254657,-2.9462945058621495,-3.1342699169788295,-3.0275108654939036,-3.0167907765598714,-3.0121888144117133,-3.0150520555769207,-2.9814967220569955,-2.98149672329793
-3.076046896425007,-3.0351848740713834,-2.9899866373946895,-3.026294379690203,-3.012962345845609,-3.165811671090535,-3.0920024653368614,-3.077358875178753,-3.030973747562805,-3.0324594534108296,-3.005446286248842,-3.0054462877268016
-3.0914974603980956,-3.072156980101596,-2.9862106796469257,-3.024272723762051,-3.065318799137975,-3.2055350998338707,-3.1504788155263928,-3.125462518295473,-3.0494286671295416,-3.0496437132976713,-3.0320183628443784,-3.032018364429285
-3.136878232386061,-3.146881406508761,-3.015072259938321,-3.043384628529643,-3.1122112278942806,-3.222035756645776,-3.1606325601826875,-3.1524827705879153,-3.067521452176778,-3.066567544026828,-3.011448004195476,-3.011448007769909
-3.1917185896896383,-3.1784692897330276,-3.0120006284476566,-3.0300043707385553,-3.146461842393161,-3.2281843225217695,-3.1629186671463043,-3.176639516061705,-3.0823817275714775,-3.0796849486604287,-3.02869064124876,-3.028690645179653
-3.0921969981249875,-3.1264861397513863,-3.0621536414860584,-3.0547997570140044,-3.0510237207088764,-3.1527120383649714,-3.0507447714803346,-3.0287727071582857,-3.021809347619478,-3.027526601471574,-2.9396241105947025,-2.9396241138078105
-3.1082795741293183,-3.1809719250072863,-3.0639692962982568,-3.064591158059807,-3.0991782719936283,-3.1570090384776477,-3.0807044027589328,-3.054465706931924,-3.0392927472327806,-3.04303846644497,-2.9642046771270296,-2.9642046806015294
-3.1237061003343944,-3.2049627802157055,-3.1173689961664843,-3.1116105162766,-3.1132244632844817,-3.14971027372591,-3.094582407250473,-3.0801426817218767,-3.05644782382524,-3.05854960681273,-2.961721554090648,-2.9617215583356433
-3.1223227110187364,-3.2318175034525667,-3.1375163721859707,-3.135469599500796,-3.138678297284211,-3.1718581572657145,-3.114065912206823,-3.1009496326229313,-3.0737047514095903,-3.074231612310501,-2.9944741262875176,-2.9944741304846776
-3.1286587662898255,-3.220568424009487,-3.170006443640138,-3.1701383285855127,-3.139006170014624,-3.1955579958601614,-3.1288478985710415,-3.117951671554885,-3.086705247834981,-3.0864688590102514,-3.0231353389113362,-3.0231353429684695
-3.1189114277924754,-3.213467974633769,-3.1917860573760612,-3.209787166854743,-2.966428441842969,-3.0779893795689808,-3.0054646635171722,-2.9947348338706057,-3.019242450355926,-3.024804476396729,-2.921975948281249,-2.92197595208114
-3.0739976906425452,-3.2043895860771046,-3.179652484135794,-3.2122368356158986,-2.918942513071419,-3.0041101032271516,-2.9696079697015683,-2.9688332219593896,-3.002372836746912,-3.0107506957979506,-2.901792362434377,-2.9017923660280536
-3.1124403835624124,-3.2523161913711354,-3.1946880025143907,-3.2115712849701046,-2.9820013886493566,-3.0161941957054705,-3.0476988691679963,-3.0096058092549414,-3.020603348407536,-3.026633619371159,-2.938252316356796,-2.9382523199323476
-3.084871690688599,-3.2110878752885106,-3.1973379958234576,-3.2008208066312775,-3.02771966784744,-3.0441539815196283,-3.1204803492547075,-3.057608287666512,-3.038952443154257,-3.042589334497986,-2.967833057387187,-2.9678330612246127
-3.0928502315175503,-3.1745864491638396,-3.238567426966742,-3.2315036476270373,-3.0817971501193937,-3.0959027473275116,-3.188690862783824,-3.13314861341488,-3.0543286908814533,-3.055516432199334,-2.9989389065522074,-2.998938910603341
-3.1489303064488636,-3.2046425675401764,-3.228857065380134,-3.21261541274996,-3.096769872976455,-3.1231413195364235,-3.2142900638680243,-3.1730486319457825,-3.0667331526626804,-3.066017524528583,-3.02017010065187,-3.0201701048686496
-3.2041693421781465,-3.247981191294855,-3.224964244514585,-3.201439661416191,-3.1163753950445647,-3.153783460256255,-3.2418269237040844,-3.1984488306390073,-3.0802181952807755,-3.078713550441556,-3.0496279269132245,-3.0496279309623295
-3.1688634938304334,-3.223201039460236,-3.2494805258693584,-3.2179634982676717,-3.1118148514741923,-3.1760616114119795,-3.239909626496714,-3.213273409546747,-3.0652178198474935,-3.0661912025996703,-3.051698922850309,-3.051698926279252
-3.2201075960256045,-3.264375941633379,-3.255005361168516,-3.226335359755307,-3.145744698610989,-3.2100744259446716,-3.2700156229734416,-3.2673756482512477,-3.0729470304314113,-3.0730447493681297,-3.0669425484811774,-3.066942552066906
-3.1921166526119285,-3.1888691395214805,-3.2433819515549,-3.2111934895860355,-3.1514117749071966,-3.2315695976825656,-3.2510349500832274,-3.255108339995518,-3.083777245030235,-3.0827039100769094,-3.0821421262599396,-3.082142129894803
-3.2438300800637316,-3.2496441146334285,-3.2507447445345097,-3.216371248060809,-3.1870328872721085,-3.2732091185878445,-3.2671907892148075,-3.274700360480878,-3.1005183368393103,-3.0978312430134043,-3.1117579910754114,-3.11175799474936
-3.2675562652633316,-3.2291813358734403,-3.2238475276679663,-3.1915233537945102,-3.1643192328926517,-3.2731424716017132,-3.252607993833158,-3.2706981387623304,-3.1081590555230036,-3.1045668027534994,-3.113487402085922,-3.113487406033286
-3.2619219376291575,-3.2245318691340157,-3.2175265320646176,-3.1888584344325848,-3.2046251357506987,-3.288372925894743,-3.2934572692807373,-3.289946077463356,-3.122446047602648,-3.1178283293069633,-3.131262176547019,-3.1312621806443577
-3.2080625787621884,-3.174844906204127,-3.19328198890908,-3.1608431610117806,-3.111559492118353,-3.240786060416439,-3.209035696177619,-3.19453510322764,-3.0899854296469833,-3.090583788424885,-3.0973298570579724,-3.0973298598450274
-3.183265080764752,-3.1414292620948316,-3.168135457318134,-3.1396264553394437,-3.1368297914916132,-3.242130681719473,-3.226502721281603,-3.2140689779620244,-3.1047552944965595,-3.1041083458646943,-3.119633818729014,-3.1196338216086352
-3.1347903448678758,-3.103803404638245,-3.169334021251559,-3.141255208076452,-3.1513751262567737,-3.2483056874838856,-3.224763873708707,-3.2227663736048724,-3.117769024706873,-3.1154966163171967,-3.1301951146478877,-3.130195118007279
-3.1900806459687536,-3.134491518771263,-3.1614699936434985,-3.1298195292882465,-3.1656220238493216,-3.256260484376158,-3.2411859739844737,-3.2412065801160246,-3.1327228561305263,-3.1289844771548454,-3.1538416921173518,-3.153841695613588
-3.2169018055647634,-3.17240818647816,-3.185590276736326,-3.153848480010848,-3.2020096190383183,-3.286449863286716,-3.2694518369034014,-3.2812724066085996,-3.1424177362560384,-3.1382519852677344,-3.1747866367259348,-3.174786640222547
-3.283815487350167,-3.2388510370605625,-3.1978297953502115,-3.167902605794759,-3.221014818754698,-3.308657962714448,-3.292725160208756,-3.2998975910227535,-3.155544825138067,-3.1504295164502016,-3.1973687874156473,-3.1973687909098123
-3.2673198818939957,-3.2136906034967248,-3.215834731240895,-3.1791525792684245,-3.236796818316698,-3.3071637383793244,-3.3223130717299325,-3.313296044876,-3.1643747507727857,-3.157919100910589,-3.2049086507895748,-3.204908654762833
-3.305092279083216,-3.266744422632234,-3.2179237650803305,-3.1816759388283034,-3.2311952794882206,-3.303297858058201,-3.3353994671413574,-3.3144843244970614,-3.172454764462983,-3.1652895015437723,-3.2182361190979876,-3.2182361231255863
-3.3789373388177646,-3.297945582312673,-3.2554501638497357,-3.2269313164191944,-3.2502239668056068,-3.3135431030861806,-3.357231496484337,-3.356574939642215,-3.184219602044524,-3.176249727773949,-3.2249350788841467,-3.22493508356395
-3.3762932277924684,-3.3224336190149004,-3.318253699608592,-3.2832692922162634,-3.296071398163757,-3.3389400241289495,-3.3841688093475177,-3.3821417380540524,-3.1961866252783153,-3.187855102620304,-3.245501678573841,-3.2455016832005334
-3.437537700215294,-3.367522012197059,-3.3297677486377357,-3.303750856394183,-3.280032081086267,-3.3526684806727625,-3.3862233162416255,-3.391388105775847,-3.205085659809161,-3.197675637054652,-3.2600265266397193,-3.2600265309328336
-3.4627482866557378,-3.40381201480483,-3.380298806190376,-3.349090470892288,-3.3079822788609494,-3.3822122832793995,-3.3980568492212386,-3.4044131719212807,-3.204801228629467,-3.198021753073428,-3.2606030062592324,-3.260603010371034
-3.408268135046758,-3.3860312836747997,-3.3842467635878206,-3.334708236003563,-3.2841386623050948,-3.339032816679176,-3.3433743703783634,-3.3733111317957696,-3.2162762782714145,-3.209026914362764,-3.218649690858004,-3.218649697134097
-3.4387313244815694,-3.4181320394255006,-3.4192769357321287,-3.37022451991163,-3.3352586022017583,-3.3561996182960607,-3.3464503744786587,-3.3798532823902123,-3.2207486853660816,-3.213559232192396,-3.2289150343378026,-3.228915040438473
22.77771301071286,21.630773657539724,21.380952451626765,17.453079759984742,14.242286905762143,16.911353560102047,16.072713943012356,16.356023107075014,4.913389997141583,4.533677950621408,6.54948918389379,6.549489597563033
-3.235334208279397,-3.2084063335125985,-3.294053715651284,-3.2474019364023907,-2.9532639538536807,-3.1432610755260315,-3.0317853095885714,-2.945761474357517,-3.072071783313309,-3.054440782040281,-3.0732594922658922,-3.0732595021889386
-3.1562590895795166,-3.13616137091249,-3.249908486994689,-3.204786934980898,-3.032879669762004,-3.164409055360385,-3.1314314895867144,-3.0162881342368593,-3.0923409482200723,-3.0740104179810928,-3.0897759724194778,-3.0897759824410347
-3.138544028848781,-3.1521599807273937,-3.219988500563542,-3.182513241911308,-3.080865563313522,-3.184518037608166,-3.1926682244856104,-3.0621968490490046,-3.1067500290085577,-3.0884409104735187,-3.1120224837165833,-3.112022493729584
-3.1042368201941732,-3.1450101984106373,-3.2197186313247452,-3.188031954384825,-3.1248397878799583,-3.207598713514966,-3.254840519817403,-3.128669498641627,-3.1250772564512177,-3.1064063732838796,-3.1336004610907704,-3.1336004711794514
-3.115604267988837,-3.1713932951997106,-3.210311406755381,-3.1836656035143474,-3.1533279101990805,-3.2241319140924554,-3.285620023100437,-3.174095863109445,-3.1437009159293834,-3.1247136137317923,-3.1579319911345074,-3.157932001224225
-3.2045407455704398,-3.2158967732656505,-3.208487596155118,-3.1979590952263877,-3.175534423584964,-3.247824121131897,-3.3500266703355037,-3.2203746380441984,-3.1634016226594803,-3.170923773426223,-3.193610663889368,-3.1936106663228303
-3.23759948993252,-3.21389083258229,-3.2236329252926086,-3.21134231923124,-3.2186419196889813,-3.274493902224992,-3.377994358824699,-3.261631562852472,-3.1767807190370756,-3.185653074046071,-3.2159354505207967,-3.2159354526358412
-3.3054273515288974,-3.2743801866928965,-3.2706553430680776,-3.2650528766970988,-3.2998483559882112,-3.322748547515837,-3.4335077067209845,-3.3346811008078427,-3.192958961385483,-3.201596106915155,-3.2320031923205543,-3.232003194506792
-3.3782972440290915,-3.326580484671159,-3.258375015749874,-3.255713281560722,-3.2916679446491717,-3.3264497425569295,-3.4275059909994736,-3.341485351127054,-3.1987131500721655,-3.2073065300596806,-3.23431671945888,-3.2343167215375344
-3.3856619403006025,-3.366410462590036,-3.3156650454727368,-3.311830221975141,-3.3124470170686924,-3.3538991265921014,-3.4482075390968587,-3.351892960201723,-3.1910046589091143,-3.200285918497908,-3.2244384128970403,-3.2244384147068756
-3.378352806836279,-3.3629092920832027,-3.3241605940000203,-3.329516526500113,-3.3433391632367364,-3.3694754772873745,-3.456658107317695,-3.353727686588419,-3.2093652420883703,-3.218056995541869,-3.2380934640958614,-3.2380934663735195
-3.4052188736858966,-3.404696434540092,-3.3427543295907136,-3.3519798081629943,-3.375198875623624,-3.3955993120623695,-3.470738881371692,-3.3663337432952707,-3.224454291503614,-3.232813616471168,-3.2607108404445095,-3.2607108426663243
-3.432706519309279,-3.435736952689998,-3.3480053898623012,-3.3706089642150476,-3.3252522059774017,-3.4010120483133526,-3.5024969649583086,-3.299836911771643,-3.2129558281446977,-3.2242225488711806,-3.257259874405681,-3.2572598758402216
-3.361177016280287,-3.3912134798974534,-3.384549654096277,-3.399855427345079,-3.384858938067848,-3.431170676329696,-3.546913285075162,-3.331862221811648,-3.2299778518761726,-3.240906068162562,-3.2783707236393806,-3.278370725151859
-3.4188085823733467,-3.457595015554564,-3.4060344771067004,-3.4233965017199735,-3.39684474113919,-3.443457618873613,-3.5434379335515955,-3.33406404569558,-3.2441485137532826,-3.254446631633939,-3.294087476086317,-3.294087477614149
-3.4129907352540565,-3.4543501016046227,-3.3683593640045286,-3.3792763827389565,-3.3877138619144347,-3.410754817907516,-3.5112769586688066,-3.3604041377417824,-3.26000097844313,-3.2689023844575527,-3.2827950170405886,-3.2827950196389875
-3.4041042534400336,-3.422344922744525,-3.3823183955089635,-3.3908891074533862,-3.4072062334773237,-3.412792322674914,-3.511071733450129,-3.354179866149,-3.27220380986021,-3.280778944033942,-3.296557997365734,-3.296557999925343
-3.402415541419532,-3.4485281200400384,-3.3765934027091418,-3.3925695025695224,-3.402012658361323,-3.407143413793989,-3.524670560084867,-3.3468559597374163,-3.2811233782010487,-3.289334089757169,-3.302617898185281,-3.302617900814354
-3.3933200163355277,-3.4561233849196134,-3.384739013138727,-3.4026606020469443,-3.429372619335505,-3.415765956431633,-3.559580757290327,-3.37049657139374,-3.2969213659600194,-3.3047919673412247,-3.322090662841705,-3.3220906656635942
-3.4216435406014725,-3.467154273448945,-3.381550771107289,-3.3993503856656724,-3.4384540781285184,-3.42136729419497,-3.571821695428765,-3.38970639794156,-3.313103996288552,-3.320319590709224,-3.341230964943414,-3.3412309679962107
-3.3763754707734916,-3.434535149399039,-3.369113602479874,-3.3941423340461108,-3.415917791232818,-3.409204743835251,-3.55006018748209,-3.3746313906117655,-3.3290772162147855,-3.3358628766505807,-3.3597038503633176,-3.359703853449575
-3.30594824070664,-3.355972541355298,-3.343694644674726,-3.3686613257526887,-3.2769884107956884,-3.3289842256066207,-3.40861345127031,-3.265407710874746,-3.303197435549128,-3.316010647494302,-3.3221216677932808,-3.3221216691252895
-3.2439318812826845,-3.270500392997052,-3.292959566777296,-3.3163235258372428,-3.1824671400507767,-3.255803129808956,-3.333500361483777,-3.2070939657918087,-3.2868359492167727,-3.2985905477317656,-3.290721252751555,-3.2907212540200144
-3.2595337830072757,-3.345622489614941,-3.277778848036991,-3.30486527145588,-3.189463905355388,-3.251279016032326,-3.3731495250774115,-3.2316206430003773,-3.296653873561628,-3.307984252891885,-3.302226867356716,-3.302226868530956
-3.14301425001091,-3.1802469052025684,-3.2207162279952843,-3.2478456304881784,-3.0632680840699735,-3.182526457408458,-3.2649652993937557,-3.1400304999955533,-3.2407637665384863,-3.253788250080935,-3.2375966632972446,-3.237596663806432
-3.1737699685931737,-3.2411515062897935,-3.215909652774716,-3.2380010286425858,-3.1188279642417887,-3.199957311513813,-3.340984979632492,-3.19040504988207,-3.255705380930865,-3.2675272978235497,-3.2549564505395474,-3.254956451315141
-3.203153283709584,-3.2653620605105926,-3.2703135499408664,-3.293164058287643,-3.1999254478355508,-3.2705960794830595,-3.4102700307420717,-3.2422412214753003,-3.2751883515183917,-3.3073538199280934,-3.3076529445302354,-3.3076529452580354
-3.2615489464863963,-3.335748468569506,-3.282079089054854,-3.3017109175309205,-3.2428315742100713,-3.2945608534150117,-3.455027063219898,-3.285147742631871,-3.2909304464924802,-3.322202534819699,-3.3171721327283583,-3.3171721339477545
-3.195485340441072,-3.227375584714593,-3.2757207518829605,-3.3024350733528585,-3.2588877348157954,-3.3079783276724797,-3.4841510334229415,-3.3215433252329984,-3.301035633006333,-3.331826869710095,-3.3249543327783506,-3.3249543340311387
-3.2802685888666714,-3.3111193730666484,-3.2786828961849226,-3.308696373955857,-3.2520589674593046,-3.3126822907549203,-3.47739081884942,-3.326745269818226,-3.299616273936359,-3.331159931986271,-3.3271227259074054,-3.3271227268484695
-3.3565553873587612,-3.3839846477803386,-3.269337936496839,-3.295283721470576,-3.288249129512192,-3.329075563457525,-3.493143562013527,-3.356910275027125,-3.3145908682748733,-3.3455116910500964,-3.3466054343566016,-3.346605435556236
-3.3874003849879712,-3.4124644367943944,-3.292125211753428,-3.311674934345209,-3.3341805839643426,-3.3552468898969243,-3.5216922951894762,-3.3729844296918965,-3.327636253720086,-3.3580783768278097,-3.3618783841246156,-3.361878385477678
-3.411361352758182,-3.4099665923058353,-3.307812321059927,-3.329068922497436,-3.3425219250962313,-3.367938518278362,-3.513072417158466,-3.3746430123184434,-3.336770979517126,-3.366631046476627,-3.367566244318902,-3.3675662459329336
-3.390438244733901,-3.3749849719487583,-3.3290493794786435,-3.3528631178996893,-3.373571660263252,-3.3925947326252937,-3.5363497453838324,-3.4039101725374015,-3.349810590276676,-3.378843647447613,-3.3857845246373515,-3.385784526436754
-3.3927981237834413,-3.352168753743314,-3.3183926745018937,-3.347288814269156,-3.3734465874456054,-3.3985869864231115,-3.5311179802023513,-3.4230160241963863,-3.3592044237799468,-3.3887027385665176,-3.3936019068154013,-3.3936019087218403
-3.409964412825588,-3.36795744895978,-3.301966744488779,-3.3254015933993735,-3.388101020663295,-3.4023968662644157,-3.5133889961278064,-3.443681443727098,-3.368550556325646,-3.3992894703394287,-3.414150599220189,-3.414150600816474
-3.401926706564602,-3.3667676920452374,-3.3066852858994342,-3.323058172700182,-3.383044138593923,-3.401152162920553,-3.48675699604779,-3.4266760572117776,-3.3826069446640283,-3.4127061351174603,-3.429958578143392,-3.429958580000182
-3.486070106173422,-3.4612852037006823,-3.3884726468991975,-3.3952193989648407,-3.4129491534408163,-3.4314872294625367,-3.5046336414922443,-3.4255822392251503,-3.3846748653693646,-3.4139222905674997,-3.42713807096324,-3.427138072988204
-3.4232824573800444,-3.4042814396823373,-3.41249561261879,-3.4212445614733182,-3.4167202047850775,-3.446674167427647,-3.5007972930453555,-3.41369758184452,-3.3979598287432253,-3.4268794423230786,-3.4455155931884285,-3.44551559518586
-3.4914425583215363,-3.4993556826914327,-3.4073697089647603,-3.417008028376215,-3.4089179133104963,-3.454639633999714,-3.4832369766918463,-3.4169005925250375,-3.3941337358658727,-3.4259805450677505,-3.454833466277961,-3.4548334676326045
-3.425019391282262,-3.444485015118489,-3.3946177437638805,-3.414221331104576,-3.34798403973729,-3.4308991595736322,-3.4702195251780967,-3.409075122316555,-3.3702452508039733,-3.4022771871495276,-3.412312864533596,-3.412312865696152
-3.467756817837293,-3.4735984022016986,-3.3884797796431285,-3.415245672406798,-3.3851397564183827,-3.441922574913135,-3.5252817024644605,-3.4334206456772303,-3.3856311487260218,-3.4170365889285588,-3.429958017645016,-3.4299580189455394
-3.4565121041609843,-3.476514049597273,-3.37157665260321,-3.4018037750891734,-3.3774366313028334,-3.439885032297379,-3.529682380397422,-3.455492483637549,-3.3909322442482286,-3.421710884110166,-3.435719668795712,-3.4357196701166295
-3.431546352919338,-3.4518319496587417,-3.361529517734497,-3.4002849587982507,-3.3560107796479324,-3.439644369324235,-3.530037273356497,-3.4415985249381986,-3.388098238418938,-3.4208453236493135,-3.43758759819669,-3.437587599046822
-3.4105926869458174,-3.411104867772135,-3.3604422338692945,-3.3951160307449557,-3.351290666553487,-3.4406482134461225,-3.530834616455862,-3.4450577219737704,-3.388680706405115,-3.4230630833833864,-3.4458456878974464,-3.4458456882018247
-3.399463409839177,-3.398849501703944,-3.3377569128295104,-3.3609958933732953,-3.3037218030644877,-3.409490266493661,-3.480628733582777,-3.4339202464091603,-3.361429210302911,-3.4015907954663036,-3.4271131557702663,-3.4271131546611384
-3.370626282263176,-3.4010841734365,-3.3140895451886947,-3.3296087677056003,-3.309467954979016,-3.4044026007236834,-3.4671666294439296,-3.4193082120184886,-3.370126495096794,-3.409104774273304,-3.440166018507825,-3.4401660175284787
-3.3746564615321546,-3.347709659440747,-3.306481971978686,-3.3098701665356014,-3.323525845950129,-3.402656537303671,-3.449054266288533,-3.424482690223006,-3.3713331034018874,-3.4125453178583123,-3.4511939175001403,-3.4511939161602756
9.113398385728473,7.677297341987041,7.707606062917728,7.951982715560035,8.706971425896391,15.664503543211893,18.890090742048706,15.631402143294274,13.382105312145004,17.447385017018725,21.03521804523115,21.035217941279626
-3.0287217354557026,-3.004760907662511,-3.1315556483376175,-3.1599154302565995,-2.9196938434103044,-3.1580053605402623,-3.062847763808784,-2.8906207486498,-3.1681662863123097,-3.2034285612660405,-3.213223293750745,-3.2132232881727067
-2.9518119781348973,-2.934957554724377,-3.0099092176826936,-3.0249943024151538,-2.9758099312807382,-3.156146686212383,-3.07964534239748,-2.971488502368593,-3.1677253673723436,-3.207533677174282,-3.2225055047394244,-3.222505498843421
-2.9145365279742954,-2.8303660806604887,-2.9744656651867944,-2.980996713019407,-3.0100408848244435,-3.168415726926037,-3.108671851948737,-3.0281941229689404,-3.1846569029325105,-3.2224442106276023,-3.2418692300231977,-3.2418692244231027
-2.9457571712309187,-2.8975739619692593,-2.982179371507235,-2.9874737445966058,-3.051142876218765,-3.1957817274477733,-3.1665106586983125,-3.0985600858142712,-3.2057274751402054,-3.2424458616611322,-3.265488215422389,-3.2654882101022156
-2.9496390743250718,-2.9131890758351617,-2.940930041963892,-2.9435789179558967,-3.0260225990050613,-3.169795967372551,-3.1505598309938048,-3.072549614504505,-3.2018222857266565,-3.23483844688484,-3.2502209502035315,-3.2502209456809292
-3.0454332324995628,-3.040260670584165,-2.9896473790664126,-2.9894580591164295,-3.070952180003339,-3.2031999891217575,-3.221302107823808,-3.147486443340253,-3.2232741174548236,-3.254319615788677,-3.272811925531244,-3.272811921440821
-3.0211118148702614,-2.9568008139419186,-2.982411312114359,-2.972898045960045,-3.1396216253524147,-3.2218228822144543,-3.260711538172383,-3.213849338429453,-3.241690414255438,-3.274200297758986,-3.291653296540126,-3.2916532927536655
-3.0447469573718573,-3.0793173153812567,-2.986286737575935,-2.95971516644224,-3.0918169083507325,-3.1631429158066426,-3.1638437895130567,-3.2175793304397238,-3.2445004932710764,-3.283028701788295,-3.2934062307517458,-3.29340622677068
-3.1842495482042046,-3.146312594291514,-3.062843451437071,-3.032021860135267,-3.1611857197393487,-3.1948187953648297,-3.1905040432351113,-3.266462145069242,-3.2657000289462266,-3.302988225629802,-3.314577091071388,-3.314577087354926
-3.0659979301066898,-3.0665240872136232,-3.130259438313674,-3.0932057588043844,-3.1256484475738526,-3.161458396884081,-3.1502217535026946,-3.1074893089260645,-3.187196911971629,-3.2322753469364995,-3.2162366770577706,-3.2162366725895697
-3.1296231422695824,-3.1249587586158802,-3.197262398138952,-3.156389120923538,-3.2006391140575112,-3.194542462039154,-3.2347819714032955,-3.1769132529908988,-3.2096013800590857,-3.2523388270456834,-3.2440565789058877,-3.244056574576597
-3.0745054406395407,-3.0921627476104465,-3.2314856560228282,-3.1958028372064717,-3.2367993283265504,-3.2262343711612105,-3.2933515959047384,-3.2500963162938077,-3.232527704030319,-3.2729574559095536,-3.2644337019545913,-3.2644336977469397
-3.1865353769765283,-3.2136422617576677,-3.262736249761696,-3.235585283637019,-3.247637380130923,-3.2558818700777374,-3.3468638765555654,-3.2726369894140954,-3.2456477569673856,-3.28486550735104,-3.2799612422484477,-3.2799612381388563
-3.209053192525054,-3.2256916071219623,-3.3225514197039363,-3.309212063323728,-3.21232913033595,-3.267150387946451,-3.33691810452551,-3.235165397475158,-3.2351655690364485,-3.273402448708421,-3.2587411431502393,-3.2587411393567676
-3.1033990815522037,-3.213058880544992,-3.337849768566936,-3.337960707106369,-3.2149045359666246,-3.281827888295008,-3.3295302313175403,-3.242104877300723,-3.254972485497876,-3.2909090942853894,-3.2741999247808202,-3.274199921253614
-3.2082406591521035,-3.2574684505155043,-3.3693180406995182,-3.380412460250532,-3.251541938714123,-3.328274719343766,-3.356271462027314,-3.266130013079904,-3.273576133872924,-3.307278938321856,-3.3006158435020225,-3.300615840120783
-3.2264945050518636,-3.3040037820907084,-3.3705866895148517,-3.3939733696684002,-3.2766150293553316,-3.367427542541383,-3.381089467817094,-3.2794430268755823,-3.292610963094358,-3.3244274316964555,-3.3279458719732893,-3.3279458687151373
-3.298817206348853,-3.386337323772327,-3.339909706914953,-3.3607166725682207,-3.24039972445085,-3.378533274718973,-3.3255701860349616,-3.2348887158488195,-3.289360748778402,-3.3071367108249117,-3.335075676202029,-3.3350756726023603
-3.2738624393381968,-3.3026789107899446,-3.3151181883901035,-3.3499956188480864,-3.2246390386373944,-3.379745089796268,-3.3107605993235154,-3.212526243992522,-3.2932285434427184,-3.3114972565381704,-3.3154658102453802,-3.315465807528725
-3.258268433232861,-3.3207844423416124,-3.2606653167617754,-3.2828708177200476,-3.161883713677434,-3.358817122324564,-3.228170610230281,-3.1333120955708273,-3.2710993913732453,-3.2646673099119132,-3.2930293788171316,-3.293029375877873
-3.2264190654481366,-3.2759186381868557,-3.238645218168213,-3.259616430308051,-3.2069701378563322,-3.397358926968034,-3.253129175722611,-3.1730076653020483,-3.2901250864202196,-3.2837533414050264,-3.3188782070521543,-3.3188782042379428
-3.2269761829594508,-3.232294514597786,-3.188811256430128,-3.195376517741449,-3.220470975007464,-3.3912413710903553,-3.249299241018328,-3.2030400482630057,-3.273543766164232,-3.2762952779315615,-3.3131217414354475,-3.313121737878711
-3.231640579113816,-3.260325521610234,-3.2041470421065403,-3.2095703463492318,-3.2726179042815637,-3.423463069986357,-3.2850585633391782,-3.2415564689622998,-3.2878901768283844,-3.290471446292643,-3.3303024828753385,-3.3303024795124094
-3.2385938254696187,-3.256504160088303,-3.193083195801787,-3.200601941072819,-3.212999906331293,-3.383625312443941,-3.267175755895395,-3.1555210145280994,-3.2642798966669693,-3.2662357735269363,-3.27084690477459,-3.270846902209225
-3.219589446595179,-3.221057664005179,-3.2164569386859023,-3.2287193569316384,-3.227346838758857,-3.383488422554549,-3.253781372308918,-3.184577380275626,-3.2852038578935407,-3.2861495979527184,-3.272997673797196,-3.2729976717773326
-3.3730731602904838,-3.3878475261296375,-3.287680194716869,-3.2998064459844536,-3.267812689260008,-3.4080551905551206,-3.2735349660756237,-3.2188743230718564,-3.2943648439666733,-3.2934689215421162,-3.276174282532202,-3.2761742809947303
-3.494415165612853,-3.554745182774351,-3.3167883553208846,-3.330334926164498,-3.2805020676606436,-3.4242978348777724,-3.269883496557277,-3.2268566516869086,-3.30478576771275,-3.2882124907530916,-3.2972158085366905,-3.2972158069294437
-3.5026987228028146,-3.5515061951031965,-3.338666772892198,-3.3517878387981237,-3.30453379230468,-3.444191909091978,-3.2676649563412976,-3.242154231335349,-3.3248026214315987,-3.308555329838047,-3.31726395862212,-3.3172639572359914
-3.398543801769975,-3.465496825560561,-3.3359741023295086,-3.357401209862876,-3.316150465866942,-3.459038555456534,-3.2914556102300154,-3.2452212015994353,-3.3441729214233082,-3.328116947168464,-3.3322516694341773,-3.3322516684456387
-3.428366284214442,-3.497974345055068,-3.3017547070976376,-3.321706948231549,-3.2594652534748123,-3.4374245114876016,-3.2338472611221674,-3.198587823340101,-3.333192699524186,-3.2700339320663483,-3.3336923060437824,-3.333692304605618
-3.427470198714506,-3.4930339034407494,-3.2521977304784198,-3.277353300290825,-3.246059231146523,-3.4297526134570013,-3.2383669106845003,-3.1752010472163574,-3.3439043609001464,-3.2840101273571385,-3.3298798405030756,-3.3298798393302653
-3.3377283642135045,-3.4202164820072904,-3.2366415346733093,-3.266452643098426,-3.3007813772272003,-3.4573773686758664,-3.310418096920624,-3.2216491773970977,-3.356865999272615,-3.3013494879372507,-3.3400129531231477,-3.3400129523920326
-3.331334360981449,-3.3997437788769327,-3.2156383296632787,-3.2460385685280935,-3.3189590813650995,-3.4586998361424235,-3.3689556872495827,-3.249796799181945,-3.372882830762384,-3.3189666313632857,-3.347426561749552,-3.3474265613914427
-3.3415579605002477,-3.41887777892469,-3.22826737708628,-3.2580638620622353,-3.3579835539305662,-3.478087200322404,-3.4321734314083177,-3.282571869610108,-3.384649676052826,-3.3347500684785567,-3.368276399254009,-3.3682763989406714
-3.381834295904664,-3.443793360050317,-3.239629322354374,-3.2668759194155816,-3.369629547915121,-3.4815605555284437,-3.456054334149357,-3.304963636379352,-3.394567556574164,-3.349136874588606,-3.3877729775841168,-3.387772977100528
-3.330865985397765,-3.384634195844847,-3.2511059793603163,-3.2799252028972896,-3.2830039790463545,-3.430955808813833,-3.376845037699015,-3.2221574770521797,-3.367024604971953,-3.330760805030682,-3.339059247363381,-3.3390592465361846
-3.3513280249124247,-3.4003363834647145,-3.243869744141321,-3.2773601674893014,-3.2953498168885,-3.4328327322200702,-3.40327308735021,-3.23375385862934,-3.378700513308018,-3.3451618527262568,-3.3573861629887936,-3.357386162059338
-3.383207226141744,-3.4199589574471756,-3.2415754130602252,-3.2731843565767056,-3.325065111458087,-3.45036316075897,-3.432521672660006,-3.256357242124303,-3.3955381704213057,-3.3628094649350304,-3.37659754208866,-3.37659754143351
-3.422310496667753,-3.4660066073189513,-3.258622643431007,-3.290863297175388,-3.308290468720392,-3.4428905895474933,-3.4204672426675606,-3.2485377714527814,-3.3804467285531947,-3.3538346376501105,-3.364393375236091,-3.3643933741873266
-3.395203650677614,-3.4073724513594614,-3.275631372554516,-3.308589021537982,-3.3340030663943616,-3.4539169610269695,-3.4347124811440706,-3.268899810314025,-3.385336312431373,-3.36111968909635,-3.3763139852104347,-3.3763139840852725
-3.436558550662629,-3.4496960673881185,-3.2806305594961453,-3.3201326257407375,-3.3555503629601757,-3.4693869215131765,-3.45652245585204,-3.286732784985998,-3.401309060252242,-3.377995883622931,-3.3819409577489097,-3.381940957428222
-3.437775800336783,-3.4729402108536584,-3.2858055275325895,-3.3304617209563494,-3.3758349220673143,-3.473086354420737,-3.478514958828323,-3.3032588249187746,-3.417993403819856,-3.3951427343943825,-3.402256023191407,-3.402256023061272
-3.4462663465595376,-3.4746559898171014,-3.2945498720576745,-3.3404742103018963,-3.3974011135895616,-3.494073886457598,-3.5083008314048483,-3.3308544318685045,-3.4342583715987174,-3.411912794841336,-3.4204111937191026,-3.4204111937776576
-3.423442663203177,-3.4424910236384294,-3.291246950401686,-3.3296210913619637,-3.409616721726848,-3.491695556434221,-3.5144493759865485,-3.3498682288857955,-3.4471657979324988,-3.4245525087354656,-3.4318009337276303,-3.43180093425916
-3.4637263920536054,-3.511369830792609,-3.3088542378593067,-3.3513153028076466,-3.384736413376098,-3.4681254837271527,-3.464414249967266,-3.3252234993098218,-3.45841253411426,-3.4367237529962424,-3.4245991559939943,-3.424599157065425
-3.4451149494132025,-3.4971817545172135,-3.3143971069370863,-3.3575293258834904,-3.3718232299054804,-3.461036563745743,-3.4442868858804143,-3.3126221490865038,-3.466685184299321,-3.4465408471165175,-3.441138539248727,-3.441138540249082
-3.3879903499679496,-3.4593845805874244,-3.298419274782682,-3.3529142754606154,-3.2989162519656445,-3.428754897972915,-3.402564055627382,-3.236360914766135,-3.4376662847927415,-3.406045330402006,-3.4136941658015783,-3.4136941662232374
-3.3413177023659357,-3.4338152975814147,-3.289523049947369,-3.341088460418606,-3.3036926991928173,-3.4133455315271934,-3.3802166435907575,-3.2492099102336565,-3.453521361021103,-3.422743083508794,-3.427351492019458,-3.427351492669218
-3.3465592619655076,-3.437107656901347,-3.297565533103231,-3.352829510104622,-3.3443553885334723,-3.4516317263497465,-3.399320775443236,-3.261393558783109,-3.4711062896494296,-3.461210472669389,-3.462997991015759,-3.462997992516659
-3.408458486698489,-3.4865146014764106,-3.3123030303121546,-3.3734984577460994,-3.358116033750712,-3.4628605289925707,-3.4445244710937897,-3.2874792188119875,-3.4497811676102432,-3.447759707653095,-3.457920496616186,-3.4579204973824
-3.317594026093386,-3.399233284425466,-3.2907221711255916,-3.3377101089143615,-3.347010679988006,-3.4430595039813547,-3.4285600350242746,-3.2914767596449623,-3.418382890896796,-3.427642174132204,-3.4387351409132734,-3.4387351405671316
-3.337039558233804,-3.3947538051795063,-3.2951223334715194,-3.329054450417775,-3.391813779379913,-3.452152796177547,-3.445037352538478,-3.3185127908005687,-3.4306960212190507,-3.4409333015317127,-3.460243477831261,-3.4602434774540076
-3.3711395959505666,-3.4099919867671353,-3.29293183578848,-3.3237862761072328,-3.407696719739862,-3.465882141810027,-3.4545369776949837,-3.3316417149484714,-3.44344690494492,-3.453637836459684,-3.473122992284954,-3.473122992074341
-3.3307991139234394,-3.3800891016339794,-3.287469792069889,-3.323746633346345,-3.413288590938841,-3.4683323240867323,-3.4814618943082034,-3.3305935278855188,-3.4523696450744397,-3.462440827981123,-3.4700218968232504,-3.47002189725744
-3.36832091824473,-3.383871087321659,-3.34841829839135,-3.3654241353011396,-3.3957304590249966,-3.4375925179964204,-3.416524380064329,-3.3588815689956864,-3.4613841247408086,-3.475407293841168,-3.458913630539676,-3.4589136312915834
-3.3911600043590804,-3.4376993864117678,-3.418390412384506,-3.4271594580980236,-3.4414588510803616,-3.449791670322008,-3.4297260703405965,-3.378373483098268,-3.475346252050845,-3.4896544829797134,-3.4805609401063755,-3.4805609408013316
-3.4428832079551177,-3.498140202727721,-3.4764003489840913,-3.4878830213533494,-3.46059931340521,-3.4612201561498663,-3.4228117335968826,-3.3769618929360363,-3.4901887165452066,-3.504612759394269,-3.4923055410858694,-3.4923055424131997
-3.5321328742392066,-3.5476371749676243,-3.5215579035074556,-3.540494745389042,-3.4798376609640367,-3.4860714321334587,-3.447763126717164,-3.3854749443257255,-3.501500139644614,-3.515933192584065,-3.5098973598199787,-3.509897361171264
-3.396298879924653,-3.4320957460468846,-3.50145234160311,-3.501408336594356,-3.492578740878887,-3.4734046879697003,-3.424375595508017,-3.3919499413517857,-3.501244935249806,-3.5210339431808664,-3.5121727218404484,-3.512172723613442
-3.3986568381408113,-3.4444007323729227,-3.5009183880095125,-3.50425088240754,-3.497672425089141,-3.47014136924747,-3.4444880115914467,-3.4022920698134915,-3.5163018345950325,-3.5356041350381187,-3.518779363685789,-3.5187793659244537
-3.363623533929612,-3.4303096698827256,-3.4574982833995698,-3.4709296318703524,-3.3784076456357215,-3.436607212820676,-3.3896887765214516,-3.301014100783396,-3.477648932319437,-3.4938401805087778,-3.4911533246862803,-3.491153325703798
-3.3402195842411784,-3.4407602369747767,-3.4956109761032486,-3.512877775032597,-3.370032384823141,-3.437398834328668,-3.4125227181663336,-3.277550783348889,-3.4366517622744914,-3.4582748178768266,-3.4458034717123596,-3.4458034719477286
-3.316586306021163,-3.4072877253839042,-3.48213314266915,-3.4986324906048583,-3.4154751030899737,-3.4573695634684785,-3.4508815500513026,-3.3112375454875957,-3.439219287717093,-3.4630224721353264,-3.451037444253092,-3.451037444727139
-3.290577944550897,-3.376628001264695,-3.4509685064273183,-3.4585952001118963,-3.412565696034969,-3.4509745849238214,-3.4188624756823747,-3.3246361120147276,-3.439356412641549,-3.4667922457072917,-3.4619488338524924,-3.461948833776173
-3.2893603464652106,-3.360457806834053,-3.469756099033799,-3.473873096396939,-3.447629638862628,-3.4707589480697525,-3.431903696155935,-3.354094214628213,-3.4543378631519763,-3.480547846586541,-3.4653788354010864,-3.4653788359840387
-3.325565099396049,-3.3838517604478047,-3.4652649664736885,-3.4632990841848716,-3.442559889114426,-3.469903201266815,-3.41224845571422,-3.346402546549929,-3.470166868936326,-3.4949910455221547,-3.4772252683911287,-3.477225269464866
-3.2859870505242577,-3.367422329646276,-3.4329708806231904,-3.4536435826065066,-3.4016282808746627,-3.4412859021372357,-3.4139924428460118,-3.2890576548731065,-3.4708469345043107,-3.4967219768773576,-3.444295155151689,-3.4442951575917187
-3.2975049173368305,-3.3960143081505727,-3.426430036696841,-3.459824518918867,-3.3609334584640953,-3.4247815122180674,-3.412123193003075,-3.281959653801093,-3.4557476438731793,-3.4816825780230825,-3.42158464990459,-3.4215846524649223
-3.1296632974820517,-3.1790328682251303,-3.3079726573532766,-3.3466413801472914,-3.2057503219526544,-3.311868917237162,-3.2604862993072237,-3.161179833262837,-3.4399120923709514,-3.4713023849310414,-3.3733869242815495,-3.3733869265705967
-3.130370854507172,-3.153988433098798,-3.2643631460930598,-3.298849245784327,-3.23613028292616,-3.3272278951295378,-3.300289692295418,-3.2095402618013344,-3.553933241905559,-3.5617117036616186,-3.451066003178917,-3.451066008711458
-3.007229590417584,-3.032893669869601,-3.234504961043499,-3.268048820783905,-3.2475543633583626,-3.3125476318668476,-3.320459612932323,-3.2189053747846015,-3.567238004161046,-3.572853437119748,-3.4666383271117356,-3.4666383327563657
-3.034864023286272,-3.0630773502356656,-3.2528106678109596,-3.2694292226608175,-3.2569166673029,-3.3031457815109886,-3.3223337440544976,-3.2212521379686043,-3.565676964865074,-3.5729904861199557,-3.4706428971319285,-3.470642902761426
-3.1593669144195973,-3.1535643292474616,-3.2444591970406984,-3.256106632641299,-3.2730778306039188,-3.3014522892397293,-3.3303199822104617,-3.2336114182408653,-3.579368590554161,-3.584338211060902,-3.4907577658220226,-3.4907577716080147
-3.0462110228208346,-3.089368925176519,-3.2679030939231306,-3.281731380137673,-3.285214235448669,-3.3173584907505607,-3.3471518789048202,-3.2393237369475174,-3.565280823113173,-3.5717904757655825,-3.489840649738951,-3.4898406552048002
-3.002204987696101,-3.0098165575185325,-3.232432972843071,-3.230385349419123,-3.2110602323293302,-3.2755637390619907,-3.278627525516476,-3.1922952154093647,-3.531274229695744,-3.548627609420332,-3.4736666083761176,-3.473666612244074
-3.0570538720277343,-3.111093961788193,-3.268222626020163,-3.2530892316324396,-3.24075460187707,-3.2849999249572273,-3.2944043176016606,-3.2254061119319584,-1.988306680238992,-0.7477622967451096,-3.4704109040894373,-3.4704109086443724
-3.11717588066929,-3.078119286493311,-3.2220852611072055,-3.2087058985839185,-2.986312188473166,-3.135252492448979,-3.033597141823403,-3.082854637705796,-3.4640663540672265,-3.4978082251836717,-3.399180851330741,-3.3991808555485004
-3.2363700801111586,-3.2205698506233698,-3.256607402889502,-3.243951600485383,-3.0070457283745244,-3.10870860257936,-3.0378531159300124,-3.0862045051867426,-3.466005151367597,-3.4972322898389914,-3.375203866577408,-3.3752038719940973
-3.2676685230276092,-3.2644710465128686,-3.1962499622803744,-3.18381301261015,-2.996727688931303,-3.0555154044693835,-3.0121784831578746,-3.0856163437862154,-3.460402706162979,-3.4938439961569046,-3.373826627967284,-3.373826633082848
-3.1201267799858243,-3.1752818709884574,-3.28455433476892,-3.2551409034306795,-3.024790665914298,-3.041752298127551,-3.0247812977335204,-3.1038833736502913,-3.465636820402084,-3.4520647952318653,-3.3832670733038883,-3.383267078433057
-3.0045711991674957,-3.1033035788489145,-3.255451116574793,-3.2233987646816717,-2.9086086960538986,-2.986430986520187,-2.936089204286286,-2.976888572899917,-3.365971400581932,-3.3967890187788194,-3.331205585504904,-3.3312055886780847
-2.943231590895321,-3.0040507888230077,-3.2478588983254046,-3.227814885361275,-2.966835728485296,-3.0041300661073636,-2.9964518087980805,-3.0244105260994996,-3.3639961522128328,-3.3938370887546654,-3.3474067702211525,-3.347406773266003
-2.89044862731285,-3.00350967404186,-3.255835539863416,-3.235690734157128,-3.0236223671955376,-3.0293206779629065,-3.05926187043575,-3.065760218418597,-3.3749760232729162,-3.4017475082031554,-3.3702721112582164,-3.370272114260792
-2.895298441524813,-3.0614665724371406,-3.251691793146575,-3.233801031099394,-3.0199469432484802,-3.0485396946082095,-3.085954728990404,-3.0524601049443554,-3.366316642556605,-3.3899585313255653,-3.370960661527171,-3.3709606641230203
-2.8471621315176057,-3.0202154795317253,-3.2686911911004324,-3.259658398754398,-3.05031267841177,-3.0859491794681153,-3.139385662036076,-3.074071150959659,1.4691458439062646,2.987600307843549,3.1026132748483963,3.1026134743230207
-2.822961674138124,-2.913839591956976,-3.1333499348847798,-3.12448698646378,-2.8973049398763404,-3.02020691096288,-2.9788649287070625,-2.8811434396404874,-3.212732165441089,-3.2707105262785268,-3.271671419502969,-3.2716714166357126
-2.808851225241537,-2.9017610587160547,-3.0635310807153715,-3.0592299543689934,-2.9680403517763745,-3.047847476741734,-3.0138601548398585,-2.9329961397660824,-3.231336827715228,-3.2833977980317535,-3.2859818081556753,-3.285981805756079
-2.824707382847449,-2.877196997791953,-3.06386512982204,-3.0503005332554913,-3.0155987556135675,-3.0700653007327476,-3.0549007093914256,-2.990899929484454,-3.24552754055264,-3.2949172226136434,-3.3062912115711116,-3.3062912091579304
-2.7571447451044544,-2.8074648956817967,-3.09827416345807,-3.078158093329085,-3.038594535071473,-3.0743959991047194,-3.063834739585446,-2.975027752077239,-3.202012662456535,-3.254253672098998,-3.26311045901545,-3.2631104558687776
-2.825196047516036,-2.8740913489452207,-3.1632674930282096,-3.1368622513561486,-3.1054033309655935,-3.114264031837456,-3.128176994047524,-3.0375614329558545,-3.2227009240355233,-3.270115257597851,-3.2859293230680695,-3.2859293201266677
-2.822690425676446,-2.8849804513635733,-3.205627615468024,-3.180076614933094,-3.150770356869528,-3.1532887224743997,-3.193300252277443,-3.086450594613008,-3.2373265777540103,-3.2817213489119146,-3.309513730034336,-3.3095137270691577
-2.899524555724844,-2.935462248973076,-3.1786534983439014,-3.1514113451908736,-3.1438270221931277,-3.1460072987820893,-3.1777876200203314,-3.088764378199025,-3.245550850746245,-3.283869417404702,-3.308229829904783,-3.30822982752417
-2.902373620734989,-2.938101208873744,-3.2254354678133716,-3.197209669539233,-3.1591745261307222,-3.1683851029801264,-3.214428234017631,-3.1203479477489084,-3.266907655257746,-3.30143495414647,-3.331919808807416,-3.331919806566469
-2.9246561858607656,-2.9750009134392803,-3.2646123507942217,-3.248456570352973,-3.1720514134210767,-3.1981914656533523,-3.255191502074316,-3.150217419140121,-3.2817089051450434,-3.3138672234787503,-3.3532767628062787,-3.353276760557176
-3.0036059606854826,-3.0670162881371095,-3.2586343939187152,-3.250359366300614,-3.1543560041373433,-3.2173210318693943,-3.2522583593173855,-3.148727838274587,-3.2899006727817315,-3.3175574407945847,-3.3675682105257545,-3.367568208194061
-3.0061075058211455,-3.036919388952198,-3.2476555079502183,-3.2381221581275375,-3.1667101384033454,-3.23706490477791,-3.249917288572832,-3.1505652852989887,-3.3097967104303088,-3.333949126520268,-3.3598085845300245,-3.359808583524131
-3.002789312910936,-2.99843252972163,-3.282250163561101,-3.261918269714984,-3.0491285556985956,-3.191223557138708,-3.111154101553912,-2.929065035270361,-3.1821036766533384,-3.2176533605953113,-3.2054761108892746,-3.2054761076903397
-3.1941289302534877,-3.1551545136767025,-3.3606359854664696,-3.316497313764092,-3.126770137905696,-3.2156346229131776,-3.1349543841393954,-3.0137777480481223,-3.2019820447341507,-3.2324623566722437,-3.1948546478649327,-3.1948546454387303
-3.2865463658369203,-3.2390376417052673,-3.424064418207154,-3.3780506887641186,-3.191333405462255,-3.263078266558623,-3.1909910785297084,-3.0628707262397503,-3.215558944794119,-3.2437234261324983,-3.22035155359582,-3.2203515511709506
-3.3411258670423267,-3.3075459406564365,-3.547745199172624,-3.4972494572849913,-3.1566924991281216,-3.251852997015471,-3.131439869152774,-2.952333290045417,-3.137064120052695,-3.166762986791481,-3.099019196327622,-3.09901919373601
-3.263723518538151,-3.2713821781758274,-3.5958773855200636,-3.5274870512770127,-3.1767727579198852,-3.2420534773377554,-3.073878926057854,-2.893035370249361,-3.0909187512377443,-3.1250108994727377,-2.9784567605353978,-2.9784567589111965
-3.179859044290868,-3.2152954153602633,-3.595632501222266,-3.5380869798060406,-3.261702231657594,-3.2896955364120832,-3.125373064665877,-2.940526166177721,-3.09694327186259,-3.1280614899738453,-2.9999975602633864,-2.9999975587271273
-3.027372305001539,-3.060195695688434,-3.463233463035359,-3.446475855713445,-3.1192835793448586,-3.2191471944181984,-3.0061163398459696,-2.8129512429236794,-3.0322180630807645,-3.0627592218369397,-2.894489580416379,-2.894489579675696
-3.0796550944041936,-3.172475895209386,-3.4591526749899524,-3.426341002198564,-3.1402319929818128,-3.2316555212052274,-3.0043835112749138,-2.8673993677856338,-3.017781441310149,-3.0462972119644,-2.8977999332536255,-2.8977999325435153
-3.148007167989382,-3.2391968942909424,-3.4446361005777653,-3.3910215003854653,-3.1180737045914637,-3.2001031025592246,-2.947095317537576,-2.848278295914791,-2.979589047472711,-3.0072870949753536,-2.8491288374479993,-2.8491288367871506
-3.1940588820394353,-3.3136628123462124,-3.425374837032566,-3.4021522674724824,-3.2065392107322395,-3.2486098257290057,-2.9931239214323586,-2.896835970490501,-3.003796579133271,-3.027912727083244,-2.886061362175175,-2.886061361612608
-3.1977736411959166,-3.2781689143842336,-3.458627921668102,-3.382527106855055,-3.0675859592758132,-3.1825351475803285,-2.938582060838211,-2.888158164127281,-2.9853028299829765,-3.010780155169839,-2.880989724806436,-2.880989723954332
-3.1464943330016624,-3.3106335769937587,-3.4597263287561346,-3.407212681881709,-3.1321549120627736,-3.2255749659901807,-3.014916615784759,-2.9305646264566763,-3.008112500174919,-3.0307803897127332,-2.917576984134302,-2.917576983392665
-3.1085034394140436,-3.2250919036657635,-3.478480119389511,-3.3988304624601837,-3.1752284925937038,-3.2509392243386577,-3.0865000465106616,-2.9757477764130114,-3.0334275334451797,-3.0527466584928993,-2.9490406638609556,-2.949040663680508
-3.3036445135847936,-3.2780513617044873,-3.48204079485501,-3.377328169167429,-3.199491181330044,-3.248154424063401,-3.099794160676862,-3.046305603204246,-3.053183561122113,-3.072522331073631,-2.9813554431173017,-2.9813554433093525
37.90429640320797,35.4592841620356,52.36893998472581,38.64880076768356,8.839924942694772,14.690739926821744,1.0869757252445709,-3.01478137692344,-0.4073670300232686,1.3388740208048682,-2.964870848871028,-2.964870849588902
-3.3777132999580237,-3.3859574470084173,-3.466989518201118,-3.406548982656989,-2.819064297133185,-2.9900605563897034,-2.7977935292256473,-2.853175682662018,-2.9292998482115173,-2.9470372618799074,-2.8553580499976885,-2.8553580491709227
-3.3697648435067142,-3.3816853042012336,-3.5009358010568863,-3.42537879921267,-2.882720199701354,-2.9877257152838594,-2.8257735620701854,-2.8579086943681054,-2.921259492548587,-2.9369330357391634,-2.8625924726058516,-2.8625924716078313
-3.360875120341338,-3.367858616671995,-3.4201960499609863,-3.319459771656044,-2.9565476456984334,-3.001890989095448,-2.889607218535511,-2.8925608802560463,-2.9380780324872804,-2.9485165120863472,-2.885428241365287,-2.885428240817071
-3.3792983944835115,-3.3798456370424024,-3.4736227981893397,-3.347808835278559,-3.0109508692606513,-3.001286485618545,-2.926096003880653,-2.9332574887814866,-2.946736994556533,-2.9511958381914907,-2.881776312031051,-2.8817763123178297
-3.3753803232586876,-3.3756425194424255,-3.4812244393524074,-3.339038912049037,-3.0011707932141665,-2.9673728048466788,-2.910461145978847,-2.9078695521411086,-2.9503374168329226,-2.954832250399705,-2.890084830970924,-2.8900848311663943
-3.362815031196724,-3.3615869089401906,-3.4433530410633746,-3.2835872082286293,-2.9908850678770813,-2.8923762289093538,-2.8823491050253867,-2.898519771284029,-2.9662544810646603,-2.9675460061775545,-2.8926800872284217,-2.89268008805131
-3.3439927762973043,-3.3384768445927557,-3.35695038835342,-3.2169936855134513,-3.0545401353330073,-2.8925614694174206,-2.9201890592185515,-2.9280058394352273,-2.983793660159127,-2.9839232330443632,-2.9266773573172022,-2.9266773585780195
-3.331144641425986,-3.322233310170833,-3.2839789807283473,-3.1685096649522566,-3.0918496556376756,-2.896327050925235,-2.963007587470456,-2.972137591444448,-3.0026398140313364,-3.000997346004185,-2.9611950902395883,-2.9611950914854095
-3.3259954674048258,-3.3192178871021696,-3.333853392122792,-3.224964375470407,-3.1202163235789238,-2.8938968304477375,-2.959986740557314,-2.9743796610170445,-2.9761189036867846,-2.9740936612495275,-2.8937839960683367,-2.8937839978574926
-3.3383020708141062,-3.333349149241036,-3.309974936663375,-3.244242540661312,-3.173602283652553,-2.929260800738453,-3.0087145514932794,-3.016459958964117,-2.99442593994649,-2.990430805352443,-2.9316733568916673,-2.9316733585952357
25.762691773601997,25.070571121105957,18.295656037436462,14.845854027322538,11.935612978762817,-2.9821003373915227,-1.0771088186371207,-3.0468966150081056,-3.0167022085255897,-3.0103314568451305,-2.9713794982411663,-2.9713794999071412
-3.3219041305442616,-3.3162225762937823,-3.2332415644341275,-3.2397769000145393,-2.8438809762529673,-2.8242559396236313,-2.812532341802641,-2.8093573833466374,-2.891866266172233,-2.8928840609578477,-2.7526812432316348,-2.7526812449009244
-3.32724135594487,-3.324225490512764,-3.200266595853706,-3.2035003383476415,-2.9561456897282867,-2.8287221098837185,-2.89158973019851,-2.881970901017079,-2.9030323095352752,-2.9032022484341877,-2.789079950405471,-2.7890799519372074
-3.3303311592262186,-3.327434096324005,-3.168625156438751,-3.1678309751969778,-3.03233125660402,-2.8616075115506883,-2.9952391336701885,-2.9447354107977017,-2.92762625502088,-2.924822248874922,-2.831932943568841,-2.831932945129793
-3.335794228147076,-3.3324541869983912,-3.1523072374623524,-3.1519822071479355,-3.1092401223874946,-2.924378331637931,-3.1088760010292744,-3.022310639240388,-2.948300192870318,-2.9432570966986518,-2.8714540588696806,-2.8714540604972676
-3.3256652395801916,-3.3204466185111916,-3.1119299834399534,-3.116932739083307,-3.0373325405103064,-2.8974742960169904,-3.0718957082584413,-3.044236263570258,-2.9376502123386623,-2.931588590813411,-2.8561749081839483,-2.856174909768658
-3.3338750552772134,-3.328067177356868,-3.1136192726517624,-3.1167857767251315,-3.103709540169917,-2.935605259615588,-3.153198809570365,-3.1392207049899397,-2.9583339066874195,-2.9501002013556588,-2.8982695841051482,-2.8982695856806426
7.87813848882897,7.442381932250829,-3.137026140086558,-3.1284345972124656,-3.157025795565294,-2.990011823837804,-3.2044994727413174,-3.200610949920045,-2.9647349226970325,-2.956213264781267,-2.9252915106244437,-2.9252915120001868
-3.3197266848113443,-3.3030857039757175,-3.122920926651794,-3.1137354059010844,-2.932584118759364,-2.8850527927486107,-2.9762948814610413,-3.0914857374127456,-2.8930729841924405,-2.8899012562968656,-2.8275557728654297,-2.8275557736992614
-3.327817518609609,-3.313751574257798,-3.163038179537433,-3.1287924949015355,-3.0582433367590456,-2.896913646637025,-3.0125370637796074,-3.1492163555236057,-2.9008177596496827,-2.8964154568833713,-2.8410605325422678,-2.8410605334301797
-3.3448474169871396,-3.3304528158005335,-3.2428191167753146,-3.1731979183601577,-3.165077003606958,-2.943226253186049,-3.0669485310817852,-3.223419264758292,-2.9211232627611485,-2.913753393008805,-2.8750843831512825,-2.875084384265784
-3.3547479029176652,-3.3385539683048524,-3.2608857849211796,-3.1910851781614085,-3.2383502649554963,-2.9984531210308556,-3.1447239504174305,-3.320162572877499,-2.9411601377565932,-2.9327182453196374,-2.9191650195433585,-2.9191650205988253
-3.36228705586232,-3.344689623168998,-3.2832533311752297,-3.2094073321468075,-3.2801653721314143,-3.0529547991448807,-3.1922059472719275,-3.3526260681209195,-2.9574151871722343,-2.9475329703005846,-2.950332572912039,-2.9503325739310213
-3.36548990231136,-3.3456998090998256,-3.2635177681694563,-3.2040800132436775,-3.3186657242194237,-3.1079514788149503,-3.2498503576985738,-3.4087616007220287,-2.9813568447419425,-2.969552549846527,-2.991387586408475,-2.9913875874540525
-3.37073585646841,-3.350295921792771,-3.2813772065695552,-3.226533319472766,-3.3636545140811385,-3.170950037053716,-3.299481146664783,-3.454992682109877,-2.9987845681444747,-2.985650701522917,-3.025709920983447,-3.0257099220439043
-3.38286225726184,-3.362861021981549,-3.3372755741163624,-3.27332510945479,-3.4330156319585523,-3.2389736228017667,-3.3442777561882644,-3.4812041593670005,-3.0171474734425106,-3.0022812564886614,-3.0517990594137343,-3.05179906063793
-3.388277881294016,-3.370675001985675,-3.361061002543016,-3.299175704650443,-3.358240119177689,-3.246509854337734,-3.276458987132168,-3.4267044991683844,-2.978383785068338,-2.9684154396900935,-3.0113520840360026,-3.011352084594456
-3.3872328250952006,-3.368243808712529,-3.324754757415752,-3.2773446164221407,-3.4337709861995727,-3.273126288270262,-3.3263589961589384,-3.4936502774765645,-3.0020331706046157,-2.990268858450328,-3.048178778316654,-3.048178779051348
