lstm_normal,lstm_student,gru_normal,gru_student,bekk_lstm_scalar,bekk_lstm_vector,bekk_lstm_mix,neural_bekk_asym_diag,bekk_symmetric,bekk_asymmetric,dcc,adcc
-2.811382790826316,-2.825302365237719,-2.867913644094171,-2.84323622206915,-2.9183868204262113,-2.8109272316442606,-2.8550416608159215,-2.8287988719269297,-2.8210216607903087,-2.796680735341916,-2.8565428335262615,-2.856542828757517
-2.8344655300850308,-2.8461044268351112,-2.8864518193562634,-2.86114332587162,-2.9282750609770707,-2.811917412518251,-2.843823417649611,-2.8390935740260828,-2.825788055265052,-2.8020791434070067,-2.8723034227337885,-2.872303417780596
-2.894630939954499,-2.878737403820917,-2.8993930744130365,-2.872260535412371,-2.886583241712604,-2.7936783967144505,-2.8236957479145763,-2.830906043940199,-2.8296236266106214,-2.8055498825854563,-2.8672260318984573,-2.8672260270179026
-2.830243079980267,-2.7701620662417263,-2.896868834904135,-2.870370838903848,-2.8871687104517965,-2.7858157121358262,-2.8065709670641423,-2.831207721118221,-2.8347657444200243,-2.8130565974228454,-2.8861432632792177,-2.8861432582606867
-2.8214378779697364,-2.7861717957444965,-2.9019761759996006,-2.879821563490965,-2.869550576188333,-2.784409362131835,-2.770177720628171,-2.784174999746442,-2.8205657195314178,-2.8010688101309493,-2.8623706249295813,-2.862370619407901
-2.854135666815143,-2.8116393528259787,-2.8684793168335645,-2.875165885348799,-2.8301171001102725,-2.755182005772624,-2.735100570141467,-2.763885204375696,-2.80791102163015,-2.784518720286146,-2.847485330842143,-2.8474853252678423
-2.828490174925133,-2.8319434617014623,-2.85171070787122,-2.874095394579173,-2.8563214603471163,-2.759138128017237,-2.75092382893631,-2.7924881722235773,-2.8244114025992437,-2.800231992899089,-2.8725766603547456,-2.872576654930312
-2.752061511236756,-2.770732464876267,-2.8330685169656054,-2.8576349702484674,-2.847855706425633,-2.7169306994772455,-2.7381633150639746,-2.784641386020753,-2.8311228879009884,-2.8060504587378374,-2.841253718759831,-2.8412537149495645
-2.7533271533960155,-2.7198938647332627,-2.8096148751924876,-2.8154599725558964,-2.8238526290779604,-2.6868375017571235,-2.724434065962534,-2.7828887254068366,-2.8342636845040774,-2.8095870889319996,-2.8536034566670128,-2.8536034528370897
-2.6401854973596386,-2.6369715757647443,-2.7966592374717667,-2.793587811258832,-2.761117436804661,-2.628417104413023,-2.683506167759553,-2.719108652102962,-2.816802996849286,-2.7939148276317765,-2.8124346056012,-2.812434602158652
-2.563269607419243,-2.5164146456937955,-2.7889268183851184,-2.782509553411177,-2.728691646077876,-2.5867972082060326,-2.6504042027670147,-2.69478275468246,-2.8078442352641475,-2.785399647328846,-2.78291960158264,-2.782919598105694
-2.5809432684044964,-2.5151834150296613,-2.7948171221143467,-2.7876801504944493,-2.796121271857119,-2.6123335591088597,-2.7056975409099038,-2.723056654480161,-2.815733469165826,-2.7932601128199908,-2.807130846377879,-2.807130842741377
-2.695738658488608,-2.6358717751263394,-2.7891431756729776,-2.7866598739714106,-2.8295965277660162,-2.632334180992184,-2.737485302205139,-2.750945902624846,-2.7999714388654895,-2.781791966718017,-2.8119669915504764,-2.811966987379508
-2.6479569189913144,-2.583363740594831,-2.7915195140527334,-2.7872934285267332,-2.8724660143015868,-2.663245874722774,-2.771525188661869,-2.7774846174561185,-2.803008409595106,-2.7861020317214713,-2.8322598347689927,-2.832259830230728
-2.637482470665765,-2.566914131178227,-2.7556714562192766,-2.7589145396964176,-2.8891001441012243,-2.669029654697322,-2.754886066313097,-2.7641903475757132,-2.813570208707793,-2.798346657995681,-2.841557792100558,-2.841557787811194
-2.6653962562300517,-2.628430467357222,-2.795488677361993,-2.7809161619038654,-2.9509579178611327,-2.7398982887782113,-2.7962299651087426,-2.7967127095627724,-2.8336955641516632,-2.8169235165251774,-2.871999550987082,-2.8719995466725203
-2.6952422202338653,-2.664881480318827,-2.7970230974854937,-2.795215238741152,-2.9361236046949477,-2.7519441786566055,-2.77678860361397,-2.7947730207893358,-2.8465027568177104,-2.8304399714826602,-2.880480796040887,-2.880480792242
-2.7088518106229516,-2.6758147728818074,-2.8020012720348886,-2.799376668220412,-2.9454588954143635,-2.7808597371540182,-2.7802753349269542,-2.8189661089312987,-2.865497154995594,-2.847994630686951,-2.9120231375969343,-2.9120231336970943
-2.834295850260581,-2.8024033732053306,-2.8235944130294106,-2.8180405856092907,-2.96789351673437,-2.8221458021087242,-2.7963852091128936,-2.846103516831377,-2.8753666808737206,-2.857507284606431,-2.9339762374684466,-2.9339762333762143
-2.8006440474694596,-2.782394649089015,-2.829343814941817,-2.824481309392365,-2.9623296553495013,-2.8305817873783887,-2.7934339735606866,-2.850450010763696,-2.8934679621260426,-2.874028913398529,-2.939737525529288,-2.9397375220200566
-2.738798591942982,-2.696712542140894,-2.804953034262829,-2.7943805600238525,-2.8617281311792224,-2.802829614000585,-2.7422626964252688,-2.8063154497897447,-2.8745412997997133,-2.858819279526946,-2.939100318561508,-2.9391003143046106
-2.673389677448682,-2.6528953172970864,-2.7533492663740504,-2.7418867748854376,-2.6821299588449214,-2.701094742921188,-2.6327102627252215,-2.644449087898498,-2.815715300346036,-2.805254108242438,-2.8169883165877616,-2.8169883123805253
-2.6069167369470203,-2.6130954718000856,-2.6856080419252093,-2.688677599814707,-2.6330722509080013,-2.638972640363105,-2.595269847618174,-2.621342310048102,-2.784570050539973,-2.7793961133992893,-2.7957432499493406,-2.795743245315623
-2.5754068750021335,-2.5852019211984394,-2.6502009588432696,-2.655985095167464,-2.6327217964196636,-2.5737729658937107,-2.5714430084480506,-2.601698016367628,-2.7849890878503136,-2.7772781233786694,-2.738320000443955,-2.7383199973994667
-2.516407961787213,-2.541311445689701,-2.6283637592459774,-2.6266244711300946,-2.6394256914147043,-2.5289530382757333,-2.5694258408709523,-2.6014620554257597,-2.777111951247471,-2.7699782664312487,-2.738647895774024,-2.738647892387684
-2.549415669514561,-2.5683300289681212,-2.581120560503983,-2.5522279996204644,-2.5549725292125007,-2.417604954167548,-2.458903103634431,-2.562457880492336,-2.768100437634111,-2.757429159556063,-2.6212082101427727,-2.621208209429416
-2.477177952716383,-2.4963459521323266,-2.5634808909657627,-2.5307190912712647,-2.6357283376069414,-2.408900368488404,-2.491708832180115,-2.5704051262717815,-2.782868628283043,-2.7710783152607683,-2.645953634586113,-2.6459536337086305
-2.4302735686060415,-2.4635576418508354,-2.5545839113014575,-2.5284692658556205,-2.6850975907438728,-2.4050269418106476,-2.519807682850711,-2.580633537697775,-2.7988376486415385,-2.785632449722269,-2.666252622991325,-2.66625262211233
-2.4835199929428966,-2.492853004571264,-2.5155715313888,-2.4942129717114203,-2.7505096046706408,-2.4081079769587213,-2.521151407952294,-2.578791012189638,-2.8147609297991525,-2.800115054713385,-2.6410522295197776,-2.6410522298758803
-2.425374984673964,-2.4351123439217197,-2.4780968988297882,-2.460365723074529,-2.8544385267660903,-2.428194157457092,-2.5664539957391854,-2.605318485294824,-2.8076655460845914,-2.796987148535038,-2.657480750296345,-2.6574807503283533
-2.528889707851901,-2.481343491206107,-2.478904402345112,-2.4597045554556556,-2.824395609529271,-2.4173026589045072,-2.5630010545294417,-2.581247922975039,-2.7790431518094025,-2.769663815637707,-2.6391605180453683,-2.6391605175193256
-2.4458473497010025,-2.402171518290259,-2.491549595735404,-2.470016062017749,-2.8587540975003294,-2.4200867792994387,-2.594902832141636,-2.5882653649529423,-2.7902761347197016,-2.7793459528660285,-2.6581074370981534,-2.6581074363078048
-2.5089256787516816,-2.465321401620286,-2.525325390791717,-2.501920072498971,-2.865679892677264,-2.4048557809548496,-2.603885270763172,-2.587685008512774,-2.8004527498544776,-2.787439297667432,-2.6633212982093237,-2.663321297346179
-2.4911638085924688,-2.4620852538427136,-2.5682661125208277,-2.546472393552977,-2.8709767230983325,-2.4151971899144407,-2.6185237800238896,-2.603065029282326,-2.8093916899331846,-2.796469759118965,-2.6904263296928055,-2.6904263284857857
-2.493776322607782,-2.462239178632354,-2.5845383059938123,-2.56900257532819,-2.8786335260865616,-2.420519845948561,-2.6402757339883243,-2.621426755490088,-2.824516495323455,-2.809943692405848,-2.7123663730132317,-2.712366371732481
-2.563987416265867,-2.5431528650223925,-2.6045028291336068,-2.5882698062276743,-2.8352980049720613,-2.4267234611083266,-2.6447977409390537,-2.627828394340115,-2.824058783397255,-2.8060454215534616,-2.7311894477885645,-2.7311894460994792
-2.600593110549612,-2.570024515535768,-2.604484311442569,-2.589343853881216,-2.8283315181782154,-2.4387148329114168,-2.6637200212857257,-2.6534380582988915,-2.7978425870259853,-2.7846084826148436,-2.7409496799420405,-2.7409496773793665
-2.4746062125435397,-2.4714854338491072,-2.599120080571519,-2.591027663385519,-2.81924533228592,-2.4420828913286563,-2.6603758996111964,-2.659266348577739,-2.8031810131556107,-2.7917786453694275,-2.749614205413866,-2.7496142030441413
-2.534272878212101,-2.5150039964466013,-2.584757586899701,-2.5747831395017067,-2.859755454257905,-2.4562221753442306,-2.6870761222183734,-2.6926771584512297,-2.810758946843625,-2.8000858038577356,-2.774473201206148,-2.7744731983357465
-2.5932148831885455,-2.5556388287086174,-2.589006448394162,-2.571748335239921,-2.8602239559756555,-2.4683941498888604,-2.712348054176533,-2.711004484778851,-2.8255386596107686,-2.8135050211572814,-2.7936329342875337,-2.7936329312678416
-2.664293940923336,-2.63925248991066,-2.6235658908660446,-2.6004942597469123,-2.8158668416946417,-2.4804843287174165,-2.6875375102703933,-2.67757362525882,-2.7973246739579856,-2.7858408155474277,-2.7618417083896984,-2.761841704925037
-2.6307823400358727,-2.5831565473839477,-2.634133899761837,-2.6085894358515027,-2.810754829544984,-2.4822366230541903,-2.68822169769976,-2.671034236659781,-2.7992744390348054,-2.7872595409796888,-2.763265066492099,-2.7632650628345683
-2.709344968359707,-2.6756686484438577,-2.637371593865696,-2.6087499939029706,-2.8715835579434508,-2.5010332785536296,-2.725880572271598,-2.696622640744502,-2.813419546922974,-2.8008040547160222,-2.7888537351410334,-2.788853731194002
-2.7164437397316052,-2.6852030661971824,-2.652553598884621,-2.620723771692253,-2.914595960263565,-2.518530966898421,-2.7594687415159886,-2.721573403799039,-2.8272088092782184,-2.813504198977596,-2.8158895724897897,-2.815889568333063
-2.7359960317679204,-2.7085047805342555,-2.6384904646858756,-2.5951184914085976,-2.870370527303476,-2.5178488018468492,-2.75000844593186,-2.7239855911530837,-2.833324136075988,-2.8181802389635355,-2.800113112216606,-2.800113108422764
-2.7414767657748267,-2.6899900930521055,-2.6411498498499033,-2.576806670140839,-2.8846160428362113,-2.5360027847513535,-2.763760624818134,-2.7163293835133206,-2.8419896955146,-2.8258225838725766,-2.800142608458404,-2.8001426051657887
-2.738252271816892,-2.6804044196538848,-2.6543420862651548,-2.572604755453098,-2.877730399604367,-2.562000737014289,-2.772400592007589,-2.711392063214797,-2.8456959742590238,-2.8296648481890854,-2.8090987642482155,-2.8090987608548326
-2.7254890046200675,-2.659078598357457,-2.6744229698089796,-2.590003253908579,-2.904764200926531,-2.603530339267916,-2.800426045925908,-2.728384499881244,-2.8402523856463286,-2.8251880645052405,-2.8162580726542656,-2.816258068873345
-2.6998591868554818,-2.6639341406308215,-2.6890610158282273,-2.61108286917842,-2.9295579256845583,-2.626229375995685,-2.81429521265009,-2.735639228532748,-2.8552573592590393,-2.8391209211192683,-2.8312325348927962,-2.831232531266573
-2.724756498628331,-2.6691358862027923,-2.7129895555628805,-2.6330969618046964,-2.95679520035596,-2.6627765873624774,-2.8330191857400715,-2.751499137623032,-2.8708408628695015,-2.853805644363746,-2.8544874175282753,-2.854487413926038
-2.646736630089544,-2.592696131235898,-2.745767013601852,-2.666278687159374,-2.9570031486610167,-2.6722384052516452,-2.8284524775293245,-2.76072050776086,-2.8848239911901685,-2.8673702891722823,-2.8752791213503457,-2.875279117386081
-2.6743428441017736,-2.6230777170910557,-2.7785894942528406,-2.711940401692602,-2.9432813688103763,-2.672593527690627,-2.81689711086763,-2.7689472600763363,-2.9001625991516775,-2.881891453960115,-2.889317159829926,-2.889317156205073
-2.6772951843470434,-2.5870028214880025,-2.74121120243045,-2.687500388882939,-2.889754252021226,-2.641624418007847,-2.7607321234511595,-2.728387629881265,-2.851819104693945,-2.844660823967335,-2.869854518730421,-2.8698545137043103
-2.5946104854867715,-2.5290576108554195,-2.73512165832972,-2.6909994928919914,-2.9147710428073097,-2.6429113207833272,-2.7692707466483006,-2.7540942169562106,-2.858851682620804,-2.851279339598562,-2.885253587018834,-2.88525358176934
-2.6735070101917797,-2.5450091929010146,-2.753522304627616,-2.711352041811162,-2.873377097058942,-2.646433809160739,-2.7473224774564278,-2.7497288376490934,-2.851937784348942,-2.842680943054349,-2.8751524781420352,-2.875152472815762
-2.654757111103436,-2.584364206164832,-2.727144663568784,-2.7029258406068513,3.123863781156409,-2.64779020991636,-2.7471008560871386,-2.7501402244162705,4.696234975583476,3.144534742715818,6.453031509984955,6.453030987038062
-2.6193941661350184,-2.5646863811601164,-2.659055581042443,-2.641762906039612,-2.532727706475794,-2.435449043490029,-2.46773916686084,-2.6984251177149208,-2.7775842987731933,-2.801980845612714,-2.660098515014844,-2.660098511060684
-2.669202934455689,-2.572412839451926,-2.616796287776392,-2.6020172394873264,-2.6438298076466245,-2.4422442469920047,-2.5397789929972685,-2.699898565782556,-2.783294761997723,-2.807485779818076,-2.68170636489662,-2.6817063606752107
-2.629369590573425,-2.531794561062656,-2.5861028824144494,-2.5802206086545127,-2.7050949414368373,-2.4403944655957077,-2.5911126359007186,-2.694263227469089,-2.7954084678265936,-2.8180511932238548,-2.6974405755122315,-2.6974405713176504
-2.56858121033993,-2.512333959369978,-2.5792203539283385,-2.569523899320976,-2.7472508408199863,-2.4567476843106992,-2.6468303820972023,-2.693602245257005,-2.8068828121591647,-2.827832624744273,-2.715486417824897,-2.715486413444415
-2.6139877332278085,-2.5195048076067823,-2.576175034337057,-2.5507106180082064,-2.662108533473254,-2.4471157469370803,-2.623802938841207,-2.661564094477275,-2.771736844993287,-2.7961575679505026,-2.7067690350547773,-2.706769029869598
-2.570093230271913,-2.510140105839011,-2.566474210564343,-2.5417629449291437,-2.6917084010494707,-2.4519952167273487,-2.6587633876482153,-2.667732444954442,-2.7851906334789667,-2.808061119671085,-2.7092887521062097,-2.709288747445917
-2.545824057156053,-2.4974978423457466,-2.5777181616685714,-2.5518892171661554,-2.729226662056663,-2.4598530501299707,-2.704723085174373,-2.684647999967522,-2.797679977920959,-2.819046027094626,-2.7315862319838495,-2.7315862271715936
-2.5836864122314678,-2.5429227099183787,-2.6086420382781026,-2.5774185464762156,-2.7615451913843714,-2.4915208850370316,-2.7464041992640924,-2.706356198475405,-2.8100717810682956,-2.8302920609044895,-2.75929327063891,-2.759293265527086
-2.5764769919977955,-2.549202337502061,-2.627997194186899,-2.5899086903581727,-2.7882002667576766,-2.519951893479081,-2.7837209738817266,-2.7245380592495945,-2.822655588958647,-2.841509087444776,-2.775633241080091,-2.7756332359123412
-2.6688329957160675,-2.6254153434749967,-2.654902703616104,-2.6095833873296357,-2.768121081342645,-2.549004717038568,-2.7894559263998193,-2.73114360447075,-2.8157000291382577,-2.8350507948502477,-2.7810323891137827,-2.781032383541526
-2.722266951980501,-2.674389482750067,-2.6835386075571446,-2.6332596564720334,-2.787155761701695,-2.5803104105211605,-2.8236019332027875,-2.7489293563735213,-2.8239653050975173,-2.8424638009161725,-2.8041026064494674,-2.8041026006167313
-2.7962927297004287,-2.7529129849981415,-2.726058254772048,-2.6706902586495995,-2.8148186404167372,-2.623706328368204,-2.84212219242834,-2.7689645016161126,-2.8364069386226807,-2.8539570016368807,-2.8306604604468024,-2.830660454304708
-2.824100118052761,-2.8012701597103806,-2.76298898586164,-2.706880914056739,-2.8420299106210303,-2.671878932512965,-2.8486436091775698,-2.7852096005697167,-2.839454970442215,-2.857218376269893,-2.8480417321885643,-2.8480417256221786
-2.7861009845637823,-2.7401257128224694,-2.749438629294599,-2.708549104210613,-2.8930069083133727,-2.7169040037244914,-2.871154859166414,-2.8300096066475957,-2.8399453123424103,-2.859429081277515,-2.8629042276483005,-2.862904220866719
-2.7826353659679164,-2.7303757884132858,-2.750757363947658,-2.6855209815667256,-2.824874789369909,-2.6787782903747104,-2.786094772720574,-2.799306478327958,-2.8139790379792617,-2.832332689107895,-2.808151996310745,-2.808151990251309
-2.7560856006790537,-2.708736868384027,-2.761613436110564,-2.691164139135964,-2.8816973819586167,-2.7096787711545396,-2.829298021393396,-2.799126643838861,-2.8220951327390984,-2.837622099994819,-2.8304703824646325,-2.830470376074379
-2.7026374120904486,-2.6597629179016824,-2.745595480573674,-2.695780522427771,-2.8978035446305093,-2.7010991289778836,-2.8170224826141252,-2.7953221660203487,-2.8347400544612547,-2.8504151613783137,-2.8293870753536585,-2.8293870696640067
-2.6740040429464096,-2.635903657145396,-2.7019167561184823,-2.6587880837012854,-2.745656635380698,-2.6486200437909724,-2.71213099099632,-2.722705383404473,-2.7827036679567785,-2.8061112649002697,-2.810025991335035,-2.8100259843084023
-2.5642871211937712,-2.569866428248739,-2.67164978068282,-2.625112284979294,-2.6524206051175394,-2.6160439167652267,-2.6501788592820574,-2.678617979463648,-2.7549222667929585,-2.780638265721779,-2.7905926547271216,-2.790592647057302
-2.525889583742512,-2.5143294654674495,-2.662008583174913,-2.617758160226822,-2.6783696708203357,-2.6130254449509707,-2.67761823982055,-2.6950764066057435,-2.756129731728228,-2.7824145103295854,-2.797113805836905,-2.797113797953082
-2.4941492643764644,-2.518351193844083,-2.6556958000305895,-2.6138100191480835,-2.706492712730413,-2.6080773142721463,-2.7020479867533505,-2.7076078881677397,-2.767486612414648,-2.793054199533387,-2.808214691714623,-2.8082146837609843
-2.60832942987189,-2.6278092073497286,-2.679424454300147,-2.6402354993387718,-2.7516930043920285,-2.63990349768429,-2.7359183890411787,-2.7400239803909097,-2.7575191012091946,-2.7846172599326438,-2.8173018464143573,-2.817301837844164
-2.626563525447087,-2.5903416585642884,-2.6829166640007633,-2.6284639791533273,-2.8105558107502193,-2.6601516829887646,-2.7608070353628125,-2.7492093754502847,-2.7734291230173125,-2.798844197444245,-2.812082312547954,-2.8120823048341648
-2.6648088726170314,-2.6479833937500494,-2.711418166593597,-2.6492776829687807,-2.881135744242,-2.7003993131182287,-2.804112360215445,-2.7660786710053173,-2.789252574667241,-2.8136661506248792,-2.8352409446900193,-2.835240936850074
-2.6155175785921037,-2.6005933794763076,-2.7055580209803125,-2.6470370647675407,-2.790549752004463,-2.688683959499146,-2.728669678220963,-2.7306479043473604,-2.75865365853783,-2.7530716994518185,-2.8361826171980082,-2.8361826076278334
-2.558047739829909,-2.543801212089079,-2.699649099032624,-2.653544662007742,-2.8169524206780934,-2.7112974884412573,-2.736566775909012,-2.760235271004926,-2.7758591655287614,-2.7710570905833527,-2.857156174217191,-2.8571561646594166
-2.5949870208421104,-2.5364157553360904,-2.7163644305863386,-2.677740226047445,-2.8026362347217075,-2.7048173140319127,-2.7159127534723955,-2.7507746370526416,-2.775882771504157,-2.7736080600657727,-2.8490490517780134,-2.84904904208652
-2.6308787944151137,-2.553761230501652,-2.7000011842271903,-2.664127090528009,-2.758331526209664,-2.662835828462539,-2.6795944355156323,-2.7063883478975415,-2.7552598206182073,-2.7601266319123177,-2.8308461562725364,-2.830846145881055
-2.65503120344511,-2.5689775362660896,-2.6991453006559167,-2.6643933653472645,-2.820798273666888,-2.688139823850096,-2.7118520639023505,-2.7515823396378662,-2.760159976266316,-2.7673634051626137,-2.8479263734879434,-2.8479263627614686
-2.659137805034819,-2.5724619563308426,-2.71266467384148,-2.6773246165335465,-2.8447408775881184,-2.710668555690538,-2.7191612256261335,-2.774060675095571,-2.7653147833040173,-2.7660635288665607,-2.8691503247240666,-2.8691503134096
-2.708492865638848,-2.6297812222845445,-2.723580152756485,-2.686268724672114,-2.8381888978454337,-2.708935539170647,-2.7057410933418167,-2.7494500190439437,-2.744405317124719,-2.7514600354006418,-2.8553248718014395,-2.8553248598381344
-2.7296364616530693,-2.6228239117286036,-2.714301983574164,-2.672208356547752,-2.83044786395768,-2.6914364024697286,-2.6889730852838998,-2.730924831945609,-2.7408433661082636,-2.750835736428747,-2.839799801600328,-2.839799789723046
-2.7175668549504115,-2.6332568955993,-2.727886650000735,-2.6840249843012707,-2.871022408779796,-2.6973675360565457,-2.7094677140752728,-2.7666964053738656,-2.758368779067891,-2.7681933378242904,-2.864638419959746,-2.86463840801269
-2.741956334879015,-2.683545371111905,-2.736898115288783,-2.686967485802065,-2.909653428925873,-2.706939284459354,-2.7315085895937434,-2.7864418394224426,-2.7757304850493116,-2.7849732817663866,-2.881743483059678,-2.881743471029454
-2.7672416080305156,-2.720140296586974,-2.764450511607154,-2.7095735851072686,-2.936685091402633,-2.7189172430931716,-2.744691443543842,-2.8014613472969483,-2.781699910814905,-2.791944573046846,-2.892437813531633,-2.8924378013424032
-2.823646903260595,-2.7585026580339593,-2.7750782799108284,-2.711033116990304,-2.8249981081567377,-2.695227105483589,-2.702806473027513,-2.734431363074116,-2.7528748623728148,-2.7674169839654414,-2.8613986471816464,-2.8613986345319686
-2.8088438468594066,-2.7334246415445076,-2.7810577918529873,-2.7097895084268333,-2.750661321130836,-2.681815105904798,-2.680501735318027,-2.711873040951836,-2.7310066470146266,-2.74844639583074,-2.822801283083845,-2.82280127011568
-2.822176503505664,-2.7443241133715253,-2.796115159145009,-2.722279420544503,-2.8126459474700933,-2.724543779639413,-2.734510633427443,-2.7490459794159876,-2.7493057862191916,-2.7659082597371802,-2.8510047279387116,-2.8510047148967956
-2.869488759549043,-2.795452618859612,-2.7911587185054474,-2.7046811782120925,-2.815660895912973,-2.7028152552492335,-2.720677999439917,-2.7653656709340284,-2.755008165489956,-2.769944439993701,-2.814491336603096,-2.814491324936176
-2.899217545823654,-2.7750474598718973,-2.7908444639821894,-2.6971970728193697,-2.8842180366907924,-2.7285072594310993,-2.772516536782817,-2.779897204117364,-2.769957892741949,-2.7841178055528486,-2.835273077677596,-2.83527306619223
-2.8234932098801284,-2.739030448207061,-2.8031595224221846,-2.710379859229784,-2.8906149490147883,-2.7434955413937763,-2.7867436757660133,-2.7921511985747447,-2.7530878349924452,-2.770484373437052,-2.8226620880605537,-2.822662076475593
-2.83641599256988,-2.799363223011648,-2.787175452529853,-2.699086549577266,-2.962672792672815,-2.7748523501692532,-2.8312250021836145,-2.818834548320644,-2.769738254993874,-2.7864477528796563,-2.8317151389284083,-2.8317151278030646
-2.8207958540348117,-2.752685050363214,-2.779498305232,-2.681191720007287,-2.9626643611558046,-2.7810562872377016,-2.837289478864731,-2.820690168704905,-2.777565506917754,-2.793538295440288,-2.8280307853307702,-2.828030774858933
-2.796074984640568,-2.7716188870422767,-2.7686413610254403,-2.6737987320458805,-2.9643835517164185,-2.785636414768468,-2.8362422900876796,-2.8174917989015986,-2.7686588308148607,-2.7879772913235175,-2.832511622000713,-2.832511610993777
-2.850213354306644,-2.8208798809283877,-2.7935139615885056,-2.7027009163404445,-3.0094445342592815,-2.809386489337692,-2.8620537330451477,-2.8370128289751193,-2.7844585432383795,-2.8028254103430896,-2.8590291365190383,-2.8590291255136817
-2.706622867370024,-2.6594316959776743,-2.751215128173184,-2.6387864968726285,-2.7185545163633993,-2.6955755536914423,-2.6991515876073606,-2.689195527536483,-2.714071137752737,-2.7291487954048463,-2.7846571098809574,-2.784657098190437
-2.7118323466323844,-2.647670568302963,-2.736776049886891,-2.6209042310050212,-2.7580640773044944,-2.7071950494943477,-2.737229346112551,-2.717602182811471,-2.730512927829819,-2.745184841059689,-2.8089519936060743,-2.8089519818265507
-2.6565679999896665,-2.6043077253911084,-2.727866363042958,-2.6201798542606745,-2.7679409650862032,-2.6967191006821194,-2.74479403843554,-2.7154397934794936,-2.7059081451252895,-2.726040874492412,-2.7980932855375356,-2.7980932729523706
-2.6916926296144443,-2.636766689221053,-2.735276638713918,-2.634113660268048,-2.838387885049973,-2.723880452609827,-2.786421184564464,-2.7550572037658227,-2.7146430479364585,-2.7353784488587753,-2.817237037275183,-2.8172370245228926
-2.656965913673763,-2.5899232482014147,-2.7493408263910615,-2.6454630980003806,-2.85199919094368,-2.741488065355228,-2.805436164526953,-2.759551321278404,-2.721079890353106,-2.7421118527954644,-2.828002043402274,-2.8280020306766946
-2.7242473897604293,-2.652337000646038,-2.7753257947687353,-2.669482385431792,-2.9052429107690756,-2.779772284068694,-2.8466584099668295,-2.7861971900995783,-2.7399793252672056,-2.7601261744222083,-2.856068867777967,-2.856068855144219
-2.7942681517659165,-2.7464120641673215,-2.818690273785716,-2.716994987253373,-2.952411721328142,-2.823207020910667,-2.87021279288394,-2.828154375163085,-2.749770264904523,-2.770093766614933,-2.8755866627407096,-2.8755866499329015
-2.8270532085461064,-2.7870414234896783,-2.8608444175844916,-2.7623582743249226,-2.999850573157695,-2.863969762141239,-2.887779339521514,-2.858822293390248,-2.76857296326474,-2.7880978691082885,-2.8981348164666088,-2.8981348038749593
-2.827256998221933,-2.812405373520189,-2.8886192460557236,-2.796295556443839,-3.017803573927633,-2.890519836518488,-2.891282733241881,-2.876008274558586,-2.7844375726236152,-2.8039063832140245,-2.914100051790137,-2.9141000393068683
-2.8499934474913946,-2.8415449449039727,-2.9161517066441527,-2.826583181327784,-3.0697058712290355,-2.9277400046692073,-2.9011763682446055,-2.915510292985461,-2.8004850243587613,-2.81986778925725,-2.9355213129832154,-2.935521300389934
-2.868941353120525,-2.86152963567616,-2.9055190219299183,-2.80700305856701,-2.834802796775318,-2.8313642914940003,-2.7913837062406266,-2.87097939440946,-2.7677397996723636,-2.7908548200415555,-2.866143631948765,-2.866143619232659
-2.8584790392898274,-2.8326026103013633,-2.9134106191464655,-2.816583022730128,-2.90476697690097,-2.8730224044942094,-2.8605442751293406,-2.9254054711202757,-2.785157369702401,-2.807302412797916,-2.891761046352867,-2.8917610335080965
-2.8300188303173193,-2.814237536955066,-2.9207240287160294,-2.8231380985780796,-2.9264534788286367,-2.8578222468374053,-2.852921346374302,-2.905477731230933,-2.80082751516238,-2.820920971605227,-2.859825783702663,-2.859825773190366
-2.763552829292948,-2.754141930094766,-2.8994713614804852,-2.8078886705369634,-2.914110067295051,-2.8286045555780737,-2.8166049208095956,-2.857448791625967,-2.7950061487643185,-2.816256120118872,-2.8473103039778125,-2.8473102935183667
-2.830461738959827,-2.8260960521036416,-2.871707810367218,-2.787541637522632,-2.937094960308037,-2.8198512577704378,-2.8080012473699014,-2.847115858774184,-2.7734563812376543,-2.799129388227809,-2.8396633768125037,-2.8396633656962753
-2.811360607477845,-2.7695947695725023,-2.8684199344865524,-2.781200525423361,-2.9809472230665146,-2.8353997808535567,-2.8303277298512084,-2.8621130074891523,-2.791048593434364,-2.815575621694287,-2.8633231812398585,-2.8633231701201534
-2.7873691471927304,-2.7649478722757483,-2.8858135296778045,-2.8009049092312215,-3.0056200805236784,-2.8542900926576396,-2.843974140562419,-2.8730692215704883,-2.809011073489876,-2.8324349832371505,-2.8891552429220213,-2.8891552318608476
-2.8656168329155545,-2.8412451677788377,-2.9142887258792376,-2.832402650126435,-3.0151797940629366,-2.8786895761657982,-2.835749721891327,-2.8640774765382497,-2.8061485127723675,-2.8305449575490313,-2.8930354440967174,-2.893035432867415
-2.8595410584135834,-2.844145252507747,-2.9347874271942884,-2.8571542435562614,-3.0535763990333007,-2.91372315750858,-2.860631386405182,-2.885615427300542,-2.824017089158874,-2.8473032151308266,-2.917806120752041,-2.917806109489481
-2.8902760574552118,-2.8796651517747636,-2.9503567700834137,-2.878380245922891,-3.074505932047263,-2.9344581068608946,-2.8702435373767603,-2.9036826228673016,-2.8404415579074684,-2.8627722751122158,-2.9373704523756716,-2.937370441352818
-2.9794752987460367,-2.9798833081823606,-2.983808724803703,-2.9160311092200435,-3.1012049065016662,-2.971484210954783,-2.8812786611940453,-2.923909930125779,-2.8548213825618314,-2.8761288367664477,-2.9571112379368976,-2.9571112271257105
-2.9883585765909646,-2.954215114678304,-2.9913147925314982,-2.9261173165687526,-3.1081334621189756,-2.991258578939151,-2.882015140151588,-2.9336593848425006,-2.871870296497111,-2.8923007281181414,-2.978265904768706,-2.9782658938558075
-2.9737275465576087,-2.942748592612399,-3.008986423423565,-2.948318693688106,-3.0904619816333563,-3.006514460474788,-2.8914803916358744,-2.9278450681800354,-2.877860290017078,-2.892671579915518,-2.989741448630948,-2.989741437628289
-2.895486245464481,-2.8781915352046146,-2.9674053447818363,-2.916938752869394,-2.9977382087384807,-2.953583260518077,-2.8358028802704824,-2.8754691987055403,-2.882169932966461,-2.896287777476448,-2.9518332470724093,-2.9518332371166203
-2.8940505234306553,-2.859548354299601,-2.951507850359822,-2.904340620749408,-2.95108824960062,-2.921344664406126,-2.8162505969421856,-2.8581437469283193,-2.8807996240379916,-2.885728240047273,-2.9573491034457726,-2.9573490932385846
-2.91186584114294,-2.8993354074784885,-2.951963390698297,-2.904461646586351,-2.9704170710477875,-2.9330604706626735,-2.8366730413888543,-2.8801671379812155,-2.89666605185434,-2.9012645964953436,-2.973577108737534,-2.9735770987548014
-2.931303394974901,-2.9188938025737103,-2.969265693855964,-2.922239513271456,-2.988305217059558,-2.9455847653177036,-2.8464863206815085,-2.8830559103310494,-2.903260561402787,-2.908004607559632,-2.976634095713196,-2.976634085802157
-2.9382883941246654,-2.897849352584036,-2.9847661086712556,-2.934880968027919,-3.0161673788455796,-2.961587308422329,-2.867866862779022,-2.900372692026635,-2.9162952770049753,-2.9208339429856394,-2.999612439384501,-2.9996124294326765
-3.023870457953273,-2.9854688255960866,-3.000606501829256,-2.9459656693795,-3.053965178998086,-2.9858395577675383,-2.894411943941381,-2.916889677780401,-2.9301123823378346,-2.9346789537628903,-3.021445299860985,-3.021445289887849
-2.989855213250037,-2.9657427798168357,-2.992671234649684,-2.937562307452323,-3.0171061229775127,-2.964298254150092,-2.867507102475738,-2.8913557723590886,-2.925540013097816,-2.9324277913047,-3.013313473954866,-3.0133134638079566
-2.989007177864674,-2.971335951392377,-2.9921173933676855,-2.9375028340796296,-3.0013223309162536,-2.9534820235030965,-2.835477822046444,-2.879123477086209,-2.910800571051819,-2.921149939909679,-3.0040035291450287,-3.0040035187463583
-2.986256557991177,-2.991806951861595,-2.955166311572343,-2.897010854988844,-2.992254322221786,-2.9277261104126127,-2.815194593126558,-2.882738389204167,-2.923022722998617,-2.9324232672063513,-2.982909872691236,-2.9829098636490463
-2.9743569703933384,-2.9712163672643075,-2.9475352894411246,-2.8894329778668912,-3.0429127579047788,-2.943297773905554,-2.8379322102776214,-2.8915816860573322,-2.9339576852809173,-2.9434081747276024,-3.005461951051441,-3.0054619418733064
-2.9117457828955895,-2.895668601598163,-2.9536406717566894,-2.9029540582792466,-2.994679774634968,-2.945941289754203,-2.8198002546989525,-2.8593733119483575,-2.9097746249088368,-2.927031017154931,-2.997181827173474,-2.9971818169787348
-2.9370694206358907,-2.935538069160076,-2.966650082481612,-2.916700932707225,-3.038294431539356,-2.974445006821562,-2.856082594464797,-2.8917943630519676,-2.925672355592156,-2.942017622012352,-3.022798524851533,-3.0227985146358938
-1.5689425802097428,-2.8436361041652756,2.747585289743407,-1.9000344656111556,4.2115305721769944,4.44196991940629,-2.8306199412249953,-2.8671948536047402,0.281884444929148,1.767919128493432,9.052145300364579,9.05214427772999
-2.7755482891116148,-2.719064709463424,-2.8404394350795767,-2.769731967664163,-2.6102186327235666,-2.6992481398718797,-2.587774510362223,-2.659901629136744,-2.784964278409133,-2.801175449147988,-2.7947958892532694,-2.794795887740097
-2.605796197147244,-2.5134899681547713,-2.776187029794748,-2.6872089509425545,-2.5319146619694006,-2.614932070960355,-2.5036374294847974,-2.567959524561,-2.724133225424121,-2.7423900752490527,-2.713501883384142,-2.7135018821520287
-2.553902128240927,-2.5055519911994577,-2.7179144337467576,-2.6433806624358396,-2.622445900682223,-2.5975887692654047,-2.5438898689063487,-2.579237577659956,-2.7293895152511225,-2.748185111941562,-2.6863256894283,-2.6863256890929796
-2.4425632351410917,-2.4173629255013154,-2.642052602257529,-2.577804914438011,-2.4680650177666257,-2.498549800111794,-2.444410238181775,-2.4734647107930083,-2.6484811655544926,-2.6740829199857643,-2.621098533594471,-2.621098532583355
-2.485953398897594,-2.4553817490927567,-2.623159987382307,-2.5703849471602638,-2.5306813437470748,-2.5032149733263944,-2.500335402778144,-2.5046505422325858,-2.633498114847227,-2.6613553358714936,-2.62072387185582,-2.6207238703627596
-2.5062560314544173,-2.455179446680147,-2.5801772782574055,-2.520434744619502,-2.42617268245147,-2.434225050875903,-2.418073011272946,-2.432771479625844,-2.5754060935706873,-2.6048380617615168,-2.5594784662763628,-2.559478464782292
-2.4952496038700005,-2.3778483468208615,-2.5691945377697003,-2.517621081010268,-2.493684152168947,-2.447114307089948,-2.480287405206716,-2.4565593987732894,-2.572284474587793,-2.6032723157911155,-2.567009575249452,-2.567009573547325
-2.6804520050820972,-2.5664034040496246,-2.604452687897549,-2.5564121335448835,-2.559009416041455,-2.477197783903183,-2.5419951818106137,-2.4861505825413426,-2.551752868644368,-2.583255346140402,-2.5535577132174216,-2.5535577113133527
-2.490738442963756,-2.417981704764296,-2.6006914876552467,-2.544026803868568,-2.5890286856059843,-2.4842857883388216,-2.554819337061233,-2.4992085699597864,-2.5587483831601356,-2.590490563084156,-2.5533521339737475,-2.5533521321300134
-2.514248713261867,-2.4175035841412944,-2.6142502803554706,-2.5510600749753647,-2.6515897842527743,-2.521348003921826,-2.592979960883499,-2.5117432744206507,-2.5707813592169777,-2.601081420828411,-2.5661288981622445,-2.5661288964909295
-2.5818669568185095,-2.484631119299451,-2.6401121034161443,-2.5839333639829114,-2.7166512741223094,-2.5733953950641744,-2.6660016032711784,-2.536801829740079,-2.5909949721170458,-2.620766879360249,-2.593106000354829,-2.5931059986877716
-2.787974797105684,-2.6464730502543286,-2.710714241305732,-2.662061710263356,-2.6700389580780186,-2.5760175877313785,-2.6503017468526613,-2.5106998713473843,-2.5468468938558013,-2.5786450704550736,-2.5446799973514316,-2.5446799954201476
-2.7880577717369373,-2.6306138208060084,-2.742246392774514,-2.707850458588472,-2.7414149168769395,-2.612905404058491,-2.716147526236166,-2.544196627771689,-2.565253156357592,-2.5966351741174982,-2.5717460812193416,-2.571746079293186
-2.732344489421924,-2.643949609699433,-2.7681841723934504,-2.7488576747023394,-2.806842785304122,-2.654629209631776,-2.787672746089545,-2.579691512378937,-2.5856282346572206,-2.616297186787099,-2.5988450402983427,-2.598845038235658
-2.825932390496433,-2.682920911574977,-2.7931112330282297,-2.7802873445486753,-2.863089708916669,-2.7043053995443467,-2.8468462747115693,-2.6144059987182073,-2.605107117487416,-2.6353289364766948,-2.625106620992268,-2.6251066189748418
-2.84956085512881,-2.7367897476745813,-2.8042137062721886,-2.7988772923875462,-2.8935255226165415,-2.746999676618874,-2.8847309473726046,-2.654930751812832,-2.6262406817796906,-2.65561615498898,-2.643028996106247,-2.643028994169402
-2.8248624774637983,-2.737162573939156,-2.808504436410524,-2.802765092616383,-2.9623039268423232,-2.791883664471584,-2.911435398046894,-2.69949068839688,-2.643447688862561,-2.6727763706447654,-2.6380614955465282,-2.638061494461562
-2.85908570867008,-2.7077611600365272,-2.823869984095489,-2.8022189430328375,-2.9505946031018473,-2.8137140841204378,-2.9037909516491105,-2.708712287861803,-2.6529178851721746,-2.681130207558701,-2.6494073338991027,-2.6494073329544077
-2.8718340807131426,-2.740372347296563,-2.842852409205178,-2.8147346333374426,-2.9542434475547807,-2.8498210078660065,-2.9230776964110925,-2.723067209279905,-2.6678417767860747,-2.695581732714434,-2.6727087938969003,-2.6727087929154063
-2.8780905761206794,-2.7703297690958335,-2.878716512866844,-2.853715936673547,-2.9836336782796735,-2.898140203671269,-2.962686014406347,-2.7557545929597937,-2.6881278045062684,-2.7151272661026926,-2.7028217943382673,-2.702821793318402
-2.9140273577801246,-2.817536235863673,-2.90798674908294,-2.887998650900408,-2.9433152252496457,-2.8892533552330555,-2.9242248732175384,-2.7595810632767668,-2.6904127214467617,-2.7169109748528255,-2.690189961287666,-2.690189960759116
-2.9036368950983746,-2.8083913976926547,-2.9148715983920725,-2.8973670114711325,-2.9646560013002334,-2.8995320530056556,-2.929777699461993,-2.7764690497340014,-2.703211775476776,-2.730004756766166,-2.7124201941672603,-2.7124201934987546
-2.8772996423258594,-2.791605800549394,-2.9324192734148493,-2.9126082418054615,-2.990621228946089,-2.9207846285201517,-2.9453784914643655,-2.794173681206461,-2.7222923542085296,-2.748460261217784,-2.737170178725189,-2.7371701780715494
-2.8441962949088126,-2.737847108175061,-2.9328378298839914,-2.9153978689606044,-3.0125673966820146,-2.930534481678896,-2.941922906944292,-2.8228989068479473,-2.7355029694346698,-2.762352198195944,-2.7569133722810535,-2.7569133712335363
-2.944174445900577,-2.876896432508197,-2.9788263901739693,-2.9669515120456733,-3.0426146555528666,-2.9596387102079036,-2.942465852240122,-2.8492624074011497,-2.7488196638279474,-2.774435284683327,-2.77328696856454,-2.773286967616751
-2.909843865227121,-2.881224255618768,-2.988824425864223,-2.982930879394508,-3.056950889679698,-2.969112992177822,-2.9317208621339095,-2.8673255509281432,-2.764251617307563,-2.789352294072768,-2.7847821996348885,-2.784782199003427
-2.936547391355749,-2.9525254176942277,-2.9963957031230164,-2.9888802920955166,-3.0804428898210077,-2.990010372790479,-2.9411267711364637,-2.884450909468378,-2.7824910494940602,-2.8070188861755225,-2.812548537563981,-2.81254853687053
-2.983863179462042,-2.9962092982794624,-3.0155448865776546,-3.0099220107167546,-3.0857019767636427,-3.0062848058296536,-2.9525489726243546,-2.915264114082465,-2.800519450726344,-2.8246476838810635,-2.834361316633378,-2.8343613160804377
-2.959212035936289,-2.969180181935602,-3.031420863584355,-3.0194970166677964,-2.9841385846088633,-2.9793430541118715,-2.925605643510215,-2.88770016526556,-2.7950933079957947,-2.820440203065849,-2.838004693658765,-2.83800469269472
-3.0467727310518424,-3.0634803489606073,-3.076228903967135,-3.0655202986582077,-3.0081928485870675,-3.0142000535849043,-2.9653305674611734,-2.9256124229883538,-2.812116012549729,-2.836724506152855,-2.864355138811439,-2.8643551377517444
-3.058707305759806,-3.0839777807253492,-3.1077899768897184,-3.0896294103472552,-3.0143129813065777,-3.036656167633403,-2.9902396353015117,-2.9522427691162463,-2.828271856009812,-2.8523571428800967,-2.8810911795220733,-2.8810911786514817
-3.0317455574409204,-3.0677416234028807,-3.060240358324359,-3.02175173353967,-2.7529641131176064,-2.9062572938526006,-2.823055469330615,-2.7936382664737236,-2.7676348352219975,-2.798168455804544,-2.821581246291527,-2.8215812439479424
-2.950141257143062,-2.9973592901040087,-3.0082042948112755,-2.979730544056207,-2.7662531549674556,-2.903293133207359,-2.8432387992524566,-2.8228661344210346,-2.784947832665208,-2.815277667214919,-2.832892510405622,-2.8328925085486487
-2.940380953177913,-2.9491732844662364,-2.9767780567212605,-2.954660106415382,-2.7574177015424532,-2.8690341055160817,-2.834520369902336,-2.8233998611346647,-2.7552517772694265,-2.7896792945868105,-2.805463576007516,-2.8054635731679403
-2.903919299840464,-2.9130209525653914,-2.9450111178563088,-2.912254207551838,-2.8122851155662434,-2.873594183467253,-2.8690013767886233,-2.859992654910477,-2.7757516923426024,-2.8092437788036806,-2.810875689999138,-2.810875687875429
-2.8243303185100723,-2.8128802509497706,-2.9294701033944985,-2.888874679275392,-2.827502561771565,-2.849373539755682,-2.8474542342357,-2.843395538721551,-2.7771152869361804,-2.8102850147551797,-2.7905675006197828,-2.7905674992425693
-2.716548822832399,-2.7412257722835585,-2.851757682142412,-2.798839511767193,-2.5863919650101743,-2.7082059764678923,-2.6725385207991748,-2.6099810939771695,-2.6906286131780375,-2.7280289138811202,-2.708736438532664,-2.7087364361892483
-2.6706564148160448,-2.6756451738562195,-2.7915931879362645,-2.745124321321163,-2.5806598117878083,-2.695865398126481,-2.6774737333139154,-2.6263517082567245,-2.6889900960714077,-2.7267384502132277,-2.7130831539482374,-2.7130831514799434
-2.653945491568025,-2.621584711466452,-2.763416179558978,-2.7127331935147785,-2.5934101085433747,-2.6950945685821126,-2.6987492648271494,-2.6585609543034154,-2.7045288498009845,-2.7413353644073757,-2.735363043426341,-2.735363040974608
-2.7443703034358293,-2.6695061058488063,-2.789674339678908,-2.747933002368219,-2.5993535985202154,-2.706600241769538,-2.7107431557346793,-2.6827180416626044,-2.6647894007782735,-2.703732654997041,-2.703493539936299,-2.7034935367754307
-2.784485752877449,-2.701740153373201,-2.814519637496004,-2.780187827867345,-2.636771656437115,-2.7209609192876396,-2.7421622867018636,-2.709824376872417,-2.664107598119313,-2.7037810835572396,-2.707179859643469,-2.7071798563385
-2.766513236260414,-2.699841468925085,-2.8365170577712377,-2.7994170540428955,-2.6994851884534468,-2.763064196695792,-2.7907949189667933,-2.758115071238172,-2.68737716265961,-2.7260196899140237,-2.7385045914813935,-2.7385045882241523
-2.794490947199974,-2.679224500397134,-2.846369304398653,-2.8036394794900055,-2.677550534338664,-2.761815028143333,-2.792481863129427,-2.7650970704218336,-2.6928725247216123,-2.7313534906109656,-2.7420429177726575,-2.7420429145438057
-2.8277554745538436,-2.707093344802662,-2.849022133706188,-2.807320644348003,-2.6653560562858303,-2.7820595624014253,-2.8210806143465734,-2.7859944358140356,-2.700349891172033,-2.731870918785428,-2.7572037527108013,-2.757203749285251
-2.793218503018192,-2.6993384183694764,-2.8686875771896245,-2.830084187023245,-2.6933188099304686,-2.799357603085532,-2.8551900970161346,-2.820767361570569,-2.7188753853163505,-2.74960204040792,-2.773860446294175,-2.773860443212071
-2.7723491185840525,-2.6740618256436557,-2.909070506886993,-2.8706144938613205,-2.735395515971216,-2.840686642744938,-2.880334989269478,-2.8629192244717863,-2.7289383527554367,-2.7598156796041957,-2.7916060980914437,-2.791606094916997
-2.815676066209077,-2.747743784036728,-2.9564012847652603,-2.916385378877739,-2.792558941140237,-2.8839953509003946,-2.919055811855814,-2.9073755143741877,-2.7502081653942807,-2.7800797044519685,-2.8168396698997404,-2.8168396668476636
-2.9644754196668304,-2.8974980613318535,-3.0044968346450767,-2.9686367055015244,-2.85421226366571,-2.9341439479242157,-2.9443849951996417,-2.958939551469111,-2.751171359892483,-2.7820326351678037,-2.8235406358534925,-2.8235406325117225
-2.9629473969282967,-2.902995666504701,-3.05375473038304,-3.020124177105174,-2.919715961831877,-2.9804695765554077,-2.974997169248338,-3.0281679016691414,-2.7660813090073693,-2.7960912432920515,-2.8344928564479672,-2.8344928534352176
-3.0173836138253436,-2.9655242183918724,-3.0643258764876604,-3.031582193736321,-2.975942964949863,-3.0209944230579855,-2.969932055450882,-3.0360219917866758,-2.7832539797226654,-2.8131332204033326,-2.856171941345688,-2.8561719383002853
-2.990395861494398,-2.9520102244617603,-3.0876393968263622,-3.053479650422953,-3.0154342710647617,-3.0502189836527704,-2.968747867448119,-3.045385895221366,-2.8013612655358413,-2.8306292342443964,-2.8820017480106626,-2.8820017449944264
-3.0503477036658166,-3.0055834892572055,-3.115781347519567,-3.074160556005424,-3.050150301510235,-3.0835959778045696,-2.984434720327811,-3.0718387470283357,-2.819931356251967,-2.848811144397926,-2.9019258200368654,-2.901925817027284
-3.12590666671659,-3.100172646016729,-3.1597855686067016,-3.118486091473317,-3.082861697984039,-3.1159584322281453,-3.004411217301372,-3.085944606429044,-2.8381605974223585,-2.8662826982522374,-2.9212015477933675,-2.92120154483558
-3.1192610354938366,-3.137904075343971,-3.173631637052057,-3.139305062315625,-3.0642161224979967,-3.0916896834346828,-2.9785699345216523,-3.0528114719615385,-2.8513856570087404,-2.8788111367588893,-2.9024561409234884,-2.9024561394548325
-3.119643881131141,-3.0956120146886867,-3.1736835043616596,-3.144696363360021,-3.1047371989087242,-3.1109460693803492,-2.9934979401791466,-3.079448366599014,-2.865689893448744,-2.893453504832835,-2.923091314848723,-2.923091313245923
-3.068346423742835,-3.031411184970977,-3.1533825041244983,-3.1160158731150887,-2.8638282063946123,-2.9930174903190516,-2.891371233434935,-2.9336119443523607,-2.8124388728860366,-2.843696967574064,-2.8561696301689663,-2.8561696279585735
-3.026483967303514,-2.992112693024599,-3.1192392179707773,-3.0710858643496843,-2.8574785311331983,-2.9935700600940223,-2.9242323939130017,-2.9151898698944816,-2.807235786522491,-2.8394087707861377,-2.8589533089171266,-2.858953306480135
-3.0653294427325437,-3.0307552954609944,-3.1011645924144764,-3.0544230304974542,-2.941291355581165,-3.0333658516752253,-3.009908213278945,-2.962431312082736,-2.8227981849697206,-2.8551132058588156,-2.873711101883733,-2.873711099702657
-3.061259051928833,-3.0318759798768147,-3.120592450081873,-3.0805581904646564,-2.947048943890641,-3.049131764208278,-3.03076438694071,-3.0136032068617453,-2.7979869710903245,-2.831746361566389,-2.8545233406494743,-2.854523338116517
-3.11693277079665,-3.0866578549057495,-3.1262977688743017,-3.0841650959617866,-3.014031690722234,-3.0951085179724296,-3.079534942174414,-3.033802459693655,-2.8196434801595687,-2.8525538645328763,-2.88561436879164,-2.8856143662800147
-3.1321936643395865,-3.104392703990965,-3.1444381014275944,-3.1039136439247708,-3.094747582151614,-3.1361639861946746,-3.147225192920419,-3.0720680325915253,-2.8409881331253466,-2.8731024110167134,-2.915981316995061,-2.915981314503021
-3.1847182729612884,-3.168771540498649,-3.183438816785649,-3.1436425838754203,-3.10199026825575,-3.147427155594736,-3.1332920733458645,-3.0610991833382943,-2.8456335935954127,-2.876755921700494,-2.9125931109594947,-2.9125931088214307
-3.1952220867003436,-3.1458395500789136,-3.201641221977515,-3.1575492738575477,-3.0838065308831615,-3.1342156453165853,-3.1257225700129387,-3.0647968963001206,-2.8532846675877592,-2.8834214014519244,-2.9145340581898473,-2.91453405622245
-3.2018791384684606,-3.140692594655176,-3.2055497270501547,-3.171020992489235,-3.1368227785750475,-3.1553477016106553,-3.164582238370764,-3.080550185763608,-2.8731611944576887,-2.902574861746944,-2.9374856453842377,-2.9374856436171823
-3.2097342142240484,-3.1524815423597037,-3.1935504056364112,-3.178425153236714,-3.152926406393166,-3.150924582019468,-3.1590494427548395,-3.098428908791057,-2.8903446880050723,-2.9193468684600656,-2.9351709433113924,-2.93517094213678
-3.2044159945414536,-3.1542299237923883,-3.2029270454211365,-3.1942369111191837,-3.1077347749281508,-3.1302158758788408,-3.1296115535170195,-3.1029460855020647,-2.860405211486746,-2.8920929374740183,-2.910783252042963,-2.9107832503063027
-3.2046849400729793,-3.1351006285366165,-3.197280005071552,-3.1837572038641166,-3.1156895235194364,-3.137694997965941,-3.146433695035182,-3.1037008363714382,-2.871016277084479,-2.902146244333759,-2.928019520857775,-2.9280195190843736
-3.199728858423422,-3.1545542067145256,-3.1699646624654076,-3.1584318796136053,-3.1453451952113065,-3.1485659569802973,-3.171697534778752,-3.1399811701868576,-2.890597440930659,-2.9211736685564587,-2.9246547627960116,-2.924654762124561
-3.1505360778752434,-3.1368349405592353,-3.1612676703355036,-3.149056218421393,-3.157636081518894,-3.1658459962484433,-3.167248181612317,-3.1345140075358704,-2.9015815199070434,-2.9318598052659466,-2.9416088731649648,-2.9416088723587763
-3.207963626890328,-3.169146800296256,-3.165848661559044,-3.1506923066243395,-3.084914271029483,-3.144901779712898,-3.146032937773409,-3.0955645627462665,-2.899025472566479,-2.9292664672130586,-2.9514733340006365,-2.951473332519888
-3.2304294465666175,-3.1982529846464587,-3.1947425277275148,-3.1727911938887825,-3.1378224073102947,-3.178073397307552,-3.179979167346568,-3.1205892436385665,-2.9170894044389177,-2.9465159937597987,-2.9693550884292383,-2.9693550871055763
-3.196554585541332,-3.1704431302265093,-3.1938250297091266,-3.184591048798299,-3.1414487293233613,-3.1624153437257485,-3.1562359859664597,-3.126327776098178,-2.9363980790213233,-2.9648335971633646,-2.958236925014561,-2.958236925169574
-3.1174104319208813,-3.074335463070795,-3.1904334087478845,-3.1712949712430953,-3.0828137016241497,-3.131303633475942,-3.1127674521226094,-3.09187142967096,-2.9353610971739164,-2.964513049097666,-2.9657703639217945,-2.9657703638376836
-3.105193073437114,-3.0476372218014283,-3.199705173133551,-3.1731773756445634,-3.1108684837677023,-3.1375728696551906,-3.1345535620696507,-3.1153738163820974,-2.9529640096121317,-2.9815088611083747,-2.9936124998745854,-2.9936124996990374
-3.0771852350709743,-3.028713852653515,-3.2152018008575443,-3.1965606675369505,-3.1378089769596222,-3.145799806635097,-3.1515565996204185,-3.1320391104185545,-2.9686003956273215,-2.996693998993131,-3.0003743088364367,-3.0003743090720034
-3.095162783699057,-3.0677123086917315,-3.2254238230582586,-3.2006162087894756,-3.1615337284529037,-3.149381375201785,-3.1544352967806653,-3.1485993674880546,-2.9864666132542195,-3.014032599752009,-3.0079816115501408,-3.007981612406679
-3.118103585490311,-3.079500718065892,-3.208228521471206,-3.1872397314087113,-3.0086822921982783,-3.063756521466451,-3.043874869018587,-3.0437458704536002,-2.927293379288966,-2.9592296308332386,-2.9260628562828184,-2.926062856866423
-3.080638548099092,-3.0309558400590486,-3.1708795494454414,-3.1499830193608336,-3.075828006925122,-3.077631073668781,-3.0607280399801433,-3.070407885892174,-2.944838893936486,-2.9764505396699974,-2.944774647185979,-2.944774647880737
-3.09757412536955,-3.0480949048488237,-3.1430566853970756,-3.124729012370776,-3.1228275292631,-3.0875017545416883,-3.071821911967909,-3.0759121537857284,-2.9615681656625297,-2.992568276185926,-2.9662184660947593,-2.9662184668291043
-3.1284899630880822,-3.0921745912047514,-3.117759968300389,-3.0988076290550373,-3.0714365622882216,-3.054653024255333,-3.011007130699936,-3.0102720193702903,-2.932556572683695,-2.9656180254020748,-2.9373407009206627,-2.937340701073367
-3.1247499244333374,-3.0778252882773924,-3.0828168278661927,-3.0644651051324847,-3.0648063485355372,-3.027554708549777,-2.9813386934248394,-2.977427505677898,-2.9356737145761667,-2.967628349079261,-2.9253258726118476,-2.9253258731751925
-3.0652972723958363,-3.0138701379209794,-3.0600103983087266,-3.0378487239649834,-3.0890600726926065,-3.017889557574924,-2.973397299992771,-2.975134427547532,-2.9441301456050173,-2.976416917515329,-2.9402246017414924,-2.9402246020661993
-3.070999623132887,-2.999825250023442,-3.0729771510043618,-3.0491773150363217,-3.07324655306818,-3.0140998297603034,-2.9737593495151415,-2.969033108662465,-2.9515891964667795,-2.983480501147623,-2.9557333583865435,-2.9557333585093835
-3.082498431596206,-3.0156622833277282,-3.082104021199183,-3.05829809121059,-3.1077329479621696,-3.0352482213472505,-2.98953715193368,-2.993090282594772,-2.9655130360800728,-2.997074532374387,-2.972486613865826,-2.9724866141915065
-3.1062614577841803,-3.0144437691926624,-3.0791601514435043,-3.0471789326553047,-3.040307434787294,-2.9910286234176953,-2.9680507042734092,-2.991565950637156,-2.967456119091575,-2.997069762203479,-2.9420855132230064,-2.9420855146869114
-3.032290548551897,-2.9674272469577656,-3.048362100213075,-3.011144224069434,-3.0202659994120946,-2.971484137141838,-2.975209842002787,-2.98664691062549,-2.9743481276240593,-3.00297152211637,-2.9270564933406282,-2.927056495447158
-2.986412240880666,-2.9245566519791795,-3.0463431585451524,-2.9927310306606896,-3.107212094841412,-3.0062075584062424,-3.012050272492936,-2.9986520416066345,-3.0122750945539667,-3.0528311170223934,-2.986208279851916,-2.9862082747140093
-2.9387598442821177,-2.9125998794065824,-3.04277568098576,-2.991541951326285,-3.1107860331420443,-3.010020217197826,-3.0281152321206477,-2.9946195919127008,-3.0213367822282624,-3.0617335874636753,-3.0058818235100575,-3.005881818085436
-3.023742310881744,-2.9970372355931354,-3.038800449099188,-2.987648839494622,-3.141016322083247,-3.0206205964863386,-3.0433701313732593,-3.017967658191416,-3.0266300071604255,-3.0683217065680664,-3.024174843749399,-3.0241748379995195
-3.012021300703646,-2.990004513746292,-3.0541820429353015,-3.003213286544634,-3.1296333309778084,-3.0281616466388934,-3.052999738363234,-3.028431002051607,-3.033844608583591,-3.0750608537493775,-3.0393433446062077,-3.0393433386256783
-2.956313318906333,-2.9406769230394425,-3.0433092436114015,-2.9928698963765012,-3.06443153059228,-2.992651373326056,-3.0007529553728927,-2.977530812615152,-3.017708491517096,-3.05872271968978,-3.0054056511113623,-3.0054056453049096
-2.9895749427278635,-2.9879041062515004,-3.0477564547566454,-2.9953796168554203,-3.1043473168645748,-3.015583479265617,-3.0172973760726185,-2.994429169301937,-3.031826389301538,-3.0727130099359927,-3.0272927312369533,-3.0272927254069995
-2.992048641328649,-2.993843841695548,-3.063893301651466,-3.0117330703082184,-3.1321370325473596,-3.03646242398952,-3.0217566213933558,-3.014044517478676,-3.0336652573845946,-3.0748231124579517,-3.0426777177152755,-3.0426777115975256
-3.023412282996289,-3.01715111847561,-3.0757436135278984,-3.0246636921578562,-3.1366141861276886,-3.048861424902099,-3.0063616339169164,-3.0407736403616927,-3.027134732478813,-3.0692383459055965,-3.0474244071861762,-3.0474244005984152
-3.0297763093898116,-3.0380511976976203,-3.0967193007598492,-3.0413684922932585,-3.103575809830565,-3.04498079057591,-3.0044542872309554,-3.026658023963917,-3.0237740400205575,-3.0658958325447885,-3.050670371376226,-3.050670364515464
-3.0307893282164575,-3.00206389897383,-3.083850039403569,-3.027691807425994,-2.979345521266681,-2.9834824362433947,-2.910087157936634,-2.936420807965971,-2.9597069323667706,-3.0025969615965358,-2.9494051024264967,-2.949405095815171
-2.940956779105425,-2.9187756106021525,-3.056922809376903,-2.998555397581342,-3.0510277329576585,-2.9973876463131357,-2.944693000102859,-2.955846938069056,-2.9747885327199715,-3.0165878227919634,-2.9689139576274752,-2.968913951177976
-3.016454134727321,-2.9944147264478183,-3.044212993212574,-2.9851613682859703,-3.1090348605487943,-3.02052504837827,-2.975391077669069,-2.9593465417483578,-2.988279876804662,-3.0294313853724035,-2.992258775058957,-2.992258768487791
-3.0215610969887776,-2.994344705882644,-3.052157982545745,-2.997566384082506,-3.12038093953993,-3.0252992058732415,-2.9703450302629433,-2.9556861437202033,-2.990909616297292,-3.03043273499473,-2.9868186401406547,-2.9868186338989373
-2.9719163120261762,-2.9379314221990374,-3.035026932414898,-2.9859176939808547,-3.1188388623563097,-3.0190417642258587,-2.9657732162237913,-2.951591964287857,-2.9993573780185967,-3.039336189880686,-3.0002270149691515,-3.000227008974933
-2.9487846269345175,-2.9076627024462267,-3.0112621842871663,-2.9587626881088838,-3.0137515819701797,-2.9642936923930465,-2.8904922092139564,-2.866323526834092,-2.9537893554877854,-2.996455560777124,-2.951622885009981,-2.951622878245285
-2.901050815790892,-2.8546455553864565,-2.9950768696885426,-2.929325610204468,-2.9138614139311834,-2.8884881832941334,-2.835678754699668,-2.819679557008068,-2.9332124981615313,-2.9766133658308545,-2.9113112181889127,-2.9113112118858906
-2.9137749638829527,-2.865325017581439,-2.9917068630890022,-2.924882872356108,-2.9751800718023786,-2.907530346336772,-2.880285005269413,-2.8429090900850382,-2.9477529888461973,-2.9902935994252937,-2.935023501486062,-2.9350234951313143
-2.9007551316962443,-2.8399727622597437,-3.001082253281564,-2.928943169203865,-2.989660089731958,-2.9187978226358937,-2.9050653319928688,-2.8544451912021653,-2.956744922381982,-2.999140436757572,-2.9490907609916492,-2.949090754562663
-2.941583374548063,-2.884892086865544,-3.0327236837905973,-2.9574964370517742,-3.033187238336394,-2.953766802704445,-2.93177925606508,-2.8863577770116717,-2.9719915471041007,-3.013612117358708,-2.970958259185437,-2.9709582527274954
-2.882616704181358,-2.8536611351516736,-3.0379899943127664,-2.9694885216476643,-3.0477927323025273,-2.9596504499819347,-2.9362697094933674,-2.900778413575462,-2.9828165207040924,-3.023782710774697,-2.976805238481036,-2.9768052323140313
-2.900520671381961,-2.88843826882408,-3.031289671448414,-2.966454876994569,-3.0242309804867338,-2.9431310330998075,-2.9000221154104158,-2.8845323320245946,-2.9724995181238576,-3.014173803427079,-2.967020611177935,-2.967020604781691
-2.9647565170698207,-2.9304255807759216,-3.0375459500796573,-2.977186584369482,-3.066839381827962,-2.961891619466631,-2.9158307274961306,-2.909635561813558,-2.9866201838527617,-3.027601238184645,-2.991251200930718,-2.9912511944233335
-2.9242181205445483,-2.901910839731487,-3.03916352197312,-2.9852445153840375,-3.072172192453563,-2.962696206799383,-2.9148657453381657,-2.9236186077858197,-2.999633143040476,-3.0404430220326257,-3.007021206653079,-3.0070212003513035
-2.955114772079264,-2.921412087264028,-3.043684959956221,-2.996102676267278,-3.0668101926268325,-2.9602533332172736,-2.9126100238968924,-2.9419500515981483,-3.0138255717992783,-3.054175313697464,-3.0236274828171337,-3.0236274766980236
-2.9883804238765643,-2.9523815597489396,-3.0698303610003297,-3.0231343089709655,-3.064686441109217,-2.964951661851009,-2.903727994228543,-2.955304513313374,-3.022080702604932,-3.0614986797940937,-3.034978903527073,-3.034978897285557
-3.071026595296008,-3.035775094003835,-3.0944318836899347,-3.043378835605495,-3.0643856934567073,-2.9751428572882084,-2.9041189550713815,-2.9736305444994047,-3.0315511226671163,-3.0704757238413705,-3.045767019695862,-3.0457670135037214
-3.0094401734301006,-2.9785061976460776,-3.0803553010220828,-3.0265014989960632,-3.02976120053013,-2.952400249974751,-2.873862807402287,-2.956880302341848,-3.012782656996061,-3.0542062837495125,-3.0256374309976612,-3.0256374244820914
-3.1116931154930927,-3.051597055785168,-3.084750187847076,-3.0287996421054793,-3.06038294698718,-2.965354534869682,-2.889865729972268,-2.97414195558386,-3.0252901418725906,-3.066161440002199,-3.049949719442466,-3.0499497127111104
-3.046408758970864,-2.987845801717989,-3.075149974857961,-3.008272445101459,-2.926746704113685,-2.891712978384709,-2.8289412497698265,-2.938925098483443,-2.9925781465881807,-3.032926691245306,-2.988367846365726,-2.9883678397753526
-3.0431602555860557,-2.9751105877649158,-3.059431980995578,-2.993246789127372,-2.9714519175770837,-2.903035331041762,-2.85755911210686,-2.938854452266659,-3.006551411482779,-3.046002941668188,-3.007256658722083,-3.0072566521610438
-3.0752564816664485,-3.0390995388813318,-3.0657920233106113,-3.0057529208675935,-3.027577796348244,-2.9359501689649283,-2.8998218045555046,-2.9603056271165005,-3.0172310571889795,-3.0562259827126654,-3.0309929264267903,-3.030992919666679
-3.058196100156299,-3.025215540886073,-3.07421597110658,-3.01696008356321,-3.0723912492214436,-2.968853523244388,-2.932109341747306,-2.974872789376595,-3.031320028734123,-3.0695422509860197,-3.053684729859711,-3.0536847230107864
-3.115954255551734,-3.0769037953204093,-3.0584077805594223,-2.9996236533564002,-3.073838474511055,-2.966384497552254,-2.9373463014627985,-2.99394195831604,-3.0430074412800066,-3.079841973557364,-3.0446085204914004,-3.044608514519713
-3.0751659684374313,-3.050221216257272,-3.058108193263711,-3.00207527079839,-3.1217708451277923,-2.9950717835744234,-2.9709133548994657,-3.0114707905215687,-3.0553027460460345,-3.0917289112787465,-3.0694197214643704,-3.069419715237716
-3.112333509155978,-3.107155164747275,-3.078364398189097,-3.024747238158946,-3.162322638911946,-3.0335443974104073,-3.0030187017911825,-3.0304657877838985,-3.0685279858445433,-3.1043188413444858,-3.085266337112908,-3.0852663310034316
-3.114981480466642,-3.1238940507092625,-3.0894365855855677,-3.038813454597031,-3.1084216962465763,-3.025817581247403,-2.966914981607343,-3.006918244492803,-3.0313423198322202,-3.0708396944627685,-3.056565817686151,-3.056565810555284
-3.07658405947802,-3.0805026726779783,-3.0965878026708227,-3.047600517268556,-3.0878314288076263,-3.0176570147433264,-2.9352340894155966,-2.9754356921684995,-3.013335888684526,-3.052904334245762,-3.0320870097856862,-3.032087002480183
-3.144412042856608,-3.1320981461030417,-3.1092960413407518,-3.0607566574230742,-3.1363870259437387,-3.042626725652418,-2.951545333508448,-2.984404647340293,-3.0266727435308294,-3.065204376566108,-3.0541786495340704,-3.0541786420984893
-3.226686854592712,-3.2073852298207495,-3.133689991627191,-3.0852596604953004,-3.1549441966706953,-3.0728058349429914,-2.9712538435268576,-2.9930022599902153,-3.0324061578779045,-3.070866686008251,-3.0723902699553682,-3.0723902622250594
-3.172043793130907,-3.1870021682244767,-3.1610812951191796,-3.1137817820044744,-3.202332381848166,-3.1147975244611557,-3.008632720400283,-3.018791074907902,-3.0460160872773274,-3.0837408292979873,-3.0972070700748078,-3.0972070621829384
-3.1768968181278803,-3.189647779072853,-3.17805383415406,-3.133054106783752,-3.2274603396035917,-3.1390980911222406,-3.0226278446585315,-3.0510402951574083,-3.0533240290340244,-3.091184493706203,-3.1153593032061395,-3.1153592950738034
-3.239541862754495,-3.2383077783314125,-3.207999210298844,-3.162082004718189,-3.245328380167335,-3.167948847733905,-3.042927872987796,-3.069684807761219,-3.066720160068016,-3.1040845677812383,-3.132422200499721,-3.132422192353824
-3.295639310245957,-3.301936542625901,-3.241452261221415,-3.1969161634287415,-3.278356069173933,-3.2096510357088164,-3.0781328084860347,-3.0959212821055075,-3.079587565821813,-3.1163972753488465,-3.1556510949478263,-3.1556510866097134
-3.3232094528245804,-3.31874577594348,-3.2645790438818665,-3.2229987782824194,-3.2719747522252387,-3.2267064529031844,-3.078004874610822,-3.1267575215369634,-3.0653386787742596,-3.1045941382263127,-3.1543638037784696,-3.1543637947293925
-3.2936258796594924,-3.2702901758064664,-3.2630922061062324,-3.2215989171408808,-3.2820606403455637,-3.2380217757931926,-3.081616329324473,-3.1300837540024964,-3.0787420944039288,-3.1173369283237697,-3.1679326685912343,-3.1679326593662447
-3.3581086884272624,-3.3284749304798407,-3.273106965999364,-3.2312886104789644,-3.3002005485070645,-3.2504101995243513,-3.0906341196555998,-3.137563086097007,-3.0926751240968717,-3.1307076062553434,-3.1916355554186775,-3.191635546037218
-3.2761754282184223,-3.264426432147679,-3.2825726516068965,-3.2420836963332813,-3.2939648155071644,-3.249698930041428,-3.0813433920858397,-3.135377339381732,-3.1022597958024174,-3.1398349894799233,-3.2023242597170336,-3.2023242503778384
-3.3469570117626177,-3.278988974307075,-3.2807656385335253,-3.241729728046456,-3.2765004310024364,-3.246801610360623,-3.0796770193780354,-3.1269510363402877,-3.1076979769341277,-3.145304938974276,-3.2194034960631557,-3.2194034864438796
-3.2909375417646927,-3.250088814324255,-3.3066268977352102,-3.2717299562291644,-3.1996939638598407,-3.2137707185683038,-3.0232014285074875,-3.0679639015499554,-3.1627923446044743,-3.1701516218813146,-3.176279012910364,-3.176279007949414
-3.3078258581028903,-3.269189956031065,-3.2898571495666165,-3.2518357912349876,-3.2149224769612537,-3.2027289579614395,-3.03449151002031,-3.080578455008169,-3.170705118944209,-3.177736348099907,-3.1904201879039564,-3.1904201828317182
-3.2528278675578615,-3.201478533404169,-3.2619771140910823,-3.2213942533409385,-3.15341598215247,-3.1511036916451927,-2.985113035005152,-3.021333572562621,-3.1433288425641885,-3.152335029091712,-3.1487722931103717,-3.1487722881088187
-3.2203660681559154,-3.165251202278811,-3.2505706919230493,-3.2098617907223588,-3.1855247761069987,-3.1472055216963586,-2.9880826633135626,-3.0399146774903194,-3.156167334000327,-3.1650438512706054,-3.1692490345601962,-3.1692490293846056
-3.2841525129421227,-3.2308844957034357,-3.2858745932140208,-3.250813929437209,-3.200537604118187,-3.161676342486724,-2.9855484410817885,-3.0111161053653026,-3.124693681569914,-3.1343615898254233,-3.1361010991081306,-3.1361010932570235
-3.331028194138026,-3.2960428942388145,-3.29892043693417,-3.273700652794437,-3.21282829742454,-3.182352223229183,-3.01367292336191,-3.0267653854536056,-3.1291727300671432,-3.1392989257559685,-3.1449512628850904,-3.144951256641362
-3.3561551070703786,-3.3228511528117197,-3.3070178150940843,-3.2884237195192,-3.2301508264614918,-3.215944198297654,-3.0729235900076706,-3.0537670366484795,-3.1339363732003225,-3.143869340927292,-3.1624761438063764,-3.162476137169736
-3.351457010212972,-3.2958520680388466,-3.2909794084273147,-3.276331626751933,-3.2142510699571862,-3.20213371538601,-3.076065059960496,-3.049902432573675,-3.1326497309981196,-3.1416488371482414,-3.1246009340281886,-3.124600928681833
-3.314773527760956,-3.282698573977579,-3.2141417557554983,-3.1963673922177294,-3.130943401544637,-3.133226665912668,-2.9874544558517044,-2.967469796798497,-3.1176119943188825,-3.126406324852278,-3.077344663847841,-3.0773446588954263
-3.2610604298319386,-3.1916057553518398,-3.1576722292913204,-3.1441597909978687,-2.984415635497898,-3.03359786097874,-2.9067758388594713,-2.86906812191987,-3.0636827663157815,-3.0771909026079713,-3.015554689040058,-3.0155546830897184
-3.188239028493003,-3.165906620643107,-3.1225883953413285,-3.1115771097389393,-3.014451179074559,-3.030509329834001,-2.945847271432491,-2.8905663582983854,-3.0673495830621533,-3.072017414592135,-3.033526638779953,-3.0335266325740484
-3.083694732362729,-3.032200849839196,-3.0871249446373166,-3.0705352026828803,-3.0252460562242938,-3.017249938266831,-2.9648236474417065,-2.9079844939391357,-3.0435608424848484,-3.0523926456614183,-3.031016249442457,-3.031016242619668
-3.147731387156501,-3.1011836770532124,-3.05618804512781,-3.033538383522589,-3.07303560687663,-3.0206629376100733,-2.989943050468157,-2.9301185904761446,-3.026671019024075,-3.0391499366634114,-3.025640054593595,-3.025640047274267
-3.0630298477429156,-2.956472218811782,-3.0229779835859913,-2.980722077082315,-2.938873743669642,-2.932260716963623,-2.908525082914931,-2.8868504707134095,-2.9944956940057583,-3.0071371859862275,-2.9655220560648967,-2.9655220493530843
-2.9477195916606767,-2.878155331978979,-3.0125558522183464,-2.9601400825318636,-2.942305128886633,-2.9267824975973493,-2.9330881378955773,-2.8922684386065667,-2.9886803130059247,-3.0007252712798143,-2.9649976438192436,-2.964997636933342
-2.9651995044084347,-2.877775307827123,-2.9743911460837213,-2.9237305957506368,-2.9319626230550058,-2.897142699886321,-2.910947507830936,-2.8717231321462586,-2.9834628503025797,-2.9947277757184225,-2.9408835227451524,-2.940883516374236
-2.8859346868643856,-2.8197087005738983,-2.9563688304063427,-2.898701996634732,-2.990485120553602,-2.8820848663233214,-2.9063146549374075,-2.866803271421899,-2.997937600713639,-3.0086114672803106,-2.9218421712510274,-2.921842165678454
-2.8436514800566393,-2.747616326531743,-2.9489979778818878,-2.8977802186966786,-3.020283999447215,-2.874956754178386,-2.902671715921666,-2.858816192958739,-2.9929205665454193,-3.003831931065006,-2.9237574211966484,-2.923757415559191
-2.8294851948880093,-2.7658280169305884,-2.9112425143131784,-2.8685914635119434,-2.9587050143372258,-2.827096355526728,-2.8412050845717065,-2.8063392875846715,-2.9599348528670753,-2.972838627042163,-2.8837778307877127,-2.883777825173115
-2.7463767437648166,-2.6799866679429885,-2.8527418853053264,-2.813664512854081,-2.9384777588043938,-2.790113547969912,-2.81941116472413,-2.7921272314845806,-2.9629631121442346,-2.97607286027984,-2.8937482779325485,-2.8937482719499537
-2.7497859910014437,-2.6897560619326963,-2.821020346123101,-2.7862352993282515,-2.9016322547076574,-2.7597837699070573,-2.798198804937455,-2.7756368360569166,-2.957952240699654,-2.9710820264720113,-2.892640658632246,-2.892640652480599
-2.7846751314822242,-2.710621756960459,-2.825147012812436,-2.7875294263832098,-2.8552032187549887,-2.732574915438594,-2.780481718329896,-2.768578204765026,-2.9480205628636877,-2.9614529696929566,-2.9024155054492544,-2.902415499003783
-2.7227825329514004,-2.635175595960467,-2.8278598938661728,-2.7876396819894538,-2.727561164437728,-2.6796814951903425,-2.719141237484078,-2.713367107761462,-2.9079803369582766,-2.90256260887043,-2.876321357662057,-2.876321350626475
-2.695726758839301,-2.6189135806323582,-2.8367246581119567,-2.798467807470646,-2.754290652551992,-2.687945061967369,-2.7620288088299914,-2.732747716112625,-2.924295005054362,-2.918244554658385,-2.900711071477607,-2.900711064402492
-2.6927050796230163,-2.6228500353362634,-2.8161540506078606,-2.780635553084823,-2.713164965988401,-2.6565566815099224,-2.742416663195628,-2.70702907340966,-2.9103025931056488,-2.906188532243969,-2.874881897222736,-2.8748818901338384
-2.695937555007003,-2.629834906715912,-2.784147088821787,-2.745257541911056,-2.592414917698692,-2.5946796670360763,-2.668769502250031,-2.6526733496917467,-2.8576573801045955,-2.8602809708325716,-2.8430054536385483,-2.8430054459714023
-2.706669150580506,-2.624767163672514,-2.786926559259758,-2.7448882783442596,-2.6300918695088433,-2.607590809162336,-2.703819394723334,-2.680191021813237,-2.8729217180739224,-2.8746351200813254,-2.863555072305412,-2.863555064646321
-2.6814406474223844,-2.620427775010229,-2.7904275337612585,-2.750640423071209,-2.675746396950763,-2.6130095548248446,-2.746577617803453,-2.703756706500845,-2.8903029263868802,-2.8909234729930664,-2.8752666255460793,-2.8752666180822883
-2.773596646074783,-2.6883662284711844,-2.8090584012573867,-2.7681872240772023,-2.721386898207747,-2.63864888921613,-2.795097902862877,-2.731428761564773,-2.9070058013302775,-2.9066781766288243,-2.9020132901016478,-2.9020132825813336
-2.7467581723161127,-2.6810999499933055,-2.816393405547874,-2.7672881205843893,-2.71378135956164,-2.6484260742367542,-2.8052184558961644,-2.7395637102148624,-2.9107223120196535,-2.910325005477259,-2.901882483506833,-2.9018824760671373
-2.749831618028219,-2.671404035011661,-2.7985915399377848,-2.741327446035723,-2.748563952103285,-2.6629037843558114,-2.822360343449606,-2.7627307475968195,-2.9244421481712357,-2.9225731265943646,-2.882622587499725,-2.8826225811284383
-2.757249485642773,-2.670716775621533,-2.7852178544588617,-2.72010152710569,-2.7131577505151148,-2.6532174505061517,-2.8038021112838734,-2.7632813074743545,-2.9040642357066844,-2.9036027999330476,-2.857583004603142,-2.857582998113426
-2.83189873973031,-2.790222395456366,-2.791966188279119,-2.725556044683244,-2.751780987456266,-2.6645479019508214,-2.833552913799805,-2.766249051222409,-2.891939748505208,-2.8923693649880655,-2.8483863659498705,-2.8483863595153562
-2.827625357031819,-2.7540535887330106,-2.7751393114985503,-2.70853033443649,-2.66483945770637,-2.6320121607396407,-2.7811147080255054,-2.7320868289834115,-2.852054516668224,-2.857411177244494,-2.816053498017892,-2.816053490898041
-2.7687844100139194,-2.714087492744471,-2.769214716657946,-2.703613041302582,-2.662320268654908,-2.6442423758691485,-2.8046348522460596,-2.736166228650774,-2.8494840539459467,-2.855583893595626,-2.825590041365882,-2.825590033967923
-2.7648219589279197,-2.7041532826920647,-2.752463585467608,-2.691526261373638,-2.6591418621735423,-2.628588011359396,-2.8072639749048154,-2.7239335403664766,-2.844254402662085,-2.85047570498497,-2.8157825431687136,-2.815782535864476
-2.7985033327479334,-2.7695131200703758,-2.7660802249314287,-2.713475081882525,-2.7280565900082445,-2.677464144051514,-2.8597112783804164,-2.762518639519583,-2.854950500228389,-2.8598090692397142,-2.841405097778189,-2.841405090314271
-2.868435534530532,-2.829092382758705,-2.7878782376614644,-2.734349821076415,-2.789329511505043,-2.72101102303487,-2.8960655549649426,-2.7846052502122465,-2.869223434882525,-2.872940994685653,-2.8674018370214536,-2.867401829498219
-2.7491327908445435,-2.707925376630514,-2.767275728485992,-2.7026677609687733,-2.710401757109352,-2.665024326724999,-2.801322641959475,-2.7775681910463357,-2.8451619227526743,-2.8480152926933684,-2.788735349525885,-2.7887353433159454
-2.7163713497569657,-2.6810831517332696,-2.7474232121587256,-2.6866558914511565,-2.7865821831615456,-2.6777293944827947,-2.8422402505822326,-2.780512952300815,-2.851048228658697,-2.853007772135725,-2.7892211620082255,-2.789221156129188
-2.7417042825361717,-2.6808490133676797,-2.743755295643202,-2.686637692866123,-2.7429971689695742,-2.658866392690359,-2.8048079410593445,-2.7629835657541166,-2.8171363352055367,-2.820875478437279,-2.761365610424727,-2.7613656041987564
-2.728583675967996,-2.6977897497486447,-2.7562602430538288,-2.701437246107452,-2.8269232647713496,-2.693080355625633,-2.8601686130635944,-2.7808451724923344,-2.8252751760617127,-2.828386132530651,-2.7751340355979517,-2.775134029395986
-2.813830249833075,-2.780735888780349,-2.7791211356927548,-2.726060802138684,-2.9066934940017464,-2.7383038079414117,-2.911292054346587,-2.810329448835412,-2.839019686901488,-2.8409956362708333,-2.7998729444409847,-2.799872938242048
-2.845805593174182,-2.8489313543709978,-2.804145502705067,-2.748901717083028,-2.9625545035856424,-2.774062729896081,-2.942186241157898,-2.8293869080001404,-2.8548320861185434,-2.8554513751612127,-2.829498296098442,-2.829498289815441
-2.8537150933505417,-2.850972399006154,-2.8398304821331273,-2.784089499863481,-3.0011676605440014,-2.813907818896287,-2.9654457263174723,-2.8542005836727773,-2.8703314835443487,-2.8696909564172,-2.8579552582046714,-2.8579552518586038
-2.867223074737943,-2.8638114568997075,-2.8535449167428433,-2.8012610913244465,-3.015203631937344,-2.833605299118588,-2.960416852552243,-2.8736161088368806,-2.883860585639629,-2.882266145244147,-2.8730869022169796,-2.873086896052499
-2.9114622876355423,-2.9322700664242607,-2.87399851548967,-2.8122849439138693,-2.9504053481341765,-2.8266094833022244,-2.9310348034063667,-2.868507897177361,-2.878231801089549,-2.87717560540978,-2.874410462774593,-2.8744104565515363
-2.9009719391045445,-2.9033168690016082,-2.8978758698035056,-2.824877241424273,-2.994265172181704,-2.8540106082484087,-2.958164308426953,-2.8893452344000243,-2.8936375200442024,-2.891375367796622,-2.891682079408926,-2.8916820734581057
-2.893516747632776,-2.871006067419496,-2.925934387875456,-2.843313434027871,-3.0130625747811677,-2.8807260002225505,-2.972169142083363,-2.907366711819762,-2.9062659801188184,-2.9030581931225736,-2.9035063949070214,-2.903506389261932
-2.8612888830296397,-2.827976439889542,-2.940494779871958,-2.8626417588644992,-3.0271384577123444,-2.8966379751676534,-2.970973754940695,-2.921527121124435,-2.9161930820874047,-2.912320522981,-2.9052708417637945,-2.9052708366062037
-2.8828313876865503,-2.8566410091658527,-2.9477132088507685,-2.863795118046384,-2.902291464179232,-2.843178847318657,-2.8949296815749177,-2.904962891571967,-2.8881271357725713,-2.88524915233675,-2.8679628728591227,-2.8679628676932185
-2.9641592540243695,-2.9263795367493586,-2.9755261324492537,-2.8980960798220927,-2.9670501549584465,-2.873376734006306,-2.944276242321724,-2.925605867814263,-2.903145168636205,-2.899212955348538,-2.8861876399248927,-2.8861876349477082
-2.9219629970426433,-2.924189410331454,-2.962392118226073,-2.881475091207797,-2.859534133798359,-2.837944892821466,-2.89446173973342,-2.8847573531830366,-2.876343476743929,-2.872407961165282,-2.859370801003062,-2.8593707957129815
-2.930821175566435,-2.9307871698999106,-2.9448813669538416,-2.872039460097475,-2.830782144362256,-2.8345781561485532,-2.892637850134996,-2.8699872894257368,-2.861063715694595,-2.8594895780949163,-2.853862352370599,-2.853862346718693
-2.9668704573058853,-2.9674899685634823,-2.9517693199509583,-2.887618142169375,-2.8827099855725815,-2.8674988430921404,-2.954328382578362,-2.909970708173116,-2.8759029483125986,-2.8737467746236542,-2.882487643006079,-2.882487637178874
-3.088953569333058,-3.0519631722981417,-3.000636096108976,-2.9402242814919854,-2.8851929013814908,-2.87580827920127,-2.9615725851725094,-2.927025892032077,-2.842434783070855,-2.8426530905582426,-2.8503386366760246,-2.850338630573851
-3.097094736199728,-3.130985068380463,-3.0292027217108908,-2.97380796018419,-2.9681105357810145,-2.936035009876344,-3.0365047309460165,-2.9758106271169504,-2.859555726737723,-2.8589960927037343,-2.8792304161025317,-2.879230409920372
-3.1101623469164834,-3.1109724519465676,-3.037649190145144,-2.9907934394987703,-2.969046858230246,-2.95213390672672,-3.058511549270692,-2.9945011754821005,-2.8619011957358182,-2.8620088066382885,-2.882479813462153,-2.882479807119918
-2.975040934629141,-2.9796120669985777,-2.9929369162774053,-2.9375384257906028,-2.847789914592463,-2.865257545989664,-2.9634195226942754,-3.0014952625692,-2.8492831310142637,-2.8496730515000257,-2.819800354113352,-2.819800348868978
-3.011270502294924,-2.962130440553634,-2.9677835169922973,-2.8996485686680273,-2.931771692555585,-2.875561966430091,-3.005374869315122,-3.001760889102772,-2.863375259659483,-2.8622555266682332,-2.817191161780625,-2.8171911573004493
-2.94732790563772,-2.913199977390109,-2.969067856923491,-2.906698910190568,-3.010521797472247,-2.9132496849569907,-3.0687534548779607,-3.003544661791368,-2.878560702477174,-2.876469607131319,-2.8456373790183527,-2.845637374431786
-3.010511164405171,-3.008453568547663,-2.9790301564307295,-2.92568682732665,-3.055078887915551,-2.9431752682769217,-3.0993114475507957,-3.014975066936638,-2.8853688038350254,-2.8837702487349897,-2.8674968310022217,-2.867496826170417
-2.9842992270666064,-3.0087744035184665,-2.991408005942091,-2.9420437494438945,-3.098894841388199,-2.98017835121068,-3.1225487670187766,-3.034305768143695,-2.9006863483399554,-2.898472066869486,-2.8916290222871073,-2.89162901744945
-2.9885288439333193,-3.010200117878216,-3.0118934698830255,-2.9552249677743303,-3.074222242828192,-2.990749226695406,-3.1035472663702826,-3.017554102376497,-2.906205084272054,-2.90485696980157,-2.909933061391437,-2.9099330561080876
-2.9537826121976605,-2.9910598068026335,-3.0379535976390573,-2.986579280693272,-3.102668227004423,-3.0242100695171135,-3.128563472276502,-3.051044247157523,-2.9188187979288367,-2.9174004182382203,-2.935588456856034,-2.935588451313273
-2.9868141785037445,-3.039413419755409,-3.0568950087486297,-3.0092068975523416,-3.12621066578317,-3.051305856907902,-3.1423000973543913,-3.0827023267812637,-2.934268803001835,-2.9323640901287247,-2.9624184462417955,-2.9624184405899205
-2.9856111013791464,-3.0158847670522126,-3.07885677060011,-3.0331379517199126,-3.153990975255238,-3.081616724223569,-3.1479446876927653,-3.1072290031216765,-2.9463373076837995,-2.9444441159928263,-2.9796421088418885,-2.979642103297879
-3.032474870647272,-3.067388688451609,-3.0980112852126274,-3.045863919581205,-3.037741717014674,-3.045578972784253,-3.084082703411145,-3.0816335127279393,-2.930219053455104,-2.9294165542428314,-2.959341759431843,-2.9593417537479474
-3.0156724141761173,-3.028709872405276,-3.08559036767227,-3.0405383830550523,-3.061406570975861,-3.0466225170639833,-3.0961604352593466,-3.0825615805494775,-2.946081018080996,-2.9446008511895716,-2.9646032222831047,-2.964603217279974
-2.993718596460105,-3.036969255257629,-3.0999460993298737,-3.0565264744249503,-3.0895135215680125,-3.0650918853906264,-3.1150725737185514,-3.098153685305479,-2.961877786591957,-2.9598172543695855,-2.991658140915045,-2.991658135809089
-2.96439810517771,-3.028679314082723,-3.085983040284668,-3.046541157015325,-3.0786813995119164,-3.053104557693602,-3.0850292668683164,-3.0856412995583957,-2.973477119384734,-2.9710328083073665,-2.9921786653845226,-2.9921786607111476
-3.021245434474977,-3.0651858103881366,-3.1085299021834865,-3.0658886667326644,-3.0901270956317184,-3.0615450060788088,-3.0671497014094693,-3.1059434847235794,-2.9874716534671686,-2.9849998220701606,-3.002762316149014,-3.002762311619062
-2.94151253544324,-3.0008256457273284,-3.097938454295391,-3.055837555579119,-3.0749208324970025,-3.041833303123884,-3.0284861469783944,-3.0826086442460237,-2.9896657791315455,-2.987953971568593,-2.9991837521781584,-2.9991837476514585
-3.0128909061741274,-3.0590407348364876,-3.1019066680829868,-3.0578612155148637,-3.0747464664341506,-3.037322311723264,-2.999774604267241,-3.072048383488045,-2.982104745873129,-2.9822979059479993,-3.00322750159213,-3.003227496606842
-3.007633508681638,-3.052883001623837,-3.1031084478246904,-3.067458563226464,-3.0132183069211766,-3.0068777047281454,-2.976295545282384,-3.056208446443117,-2.979984964368389,-2.981338026962765,-2.996607491136505,-2.9966074856113543
-2.953903611928318,-2.993511539003946,-3.1146266402658016,-3.079888772585176,-3.0561153134583527,-3.0315339269604324,-3.017294860727665,-3.087368193495804,-2.989151615562493,-2.9902434391320174,-3.016941384819731,-3.016941379132139
-3.035835744895318,-3.057979311700465,-3.128214560517539,-3.0942843435536327,-3.0983458623012794,-3.063897635469229,-3.0460426142961228,-3.1069126724346905,-3.0040051115303075,-3.0042859866319365,-3.043068320071875,-3.0430683142549593
-3.029734332939124,-3.0732198761902882,-3.1463488221326474,-3.1066336437582818,-3.100193109051321,-3.0851276174799307,-3.057349036165749,-3.1144504497934857,-3.013340096323228,-3.0134818105248677,-3.056457146865436,-3.0564571410463865
-3.082100533128511,-3.0959761391855674,-3.170558865372917,-3.126888042848271,-3.155646766806577,-3.1336835104657235,-3.0967072547531336,-3.1484116639194206,-3.027903333854923,-3.0273829746960947,-3.080986074656059,-3.0809860688040187
-3.0850911043661164,-3.0821482797618724,-3.1725803121401253,-3.1293687395653107,-3.1195117409514843,-3.111410946561335,-3.0572122723685276,-3.104396465802508,-3.017894779914835,-3.0173642082149867,-3.04638632641977,-3.0463863212232853
-3.1249039235951774,-3.0884429496666304,-3.1900686405054177,-3.1490067019513854,-3.1563108219417586,-3.1378852740782097,-3.057538458376052,-3.1141541912063877,-3.030986097545436,-3.0295755768169284,-3.0673255002031525,-3.067325494935282
-3.0173110431761887,-3.009596014425714,-3.1776301525307256,-3.134222221381986,-3.1535420912624983,-3.134557640381125,-3.037578912425926,-3.1046817702873755,-3.0163925799121754,-3.01882908176652,-3.0708415172189154,-3.0708415110145575
-3.0440425315058297,-3.0300890601240846,-3.171171079204951,-3.1284194601558535,-3.201993693157889,-3.1557151800868852,-3.0511971682173487,-3.1317558592536354,-3.030325007063081,-3.0323263809204533,-3.0955900866394557,-3.095590080024147
-3.057938751203319,-3.0738475674682526,-3.173292412915093,-3.131594903973768,-3.216863236701566,-3.1719245433407934,-3.0611924987213976,-3.142878995464481,-3.0450649042243896,-3.0463288605353673,-3.1038073031293005,-3.1038072970590593
-3.0365040578671607,-3.0557661329471646,-3.1693961266822366,-3.1276415534306246,-3.2242959279391217,-3.181097216001273,-3.0534108223351515,-3.146505784906995,-3.055185271115226,-3.0562914719784975,-3.116728462682393,-3.116728456657749
-3.091621405478132,-3.1081885262326825,-3.1868226310491,-3.145804984688577,-3.2439089641556995,-3.2043001884014815,-3.058832730133335,-3.156368383598682,-3.062564581684004,-3.0634784371575714,-3.132899176928155,-3.132899170729961
-3.148807775979356,-3.12298950153134,-3.1989147388270616,-3.17599914553318,-3.2688442448968447,-3.242376016615426,-3.0700793770060617,-3.1902809508548056,-3.0767122294323257,-3.0772600301232895,-3.1398897925991314,-3.139889787098965
-3.209934990416721,-3.1650605474881974,-3.2183661415232114,-3.1947072643115773,-3.2919392674025563,-3.2683560134806755,-3.0784128337079744,-3.199718093942296,-3.086444338258225,-3.086880811853532,-3.1590750737782995,-3.1590750680368016
-3.1752850298498574,-3.1557884033407446,-3.2417991898454894,-3.214919725097098,-3.22228617247266,-3.247441589732048,-3.069688356429955,-3.211768690133373,-3.0839785391968015,-3.084592006926757,-3.150130027796824,-3.1501300217881183
-3.270998466790872,-3.1835963591256546,-3.265005291823767,-3.233473076399731,-3.2561810918121923,-3.271156018515054,-3.108025754553166,-3.230721964992379,-3.0981893476525055,-3.098164267845064,-3.1692619107474727,-3.1692619048568833
-3.213272413334191,-3.1240904110021774,-3.2521624027383678,-3.205917484875299,-3.0238265368564594,-3.17083485432341,-3.002263837199667,-3.0349143631397584,-3.0280800372510024,-3.0355716172843574,-3.1097423847578067,-3.1097423768903525
-3.1461696130588894,-2.999359724562244,-3.2204542081703584,-3.1730123960623553,-2.9240271872589694,-3.099528087194648,-2.9644441016701535,-3.0132626334841532,-3.007343587013543,-3.0157313373432335,-3.0585592448149956,-3.058559236681566
-3.1126315449357818,-2.950840503435979,-3.172158388378257,-3.1247564132535475,-2.8919967931066357,-3.0148759827632117,-2.93382023445386,-2.9972674826887524,-2.959516708761958,-2.9706474432081844,-2.956441886214868,-2.9564418796573344
-2.9787676166167767,-2.858641324873738,-3.1029837949452315,-3.054855931839352,-2.895903103351146,-2.9617779511484343,-2.8986179989109977,-2.9371094589271585,-2.934325269524263,-2.946423020677962,-2.9143893168624357,-2.9143893105716376
-2.939421073274074,-2.8336078773453175,-3.050174854952231,-2.993047590997865,-2.9393087368752697,-2.944238045239126,-2.922651615330512,-2.9233601472662087,-2.943976498606555,-2.9551992463553978,-2.922659537007755,-2.922659530955262
-2.890135517353307,-2.7941557046760823,-3.0322026777215876,-2.976735788590508,-3.010323954228784,-2.963670781923984,-2.9626364689679114,-2.9437204644938717,-2.9535192945414517,-2.9646843706258856,-2.9455287978149194,-2.945528791514207
-3.0050444096923687,-2.9024854793496666,-3.032959381990845,-2.9812462034397216,-3.026634755605624,-2.967232802294224,-2.9592080864082386,-2.9287477703407476,-2.939856410449837,-2.9524408758467797,-2.9394632627093773,-2.939463256079395
-2.9299514230996397,-2.882089578930384,-3.0517891437651254,-3.0046833743913455,-3.0890188850889038,-3.005082775892348,-2.9853769043985845,-2.9506880628367855,-2.952939840624942,-2.964787557051253,-2.9641886402054314,-2.9641886334521685
-3.0163116055511865,-2.962348387923065,-3.090815352500622,-3.0490599346004013,-3.1429074402282757,-3.0578163846242816,-3.029752453810453,-2.98652476509474,-2.969093035167293,-2.980098829314866,-2.9904088425182365,-2.9904088357278207
-3.004886635230308,-2.9391043229855103,-3.0934821776952495,-3.0592682712269106,-3.067380271127484,-3.0294225171605964,-2.956602417384655,-2.925276636806179,-2.949489902708475,-2.9593271209267944,-2.933210934412763,-2.933210928153753
-3.0234622897941676,-2.977628740285416,-3.0828072732982803,-3.0503007237604427,-3.0704484104452114,-3.026526120394597,-2.9641301356599774,-2.9193646939052167,-2.9582076800693056,-2.96739096464331,-2.94556001211494,-2.9455600056636264
-3.0379539945096243,-2.973912824727237,-3.0728517722217044,-3.041299787130675,-3.119065757293634,-3.048034836160119,-2.999314417036367,-2.9315474814396856,-2.9725178161775547,-2.98107450908507,-2.966628743575072,-2.96662873717255
-2.9790446235632806,-2.9354027833591934,-3.0571187309523884,-3.0263847106695705,-3.110093500044899,-3.046652771787359,-2.9869939017635225,-2.920713909476568,-2.97455866036877,-2.983357996511753,-2.9741761686061787,-2.9741761619504827
-2.9947567001835247,-2.9435877372137966,-3.0649142181790228,-3.035484946074888,-3.113871475466401,-3.0544433655925003,-2.993778524961708,-2.937308022937592,-2.983848266239877,-2.991967787035789,-2.996171407522797,-2.996171400718081
-2.9970794648777215,-2.9488042735980375,-3.078456762113964,-3.051918145589032,-3.11966113066059,-3.0629649842137736,-2.9945932529640844,-2.943511884737723,-2.99375670075163,-3.0012390737741743,-3.011959422346946,-3.0119594156250087
-2.978691620088414,-2.9538421655544673,-3.0756004093343328,-3.057190892256524,-3.147395793594548,-3.0826580591961483,-3.001855497248691,-2.9853744676000775,-2.997512222994285,-3.0060289599162546,-3.031758884715067,-3.0317588772429658
-3.054220339315788,-3.002334163000732,-3.090710237776281,-3.0733663889488185,-3.072843720888752,-3.067140894216905,-2.9847172038749035,-2.9748572637033055,-2.986076317627247,-2.994982324000243,-3.0204884528480824,-3.0204884451958374
-3.099494074469891,-3.047836360853095,-3.117058684519658,-3.0999291158848528,-3.1075560143240564,-3.1050843571811555,-3.0106427138610696,-2.99270630398107,-2.996572773260959,-3.0046874836710344,-3.036319800295978,-3.0363197926272756
-3.0877406114987886,-3.055958638700107,-3.1394061189172877,-3.120086391758632,-3.1463944788165685,-3.1387702541371714,-3.032425158220865,-3.0191485006919203,-3.0064727330221723,-3.014519092318145,-3.055536475158889,-3.0555364673679954
-3.1502958685918827,-3.115152296247847,-3.166648610292905,-3.143020841424242,-3.145121430845878,-3.1604833000862596,-3.048979331422731,-3.030851308033493,-3.01525108386386,-3.0230705089609176,-3.0720386012744263,-3.0720385934487044
-3.1487594045602214,-3.125025923503976,-3.195231663563477,-3.170099585370922,-3.1894675168364537,-3.2018277379815774,-3.088518249636909,-3.0743831545164153,-3.0313990592964326,-3.0382673890817053,-3.096312005670941,-3.0963119978437446
-3.165915411698264,-3.112210827899805,-3.205925121178414,-3.1737311732034064,-3.2218717577586458,-3.2114884948366784,-3.098355863755873,-3.112614517392863,-3.047567001004702,-3.0535187289245194,-3.0978237579351555,-3.0978237509541877
-3.1718791847094003,-3.1123277338640145,-3.18385907079055,-3.1586980645571217,-3.2389207605901182,-3.218156771382702,-3.0900649409721437,-3.1279003197209065,-3.0615086578463857,-3.0672028258048285,-3.1127078118177045,-3.112707804856555
-3.11340223751558,-3.0288771761775277,-3.1691579381045782,-3.1387151422043296,-3.108774539619706,-3.162534858262662,-3.0358840557414046,-3.058775641746468,-3.038773107413908,-3.0466791524048906,-3.094092139748307,-3.0940921323646577
-3.102453582991677,-3.038639946971373,-3.1712534366166416,-3.142313834026494,-3.1405053665497715,-3.185876018998141,-3.0694616368199155,-3.0834032424275275,-3.0552597788391616,-3.0625459169481677,-3.1140384398710386,-3.114038432657844
-3.096259714617362,-3.0539990238803787,-3.1788488704945714,-3.1571147288328647,-3.1757297939176867,-3.212323225593862,-3.1021834537820303,-3.1199467657306132,-3.071221247673564,-3.078014810874271,-3.1380070859760725,-3.1380070785495926
-3.090917668160338,-3.0598695142529433,-3.175869043210332,-3.159457227204242,-3.1824719270633395,-3.2254882556119564,-3.1103189850120057,-3.120634215387344,-3.0848738176089148,-3.0911049287231873,-3.160664661346512,-3.1606646537889604
-3.1091563592688845,-3.103375778377872,-3.1903186168731104,-3.1802946531327594,-3.1962499158813023,-3.244017300420343,-3.122442687332702,-3.134716708616762,-3.1006424484134487,-3.106372842053428,-3.184827858673996,-3.1848278510925447
-3.214287043978228,-3.1907608646392265,-3.220446809203016,-3.220514192675277,-3.206551480572031,-3.260756281017814,-3.126910051910942,-3.171987210610766,-3.104037177085991,-3.109960134513897,-3.1913791001661456,-3.1913790924298286
-3.112515159252156,-3.1167036331745344,-3.238424214877443,-3.238785193084442,-3.2105418251896385,-3.2695759614317055,-3.1254066623779098,-3.1674548880515214,-3.0973758827605704,-3.1056295107172702,-3.182385653082124,-3.1823856448230416
-3.106359037262337,-3.083900161120588,-3.253081300665103,-3.2437274820749566,-3.137098184859216,-3.2270712035384936,-3.0485082543108364,-3.0907193691620374,-3.063427360530895,-3.073623487201132,-3.1234519368746083,-3.123451928630558
-3.1212531692821015,-3.102567348062912,-3.256259762998465,-3.242322032354692,-3.179937358457244,-3.2397120805772635,-3.0673233076891147,-3.1074658710532463,-3.079117629650379,-3.0887285640953865,-3.1489010219333826,-3.1489010136122406
-3.13021421599161,-3.114509294856949,-3.2611906836194344,-3.2447418941855672,-3.1869849531485785,-3.24089547984556,-3.0637008255521625,-3.1092686022003915,-3.0721512494605654,-3.083556521674297,-3.1500854659725244,-3.150085457180919
-3.121542158748833,-3.1036604705788777,-3.268715664157934,-3.2501306848727616,-3.224735101283274,-3.2652981159105425,-3.090716213588699,-3.135546503082103,-3.088243611391823,-3.0987699865558547,-3.1650974709224324,-3.165097462391533
-3.1278772833779462,-3.123995675330441,-3.2821158701780386,-3.2637641987851866,-3.242354619701857,-3.28441373555983,-3.1159463068372535,-3.169876055841582,-3.1004803501616376,-3.11028604553995,-3.17480761840048,-3.174807609742551
-3.220248021643236,-3.2084008677093765,-3.2863709983336498,-3.2634624414817157,-3.2845406003949162,-3.310176055729092,-3.1388740804875956,-3.196733893174239,-3.1167548694798244,-3.1258161384776737,-3.200166326846042,-3.200166318133575
-3.1747831615375115,-3.1827442486390494,-3.2906336123792483,-3.2676294197542877,-3.23474080256604,-3.3056610534929645,-3.151974088488694,-3.19091691357223,-3.1129026250375142,-3.121697629103798,-3.1988522483280275,-3.1988522392272283
-3.1794917945797305,-3.1452325541262245,-3.2985276780885058,-3.27072487928414,-3.242287318500009,-3.3138986504128654,-3.160251975104314,-3.187533349738927,-3.116116227260443,-3.125743672312635,-3.204071578587344,-3.204071569201175
-3.21843489294152,-3.20344259188532,-3.314721146505089,-3.2857987247044833,-3.271268484973536,-3.339232048105906,-3.193170987237108,-3.202259119727992,-3.1284307948996593,-3.13758676093023,-3.2256867862285015,-3.2256867768131454
-3.19702653417649,-3.174476548238065,-3.3295091559191365,-3.299008724728828,-3.303398960900534,-3.3593297491347927,-3.2196761747784675,-3.2366714095884683,-3.1432839477863017,-3.151404181430889,-3.241197747935059,-3.2411977386621547
-3.1865977849566964,-3.172632742265633,-3.3367616545469456,-3.3052512833556804,-3.3224898148241566,-3.369391193250698,-3.2257942950831198,-3.2642925522129373,-3.1459139828643683,-3.1556081674491496,-3.2471183149457783,-3.2471183053691686
-3.092393012892043,-3.048977611182639,-3.286025037827895,-3.2490612487917145,-3.1518072163735495,-3.264374859033887,-3.0770798550541563,-3.1367456052530462,-3.0955027948005513,-3.110082422447622,-3.1534547894358487,-3.1534547801517947
-3.0548763140113926,-3.0243493546914,-3.2426733487107056,-3.2040903793335964,-3.1920279806993697,-3.2503091675795144,-3.083427504518034,-3.1438387645747254,-3.100450337465307,-3.115027703611141,-3.1583368890107524,-3.1583368794518427
-3.089951620950143,-3.0855312038012346,-3.2265728777076776,-3.189378296007906,-3.2561594564090637,-3.2620114135369405,-3.1140291407452576,-3.179925480347361,-3.11516308938601,-3.128664780598935,-3.1830363445586998,-3.1830363350051853
-3.102768206411786,-3.097903443015598,-3.2247357333978908,-3.188603536250432,-3.232809638786797,-3.2483905883429083,-3.0977146502205666,-3.166062901048448,-3.1188560050796,-3.1325643437843107,-3.186978032585982,-3.1869780230007447
-3.0801910249805577,-3.06320581143253,-3.1889429392086286,-3.1522994565382767,-3.179297621934692,-3.213356462311358,-3.0496178287540574,-3.1220188910397573,-3.087981844214894,-3.1070389877708147,-3.161655657552572,-3.161655647119477
-3.108077299046606,-3.093629964409886,-3.1755975941493544,-3.1412988004446616,-3.2276365234160194,-3.2261631763168355,-3.0566770293228416,-3.1407196394936756,-3.099316472680346,-3.11723214468033,-3.173212119980912,-3.1732121098804287
-3.1197823781755862,-3.106783618027832,-3.171150725367241,-3.1355607092916467,-3.2024203288957565,-3.21870714051345,-3.0521700600134176,-3.117970476500412,-3.0978566405133674,-3.1148692219033887,-3.1684146239714237,-3.168414614062484
-3.0952221018852555,-3.0828598136411935,-3.125273603978709,-3.0801068452484808,-2.952537716923218,-3.0771922845030204,-2.8850757689559234,-2.8847433034716596,-3.0089891140576857,-3.0274847772007973,-2.9857455120512624,-2.985745504191171
-2.9800308312168355,-2.968532848971554,-3.0763638387541103,-3.03127901793663,-3.051453176402953,-3.094028069857166,-2.9345951222187914,-2.940630889298185,-3.0226761749483,-3.0399935243648817,-3.006579997437245,-3.006579989594658
-2.9524743518749204,-2.904457017896021,-3.0402155665772175,-2.9877694329287854,-3.0051799899574885,-3.059461470541175,-2.9130325053358113,-2.9098837807983258,-3.0090537803176094,-3.027424475023296,-2.998885915866368,-2.998885907929387
-2.9003743486050384,-2.89034463007333,-2.9683907630930175,-2.921207748359152,-2.9445209556469885,-3.0170024652876246,-2.946285478726356,-2.8863531620255136,-3.0157980283980224,-3.0264132829657098,-2.972689138979643,-2.9726891337659533
-2.886356022956073,-2.8629103474055793,-2.9261104486276626,-2.8807891058748125,-2.9684236349811304,-3.004309243221505,-2.961744898552314,-2.909902000610651,-3.0271108752627773,-3.0367392679526897,-2.9932971882849913,-2.993297183038154
-2.8386620397945572,-2.8103647684423754,-2.903410262272187,-2.85754315699792,-2.8416417788137682,-2.9355929252047726,-2.8936219949429796,-2.83543024101775,-2.984268083216723,-2.990230920997076,-2.962752610574287,-2.962752604711804
-2.824609640660017,-2.7820939795014903,-2.8893643515080756,-2.84372315834965,-2.8617868208399604,-2.9317532891058193,-2.9169540334472916,-2.8593528976620264,-2.990371329513827,-2.9956846286080725,-2.972296016551537,-2.972296010816806
-2.7926715451072504,-2.7647241412744434,-2.908607580695115,-2.8646663899567684,-2.946598778649507,-2.965170544358908,-2.961669718277145,-2.9017344019144997,-3.016670901062085,-3.0585517795391874,-3.0402325800824963,-3.04023257869739
-2.854907661581676,-2.8664804776404997,-2.943810154170107,-2.908918585806373,-2.9837887588377487,-3.018092993677156,-2.993482582873984,-2.9491395809386107,-3.0325450374643435,-3.0731091979212244,-3.064222624725122,-3.064222623236555
-2.972104522294062,-2.9937591864128423,-2.9682234776835275,-2.941793975331673,-3.0396349113737684,-3.0760636273376503,-3.041365488941029,-2.995891277629937,-3.0479056375303917,-3.0873708469684527,-3.086138172133042,-3.086138170662855
-2.9673064683910733,-2.9982947946818292,-2.9925378306808907,-2.97275163344684,-3.074377905958189,-3.109265906369551,-3.0632773100037003,-3.0144268898281386,-3.058242324986254,-3.0968019003481113,-3.0981339355677884,-3.0981339343755714
-3.044511235201899,-3.048485313873098,-3.011417047430493,-2.9938477448027183,-3.088394063325381,-3.1247071120934677,-3.063409869617601,-3.0156679076573996,-3.0632154714849538,-3.1014287970002776,-3.105291667700752,-3.1052916665423407
-2.9708476157870334,-2.9896093813617064,-3.029352097348899,-3.007558994431378,-3.1622172324170457,-3.1676262181473196,-3.113534877429651,-3.073900614561016,-3.121092862146998,-3.147782120697767,-3.17328172817741,-3.17328172798742
-3.1069991213238435,-3.117172796245402,-3.0610370019171125,-3.044405198225136,-3.1906355187299855,-3.196320720053892,-3.147780365472571,-3.1011369121183043,-3.1507217901628755,-3.196324957101722,-3.217489408600424,-3.2174894070329048
-3.083889043576461,-3.0679812653682603,-3.099330219338216,-3.085445146877336,-3.232276719162984,-3.213356342042078,-3.1492904795451486,-3.117656122019931,-3.1656716128824582,-3.210047727567779,-3.2208453726274144,-3.2208453717046575
-3.0617747426869326,-3.0807504420243323,-3.091203922733247,-3.072995215318911,-3.0809536730348075,-3.1376494352008035,-3.062765037723822,-3.0208959220921607,-3.110484947471686,-3.15954979628149,-3.1619862339512013,-3.1619862324599755
-3.0488203782588466,-3.0382457902620357,-3.088505633987413,-3.0711000638463606,-3.1496338211150583,-3.167768183393509,-3.123517765453665,-3.0628118468846144,-3.1269157339418943,-3.1745579619848234,-3.186259452349412,-3.1862594509088877
-3.1144136957871114,-3.098804441313753,-3.08124029649038,-3.0612809153245104,-3.143940608406224,-3.161148221166117,-3.144859460528632,-3.0899700144177786,-3.1331747006113813,-3.1796995091622424,-3.1846773485423787,-3.184677347254097
-3.1320525266272443,-3.146061748511048,-3.085110626942131,-3.06392785496155,-3.208379309061454,-3.1890080645938266,-3.1920409038947644,-3.1470175904704183,-3.1838788378979026,-3.2009077137333133,-3.2294878634841915,-3.229487862180753
-3.123694532757413,-3.124917830850536,-3.095983579457128,-3.0728752721343264,-3.2450812955740993,-3.218059589985473,-3.229591993725521,-3.169183211067697,-3.1972167220125924,-3.2131970849113998,-3.251825464347921,-3.2518254630971324
-3.133554573473328,-3.183118118365312,-3.120961554186371,-3.097451064534675,-3.2867866931003498,-3.2507175694519903,-3.258862774089842,-3.1886671583459583,-3.207456826024668,-3.2226406092637614,-3.2706793446389604,-3.2706793434113344
-3.1436156280604943,-3.189846019593993,-3.1420431635533976,-3.11389743642051,-3.3236088834820112,-3.2780008930790254,-3.283020223372555,-3.2160152441455985,-3.2217218413418687,-3.235529184703021,-3.2877190821996303,-3.2877190812550507
-3.1521411631081766,-3.1859402370180487,-3.129761018294042,-3.1051541298497956,-3.3339879861082724,-3.28199908349965,-3.260559672007658,-3.2339247598675938,-3.2275560557077325,-3.242032133732349,-3.2906569268215193,-3.2906569260271405
-3.121045164430887,-3.1926708261052954,-3.151317397694632,-3.1314232065607337,-3.3552711396096866,-3.307123526769639,-3.2667867276176112,-3.261144442410025,-3.241142227415945,-3.2549376160568206,-3.309832840860711,-3.3098328401594586
-3.185997863584039,-3.233487337443703,-3.1767032874574763,-3.1576085485660763,-3.3663610792339145,-3.323644186032097,-3.2829632541605926,-3.286524946197415,-3.25028916782186,-3.2630255630897724,-3.3217271789464027,-3.3217271783337967
-3.1364800008692684,-3.1921295245932293,-3.1863677726962187,-3.160027529971337,-3.3504576067135607,-3.303189160312374,-3.259692507280069,-3.321130383614417,-3.260376668006913,-3.2712448191929875,-3.30820452525536,-3.308204525732732
-3.1663548305352665,-3.2065584905191584,-3.210864754058002,-3.1879049349684756,-3.3848838107030557,-3.325190940906217,-3.278889109049815,-3.324933200551551,-3.2720625434746804,-3.2821318474078742,-3.3287995499318823,-3.3287995504052468
-3.1905317480651285,-3.2381455264597983,-3.2028440954537496,-3.182997567565147,-3.358989332002338,-3.3138863783248764,-3.2536339321943952,-3.307135730263209,-3.2657550943201885,-3.2784175150337784,-3.331497350200391,-3.3314973502013183
-3.0978222865255245,-3.175307652363586,-3.2001020117115906,-3.182991828331671,-3.375903266126469,-3.322947620057345,-3.2566520999403266,-3.312842675978686,-3.277894075845227,-3.2900417189681805,-3.353175259870323,-3.3531752598423594
-3.138681562262018,-3.210016773205782,-3.2169360902632125,-3.203556319958027,-3.3781369011161617,-3.3371110840831637,-3.274029524470943,-3.328223795327174,-3.287846792664896,-3.2996219016940795,-3.371061562923677,-3.371061562820034
-3.137148281063937,-3.234591509313263,-3.2412808090407936,-3.234043500669788,-3.367818850353248,-3.348553211077267,-3.292548672400773,-3.337237187511719,-3.297478233918661,-3.309598591941956,-3.38160679202669,-3.3816067922474344
-3.2103349855963765,-3.2793239775385503,-3.287161905948105,-3.2841034309914114,-3.3788746144731974,-3.3693802966322055,-3.317389473564677,-3.363516825447239,-3.3108078168251165,-3.3224684226767227,-3.3961633275031975,-3.3961633281560433
-3.2693673182176526,-3.3269605208763147,-3.325530420187242,-3.324738521370988,-3.42133045595257,-3.4027692325104892,-3.364568666056937,-3.407148001349614,-3.3222497787012073,-3.3334173001966745,-3.416539244239229,-3.4165392448598952
-3.2675024475333156,-3.2831505906130505,-3.329868938884946,-3.3237816156745845,-3.335012950401953,-3.360359419633999,-3.3166712968250858,-3.3278978758775786,-3.275004556189743,-3.292772263377544,-3.360615647646589,-3.36061564711909
-3.225747694412205,-3.2474028865301547,-3.321820516458586,-3.314637082889197,-3.34019343231501,-3.3397631179345986,-3.2808170410966193,-3.315259047856655,-3.282068748964446,-3.2981658516216545,-3.34797844548949,-3.3479784458252233
-3.182372346722111,-3.174371316271308,-3.302754167565607,-3.289641114258436,-3.24338143576803,-3.2820667486993664,-3.2351888329649876,-3.2207311540716077,-3.2533172483253026,-3.2722348071518295,-3.324683329539547,-3.324683329330677
-3.243961714845072,-3.2628721113484853,-3.289918854091403,-3.2756747400492334,-3.2438209240676366,-3.285847580397786,-3.2642098080830815,-3.2471484931970136,-3.260911191489461,-3.279382659836341,-2.1041646723352256,-2.1041646370794123
-3.120136734167764,-3.091418556214004,-3.2605814894818637,-3.2347821107416195,-3.0704148878380155,-3.1825300136110535,-3.1918145503642212,-3.155447859569093,-3.1938417368796026,-3.2153634342890616,-3.226239432965663,-3.2262394319408703
-3.006105548635975,-2.9732011395962235,-3.2203943559506074,-3.18933912379173,-3.0568984169715665,-3.1771418615206617,-3.223916618473706,-3.166739450212244,-3.18452447098855,-3.2073564782476556,-3.2200835580830143,-3.2200835568741555
-3.051699781625082,-2.9979073345223806,-3.2034566534573194,-3.165442065675602,-3.140985501342045,-3.2102928699612927,-3.3038341924629493,-3.2341349414247063,-3.2005661158892957,-3.2220447051039534,-3.23669285022521,-3.2366928493407836
-3.0506248703961765,-2.9962273648222877,-3.2168929944002707,-3.1752393441284212,-3.235208172532719,-3.2592913724473247,-3.427158721617403,-3.2914000723768835,-3.2141618866330353,-3.234631496748362,-3.2551484693253814,-3.255148468582867
-3.166149435344579,-3.1078870971098493,-3.264291451013199,-3.2113146069698306,-3.2293874066790957,-3.2282804812815566,-3.3451410594533217,-3.2842164187815257,-3.185103678092971,-3.2027372448569453,-3.182129146293133,-3.1821291473140647
-3.1597468882763615,-3.1348165298753505,-3.280057499963651,-3.236112491134901,-3.2856422342912297,-3.235017596947076,-3.3440304846149886,-3.2888463127803984,-3.175842308916491,-3.1950011172803023,-3.17983913431714,-3.1798391350808606
-3.251909994868616,-3.2078933697358476,-3.2771305590713586,-3.237884057398456,-3.311100345086546,-3.246883946343279,-3.396137763105886,-3.3154695297436025,-3.183242656131916,-3.201737560160324,-3.1878897906024544,-3.1878897915235282
-3.29218866109158,-3.20968977266921,-3.2495518360540627,-3.2045324694475843,-3.2657328574030315,-3.2098193995819018,-3.3384194061627674,-3.315949146864059,-3.186511670531817,-3.2032175584905076,-3.1669381802269534,-3.1669381819213522
-3.2347376405205446,-3.190640700913326,-3.2239483237864692,-3.187942718586174,-3.2474819175934724,-3.2115054815676087,-3.3285936215029186,-3.3308136689802232,-3.1897406738359093,-3.2074270032557477,-3.1761861790672565,-3.176186180593555
-3.18743815217338,-3.1078734909805417,-3.2151013347118975,-3.186378541226505,-3.2953011713246836,-3.238749554026771,-3.3726252418538727,-3.344861255412072,-3.2040420423497467,-3.2204563553450885,-3.200566949443777,-3.200566951015738
-3.23138312469654,-3.1870958874793947,-3.2361160564559945,-3.2236874924133607,-3.288749978402216,-3.248810826533612,-3.3509559304543703,-3.3693212818437264,-3.179108224662996,-3.197609942510908,-3.186607580977537,-3.186607582075592
-3.251619717370569,-3.198123048401199,-3.2368002660983333,-3.225705318566245,-3.3162046496604614,-3.265853364602245,-3.351683247481697,-3.37188086214976,-3.1936288145350047,-3.2109265882180074,-3.1951154160967703,-3.1951154176473113
-3.187875546304229,-3.2385826850802877,-3.2211332054181585,-3.2155563419950326,-3.3191978181029613,-3.268959807243143,-3.3417884245477443,-3.340832359634108,-3.2012913683745667,-3.218940448368489,-3.2115362442288466,-3.2115362456055414
-3.1391428641987495,-3.1558154364568107,-3.2332329045712367,-3.234875678172056,-3.3150651435356537,-3.2793927097039863,-3.359094196251276,-3.3398861732948175,-3.2110986088347095,-3.229342400447008,-3.229923088798203,-3.229923090113088
-3.314899595834686,-3.2953030942594044,-3.251835155123694,-3.254537242193283,-3.3329613756862235,-3.2978737369137727,-3.3837545192440093,-3.358079783045792,-3.22679507746125,-3.244128488429827,-3.25374878221222,-3.2537487835546934
-3.218581968318546,-3.2854031780114665,-3.2765315413132985,-3.2829787111947217,-3.341356009616902,-3.317760260633507,-3.4076324858647418,-3.3713804254312754,-3.2408987839471575,-3.2575843471159907,-3.276616152273741,-3.276616153549683
-3.2586991925132276,-3.237649413835999,-3.3052117605557907,-3.3136630943534984,-3.318969871382897,-3.316433485839312,-3.375845040812623,-3.3711011856589153,-3.236689273592503,-3.25332943304514,-3.268813672495429,-3.2688136739277693
-3.201986840554427,-3.240805590462532,-3.320044489659488,-3.3256541955334384,-3.3576607273016887,-3.342363827930486,-3.3900356581065596,-3.4188629716944625,-3.2521534890333688,-3.2680195660318327,-3.2895387348423935,-3.289538736442926
-3.2680810553455792,-3.2708346601847262,-3.319532630173634,-3.32658788087027,-3.3451089578944995,-3.3406955981396353,-3.3624489411527962,-3.4106679996172033,-3.261055252207968,-3.276600875249505,-3.2980157545573543,-3.2980157562256363
-3.219504285843815,-3.222586582114791,-3.278135471651356,-3.273509971076293,-3.1638304608644625,-3.226975199215308,-3.1901093910270695,-3.2416356495873355,-3.1738399893392457,-3.1969602653578066,-3.191983829807471,-3.1919838304277652
-3.1518329639324745,-3.130514887733014,-3.2571188125946606,-3.2481312971832033,-3.1986751236420727,-3.226452718306393,-3.2115787776536764,-3.2523734189063847,-3.185080156859549,-3.2073145018136935,-3.207376998753424,-3.207376999325077
-3.1631180271518033,-3.1110948875258657,-3.2421756621639517,-3.221111176379236,-3.2292923438157386,-3.219953405852955,-3.223699673103514,-3.2577449989225338,-3.1974494086883842,-3.2178449102615216,-3.205462323098473,-3.205462324423947
-3.1860765508652307,-3.170237987670546,-3.234478901568205,-3.2022077506682463,-3.214818294855533,-3.204394991439984,-3.2257306650548743,-3.2562106426770545,-3.1966708119127087,-3.215818246621632,-3.1979678748798435,-3.1979678764224904
-3.222459966570451,-3.1847188044811547,-3.2452895871264755,-3.215381748695342,-3.2521002154519127,-3.235908253754383,-3.2744318969709574,-3.2712009173287377,-3.2092455686025945,-3.2282321402761793,-3.2205664123577487,-3.220566413808688
-3.209179017097744,-3.13975962417342,-3.2503881998939956,-3.2261150225532074,-3.2844348838100723,-3.2578562662344606,-3.2937618852346024,-3.2809763821515125,-3.2235023572491057,-3.2417026127941266,-3.2396186164971104,-3.23961861806951
-3.236774753879751,-3.1811672773551254,-3.25748367753883,-3.237245907203328,-3.322654663375853,-3.283088007172055,-3.3130041461828466,-3.3246723979983814,-3.2368818951495273,-3.2547852933909307,-3.2616557824756276,-3.261655783917093
-3.2641658669935634,-3.2233576968846984,-3.2617235538738276,-3.2297678937892718,-3.262638339122791,-3.2591244041854543,-3.2872851413620396,-3.273630271367815,-3.2297605141545365,-3.247084921376552,-3.2488955561017114,-3.2488955578374865
-3.2967826695947684,-3.276513873536116,-3.2737664986302373,-3.2477515875702503,-3.296854224524654,-3.2893388143631697,-3.3235454658296573,-3.2824939662246155,-3.245387271808716,-3.2621757322336693,-3.2732996426103567,-3.27329964427999
-3.220754887291627,-3.1807742882117886,-3.2824231167297615,-3.266450336568838,-3.31308815391644,-3.307043109798797,-3.3317005782093174,-3.296392593130492,-3.254003787032965,-3.2711296047560143,-3.288071048170959,-3.288071049775003
-3.270618576317247,-3.2303325037480186,-3.2903594678368893,-3.274857483213988,-3.2957423423589196,-3.3007039853403737,-3.3210910335470243,-3.3155042417791725,-3.259097733131743,-3.2749886585426893,-3.2874770420069996,-3.287477043795109
-3.2098744092634584,-3.2206503892919534,-3.3088853823435236,-3.2971543360336106,-3.311096665123375,-3.3116675388696204,-3.333536479608681,-3.3129829014086365,-3.2731823331868757,-3.288972584106377,-3.295570814384347,-3.295570816327349
-3.1896403361801444,-3.207038457263578,-3.3219420578051215,-3.318907987903361,-3.308507612994696,-3.31283283998457,-3.3223612627845087,-3.3071598084289415,-3.286398334189581,-3.3017295279013137,-3.3111770839854398,-3.311177085929896
-3.1937284054801856,-3.2089305249929754,-3.319775308305819,-3.333567147942592,-3.271923759520805,-3.289375144684685,-3.292220279742657,-3.269634165988868,-3.294954939598342,-3.3122813685481662,-3.306565782697109,-3.3065657856744513
-3.16962888945269,-3.2363986038724692,-3.325910224122912,-3.3486821342246387,-3.291058405271719,-3.2977346268850765,-3.3161098032211456,-3.3088529526364714,-3.3045535812240043,-3.322031999475038,-3.327955266957039,-3.32795526961062
-3.1678982978173487,-3.220964015987041,-3.3111721140232886,-3.3434956579792816,-3.2633777695542494,-3.287761391188689,-3.2990395106778942,-3.2872966070743836,-3.29753468106337,-3.3161921149858213,-3.320866841033996,-3.3208668437828313
-3.1406017444667507,-3.223134535768726,-3.265970312878429,-3.3004058652848487,-3.230434487164478,-3.253495608135136,-3.2523983909720693,-3.2612776021653436,-3.3135350869497966,-3.331405266022756,-3.3306343546656523,-3.3306343570075816
-3.125936560502224,-3.2317468949851267,-3.2673871791716063,-3.3126329825900447,-3.2028345958740254,-3.2500817322869637,-3.2097645963223616,-3.263910793325949,-3.3184349199360144,-3.3386793430906128,-3.3457092776196173,-3.34570927947698
-3.2066159789618243,-3.2808273284114913,-3.277624886706217,-3.3260528496268496,-3.2163421513941803,-3.2527806100300984,-3.2172197761933035,-3.279388801687904,-3.3270792565376035,-3.3457387032864068,-3.3486697137418595,-3.3486697156594425
-3.230463119995672,-3.2884225077660085,-3.2771129300183652,-3.328935842945951,-3.225222509503218,-3.2633051992336557,-3.244113026751326,-3.2906285106260165,-3.332311272929762,-3.3511541330081847,-3.3627933066752336,-3.3627933084227712
-3.177052248699432,-3.253867452440476,-3.261185034561344,-3.3084727870029162,-3.2145466127355298,-3.262395316169077,-3.250760783292528,-3.2780700036109938,-3.3331758925512043,-3.3516405620400533,-3.374631849600048,-3.3746318512095517
1.8198216548150268,8.93621634332246,4.844196160268955,8.182871390441814,4.460033945134857,9.370115226009592,9.673683491687154,13.775942154711533,11.822818854995516,13.07639382499628,15.229473196122733,15.229473472378931
19.58683952774672,27.897967288131788,30.15612666861725,32.17371707341545,13.033185451586451,27.45065203577453,24.53067668044324,20.981849830849555,37.914850346162254,41.4498518120748,42.482298551033686,42.48229860504952
-2.889964988659995,-2.943139274336146,-2.9007836255887005,-2.889532426133354,-2.585517920780059,-2.8316652814272865,-2.754838288027456,-2.6912183453106318,-2.951871143703066,-3.0274070612682085,-3.0244729785990287,-3.0244729772406576
-2.781763696911937,-2.7755468263890872,-2.773723513215904,-2.766553029091305,-2.593746982614241,-2.8141794201776325,-2.760300733658355,-2.723321124563393,-2.95296137260143,-2.932000044713601,-3.0367052122841103,-3.036705210109152
-2.7332303683123698,-2.707381529707448,-2.733822058848854,-2.725913081474983,-2.6436669179404384,-2.813650981392708,-2.767313243293346,-2.7779992151314663,-2.9421364618815486,-2.9299555638742594,-3.023227141858618,-3.02322713993553
-2.666280428572126,-2.632806806075369,-2.7381832970884026,-2.7284035034026273,-2.6925180836277525,-2.810534245072667,-2.781237455222956,-2.808441283770759,-2.942911847158752,-2.936433273332651,-3.014024680829457,-3.0140246790526652
-2.6487311661726354,-2.6217208405062817,-2.734437463710626,-2.7239405641800194,-2.7763994755107415,-2.8274182680315088,-2.832222019028135,-2.8687974427132654,-2.938090131107547,-2.9403856753258095,-3.025183292825916,-3.025183290467833
-2.7125237533164697,-2.667710805340083,-2.7439310218917683,-2.7213693684294165,-2.874794399063834,-2.8705150057072797,-2.9032535536469464,-2.925343742871327,-2.9606126267969715,-2.963970183616377,-3.0455661834558674,-3.045566181484496
-2.735657652550618,-2.661505587183738,-2.757853052004667,-2.7214994607030394,-2.9513340770387706,-2.9038397977424326,-2.9581256209649744,-2.9702573218356654,-2.979874219388191,-2.985488025845489,-3.0503399031984575,-3.0503399019577224
-2.848157132015907,-2.7904865692995235,-2.7876438281523406,-2.7411650178523095,-2.9814934798090857,-2.9260149498017958,-2.9978713884596804,-2.9878199121867404,-2.9973705694457458,-3.0042036388518922,-3.0574458974776606,-3.0574458963157256
-2.8238595488241947,-2.7538970765401456,-2.811847261654621,-2.7626047200124533,-2.9941154541268924,-2.957748646579042,-3.040055434641645,-3.0054055301701164,-3.010768617468044,-3.020256595549008,-3.076703664720714,-3.0767036635332037
-2.821208223844493,-2.7582586038265067,-2.839277656484327,-2.7963357503252784,-2.970533107792048,-2.9525187079102113,-3.030345468336484,-3.0065441413382024,-2.9633337670330415,-2.9855590888045755,-3.040311356070852,-3.040311354302141
-2.8029761128065864,-2.7393046098590785,-2.8611037584002563,-2.813061714530544,-3.035147438124661,-2.992493672248013,-3.083175344141961,-3.0400379589081514,-2.9818534712219167,-3.004035751519736,-3.0614923787065575,-3.0614923772303904
-2.881702686969578,-2.82401897567111,-2.8883904195899026,-2.837436911139965,-3.0623210942350725,-3.0219231338295582,-3.115614379118163,-3.065111211285792,-2.998730168550491,-3.021542546143621,-3.073270310314368,-3.073270309041309
-2.994316847931483,-2.921289624194805,-2.912086469466902,-2.85127822113772,-3.075886426364894,-3.0532956216849274,-3.1413701925144952,-3.075621593906099,-3.0126506041013017,-3.036404690201106,-3.0932746085629743,-3.093274607457004
-2.9604100002015548,-2.909065614571729,-2.9338985465933707,-2.8690811932723568,-3.0527304241598197,-3.0719135290028965,-3.1504849829809976,-3.0742465553568072,-3.019768811686726,-3.0454450279783756,-3.0994895674478027,-3.0994895664360547
-3.016554655852569,-2.950654027705214,-2.996174680055013,-2.9284419532398713,-3.0773076619932276,-3.1004757062992274,-3.1576601975666976,-3.0784509289703874,-3.026878114309963,-3.052922993459713,-3.0955330857310335,-3.09553308515417
-3.0024624092321655,-2.9382807811131033,-3.02663691961207,-2.9578871941995013,-3.1407947116088244,-3.131280087179655,-3.180648785497385,-3.1050489437949746,-3.0459990495586364,-3.072576863017116,-3.1059507490545264,-3.1059507490630045
-3.0355227951266563,-2.990664557364295,-3.0634213556795977,-2.995020502157188,-3.175153907091168,-3.157695564023949,-3.1932977213282103,-3.117742018043458,-3.056699194500329,-3.0846105148747847,-3.115490848828359,-3.1154908490191726
-3.043357029811655,-2.9995468133825582,-3.091659411056612,-3.0306824003941135,-3.2152899094022898,-3.189914579617646,-3.2320356336013147,-3.1542801454309606,-3.0756256920766423,-3.1034961534107817,-3.136670708704039,-3.136670709164556
-3.1062968989378312,-3.101793184039363,-3.1149100562763534,-3.0599339244690547,-3.221883160528116,-3.2159076610409336,-3.2473966512243746,-3.162943884294657,-3.092378227710908,-3.1207966817467465,-3.1632580701095554,-3.1632580706136886
-3.095680924828938,-3.0777944831785384,-3.13959943054841,-3.0890870866984494,-3.2374795048165335,-3.2390590135248614,-3.2682892688824356,-3.1716493115878475,-3.100286555635262,-3.130641787322322,-3.1802328119574197,-3.1802328123011243
-3.1571337104750694,-3.1373770462387136,-3.1631978881295306,-3.1205838198738753,-3.2499592468706155,-3.2587610323853067,-3.2959239312713344,-3.187464420576334,-3.1196263653079632,-3.149568887637945,-3.1861940913008673,-3.1861940922901164
-3.155269940277358,-3.2210819961323196,-3.073427225172196,-3.037750191815204,-3.0094053151799303,-3.139437422707596,-3.094672023777152,-3.0141882189027935,-3.039503165269834,-3.0763559915860603,-3.126935268495885,-3.1269352678840425
-2.865217056088569,-2.9159408931366273,-3.0231429260138034,-2.984924920923265,-2.955503528514342,-3.1107228370466853,-3.0474910169076757,-2.993304326183376,-3.0345713572403996,-3.0737955164067103,-3.1234481908388663,-3.1234481902751785
-2.871646487432553,-2.8841409939503033,-3.002889551100253,-2.959206793477587,-2.9861404277502923,-3.134612092630584,-3.0711694129662024,-3.0213776264692673,-3.053104715511098,-3.0919351543759044,-3.1494224909236572,-3.1494224905517028
-2.8754016564995677,-2.899149997664173,-2.9606401540088862,-2.9260046449151433,-2.9725777249786187,-3.1288915834917383,-3.0415098334223023,-3.018406873398907,-3.0472721763789368,-3.075457829781088,-3.156205865029378,-3.1562058640837884
-2.8972515496737548,-2.9297353803480415,-2.960397899327343,-2.9304254429164756,-3.0238825020845725,-3.160762670177639,-3.07037415898399,-3.0645909463454,-3.0656525301434088,-3.0949615926480734,-3.1801598772141286,-3.1801598763584744
-2.935623329025847,-2.9575414348945332,-2.9562420095285367,-2.926353653156647,-2.9918169217386,-3.1380186253736615,-3.0501334435890373,-3.038866151550127,-3.0585941305097024,-3.0909600164529047,-3.1576259429787457,-3.157625942297189
-2.976811026874141,-3.000548948470216,-2.981592229090985,-2.952095009541338,-3.0596261191209764,-3.179460024834522,-3.118176835044073,-3.0944999705371825,-3.0684357522038654,-3.102663652893883,-3.17584546926131,-3.1758454685604836
-2.9855523743865886,-2.9912021826501425,-3.0028358353907825,-2.974059861745619,-3.1028705195239947,-3.198103555562509,-3.166030021104731,-3.128801673138473,-3.0656495341069503,-3.1045324320971615,-3.1836805888537696,-3.183680587718319
-3.0078066522600837,-3.0112215880535986,-3.024157896533244,-2.98579233703301,-3.1692030031348,-3.2358345240925694,-3.2351897529096765,-3.1702668639730684,-3.088219694474348,-3.1262976769557085,-3.2116366585813196,-3.211636657727558
-3.045120773964803,-3.0706765973438603,-3.055520037872308,-3.0067557326950642,-3.2343300348608457,-3.2865114313492376,-3.2913919932579296,-3.210046485536581,-3.110663350328708,-3.148240398154569,-3.233185079825331,-3.233185079441118
-3.074474098238653,-3.1216942619200823,-3.1094780985043915,-3.054709919956888,-3.284485752258085,-3.3358263218992614,-3.3383473592571447,-3.2360285032789484,-3.127912932459595,-3.1652856216344754,-3.256779433203522,-3.2567794329720208
-3.1311883162269343,-3.187410576183758,-3.1647414625594132,-3.111031822583803,-3.3118840232379325,-3.365920207204593,-3.3518686735543266,-3.2478708482499616,-3.1464707221186776,-3.1837178726018776,-3.276601166469539,-3.2766011664925276
-3.1116040031110317,-3.141451481024101,-3.2054418446861543,-3.165687060871658,-3.298163699026722,-3.3561472775856775,-3.334014462810227,-3.2884272883425028,-3.1200184030100555,-3.1643078436129954,-3.25900392053937,-3.259003919455753
-3.1734523499726657,-3.2069249563035407,-3.212227496144414,-3.1681353277170716,-3.3567120010537983,-3.3827483905067885,-3.3548057496569528,-3.2968142492603056,-3.1422934877466986,-3.185835460505987,-3.2891321534244726,-3.289132152535422
-3.1359855253505957,-3.1680976248393984,-3.2277931895682213,-3.184972374639977,-3.392786899475845,-3.406414768869258,-3.380913991401152,-3.3021617729720423,-3.163569074832376,-3.2065606293210798,-3.3086623803773962,-3.3086623799020893
-3.255588193838801,-3.275355221988872,-3.2503323877282044,-3.206118761023222,-3.413327726026891,-3.4218212438028837,-3.3887811472189298,-3.309329124209381,-3.1802497320061893,-3.223792914276155,-3.3304319103078788,-3.330431909971251
-3.181253418659988,-3.2341217499086583,-3.2609992272230444,-3.220820056443861,-3.415297526930382,-3.4194925855837868,-3.3689730682482804,-3.3043825686676778,-3.2014834750813526,-3.2444691882255525,-3.3358508434908676,-3.335850844196359
-3.241236671424644,-3.2443825754542517,-3.2740487570928796,-3.2391741706207275,-3.4272431466261586,-3.4268178703196526,-3.3895877297203225,-3.314944670370611,-3.220375395440532,-3.262944085988841,-3.3466425735058865,-3.3466425747613417
-3.239232009878841,-3.2627202959908863,-3.2935169126074344,-3.2548996660164486,-3.3983425912911818,-3.428093129003294,-3.3903955756769326,-3.3325572840035638,-3.2341995318520116,-3.2774807695362402,-3.3607847172644356,-3.3607847185533446
-3.2509969196987036,-3.2793386853111657,-3.3440651590370587,-3.3079477934073327,-3.411726223021265,-3.4441755464755515,-3.414243277855262,-3.3729740122807077,-3.240429225546501,-3.284433723131236,-3.367333567064579,-3.367333568442871
-3.2565198188605557,-3.2637196248856046,-3.358544531859317,-3.3052675115984327,-3.4165094213205807,-3.4318202916218254,-3.3834601323620737,-3.390336425897406,-3.2559480162193264,-3.299486357897701,-3.3616403681969973,-3.3616403706661355
-3.2409502619483823,-3.268741320672638,-3.3931145058254035,-3.342513860749974,-3.4452217829294205,-3.4512912511376297,-3.415624971202461,-3.3994312540812257,-3.268456024540451,-3.3118877115469902,-3.37764117566276,-3.3776411782653657
-3.2381534034395667,-3.2291394141353806,-3.4196460491080325,-3.3806180885414636,-3.359812994207636,-3.4053857268899757,-3.346129690437666,-3.2601589566839633,-3.2092614818538534,-3.260677563736979,-3.2972148477219694,-3.2972148493553437
-3.2822090312931214,-3.2676042856263385,-3.4064895292851305,-3.370219177630882,-3.2596256297752384,-3.31546955156282,-3.245110386601325,-3.2154984511742564,-3.1407768434931276,-3.197862923822305,-3.2083046805019375,-3.20830468187372
-3.229905036592128,-3.1651072787735437,-3.377729249817695,-3.3382748932031263,-3.306120567269989,-3.310530814158089,-3.249086608119288,-3.194162473513549,-3.1418260827865025,-3.198886354669913,-3.196993733833969,-3.196993735255103
-3.173812649754866,-3.1143584192636133,-3.361350843058145,-3.3342366161388513,-3.3254978561067747,-3.3049592026295542,-3.2879577490005634,-3.1861133738017,-3.1523508186122644,-3.2096662889201886,-3.1885747627063266,-3.1885747645952955
-3.2260555189573266,-3.1709692663637643,-3.3600466561416833,-3.3386401413719144,-3.3702051119247827,-3.327525363370966,-3.3395337817815522,-3.2226667714833646,-3.166856015655788,-3.2233163635728443,-3.2128098437609047,-3.212809845670189
-3.2512150554061865,-3.197708330190789,-3.3470773141684633,-3.3229200916749093,-3.3684772215156324,-3.3327661953136642,-3.33407716647053,-3.215411484825397,-3.1632496002161545,-3.2210103006215873,-3.213335663407963,-3.2133356651632585
-3.2854319472848155,-3.2283732697042407,-3.342216315339889,-3.3127512721510466,-3.417230591108219,-3.3604469895217113,-3.380466707789206,-3.253508683486305,-3.18305617651103,-3.239440440496595,-3.242051563090376,-3.242051564974166
-3.218141618767815,-3.155310220245586,-3.343916155764248,-3.3216882072060194,-3.444051659392918,-3.3869198808953773,-3.4072278804317744,-3.2763295499194847,-3.202504154451176,-3.2576901043134208,-3.260468064227126,-3.2604680664072667
-3.303001955274846,-3.2613732915121854,-3.318726136355057,-3.302169874411001,-3.23891907813499,-3.3086586282709,-3.2942726550449115,-3.154744206532762,-3.151799827528326,-3.2113847698124722,-3.217771731285219,-3.2177717328487097
-3.283987368709298,-3.215250452503241,-3.3141862603341092,-3.2964728516930757,-3.2810658548502434,-3.3414977104928396,-3.3431371471983313,-3.1996066913201524,-3.1725241376282183,-3.230689263776424,-3.2475524193204355,-3.2475524209835642
-3.2422621589265925,-3.1931122131950844,-3.293505584469185,-3.274185377580778,-3.24804999678272,-3.3225992342821615,-3.3242435898340736,-3.193759351309595,-3.165345471012758,-3.224737179742995,-3.2359292850047914,-3.235929286568517
-3.2745705746127673,-3.2203668374688057,-3.2858997270829464,-3.263624838970545,-3.285468380548315,-3.343152913597476,-3.360871110816971,-3.232396632261575,-3.1805524225909902,-3.2384965564845567,-3.2553401228861887,-3.2553401245947615
-3.206852932097065,-3.1458439548759913,-3.2563058183332094,-3.2287589774540866,-3.203259191258523,-3.2832727388846994,-3.2877462590660875,-3.1536602866667542,-3.1385540144000066,-3.199657411548977,-3.198481631691765,-3.198481633036964
-3.160613256667086,-3.0804032399759755,-3.2346334805708983,-3.2001893160105475,-3.2500963741993507,-3.2905083947295797,-3.3069910132191396,-3.1667047992048953,-3.1460488735281675,-3.2071912548669355,-3.21427422546447,-3.2142742266853324
-3.22978093026281,-3.1579810930568684,-3.2317492818852953,-3.1982331214160573,-3.278013912342632,-3.296421206836149,-3.311433834448071,-3.1813212882980615,-3.163678623260428,-3.224025647511981,-3.2306601249543023,-3.230660126597053
-3.2379378348515706,-3.170629194234965,-3.2442316477046993,-3.2057427362359916,-3.2907068826000363,-3.302953617800161,-3.313935051988282,-3.194660516905174,-3.176932045951797,-3.2357072759259093,-3.2493836092761086,-3.24938361106497
-3.269433286440126,-3.2151139597205156,-3.262357516894701,-3.221782115298148,-3.3100734795323308,-3.3208838348783964,-3.328882001700973,-3.2093229364745675,-3.225142095916531,-3.2389676626690025,-3.2684907763012947,-3.2684907779836285
-3.245228389471389,-3.209493840780989,-3.2214278969786463,-3.2026620596106388,-3.304272140568561,-3.292143002368894,-3.3119320428389054,-3.205894961386184,-3.2367647070651158,-3.250079276108631,-3.229881599342228,-3.2298816030379154
-3.1820209318570445,-3.1589371862387052,-3.207986928529838,-3.190252766221623,-3.3259672221661476,-3.2971204898676,-3.3184558175635215,-3.275335050346644,-3.256038132315262,-3.268026633588185,-3.261863538354012,-3.261863542011246
-3.2252869355794296,-3.1920104285276762,-3.21389485162642,-3.189173615923655,-3.3346439190621258,-3.308121883614241,-3.326234042771541,-3.3000098712030295,-3.2730716046220008,-3.2841862059265106,-3.2855110161501253,-3.2855110198725623
-3.2717184569523017,-3.249874090499601,-3.250655433277532,-3.221717271636408,-3.342584341121453,-3.3188011225359038,-3.3073974615028767,-3.3215437890515607,-3.2886487071751573,-3.2999798318153766,-3.302670273395295,-3.3026702771888523
-3.255918429023319,-3.197885160211811,-3.2802213537813913,-3.2504634367267933,-3.3083611879366592,-3.3072291365529667,-3.264071133904682,-3.3077485820166617,-3.2753773359328364,-3.2879506035755557,-3.2913110324261843,-3.291311035982677
-3.270720611066519,-3.1713150554609397,-3.2963043999216532,-3.26134074237867,-3.328711868527516,-3.3127506248110956,-3.272855697144799,-3.3170534964493648,-3.293247594549312,-3.3046733095306156,-3.2962874876290424,-3.2962874918769067
-3.3530737206430663,-3.261665354133631,-3.3079967298641852,-3.2775164028669344,-3.3679345906545923,-3.3423760403751706,-3.2920605506300875,-3.3506378116565356,-3.3097002073709443,-3.320573843787156,-3.3196862155493605,-3.3196862197929713
-3.4383978189953845,-3.344340442582278,-3.318651172716999,-3.2984469255908344,-3.270909099799761,-3.2781529394408455,-3.2120993845651995,-3.341118515251347,-3.227769609148201,-3.2412471309138455,-3.2210880685810137,-3.221088072950886
-3.4022908459619194,-3.294873976118146,-3.2881216104440756,-3.2726714855016654,-3.2894812846826693,-3.261399050130097,-3.2166614138349408,-3.3211456434734234,-3.243094603496729,-3.2554462504735557,-3.2178327778629097,-3.2178327827477387
-3.3017237026326685,-3.234166351190273,-3.261687920552321,-3.254331060120114,-3.2696056136655844,-3.2532358040861182,-3.2237439571826765,-3.27932782401539,-3.2446518440184433,-3.2583456448709334,-3.2244059616357257,-3.224405966301984
-3.2054933008783997,-3.16375296883323,-3.240637339407675,-3.249307911104295,-3.2360724064888378,-3.2506137796978036,-3.245154399023191,-3.24942399760081,-3.244709635622036,-3.262444555968117,-3.230909156886096,-3.230909161376235
-3.309153560165158,-3.2711060577828173,-3.2257193074475454,-3.245732224163991,-3.172247539275197,-3.2027504044979445,-3.2012184455274344,-3.1770297522846875,-3.2194594289547593,-3.23745954127121,-3.1823574645421946,-3.1823574690300958
-3.203666434066669,-3.1816943495991943,-3.2273771458200455,-3.251903034768353,-3.2295838623729605,-3.225958823340606,-3.2387088957565813,-3.1973108119227995,-3.2372094092333237,-3.25410034441545,-3.2102813113913635,-3.210281315818937
-3.2158147069992964,-3.1878858597251427,-3.2354021377496345,-3.256419200244101,-3.2486707284049716,-3.2439854805246573,-3.2611703951599935,-3.203468236095542,-3.2486081137206493,-3.265544750082906,-3.2313078543337967,-3.231307858600326
-3.18128183917907,-3.180949679915288,-3.2223301819308867,-3.2470810527009633,-3.2498351182265894,-3.25110254610831,-3.25104574133009,-3.1945838402249596,-3.253703548145686,-3.271682644373941,-3.243253086375052,-3.2432530906373356
-3.2257719936301457,-3.2116728829220027,-3.209868452158487,-3.233379961575011,-3.2632998278637846,-3.2473065513176547,-3.2541761761328916,-3.2018296748409143,-3.2597331107005774,-3.27956118718308,-3.25335359841009,-3.253353602794392
-3.1870033183581916,-3.168187582097974,-3.2132731572413364,-3.2354695201274293,-3.282888671978244,-3.2568097696740423,-3.2757928256614925,-3.216538850031625,-3.2785485374343706,-3.297017714816452,-3.276814330906424,-3.2768143353316344
-3.1645207302335705,-3.128018110466377,-3.2123925213857856,-3.235519058720145,-3.290357377400418,-3.2630217477755066,-3.289802874471688,-3.229063820579279,-3.2956837914056702,-3.313419091166773,-3.300425269368626,-3.3004252737346
-3.1562507007089575,-3.1370757508376497,-3.209753235083875,-3.2304551876973253,-3.2764389091926325,-3.260807810582275,-3.284888166874665,-3.2275596288082316,-3.2925510024985893,-3.3121377939831835,-3.3114159046914686,-3.3114159085620196
19.318649428876626,16.955751401770847,23.02115523981718,24.443446785203058,31.92979870410513,29.308343230429248,32.54185933856458,25.951950664626075,32.95446958567194,34.93885258681796,35.3910607220172,35.39106114365165
-3.1052561582015104,-3.046549488764375,-3.0751687702954653,-3.072541198417753,-2.8063119616259793,-3.003694945901458,-2.9083587272948015,-2.9393202596203167,-3.1088778892836837,-3.137588339738477,-3.1460287758588708,-3.1460287765859727
-3.0697018283105564,-3.023800311936047,-3.0429324195873626,-3.0362584131773227,-2.8958830576152974,-3.040142112654958,-2.9948164637710994,-3.0087876928799195,-3.1202921421867265,-3.146748230144943,-3.1663507076983626,-3.166350708435323
-3.0577667350313127,-3.0153245057383518,-3.0367135335094293,-3.0184170476086547,-2.9413126358679946,-3.0660018055144636,-3.042732409444896,-3.0387960450075036,-3.1262802693811933,-3.150093420318908,-3.175961168617261,-3.1759611694770444
-3.091732912248891,-3.0221867180176365,-3.043063944022192,-3.015752677336918,-2.976773056188455,-3.092287153539489,-3.0905314273364723,-3.0639297381852684,-3.1328344805262054,-3.1538986469701245,-3.179746489149307,-3.1797464901637618
-3.0631301635027546,-3.035269290188653,-3.075708323666026,-3.048307958979156,-3.0606628748506033,-3.1459842249139833,-3.176463868636131,-3.1170369439476167,-3.1494692308074237,-3.168174885806634,-3.20566113925143,-3.2056611403127304
-3.1443319118676945,-3.1240149182640438,-3.115087711386492,-3.089107463240098,-3.1118981259919685,-3.1876879153396938,-3.214623797417347,-3.1470957015037007,-3.149671568366311,-3.167702403670094,-3.210815381935674,-3.2108153829028345
-3.1525160333971107,-3.1420146341262853,-3.142087312236515,-3.114095379776151,-3.1372095812047727,-3.2201753860706988,-3.2438868557409504,-3.174168793881286,-3.156819657118987,-3.172779543215445,-3.217356843415092,-3.2173568444424503
-3.174714569545252,-3.1599752151386578,-3.172323378266098,-3.143233362184394,-3.1909028796790557,-3.270224409851135,-3.294360900158044,-3.2054427813464166,-3.1730117288765767,-3.1870968366549848,-3.244102865282162,-3.2441028663147646
-3.161456668347124,-3.1717892778710968,-3.197878142497897,-3.1667358244301305,-3.223969172299947,-3.3074155524710362,-3.332088410311707,-3.2327465661344204,-3.1835924053273716,-3.195807272234357,-3.25944291434117,-3.25944291541919
-3.1577713166290655,-3.1687300700155587,-3.215563866350722,-3.1847418258828712,-3.218911522594808,-3.3076249576792875,-3.306998526606437,-3.2137511662153857,-3.184052604422945,-3.196046551126194,-3.2592108842761256,-3.2592108851634096
-3.154510275881343,-3.1592113800168447,-3.2202980982276146,-3.189746124483978,-3.23543969023478,-3.313322103586533,-3.294581130437782,-3.2237311341501433,-3.1973933148564164,-3.208131758801975,-3.280852483838178,-3.2808524846833844
-3.1149489460874937,-3.1161958996908257,-3.207022266223238,-3.1776295623862447,-3.188893379032095,-3.2880481784833497,-3.22903448559159,-3.196837656188135,-3.1644946607310755,-3.1795483986921225,-3.259288411457859,-3.2592884114105836
-3.1859123450452014,-3.179429816732216,-3.2312392583465646,-3.203191411736565,-3.2356966406955863,-3.306511160485707,-3.2361621766952937,-3.2243751806810863,-3.1811615200607495,-3.193519101912607,-3.2719740311291754,-3.271974031689055
-3.2305363914153764,-3.2135606451254173,-3.277639531241644,-3.2495369562742793,-3.2514615841391636,-3.312919878970526,-3.2306090202316384,-3.2236210353740695,-3.1698378011813815,-3.1804369591290245,-3.2535765512584574,-3.253576551951635
-3.195112262942379,-3.208914118116761,-3.3013277196953954,-3.2734240706643236,-3.3059250682805468,-3.3488441514535645,-3.2637555697171483,-3.253098607565816,-3.1872710108371565,-3.1960901497010767,-3.2787080552461814,-3.2787080560326505
-3.2010098145088812,-3.2336651931442235,-3.3205154034155258,-3.2918535439599825,-3.3337827795579384,-3.377507947857079,-3.312230779096182,-3.276333835379159,-3.1996506766980533,-3.2073707350910845,-3.3005531842034728,-3.3005531849761596
-3.1161255029001245,-3.1262366950439233,-3.258805068319398,-3.2344517741398597,-3.2499556944290253,-3.3106729249126103,-3.2069988361811004,-3.19794723961306,-3.209429649524278,-3.2143104768309367,-3.2544572085764956,-3.2544572116327046
-3.0916824888412346,-3.096556415763547,-3.250173992227399,-3.2280435664766576,-3.240517376562887,-3.284278998733067,-3.1623088772552426,-3.1948176711404455,-3.2184204672980696,-3.2207421267495793,-3.2521195004889547,-3.2521195041686646
-3.061886043223362,-3.0549752075342727,-3.231102289108069,-3.2061338005409157,-3.2582045957701458,-3.2671263339765306,-3.1518418756115043,-3.1936712083589684,-3.232709744988512,-3.232991472724881,-3.266232425067603,-3.2662324289747358
-3.0782498944607797,-3.0732747401947615,-3.211483920062167,-3.1883250806841206,-3.243541124391267,-3.2453098276114565,-3.1301349292070317,-3.1781300396312,-3.2228571305230616,-3.2233120489024722,-3.25844218078193,-3.258442184706579
-3.215283209085194,-3.168978058242083,-3.1925355317784287,-3.1724708909150587,-3.283977251807337,-3.2586324095013555,-3.150434939351901,-3.1990397807293323,-3.2321579795252537,-3.2325443018218234,-3.278564659399998,-3.278564663331493
-3.1356179094418866,-3.0927107621009076,-3.1810157333381004,-3.1596150713104647,-3.3036206131274244,-3.271492587116716,-3.17132676332178,-3.1979250893020503,-3.246777878948999,-3.2458439374822574,-3.302342823926995,-3.3023428277919296
-3.1450656832512416,-3.0936579300833733,-3.1994367335092573,-3.1794125237624735,-3.3138353450520053,-3.2853971400096444,-3.180532592646311,-3.195586375061962,-3.2592531930802755,-3.2567442526117203,-3.3115639083341564,-3.311563912311238
-3.180423256138641,-3.18033695596833,-3.207191117606712,-3.176469643051883,-3.2007984677291903,-3.2400316704178134,-3.1313817392821015,-3.1521946673375885,-3.239098794103972,-3.2397658029594005,-3.295421661512945,-3.2954216652150334
-3.1884015900027833,-3.1483697988217703,-3.206027860749819,-3.171593020774691,-3.210570970397476,-3.2422098669232873,-3.147248754736667,-3.163848389355765,-3.24802923208718,-3.2485372570858884,-3.3099052727060747,-3.3099052761407073
-3.170581745489802,-3.1454832227669045,-3.206815663961256,-3.170512667175299,-3.2302559503518875,-3.2457801724875597,-3.1643691846056257,-3.1780315044283824,-3.2578471807642835,-3.258353295950843,-3.3232761114748866,-3.323276114845724
-3.140799410320175,-3.1378790087857085,-3.218841709780442,-3.1916177933642285,-3.2544814561168023,-3.267222573535295,-3.1949665505128486,-3.1980100200448653,-3.2570187344968193,-3.25803649797066,-3.3370364731258797,-3.3370364763219373
-3.1442121549433075,-3.147396163840293,-3.2393308474743012,-3.2182448870790537,-3.3138685844695215,-3.3046901812052405,-3.253386665260338,-3.2365651985420674,-3.2708385405643194,-3.2709609619024027,-3.3582264865012497,-3.358226489716378
-3.1916799922063186,-3.215864443090976,-3.226143887675123,-3.207571133272882,-3.281550944144801,-3.2907176774811684,-3.230264917666506,-3.200462986920775,-3.2723953933495458,-3.2725646149043834,-3.345441239551166,-3.345441242555356
-3.1923380796054364,-3.242110561801394,-3.2266112778844063,-3.2102017695532705,-3.2949646658156655,-3.297985209349948,-3.2269816759723353,-3.208952623552253,-3.2874937000878903,-3.2865670271264746,-3.366019295991864,-3.3660192990799973
-3.107525164390466,-3.098821414472473,-3.161299979349023,-3.137873618449773,-3.138734001911515,-3.1903957700733327,-3.104103094226338,-3.07883695460446,-3.235447172231779,-3.2403648374915925,-3.2675292341993964,-3.267529235868933
-3.152187211283835,-3.19802999360022,-3.1715324090102275,-3.1564324290367374,-3.1895195374910705,-3.203456778756408,-3.140028494788655,-3.1107026225770196,-3.2340857453054483,-3.2373755209025417,-3.269969570535568,-3.2699695722729145
-3.194895038104765,-3.244136788964189,-3.180143029866109,-3.17064993852959,-3.2149082919808256,-3.218488214784297,-3.1653023476514472,-3.126440655563524,-3.243616354435495,-3.2455883571273176,-3.289408586396461,-3.2894085881019395
-3.091386760904654,-3.134635085988763,-3.120865107120884,-3.106335587970137,-3.171497957969892,-3.1569820493314125,-3.107729175012078,-3.1148250595814235,-3.255212772057631,-3.2542379545776505,-3.2204811070195554,-3.2204811120537915
-3.043576018390974,-3.042880697989748,-3.093604270213078,-3.078228640485043,-3.1822342792576714,-3.1585609444330744,-3.117930774308687,-3.105106954942633,-3.2511345577622213,-3.2489856179264764,-3.229843583770727,-3.229843588650759
-3.0573011481397825,-3.043678413639536,-3.0857560375152424,-3.07371705443404,-3.2409363485601914,-3.1855819826713048,-3.170673498540023,-3.121108114358254,-3.2649764720687044,-3.2615447582831227,-3.2560513169125547,-3.2560513217515252
-3.0625477563567647,-3.0731618843175132,-3.0860357494410895,-3.074767086418565,-3.2337534943241235,-3.190404198189613,-3.1926648501813384,-3.1302056961726787,-3.268429176075384,-3.2639955680944865,-3.2615158193521996,-3.261515824086952
-3.0640372384201284,-3.0909035249084758,-3.0861526378116277,-3.0741467481317377,-3.259810492981218,-3.2077317152721188,-3.2197050192785355,-3.151584298835508,-3.2773973973289383,-3.2725573603485842,-3.2844416474726237,-3.284441652056417
-3.0516371408834573,-3.0847112144208726,-3.0912003712385365,-3.0781003606027424,-3.2830541498124357,-3.226507163190089,-3.2382265250128874,-3.170489546965695,-3.2866878385753657,-3.281085309369471,-3.3012474958586013,-3.30124750047276
-3.1110621386693817,-3.162546037912298,-3.1042322882272138,-3.085782110271747,0.4296247159430888,-2.727962426089481,-1.4334996686900343,-3.1778454815943884,0.26081195260799905,-0.1783686507396034,3.434334861731954,3.434335225766125
-3.0963338451332176,-3.0995851478591203,-3.087620148003208,-3.060262491146646,-2.986760441898614,-3.139564951752369,-3.0794000868434717,-3.02439789576032,-3.1581025276855006,-3.1629656334123992,-3.2300942780682655,-3.230094281322846
-3.1459377253202816,-3.147873760907462,-3.077384177731375,-3.0452533265725408,-3.049851639806356,-3.1699636176775225,-3.1408531446715307,-3.077520974791045,-3.1593616825740725,-3.1654467902359227,-3.247096101482945,-3.2470961043833437
-3.0679574374097047,-3.061485776490649,-3.081665640852438,-3.0494927278101587,-3.1137873950036234,-3.210338437232023,-3.1930772748134677,-3.1251089916098134,-3.1734901794277492,-3.1784172253971823,-3.2685585285414267,-3.2685585315122534
-3.1251360872297522,-3.099860846959599,-3.0902908665562396,-3.051404800143839,-3.1806252500472163,-3.2430133270126587,-3.2347499699632234,-3.1678426508277173,-3.1906230764651577,-3.1936241208924203,-3.286432649256372,-3.2864326526611523
-3.133096433445111,-3.0914572983044524,-3.1127237771259004,-3.075097818667931,-3.2130588870338452,-3.259334835479593,-3.236332068204865,-3.1826335043479776,-3.2025724092671415,-3.2041012414669927,-3.293718989523827,-3.293718993212309
-3.094126132702547,-3.1105619365225126,-3.127313139466219,-3.086275704181543,-3.237567577671813,-3.274468052336167,-3.242227940041464,-3.197850516484609,-3.2170270311118436,-3.2173118935267366,-3.3137668859238043,-3.3137668897212516
-3.1366297690465137,-3.1330972006942543,-3.146016432997188,-3.10672662092203,-3.257701624168638,-3.2947077602327064,-3.256961329537778,-3.212150635173211,-3.232407780864657,-3.231327613077406,-3.3325109666096746,-3.332510970497674
-3.1055290596315914,-3.0907435078087673,-3.143557506616437,-3.100190456642478,-3.1234835615741208,-3.232590559673874,-3.1860416251646595,-3.1625118757989408,-3.199250000917156,-3.1996821322412026,-3.2794859223247466,-3.279485925906787
-3.12347546646091,-3.14950141112051,-3.1582588579260884,-3.1196954456875696,-3.1772957679401435,-3.2702274573274277,-3.248641297559146,-3.1932805934613353,-3.214846626908285,-3.214104090304096,-3.3032077158263515,-3.303207719479822
-3.112832987308552,-3.1128966771949305,-3.172562756370076,-3.1372676621336417,-3.196691890408586,-3.281361947779658,-3.256411959299645,-3.1958200449372476,-3.225518827907897,-3.224020582500426,-3.3117912226420994,-3.3117912262899893
-3.187966874701484,-3.234976729302164,-3.1722463369066984,-3.1390004810493153,-3.2229319514025256,-3.2860489890812814,-3.2575641107367446,-3.2029935814489265,-3.2236058423868736,-3.2248082341283677,-3.3212266617733186,-3.321226665077861
-3.1519073623639065,-3.168272060643888,-3.1922491113979192,-3.161401612008228,-3.243292039440745,-3.295856641781798,-3.2650980412360036,-3.207205374793329,-3.222416424366167,-3.223770707563221,-3.3241144747930207,-3.3241144779055025
-3.1383768143682085,-3.1448459195805363,-3.1724448465607002,-3.141339777157444,-3.2216544350426166,-3.258833399228633,-3.194770395416759,-3.1816340708149253,-3.2285013759088312,-3.228785072988748,-3.281385259074596,-3.281385263984525
-3.01673070309853,-3.059297410433036,-3.136055553073356,-3.0936390392674094,-3.1275803111947087,-3.1813696826565905,-3.110070343616996,-3.157122916504368,-3.2160567879007274,-3.215494200565514,-3.236523815558339,-3.236523820963016
-3.029374309326785,-3.081271151289176,-3.111842243327944,-3.066811097654842,-3.0941547001345846,-3.1612864257957747,-3.1016226199154864,-3.1442170553371893,-3.20619168446121,-3.199779993837856,-3.2371772192155484,-3.2371772240014764
-3.0619674680601623,-3.0959408054598745,-3.0714835644078042,-3.023915324701602,-3.0571882338497027,-3.127617675310779,-3.0686127999570463,-3.1117157864961165,-3.1693859426478075,-3.169813141241861,-3.212407708382532,-3.212407712101631
-3.044396438763378,-3.0999683434745373,-3.0856220525291134,-3.0404382841854796,-3.1333600741288143,-3.1718694796299003,-3.120303751653562,-3.182804303390822,-3.1842382036084467,-3.183468779283845,-3.237381160416701,-3.2373811641415386
-3.0633757646400586,-3.085174868358255,-3.100445814874906,-3.0515335843273874,-3.177665731785425,-3.20353441016236,-3.15239183805107,-3.201230237238011,-3.1951844384848997,-3.193376340380944,-3.2559264892206827,-3.255926493023291
-2.972414961561604,-2.994259382456325,-3.0604715756912126,-3.011584955246541,-2.9898138934844734,-3.119781068424825,-3.026439270762122,-3.035687867061648,-3.111122010919382,-3.1096752263927834,-3.194579132405042,-3.1945791344336287
-2.9096022998543645,-2.9372004135814356,-3.0438604705847707,-2.9956468816554107,-3.0376946373259184,-3.1478228409963855,-3.053581509527217,-3.075940869682359,-3.1269364440777903,-3.124822574262317,-3.2172649175140875,-3.2172649196415204
-2.9244258370145104,-2.9215820927509295,-2.979013009416096,-2.936389754742382,-2.8780638389334174,-3.0651804497480515,-2.9309001731829665,-2.960563072552664,-3.066488387610383,-3.0630189106725156,-3.156192006021336,-3.1561920069865277
-2.86115917738722,-2.8787027264573832,-2.9506533756513464,-2.908805444099446,-2.9280581992007098,-3.0950906487904333,-2.9633319249687835,-3.0077665408581424,-3.077613028514894,-3.0736615077813,-3.1705350391737825,-3.1705350403363832
-2.835432473899634,-2.870209552990245,-2.9764459994575603,-2.937902933081836,-3.008375328548787,-3.135711606226797,-2.98313365335209,-3.05832109899952,-3.094255226855534,-3.088950307920974,-3.1749052124144135,-3.1749052138027265
-2.8727967877256764,-2.9205897426368788,-2.988763032791656,-2.957486687112125,-3.0261688989666586,-3.147822028983137,-2.996254357194009,-3.0913074852547457,-3.1062517756626113,-3.1009737778720834,-3.1789445176363396,-3.1789445189460324
-2.8063553223712896,-2.834940036825773,-2.9527031298050592,-2.9243404544075062,-3.0076704823588543,-3.1360486031342285,-2.9691800611836903,-3.061468688154404,-3.0878657337165984,-3.0841740086781404,-3.1744512611238997,-3.17445126230444
-2.822431059841813,-2.8649599233744194,-2.947712964775379,-2.9310448236740885,-3.0451011858981505,-3.1435070784871617,-2.976788773186375,-3.0845685418902984,-3.106976008652258,-3.1024990696946597,-3.196137914112024,-3.1961379154038783
-2.7869142232764985,-2.810602969891779,-2.9521346644035393,-2.9468007694495473,-3.080854926322759,-3.1390626491357367,-2.9945955080538775,-3.1086062767581515,-3.121154763132415,-3.1165732505443358,-3.1930082042217665,-3.1930082062965655
-2.787258159946867,-2.8238478828431552,-2.9563181624004464,-2.9568904813394834,-3.0997684510509798,-3.1297951858825646,-2.9927152648281403,-3.122510838558762,-3.1382024877721535,-3.133345639129417,-3.215091934222568,-3.215091936266746
-2.8480716645064335,-2.8705330502782855,-2.9895051458669313,-2.9945798096991316,-3.1322649890302454,-3.148086881766789,-3.0137255748209104,-3.1573079025718966,-3.1458170739857003,-3.1412219263295773,-1.770186744960911,-1.770186511689921
-2.8109687411169437,-2.8768213567668686,-2.8935128343098846,-2.896116624922974,-2.8754443274552943,-3.011611350854653,-2.8580589684186672,-2.9680139696857855,-3.044524953623694,-2.9791635506280096,-3.139332763154264,-3.13933276096715
-2.7055074196390465,-2.7343650904674983,-2.86471450049564,-2.8718075822099416,-2.8993167127530723,-3.00489560062663,-2.8584965798211797,-3.001063842542009,-3.0532477727150016,-2.9921898768052926,-3.1359925526900345,-3.1359925507448514
-2.7682158191895327,-2.751444612983702,-2.854151071202769,-2.859129134584471,-2.945691301000403,-3.0074655521776172,-2.872218368540626,-3.0238907540653743,-3.0545530672083805,-2.999754103543325,-3.1437956371475906,-3.1437956351112115
-2.697014844381493,-2.704621255811495,-2.830897499894166,-2.8318137688316156,-2.949418434671796,-2.9979920234339104,-2.862711967758616,-3.011929594353079,-3.0528624380798,-3.0026960088664123,-3.1496473802498466,-3.1496473782952847
-2.788750118144128,-2.766798049989612,-2.8300520861454457,-2.8312388578058982,-3.0204705162461836,-3.0421905407299423,-2.9084509719614107,-3.047303012857287,-3.0452965367713944,-3.002727720172195,-3.1552711979383687,-3.1552711954796573
-2.875552487398218,-2.8452762638674978,-2.8457871745748813,-2.843050673752478,-3.100311571216998,-3.0918961077248883,-2.971228794835412,-3.0960635641161427,-3.0664225955732727,-3.0249127886030447,-3.18282959957384,-3.1828295972834484
-2.847165169891653,-2.838482199090784,-2.8504077208294825,-2.8407740052322756,-3.1261273254073947,-3.116575172708765,-2.9910454592570086,-3.0981823089707206,-3.079678035369447,-3.039908051904211,-3.201975320942441,-3.2019753188057294
-2.891571750435782,-2.849780194291429,-2.8745300103461746,-2.8615903797747206,-3.1747382446450816,-3.1635416759066297,-3.041179945746858,-3.123865194918277,-3.101937642753403,-3.0627973008862064,-3.2249906269552118,-3.224990625056302
-2.9972546271693563,-2.9597556179823767,-2.9056112742856213,-2.8862028271624505,-3.2156846914306607,-3.2059746615873217,-3.084632320715124,-3.142890915012836,-3.1238633794862927,-3.0852370916219543,-3.244915217720597,-3.244915216296215
-3.0034133837876174,-3.001660637968005,-2.9553468939538567,-2.9345946629182746,-3.256241099824949,-3.255991200403021,-3.1353868586223865,-3.1679096182429105,-3.144533372952828,-3.106392624739417,-3.2707726914733386,-3.2707726902999994
-3.0056452968778284,-3.011385474540476,-3.000995759193273,-2.9842799466874026,-3.216332947068651,-3.25870490412332,-3.15194219065102,-3.1535370446809603,-3.1031510996113574,-3.07580012507742,-3.231119195879172,-3.2311191939391692
-3.027226916990715,-3.076079063106949,-3.03301470794075,-3.0109885771243396,-3.278294775321022,-3.3004639940546445,-3.215120090223152,-3.19236488127115,-3.1242637925987005,-3.0970673725815665,-3.255533587718211,-3.2555335860541392
-3.05495911674894,-3.0868708541146352,-3.070147035241174,-3.0423252012961406,-3.3086656242894716,-3.3266314506740353,-3.232439870321587,-3.1944806268404484,-3.144941539445137,-3.1178172589181377,-3.2708131070784137,-3.270813105620636
-3.089379018700243,-3.135055310620921,-3.0999257583992783,-3.0705221002068255,-3.307814054521875,-3.3290354369604342,-3.2301526652834758,-3.1933151608811023,-3.160180406089293,-3.1344722057109626,-3.286805161317308,-3.28680515989164
-2.9576086753815902,-2.9903529776860704,-3.018458138306682,-2.976128729459253,-3.0514205815585798,-3.187904878619978,-3.048140673680025,-3.0325342241694906,-3.090291096717458,-3.075884788036495,-3.2022508733122006,-3.2022508714508904
-2.9998516065542975,-3.0345087869191483,-2.9865327733134324,-2.9438514970074534,-3.1029454034689343,-3.198352108861402,-3.0627925939099248,-3.058429912464306,-3.1006873050232358,-3.0887121387951315,-3.2049968820134755,-3.204996880696366
-2.860360948675655,-2.895911446006875,-2.9626875291472246,-2.9144530456578996,-3.058775756783547,-3.1693575531547022,-3.0365957594877035,-3.0317656526147103,-3.098843439429891,-3.0886131926622866,-3.1835995088486393,-3.183599507981313
19.674430884714187,20.192355895810827,26.088006443156253,21.574964827337613,40.88557440117402,49.781525970965724,37.26408551109625,33.529960008863156,40.25735506321402,39.26365736602825,50.253267980967244,50.25326784201371
-2.7198155720710653,-2.698747936704093,-2.7096864492918566,-2.705818657231693,-2.5561955543317003,0.9348609514409083,-2.6327306788690628,-2.6795902499987863,-2.5592035188057367,-2.729785713321999,2.081677276111193,2.081676603661921
-2.5806271286332665,-2.54696942029715,-2.5491437253555596,-2.5766276486483344,-2.341517177195925,-2.636935986921307,-2.45886776959003,-2.5723837801441234,-2.618855117960252,-2.524102850285971,-2.659762805425081,-2.6597627953144993
-2.427385190104479,-2.4337810659845878,-2.489989302077473,-2.518295304819238,-2.376112141865744,-2.6015208197530924,-2.4599322057946966,-2.595371011777247,-2.638226364851689,-2.546743399684912,-2.630485330861669,-2.630485322987056
-2.3540686809977194,-2.403328235579488,-2.474166402579323,-2.502803748851673,-2.4005056066337134,-2.5696570963902294,-2.4782985483337083,-2.6131169839995976,-2.6693977825887534,-2.5795968482820824,-2.6384668006335463,-2.6384667935819195
-2.3756060759013957,-2.3607600903464494,-2.407065442039177,-2.4291413719088792,-2.299735658052082,-2.4702513233437093,-2.367917100295371,-2.344261743519967,-2.4718669671250875,-2.438011903622474,-2.484305509183538,-2.4843055003742878
-2.3231725335257547,-2.327561656235635,-2.367747460449494,-2.3897286479866984,-2.309530506885346,-2.457765801296071,-2.392302798250482,-2.378200864376775,-2.4960602120598536,-2.4634697033339896,-2.5026330195673667,-2.502633011167622
-2.2521382830247676,-2.2677372205002984,-2.360833531328793,-2.374215273458475,-2.324601717581002,-2.447238618633704,-2.388309130943711,-2.4103737848144595,-2.4956182644075824,-2.4696715821585054,-2.5092710232052946,-2.5092710150661928
-2.26468354427249,-2.2797136840898222,-2.3664138592570056,-2.3644963944392807,-2.3306809605870367,-2.430199915764047,-2.3903044002137355,-2.4293473850328615,-2.5194648362368373,-2.4944389509972247,-2.516890546556004,-2.5168905391677088
-2.2746017593765404,-2.3025540799517508,-2.3930721794789633,-2.3779510067193343,-2.384768476420224,-2.4581349175871754,-2.434486357701678,-2.467034048026834,-2.5526493159554082,-2.527383178413001,-2.554119604825777,-2.5541195977783353
-2.278711226153513,-2.2837008886421324,-2.4043893777373566,-2.378058905136905,-2.4229720707928264,-2.463224820243794,-2.46235694316245,-2.489640012801429,-2.5856838204839643,-2.559794231746653,-2.5795952847331396,-2.5795952781706797
-2.367396228986957,-2.3853970598127274,-2.445774233046629,-2.416427751182342,-2.4737799257292834,-2.4876104744201917,-2.4906255147104552,-2.520063020767974,-2.606286139307116,-2.598969815651709,-2.5981510856001933,-2.598151079419965
-2.410907843286939,-2.3974507489790953,-2.465531398371408,-2.4488678004171205,-2.4962581455787314,-2.487102582795016,-2.5113000139207884,-2.5424600747206285,-2.6396984211802463,-2.631925447386366,-2.611398212976358,-2.6113982073968254
-2.436475205614031,-2.451903499127812,-2.486989119594763,-2.4763874408726245,-2.5535242579620014,-2.5208363736775503,-2.5469492730808976,-2.578816417173396,-2.6654598686689943,-2.6585811429108963,-2.6377618219546175,-2.637761816626333
-2.4243068895012447,-2.4152973866990237,-2.498385977143128,-2.488799748163726,-2.5677844618880497,-2.563720427017504,-2.5609310740757545,-2.6009492840660324,-2.6947471849391524,-2.6883655150288632,-2.6567218010398306,-2.656721796122601
-2.5262088880535245,-2.537609825663666,-2.5140058919972503,-2.5068210090983785,-2.6354461284548027,-2.6136349124968934,-2.6037179444604517,-2.6219361210474035,-2.726167563609846,-2.7189475159619194,-2.674189546254374,-2.674189542012185
-2.5652506212517636,-2.547043640793322,-2.5451722825593226,-2.541530879457936,-2.6964698298643697,-2.682734166725185,-2.6596713107467127,-2.648588792458978,-2.7554164497864173,-2.747737523506726,-2.706071254335006,-2.7060712503812416
-2.662173423795683,-2.6677731603565666,-2.578261898736339,-2.57094584460439,-2.7456292397766124,-2.7443574825036876,-2.717835843441669,-2.6715354628866215,-2.7793474898884267,-2.770894516757169,-2.732303104791736,-2.7323031011993546
-2.6832678440273714,-2.677768926651049,-2.6068140801095603,-2.5950654355353837,-2.7553955818166425,-2.7886462344453835,-2.766099227730651,-2.6903739043363823,-2.798498392466299,-2.790393683548392,-2.7511490196632105,-2.751149016324735
-2.715131802379905,-2.729685077212481,-2.6321462573368315,-2.6182693175332785,-2.7682134040899284,-2.826036551259691,-2.819737787211365,-2.7149243845113524,-2.821018924322194,-2.81287327873829,-2.7691507029312445,-2.7691507000586224
-2.866702556097525,-2.866217379498258,-2.6952192312434495,-2.6767500970932,-2.833716908717366,-2.911712510969695,-2.892734600616316,-2.784122188465419,-2.8393128847650266,-2.8298895626948166,-2.789629548559418,-2.7896295461666867
-2.9326031829225734,-2.892321811260186,-2.730242713780285,-2.7177526585061518,-2.8799403386768914,-2.949472450277838,-2.9309903479233115,-2.8380872909275534,-2.844277525696792,-2.8373773957630686,-2.7894089345760937,-2.7894089325456393
-2.915427185694189,-2.8376440858554943,-2.7423076393150403,-2.7350307645529695,-2.94770019579091,-2.9949421435815875,-2.9701634486473307,-2.870003256277779,-2.8706497933253234,-2.8628006147640606,-2.8157040293607136,-2.815704027730436
-2.874329034685593,-2.8275620013438134,-2.7533320158343733,-2.7383871601463654,-2.990363600027538,-3.0094162509989175,-2.9769354251711535,-2.9041028492076357,-2.8948553336747285,-2.8868986032938277,-2.8293468602562846,-2.8293468593607125
-2.837290006071838,-2.7910292488919763,-2.7766919253899838,-2.762082704734931,-2.977036408656935,-3.0220136357930296,-2.9823199678034786,-2.913442251969874,-2.912543740253088,-2.904815499099133,-2.8533009422659052,-2.853300941485963
-3.092082204036675,-2.9649187623260698,-2.851558955590897,-2.8425847754553812,-2.9846354933356327,-3.051332136615961,-2.980683478255633,-2.91698276483756,-2.895771960116684,-2.889005385254011,-2.834424004933363,-2.8344240044965416
-3.0342847675555094,-2.924180587754752,-2.8938248428150644,-2.894991192283332,-3.037338772574047,-3.0925880597344597,-3.018198550894821,-2.957633444996186,-2.916707188755362,-2.909858713144568,-2.862684357692718,-2.862684357448691
-3.103294346815978,-2.975176430004058,-2.920202403163911,-2.934548864966023,-3.0231092057536717,-3.1059476454360064,-3.0054392182947396,-3.0025755549632116,-2.8918591359073997,-2.8873422052763233,-2.8378796558493145,-2.8378796556608545
-3.227820655019823,-3.079943316539568,-2.93584130689423,-2.974836181791336,-3.024174225419887,-3.117717778413997,-3.0098964310158185,-3.003426815170856,-2.892891308466465,-2.8913979927199693,-2.849045357660981,-2.8490453573977303
-3.3128122210788526,-3.178244611023139,-2.966505585248674,-3.01672776791914,-3.0590152014072225,-3.1546001361399036,-3.040453406500246,-3.0403316356635184,-2.9187120008477576,-2.916359666552926,-2.8799662719254853,-2.879966272020201
-3.2538671038332962,-3.072743098557289,-2.9856122622990586,-3.032285564352357,-3.009829094748325,-3.134672772743843,-3.034237125048275,-3.0178428966881863,-2.925443321621327,-2.9229380392626876,-2.8818074189502556,-2.881807419294284
-3.294293043952707,-3.1568687692148205,-3.013721869139097,-3.0684777102684895,-3.0483048952535015,-3.1730251941293064,-3.0783422870068473,-3.0501912291072166,-2.949525667316785,-2.946172959033887,-2.910338339145803,-2.9103383397588316
-3.1947154521381087,-3.049101959815034,-3.0194047074250285,-3.08433483008372,-3.058944962976989,-3.1826982450344903,-3.0891757421728654,-3.0589984163188144,-2.9662848783746467,-2.9636084933356743,-2.9359474458195134,-2.9359474464672157
-3.2198072401213,-3.0989203648026624,-3.0237966764261213,-3.089517448414207,-3.0765119698975703,-3.1908015685012727,-3.105004476790995,-3.071714298662232,-2.989511902206642,-2.986086866743486,-2.9668607483272247,-2.966860749158485
-3.057371459138971,-2.9425007808112347,-2.9582209285436174,-3.0351919338827207,-2.9942426105396716,-3.1308607251515186,-3.0354906945164046,-3.0272301922363516,-3.003114254348641,-2.999376194602487,-2.9366983610615724,-2.9366983629928525
-3.0099796336511715,-2.9212389217767374,-2.9429057551726636,-3.013056130903067,-2.9592563261853972,-3.1014621194992738,-3.014101305273875,-3.018769548173789,-3.015208998700091,-3.010173946359692,-2.9577385365830438,-2.957738538461932
-3.0005532321528943,-2.872772035631603,-2.947115388647132,-3.001132499465496,-2.964818986655646,-3.093376107074788,-3.014058550104736,-3.0198692448214124,-3.0331353306267976,-3.0268874436527833,-2.9790761338091807,-2.979076136052263
-2.907037859158513,-2.838555846379297,-2.921467119344956,-2.974892863428072,-2.8916678220021126,-3.0458692001548933,-2.9686949239861478,-3.000297818883206,-3.042867799798417,-3.0373408252597205,-2.968060551999942,-2.9680605544014558
-2.9996737252313923,-2.9191098949068848,-2.9298266565573305,-2.9834361454669236,-2.907705934412838,-3.0539766992504562,-2.9845572302252825,-3.000797655775002,-3.053780190043774,-3.0479129017524826,-2.983340845256196,-2.9833408476779653
-3.0026490372973482,-2.932859781092897,-2.9423354100552954,-2.9916400182097607,-2.905193441636718,-3.0520259845716273,-2.9974531380691563,-2.9940099384822756,-3.0615563221283595,-3.0552049161996857,-2.994805079451335,-2.9948050819216907
-3.024234972508121,-2.974272824096523,-2.9663159959199836,-3.0131049513849772,-2.930125814071141,-3.0779921360478912,-3.0322085948069457,-3.007431342645897,-3.0782937198776072,-3.0702877798217374,-3.023307344889154,-3.023307347369221
-3.017415690720378,-3.013369013796521,-2.9409124037073475,-2.9803050197705727,-2.9108609741691924,-3.044282459503054,-3.009138514444647,-2.989817528554167,-3.0508881863645527,-3.0506119479952414,-3.0099927086697273,-3.0099927102837105
-3.0491195558209174,-3.052299544880345,-2.9584473454388283,-2.9993320317372336,-2.964926107387472,-3.0697014106152416,-3.0447860411970016,-3.03445260908846,-3.0666344669742385,-3.0651108827048397,-3.0343317021291343,-3.0343317039078608
-3.113501294961879,-3.1415797119995914,-2.976261760194039,-3.0080658463467413,-2.9196728473523916,-3.0494841621138007,-3.0271435837183223,-3.0194691979702317,-3.053608083792577,-3.052671516379246,-3.0161041542633136,-3.016104156052956
-3.135101411767514,-3.1605866364484263,-3.0130868564051623,-3.0412236515491937,-2.9646319809812,-3.0871735829698888,-3.06714271773328,-3.045353639196108,-3.0698294781375592,-3.067405586664642,-3.038670277954318,-3.0386702799008867
-3.167317409636446,-3.1870030151180924,-3.048210987375744,-3.074451059212238,-2.939458345481964,-3.0589649255890086,-3.017339181797298,-3.029882579162435,-3.0121888144117133,-3.0150520555769207,-2.9814967220569955,-2.98149672329793
-3.207083131877421,-3.2444080978589582,-3.065033179462206,-3.0844004740623694,-3.0104958238854045,-3.0987701469203746,-3.057786946993574,-3.0771539083505144,-3.030973747562805,-3.0324594534108296,-3.005446286248842,-3.0054462877268016
-3.219200578417006,-3.2853631448085165,-3.0839735048507007,-3.097758665145853,-3.064305915447432,-3.1324991100061945,-3.090962632580441,-3.109178833789785,-3.0494286671295416,-3.0496437132976713,-3.0320183628443784,-3.032018364429285
-3.2392969740830995,-3.306241036792516,-3.0984974010114144,-3.1019342292340717,-3.1098668590679197,-3.160426464374477,-3.1090894244303127,-3.1321541988148356,-3.067521452176778,-3.066567544026828,-3.011448004195476,-3.011448007769909
-3.193670660447911,-3.2789385582670745,-3.1200928524297593,-3.112153765292395,-3.150993460821532,-3.1852648491184112,-3.127591138925829,-3.1476262244977047,-3.0823817275714775,-3.0796849486604287,-3.02869064124876,-3.028690645179653
-3.201599813331559,-3.2651766863443847,-3.1081283417575643,-3.0894085441273544,-3.0511602330894636,-3.096524241519691,-3.0389095412027327,-3.0262161249369393,-3.021809347619478,-3.027526601471574,-2.9396241105947025,-2.9396241138078105
-3.1045776503474976,-3.1705732179026334,-3.1108590168240067,-3.0950935351617255,-3.096541376281493,-3.1022539818609585,-3.078649846271296,-3.0486147858938004,-3.0392927472327806,-3.04303846644497,-2.9642046771270296,-2.9642046806015294
-3.112187307229774,-3.1645994308483623,-3.1228628663584947,-3.101557578109303,-3.1229813394565076,-3.1061965252764927,-3.0915485501863853,-3.095104872455578,-3.05644782382524,-3.05854960681273,-2.961721554090648,-2.9617215583356433
-3.083061196011286,-3.1431563178696873,-3.1454577168227416,-3.1233137222218055,-3.159415591910264,-3.1387593342876476,-3.1264060311908555,-3.1167812238209343,-3.0737047514095903,-3.074231612310501,-2.9944741262875176,-2.9944741304846776
-3.1326572199810503,-3.199726810991166,-3.178225010273856,-3.1556952694372096,-3.163005680972005,-3.1695070546565436,-3.141340214432532,-3.156282642907092,-3.086705247834981,-3.0864688590102514,-3.0231353389113362,-3.0231353429684695
-3.113389251263763,-3.1963107570810423,-3.178130232846566,-3.1753702497535565,-2.9763746743286412,-3.0719163414284116,-3.010061666102494,-3.069635519096486,-3.019242450355926,-3.024804476396729,-2.921975948281249,-2.92197595208114
-2.9904211066240665,-3.0860664680394216,-3.1205872093143263,-3.1454918548650994,-2.9043374655345833,-3.020805909699755,-2.9552362247389623,-3.0564866791937773,-3.002372836746912,-3.0107506957979506,-2.901792362434377,-2.9017923660280536
-2.919794155062086,-2.9827659273368106,-3.105766126330524,-3.129334833773759,-2.953380167236362,-3.0446588669199675,-3.00745399933185,-3.0913590312002297,-3.020603348407536,-3.026633619371159,-2.938252316356796,-2.9382523199323476
-2.958531038382801,-2.9869680442065434,-3.10480920901258,-3.1188963772372857,-2.9887139321611724,-3.077106282336392,-3.0624933013416578,-3.1284084753365318,-3.038952443154257,-3.042589334497986,-2.967833057387187,-2.9678330612246127
-3.017034288488509,-3.0285389621167447,-3.132391758453285,-3.1395480477603983,-3.0423697564896335,-3.1397752261069787,-3.130919565369144,-3.185002168479742,-3.0543286908814533,-3.055516432199334,-2.9989389065522074,-2.998938910603341
-3.0874569016099627,-3.0796371196666765,-3.15112144902688,-3.144271016356886,-3.06856766120147,-3.17295635172296,-3.16280777111482,-3.2141679214269456,-3.0667331526626804,-3.066017524528583,-3.02017010065187,-3.0201701048686496
-3.0527822569081593,-3.0302523623652715,-3.1527149462805886,-3.139011945359618,-3.1019221359316558,-3.203885501781424,-3.1981681715605985,-3.2299874197341016,-3.0802181952807755,-3.078713550441556,-3.0496279269132245,-3.0496279309623295
-3.146191045963369,-3.10586856958618,-3.1652657045292463,-3.148079440427603,-3.1075121475979754,-3.2238533373577307,-3.1925056560710368,-3.2283135394463414,-3.0652178198474935,-3.0661912025996703,-3.051698922850309,-3.051698926279252
-3.1320488574109,-3.1067347402526764,-3.182215500237455,-3.1622237451742463,-3.160159294246742,-3.2554342353340706,-3.2153899296795947,-3.273332203862504,-3.0729470304314113,-3.0730447493681297,-3.0669425484811774,-3.066942552066906
-3.10810343293038,-3.0671240259895947,-3.1833075547047924,-3.1573236613574127,-3.171965961766805,-3.273475461137944,-3.203794782215394,-3.2522323895022356,-3.083777245030235,-3.0827039100769094,-3.0821421262599396,-3.082142129894803
-3.1612060644545212,-3.1219528401041683,-3.208613976040257,-3.1765482881045446,-3.2205310820671857,-3.3123436708668024,-3.223438666975221,-3.2621797689693444,-3.1005183368393103,-3.0978312430134043,-3.1117579910754114,-3.11175799474936
-3.1390298312218277,-3.131125545639217,-3.227513649619741,-3.1886697647569537,-3.1974823670720096,-3.303874087270361,-3.2116565381309683,-3.262385500299507,-3.1081590555230036,-3.1045668027534994,-3.113487402085922,-3.113487406033286
-3.156029308643236,-3.1308457123522873,-3.236669944458512,-3.1985839029754954,-3.2463617821907165,-3.3317201435383117,-3.2508859207886474,-3.290999259454054,-3.122446047602648,-3.1178283293069633,-3.131262176547019,-3.1312621806443577
-3.055225546364807,-3.0283838204442595,-3.199343894566362,-3.1598426674231543,-3.1507916790338135,-3.2736241375252386,-3.1841193237247807,-3.201231658538677,-3.0899854296469833,-3.090583788424885,-3.0973298570579724,-3.0973298598450274
-3.093161378934373,-3.0610931857827683,-3.1931341329847083,-3.153471860283414,-3.180967697354105,-3.2828456514815194,-3.2060312581948693,-3.211552667261353,-3.1047552944965595,-3.1041083458646943,-3.119633818729014,-3.1196338216086352
-3.0884205288996585,-3.0648406298219517,-3.198938857725601,-3.1578768447467547,-3.197658733693169,-3.288680179479856,-3.209844071918691,-3.2166482180752385,-3.117769024706873,-3.1154966163171967,-3.1301951146478877,-3.130195118007279
-3.098427970217506,-3.07979196748674,-3.212487656602877,-3.164948571655059,-3.2192293165386667,-3.2989719877155306,-3.2178543777563813,-3.227198163241291,-3.1327228561305263,-3.1289844771548454,-3.1538416921173518,-3.153841695613588
-3.152686935651417,-3.1353063437039514,-3.2371293434423194,-3.187800725219917,-3.2629800143665912,-3.3293376076403356,-3.242354813341309,-3.258503435382139,-3.1424177362560384,-3.1382519852677344,-3.1747866367259348,-3.174786640222547
-3.1672136345769735,-3.157951206950766,-3.263533037710239,-3.209657998254409,-3.286598277000603,-3.3533416194940484,-3.26069051654917,-3.2763416509451893,-3.155544825138067,-3.1504295164502016,-3.1973687874156473,-3.1973687909098123
-3.2492033335978348,-3.2438265052280575,-3.294775413009168,-3.23371796406396,-3.295733207729918,-3.36565213259815,-3.284175640508929,-3.3158388365061224,-3.1643747507727857,-3.157919100910589,-3.2049086507895748,-3.204908654762833
-3.3330693130774245,-3.301832838887761,-3.307920730307803,-3.2452279844319745,-3.2878807671241863,-3.3711641346135677,-3.286649966173636,-3.3216966218054953,-3.172454764462983,-3.1652895015437723,-3.2182361190979876,-3.2182361231255863
-3.2611828450357097,-3.2345243821916534,-3.3338703747665575,-3.2816566164704057,-3.3164667203618836,-3.388974669888034,-3.3121224339146607,-3.3638776067987988,-3.184219602044524,-3.176249727773949,-3.2249350788841467,-3.22493508356395
-3.3817544753488424,-3.3438380975050115,-3.370095933279169,-3.3231971347108495,-3.3580674581385517,-3.4254336181712977,-3.3408193816332457,-3.395436002047568,-3.1961866252783153,-3.187855102620304,-3.245501678573841,-3.2455016832005334
-3.3987971141846693,-3.390150548263711,-3.392408377459094,-3.352604723031739,-3.3426496223292146,-3.438393162551861,-3.355489075242268,-3.4166002370102655,-3.205085659809161,-3.197675637054652,-3.2600265266397193,-3.2600265309328336
-3.358734981151109,-3.3491533675320024,-3.4323936967949646,-3.3921266321791435,-3.3689269577756864,-3.4631752182066298,-3.377636710811253,-3.4318128596206994,-3.204801228629467,-3.198021753073428,-3.2606030062592324,-3.260603010371034
-3.4055214718154625,-3.395769600829643,-3.4345721706472085,-3.386650428414501,-3.325526186435143,-3.4129425613091247,-3.309624854006558,-3.408428276342534,-3.2162762782714145,-3.209026914362764,-3.218649690858004,-3.218649697134097
-3.4160802436272304,-3.3578762413151195,-3.460126801771638,-3.4173998633946674,-3.371546465178835,-3.4269383734978187,-3.32386841817353,-3.4236017189328805,-3.2207486853660816,-3.213559232192396,-3.2289150343378026,-3.228915040438473
21.457357766299175,15.394021136757182,26.38300628734821,22.43050886982314,17.960055451833497,23.272437594995665,14.179409471202963,20.98082552982483,4.913389997141583,4.533677950621408,6.54948918389379,6.549489597563033
-3.497547226795513,-3.359473640761657,-3.3563932651128066,-3.3019668354694454,-2.9483815649576797,-3.1539608340167473,-3.0098317180412515,-2.9895251280190194,-3.072071783313309,-3.054440782040281,-3.0732594922658922,-3.0732595021889386
-3.174416152286229,-3.095908656546253,-3.306471037292095,-3.2722588425333083,-3.0265270927115777,-3.185045294556078,-3.091949656984905,-3.059018088259522,-3.0923409482200723,-3.0740104179810928,-3.0897759724194778,-3.0897759824410347
-3.248227462470044,-3.120859747766916,-3.263135667374442,-3.2421852495140793,-3.089153405629358,-3.212303115896788,-3.1518923456650034,-3.1070511116365647,-3.1067500290085577,-3.0884409104735187,-3.1120224837165833,-3.112022493729584
-3.177787096267402,-3.0774601877625916,-3.2547804351917224,-3.247413740542101,-3.1498584885483774,-3.240946649547288,-3.212462855855982,-3.1654217816366153,-3.1250772564512177,-3.1064063732838796,-3.1336004610907704,-3.1336004711794514
-3.1271074131035066,-3.0582586384401464,-3.251651176916212,-3.2493449381668094,-3.1919912490377045,-3.2619412203035867,-3.247625878901422,-3.2016997106257374,-3.1437009159293834,-3.1247136137317923,-3.1579319911345074,-3.157932001224225
-3.2249550949010546,-3.155008317647404,-3.262797749545734,-3.2687206387964642,-3.249265570681012,-3.2991952968074942,-3.324413943804564,-3.278679855250428,-3.1634016226594803,-3.170923773426223,-3.193610663889368,-3.1936106663228303
-3.24643058155024,-3.205478992887344,-3.27759479518814,-3.292864795835193,-3.2858757076055642,-3.33012571717053,-3.362279647181076,-3.323555243437958,-3.1767807190370756,-3.185653074046071,-3.2159354505207967,-3.2159354526358412
-3.2548343590349376,-3.2457146606163967,-3.311464053820812,-3.342394120588641,-3.365242534618055,-3.381983631105469,-3.4326815332120617,-3.4265898045645264,-3.192958961385483,-3.201596106915155,-3.2320031923205543,-3.232003194506792
-3.29140102619687,-3.2606726104515937,-3.3242476061910864,-3.350350323384655,-3.342682579664728,-3.3849787426028026,-3.4341481484666314,-3.4383330123579663,-3.1987131500721655,-3.2073065300596806,-3.23431671945888,-3.2343167215375344
-3.2799495862439674,-3.299052319022982,-3.3705906755624713,-3.3929099813795665,-3.3697258109817145,-3.411599991543761,-3.465283040754252,-3.447419479482816,-3.1910046589091143,-3.200285918497908,-3.2244384128970403,-3.2244384147068756
-3.341339101512056,-3.3153750836022793,-3.375584609035301,-3.395158944336378,-3.399406788371469,-3.4259754864486083,-3.462132054214167,-3.4398981381526292,-3.2093652420883703,-3.218056995541869,-3.2380934640958614,-3.2380934663735195
-3.3120670252758364,-3.3139793503416044,-3.3905739395812318,-3.4063170893213086,-3.4258250517785305,-3.446167660208705,-3.4725785906282685,-3.4467091651607813,-3.224454291503614,-3.232813616471168,-3.2607108404445095,-3.2607108426663243
-3.3555558104784513,-3.330079429797288,-3.3917151546578204,-3.4110465907899554,-3.3430352566385917,-3.43777729517347,-3.4832273988807976,-3.397830754586894,-3.2129558281446977,-3.2242225488711806,-3.257259874405681,-3.2572598758402216
-3.4105385983222756,-3.4029915311191123,-3.4022433195128507,-3.422745419161237,-3.3943048144009946,-3.470619424458602,-3.5487230288053673,-3.4556336242648555,-3.2299778518761726,-3.240906068162562,-3.2783707236393806,-3.278370725151859
-3.4810132233961673,-3.5232777471152454,-3.4186019385855784,-3.438450906734519,-3.406773797893911,-3.4795010550545244,-3.546917434975934,-3.4582818258480237,-3.2441485137532826,-3.254446631633939,-3.294087476086317,-3.294087477614149
-3.4376065042623756,-3.439342145671856,-3.4200160427964543,-3.431839877454918,-3.4031309052697862,-3.4554608311106234,-3.540317126829633,-3.4868311113702153,-3.26000097844313,-3.2689023844575527,-3.2827950170405886,-3.2827950196389875
-3.414838440059577,-3.4171819241248977,-3.4275296313708434,-3.43565229439156,-3.4428631695971865,-3.4699523733628297,-3.553329756691743,-3.466136287702792,-3.27220380986021,-3.280778944033942,-3.296557997365734,-3.296557999925343
-3.3918486522780364,-3.377135501066025,-3.4261700637573087,-3.4363070950174106,-3.4365795905009464,-3.4718085915830685,-3.559767371283681,-3.45907534271976,-3.2811233782010487,-3.289334089757169,-3.302617898185281,-3.302617900814354
-3.39542122593105,-3.338240720884736,-3.4303773301918867,-3.439476014451789,-3.4647128052204264,-3.486675039578985,-3.587054185347484,-3.478447121997679,-3.2969213659600194,-3.3047919673412247,-3.322090662841705,-3.3220906656635942
-3.4781780417982553,-3.447379220629313,-3.4319684262993095,-3.4355500887253716,-3.48663059596109,-3.4977202502078386,-3.611017007721549,-3.495447141710966,-3.313103996288552,-3.320319590709224,-3.341230964943414,-3.3412309679962107
-3.390510873021834,-3.3659425083755057,-3.4096912652938944,-3.414579998577307,-3.477525210931754,-3.4880998678659254,-3.5900577458002996,-3.4790551930362166,-3.3290772162147855,-3.3358628766505807,-3.3597038503633176,-3.359703853449575
-3.3076240195695155,-3.309779805446493,-3.3532140116895124,-3.3640371590750395,-3.3443842183103065,-3.396765763995252,-3.450110246947072,-3.369812250537092,-3.303197435549128,-3.316010647494302,-3.3221216677932808,-3.3221216691252895
-3.277167710016357,-3.27347789401692,-3.3235085080920848,-3.337305224850775,-3.255447439087571,-3.324867502826461,-3.381033199546759,-3.322189736012788,-3.2868359492167727,-3.2985905477317656,-3.290721252751555,-3.2907212540200144
-3.2333953659332115,-3.2355164153333815,-3.309935005368961,-3.333983861689168,-3.2608162927265503,-3.325619437115478,-3.430115466619886,-3.356587925944639,-3.296653873561628,-3.307984252891885,-3.302226867356716,-3.302226868530956
-3.2032199999202904,-3.186708354342777,-3.2750176032102774,-3.289310881126038,-3.121593036566341,-3.246491879031158,-3.325484513499977,-3.2850362446987917,-3.2407637665384863,-3.253788250080935,-3.2375966632972446,-3.237596663806432
-3.2387185640759997,-3.264760771675472,-3.263087319245261,-3.275674793591733,-3.1905761080761157,-3.27532652130305,-3.414422462629746,-3.35673801489764,-3.255705380930865,-3.2675272978235497,-3.2549564505395474,-3.254956451315141
-3.2763513470617003,-3.295877850264457,-3.289362001740185,-3.3014997580838017,-3.254595463343789,-3.332536327269472,-3.4961776511016254,-3.4129372748734013,-3.2751883515183917,-3.3073538199280934,-3.3076529445302354,-3.3076529452580354
-3.2332572689110552,-3.248432795151018,-3.2982075112297657,-3.307450006307349,-3.3120748736901757,-3.365168805211093,-3.5459622564697924,-3.4609734531063245,-3.2909304464924802,-3.322202534819699,-3.3171721327283583,-3.3171721339477545
-3.2846645182488627,-3.3117519862014433,-3.304873254703405,-3.3179560794650955,-3.33207837809646,-3.387251044254537,-3.5683799613073246,-3.4929400460463693,-3.301035633006333,-3.331826869710095,-3.3249543327783506,-3.3249543340311387
-3.295857260081063,-3.38016394488717,-3.314091035610332,-3.324406378245325,-3.3418434681833142,-3.3942398750950593,-3.557465863091553,-3.475675932451572,-3.299616273936359,-3.331159931986271,-3.3271227259074054,-3.3271227268484695
-3.2615427091039937,-3.3019834266993655,-3.319690444799067,-3.321334053357675,-3.3887320578785407,-3.4159142425887734,-3.5795478669397682,-3.4947457577218115,-3.3145908682748733,-3.3455116910500964,-3.3466054343566016,-3.346605435556236
-3.2231283802692237,-3.2522339880722377,-3.335843191942091,-3.332174362313677,-3.4355105768639,-3.4463294525433095,-3.6067615561515236,-3.502633817050932,-3.327636253720086,-3.3580783768278097,-3.3618783841246156,-3.361878385477678
-3.2955107169645013,-3.3334035183825907,-3.3500039718451613,-3.345155543463221,-3.440813079881695,-3.4558084857372178,-3.58653965138463,-3.4948950941410124,-3.336770979517126,-3.366631046476627,-3.367566244318902,-3.3675662459329336
-3.2957852877422846,-3.344125504540719,-3.3761777928502283,-3.3725037826550768,-3.4744084475936217,-3.48267078550602,-3.60830392862214,-3.521153807011831,-3.349810590276676,-3.378843647447613,-3.3857845246373515,-3.385784526436754
-3.281986693773616,-3.316356494161799,-3.3754972328529025,-3.368098136018832,-3.487808044500618,-3.4860311587932156,-3.5876315133272203,-3.527637167165063,-3.3592044237799468,-3.3887027385665176,-3.3936019068154013,-3.3936019087218403
-3.2900873643692723,-3.335558657616275,-3.3629417952005287,-3.3505459365966117,-3.508128634446,-3.4839643873116706,-3.5555118161728783,-3.5379158378332574,-3.368550556325646,-3.3992894703394287,-3.414150599220189,-3.414150600816474
-3.346113803080833,-3.3738888064516024,-3.361871046400149,-3.345625286569704,-3.5132969252816304,-3.4827411655031497,-3.5322661665061346,-3.5150595556439628,-3.3826069446640283,-3.4127061351174603,-3.429958578143392,-3.429958580000182
-3.458669130169248,-3.5095041498540436,-3.4082595419112103,-3.399354482413589,-3.545100778398639,-3.5110985964867925,-3.594258543576056,-3.5306997006221357,-3.3846748653693646,-3.4139222905674997,-3.42713807096324,-3.427138072988204
-3.3747799221912027,-3.459105465418058,-3.430342952573024,-3.423281061824747,-3.551801990125682,-3.521786034072505,-3.5908660839681747,-3.5234178171827497,-3.3979598287432253,-3.4268794423230786,-3.4455155931884285,-3.44551559518586
-3.327115833558673,-3.347065990681167,-3.4348407355756354,-3.4275915573449725,-3.5361279448170615,-3.514043786440914,-3.5562306517054365,-3.5274471777272107,-3.3941337358658727,-3.4259805450677505,-3.454833466277961,-3.4548334676326045
-3.4356117837996107,-3.4417829400259543,-3.441966372973108,-3.448226368492195,-3.4480811662399615,-3.476760646699162,-3.516471259216608,-3.588695311021305,-3.3702452508039733,-3.4022771871495276,-3.412312864533596,-3.412312865696152
-3.446819389967048,-3.497959062082516,-3.4341494412910323,-3.447005828279189,-3.4852674966901245,-3.488470003690343,-3.5674917407284843,-3.6077600113625006,-3.3856311487260218,-3.4170365889285588,-3.429958017645016,-3.4299580189455394
-3.470788101334609,-3.493373301765387,-3.4296043980794706,-3.440383120305255,-3.4686259666810453,-3.4824199401209714,-3.565552707473545,-3.630645224218981,-3.3909322442482286,-3.421710884110166,-3.435719668795712,-3.4357196701166295
-3.4846304207963676,-3.5196498773685176,-3.4196753659018957,-3.433697833443376,-3.431235159743254,-3.4819178645492714,-3.583186266115479,-3.619161395181324,-3.388098238418938,-3.4208453236493135,-3.43758759819669,-3.437587599046822
-3.4044983417706476,-3.4587150804429045,-3.4104596243069354,-3.419906060183702,-3.429552397554801,-3.47901004341479,-3.583598316376937,-3.610563019523838,-3.388680706405115,-3.4230630833833864,-3.4458456878974464,-3.4458456882018247
-3.399259635434765,-3.380955149941402,-3.377962954098539,-3.3778182428708443,-3.388945582755505,-3.4398653642273938,-3.520887043038596,-3.588745374737842,-3.361429210302911,-3.4015907954663036,-3.4271131557702663,-3.4271131546611384
-3.315393720895103,-3.3242913716144957,-3.362726024496642,-3.3562628410948436,-3.421759728584391,-3.4389231145761365,-3.4930907583282242,-3.5829319081466817,-3.370126495096794,-3.409104774273304,-3.440166018507825,-3.4401660175284787
-3.3357986956103725,-3.3286191367463807,-3.3504876037226157,-3.341119548928426,-3.4438612263937936,-3.438470545887579,-3.4691331338993785,-3.5864635916202485,-3.3713331034018874,-3.4125453178583123,-3.4511939175001403,-3.4511939161602756
5.306872189996353,6.696294955753961,10.925425696998664,10.989439252357027,18.228634110394797,20.009854798824747,21.84388092082854,31.54470802531415,13.382105312145004,17.447385017018725,21.03521804523115,21.035217941279626
-3.1011172047573217,-3.1645157297583895,-3.158608318005283,-3.1631498615595968,-2.9983106695691193,-3.2036248119715545,-3.085263938157115,-3.03929289344812,-3.1681662863123097,-3.2034285612660405,-3.213223293750745,-3.2132232881727067
-2.9891546845255847,-3.0566799792205495,-3.053058090392595,-3.0797442778081,-3.051055066217674,-3.2095399999455587,-3.08129161031292,-3.1175110297286053,-3.1677253673723436,-3.207533677174282,-3.2225055047394244,-3.222505498843421
-2.8960539471027276,-2.932228006276251,-3.0087979484630027,-3.04112378970612,-3.0945381705505906,-3.227195765047197,-3.101635118202336,-3.177223694520685,-3.1846569029325105,-3.2224442106276023,-3.2418692300231977,-3.2418692244231027
-2.879646952439999,-2.9186957749121945,-3.007557811457225,-3.045938038015959,-3.14855200459285,-3.253474948858341,-3.1417764007447997,-3.257159545219797,-3.2057274751402054,-3.2424458616611322,-3.265488215422389,-3.2654882101022156
-2.936244008701003,-2.9204395501318436,-2.9807808474986874,-2.997826169639225,-3.1237988077448327,-3.239119153368998,-3.1276920252941864,-3.2339957660636216,-3.2018222857266565,-3.23483844688484,-3.2502209502035315,-3.2502209456809292
-3.0097566294468914,-3.0164667916425674,-3.0074763055753158,-3.0273662838318103,-3.1728049404137235,-3.2840539945611193,-3.1855798129786796,-3.313335989271527,-3.2232741174548236,-3.254319615788677,-3.272811925531244,-3.272811921440821
-3.0173384381358535,-3.1045365655242416,-3.022406909600244,-3.050502879471388,-3.226824956030729,-3.306119768874414,-3.2311624871994358,-3.3782199655112466,-3.241690414255438,-3.274200297758986,-3.291653296540126,-3.2916532927536655
-3.1283918670085966,-3.1724033856213687,-3.034584600081142,-3.071002696885488,-3.1596629760683426,-3.263101434968759,-3.1385191497687335,-3.3606223888049445,-3.2445004932710764,-3.283028701788295,-3.2934062307517458,-3.29340622677068
-3.2348262094045617,-3.3024046882209364,-3.103884046658975,-3.157021200594614,-3.2148104834489333,-3.2838010741692343,-3.166006898577261,-3.413260795653646,-3.2657000289462266,-3.302988225629802,-3.314577091071388,-3.314577087354926
-3.2051829602654474,-3.267098003488542,-3.1510003191820455,-3.2226932970360735,-3.1341513057936794,-3.2104969601738027,-3.121518641326405,-3.2318158936383368,-3.187196911971629,-3.2322753469364995,-3.2162366770577706,-3.2162366725895697
-3.263962864204423,-3.349203385100017,-3.1905192824819784,-3.2688009469277954,-3.1823799463960687,-3.2244494751304016,-3.188695438955527,-3.313053927297985,-3.2096013800590857,-3.2523388270456834,-3.2440565789058877,-3.244056574576597
-3.2466315989525363,-3.27516532666842,-3.2056654050511226,-3.2790576017368025,-3.195281471682537,-3.2398679103786048,-3.2293176087762108,-3.3878760918203827,-3.232527704030319,-3.2729574559095536,-3.2644337019545913,-3.2644336977469397
-3.1821280244874206,-3.2516892596619007,-3.224001414124154,-3.2964327105379816,-3.1946668183828204,-3.2516763252128675,-3.280248956905231,-3.4191119568884214,-3.2456477569673856,-3.28486550735104,-3.2799612422484477,-3.2799612381388563
-3.290389326479997,-3.3257753033032653,-3.2628870200703255,-3.3371551921131237,-3.1551400215932324,-3.2463551572995613,-3.2675956216180158,-3.3873771116739224,-3.2351655690364485,-3.273402448708421,-3.2587411431502393,-3.2587411393567676
-3.2785027719379123,-3.313229558237744,-3.2834575795903564,-3.351540433887708,-3.159802843776357,-3.2561316650242547,-3.265524641142843,-3.3940035429986968,-3.254972485497876,-3.2909090942853894,-3.2741999247808202,-3.274199921253614
-3.3029333594065764,-3.3371005607041186,-3.3090334299054707,-3.3762640930251004,-3.186942634143554,-3.2918364742734387,-3.2818063590835216,-3.4189702949632084,-3.273576133872924,-3.307278938321856,-3.3006158435020225,-3.300615840120783
-3.3132369526456085,-3.3323852609155784,-3.324126169990464,-3.3872097102386176,-3.2146454413886114,-3.3277213124379648,-3.30458126452917,-3.4308396741019296,-3.292610963094358,-3.3244274316964555,-3.3279458719732893,-3.3279458687151373
-3.3066331116230887,-3.3181706286573354,-3.3175654701799537,-3.373136301219636,-3.1827895146535186,-3.3352882683635796,-3.2799917364410587,-3.379372643606115,-3.289360748778402,-3.3071367108249117,-3.335075676202029,-3.3350756726023603
-3.3025908186493007,-3.3259810340635334,-3.3054692164635218,-3.3592282353104492,-3.1809843497067245,-3.3391608261368555,-3.262077791477574,-3.3662405051449267,-3.2932285434427184,-3.3114972565381704,-3.3154658102453802,-3.315465807528725
-3.2337969924009498,-3.2558494356107137,-3.271579789640485,-3.3090283155797993,-3.1131954570921283,-3.3109922821941695,-3.199151211240927,-3.2816135604467966,-3.2710993913732453,-3.2646673099119132,-3.2930293788171316,-3.293029375877873
-3.232992522117203,-3.2494642078159464,-3.266500489524004,-3.2974368950159514,-3.1543051244792686,-3.348717264602149,-3.232027935001685,-3.32508552934133,-3.2901250864202196,-3.2837533414050264,-3.3188782070521543,-3.3188782042379428
-3.212828711633226,-3.2209177523282895,-3.2256545046572773,-3.2500559953922727,-3.1775631705066676,-3.3450190638878654,-3.2204166445761846,-3.347326493982151,-3.273543766164232,-3.2762952779315615,-3.3131217414354475,-3.313121737878711
-3.1895177370755077,-3.21092410949918,-3.2372033676305962,-3.2607047847484862,-3.228552596918381,-3.3780521449203293,-3.240822839885546,-3.3697547902358376,-3.2878901768283844,-3.290471446292643,-3.3303024828753385,-3.3303024795124094
-3.2085641963656073,-3.225451327821377,-3.2407733521083806,-3.2616703911282583,-3.1696892962025602,-3.3460571360397946,-3.217913424708386,-3.311686296468051,-3.2642798966669693,-3.2662357735269363,-3.27084690477459,-3.270846902209225
-3.181137271813258,-3.2037480382608368,-3.26066448240124,-3.28794125133484,-3.1836179081402425,-3.3522454554641197,-3.2082415972680733,-3.320619868001744,-3.2852038578935407,-3.2861495979527184,-3.272997673797196,-3.2729976717773326
-3.374839758066797,-3.3837994051426485,-3.3183318690016925,-3.3588655573552826,-3.22800328020766,-3.3791055351068486,-3.230846711726216,-3.3515959636998978,-3.2943648439666733,-3.2934689215421162,-3.276174282532202,-3.2761742809947303
-3.3313815575585877,-3.3844948050002355,-3.3405656207247576,-3.3862492267037476,-3.24688955436792,-3.3940314181028004,-3.252243864936372,-3.3606069376936696,-3.30478576771275,-3.2882124907530916,-3.2972158085366905,-3.2972158069294437
-3.2985931901042282,-3.3365720323592454,-3.3583488507108425,-3.4035926776378624,-3.2704623279687923,-3.4143147084624514,-3.2681550665136396,-3.382342604503532,-3.3248026214315987,-3.308555329838047,-3.31726395862212,-3.3172639572359914
-3.313061056997685,-3.384543442485265,-3.363762625003301,-3.4140236310532934,-3.2802043770439115,-3.4352144023916233,-3.2899454747097945,-3.3875974797699144,-3.3441729214233082,-3.328116947168464,-3.3322516694341773,-3.3322516684456387
-3.2423521236161417,-3.2971894684704326,-3.3289467343962102,-3.3728732096788008,-3.219506878922396,-3.41450045368414,-3.235703385779065,-3.332843625920215,-3.333192699524186,-3.2700339320663483,-3.3336923060437824,-3.333692304605618
-3.2495864201946305,-3.308114029666946,-3.3136206839487867,-3.3530215236364818,-3.1999654047129056,-3.412510095699502,-3.2437147466243905,-3.3165078912896675,-3.3439043609001464,-3.2840101273571385,-3.3298798405030756,-3.3298798393302653
-3.246485954883923,-3.2914751473533572,-3.3067980302248987,-3.3437115406003564,-3.23498833652534,-3.441340893650592,-3.3091466092613215,-3.36121282661537,-3.356865999272615,-3.3013494879372507,-3.3400129531231477,-3.3400129523920326
-3.2243577199213647,-3.2686754394855413,-3.3029435196728345,-3.3298207545226597,-3.247572036691187,-3.452601347442231,-3.359849217424382,-3.3861206134501782,-3.372882830762384,-3.3189666313632857,-3.347426561749552,-3.3474265613914427
-3.2435629982798293,-3.2787275618759537,-3.3072177293049654,-3.3266725490632965,-3.2791347907503083,-3.4783376228529477,-3.415959478638536,-3.4028160815892767,-3.384649676052826,-3.3347500684785567,-3.368276399254009,-3.3682763989406714
-3.309666040036939,-3.3602493487433307,-3.3045870436143807,-3.319376834242938,-3.289805728275949,-3.4897763096653778,-3.4212605390812003,-3.4101803659974683,-3.394567556574164,-3.349136874588606,-3.3877729775841168,-3.387772977100528
-3.1673382673889705,-3.2485047691004203,-3.3039469684003344,-3.31713055540388,-3.2205399889835133,-3.439373192590234,-3.3482238451965767,-3.3242729433368003,-3.367024604971953,-3.330760805030682,-3.339059247363381,-3.3390592465361846
-3.1881615465681454,-3.270835166405658,-3.3022792221905837,-3.3132708004820803,-3.2310398602427264,-3.4469462474484156,-3.392441372114586,-3.3275776841794293,-3.378700513308018,-3.3451618527262568,-3.3573861629887936,-3.357386162059338
-3.2141239148257243,-3.296788925267829,-3.3097612276830786,-3.311972951181639,-3.257253879847415,-3.472266443241913,-3.4319942810545463,-3.34581025791112,-3.3955381704213057,-3.3628094649350304,-3.37659754208866,-3.37659754143351
-3.256024288486425,-3.341275982689055,-3.3261581666018243,-3.3260166007285594,-3.251415810280564,-3.4592920837085748,-3.429603606525136,-3.3348787861633666,-3.3804467285531947,-3.3538346376501105,-3.364393375236091,-3.3643933741873266
-3.2670169330147165,-3.3429927640617745,-3.342690236943214,-3.3402543771096345,-3.2803815147780835,-3.473418968882346,-3.4388647198399074,-3.3514458741222923,-3.385336312431373,-3.36111968909635,-3.3763139852104347,-3.3763139840852725
-3.2917445546682735,-3.335380809595808,-3.354336148272523,-3.35360658858768,-3.2931092564668005,-3.493607535809806,-3.4229626726036475,-3.3856998873588937,-3.401309060252242,-3.377995883622931,-3.3819409577489097,-3.381940957428222
-3.292368494267232,-3.3620122870644513,-3.3621687822929816,-3.358907847475693,-3.324238912935844,-3.4855860187272008,-3.462971082103083,-3.4007033746500404,-3.417993403819856,-3.3951427343943825,-3.402256023191407,-3.402256023061272
-3.3441962892743384,-3.3996562346540555,-3.3775706443178524,-3.3704825349911927,-3.3440136176364224,-3.5080059514735145,-3.488565813108359,-3.428005923854733,-3.4342583715987174,-3.411912794841336,-3.4204111937191026,-3.4204111937776576
-3.4357794691499866,-3.477133298913906,-3.3829725375158004,-3.36899159530942,-3.367189407261573,-3.512579498777443,-3.4946303674878,-3.448041567303286,-3.4471657979324988,-3.4245525087354656,-3.4318009337276303,-3.43180093425916
-3.355744004505704,-3.4013413758074793,-3.375747878084537,-3.3724243182684273,-3.3484559614661253,-3.478617578897021,-3.446998449931161,-3.422187130094506,-3.45841253411426,-3.4367237529962424,-3.4245991559939943,-3.424599157065425
-3.35376009873179,-3.3791320472864728,-3.376854820155908,-3.3766277382923873,-3.341643850333247,-3.47208526792111,-3.4324410104285175,-3.4071792853412033,-3.466685184299321,-3.4465408471165175,-3.441138539248727,-3.441138540249082
-3.360629705745481,-3.3682703672226504,-3.3698635469498126,-3.373905326550889,-3.266563100680646,-3.4281125291899106,-3.396677110298228,-3.3513668298678176,-3.4376662847927415,-3.406045330402006,-3.4136941658015783,-3.4136941662232374
-3.3700858132300953,-3.3739771423059874,-3.3525055142327664,-3.3522449596727184,-3.286460831799333,-3.4227316719298386,-3.3907733258605015,-3.3780705502853143,-3.453521361021103,-3.422743083508794,-3.427351492019458,-3.427351492669218
-3.339159075942251,-3.3769011267238076,-3.354768273295872,-3.3568296562110636,-3.299445989504278,-3.4419597749883892,-3.4201115904423056,-3.4028986250899225,-3.4711062896494296,-3.461210472669389,-3.462997991015759,-3.462997992516659
-3.369964920679478,-3.4128329308180487,-3.36247242151868,-3.370599964693833,-3.3268295159367476,-3.449796778939328,-3.4691418871529227,-3.4360643426508775,-3.4497811676102432,-3.447759707653095,-3.457920496616186,-3.4579204973824
-3.354996193581947,-3.4144213660905587,-3.333973026350297,-3.3357721640999274,-3.329402335452673,-3.427791472145385,-3.4626487102953543,-3.421816272026443,-3.418382890896796,-3.427642174132204,-3.4387351409132734,-3.4387351405671316
-3.333041795929632,-3.3610277149891927,-3.324080459379991,-3.3247289896258745,-3.405215593211744,-3.4466207566188287,-3.507145862782674,-3.4448423191051374,-3.4306960212190507,-3.4409333015317127,-3.460243477831261,-3.4602434774540076
-3.3680526056377493,-3.387353369142925,-3.324729984107032,-3.322685014198952,-3.427162481109928,-3.4609204767537745,-3.5320190144102006,-3.4600964506550733,-3.44344690494492,-3.453637836459684,-3.473122992284954,-3.473122992074341
-3.3518976250368993,-3.3948233976875213,-3.3184326521172096,-3.3189171509746136,-3.4465347758713145,-3.4742388428819755,-3.5543191395433493,-3.469809761279147,-3.4523696450744397,-3.462440827981123,-3.4700218968232504,-3.47002189725744
-3.4131035994234966,-3.3805603988281914,-3.3367077904053892,-3.353757326457152,-3.3978686627678445,-3.476865135538527,-3.4847456242990806,-3.5053533169792774,-3.4613841247408086,-3.475407293841168,-3.458913630539676,-3.4589136312915834
-3.4534744264169883,-3.4740928861097835,-3.385211689689279,-3.4199045951343034,-3.439992764046992,-3.5024610413355823,-3.5019870054140543,-3.520393798739123,-3.475346252050845,-3.4896544829797134,-3.4805609401063755,-3.4805609408013316
-3.4190654615999816,-3.4035443952342477,-3.427278468840097,-3.4755657163453004,-3.4435612176420873,-3.512150932023331,-3.4897616284609536,-3.5176388195530706,-3.4901887165452066,-3.504612759394269,-3.4923055410858694,-3.4923055424131997
-3.3629953985153618,-3.3622664542842617,-3.4639424883128673,-3.5236803453696846,-3.4573534995255977,-3.5252607760279018,-3.508832942816642,-3.5323769892542405,-3.501500139644614,-3.515933192584065,-3.5098973598199787,-3.509897361171264
-3.4620021086666153,-3.497066825160629,-3.438683098126339,-3.4908442573099636,-3.468701162481354,-3.5012890666810184,-3.4999113622524134,-3.5299370643045807,-3.501244935249806,-3.5210339431808664,-3.5121727218404484,-3.512172723613442
-3.3573829479157498,-3.3913218177416957,-3.421592187923595,-3.4795024420280694,-3.4765442713738803,-3.4895294789258235,-3.494927434257924,-3.5462284625674547,-3.5163018345950325,-3.5356041350381187,-3.518779363685789,-3.5187793659244537
-3.406263007636174,-3.370094707914622,-3.3874075407893924,-3.44159135611809,-3.3450296041524883,-3.4394530966920285,-3.444609779104816,-3.4522803480024518,-3.477648932319437,-3.4938401805087778,-3.4911533246862803,-3.491153325703798
-3.3016639985168483,-3.3848319468451495,-3.409651257288382,-3.4697620151769897,-3.32722763307335,-3.43063645637831,-3.4733841380069896,-3.4289473935153727,-3.4366517622744914,-3.4582748178768266,-3.4458034717123596,-3.4458034719477286
-3.319400649039313,-3.371609804929628,-3.406188815266498,-3.4577203014731674,-3.3680209425868277,-3.444133686551664,-3.5184110943661757,-3.4599395967556505,-3.439219287717093,-3.4630224721353264,-3.451037444253092,-3.451037444727139
-3.2842054379204835,-3.32905244511764,-3.3738439653506527,-3.415019877897344,-3.3708878326675475,-3.4321151054686254,-3.4629093071034545,-3.4656949151531107,-3.439356412641549,-3.4667922457072917,-3.4619488338524924,-3.461948833776173
-3.250305980404165,-3.296914212993708,-3.377741094403235,-3.4159824131384053,-3.4024323400811944,-3.4477875408760834,-3.4757279175851896,-3.5002664212857866,-3.4543378631519763,-3.480547846586541,-3.4653788354010864,-3.4653788359840387
-3.2771290802897304,-3.31262906382741,-3.3782221743838585,-3.4054819215765506,-3.405290547765978,-3.4518076140293172,-3.448080653527799,-3.4984301411548975,-3.470166868936326,-3.4949910455221547,-3.4772252683911287,-3.477225269464866
-3.2220939245391333,-3.276473128703782,-3.3591345502379486,-3.3930247206817867,-3.3609254634051933,-3.4277554855814123,-3.4238184982465634,-3.445923842891964,-3.4708469345043107,-3.4967219768773576,-3.444295155151689,-3.4442951575917187
-3.2398685774069875,-3.2889349430977606,-3.3822095102131904,-3.418568060982955,-3.3181435989334207,-3.407565944962362,-3.3951136364123538,-3.446572371997372,-3.4557476438731793,-3.4816825780230825,-3.42158464990459,-3.4215846524649223
-3.1862545206278003,-3.2392831923801633,-3.246460539761526,-3.281732471751783,-3.1582317476424295,-3.295091203585033,-3.2352054910196157,-3.321057762613685,-3.4399120923709514,-3.4713023849310414,-3.3733869242815495,-3.3733869265705967
-3.146190499082813,-3.186657320206609,-3.2226033685021704,-3.263489390562029,-3.2171642935329277,-3.305864067665676,-3.2465109672018677,-3.3957941201288797,-3.553933241905559,-3.5617117036616186,-3.451066003178917,-3.451066008711458
-3.1310452777013844,-3.1886432605089503,-3.1948590700453794,-3.2422898571177723,-3.2235209974529995,-3.2952159457076853,-3.2436347199425137,-3.3960316196259392,-3.567238004161046,-3.572853437119748,-3.4666383271117356,-3.4666383327563657
-3.1901184879225863,-3.22653103940819,-3.1816663629838158,-3.2407509392085694,-3.225838465033685,-3.2888883408793355,-3.245986287978073,-3.3817546022241847,-3.565676964865074,-3.5729904861199557,-3.4706428971319285,-3.470642902761426
-3.2025305760237113,-3.223300062323248,-3.1759281450126076,-3.2334223473258676,-3.2365550787022244,-3.2949706187030334,-3.2534698914973297,-3.3864778425518116,-3.579368590554161,-3.584338211060902,-3.4907577658220226,-3.4907577716080147
-3.2585248086227265,-3.282902066862941,-3.1897648531491103,-3.2498944753689627,-3.2398492139493067,-3.3108686642989897,-3.2621006183289047,-3.3787094803511044,-3.565280823113173,-3.5717904757655825,-3.489840649738951,-3.4898406552048002
-3.3086970577140304,-3.337398089413349,-3.1341528696810577,-3.1864531168393895,-3.195599002163045,-3.2790288892762773,-3.2158222927599733,-3.328651101328095,-3.531274229695744,-3.548627609420332,-3.4736666083761176,-3.473666612244074
-3.2722998218309094,-3.3047963610005,-3.140964192852359,-3.195571574101577,-3.222683358317448,-3.2940069077210388,-3.2343209519543406,-3.357457892238462,-1.988306680238992,-0.7477622967451096,-3.4704109040894373,-3.4704109086443724
-3.287461737353788,-3.287962516793308,-3.2271405704582303,-3.2345011408912945,-3.03915093137286,-3.178778961663323,-2.9976515802612633,-3.2651620521384572,-3.4640663540672265,-3.4978082251836717,-3.399180851330741,-3.3991808555485004
-3.6142151308062047,-3.557126570683298,-3.2481100382081256,-3.2761415779916607,-3.090070585120739,-3.1822076244364497,-3.0116122880332794,-3.2768898741240022,-3.466005151367597,-3.4972322898389914,-3.375203866577408,-3.3752038719940973
-3.3307938112021924,-3.2991988690841154,-3.1742876698419296,-3.226606132116825,-3.089377965594078,-3.151655651713046,-2.9971354835065727,-3.261252007062713,-3.460402706162979,-3.4938439961569046,-3.373826627967284,-3.373826633082848
-3.395331603036511,-3.3027019730839124,-3.2078090478895547,-3.2688944099534987,-3.124461368772929,-3.1550811582501455,-3.0223921613316342,-3.2581462028495567,-3.465636820402084,-3.4520647952318653,-3.3832670733038883,-3.383267078433057
-3.402377121265395,-3.3270311076380485,-3.215543295509532,-3.277405194583959,-2.9655245100147387,-3.0757278979065856,-2.9452873750110125,-3.1392467952151524,-3.365971400581932,-3.3967890187788194,-3.331205585504904,-3.3312055886780847
-3.3669648863692547,-3.316437490023434,-3.2055252367127354,-3.2830153670821636,-3.015366369212699,-3.0909657651181432,-3.0039396437035975,-3.1775984382985265,-3.3639961522128328,-3.3938370887546654,-3.3474067702211525,-3.347406773266003
-3.3023175563520724,-3.243692220810882,-3.1978345361978646,-3.280709219527199,-3.0641458044964214,-3.1118123296414,-3.0688691628274696,-3.203855986246467,-3.3749760232729162,-3.4017475082031554,-3.3702721112582164,-3.370272114260792
-3.2394111527925986,-3.2042551805014803,-3.19302564978055,-3.2723475741598738,-3.0394112563365683,-3.1182396089681217,-3.0945132704535525,-3.192890089605636,-3.366316642556605,-3.3899585313255653,-3.370960661527171,-3.3709606641230203
-3.233958417904925,-3.2164520244252532,-3.1986021629452535,-3.2762541238542187,-3.0552531422597884,-3.145349817539588,-3.1435310816891335,-3.2153129415605717,1.4691458439062646,2.987600307843549,3.1026132748483963,3.1026134743230207
-3.098024615812623,-3.114386754902357,-3.1140321168183696,-3.179635897457907,-2.8664208983258175,-3.044114793634464,-2.989145524712429,-3.051014605846267,-3.212732165441089,-3.2707105262785268,-3.271671419502969,-3.2716714166357126
-3.1030902649395604,-3.0977283072063795,-3.082263146340874,-3.135367346755137,-2.9191942707175107,-3.0625568178322857,-3.031777823106592,-3.1106114293881078,-3.231336827715228,-3.2833977980317535,-3.2859818081556753,-3.285981805756079
-3.0837408476535186,-3.076469009336182,-3.0808002542192408,-3.1321875569372564,-2.952504307055438,-3.0772460953379377,-3.0642670235677616,-3.1721503103548074,-3.24552754055264,-3.2949172226136434,-3.3062912115711116,-3.3062912091579304
-3.173265747606587,-3.203666828439057,-3.08873417512892,-3.144246895345641,-2.964104352036944,-3.0638192928938297,-3.0681241397212546,-3.149707009574665,-3.202012662456535,-3.254253672098998,-3.26311045901545,-3.2631104558687776
-3.1496659971084684,-3.1613679117740396,-3.1215077035531933,-3.178182160558084,-3.0189811409938883,-3.097256819392602,-3.1230714507806114,-3.2075927124312003,-3.2227009240355233,-3.270115257597851,-3.2859293230680695,-3.2859293201266677
-3.203177137868988,-3.2362089816902406,-3.1486001899750007,-3.207846962071724,-3.0657005063917118,-3.129920457640436,-3.1776325179546747,-3.255717582681441,-3.2373265777540103,-3.2817213489119146,-3.309513730034336,-3.3095137270691577
-3.2186919582564104,-3.22861829160028,-3.140136468167811,-3.180241478590097,-3.0874424295441663,-3.1294506257676833,-3.175361950875174,-3.2462201161577497,-3.245550850746245,-3.283869417404702,-3.308229829904783,-3.30822982752417
-3.1444468372090224,-3.1583304828443177,-3.170773831352959,-3.2228243090821227,-3.1151468766323633,-3.159719976866171,-3.212320580733244,-3.265200505582275,-3.266907655257746,-3.30143495414647,-3.331919808807416,-3.331919806566469
-3.220955292372751,-3.2607809539683554,-3.202274523318469,-3.2708247399455965,-3.1397751897052455,-3.1913007005678473,-3.2504837230046806,-3.287497330338901,-3.2817089051450434,-3.3138672234787503,-3.3532767628062787,-3.353276760557176
-3.2617083774941715,-3.28076592545199,-3.215396674834788,-3.284693911358829,-3.123393767826231,-3.2114006063779845,-3.256199107735029,-3.2883655910397973,-3.2899006727817315,-3.3175574407945847,-3.3675682105257545,-3.367568208194061
-3.2467738664112034,-3.2836880541826474,-3.2233712673925097,-3.2786996820373577,-3.130768546485755,-3.2360601282543953,-3.2573209967653365,-3.2856571481655945,-3.3097967104303088,-3.333949126520268,-3.3598085845300245,-3.359808583524131
-3.18768628000822,-3.2373536786900425,-3.2392860306649136,-3.291346514726968,-3.017843424753689,-3.17464365973386,-3.134652180855977,-3.058969835449504,-3.1821036766533384,-3.2176533605953113,-3.2054761108892746,-3.2054761076903397
-3.3885693406310544,-3.4337577172899874,-3.2730976936583,-3.329650668669929,-3.1020417880216553,-3.193615095662925,-3.156497045019082,-3.156559186467344,-3.2019820447341507,-3.2324623566722437,-3.1948546478649327,-3.1948546454387303
-3.486322941344007,-3.5261215960535237,-3.3211136355568374,-3.381388379615292,-3.168125241401948,-3.2371397611149773,-3.204809151693854,-3.225167732366562,-3.215558944794119,-3.2437234261324983,-3.22035155359582,-3.2203515511709506
-3.453807352970294,-3.4670522083870656,-3.413340172903541,-3.467820550624484,-3.1439461108488658,-3.2280981374927404,-3.162550863727117,-3.0983682171017253,-3.137064120052695,-3.166762986791481,-3.099019196327622,-3.09901919373601
-3.4441903295412093,-3.466545369242948,-3.3790365450587863,-3.4219170777867305,-3.175340471388131,-3.201861387929049,-3.103133578835771,-3.039807288291232,-3.0909187512377443,-3.1250108994727377,-2.9784567605353978,-2.9784567589111965
-3.391133623794789,-3.446398253247754,-3.345014356651859,-3.389399290887321,-3.269818359514636,-3.251823280556759,-3.1519105340528157,-3.095859349928073,-3.09694327186259,-3.1280614899738453,-2.9999975602633864,-2.9999975587271273
-3.0524851127441295,-3.127215581982739,-3.1882519590893463,-3.2393652242117756,-3.101998711941361,-3.1957481060583333,-3.040071038153224,-2.942690057335249,-3.0322180630807645,-3.0627592218369397,-2.894489580416379,-2.894489579675696
-3.105890293851826,-3.129220562400345,-3.1533765284414987,-3.195850563920258,-3.094403531123825,-3.207154266214985,-3.0322156645314813,-2.993741504450218,-3.017781441310149,-3.0462972119644,-2.8977999332536255,-2.8977999325435153
-3.21437532787587,-3.2098144016386057,-3.143992047064996,-3.1804837228548535,-3.07247194414781,-3.1826343896576073,-2.9836998633334018,-2.950931297305665,-2.979589047472711,-3.0072870949753536,-2.8491288374479993,-2.8491288367871506
-3.2440952064053867,-3.1884284522901645,-3.1363927079583993,-3.1696797569466915,-3.146555112331789,-3.224693242768236,-3.0229814707752802,-3.0326647040202204,-3.003796579133271,-3.027912727083244,-2.886061362175175,-2.886061361612608
-3.2609937247859833,-3.238435059359836,-3.0969493524162046,-3.142614421238956,-3.0029127204904764,-3.1422293115764717,-2.9543356499857714,-3.0049750782991422,-2.9853028299829765,-3.010780155169839,-2.880989724806436,-2.880989723954332
-3.114630608104344,-3.1065707879465787,-3.0893004687045096,-3.130491722694213,-3.0663881695284383,-3.1789967603175167,-3.010951702972661,-3.059471597770526,-3.008112500174919,-3.0307803897127332,-2.917576984134302,-2.917576983392665
-3.364920606130214,-3.3436002207799898,-3.1062740754335874,-3.13398931714515,-3.139322219459897,-3.223874873947556,-3.0570987577974083,-3.128733717934274,-3.0334275334451797,-3.0527466584928993,-2.9490406638609556,-2.949040663680508
-3.422346657149271,-3.3878125976604436,-3.158544577303685,-3.148800740716903,-3.1705397691337467,-3.2571719972571906,-3.06674935380394,-3.2010499806266988,-3.053183561122113,-3.072522331073631,-2.9813554431173017,-2.9813554433093525
33.75337971457238,32.406276694092135,15.521702854206314,14.40985237226483,9.043028761153256,19.892466841500507,0.25357986942589417,10.886992244708305,-0.4073670300232686,1.3388740208048682,-2.964870848871028,-2.964870849588902
-3.3598901751463957,-3.347198130959739,-3.0862661742634727,-3.114631803049613,-2.7928338055273905,-3.040739564592134,-2.7858210891430333,-2.992592499675352,-2.9292998482115173,-2.9470372618799074,-2.8553580499976885,-2.8553580491709227
-3.353750797784393,-3.3395660142261363,-3.058726994709426,-3.1030833012661083,-2.8746496020079744,-3.068385237062941,-2.8094783041711064,-2.9971201888736103,-2.921259492548587,-2.9369330357391634,-2.8625924726058516,-2.8625924716078313
-3.3431983632593534,-3.3268696630867556,-3.0348692455921507,-3.0713232407419855,-2.957234528248842,-3.1041181199953534,-2.8609701829127383,-3.0312146729184297,-2.9380780324872804,-2.9485165120863472,-2.885428241365287,-2.885428240817071
-3.3689317435247514,-3.351310780875629,-3.083033306131464,-3.1131008589747893,-3.046074918452209,-3.159773966791616,-2.8919053417499634,-3.082352839921557,-2.946736994556533,-2.9511958381914907,-2.881776312031051,-2.8817763123178297
-3.3521702857570217,-3.334787104559126,-3.052779518652517,-3.0946377274596704,-3.0537170959036617,-3.1322956356335996,-2.8859918057564693,-3.0549220189577424,-2.9503374168329226,-2.954832250399705,-2.890084830970924,-2.8900848311663943
-3.3396833456525057,-3.322273329918555,-3.0411772721878387,-3.083368294714401,-3.0570934057435992,-3.1119944237479698,-2.8843914420393615,-3.0344381806430105,-2.9662544810646603,-2.9675460061775545,-2.8926800872284217,-2.89268008805131
-3.3270873263187792,-3.308812225991215,-3.020705152637089,-3.075819746117331,-3.1195369433013638,-3.1219096422208907,-2.933206165632496,-3.0530591571763774,-2.983793660159127,-2.9839232330443632,-2.9266773573172022,-2.9266773585780195
-3.322240579045957,-3.3039252572828977,-2.9825490818808698,-3.0482672323674453,-3.1597103304518606,-3.146166027010387,-2.9871759499250534,-3.0790295885318892,-3.0026398140313364,-3.000997346004185,-2.9611950902395883,-2.9611950914854095
-3.3383611126285135,-3.326357439295107,-2.9734164155465854,-3.051969228337443,-3.141498330788344,-3.1517546251623663,-2.98210506679384,-3.068750253509475,-2.9761189036867846,-2.9740936612495275,-2.8937839960683367,-2.8937839978574926
-3.3506099202566086,-3.339849679849205,-2.9808877848440805,-3.0686222104897416,-3.150666833187195,-3.176633398329784,-3.0227754079705553,-3.1006770451234242,-2.99442593994649,-2.990430805352443,-2.9316733568916673,-2.9316733585952357
26.279101202700303,25.11349825571182,-2.9955318344385846,0.4389248503011278,6.529853877561328,12.02686681079393,-0.8111836655141054,3.662502883158682,-3.0167022085255897,-3.0103314568451305,-2.9713794982411663,-2.9713794999071412
-3.3065553264087595,-3.3037190325371983,-2.976571958361858,-3.05044636536849,-2.8044838824520415,-3.0092310867838328,-2.8150492984589275,-2.899714296890335,-2.891866266172233,-2.8928840609578477,-2.7526812432316348,-2.7526812449009244
-3.2987800938305867,-3.2953735068455257,-2.938336933538358,-3.002711367914575,-2.8892699690418304,-3.0317859905705657,-2.869149481613496,-2.951212962768478,-2.9030323095352752,-2.9032022484341877,-2.789079950405471,-2.7890799519372074
-3.3025091015450503,-3.297939574464096,-2.921616782070315,-2.9722404366506874,-2.9478849825768965,-3.069313321690782,-2.9357559449542077,-2.9919889271423195,-2.92762625502088,-2.924822248874922,-2.831932943568841,-2.831932945129793
-3.311474845990191,-3.3054416747614335,-2.921818668295181,-2.9616546108895214,-2.9964343543412357,-3.1191501844379497,-3.011255556483545,-3.043784495783104,-2.948300192870318,-2.9432570966986518,-2.8714540588696806,-2.8714540604972676
-3.3117884507951882,-3.305310889417663,-2.924914206846578,-2.9524495446449226,-2.9457995512757718,-3.0871000455998243,-2.987556599363705,-3.070674763903714,-2.9376502123386623,-2.931588590813411,-2.8561749081839483,-2.856174909768658
-3.320145214324866,-3.311989456150418,-2.9370751694562087,-2.9539029114631123,-2.993118435622872,-3.118831094067948,-3.052478837452391,-3.1298857344093096,-2.9583339066874195,-2.9501002013556588,-2.8982695841051482,-2.8982695856806426
7.100507038775344,6.279270396450374,-2.959345058066204,-2.967563454517508,-3.0303293738688426,-3.154453778620113,-3.0960247863941595,-3.165863431042159,-2.9647349226970325,-2.956213264781267,-2.9252915106244437,-2.9252915120001868
-3.283561524536166,-3.2405057531441286,-2.964081366281072,-2.9701520577817533,-2.853399176522385,-3.0229455339641307,-2.9274649531470516,-3.092881061583872,-2.8930729841924405,-2.8899012562968656,-2.8275557728654297,-2.8275557736992614
-3.292904702992242,-3.2509570550227274,-2.971108797381671,-2.9725721987132214,-2.9562493187755323,-3.0461969474171986,-2.9651099593069516,-3.144297549669276,-2.9008177596496827,-2.8964154568833713,-2.8410605325422678,-2.8410605334301797
-3.313594940503549,-3.2710730831878285,-3.000484533320205,-2.9936456163198586,-3.057575578698146,-3.095545579303335,-3.0086711356017313,-3.2127483240706,-2.9211232627611485,-2.913753393008805,-2.8750843831512825,-2.875084384265784
-3.3160874265779445,-3.2721580421417884,-3.023383552956163,-3.018405799487856,-3.1448531017026857,-3.145407328943077,-3.0689816776602696,-3.2846229783195464,-2.9411601377565932,-2.9327182453196374,-2.9191650195433585,-2.9191650205988253
-3.3223733891585017,-3.277232949065564,-3.052711900951719,-3.044743938195637,-3.1979580860138492,-3.1920385692129916,-3.10617984867893,-3.301917311373076,-2.9574151871722343,-2.9475329703005846,-2.950332572912039,-2.9503325739310213
-3.322392066367091,-3.275176854741981,-3.076190702109983,-3.068474659900476,-3.2365052541951234,-3.2259265252240152,-3.151447640398757,-3.3372318946029362,-2.9813568447419425,-2.969552549846527,-2.991387586408475,-2.9913875874540525
-3.3290605543611322,-3.28050219738445,-3.1111630622486075,-3.1006442101036438,-3.2685537517510577,-3.2650228659430214,-3.186392733300442,-3.368332241322797,-2.9987845681444747,-2.985650701522917,-3.025709920983447,-3.0257099220439043
-3.342698310172582,-3.29334675237084,-3.1602785366558415,-3.1435802667095816,-3.3108682922462487,-3.3084627665258766,-3.209601038545521,-3.401781070243829,-3.0171474734425106,-3.0022812564886614,-3.0517990594137343,-3.05179906063793
-3.355319223592208,-3.3058053045599416,-3.203142491325813,-3.1899227718679066,-3.2464172034036194,-3.2911509399076704,-3.163434752841122,-3.353713918304325,-2.978383785068338,-2.9684154396900935,-3.0113520840360026,-3.011352084594456
-3.351531256892501,-3.3011772266068378,-3.2164867970122595,-3.2097335180990187,-3.311104831831283,-3.3085268448229836,-3.2060249520037924,-3.415049208608643,-3.0020331706046157,-2.990268858450328,-3.048178778316654,-3.048178779051348
