lstm_normal,lstm_student,gru_normal,gru_student,bekk_lstm_scalar,bekk_lstm_vector,bekk_lstm_mix,neural_bekk_asym_diag,bekk_symmetric,bekk_asymmetric,dcc,adcc
-3.0554112415258117,-2.949708558011116,-2.894207254616497,-2.823206834360656,-2.8601213535161945,-2.9495286007304538,-2.8810283206665375,-2.874125141839092,-2.8210216607903087,-2.796680735341916,-2.8565428335262615,-2.856542828757517
-2.987600934518454,-2.8935495554556194,-2.9036533867966825,-2.8290777427979044,-2.869203525757911,-2.9627772646431563,-2.8778592793054982,-2.8717402087018518,-2.825788055265052,-2.8020791434070067,-2.8723034227337885,-2.872303417780596
-3.0202148760148457,-2.9389632281942792,-2.9014333059009605,-2.827472280746783,-2.844610629129024,-2.936167134702332,-2.855211140128172,-2.8798453556023524,-2.8296236266106214,-2.8055498825854563,-2.8672260318984573,-2.8672260270179026
-2.9670947759049167,-2.8619699290954506,-2.880966521836159,-2.826233433700835,-2.8395240531675743,-2.8967063859753135,-2.8373386176080255,-2.8841045254228996,-2.8347657444200243,-2.8130565974228454,-2.8861432632792177,-2.8861432582606867
-3.046368583473011,-2.9326153319595116,-2.875170496132902,-2.825489938226774,-2.8119582881675864,-2.873692437587595,-2.799540899967162,-2.8120326743127357,-2.8205657195314178,-2.8010688101309493,-2.8623706249295813,-2.862370619407901
-2.9661767663654564,-2.874312138165726,-2.8435135183075175,-2.81478429012196,-2.7657936633081164,-2.800099886827043,-2.763909693109662,-2.784725696916111,-2.80791102163015,-2.784518720286146,-2.847485330842143,-2.8474853252678423
-2.984295661975265,-2.865203359442893,-2.8368388846803527,-2.8199278530691685,-2.776366493399177,-2.8260589634214743,-2.7787793651932637,-2.802139955039789,-2.8244114025992437,-2.800231992899089,-2.8725766603547456,-2.872576654930312
-2.9329236684020685,-2.863283245181719,-2.823564604302411,-2.8117011213860037,-2.7860166302330764,-2.8278225484060244,-2.7751485406873337,-2.77205873980342,-2.8311228879009884,-2.8060504587378374,-2.841253718759831,-2.8412537149495645
-2.8815922075096214,-2.716663518215976,-2.8135863609420726,-2.8091441841362026,-2.783487354964759,-2.813484864553534,-2.764844716354265,-2.762502557186343,-2.8342636845040774,-2.8095870889319996,-2.8536034566670128,-2.8536034528370897
-2.885235781700075,-2.7572107410158226,-2.793393866819435,-2.7896022184456886,-2.759473929402156,-2.7717568432843347,-2.7355507907555383,-2.6895263616751888,-2.816802996849286,-2.7939148276317765,-2.8124346056012,-2.812434602158652
-2.8093907950049535,-2.7765047552868065,-2.762298848985262,-2.7483987393648905,-2.7232388898180178,-2.701180649156736,-2.7008640967976487,-2.688019787813568,-2.8078442352641475,-2.785399647328846,-2.78291960158264,-2.782919598105694
-2.8425042194747263,-2.7599167969527523,-2.7590598892430873,-2.7458088794448896,-2.781042774878241,-2.7304982199638976,-2.7579261781802487,-2.718235599358465,-2.815733469165826,-2.7932601128199908,-2.807130846377879,-2.807130842741377
-2.7907659387453956,-2.78007204129183,-2.755461915890609,-2.74261625150798,-2.82438241355179,-2.753943684243732,-2.8035567891833244,-2.751506814128291,-2.7999714388654895,-2.781791966718017,-2.8119669915504764,-2.811966987379508
-2.839921823189484,-2.8237189240117915,-2.765128850517071,-2.7495037256423056,-2.8749157704513273,-2.783648067176018,-2.853478664537236,-2.7848671217325065,-2.803008409595106,-2.7861020317214713,-2.8322598347689927,-2.832259830230728
-2.8046611816784477,-2.765793855903127,-2.7309126484376454,-2.735391757538571,-2.8664042922758375,-2.7421055050122414,-2.825506497335118,-2.7869440713694713,-2.813570208707793,-2.798346657995681,-2.841557792100558,-2.841557787811194
-2.8603873119576555,-2.8173194174494727,-2.7566204160045213,-2.761045530159217,-2.9068979594365203,-2.7955093712277916,-2.854823404310957,-2.824898161337629,-2.8336955641516632,-2.8169235165251774,-2.871999550987082,-2.8719995466725203
-2.918158018302316,-2.805501020923687,-2.7479665639749977,-2.7579348319693926,-2.892189949359431,-2.7889546003404693,-2.8342640382064235,-2.8305567711285953,-2.8465027568177104,-2.8304399714826602,-2.880480796040887,-2.880480792242
-2.8304610870527274,-2.688478928813266,-2.7539224077664484,-2.761146661032506,-2.903123222498426,-2.792444365250439,-2.8380461983754763,-2.844760172526172,-2.865497154995594,-2.847994630686951,-2.9120231375969343,-2.9120231336970943
-2.954397005786358,-2.8032715436145623,-2.7704660188564834,-2.7660773917761095,-2.919134050813428,-2.820967158084164,-2.854834117144284,-2.8537488693211563,-2.8753666808737206,-2.857507284606431,-2.9339762374684466,-2.9339762333762143
-2.9212343541574515,-2.7869990898260597,-2.776042227659559,-2.7681004643583504,-2.918477112753205,-2.833508031052022,-2.8534271540752214,-2.843049423242646,-2.8934679621260426,-2.874028913398529,-2.939737525529288,-2.9397375220200566
-2.880838040349978,-2.6903672477527123,-2.7600193168140823,-2.748281930580217,-2.832484598000791,-2.794682721677368,-2.801755721086659,-2.7966895995834613,-2.8745412997997133,-2.858819279526946,-2.939100318561508,-2.9391003143046106
-2.770281407418457,-2.6394470382624315,-2.7053488463482966,-2.6949031631434153,-2.689359816040963,-2.710076622511672,-2.6985132861032897,-2.607089858861196,-2.815715300346036,-2.805254108242438,-2.8169883165877616,-2.8169883123805253
-2.6335269916956605,-2.5911461548609505,-2.6345222224905376,-2.629009203231873,-2.625972189117406,-2.6687379395860007,-2.6603021481793094,-2.600291940521766,-2.784570050539973,-2.7793961133992893,-2.7957432499493406,-2.795743245315623
-2.553338710668786,-2.4579818729392695,-2.6040598730449545,-2.6037845600864644,-2.6332226466168756,-2.6300442465105656,-2.6310029229404055,-2.55394662012444,-2.7849890878503136,-2.7772781233786694,-2.738320000443955,-2.7383199973994667
-2.5700316376161636,-2.5054550249550362,-2.593531028191463,-2.59197683689948,-2.6597859267321553,-2.6047448507061577,-2.632372454841626,-2.549876829358341,-2.777111951247471,-2.7699782664312487,-2.738647895774024,-2.738647892387684
-2.4172304313910495,-2.347785107949211,-2.5848532800571706,-2.5887569262198613,-2.5557223484201375,-2.486354140904777,-2.5040431642916694,-2.532430493927689,-2.768100437634111,-2.757429159556063,-2.6212082101427727,-2.621208209429416
-2.390912940048049,-2.3342931353451246,-2.5550577221330566,-2.5621895471907665,-2.614149466267434,-2.4809123102045847,-2.533255998526246,-2.555451368689058,-2.782868628283043,-2.7710783152607683,-2.645953634586113,-2.6459536337086305
-2.3959539830399645,-2.3153210095789047,-2.523000417001879,-2.530419773187041,-2.644612492769648,-2.4854872616947037,-2.5602984441679766,-2.575420888496325,-2.7988376486415385,-2.785632449722269,-2.666252622991325,-2.66625262211233
-2.4303430605831386,-2.3643929781624164,-2.486655697374068,-2.501820900782936,-2.663821784951902,-2.457394644549986,-2.552084086177946,-2.5812068107963637,-2.8147609297991525,-2.800115054713385,-2.6410522295197776,-2.6410522298758803
-2.4160464259138874,-2.3799604440370556,-2.4486915404564122,-2.465997298221967,-2.720959587656627,-2.443002455614525,-2.5801672073741857,-2.6208153936198495,-2.8076655460845914,-2.796987148535038,-2.657480750296345,-2.6574807503283533
-2.4855706176962413,-2.426288911441282,-2.4462102271600146,-2.4652496769460317,-2.701611361607249,-2.4158500828725593,-2.5718770715833434,-2.5950146066147486,-2.7790431518094025,-2.769663815637707,-2.6391605180453683,-2.6391605175193256
-2.4705158018573057,-2.4269336331874514,-2.4570221675759534,-2.4777429686498116,-2.732652421353314,-2.4157346922267444,-2.6023707162787533,-2.604572768286551,-2.7902761347197016,-2.7793459528660285,-2.6581074370981534,-2.6581074363078048
-2.5478639083684667,-2.5230311567837886,-2.4800853146839166,-2.4973426346868823,-2.7344588781847743,-2.406861253685453,-2.6118729625180004,-2.6099950891095247,-2.8004527498544776,-2.787439297667432,-2.6633212982093237,-2.663321297346179
-2.5587626914377006,-2.4591154909021182,-2.498931765863106,-2.512377952865382,-2.735761000326969,-2.4143201207124143,-2.62656442723958,-2.6342133078474315,-2.8093916899331846,-2.796469759118965,-2.6904263296928055,-2.6904263284857857
-2.5618687383780374,-2.4336286858620895,-2.508350967781656,-2.516823101904609,-2.744820047248804,-2.424806304958446,-2.6504278486758475,-2.6506626370378923,-2.824516495323455,-2.809943692405848,-2.7123663730132317,-2.712366371732481
-2.646161692237396,-2.5248325649529977,-2.528086913525541,-2.5284059546463604,-2.721793935399429,-2.439923172918277,-2.6567472594006385,-2.6560743437967695,-2.824058783397255,-2.8060454215534616,-2.7311894477885645,-2.7311894460994792
-2.601410514821146,-2.4747025911369915,-2.538390874743826,-2.5224010937750827,-2.729787041042183,-2.4617887276318333,-2.677153860630926,-2.6784001004551934,-2.7978425870259853,-2.7846084826148436,-2.7409496799420405,-2.7409496773793665
-2.6344137963856884,-2.563730041721764,-2.552670437069835,-2.5424136349168265,-2.72418875712534,-2.4640774089687048,-2.6750188819106464,-2.6937947321046734,-2.8031810131556107,-2.7917786453694275,-2.749614205413866,-2.7496142030441413
-2.6346984789379087,-2.55251605576923,-2.5623689234005824,-2.5430100223007623,-2.76631975615308,-2.4882284583519314,-2.700046123637776,-2.718766533951057,-2.810758946843625,-2.8000858038577356,-2.774473201206148,-2.7744731983357465
-2.600345211887669,-2.5164017164706887,-2.5807920860739686,-2.554472112710547,-2.7820425478616624,-2.5161145402188265,-2.722745043874049,-2.7380061051353923,-2.8255386596107686,-2.8135050211572814,-2.7936329342875337,-2.7936329312678416
-2.627558419517376,-2.6015399356830833,-2.6199811199653222,-2.5837655187922337,-2.744007892327101,-2.5277456960712557,-2.7018925687860493,-2.7012683109202995,-2.7973246739579856,-2.7858408155474277,-2.7618417083896984,-2.761841704925037
-2.6342589108983643,-2.5847621296286025,-2.63707264982892,-2.5969163134932503,-2.736688335516027,-2.536205453902835,-2.7076450014288707,-2.6829131886293256,-2.7992744390348054,-2.7872595409796888,-2.763265066492099,-2.7632650628345683
-2.597001966807404,-2.583308272903228,-2.6396960266473486,-2.5918425583682243,-2.791230797045833,-2.565102381440281,-2.745711064677716,-2.7134975638964223,-2.813419546922974,-2.8008040547160222,-2.7888537351410334,-2.788853731194002
-2.7637552588736467,-2.7281069949581847,-2.6530538427886405,-2.601575868151227,-2.840449351423198,-2.598356118510826,-2.787086510797889,-2.748153984548431,-2.8272088092782184,-2.813504198977596,-2.8158895724897897,-2.815889568333063
-2.638520713294435,-2.561741180452514,-2.6487330501403856,-2.605106208746407,-2.8165350602739347,-2.5949068846779335,-2.767186139105065,-2.777851819852041,-2.833324136075988,-2.8181802389635355,-2.800113112216606,-2.800113108422764
-2.7302081679248262,-2.6642379992207825,-2.654689781075149,-2.615763023649767,-2.821070189155649,-2.5881043153444883,-2.7688729917431196,-2.772283025787303,-2.8419896955146,-2.8258225838725766,-2.800142608458404,-2.8001426051657887
-2.762810955794216,-2.71267738173463,-2.6579947635412413,-2.6161739416405463,-2.8108244654510184,-2.587702550360884,-2.765610245033101,-2.768404546682926,-2.8456959742590238,-2.8296648481890854,-2.8090987642482155,-2.8090987608548326
-2.667574818536349,-2.5699392831376366,-2.660470107466296,-2.609562881024582,-2.8402056203106163,-2.60134019198606,-2.7888630224312134,-2.795374726473198,-2.8402523856463286,-2.8251880645052405,-2.8162580726542656,-2.816258068873345
-2.6381439357480287,-2.5421078844686744,-2.6651563758129857,-2.6137102135739827,-2.862671455339968,-2.6161413479794104,-2.809937489878327,-2.803159648658708,-2.8552573592590393,-2.8391209211192683,-2.8312325348927962,-2.831232531266573
-2.702993111622316,-2.5926800930546285,-2.6877988802506336,-2.630932566637491,-2.885562483149184,-2.6368106414661323,-2.8289902443380406,-2.8230288003104955,-2.8708408628695015,-2.853805644363746,-2.8544874175282753,-2.854487413926038
-2.753561363896746,-2.582562996898832,-2.706936451369317,-2.645123714587977,-2.870648979544235,-2.641672968210043,-2.823913451717226,-2.8367535665733126,-2.8848239911901685,-2.8673702891722823,-2.8752791213503457,-2.875279117386081
-2.8619539764133752,-2.5033030812012647,-2.725165961824845,-2.6578192122644615,-2.85401073786111,-2.6423510149709744,-2.8135712846781953,-2.8408618493979954,-2.9001625991516775,-2.881891453960115,-2.889317159829926,-2.889317156205073
-2.828394290154333,-2.5788876714078346,-2.699380180431956,-2.6256427736386705,-2.7980233279996467,-2.604511117582256,-2.7653217011066333,-2.7773276211077564,-2.851819104693945,-2.844660823967335,-2.869854518730421,-2.8698545137043103
-2.7048956137689926,-2.44857842388346,-2.7046425270178758,-2.6319721173506005,-2.817785512522428,-2.604143436429631,-2.7722244658528075,-2.793839102336906,-2.858851682620804,-2.851279339598562,-2.885253587018834,-2.88525358176934
-2.687588844885722,-2.430234365359568,-2.726237399371197,-2.651828294032902,-2.7952484841139547,-2.612969779768638,-2.7525396218917564,-2.7994473682033285,-2.851937784348942,-2.842680943054349,-2.8751524781420352,-2.875152472815762
1.1598544597447433,-2.542686654665993,-2.720553414912785,-2.6671467326138143,-2.66521884329463,-2.6262486434547077,-2.754221133975215,-0.2314234184565258,4.696234975583476,3.144534742715818,6.453031509984955,6.453030987038062
-2.57683697604869,-2.315858232259324,-2.6411898315059608,-2.609651287757383,-2.4819008691611493,-2.4217060601953,-2.479583967794386,-2.781696207690227,-2.7775842987731933,-2.801980845612714,-2.660098515014844,-2.660098511060684
-2.3708270937716964,-2.247354127074054,-2.5937380160996466,-2.5748003482306077,-2.567513921213292,-2.422303773911732,-2.527833566858993,-2.792564204464215,-2.783294761997723,-2.807485779818076,-2.68170636489662,-2.6817063606752107
-2.4129785744616745,-2.3113899678237995,-2.5552988663580365,-2.544364605722805,-2.6198842838135548,-2.435004350608637,-2.5741031963545478,-2.781946223544626,-2.7954084678265936,-2.8180511932238548,-2.6974405755122315,-2.6974405713176504
-2.5097163562584917,-2.3755372058862276,-2.5371393842743006,-2.5318763903604085,-2.6696495721021996,-2.4554476229132813,-2.6218723871924707,-2.7803172368097275,-2.8068828121591647,-2.827832624744273,-2.715486417824897,-2.715486413444415
-2.5565246537490904,-2.4936521918742085,-2.5244958399813413,-2.5198579287188654,-2.618274679530321,-2.4442244424098636,-2.597614091985621,-2.7326096682676866,-2.771736844993287,-2.7961575679505026,-2.7067690350547773,-2.706769029869598
-2.4955174869999843,-2.358032503490387,-2.513904627914527,-2.506504628396258,-2.667263051559198,-2.4772788905204823,-2.637223167511145,-2.7337856446851276,-2.7851906334789667,-2.808061119671085,-2.7092887521062097,-2.709288747445917
-2.518631123709766,-2.3924931927977715,-2.524142501077563,-2.5088386904245183,-2.7213164461402783,-2.5108336177892157,-2.6914585094699626,-2.7439134468642767,-2.797679977920959,-2.819046027094626,-2.7315862319838495,-2.7315862271715936
-2.5638388556033362,-2.3984765315063323,-2.5532843892696957,-2.5299321103341126,-2.7718380615682596,-2.5676320037129927,-2.7425288134684678,-2.760489219146566,-2.8100717810682956,-2.8302920609044895,-2.75929327063891,-2.759293265527086
-2.6932562346104945,-2.5502869423212395,-2.577708804973789,-2.545486525295508,-2.8131444897484466,-2.6067572007977704,-2.782070291404426,-2.787432143327598,-2.822655588958647,-2.841509087444776,-2.775633241080091,-2.7756332359123412
-2.7121642916438673,-2.5215166904378346,-2.6010538689262646,-2.555001986184317,-2.8132219205704008,-2.6479354115812077,-2.8022853710237685,-2.8028825887202,-2.8157000291382577,-2.8350507948502477,-2.7810323891137827,-2.781032383541526
-2.7877182425965006,-2.6573547774031603,-2.633971893755314,-2.5726194574420473,-2.847287762278811,-2.702368066507123,-2.8475510648525795,-2.8259440905820363,-2.8239653050975173,-2.8424638009161725,-2.8041026064494674,-2.8041026006167313
-2.8134064601227817,-2.6205339435720916,-2.68336747361879,-2.6062045193906664,-2.870873308244422,-2.7493072522735664,-2.8717153031984983,-2.8434672861240764,-2.8364069386226807,-2.8539570016368807,-2.8306604604468024,-2.830660454304708
-2.972527004718327,-2.7188418171419215,-2.728149619015619,-2.632881093866697,-2.8885846275948266,-2.7922462071699146,-2.890529490369657,-2.8460635204255964,-2.839454970442215,-2.857218376269893,-2.8480417321885643,-2.8480417256221786
-2.9117575762881294,-2.6944217812520175,-2.7331961622061556,-2.6356829792267567,-2.930065947720858,-2.8080223020710275,-2.9048134529044924,-2.906592824537827,-2.8399453123424103,-2.859429081277515,-2.8629042276483005,-2.862904220866719
-2.8396523748572684,-2.658350032034239,-2.774118817429563,-2.6767455655987638,-2.828995753321638,-2.7116565716545447,-2.793452936411123,-2.9012612393768036,-2.8139790379792617,-2.832332689107895,-2.808151996310745,-2.808151990251309
-2.7696318895242533,-2.6229260519200364,-2.7934260818043617,-2.7025475647274035,-2.8698223635415046,-2.72487381032961,-2.820059110519618,-2.905965896168097,-2.8220951327390984,-2.837622099994819,-2.8304703824646325,-2.830470376074379
-2.73440219017644,-2.4937443482402046,-2.7791375709280426,-2.7104059735488937,-2.875551481515452,-2.723922216567671,-2.8130148084247315,-2.8880638543009645,-2.8347400544612547,-2.8504151613783137,-2.8293870753536585,-2.8293870696640067
-2.6327548724641265,-2.387213967907509,-2.7446503437870096,-2.6933075150467607,-2.732396503722088,-2.6672969691444597,-2.7222737487762085,-2.7781718913401394,-2.7827036679567785,-2.8061112649002697,-2.810025991335035,-2.8100259843084023
-2.620555265206085,-2.3758397039682553,-2.7168660706932664,-2.663657381963448,-2.6475614252552626,-2.630818786401544,-2.6633195183249434,-2.7273903824096632,-2.7549222667929585,-2.780638265721779,-2.7905926547271216,-2.790592647057302
-2.5120012121761603,-2.3278110703219945,-2.70571276136269,-2.6457930661091114,-2.6790228110535654,-2.6482429202538573,-2.69323573208505,-2.7383159693257437,-2.756129731728228,-2.7824145103295854,-2.797113805836905,-2.797113797953082
-2.5078116772170764,-2.3439883673300677,-2.695745998418814,-2.638198746644736,-2.7129692974030926,-2.656251687839438,-2.7281633581008045,-2.73989005425339,-2.767486612414648,-2.793054199533387,-2.808214691714623,-2.8082146837609843
-2.599627639928537,-2.4130970961493583,-2.715613781166545,-2.6544433450595957,-2.7540842703079322,-2.6877454895214057,-2.774098736786449,-2.773256197467599,-2.7575191012091946,-2.7846172599326438,-2.8173018464143573,-2.817301837844164
-2.595810730545149,-2.4624798018692333,-2.735052806599609,-2.6764508010183974,-2.799080003115567,-2.676761787967701,-2.7828524108057966,-2.8008736790208917,-2.7734291230173125,-2.798844197444245,-2.812082312547954,-2.8120823048341648
-2.6687741880224642,-2.478952724604829,-2.7595528248846746,-2.700960607496481,-2.8559745709947526,-2.7076540854509665,-2.820770050149532,-2.8235564850814594,-2.789252574667241,-2.8136661506248792,-2.8352409446900193,-2.835240936850074
-2.639554400229111,-2.4347946562058063,-2.73475847367302,-2.6847286252785163,-2.761623774898726,-2.691641650955331,-2.7551293899507447,-2.7645088899722357,-2.75865365853783,-2.7530716994518185,-2.8361826171980082,-2.8361826076278334
-2.571132002099196,-2.4028150678015785,-2.7164238258290645,-2.6697513374935298,-2.7731662993446453,-2.71214336985643,-2.7639386646159503,-2.7910267829945026,-2.7758591655287614,-2.7710570905833527,-2.857156174217191,-2.8571561646594166
-2.620698728622884,-2.434385906508199,-2.722770207278918,-2.6709808644787896,-2.7535318945541984,-2.708046882879749,-2.7462201129952035,-2.7592609866063627,-2.775882771504157,-2.7736080600657727,-2.8490490517780134,-2.84904904208652
-2.6300181468687787,-2.53401075452721,-2.6961598469092194,-2.6414454162383905,-2.7179238964140633,-2.676881267362126,-2.7193509717857354,-2.6967526188539437,-2.7552598206182073,-2.7601266319123177,-2.8308461562725364,-2.830846145881055
-2.6316318507665493,-2.5545111386366277,-2.6974473737622002,-2.642618477308268,-2.7765605709590777,-2.7004405536015392,-2.7578637680066604,-2.742374682334044,-2.760159976266316,-2.7673634051626137,-2.8479263734879434,-2.8479263627614686
-2.659902121023336,-2.6057984542051345,-2.7080504686944313,-2.6567820188736655,-2.792843368649237,-2.726364968947862,-2.7634473845715597,-2.7709751261106628,-2.7653147833040173,-2.7660635288665607,-2.8691503247240666,-2.8691503134096
-2.7219585957121963,-2.7160360504510797,-2.723938434482011,-2.6659099900231107,-2.794145425530992,-2.740930253378329,-2.7583620395424773,-2.7429634083337042,-2.744405317124719,-2.7514600354006418,-2.8553248718014395,-2.8553248598381344
-2.7277419556320694,-2.675243846368223,-2.7183403050256505,-2.662597520307372,-2.79646982414815,-2.7285943339430054,-2.757886595796604,-2.7054892249106817,-2.7408433661082636,-2.750835736428747,-2.839799801600328,-2.839799789723046
-2.725317529108529,-2.67923213070461,-2.7278231300189026,-2.671750315472705,-2.8336802208246894,-2.74589028648899,-2.783222627365034,-2.749627904606661,-2.758368779067891,-2.7681933378242904,-2.864638419959746,-2.86463840801269
-2.7135540224269032,-2.6435538949032997,-2.739995493360171,-2.672801728402083,-2.8767475529765223,-2.7638146098791383,-2.8034882424768313,-2.7875411495744413,-2.7757304850493116,-2.7849732817663866,-2.881743483059678,-2.881743471029454
-2.771385675901454,-2.74614747085172,-2.7702414831563997,-2.6956116494973426,-2.911708254629864,-2.794992486350363,-2.8255029777599354,-2.806588172076851,-2.781699910814905,-2.791944573046846,-2.892437813531633,-2.8924378013424032
-2.763834610539512,-2.7388381377366664,-2.777475409130596,-2.685888867863777,-2.816555368532481,-2.769072582432039,-2.775535576526791,-2.7392881854342934,-2.7528748623728148,-2.7674169839654414,-2.8613986471816464,-2.8613986345319686
-2.7113038639612737,-2.683285157448907,-2.781752805305796,-2.673127774141828,-2.7438018049112016,-2.754398821960495,-2.7342936210846966,-2.7370029582455793,-2.7310066470146266,-2.74844639583074,-2.822801283083845,-2.82280127011568
-2.77295682202967,-2.6837546571783193,-2.815646238580019,-2.702564921547353,-2.7879771463831657,-2.799524273725881,-2.7755144935747103,-2.7766521014886987,-2.7493057862191916,-2.7659082597371802,-2.8510047279387116,-2.8510047148967956
-2.7490763554097106,-2.669016813676384,-2.8244178081338296,-2.704473224298072,-2.7752194477189676,-2.759629073596377,-2.734858028532793,-2.845898619092683,-2.755008165489956,-2.769944439993701,-2.814491336603096,-2.814491324936176
-2.775940706069121,-2.6559239493859823,-2.828313458649289,-2.712852787815465,-2.8343248226653666,-2.7762193248288107,-2.774278175175711,-2.8656898753415803,-2.769957892741949,-2.7841178055528486,-2.835273077677596,-2.83527306619223
-2.837937397824228,-2.7202303612061454,-2.825291385982963,-2.71576982744849,-2.854849364348302,-2.7861723487510126,-2.797273517733305,-2.8623119645994004,-2.7530878349924452,-2.770484373437052,-2.8226620880605537,-2.822662076475593
-2.8008112612099323,-2.71543110143967,-2.816620827852646,-2.7196313831338292,-2.9232129776269273,-2.8022548999297725,-2.8358088756182775,-2.8977537588394386,-2.769738254993874,-2.7864477528796563,-2.8317151389284083,-2.8317151278030646
-2.7271749760208657,-2.666008492321419,-2.809917029920028,-2.719594156876421,-2.9308777545997953,-2.784157391803889,-2.830042289703992,-2.9060692530699064,-2.777565506917754,-2.793538295440288,-2.8280307853307702,-2.828030774858933
-2.81746963943444,-2.722167462913415,-2.7862016042825704,-2.6983074575601194,-2.9400789252046513,-2.7739202051915517,-2.8363741616675613,-2.8894227505002874,-2.7686588308148607,-2.7879772913235175,-2.832511622000713,-2.832511610993777
-2.794138727139127,-2.6596418571108855,-2.797543853728952,-2.7099371393991483,-2.9850456801789504,-2.7976422209264045,-2.874128910983818,-2.9107104345067665,-2.7844585432383795,-2.8028254103430896,-2.8590291365190383,-2.8590291255136817
-2.7671596396102927,-2.6323951942715262,-2.7631008757152538,-2.6785574630197377,-2.722341323408237,-2.676193222193355,-2.7052456090518957,-2.6854756754301734,-2.714071137752737,-2.7291487954048463,-2.7846571098809574,-2.784657098190437
-2.74015183810502,-2.613563583648657,-2.742929531625453,-2.65391595062815,-2.7565336044449404,-2.684770698063251,-2.7305056511322263,-2.726499258222186,-2.730512927829819,-2.745184841059689,-2.8089519936060743,-2.8089519818265507
-2.6250203844504805,-2.543512604532242,-2.7337394454274357,-2.6333966672491727,-2.7656184528135515,-2.6753006255810052,-2.737240256943462,-2.732496027259004,-2.7059081451252895,-2.726040874492412,-2.7980932855375356,-2.7980932729523706
-2.7124605398555532,-2.596782540128606,-2.752501257283835,-2.6466071606998556,-2.834166920824389,-2.701820843401101,-2.787931286831826,-2.7912017552686423,-2.7146430479364585,-2.7353784488587753,-2.817237037275183,-2.8172370245228926
-2.6604666551427005,-2.5642224144169723,-2.773046264872951,-2.6558735688862165,-2.854252559398302,-2.724180200206994,-2.8093549917659715,-2.8037065064851463,-2.721079890353106,-2.7421118527954644,-2.828002043402274,-2.8280020306766946
-2.678470061300864,-2.5501068174169097,-2.8075939270728596,-2.6762865044883135,-2.910428919514042,-2.770278066321715,-2.854533828673226,-2.8462922538210926,-2.7399793252672056,-2.7601261744222083,-2.856068867777967,-2.856068855144219
-2.8324279815296083,-2.688088381333604,-2.8640675066499823,-2.716701164043486,-2.9674936503309883,-2.8273525930126056,-2.896795175574699,-2.904860244561727,-2.749770264904523,-2.770093766614933,-2.8755866627407096,-2.8755866499329015
-2.824340709101438,-2.633202389200761,-2.921018117028116,-2.7574262301294263,-3.025487140870119,-2.8873043799746956,-2.935314549953943,-2.9420805041109914,-2.76857296326474,-2.7880978691082885,-2.8981348164666088,-2.8981348038749593
-2.833745790169189,-2.6697504059541153,-2.9566088187236477,-2.7838104248428968,-3.0590371745738314,-2.9390730177510602,-2.9535310978375118,-2.9533498127104774,-2.7844375726236152,-2.8039063832140245,-2.914100051790137,-2.9141000393068683
-2.9176070474166984,-2.728783166186657,-3.000843010536936,-2.818564645816994,-3.111856472735122,-2.9889913842209594,-2.979310877048197,-2.993063898835493,-2.8004850243587613,-2.81986778925725,-2.9355213129832154,-2.935521300389934
-2.8431212101362684,-2.6851588251257508,-2.977523819516851,-2.78977765817861,-2.8897999199639877,-2.8874188631748026,-2.8434249196069947,-2.9493240576375896,-2.7677397996723636,-2.7908548200415555,-2.866143631948765,-2.866143619232659
-2.856145716950758,-2.755920514754658,-2.980870655642095,-2.8001361823429685,-2.9615892620433457,-2.9252063041815433,-2.8988128290680764,-3.0137351162379074,-2.785157369702401,-2.807302412797916,-2.891761046352867,-2.8917610335080965
-2.873067027524799,-2.704483321231319,-2.9991226876835286,-2.8346582523059567,-2.9727481440936865,-2.907604523773404,-2.8822797323094806,-2.974383554485327,-2.80082751516238,-2.820920971605227,-2.859825783702663,-2.859825773190366
-2.823001160783025,-2.6414429121486678,-2.9759722113291094,-2.837303691399888,-2.9635513823737982,-2.8817196147489645,-2.8596193051722203,-2.8984595099134336,-2.7950061487643185,-2.816256120118872,-2.8473103039778125,-2.8473102935183667
-2.8210229837104066,-2.6610641306329526,-2.9452258899972192,-2.824305522491941,-2.9793073430751797,-2.862770726643467,-2.8633709918325922,-2.8826244083305017,-2.7734563812376543,-2.799129388227809,-2.8396633768125037,-2.8396633656962753
-2.8733966301678513,-2.755827099111168,-2.9320580423293254,-2.827417319309098,-3.0099394317704857,-2.866500715935826,-2.885105885336567,-2.900239089481174,-2.791048593434364,-2.815575621694287,-2.8633231812398585,-2.8633231701201534
-2.842138779250614,-2.6274497155384235,-2.929664546563725,-2.8327922464422386,-3.0343721592328547,-2.887592136443986,-2.902035620504715,-2.9122010377989795,-2.809011073489876,-2.8324349832371505,-2.8891552429220213,-2.8891552318608476
-2.927500773880601,-2.7148360757547465,-2.9449014164165073,-2.8467566750264224,-3.036730568742363,-2.9112160662705073,-2.907908803100362,-2.8915125295261808,-2.8061485127723675,-2.8305449575490313,-2.8930354440967174,-2.893035432867415
-2.9774026943128806,-2.764699732709898,-2.9654349806581894,-2.8668873504933616,-3.0795853240896154,-2.959234245465888,-2.9384808009639025,-2.918001631285643,-2.824017089158874,-2.8473032151308266,-2.917806120752041,-2.917806109489481
-3.0025612934019,-2.838124459382948,-2.982804199717652,-2.885006101222335,-3.1119086651461205,-2.992707175987643,-2.961958162435878,-2.9324802206627654,-2.8404415579074684,-2.8627722751122158,-2.9373704523756716,-2.937370441352818
-2.932058508138853,-2.73981591817107,-3.019927641601034,-2.9185377940269035,-3.1530680127156456,-3.042440566746884,-2.987641247999255,-2.954088346253517,-2.8548213825618314,-2.8761288367664477,-2.9571112379368976,-2.9571112271257105
-3.0050361708215814,-2.8127251500042356,-3.0312779714345064,-2.9323059215787852,-3.1634105309162917,-3.068335281922276,-2.992481397186057,-2.9594111111162187,-2.871870296497111,-2.8923007281181414,-2.978265904768706,-2.9782658938558075
-3.084945123353176,-2.9093899032624515,-3.0448239615496413,-2.9454298347668364,-3.1438802072984826,-3.0842353968363856,-2.989821886030102,-2.9490623323868386,-2.877860290017078,-2.892671579915518,-2.989741448630948,-2.989741437628289
-2.972592008724502,-2.7830872252005023,-2.996980013312512,-2.911989925550614,-3.0635389631492482,-3.037633280610415,-2.9240125784041258,-2.8650003195121925,-2.882169932966461,-2.896287777476448,-2.9518332470724093,-2.9518332371166203
-3.03920530742939,-2.8105459353835287,-2.964581104102807,-2.886016121586268,-3.026259292837987,-3.014531711475802,-2.8980271834744693,-2.8475435571098253,-2.8807996240379916,-2.885728240047273,-2.9573491034457726,-2.9573490932385846
-3.049996788160872,-2.920750359218997,-2.9592331293577825,-2.8906850445987775,-3.043646021503073,-3.024992733534621,-2.9090390266523523,-2.865171387520234,-2.89666605185434,-2.9012645964953436,-2.973577108737534,-2.9735770987548014
-3.024834789978905,-2.861991970635534,-2.9625784297002165,-2.898576806075683,-3.046391144668726,-3.0246028792306108,-2.9121413882267815,-2.860554833499712,-2.903260561402787,-2.908004607559632,-2.976634095713196,-2.976634085802157
-3.0868509875958563,-2.9724801161329744,-2.9702839447331715,-2.90514702774853,-3.0747691739742984,-3.04176889693316,-2.930543446709878,-2.876216027234947,-2.9162952770049753,-2.9208339429856394,-2.999612439384501,-2.9996124294326765
-3.0473426012327165,-2.9614878918581895,-2.9862287874895785,-2.9219455783042414,-3.1102643920047983,-3.0654095443853415,-2.957205797950574,-2.89322984507071,-2.9301123823378346,-2.9346789537628903,-3.021445299860985,-3.021445289887849
-3.0735061798632746,-2.9553120639295325,-2.982987749082528,-2.917447510068333,-3.074626240787391,-3.051052162299583,-2.940609905513251,-2.864348679818142,-2.925540013097816,-2.9324277913047,-3.013313473954866,-3.0133134638079566
-3.077548783402396,-2.9512612462955836,-2.9925015273209827,-2.9212055478263848,-3.0710831264156786,-3.0545549025897625,-2.9390735828714143,-2.85940207794495,-2.910800571051819,-2.921149939909679,-3.0040035291450287,-3.0040035187463583
-2.9788529394903027,-2.906312602892159,-2.9795225450608047,-2.920431654914637,-3.0744061245397134,-3.020041715774473,-2.920231360944528,-2.8932788866520864,-2.923022722998617,-2.9324232672063513,-2.982909872691236,-2.9829098636490463
-2.9972853638419394,-2.9401286009362813,-2.975551606442555,-2.920509129251302,-3.128006011322727,-3.035771350349133,-2.949723983514561,-2.912105626723317,-2.9339576852809173,-2.9434081747276024,-3.005461951051441,-3.0054619418733064
-2.9227030924596225,-2.880718940438875,-2.953339604218443,-2.9114460741235915,-3.058468179102694,-3.021266722961632,-2.920604273418614,-2.867003919565555,-2.9097746249088368,-2.927031017154931,-2.997181827173474,-2.9971818169787348
-2.920103646760074,-2.8626921249312134,-2.964448994402843,-2.9200419309404335,-3.0955164775772124,-3.0593274821945586,-2.949727363646504,-2.89770429828539,-2.925672355592156,-2.942017622012352,-3.022798524851533,-3.0227985146358938
-2.367554474516046,-2.746338241094902,2.823205354283308,-0.9776437752160629,8.363986063966887,8.84551888671456,-0.6713132210760646,-2.8703363519776897,0.281884444929148,1.767919128493432,9.052145300364579,9.05214427772999
-2.694626907292082,-2.5893800838510326,-2.8694617858968194,-2.8315238112295673,-2.6787955303147877,-2.731794166209929,-2.6353687634313148,-2.6533316913042104,-2.784964278409133,-2.801175449147988,-2.7947958892532694,-2.794795887740097
-2.6991117420022257,-2.532012520473657,-2.8219391570842,-2.771702533484552,-2.585690104086151,-2.6133399769116843,-2.5317663120832625,-2.5993683739777533,-2.724133225424121,-2.7423900752490527,-2.713501883384142,-2.7135018821520287
-2.5664921947714676,-2.415380429345336,-2.7671574240502226,-2.7431057434411477,-2.666024908696514,-2.597115978868871,-2.5604409001509287,-2.618301559202082,-2.7293895152511225,-2.748185111941562,-2.6863256894283,-2.6863256890929796
-2.4605607156291027,-2.383590531066017,-2.68261967545581,-2.668102722425879,-2.5392391430684897,-2.514600910200936,-2.4640040787162825,-2.521709085013815,-2.6484811655544926,-2.6740829199857643,-2.621098533594471,-2.621098532583355
-2.4584598605591466,-2.4152729558379074,-2.658690355288015,-2.6528899509948967,-2.618858627656834,-2.5375513791830993,-2.514045615043354,-2.568180094349352,-2.633498114847227,-2.6613553358714936,-2.62072387185582,-2.6207238703627596
-2.380059499412079,-2.3008923177662326,-2.6441645773650473,-2.6338943966026562,-2.5098456319825315,-2.4556569368354153,-2.423458350551284,-2.511661930520664,-2.5754060935706873,-2.6048380617615168,-2.5594784662763628,-2.559478464782292
-2.381375504488031,-2.345948916401015,-2.634957864846161,-2.6296180773312763,-2.5878735362615743,-2.4596213876113366,-2.4739777901056947,-2.541434415743333,-2.572284474587793,-2.6032723157911155,-2.567009575249452,-2.567009573547325
-2.5908969241234567,-2.5458366486515582,-2.6650234385201164,-2.657066554804949,-2.663095930148292,-2.4898779228255,-2.5301975950778237,-2.590655045495298,-2.551752868644368,-2.583255346140402,-2.5535577132174216,-2.5535577113133527
-2.433523262449123,-2.341582523856117,-2.6722493650628607,-2.6711690400331767,-2.678592396239201,-2.49996761425289,-2.537774151017258,-2.598855055424863,-2.5587483831601356,-2.590490563084156,-2.5533521339737475,-2.5533521321300134
-2.5784674377574754,-2.423819495826197,-2.678683210895476,-2.6708676691371593,-2.721205087707891,-2.5173604128251927,-2.5585867695664115,-2.6187821174176262,-2.5707813592169777,-2.601081420828411,-2.5661288981622445,-2.5661288964909295
-2.5129238994294223,-2.3538509042459923,-2.6851987552122676,-2.68024927137722,-2.7820412511535717,-2.5621353083141774,-2.6161224325431354,-2.6534701228901545,-2.5909949721170458,-2.620766879360249,-2.593106000354829,-2.5931059986877716
-2.584979701022173,-2.4674951285692597,-2.719020217291914,-2.6966380689731646,-2.7380093393363847,-2.5811122589350437,-2.6106799845754303,-2.615068168503223,-2.5468468938558013,-2.5786450704550736,-2.5446799973514316,-2.5446799954201476
-2.5906335163671907,-2.484751197905753,-2.745783862611541,-2.7209804063378358,-2.8011215661473594,-2.628144328605438,-2.6790783356957224,-2.6431970447277724,-2.565253156357592,-2.5966351741174982,-2.5717460812193416,-2.571746079293186
-2.6389294551305906,-2.531869465654116,-2.7767820912701358,-2.7505343702753904,-2.8708455111442475,-2.686706927712136,-2.760748002597775,-2.690208103390679,-2.5856282346572206,-2.616297186787099,-2.5988450402983427,-2.598845038235658
-2.7372975565392625,-2.5862975051889427,-2.809389850255054,-2.7818030490623347,-2.9316690675806307,-2.7538583936980623,-2.83264485317887,-2.7335648642820978,-2.605107117487416,-2.6353289364766948,-2.625106620992268,-2.6251066189748418
-2.691094219817864,-2.5701354607154365,-2.832308282868235,-2.807244185602378,-2.9608386908630417,-2.803646606158134,-2.875139610555001,-2.8054669961739687,-2.6262406817796906,-2.65561615498898,-2.643028996106247,-2.643028994169402
-2.7590870009359105,-2.672005869101873,-2.845902662639586,-2.825833048384617,-2.9934788189245656,-2.8327166412118383,-2.898372545679135,-2.8461788257632366,-2.643447688862561,-2.6727763706447654,-2.6380614955465282,-2.638061494461562
-2.7409023978440423,-2.6484315593876104,-2.858987470410662,-2.834668536509349,-2.96153190710773,-2.8250381663899873,-2.8725720715444196,-2.852957519345419,-2.6529178851721746,-2.681130207558701,-2.6494073338991027,-2.6494073329544077
-2.8433469714208877,-2.679904605565198,-2.8693507576307513,-2.8402086886316895,-2.961196652758651,-2.851975908501248,-2.878221295758771,-2.869431022084084,-2.6678417767860747,-2.695581732714434,-2.6727087938969003,-2.6727087929154063
-2.8555022508831334,-2.7254598618690604,-2.897304709611962,-2.8598557649328145,-2.994351741781566,-2.9069381222199637,-2.914406791868081,-2.908087554677562,-2.6881278045062684,-2.7151272661026926,-2.7028217943382673,-2.702821793318402
-2.919533947924476,-2.749307804498451,-2.9324098667304725,-2.8871824329891775,-2.9679456794827868,-2.8996947103845807,-2.8898631366559755,-2.898721866862422,-2.6904127214467617,-2.7169109748528255,-2.690189961287666,-2.690189960759116
-2.919508084442194,-2.7382281856564084,-2.9504889655721938,-2.899916742874851,-2.994149470351373,-2.9142435465447214,-2.906408787830215,-2.907088743659948,-2.703211775476776,-2.730004756766166,-2.7124201941672603,-2.7124201934987546
-2.9703843086533257,-2.737026148492882,-2.972110050224389,-2.9150999827725195,-3.0236557724007582,-2.9429020459308552,-2.930823711853714,-2.923965603357065,-2.7222923542085296,-2.748460261217784,-2.737170178725189,-2.7371701780715494
-2.9651113761259023,-2.697116229019702,-2.971676787249433,-2.905561677736622,-3.0446689026611438,-2.9572543709195234,-2.946958743724078,-2.96680191559153,-2.7355029694346698,-2.762352198195944,-2.7569133722810535,-2.7569133712335363
-2.977095897340118,-2.7429338050670706,-3.0090272716165094,-2.9348697537197608,-3.0689711673572724,-2.9829813150846944,-2.953628735087963,-2.998084420648647,-2.7488196638279474,-2.774435284683327,-2.77328696856454,-2.773286967616751
-2.974308874509769,-2.7316626535644843,-3.0279310257721677,-2.954104034586373,-3.0864392734826134,-2.9988411047207735,-2.9525792876742756,-3.004366442202145,-2.764251617307563,-2.789352294072768,-2.7847821996348885,-2.784782199003427
-3.0660535510421796,-2.849121609120407,-3.0431033287759295,-2.9692216857612492,-3.1177746256960055,-3.024460143144176,-2.9678686929197005,-3.022630250345825,-2.7824910494940602,-2.8070188861755225,-2.812548537563981,-2.81254853687053
-3.0094411993877275,-2.844040682195991,-3.0591487055308435,-2.986568333033929,-3.1416037750886443,-3.059483625221234,-2.983490389105504,-3.0378810934450855,-2.800519450726344,-2.8246476838810635,-2.834361316633378,-2.8343613160804377
-3.079384414447487,-2.9244005746697295,-3.064046002288106,-2.986805154989659,-3.060849268822538,-3.045208020045365,-2.9515660679903113,-2.988336017895534,-2.7950933079957947,-2.820440203065849,-2.838004693658765,-2.83800469269472
-3.168831240308646,-2.9894801590563533,-3.1063838675569997,-3.0241172498398554,-3.0994195854557116,-3.099288099797614,-2.9828883554242376,-3.0350258850236878,-2.812116012549729,-2.836724506152855,-2.864355138811439,-2.8643551377517444
-3.171799728462098,-3.042332439493267,-3.145693913526845,-3.059153416554359,-3.11812699918268,-3.1274808693899914,-2.999102859702031,-3.064700674521935,-2.828271856009812,-2.8523571428800967,-2.8810911795220733,-2.8810911786514817
-3.057611245759329,-2.8935931711664717,-3.0827991730618045,-2.992640874384423,-2.8695067392163587,-2.987017585087799,-2.8387595415216307,-2.826914248954065,-2.7676348352219975,-2.798168455804544,-2.821581246291527,-2.8215812439479424
-2.9771140107411034,-2.8276720619220734,-3.0295610437981044,-2.944067388952181,-2.9037683738310744,-3.0188486577068883,-2.859203183348792,-2.8596687543198076,-2.784947832665208,-2.815277667214919,-2.832892510405622,-2.8328925085486487
-2.8758292018530534,-2.77384643742727,-3.007483180261992,-2.9217884975866433,-2.899409928298795,-3.0020123217443855,-2.8615906290161535,-2.8819216105255587,-2.7552517772694265,-2.7896792945868105,-2.805463576007516,-2.8054635731679403
-2.9090264346936565,-2.7986623261235817,-2.999251366709833,-2.9227452525345963,-2.956747143305,-3.0093435155981383,-2.8912764663418216,-2.9368458477977195,-2.7757516923426024,-2.8092437788036806,-2.810875689999138,-2.810875687875429
-2.786478062921976,-2.676514681233221,-2.9919042862108123,-2.9228090207572874,-2.9690269277256327,-2.9916899754652806,-2.886142105702996,-2.8994299964404573,-2.7771152869361804,-2.8102850147551797,-2.7905675006197828,-2.7905674992425693
-2.658470485998201,-2.539844515415344,-2.8920416960351005,-2.815163514032556,-2.7224711769916308,-2.8281110760955315,-2.714269382080799,-2.636202748152805,-2.6906286131780375,-2.7280289138811202,-2.708736438532664,-2.7087364361892483
-2.56839756365849,-2.4604638098975866,-2.824392241509453,-2.7535761549872606,-2.7308300926048554,-2.836479849218228,-2.7195959630087323,-2.65247160017814,-2.6889900960714077,-2.7267384502132277,-2.7130831539482374,-2.7130831514799434
-2.562068225941625,-2.47560543189471,-2.806964186803832,-2.735304176000643,-2.760305037905325,-2.853251248559425,-2.7387864530629162,-2.6933274377141463,-2.7045288498009845,-2.7413353644073757,-2.735363043426341,-2.735363040974608
-2.650000868654784,-2.6049051755632786,-2.820955709196537,-2.7454988681774313,-2.7670650215666117,-2.8728964568842743,-2.7519738109240786,-2.7305494322048536,-2.6647894007782735,-2.703732654997041,-2.703493539936299,-2.7034935367754307
-2.7687628876292636,-2.7286713006290038,-2.8503879526635703,-2.7802783977503776,-2.8026667959030975,-2.892805299909503,-2.795931795199083,-2.747050482200118,-2.664107598119313,-2.7037810835572396,-2.707179859643469,-2.7071798563385
-2.8370838316177265,-2.778498015542659,-2.8866917939703973,-2.8190436215988015,-2.8684545088011095,-2.9422710777989787,-2.8584313851113423,-2.7883072914910136,-2.68737716265961,-2.7260196899140237,-2.7385045914813935,-2.7385045882241523
-2.8612606095276547,-2.7381993004546774,-2.898082276278408,-2.8284851573868175,-2.8445552364641427,-2.9350133863512493,-2.854119931374475,-2.7974479531557974,-2.6928725247216123,-2.7313534906109656,-2.7420429177726575,-2.7420429145438057
-2.834656866175377,-2.7196409798967163,-2.8972227808054702,-2.8257944025856814,-2.8444925584350806,-2.965626207930346,-2.8673202777383535,-2.8086569248606628,-2.700349891172033,-2.731870918785428,-2.7572037527108013,-2.757203749285251
-2.8075796608395285,-2.687140391630437,-2.9154440141883313,-2.843716015023968,-2.8906324272498845,-2.9964241872816055,-2.90628706568053,-2.835014732129859,-2.7188753853163505,-2.74960204040792,-2.773860446294175,-2.773860443212071
-2.873018950582171,-2.7635823486090074,-2.9542544638526147,-2.8806801583224573,-2.942539137833174,-3.035283514446603,-2.949691526287031,-2.864782692676873,-2.7289383527554367,-2.7598156796041957,-2.7916060980914437,-2.791606094916997
-2.9858908513808458,-2.857970396167845,-3.01306521944625,-2.9342175512437176,-3.0128933250071324,-3.0794625408837377,-2.9930872130609902,-2.9072912122146293,-2.7502081653942807,-2.7800797044519685,-2.8168396698997404,-2.8168396668476636
-2.9892634918740577,-2.846150645638898,-3.0683052938231627,-2.985103038854125,-3.0789314609431973,-3.119865180735756,-3.0405906114421453,-2.9630922280489678,-2.751171359892483,-2.7820326351678037,-2.8235406358534925,-2.8235406325117225
-2.9708634624364363,-2.841907357434771,-3.1315209307011482,-3.0496643292402505,-3.1425752022334836,-3.162753822876305,-3.075022458671681,-3.029494731112782,-2.7660813090073693,-2.7960912432920515,-2.8344928564479672,-2.8344928534352176
-3.048597187234259,-2.9770420510886972,-3.144899101814249,-3.070718998028668,-3.174846314396258,-3.1799175800349566,-3.0881832956522985,-3.0362289587757796,-2.7832539797226654,-2.8131332204033326,-2.856171941345688,-2.8561719383002853
-3.154818025168016,-3.1343665220406014,-3.168946355042126,-3.098428002314028,-3.2146105714181106,-3.2142663650139385,-3.110099196987157,-3.0523484358887805,-2.8013612655358413,-2.8306292342443964,-2.8820017480106626,-2.8820017449944264
-3.164996924024508,-3.131002480650909,-3.188273464525093,-3.1249075316833648,-3.2365629185509235,-3.2339537200142545,-3.1376124599421367,-3.068603523909095,-2.819931356251967,-2.848811144397926,-2.9019258200368654,-2.901925817027284
-3.236347987610589,-3.117327769892254,-3.222787443176976,-3.1634494009288305,-3.2602614035312767,-3.255157758532455,-3.153360782240413,-3.0797478824530424,-2.8381605974223585,-2.8662826982522374,-2.9212015477933675,-2.92120154483558
-3.182916215069153,-3.1164583993228474,-3.2403965387042706,-3.1892166710723853,-3.244691381463618,-3.230263117558712,-3.120973435254469,-3.0425321688912836,-2.8513856570087404,-2.8788111367588893,-2.9024561409234884,-2.9024561394548325
-3.1612412172493016,-3.137102791322046,-3.1171606780827066,-3.205582121015703,0.3702473817090075,-2.98411183179328,-3.135664179211439,-3.084108543686519,-2.865689893448744,-2.893453504832835,-2.923091314848723,-2.923091313245923
-3.108246376092182,-3.161014335415912,-3.1840954697201256,-3.1357177759098334,-3.0047046121025507,-3.0821309080484314,-2.988152921635497,-2.9558061640919417,-2.8124388728860366,-2.843696967574064,-2.8561696301689663,-2.8561696279585735
-2.9678636498093853,-2.9959680330620886,-3.132580486228749,-3.0773937153475774,-2.982931668314222,-3.0697288653328405,-2.9768263350395685,-2.9399495299169844,-2.807235786522491,-2.8394087707861377,-2.8589533089171266,-2.858953306480135
-3.072892479226691,-3.126906359478103,-3.119190290505292,-3.062323040712968,-3.0564665203336525,-3.09482195855362,-3.0350740417698305,-2.989936604359961,-2.8227981849697206,-2.8551132058588156,-2.873711101883733,-2.873711099702657
-3.0827771693576707,-3.101861602659026,-3.137658964982557,-3.074939608101572,-3.0650817861509925,-3.1040174259008815,-3.0470125833682182,-3.0463085625859567,-2.7979869710903245,-2.831746361566389,-2.8545233406494743,-2.854523338116517
-3.0836218862409863,-3.072263026241165,-3.163406425591508,-3.099498766436945,-3.136432081586439,-3.1496592196310242,-3.098689629820904,-3.0670486813361877,-2.8196434801595687,-2.8525538645328763,-2.88561436879164,-2.8856143662800147
-3.089474781742884,-3.08654057165014,-3.189580678635659,-3.126029099173703,-3.191798149766595,-3.1849944452315975,-3.1583131197601273,-3.097306036652106,-2.8409881331253466,-2.8731024110167134,-2.915981316995061,-2.915981314503021
-3.1601163258367366,-3.1572978774487157,-3.2321248838431305,-3.165480700951284,-3.1894396732479424,-3.1967343963464776,-3.1456312129821598,-3.0898291852018662,-2.8456335935954127,-2.876755921700494,-2.9125931109594947,-2.9125931088214307
-3.0898900997353977,-3.062143098006285,-3.2436056008490457,-3.172347812563927,-3.15774844272939,-3.1765197018696365,-3.109088122045076,-3.106536515341555,-2.8532846675877592,-2.8834214014519244,-2.9145340581898473,-2.91453405622245
-3.130220451205456,-3.120312698597846,-3.243046029501616,-3.178009654750254,-3.201861063316818,-3.1983784620334057,-3.1467067662249857,-3.123493516299826,-2.8731611944576887,-2.902574861746944,-2.9374856453842377,-2.9374856436171823
-3.0272218138862392,-2.9709809006775987,-3.224950405989634,-3.169257207103458,-3.207504336420905,-3.1972734613052163,-3.15615977616652,-3.1368229454147265,-2.8903446880050723,-2.9193468684600656,-2.9351709433113924,-2.93517094213678
-3.1066284055724576,-3.149740341746064,-3.224731062952169,-3.1660375910444074,-3.1581779233653995,-3.1704179014752008,-3.136344243428481,-3.1647399830731726,-2.860405211486746,-2.8920929374740183,-2.910783252042963,-2.9107832503063027
-3.1054798569665167,-3.1185513255555515,-3.226607993701953,-3.1668142665169405,-3.163724917039975,-3.170566991680986,-3.1450113820586756,-3.173770398989979,-2.871016277084479,-2.902146244333759,-2.928019520857775,-2.9280195190843736
-3.0243425338738135,-3.082444082617989,-3.2170419401667525,-3.1662221747987274,-3.186912950206664,-3.176179770903273,-3.1519127813916628,-3.2307729852299802,-2.890597440930659,-2.9211736685564587,-2.9246547627960116,-2.924654762124561
-3.0787590494101584,-3.1666922773291475,-3.212786049414373,-3.163897884715683,-3.1991132240242885,-3.189679114698994,-3.1599453267902824,-3.215071596079281,-2.9015815199070434,-2.9318598052659466,-2.9416088731649648,-2.9416088723587763
-3.1189001733966375,-3.2255069992465963,-3.205363835675,-3.162380368541199,-3.1322929853818553,-3.1688409960713377,-3.13028380108934,-3.1558317092024613,-2.899025472566479,-2.9292664672130586,-2.9514733340006365,-2.951473332519888
-3.1720104647910143,-3.285841210264124,-3.2312658387073707,-3.1869928187155363,-3.1737144136516156,-3.2014081600506916,-3.157362747652713,-3.175377953417156,-2.9170894044389177,-2.9465159937597987,-2.9693550884292383,-2.9693550871055763
-3.0743414405692366,-3.1543452328491712,-3.2314948082545194,-3.1972449542957864,-3.1792979118349693,-3.1918167786574605,-3.1524874356231543,-3.1396823422136677,-2.9363980790213233,-2.9648335971633646,-2.958236925014561,-2.958236925169574
-3.1025167682608923,-3.155036049728887,-3.224096052875127,-3.1913866147117718,-3.129318380462453,-3.151408876141443,-3.110581064170751,-3.1129364464112497,-2.9353610971739164,-2.964513049097666,-2.9657703639217945,-2.9657703638376836
-3.108887362338154,-3.087992689587936,-3.2255498810996657,-3.1934888043860896,-3.1549616984992666,-3.17545378981617,-3.1448422153420217,-3.1318810253531444,-2.9529640096121317,-2.9815088611083747,-2.9936124998745854,-2.9936124996990374
-3.12454088277682,-3.1539883176379555,-3.23096735502376,-3.2036814174178683,-3.182084908172937,-3.18201069435563,-3.1579004209765724,-3.1555235019445753,-2.9686003956273215,-2.996693998993131,-3.0003743088364367,-3.0003743090720034
-3.1098800262437636,-3.1179048646136236,-3.23783046998207,-3.2184859175347715,-3.1935333685799017,-3.1981898374614355,-3.169636194083501,-3.1783372743925358,-2.9864666132542195,-3.014032599752009,-3.0079816115501408,-3.007981612406679
-3.0146616655301313,-3.103558752313796,-3.2010246430356397,-3.178867967612311,-3.0595189954508095,-3.0973875773926,-3.1033045983004364,-3.063410410117296,-2.927293379288966,-2.9592296308332386,-2.9260628562828184,-2.926062856866423
-2.9902829777617876,-3.0920364246547805,-3.1678720691712066,-3.148097512841548,-3.1366417654327403,-3.1021987838745755,-3.150571623849028,-3.0938479503775422,-2.944838893936486,-2.9764505396699974,-2.944774647185979,-2.944774647880737
-2.9489862770659503,-3.01385559680278,-3.138088094144791,-3.1196554285959106,-3.180402094970527,-3.1155775470227436,-3.1751037359683743,-3.100064960619957,-2.9615681656625297,-2.992568276185926,-2.9662184660947593,-2.9662184668291043
-2.9641984635041494,-3.096951019099117,-3.1146988921244994,-3.0878667761586915,-3.122100403147655,-3.0910058379447536,-3.1494729626732427,-3.0344303145260203,-2.932556572683695,-2.9656180254020748,-2.9373407009206627,-2.937340701073367
-2.9501500617250254,-3.02142708688353,-3.083746254092857,-3.054094682755523,-3.110528702990625,-3.0742769746353864,-3.1428173293969004,-2.996821478321727,-2.9356737145761667,-2.967628349079261,-2.9253258726118476,-2.9253258731751925
-2.901578617247721,-2.9302598110912217,-3.0636560351330093,-3.033363581163857,-3.1263437878076386,-3.0699140170362096,-3.1498513678625475,-3.0013392149468237,-2.9441301456050173,-2.976416917515329,-2.9402246017414924,-2.9402246020661993
-2.978709843176486,-3.0860698209075235,-3.0620674361278493,-3.036214796989611,-3.1148551862426075,-3.065276779292045,-3.144931352765271,-2.99933266480532,-2.9515891964667795,-2.983480501147623,-2.9557333583865435,-2.9557333585093835
-3.036697612777016,-3.149612740073458,-3.071968232582388,-3.0477728638094725,-3.152038847105935,-3.088344875853717,-3.160636364329373,-3.033820849447529,-2.9655130360800728,-2.997074532374387,-2.972486613865826,-2.9724866141915065
-3.027500852106167,-3.157616574684012,-3.070791157941358,-3.0498121668181697,-3.0816364019423315,-3.03004107822837,-3.1140776768621423,-3.0611503083405296,-2.967456119091575,-2.997069762203479,-2.9420855132230064,-2.9420855146869114
-3.002913456534226,-3.1027308467296093,-3.040647363740477,-3.0252017592797023,-3.059473729947752,-3.0057546405939055,-3.0964192425538224,-3.0782789672234054,-2.9743481276240593,-3.00297152211637,-2.9270564933406282,-2.927056495447158
-2.9328886452780023,-2.970316299982264,-3.0077155314088397,-2.999246169841263,-3.11890431990605,-3.030172776322819,-3.1313354320595033,-3.0844472960900986,-3.0122750945539667,-3.0528311170223934,-2.986208279851916,-2.9862082747140093
-2.9721372977350606,-3.0010810625951994,-2.9911997894930606,-2.9775177319605155,-3.1259592282468787,-3.0469179093744607,-3.1398306651983274,-3.0858955971085917,-3.0213367822282624,-3.0617335874636753,-3.0058818235100575,-3.005881818085436
-2.956640214696833,-2.9861995154867813,-2.98816717041942,-2.9656274954512276,-3.154538884165443,-3.066182332004006,-3.1682794682937505,-3.1178405183261764,-3.0266300071604255,-3.0683217065680664,-3.024174843749399,-3.0241748379995195
-2.954092295179007,-2.980821182245303,-2.9985626695618643,-2.968049392410576,-3.146560257743493,-3.081838673690024,-3.1959449240593734,-3.1403167475319576,-3.033844608583591,-3.0750608537493775,-3.0393433446062077,-3.0393433386256783
-3.0076196520746583,-3.005859740926037,-2.9970501886822527,-2.9574004258597344,-3.082562922067434,-3.0513128168311514,-3.137130298777068,-3.0618571229331737,-3.017708491517096,-3.05872271968978,-3.0054056511113623,-3.0054056453049096
-2.9832985594428534,-3.004580654802991,-3.0104066343148856,-2.963963232565104,-3.116727119153258,-3.08798080101989,-3.1535338727702196,-3.080422664884126,-3.031826389301538,-3.0727130099359927,-3.0272927312369533,-3.0272927254069995
-3.0207081746269755,-3.038697350728329,-3.03328472936593,-2.977028121293299,-3.141793447238364,-3.116970958135144,-3.166282159675568,-3.098803500062113,-3.0336652573845946,-3.0748231124579517,-3.0426777177152755,-3.0426777115975256
-3.094158891898541,-3.0728395504938293,-3.0539372627696633,-2.9876624529221854,-3.148369924161773,-3.137828527510723,-3.1936557346746017,-3.112988436301035,-3.027134732478813,-3.0692383459055965,-3.0474244071861762,-3.0474244005984152
-3.078292882358433,-3.0747222098621405,-3.076371331995754,-3.0025766158051894,-3.121321935740561,-3.14074147002751,-3.179136735636145,-3.099261276998859,-3.0237740400205575,-3.0658958325447885,-3.050670371376226,-3.050670364515464
-3.068456919630555,-3.0405453485774374,-3.0714345117114754,-2.9875378024022323,-3.0036251940745022,-3.045196872747394,-3.047596806220286,-2.955491229183357,-2.9597069323667706,-3.0025969615965358,-2.9494051024264967,-2.949405095815171
-2.969494066456968,-2.952125584191233,-3.057288330049924,-2.9752485864352436,-3.0719525040650026,-3.047038177616227,-3.057986971092996,-2.9767088619965407,-2.9747885327199715,-3.0165878227919634,-2.9689139576274752,-2.968913951177976
-2.9709831462849805,-2.9688014708000674,-3.04899117047855,-2.9703892216138748,-3.1255194781463294,-3.065987948783918,-3.0822134395754786,-2.9935211606066376,-2.988279876804662,-3.0294313853724035,-2.992258775058957,-2.992258768487791
-3.057387324944191,-3.0462158289897108,-3.0505011771512947,-2.9752513748794165,-3.139589074197863,-3.073675393846101,-3.084428352400227,-2.991784400826006,-2.990909616297292,-3.03043273499473,-2.9868186401406547,-2.9868186338989373
-2.9509160324553174,-2.954245343498256,-3.0322129015046118,-2.9663848178687866,-3.134842149614453,-3.068296916920667,-3.0607171343530553,-2.991375421340681,-2.9993573780185967,-3.039336189880686,-3.0002270149691515,-3.000227008974933
-3.034864605846321,-2.9437933512466383,-3.0152375639995395,-2.9447229680155442,-3.0283659645791356,-3.014767698717356,-2.983694296780064,-2.8824333387892658,-2.9537893554877854,-2.996455560777124,-2.951622885009981,-2.951622878245285
-2.985964515196493,-2.9468214979976217,-2.995489549378728,-2.937813424726673,-2.9267698208557227,-2.9291765895223056,-2.919350325864348,-2.828475451702954,-2.9332124981615313,-2.9766133658308545,-2.9113112181889127,-2.9113112118858906
-2.8768871988990887,-2.8410899289921945,-2.9731726491141517,-2.9183502046244327,-2.990229604583754,-2.9502002738689406,-2.9751510624510082,-2.8630891100505,-2.9477529888461973,-2.9902935994252937,-2.935023501486062,-2.9350234951313143
-2.939840142898104,-2.9573311589753315,-2.9659836278377387,-2.915643267717183,-3.0079979855888537,-2.965037593452099,-2.9911958444364077,-2.886063954964523,-2.956744922381982,-2.999140436757572,-2.9490907609916492,-2.949090754562663
-2.969718040483613,-2.9553543466429293,-2.9789027629702254,-2.9270542279315213,-3.057632305516094,-2.9978536270369824,-3.0014514159047385,-2.9228188725619395,-2.9719915471041007,-3.013612117358708,-2.970958259185437,-2.9709582527274954
-2.9653208439693035,-2.8958842232821,-2.983282666186012,-2.9275196598575226,-3.0845128987955355,-3.0203710463122895,-3.0105451575026927,-2.9322524109938515,-2.9828165207040924,-3.023782710774697,-2.976805238481036,-2.9768052323140313
-3.0050121822490494,-2.9671400158367414,-2.9861555333464658,-2.92436565232279,-3.0710787117673175,-3.010332532622276,-2.9852956905118146,-2.9079139400667926,-2.9724995181238576,-3.014173803427079,-2.967020611177935,-2.967020604781691
-2.984442555563972,-2.9334168626095196,-3.002040707273746,-2.937115725494714,-3.132310197169233,-3.0369056206685228,-3.007748591829346,-2.939300733286612,-2.9866201838527617,-3.027601238184645,-2.991251200930718,-2.9912511944233335
-2.9591759784117606,-2.9167413128707826,-3.008217212071657,-2.9441684692034613,-3.150984771216675,-3.0502310001525097,-3.0052916060265242,-2.9543430047442225,-2.999633143040476,-3.0404430220326257,-3.007021206653079,-3.0070212003513035
-2.9991228454289627,-2.9252292410261833,-3.016458456599393,-2.9544247024896655,-3.1635327113864156,-3.063118196376465,-2.9977393609755785,-2.9672540821503013,-3.0138255717992783,-3.054175313697464,-3.0236274828171337,-3.0236274766980236
-3.0695496088663217,-2.9727786613462444,-3.0482783408805503,-2.986071502696867,-3.169545625813381,-3.079360761011305,-2.987585736614671,-2.9712704998452137,-3.022080702604932,-3.0614986797940937,-3.034978903527073,-3.034978897285557
-3.089606400518044,-3.0049790292391103,-3.07773633216594,-3.0185857551542625,-3.1732727659742928,-3.0890758962946756,-2.9878859669452495,-2.983416388669079,-3.0315511226671163,-3.0704757238413705,-3.045767019695862,-3.0457670135037214
-2.9949825723655543,-2.9211532142859964,-3.0703043189298196,-3.0105995904814224,-3.141918210678795,-3.07288582558709,-2.968041742168934,-2.9639721946656166,-3.012782656996061,-3.0542062837495125,-3.0256374309976612,-3.0256374244820914
-3.0198571601526876,-2.982529943692586,-3.075428541151639,-3.0172505144559008,-3.183553131363301,-3.095306299533528,-2.988559378057345,-2.9827675950203814,-3.0252901418725906,-3.066161440002199,-3.049949719442466,-3.0499497127111104
-3.0729632388860946,-3.0333082558831395,-3.0553080086947473,-2.9906469736816454,-3.0359617008835498,-2.9870296357952126,-2.9031490484732387,-2.9955498093111492,-2.9925781465881807,-3.032926691245306,-2.988367846365726,-2.9883678397753526
-3.0150032601705496,-2.9963032758193506,-3.0281950048688784,-2.968344807064035,-3.0878310198531023,-2.997504509876818,-2.926519358752877,-2.9936104951540856,-3.006551411482779,-3.046002941668188,-3.007256658722083,-3.0072566521610438
-3.0767182318743505,-3.0270703721443364,-3.032416458150785,-2.9791210675511253,-3.1443113586857905,-3.0184271261879534,-2.9676338932828092,-3.0152604104082363,-3.0172310571889795,-3.0562259827126654,-3.0309929264267903,-3.030992919666679
-3.0757194338871168,-3.0207923607061202,-3.0462098573814584,-2.9952540890500448,-3.193648207973605,-3.0486232350983844,-2.999331828847569,-3.03709455435616,-3.031320028734123,-3.0695422509860197,-3.053684729859711,-3.0536847230107864
-3.054898405241878,-3.034697358697689,-3.0441930991130493,-2.9972501655755064,-3.188566811896303,-3.0298842740994414,-2.9887416307756136,-3.0856282758075526,-3.0430074412800066,-3.079841973557364,-3.0446085204914004,-3.044608514519713
-3.0365443842952824,-2.987768127916948,-3.0468086910983407,-3.002541566781742,-3.239569514609017,-3.057742661858129,-3.02077989277783,-3.1059289324536334,-3.0553027460460345,-3.0917289112787465,-3.0694197214643704,-3.069419715237716
-3.0215420468766543,-2.974724894766881,-3.067350547483713,-3.0265686987528233,-3.2639546865359157,-3.0893507369082993,-3.0539338717268407,-3.1238468028085147,-3.0685279858445433,-3.1043188413444858,-3.085266337112908,-3.0852663310034316
-3.099083550095633,-3.0541269138934526,-3.0805020080655976,-3.0315999842161645,-3.1873927007302267,-3.078654633676726,-3.0264194380948313,-3.0763016124005915,-3.0313423198322202,-3.0708396944627685,-3.056565817686151,-3.056565810555284
-3.136112434733991,-3.064948181114276,-3.0954111813566345,-3.0373609283974896,-3.1522363066926813,-3.0675002157241336,-3.0043318972425483,-3.031175909451374,-3.013335888684526,-3.052904334245762,-3.0320870097856862,-3.032087002480183
-3.108841451680711,-3.020187300564497,-3.1145251485311833,-3.0535624638901715,-3.190415774538334,-3.093702289121598,-3.024524484668824,-3.0422276160305564,-3.0266727435308294,-3.065204376566108,-3.0541786495340704,-3.0541786420984893
-3.1412903740090488,-3.0583482692550037,-3.1366975379660906,-3.0765137376905964,-3.2009124757200187,-3.1201647067180045,-3.044243408773117,-3.043628850122828,-3.0324061578779045,-3.070866686008251,-3.0723902699553682,-3.0723902622250594
-3.152347082488669,-3.0832013853936147,-3.168083054346499,-3.1049737335001018,-3.244425570416548,-3.1662410475905034,-3.0827389136446013,-3.0688661665961545,-3.0460160872773274,-3.0837408292979873,-3.0972070700748078,-3.0972070621829384
-3.161893050696927,-3.1238490087549065,-3.1959318596821245,-3.125995313247918,-3.2734841736424003,-3.1979113683328184,-3.1135743168220245,-3.1029410101460084,-3.0533240290340244,-3.091184493706203,-3.1153593032061395,-3.1153592950738034
-3.2030769229267593,-3.1397533012879073,-3.23497086871129,-3.165091259738618,-3.2952316048908425,-3.233387537125439,-3.134273190887951,-3.1241159133885876,-3.066720160068016,-3.1040845677812383,-3.132422200499721,-3.132422192353824
-3.219969385047354,-3.2095533984162996,-3.272684356747249,-3.2018360472033893,-3.327383618250347,-3.274016461521431,-3.1637994528244704,-3.149166585194622,-3.079587565821813,-3.1163972753488465,-3.1556510949478263,-3.1556510866097134
-3.277008264967593,-3.2135726761974315,-3.3076137152254086,-3.2326673177587626,-3.330498688121786,-3.2963511256970444,-3.1873410943623437,-3.1769718829547733,-3.0653386787742596,-3.1045941382263127,-3.1543638037784696,-3.1543637947293925
-3.2193753259999327,-3.135816043910558,-3.307619458506059,-3.2389216893224084,-3.3302920003079834,-3.2968663988968285,-3.1956407556231876,-3.164071751226559,-3.0787420944039288,-3.1173369283237697,-3.1679326685912343,-3.1679326593662447
-3.220269665642433,-3.1467175751879504,-3.323442580582936,-3.2579719354091594,-3.345786651708003,-3.311537734223778,-3.2018912022946884,-3.171534016314798,-3.0926751240968717,-3.1307076062553434,-3.1916355554186775,-3.191635546037218
-3.269367347069891,-3.2005429953754323,-3.337064780381074,-3.2766249019594826,-3.3394056190432555,-3.3184511240857986,-3.197524149694329,-3.1663559001004633,-3.1022597958024174,-3.1398349894799233,-3.2023242597170336,-3.2023242503778384
-3.276762673800084,-3.2194972647188234,-3.32663952548649,-3.27515433460264,-3.317642891214969,-3.3121408670978503,-3.180843575829552,-3.150269067959416,-3.1076979769341277,-3.145304938974276,-3.2194034960631557,-3.2194034864438796
-3.288146188059293,-3.3266913004042156,-3.3263374791129925,-3.271664348513852,-3.2413583862828133,-3.2576073968748633,-3.107287496402149,-3.1135553977007993,-3.1627923446044743,-3.1701516218813146,-3.176279012910364,-3.176279007949414
-3.2061969884062824,-3.2391429791339985,-3.2874201787410864,-3.2507692610436196,-3.254677377603084,-3.2369975677305587,-3.1072585066060916,-3.110514482840201,-3.170705118944209,-3.177736348099907,-3.1904201879039564,-3.1904201828317182
-3.187634610135881,-3.2947976732775093,-3.245642861999505,-3.217250141081366,-3.2103986440813106,-3.1918912358724065,-3.0663681690687516,-3.052117773139741,-3.1433288425641885,-3.152335029091712,-3.1487722931103717,-3.1487722881088187
-3.148785643768292,-3.222641910971096,-3.211811678296786,-3.195740341678316,-3.2383670830025877,-3.193464950368043,-3.0634051074460946,-3.075701324788992,-3.156167334000327,-3.1650438512706054,-3.1692490345601962,-3.1692490293846056
-3.2592525262302647,-3.4036962045439343,-3.2253982164706847,-3.2123682216762757,-3.2238741580157124,-3.1947349611882236,-3.0728992865097884,-3.049317310850605,-3.124693681569914,-3.1343615898254233,-3.1361010991081306,-3.1361010932570235
-3.167197568132799,-3.308775824320551,-3.2245399876265424,-3.218558002244173,-3.2327010144359614,-3.2103516870503315,-3.100610315456338,-3.0537823579988923,-3.1291727300671432,-3.1392989257559685,-3.1449512628850904,-3.144951256641362
-3.166386272649865,-3.269083837179658,-3.2258327497884145,-3.2268134330562988,-3.251387343259482,-3.2383749988418105,-3.1461392576848692,-3.0721127079333783,-3.1339363732003225,-3.143869340927292,-3.1624761438063764,-3.162476137169736
-3.208299207297615,-3.405013603733599,-3.2195570167538765,-3.2241075685934004,-3.243941648636903,-3.225919492142497,-3.1276814414709313,-3.053996384204942,-3.1326497309981196,-3.1416488371482414,-3.1246009340281886,-3.124600928681833
-3.035505822897602,-3.20624091863024,-3.1552900538512296,-3.158049317833229,-3.1731824379845137,-3.157107224880961,-3.0457000649720536,-2.962778948721995,-3.1176119943188825,-3.126406324852278,-3.077344663847841,-3.0773446588954263
-2.967895333647614,-3.169254019854392,-3.0773217321112947,-3.0763116916418833,-3.011101344643138,-3.0553504475962696,-2.945319764816818,-2.890695529077659,-3.0636827663157815,-3.0771909026079713,-3.015554689040058,-3.0155546830897184
-2.9264023754878976,-3.141949679790295,-3.036232001221146,-3.032738886123232,-3.0373376500625584,-3.0627235961203927,-2.9660559330481675,-2.9077158298718455,-3.0673495830621533,-3.072017414592135,-3.033526638779953,-3.0335266325740484
-2.8712895239536094,-3.0560046475651457,-3.0093524072240365,-2.994906532504487,-3.044240298667132,-3.0495434927241165,-2.984176324798728,-2.9359994641604805,-3.0435608424848484,-3.0523926456614183,-3.031016249442457,-3.031016242619668
-2.8949069745439013,-3.0388319013821135,-2.9999156774438602,-2.981590427667551,-3.0725367416725304,-3.0388557691089026,-3.0196094893783454,-2.9609045142871366,-3.026671019024075,-3.0391499366634114,-3.025640054593595,-3.025640047274267
-2.9121703436240662,-3.1161288358835275,-2.977610155033382,-2.9582728947080046,-2.9437416633959304,-2.927445720506764,-2.930003267256936,-2.9558894721691447,-2.9944956940057583,-3.0071371859862275,-2.9655220560648967,-2.9655220493530843
-2.906322221874577,-3.110000493105748,-2.9520162644715793,-2.9249485381531874,-2.943629946718298,-2.9123829276557096,-2.945486941520764,-2.9734575160216665,-2.9886803130059247,-3.0007252712798143,-2.9649976438192436,-2.964997636933342
-2.851656299486261,-2.980425290379472,-2.9204998132576145,-2.893061202734617,-2.946079243194959,-2.8913483664754076,-2.940592705196981,-2.940856594104943,-2.9834628503025797,-2.9947277757184225,-2.9408835227451524,-2.940883516374236
-2.8275697198656258,-2.890788344520826,-2.9111611315005916,-2.8984623264697187,-2.9627102061022565,-2.8342155948526013,-2.9264552898821385,-2.9404754090632035,-2.997937600713639,-3.0086114672803106,-2.9218421712510274,-2.921842165678454
-2.8031045641574495,-2.7815507459880497,-2.890418929523759,-2.8919049507496895,-2.9836501106838806,-2.808259297642485,-2.927191945582949,-2.9387500688228245,-2.9929205665454193,-3.003831931065006,-2.9237574211966484,-2.923757415559191
-2.7568251590928,-2.747789707448255,-2.8490624614614184,-2.858999886127498,-2.933676459982802,-2.755506737609101,-2.8912117463951117,-2.8813169720238765,-2.9599348528670753,-2.972838627042163,-2.8837778307877127,-2.883777825173115
-2.7161820711944964,-2.681379795535172,-2.787945640856113,-2.801080201203135,-2.92007634052497,-2.7133274861981844,-2.872459585079156,-2.862195440622824,-2.9629631121442346,-2.97607286027984,-2.8937482779325485,-2.8937482719499537
-2.796773109177626,-2.7309073864376145,-2.7390385082633726,-2.7492897191961156,-2.891996316468998,-2.6806036310345673,-2.857870285693973,-2.830955394483633,-2.957952240699654,-2.9710820264720113,-2.892640658632246,-2.892640652480599
-2.772031906216057,-2.673206704808298,-2.71577302762817,-2.730571693146886,-2.847230377182451,-2.6473317544772743,-2.832465577071969,-2.822370605372587,-2.9480205628636877,-2.9614529696929566,-2.9024155054492544,-2.902415499003783
-2.7810961832197805,-2.696971547196106,-2.6923044344693245,-2.701564554344122,-2.7309120016357165,-2.603663532922596,-2.7587359432309895,-2.765476738007248,-2.9079803369582766,-2.90256260887043,-2.876321357662057,-2.876321350626475
-2.7696178101600806,-2.644808362187789,-2.6951905876126854,-2.691612079659498,-2.7639637632820846,-2.6278369243658735,-2.792861924912782,-2.791082303164049,-2.924295005054362,-2.918244554658385,-2.900711071477607,-2.900711064402492
-2.778474651428296,-2.6819237535673666,-2.6858167761073,-2.6722889174689533,-2.731194234944905,-2.6117784871079444,-2.7717431782946425,-2.749960182236804,-2.9103025931056488,-2.906188532243969,-2.874881897222736,-2.8748818901338384
-2.762336149406314,-2.652012129963252,-2.6666855785389663,-2.6483549477408137,-2.619838769472644,-2.5610005138031484,-2.691675554464657,-2.6893973982381154,-2.8576573801045955,-2.8602809708325716,-2.8430054536385483,-2.8430054459714023
-2.7425081185856377,-2.647177318652001,-2.6812390186113984,-2.65271517422925,-2.6557116294489855,-2.5833110017148986,-2.71709838626072,-2.7230237420109176,-2.8729217180739224,-2.8746351200813254,-2.863555072305412,-2.863555064646321
-2.721247917797384,-2.6654183049646947,-2.691163264280141,-2.6478381353275116,-2.704751959029842,-2.6213249656410382,-2.761248721989945,-2.752187298556484,-2.8903029263868802,-2.8909234729930664,-2.8752666255460793,-2.8752666180822883
-2.862891764644341,-2.745465465983108,-2.71982728642643,-2.6663411170630438,-2.7611486090087785,-2.6744400990406296,-2.8146740177273712,-2.787818628620179,-2.9070058013302775,-2.9066781766288243,-2.9020132901016478,-2.9020132825813336
-2.8014425093294033,-2.7076689895354233,-2.742246470754364,-2.681410815209964,-2.7707052409176027,-2.700131314329709,-2.823529837566627,-2.8168517265048507,-2.9107223120196535,-2.910325005477259,-2.901882483506833,-2.9018824760671373
-2.7532671337510424,-2.6933714834810942,-2.738725436273953,-2.6814106584260413,-2.807720642652926,-2.705804610313074,-2.827403358522863,-2.8752788890082357,-2.9244421481712357,-2.9225731265943646,-2.882622587499725,-2.8826225811284383
-2.7927121685335683,-2.7710070562298355,-2.721150987221581,-2.6600152705435938,-2.7780509380199945,-2.689811351327508,-2.7972274904367085,-2.896362612737451,-2.9040642357066844,-2.9036027999330476,-2.857583004603142,-2.857582998113426
-2.7263357665147967,-2.7368867777238624,-2.7252269921235888,-2.6587421675858067,-2.8211492068843045,-2.703144895349177,-2.829672950271379,-2.895689938243334,-2.891939748505208,-2.8923693649880655,-2.8483863659498705,-2.8483863595153562
-2.706415394747303,-2.7206712065022853,-2.7079769913947374,-2.636147966852434,-2.72861712168962,-2.6718548425713777,-2.7747174588166823,-2.8513821515259967,-2.852054516668224,-2.857411177244494,-2.816053498017892,-2.816053490898041
-2.7324610570953167,-2.7180598471375323,-2.7096058660685256,-2.6324723481683496,-2.721946419635846,-2.687276503343323,-2.788470568025068,-2.8569651323959837,-2.8494840539459467,-2.855583893595626,-2.825590041365882,-2.825590033967923
-2.722613257040152,-2.713135455795473,-2.7055943314746123,-2.6244800906282535,-2.7136108198513194,-2.681462654888914,-2.7936119236349746,-2.8278615598529155,-2.844254402662085,-2.85047570498497,-2.8157825431687136,-2.815782535864476
-2.7870830563121403,-2.754648810299979,-2.7226868105042934,-2.640537124091261,-2.7651179902375618,-2.717479838990719,-2.8444121267973457,-2.86878816458297,-2.854950500228389,-2.8598090692397142,-2.841405097778189,-2.841405090314271
-2.8449464779688602,-2.772670153429513,-2.7508113623704054,-2.6635905616459126,-2.8086605090628636,-2.750390682853227,-2.8818123962400626,-2.8935838211140705,-2.869223434882525,-2.872940994685653,-2.8674018370214536,-2.867401829498219
-2.608093033353095,-2.5910140145507525,-2.7339390715927663,-2.6508843230275203,-2.705096758351389,-2.6613508688403766,-2.7635357551775366,-2.9292643799250424,-2.8451619227526743,-2.8480152926933684,-2.788735349525885,-2.7887353433159454
-2.628900798891657,-2.600845974999148,-2.7112537397693455,-2.6331523234896266,-2.76960898942466,-2.6662218520863985,-2.8052282250850573,-2.930906252904624,-2.851048228658697,-2.853007772135725,-2.7892211620082255,-2.789221156129188
-2.6389530447423493,-2.5963779004156966,-2.6860338810626976,-2.6094856682661467,-2.726260286715778,-2.650567310736629,-2.7774897120149626,-2.9170222021028165,-2.8171363352055367,-2.820875478437279,-2.761365610424727,-2.7613656041987564
-2.691640432398753,-2.684144952954613,-2.695636589009148,-2.6218489460185355,-2.7907872048860933,-2.687183937807765,-2.833637415982771,-2.945535626686758,-2.8252751760617127,-2.828386132530651,-2.7751340355979517,-2.775134029395986
-2.737711440577205,-2.669269959619122,-2.719538887658778,-2.6445066547788914,-2.8577988270496864,-2.7406573386783797,-2.8871725773995,-2.99404695463886,-2.839019686901488,-2.8409956362708333,-2.7998729444409847,-2.799872938242048
-2.8385503007030275,-2.790680749570834,-2.7486262358702387,-2.666514412593055,-2.904517899460286,-2.778396219369316,-2.92395727972163,-3.0159598656404265,-2.8548320861185434,-2.8554513751612127,-2.829498296098442,-2.829498289815441
-2.9598203987876115,-2.890163383047861,-2.7885656061215895,-2.695872529157621,-2.9458566133594077,-2.8280693327499487,-2.9555130417199127,-3.0511160861719704,-2.8703314835443487,-2.8696909564172,-2.8579552582046714,-2.8579552518586038
-2.967585225224007,-2.8713446575921844,-2.8163934302476354,-2.715109355001247,-2.9692706042867796,-2.858965347693146,-2.968852708972039,-3.067393581767644,-2.883860585639629,-2.882266145244147,-2.8730869022169796,-2.873086896052499
-3.026122560764729,-2.930940415479504,-2.851079963808612,-2.7409596402947414,-2.9271888773859076,-2.855119888002455,-2.9403327237710863,-3.0670309373311455,-2.878231801089549,-2.87717560540978,-2.874410462774593,-2.8744104565515363
-3.054969218648067,-2.9731491370745324,-2.8907225408254233,-2.7711813088113644,-2.9689590970006043,-2.877910671727835,-2.9600041376396304,-3.094644022448939,-2.8936375200442024,-2.891375367796622,-2.891682079408926,-2.8916820734581057
-3.0679466932270767,-2.9660118533224,-2.9290033507881748,-2.803562324927945,-2.98601684197305,-2.9062001846064445,-2.967912721459541,-3.1156233141239484,-2.9062659801188184,-2.9030581931225736,-2.9035063949070214,-2.903506389261932
-3.0359085394906007,-2.9329567365114637,-2.94883690791475,-2.8182275971334696,-3.0073127307556575,-2.904986019359924,-2.973388024770656,-3.1186900426958415,-2.9161930820874047,-2.912320522981,-2.9052708417637945,-2.9052708366062037
-2.9229431175185345,-2.838474829879643,-2.951010167077917,-2.8158806527229654,-2.9005917524739835,-2.834725150858371,-2.889704135870637,-3.141895726032649,-2.8881271357725713,-2.88524915233675,-2.8679628728591227,-2.8679628676932185
-3.012966708504182,-2.92997113868511,-2.9694690744044303,-2.8447740274348097,-2.955211450321659,-2.8533115193459824,-2.91621736634185,-3.1544027043185117,-2.903145168636205,-2.899212955348538,-2.8861876399248927,-2.8861876349477082
-2.886296842870639,-2.7742537216758247,-2.9531838148269456,-2.844031258235417,-2.8527664405520614,-2.7981248465611315,-2.8483039096083846,-3.093164833292902,-2.876343476743929,-2.872407961165282,-2.859370801003062,-2.8593707957129815
-2.8849040385440237,-2.830670415315568,-2.9184776700147865,-2.818408912915716,-2.8218915152486734,-2.7986511392455236,-2.8443776243742156,-3.049438244099623,-2.861063715694595,-2.8594895780949163,-2.853862352370599,-2.853862346718693
-2.919929882032902,-2.8416165123530956,-2.9237998527497555,-2.8223271338855196,-2.869160328766263,-2.832396657901783,-2.897051395309637,-3.096728007585207,-2.8759029483125986,-2.8737467746236542,-2.882487643006079,-2.882487637178874
-2.985006469889675,-2.923641358846263,-2.966651273559321,-2.8517546220781496,-2.859861881239895,-2.8508067751344037,-2.8977849423223216,-3.1208022808752403,-2.842434783070855,-2.8426530905582426,-2.8503386366760246,-2.850338630573851
-2.999284406814516,-3.0231319601218183,-3.0105028665133173,-2.8962304844251676,-2.9330880119629046,-2.9069366444966707,-2.951240617754887,-3.1604365699317185,-2.859555726737723,-2.8589960927037343,-2.8792304161025317,-2.879230409920372
-2.9934523063494494,-2.965942050058071,-3.023868201727952,-2.909219676860186,-2.9316037407175823,-2.9415404075159137,-2.9670817593687233,-3.1796434995047056,-2.8619011957358182,-2.8620088066382885,-2.882479813462153,-2.882479807119918
-2.8337706149809048,-2.871849452367803,-2.9880689932288056,-2.8904671896419667,-2.8186906077102605,-2.8666765252937036,-2.8673546261496807,-3.2228504505058138,-2.8492831310142637,-2.8496730515000257,-2.819800354113352,-2.819800348868978
-2.8594649698601105,-2.9173686582405325,-2.961734255720173,-2.8742605307691034,-2.8704699157734357,-2.845974743621326,-2.8749820673532516,-3.2312733399835945,-2.863375259659483,-2.8622555266682332,-2.817191161780625,-2.8171911573004493
-2.8213155027236994,-2.8649367588857335,-2.939150688274499,-2.865480299313205,-2.9320305288803747,-2.8830941605049456,-2.9192562010242638,-3.2329275694809962,-2.878560702477174,-2.876469607131319,-2.8456373790183527,-2.845637374431786
-2.8274865796996482,-2.8010383088686757,-2.9338838524874693,-2.8658328000835915,-2.973051092409633,-2.91683340898658,-2.9531425318052866,-3.2449171130149397,-2.8853688038350254,-2.8837702487349897,-2.8674968310022217,-2.867496826170417
-2.92297196258565,-2.909636197772288,-2.942470073059664,-2.875483065742494,-3.01966907613934,-2.940941756748111,-2.9845669324385304,-3.2765742005797103,-2.9006863483399554,-2.898472066869486,-2.8916290222871073,-2.89162901744945
-2.969268227239063,-2.9032772765002326,-2.9515009846792495,-2.8834813423785928,-2.998740925902954,-2.9573444942814544,-2.9751928468692146,-3.2433195022073558,-2.906205084272054,-2.90485696980157,-2.909933061391437,-2.9099330561080876
-3.0128791426339054,-2.912711351955246,-2.970296353792674,-2.893546640201783,-3.030892271664379,-3.0251333725935567,-3.0141228791733083,-3.280749291160394,-2.9188187979288367,-2.9174004182382203,-2.935588456856034,-2.935588451313273
-3.0058560936011656,-2.896070520189712,-2.991900361117897,-2.905917669402913,-3.0601141506597167,-3.058813078061849,-3.0389518364392156,-3.302803334803555,-2.934268803001835,-2.9323640901287247,-2.9624184462417955,-2.9624184405899205
-3.057083504983924,-2.898705565438725,-3.0289545336538137,-2.932650202795872,-3.09100739903887,-3.1077230527103894,-3.0609493133923285,-3.330596555470579,-2.9463373076837995,-2.9444441159928263,-2.9796421088418885,-2.979642103297879
-3.1055235334901994,-2.95950306570818,-3.048552488784936,-2.9386723940156476,-3.004363440636663,-3.0590080539015587,-3.0007069356990046,-3.310587423777793,-2.930219053455104,-2.9294165542428314,-2.959341759431843,-2.9593417537479474
-3.0644374353239683,-2.9781011416929464,-3.0559029701884435,-2.9436540498040147,-3.035103747501152,-3.074907921088982,-3.0228444303830084,-3.2901281838704577,-2.946081018080996,-2.9446008511895716,-2.9646032222831047,-2.964603217279974
-3.0544037666032833,-2.911002809478315,-3.084072173985969,-2.970015490103772,-3.0745838331523903,-3.10667954220503,-3.051160790139788,-3.298244850563906,-2.961877786591957,-2.9598172543695855,-2.991658140915045,-2.991658135809089
-3.069388265051845,-2.997206157746516,-3.0843256958360206,-2.9758391935580826,-3.0823352388788656,-3.114234740034018,-3.0507846051031757,-3.256028088461316,-2.973477119384734,-2.9710328083073665,-2.9921786653845226,-2.9921786607111476
-3.0655564843652257,-3.0218064735740935,-3.1080659934511736,-3.003845059213878,-3.0931851207334784,-3.1236372932683723,-3.0520874971624266,-3.262370640475359,-2.9874716534671686,-2.9849998220701606,-3.002762316149014,-3.002762311619062
-3.034902638511787,-2.9806955779450814,-3.0932308638788055,-2.9901393433494428,-3.07944556265731,-3.1292435273322554,-3.0426218539989485,-3.2107128160218337,-2.9896657791315455,-2.987953971568593,-2.9991837521781584,-2.9991837476514585
-3.0654108500704624,-3.011275405924531,-3.0941531083668523,-2.9882063390393765,-3.0862899090065303,-3.1073421546173847,-3.0358728104574637,-3.187747199720177,-2.982104745873129,-2.9822979059479993,-3.00322750159213,-3.003227496606842
-3.00843187479942,-3.0047034260786445,-3.077998495555556,-2.976722780445398,-3.036726264443994,-3.0724200141340674,-3.0115814307843505,-3.162814133346615,-2.979984964368389,-2.981338026962765,-2.996607491136505,-2.9966074856113543
-2.99948231857437,-2.9715384023187967,-3.089691194063526,-2.9941669551449004,-3.076638760420858,-3.104391395299091,-3.0628251713648242,-3.1986885256378983,-2.989151615562493,-2.9902434391320174,-3.016941384819731,-3.016941379132139
-3.09405881370302,-3.095901984518485,-3.1114367960384506,-3.0159686408749216,-3.1248825389162365,-3.1394871231494976,-3.096712319114088,-3.2311599165773908,-3.0040051115303075,-3.0042859866319365,-3.043068320071875,-3.0430683142549593
-3.1460663466714203,-3.1615757229411576,-3.1419651898566383,-3.0507313081661223,-3.1301577282240527,-3.1566291305144283,-3.105402243451597,-3.250515210804283,-3.013340096323228,-3.0134818105248677,-3.056457146865436,-3.0564571410463865
-3.158143091035466,-3.2138676165563047,-3.169615893747401,-3.0856773232152226,-3.175193072226056,-3.1932365914029712,-3.1636931914968156,-3.2792725391297495,-3.027903333854923,-3.0273829746960947,-3.080986074656059,-3.0809860688040187
-3.140835218588239,-3.1738641020844587,-3.1799521308540637,-3.0964503122866556,-3.138469747456854,-3.165904779332851,-3.1364281338002544,-3.226048030610625,-3.017894779914835,-3.0173642082149867,-3.04638632641977,-3.0463863212232853
-3.080037824992007,-3.073737336434076,-3.19848441500457,-3.1197190638993955,-3.184181532290581,-3.1673936369958064,-3.145677820063791,-3.220170872385656,-3.030986097545436,-3.0295755768169284,-3.0673255002031525,-3.067325494935282
-3.144078149521061,-3.16154233424534,-3.1948534726155113,-3.115311755437149,-3.1836324980489534,-3.1567858649024303,-3.1158548687526624,-3.2067857418680226,-3.0163925799121754,-3.01882908176652,-3.0708415172189154,-3.0708415110145575
-3.068034790324079,-3.0826500823329392,-3.195456760057988,-3.1178930395967623,-3.233706529592915,-3.1792629124477676,-3.127210282607848,-3.244329597521693,-3.030325007063081,-3.0323263809204533,-3.0955900866394557,-3.095590080024147
-3.08374241083969,-3.1068935496463506,-3.203880721687415,-3.1379105617930807,-3.2438047890545887,-3.2009163149302604,-3.146913519244488,-3.264644027470118,-3.0450649042243896,-3.0463288605353673,-3.1038073031293005,-3.1038072970590593
-3.129361328445956,-3.149522583231349,-3.2026034338761296,-3.137870098068897,-3.2560819549777866,-3.2185361318538543,-3.1459769438034,-3.2647481130184195,-3.055185271115226,-3.0562914719784975,-3.116728462682393,-3.116728456657749
-3.1379816098829383,-3.1519952278243593,-3.2217813456534325,-3.1556866536586874,-3.278896456522361,-3.2480445800149598,-3.1766693762844787,-3.2755068579388045,-3.062564581684004,-3.0634784371575714,-3.132899176928155,-3.132899170729961
-3.126924868013,-3.1723339090707214,-3.2439415430218776,-3.180956905484066,-3.3048393146538517,-3.288262575803093,-3.2015559453472098,-3.3093493040881916,-3.0767122294323257,-3.0772600301232895,-3.1398897925991314,-3.139889787098965
-3.2256926010914295,-3.2437807854135934,-3.2638289904276787,-3.2006909465072284,-3.3241156442707265,-3.3159467457472283,-3.2270750825018784,-3.3133939433927604,-3.086444338258225,-3.086880811853532,-3.1590750737782995,-3.1590750680368016
-3.169297327406586,-3.222313780392415,-3.274869149598521,-3.2085019866859263,-3.254887826631339,-3.285964832107648,-3.18749958892732,-3.3260293572415742,-3.0839785391968015,-3.084592006926757,-3.150130027796824,-3.1501300217881183
-3.1778406793141882,-3.19141049086815,-3.292713675268704,-3.2228740789479637,-3.28661734246673,-3.3114589086956965,-3.2354082575926455,-3.347270631174205,-3.0981893476525055,-3.098164267845064,-3.1692619107474727,-3.1692619048568833
-3.1640750619265994,-3.1230307162513613,-3.2402098643225536,-3.1611456586918734,-3.055410724317585,-3.1789796200119405,-3.1059980315738116,-3.077335800387017,-3.0280800372510024,-3.0355716172843574,-3.1097423847578067,-3.1097423768903525
-3.0049849295636886,-3.0315798111178283,-3.1736608018837478,-3.08861975007475,-2.9515239201672565,-3.090816277904379,-3.027961710561959,-3.0835600164587023,-3.007343587013543,-3.0157313373432335,-3.0585592448149956,-3.058559236681566
-3.008112936960237,-3.003776049302219,-3.1386887943405712,-3.0607488844899104,-2.92480879198326,-3.005717122373343,-2.9914056413919714,-3.0745809982877983,-2.959516708761958,-2.9706474432081844,-2.956441886214868,-2.9564418796573344
-2.8718530727074687,-2.864986370459233,-3.1045135443982215,-3.034625007278669,-2.9343617352040896,-2.943978315938083,-2.9504768192653437,-2.9954848725500036,-2.934325269524263,-2.946423020677962,-2.9143893168624357,-2.9143893105716376
-2.8452629086566605,-2.8376325824561635,-3.0583522599209534,-2.998402774913854,-2.9801094636480108,-2.9216463468019715,-2.964830814064697,-2.9931973025759224,-2.943976498606555,-2.9551992463553978,-2.922659537007755,-2.922659530955262
-2.8391804793566227,-2.855435727394728,-3.029348757396109,-2.974853942285121,-3.055182581514697,-2.940559143067655,-3.024851466455084,-3.0203716523061788,-2.9535192945414517,-2.9646843706258856,-2.9455287978149194,-2.945528791514207
-2.802411628087161,-2.827569128707475,-3.0221039343577147,-2.963789985765735,-3.0650001706124685,-2.948751234508017,-3.0254401313878514,-3.0093376776798957,-2.939856410449837,-2.9524408758467797,-2.9394632627093773,-2.939463256079395
-2.911744061018184,-2.971288970106998,-3.0363628458684957,-2.97468607435036,-3.1314010898591773,-2.9870929930429186,-3.0554298464079275,-3.038845547507561,-2.952939840624942,-2.964787557051253,-2.9641886402054314,-2.9641886334521685
-2.945922015113722,-3.0004680337144127,-3.0649896244093284,-3.0067632729963867,-3.190886185436402,-3.0450896421136013,-3.133544377019311,-3.073315297610342,-2.969093035167293,-2.980098829314866,-2.9904088425182365,-2.9904088357278207
-2.951155142039272,-3.0718561206187505,-3.064321942185927,-3.0024473823842692,-3.1016125040781226,-3.0098268244518875,-3.0594567279182843,-2.97587101578479,-2.949489902708475,-2.9593271209267944,-2.933210934412763,-2.933210928153753
-2.9291156892345365,-3.013580683308805,-3.0480736383666773,-2.986788611131616,-3.1031602933169107,-3.00485466148297,-3.0461206999079784,-2.974555208410313,-2.9582076800693056,-2.96739096464331,-2.94556001211494,-2.9455600056636264
-2.976279816252155,-3.0142733214107587,-3.038575654245818,-2.978805074296526,-3.150056409147118,-3.0270562691698184,-3.073837172933323,-2.9990909852528334,-2.9725178161775547,-2.98107450908507,-2.966628743575072,-2.96662873717255
-2.9646735629128007,-2.9981140529304935,-3.0223109462072095,-2.9602516485633474,-3.1374598789780332,-3.0282906838049515,-3.0642002784619655,-2.9924558476464185,-2.97455866036877,-2.983357996511753,-2.9741761686061787,-2.9741761619504827
-3.0145463908574905,-3.093362483105908,-3.0197913841401425,-2.956194498281154,-3.1383922653455403,-3.0343678024767766,-3.0566718923626683,-3.013977611030109,-2.983848266239877,-2.991967787035789,-2.996171407522797,-2.996171400718081
-3.0653290912742257,-3.0879459451432907,-3.0345121314125514,-2.9660496962541396,-3.150119489982928,-3.0537812702151172,-3.066619764922532,-3.0294949328470584,-2.99375670075163,-3.0012390737741743,-3.011959422346946,-3.0119594156250087
-3.065102173073031,-3.077224082350685,-3.0481833532786835,-2.978294607367436,-3.1820736036274373,-3.074336975886102,-3.081812196975315,-3.0897893213459393,-2.997512222994285,-3.0060289599162546,-3.031758884715067,-3.0317588772429658
-3.027664709789429,-3.019935294037091,-3.058872346600349,-2.9877182705550034,-3.1107122509444958,-3.0509543560883396,-3.0321789183076326,-3.0789695400193597,-2.986076317627247,-2.994982324000243,-3.0204884528480824,-3.0204884451958374
-3.0886006996928166,-3.099954114589035,-3.090909191615985,-3.017246844209312,-3.1417292008972115,-3.08284433811857,-3.0668862360969222,-3.098780205801326,-2.996572773260959,-3.0046874836710344,-3.036319800295978,-3.0363197926272756
-3.175025805321394,-3.155786211233658,-3.1289738004278735,-3.0497635745557607,-3.174842090387946,-3.114761499503473,-3.0968112307647218,-3.1237962592733517,-3.0064727330221723,-3.014519092318145,-3.055536475158889,-3.0555364673679954
-3.2027068274915194,-3.2279475596334644,-3.168649301979687,-3.086078316705086,-3.1750867261194244,-3.1381170694862477,-3.102468313661979,-3.1372884417599147,-3.01525108386386,-3.0230705089609176,-3.0720386012744263,-3.0720385934487044
-3.262600296983045,-3.258065938647294,-3.20714660609762,-3.1188470379308257,-3.217121057241527,-3.177673696942527,-3.1543460964757712,-3.1829312649382606,-3.0313990592964326,-3.0382673890817053,-3.096312005670941,-3.0963119978437446
-3.2034512197732754,-3.1981707969572715,-3.231197167296671,-3.1413580537032564,-3.2457874467853456,-3.1677592687845264,-3.1254054401278664,-3.2329265455830627,-3.047567001004702,-3.0535187289245194,-3.0978237579351555,-3.0978237509541877
-3.1381964165956058,-3.1082879206667986,-3.2080230711829616,-3.129264261870221,-3.2567542793380553,-3.1706288012954182,-3.1375899334999926,-3.2370852602284845,-3.0615086578463857,-3.0672028258048285,-3.1127078118177045,-3.112707804856555
-3.1867709287038433,-3.169028956759491,-3.1743253755606426,-3.1072374294139027,-3.1302376218076473,-3.109146698099835,-3.059576013006082,-3.148177858243315,-3.038773107413908,-3.0466791524048906,-3.094092139748307,-3.0940921323646577
-3.0980780130186343,-3.0864844737891373,-3.164860384843748,-3.104886666223316,-3.179283635087341,-3.134698423695649,-3.07950525725623,-3.178552417164256,-3.0552597788391616,-3.0625459169481677,-3.1140384398710386,-3.114038432657844
-3.1495681749255082,-3.130241838119548,-3.1698363630362443,-3.11370352389464,-3.224217677439697,-3.1672702571983216,-3.112375911559239,-3.22820637896132,-3.071221247673564,-3.078014810874271,-3.1380070859760725,-3.1380070785495926
-3.1393850931302474,-3.0893351437820744,-3.163264431030131,-3.112135876433449,-3.2377784395058793,-3.1916047760482265,-3.125221722991287,-3.2255261455150595,-3.0848738176089148,-3.0911049287231873,-3.160664661346512,-3.1606646537889604
-3.155325943450192,-3.1264180467362235,-3.17819280191328,-3.129485822830002,-3.2540636664517804,-3.2263781381215764,-3.144937626510044,-3.2345149750146587,-3.1006424484134487,-3.106372842053428,-3.184827858673996,-3.1848278510925447
-3.1978110421332118,-3.2052380565539296,-3.2219121938012667,-3.172580307716614,-3.2667575460425518,-3.253107447556671,-3.1593684813134257,-3.2719460414532167,-3.104037177085991,-3.109960134513897,-3.1913791001661456,-3.1913790924298286
-3.1982041418809635,-3.1925509373366756,-3.246161773786339,-3.1961643047489883,-3.252500778674184,-3.2495060951058212,-3.1630784596726045,-3.245620940204083,-3.0973758827605704,-3.1056295107172702,-3.182385653082124,-3.1823856448230416
-3.2388550526166804,-3.27040106664927,-3.2704780775871436,-3.205375748772305,-3.165728081958614,-3.203306044835661,-3.1042556618092667,-3.158688244641151,-3.063427360530895,-3.073623487201132,-3.1234519368746083,-3.123451928630558
-3.2278308438795076,-3.2376987821943817,-3.281717226575574,-3.218771517703635,-3.2022604964198416,-3.221705097783681,-3.1243772473526534,-3.1737734987182087,-3.079117629650379,-3.0887285640953865,-3.1489010219333826,-3.1489010136122406
-3.208790954869991,-3.2898462583548906,-3.295491756103355,-3.229826509970748,-3.214045788655645,-3.234975124815852,-3.142990205874257,-3.176672273055062,-3.0721512494605654,-3.083556521674297,-3.1500854659725244,-3.150085457180919
-3.2363062061855556,-3.3301595881000785,-3.3116545884737048,-3.2523686809911894,-3.250917283994197,-3.2679382265715295,-3.177885879347738,-3.2088404348861745,-3.088243611391823,-3.0987699865558547,-3.1650974709224324,-3.165097462391533
-3.187332878950931,-3.267521964408249,-3.3204534539281543,-3.258659384468773,-3.2736480829963766,-3.2895504745064774,-3.196483081799147,-3.2447540395067334,-3.1004803501616376,-3.11028604553995,-3.17480761840048,-3.174807609742551
-3.12446462585061,-3.1836638685595977,-3.324155144943075,-3.2565144550658105,-3.3128518377187444,-3.31501390895713,-3.2195143953389205,-3.2803824722019455,-3.1167548694798244,-3.1258161384776737,-3.200166326846042,-3.200166318133575
-3.2106948391169636,-3.3061159620767184,-3.3192395998182325,-3.256689698721605,-3.250864828337358,-3.3067180441228183,-3.1997971284684135,-3.2756568284131986,-3.1129026250375142,-3.121697629103798,-3.1988522483280275,-3.1988522392272283
-3.2336532806812457,-3.3281762653122917,-3.3204981272006524,-3.256399313657206,-3.253261688985135,-3.3115342503386365,-3.2049878805779346,-3.266788326578653,-3.116116227260443,-3.125743672312635,-3.204071578587344,-3.204071569201175
-3.280337038659458,-3.3373364143211366,-3.3320537092467246,-3.2685580469169713,-3.2795159082085834,-3.3390504570997592,-3.230758556071306,-3.278701054223812,-3.1284307948996593,-3.13758676093023,-3.2256867862285015,-3.2256867768131454
-3.2488815709528294,-3.3034155896725155,-3.3485908906497714,-3.28185411617507,-3.3085695779589255,-3.3571104789419257,-3.2496141060013723,-3.3228231717686745,-3.1432839477863017,-3.151404181430889,-3.241197747935059,-3.2411977386621547
-3.269621489732623,-3.320542866053404,-3.354706748096258,-3.2905305275732606,-3.321027951987216,-3.3562521431595065,-3.26331092830298,-3.324091890240475,-3.1459139828643683,-3.1556081674491496,-3.2471183149457783,-3.2471183053691686
-3.1698972732958928,-3.21856124441397,-3.295429382002424,-3.241015158932835,-3.167881360434783,-3.254432717281071,-3.160260465634853,-3.143193300021382,-3.0955027948005513,-3.110082422447622,-3.1534547894358487,-3.1534547801517947
-3.1317038323768407,-3.230454617202966,-3.2441086343090766,-3.2021794678350703,-3.1786049754235557,-3.2140152731386973,-3.1587297871879043,-3.147119631669314,-3.100450337465307,-3.115027703611141,-3.1583368890107524,-3.1583368794518427
-3.083141805524301,-3.178517826254535,-3.212294385649472,-3.1807083482811804,-3.2221663701548966,-3.2033295436366473,-3.17875761201633,-3.1905286326051243,-3.11516308938601,-3.128664780598935,-3.1830363445586998,-3.1830363350051853
-3.151329794155648,-3.2342884961463185,-3.1867803059976785,-3.172462274515735,-3.1904269369295792,-3.1857688689056047,-3.146165538979352,-3.1879215296826224,-3.1188560050796,-3.1325643437843107,-3.186978032585982,-3.1869780230007447
-3.0782598532741132,-3.126457825651333,-3.136452556123915,-3.121958002921886,-3.1418310304152794,-3.1486904810162364,-3.111012245971927,-3.1477436466363664,-3.087981844214894,-3.1070389877708147,-3.161655657552572,-3.161655647119477
-3.0793898870339658,-3.1611240169411756,-3.1209221667256823,-3.106861585518088,-3.1789132061213903,-3.1641566449824006,-3.1404474574918964,-3.1703669782174657,-3.099316472680346,-3.11723214468033,-3.173212119980912,-3.1732121098804287
-3.0837392695619235,-3.1798422512971065,-3.109320899580207,-3.0905001456519905,-3.1609914399826966,-3.157565989004709,-3.131166881514529,-3.1565952077505726,-3.0978566405133674,-3.1148692219033887,-3.1684146239714237,-3.168414614062484
-3.0273206013160565,-3.194412989918431,-3.0655340375228493,-3.031791629775434,-2.9600842285141273,-3.019000045873039,-2.966377479778309,-2.856775874208723,-3.0089891140576857,-3.0274847772007973,-2.9857455120512624,-2.985745504191171
-2.85988873835574,-3.0145023879711754,-3.0092602864577813,-2.9753440509584532,-3.0498362068868685,-3.0194340200701237,-3.0192569853561864,-2.9056479055426716,-3.0226761749483,-3.0399935243648817,-3.006579997437245,-3.006579989594658
-2.8582296426549254,-3.004922124611941,-2.94791961821435,-2.923083233118367,-3.014493881403219,-2.9859279267382393,-2.9853630793309422,-2.8893736826303917,-3.0090537803176094,-3.027424475023296,-2.998885915866368,-2.998885907929387
-2.8601876700980604,-2.9524827102328355,-2.868278521810238,-2.8631549280190676,-2.987867253313806,-2.947942033753318,-2.9904656006787618,-2.8181450933106436,-3.0157980283980224,-3.0264132829657098,-2.972689138979643,-2.9726891337659533
-2.7814117938550105,-2.872445716694533,-2.8133980423332567,-2.8062855494695835,-3.0254000777304726,-2.9402457088844383,-3.0049056934943565,-2.860482561700553,-3.0271108752627773,-3.0367392679526897,-2.9932971882849913,-2.993297183038154
-2.7516275763392364,-2.834970716545795,-2.769042917628198,-2.7593721444562997,-2.906870374594632,-2.883547153543822,-2.9268111126921745,-2.790487907402471,-2.984268083216723,-2.990230920997076,-2.962752610574287,-2.962752604711804
-2.7489355777516655,-2.8044923355924274,-2.7558200644873585,-2.7398566462547933,-2.93722495215031,-2.8887873494572913,-2.9466471462632793,-2.822782599451595,-2.990371329513827,-2.9956846286080725,-2.972296016551537,-2.972296010816806
-2.741498210406866,-2.7623967666202383,-2.7641015242572444,-2.785699475170112,-2.988471043784253,-2.9137743691647318,-2.988847425883278,-2.88469798677661,-3.016670901062085,-3.0585517795391874,-3.0402325800824963,-3.04023257869739
-2.7420011113736726,-2.8270818507351567,-2.7956410978691544,-2.8187594947356724,-3.043276274886372,-2.97571151264274,-3.028963761692512,-2.9475860869707686,-3.0325450374643435,-3.0731091979212244,-3.064222624725122,-3.064222623236555
-2.7811575315114365,-2.8735726597072593,-2.8337432780749796,-2.8619497537249226,-3.1061766006572853,-3.0346256396947875,-3.080840689068516,-3.0068965031317627,-3.0479056375303917,-3.0873708469684527,-3.086138172133042,-3.086138170662855
-2.8789807711833357,-2.935238753296525,-2.8764426539259467,-2.9042248947165366,-3.1485208143349492,-3.084077912171756,-3.120300974064934,-3.0313399934456977,-3.058242324986254,-3.0968019003481113,-3.0981339355677884,-3.0981339343755714
-2.8850218829250505,-2.8938727886614206,-2.9153508492585836,-2.9365935252717796,-3.1640563073050405,-3.1165845053457186,-3.1403590719384322,-3.0330231118279,-3.0632154714849538,-3.1014287970002776,-3.105291667700752,-3.1052916665423407
-2.9615893599147967,-3.023308790061465,-2.9726190259722456,-2.9697403736083494,-3.2087996660470206,-3.1546258114658148,-3.188742271604151,-3.0713145505008335,-3.121092862146998,-3.147782120697767,-3.17328172817741,-3.17328172798742
-3.085136812992576,-3.117541498356016,-3.0252504626388204,-3.0170202126846166,-3.237415176349033,-3.2405294594774654,-3.220550757990356,-3.112548167263571,-3.1507217901628755,-3.196324957101722,-3.217489408600424,-3.2174894070329048
-3.0537641378975744,-3.074318438692664,-3.069021288072426,-3.0516339900481517,-3.269367138257191,-3.2571710401736764,-3.204461226306936,-3.1360177448830013,-3.1656716128824582,-3.210047727567779,-3.2208453726274144,-3.2208453717046575
-3.0117463802813864,-2.9679254033022437,-3.0602908064663126,-3.034201759801671,-3.092710677763854,-3.1780705837516603,-3.096379093185053,-3.0107765807209015,-3.110484947471686,-3.15954979628149,-3.1619862339512013,-3.1619862324599755
-3.068950312073511,-3.0551604018864023,-3.0673941976515153,-3.0370274847180276,-3.153447925362602,-3.221164905611547,-3.14377685443362,-3.058372461397046,-3.1269157339418943,-3.1745579619848234,-3.186259452349412,-3.1862594509088877
-3.0221771940086914,-3.040867905941742,-3.064157934760083,-3.0315249246450344,-3.1478612737889344,-3.2193247915574057,-3.144810155139996,-3.1007108959493905,-3.1331747006113813,-3.1796995091622424,-3.1846773485423787,-3.184677347254097
-3.1918657328173663,-3.128091948049586,-3.1134040799298712,-3.065695541363046,-3.213175238148874,-3.252956433097568,-3.1943028800100275,-3.1611208804613757,-3.1838788378979026,-3.2009077137333133,-3.2294878634841915,-3.229487862180753
-3.144076338288908,-3.084170523377883,-3.132423730141726,-3.0815003660019364,-3.246685934559421,-3.2853261824662012,-3.226929533856728,-3.1900205060293785,-3.1972167220125924,-3.2131970849113998,-3.251825464347921,-3.2518254630971324
-3.198683328456877,-3.1281743594970965,-3.16874929948017,-3.1101316141155553,-3.2783601455054487,-3.3157739599573715,-3.260084938571756,-3.2089089554159083,-3.207456826024668,-3.2226406092637614,-3.2706793446389604,-3.2706793434113344
-3.2384940689689174,-3.153599076942607,-3.2051228028186314,-3.135572915180859,-3.3090568718506064,-3.3432750030130123,-3.287467344828016,-3.2410373214552566,-3.2217218413418687,-3.235529184703021,-3.2877190821996303,-3.2877190812550507
-3.150476131811751,-3.094800837229544,-3.2026510049865013,-3.1330261104984065,-3.306959880456403,-3.3430947544604024,-3.2962819844737856,-3.2449469057140483,-3.2275560557077325,-3.242032133732349,-3.2906569268215193,-3.2906569260271405
-3.2440486346211608,-3.2246079598088646,-3.228108845086466,-3.1606412110130773,-3.3223917793684814,-3.366487685499829,-3.3102886114864196,-3.2760444585150834,-3.241142227415945,-3.2549376160568206,-3.309832840860711,-3.3098328401594586
-3.205525119010676,-3.1747396755979373,-3.251859291379614,-3.17931086057568,-3.3312937116196757,-3.381904738277596,-3.317902383449797,-3.3025197294622455,-3.25028916782186,-3.2630255630897724,-3.3217271789464027,-3.3217271783337967
-3.192809988754963,-3.1765161839167093,-3.2668753270588513,-3.190207944119549,-3.328174013271978,-3.3500627505116154,-3.2902709384591633,-3.3633064397559793,-3.260376668006913,-3.2712448191929875,-3.30820452525536,-3.308204525732732
-3.2608841130590602,-3.233579172113583,-3.286082445497307,-3.211535173687244,-3.370981253968696,-3.3773509352970454,-3.320071778200978,-3.364505347242232,-3.2720625434746804,-3.2821318474078742,-3.3287995499318823,-3.3287995504052468
-3.213763309702828,-3.1751157506765857,-3.2762349524151406,-3.204498439419281,-3.342775575224396,-3.361348997607481,-3.3106709189603136,-3.333367540963667,-3.2657550943201885,-3.2784175150337784,-3.331497350200391,-3.3314973502013183
-3.2040336742449904,-3.158050377703127,-3.2751689501824446,-3.2059833412458376,-3.3597416556750894,-3.373088227856459,-3.3316936180405308,-3.340519394602712,-3.277894075845227,-3.2900417189681805,-3.353175259870323,-3.3531752598423594
-3.2352372713325996,-3.197143087696867,-3.2912837476933436,-3.2264498367442673,-3.357395258314651,-3.390058362357273,-3.344514100461655,-3.3561527586625104,-3.287846792664896,-3.2996219016940795,-3.371061562923677,-3.371061562820034
-3.26690255957558,-3.234207690738094,-3.3136353395309945,-3.253779977637119,-3.3498608949680673,-3.4108379634875936,-3.3462075822810196,-3.3459391952207937,-3.297478233918661,-3.309598591941956,-3.38160679202669,-3.3816067922474344
-3.330967163142579,-3.327933511349582,-3.357247015253494,-3.3023663991068197,-3.3575219321508922,-3.4314974639983964,-3.3402311241594362,-3.36501842303587,-3.3108078168251165,-3.3224684226767227,-3.3961633275031975,-3.3961633281560433
-3.268274032248474,-3.2506152338930265,-3.402349069767715,-3.3513820001715207,-3.3893465439106047,-3.467104930600782,-3.3662376995920624,-3.403770321553712,-3.3222497787012073,-3.3334173001966745,-3.416539244239229,-3.4165392448598952
-3.2967332706695505,-3.2827407082976414,-3.394351084164785,-3.3448656307372584,-3.290565935818205,-3.415057823945951,-3.32406597871931,-3.297843320646593,-3.275004556189743,-3.292772263377544,-3.360615647646589,-3.36061564711909
-3.2954775290740206,-3.2354927934324733,-3.387086131458982,-3.3436566044252842,-3.292103815008859,-3.4029067774235564,-3.3119221301491923,-3.2788180192121654,-3.282068748964446,-3.2981658516216545,-3.34797844548949,-3.3479784458252233
-3.2635857902301852,-3.271803955788265,-3.3477345920873245,-3.314727283115416,-3.1985681425852497,-3.3401158798886206,-3.246396438778603,-3.1827824605370956,-3.2533172483253026,-3.2722348071518295,-3.324683329539547,-3.324683329330677
-3.3276138157578017,-1.1767834419831429,-3.3156834184661803,-3.288803236700233,-3.204233376538194,-1.0712762459187473,-3.255432275459769,-3.212995468000942,-3.260911191489461,-3.279382659836341,-2.1041646723352256,-2.1041646370794123
-3.200616220300277,-3.214368234255841,-3.2503925733050254,-3.213254423639657,-3.042482221509406,-3.197789261512127,-3.140419270509148,-3.1472180021283656,-3.1938417368796026,-3.2153634342890616,-3.226239432965663,-3.2262394319408703
-3.155735542118114,-3.2025944490002076,-3.1932599762642306,-3.158316955355398,-3.0326400070440798,-3.1834340377202937,-3.13563310829084,-3.165650347423334,-3.18452447098855,-3.2073564782476556,-3.2200835580830143,-3.2200835568741555
-3.1661131915494787,-3.2106254188549697,-3.1815115504643687,-3.143908243561847,-3.1161955259936027,-3.2127984013604105,-3.193202308175747,-3.247862650742445,-3.2005661158892957,-3.2220447051039534,-3.23669285022521,-3.2366928493407836
-3.1274233444643396,-3.125603425195144,-3.196942227213134,-3.165830925413359,-3.1926322684501343,-3.235469079149418,-3.264198948140326,-3.286059618033569,-3.2141618866330353,-3.234631496748362,-3.2551484693253814,-3.255148468582867
-3.160059221229221,-3.128111824644013,-3.2731299870158637,-3.2207429666670304,-3.1708630840632255,-3.1883040478266187,-3.214776783198971,-3.2819428237659056,-3.185103678092971,-3.2027372448569453,-3.182129146293133,-3.1821291473140647
-3.2189312563942165,-3.2226264987230624,-3.301264325717081,-3.2549375727555776,-3.2202183102162225,-3.198143499544005,-3.2509685855096904,-3.272105789556889,-3.175842308916491,-3.1950011172803023,-3.17983913431714,-3.1798391350808606
-3.199005322225934,-3.1691464253783317,-3.299439619478027,-3.2710247674297612,-3.244433969467478,-3.196157197023485,-3.278196420520237,-3.2847606898842874,-3.183242656131916,-3.201737560160324,-3.1878897906024544,-3.1878897915235282
-3.2257247238528,-3.2012932062965054,-3.2708922609354563,-3.2504703759290243,-3.2109934259746344,-3.147623238900988,-3.2287990518282483,-3.3082162667601613,-3.186511670531817,-3.2032175584905076,-3.1669381802269534,-3.1669381819213522
-3.1186341237089,-3.072450373945296,-3.2244379468365114,-3.222885433710223,-3.1991263677404396,-3.1561753098830794,-3.2269894567834645,-3.311407797228509,-3.1897406738359093,-3.2074270032557477,-3.1761861790672565,-3.176186180593555
-3.1121146285171966,-3.0973592381903807,-3.197420266934604,-3.1996117576646372,-3.249139935394886,-3.181244931675974,-3.268407125825676,-3.3307900098299483,-3.2040420423497467,-3.2204563553450885,-3.200566949443777,-3.200566951015738
-3.183217819973657,-3.0760922867248386,-3.2129822664779963,-3.2074926986690984,-3.2442158359382023,-3.1992904746289583,-3.2736130477315446,-3.352675479853736,-3.179108224662996,-3.197609942510908,-3.186607580977537,-3.186607582075592
-3.1338067091938218,-3.153224727092253,-3.2259593502387105,-3.2160205270662865,-3.2824339352003276,-3.2164942978040525,-3.2947234226782665,-3.3697173322339555,-3.1936288145350047,-3.2109265882180074,-3.1951154160967703,-3.1951154176473113
-3.1483279073137127,-3.1398704114068776,-3.2194607687124126,-3.2049393571003453,-3.2903977168716136,-3.228465856345392,-3.3061577693166693,-3.342873874711146,-3.2012913683745667,-3.218940448368489,-3.2115362442288466,-3.2115362456055414
-3.1164154937545616,-3.067637995431487,-3.2290116700351907,-3.213042578928927,-3.289939691508108,-3.2497395885966527,-3.320953895091515,-3.333253361280697,-3.2110986088347095,-3.229342400447008,-3.229923088798203,-3.229923090113088
-3.119394504920147,-3.046810495119327,-3.252502501079005,-3.2329231772874967,-3.3124227421025516,-3.2772157910607618,-3.347809561821579,-3.356271917277471,-3.22679507746125,-3.244128488429827,-3.25374878221222,-3.2537487835546934
-3.191298908283791,-3.1338700062039613,-3.283501719008987,-3.258596721219778,-3.3257027061651314,-3.3124811793950157,-3.375523998150995,-3.3735494389821525,-3.2408987839471575,-3.2575843471159907,-3.276616152273741,-3.276616153549683
-3.2635800096272574,-3.17230261889696,-3.330600950357188,-3.2965318248901436,-3.3133459235704925,-3.326675287120303,-3.37391951905279,-3.3734192491684087,-3.236689273592503,-3.25332943304514,-3.268813672495429,-3.2688136739277693
-3.281592324048521,-3.222619882439504,-3.3585233873270375,-3.3215341850956386,-3.3598805727536627,-3.342500502026074,-3.4039636577867047,-3.4087772083100436,-3.2521534890333688,-3.2680195660318327,-3.2895387348423935,-3.289538736442926
-3.243678965193033,-3.1574336933122957,-3.366849609022942,-3.3288835186580337,-3.362947797753998,-3.3556006096041173,-3.406341232914209,-3.384511493366336,-3.261055252207968,-3.276600875249505,-3.2980157545573543,-3.2980157562256363
-3.2220977256826684,-3.1379328793218866,-3.3373406353854427,-3.2877560042282052,-3.1727815112202724,-3.2432256928875836,-3.2502515780751073,-3.185998952940781,-3.1738399893392457,-3.1969602653578066,-3.191983829807471,-3.1919838304277652
-3.1512723082627807,-3.107969529810268,-3.31971551029015,-3.2746046135513915,-3.216154699210187,-3.2512436611838527,-3.2808914745986586,-3.207814077306404,-3.185080156859549,-3.2073145018136935,-3.207376998753424,-3.207376999325077
-3.1413305905032116,-3.147951954216837,-3.2994965219221264,-3.2583371661750165,-3.243975062367299,-3.224216299990944,-3.2670369033526803,-3.2422062128131404,-3.1974494086883842,-3.2178449102615216,-3.205462323098473,-3.205462324423947
-3.1090739791870012,-3.0881590914214914,-3.270106659007784,-3.227015041580708,-3.2284353380622335,-3.1907819988564565,-3.2398463962159663,-3.269723556584517,-3.1966708119127087,-3.215818246621632,-3.1979678748798435,-3.1979678764224904
-3.1034833909109216,-3.0995916958116476,-3.2611154723013906,-3.225776066958479,-3.2665852660369867,-3.217764713063648,-3.2716870980057666,-3.2942596617342743,-3.2092455686025945,-3.2282321402761793,-3.2205664123577487,-3.220566413808688
-3.1783333299373897,-3.166583444953636,-3.262894132978969,-3.2334930152162884,-3.2994834462784994,-3.249802311678154,-3.3003069223470436,-3.3115552830216317,-3.2235023572491057,-3.2417026127941266,-3.2396186164971104,-3.23961861806951
-3.1546128333769996,-3.1240347987270805,-3.277484693064842,-3.249341807190484,-3.3484849224477617,-3.2777499677282536,-3.333031290152585,-3.36675200834419,-3.2368818951495273,-3.2547852933909307,-3.2616557824756276,-3.261655783917093
-3.213583389571742,-3.1888604856812073,-3.2716454528163643,-3.2415184167943654,-3.278417328922857,-3.232358656045524,-3.2817533861513666,-3.3258329861747065,-3.2297605141545365,-3.247084921376552,-3.2488955561017114,-3.2488955578374865
-3.1830833438841086,-3.1203670601678684,-3.2731194483898634,-3.2467582172138276,-3.32051701362944,-3.2645949273608306,-3.317759571079237,-3.346657195301619,-3.245387271808716,-3.2621757322336693,-3.2732996426103567,-3.27329964427999
-3.2251438178129064,-3.147955723475469,-3.2826254575638765,-3.263679266984174,-3.34189023719859,-3.2894505429288623,-3.3452071056801485,-3.357460145630755,-3.254003787032965,-3.2711296047560143,-3.288071048170959,-3.288071049775003
-3.2011861143142673,-3.1015916194778392,-3.290896639358968,-3.2640916825440947,-3.333852322831294,-3.286616079283452,-3.3367784273928116,-3.391544841016334,-3.259097733131743,-3.2749886585426893,-3.2874770420069996,-3.287477043795109
-3.229814152251061,-3.1472146686667055,-3.299383567544201,-3.2766083996791773,-3.3414501297057155,-3.289627714926776,-3.319031205471009,-3.385969852335264,-3.2731823331868757,-3.288972584106377,-3.295570814384347,-3.295570816327349
-3.236695386221138,-3.1521657847895774,-3.306576324864411,-3.285328278375847,-3.3376202251420852,-3.2952365461713926,-3.3033659068565453,-3.363624203080995,-3.286398334189581,-3.3017295279013137,-3.3111770839854398,-3.311177085929896
-3.234010361334897,-3.1263252993015125,-3.303440970179988,-3.2893013091334105,-3.310552609322408,-3.288884552827013,-3.264248039298566,-3.299968897819081,-3.294954939598342,-3.3122813685481662,-3.306565782697109,-3.3065657856744513
-3.2245809738285294,-3.1652451860889523,-3.3206372804734547,-3.315159151318432,-3.339960348318579,-3.30947240877875,-3.285171003759363,-3.3324163766081787,-3.3045535812240043,-3.322031999475038,-3.327955266957039,-3.32795526961062
-3.2578477116921176,-3.1934433573242265,-3.3070065255072465,-3.309998731817882,-3.3014547948934245,-3.30500480857029,-3.2699332052417707,-3.28667584601538,-3.29753468106337,-3.3161921149858213,-3.320866841033996,-3.3208668437828313
-3.2015846965376076,-3.1649325586756616,-3.249619805342697,-3.2671297024807022,-3.2588924491315736,-3.2726071601717264,-3.2244756658763425,-3.2481647364406134,-3.3135350869497966,-3.331405266022756,-3.3306343546656523,-3.3306343570075816
-3.1562228746575833,-3.140613826766409,-3.2286374838031193,-3.2649935435814004,-3.204976776048502,-3.2512181744205035,-3.1828215109363844,-3.2432629461271762,-3.3184349199360144,-3.3386793430906128,-3.3457092776196173,-3.34570927947698
-3.217539712221729,-3.251517816717469,-3.2193617360913716,-3.258256658041141,-3.204457197140984,-3.2400382265703027,-3.178179334305577,-3.2562293246281446,-3.3270792565376035,-3.3457387032864068,-3.3486697137418595,-3.3486697156594425
-3.1421272853546167,-3.200865966742806,-3.206538634644902,-3.249771742109992,-3.2123519164747236,-3.259164328539978,-3.1941480093783556,-3.2548445998613094,-3.332311272929762,-3.3511541330081847,-3.3627933066752336,-3.3627933084227712
-3.180047483010833,-3.2319127232908076,-3.1888608259323687,-3.2323993402754607,-3.2105944014813015,-3.2688539911392187,-3.202312549286352,-3.239196672456397,-3.3331758925512043,-3.3516405620400533,-3.374631849600048,-3.3746318512095517
4.242323007484666,7.755492245065048,-0.6894138846528532,2.6757670010537833,5.362887819544251,9.888620946093804,5.928822870822286,7.4756725020727846,11.822818854995516,13.07639382499628,15.229473196122733,15.229473472378931
29.574630968356782,31.090375951651993,25.79377194345274,29.450738770432718,14.389452399453774,27.546299819645206,21.02159128696565,17.96514570182508,37.914850346162254,41.4498518120748,42.482298551033686,42.48229860504952
-2.8239050807266657,-2.824021194267815,-2.874604262075814,-2.883791491920664,-2.5950110398350104,-2.8054265409424612,-2.7332984477694833,-2.6734490041833223,-2.951871143703066,-3.0274070612682085,-3.0244729785990287,-3.0244729772406576
-2.6629168477331717,-2.7052030704771077,-2.757264202826344,-2.7628163351628854,-2.5988115467808433,-2.797693585456672,-2.7371088071656544,-2.7157675809925736,-2.95296137260143,-2.932000044713601,-3.0367052122841103,-3.036705210109152
-2.5799521894252337,-2.645013724641769,-2.731598469921377,-2.723108825521541,-2.6429155065426655,-2.8038284108281437,-2.7433656188389692,-2.74698206551085,-2.9421364618815486,-2.9299555638742594,-3.023227141858618,-3.02322713993553
-2.655123899041495,-2.67045977725257,-2.7421206874054187,-2.726275678368928,-2.6869362579995424,-2.820000200698336,-2.7599840460869145,-2.7636098233714037,-2.942911847158752,-2.936433273332651,-3.014024680829457,-3.0140246790526652
-2.5658193390491375,-2.5548848564531412,-2.749649018477302,-2.727655392184296,-2.763590983296566,-2.8472879502464963,-2.8083260319261516,-2.818856323108232,-2.938090131107547,-2.9403856753258095,-3.025183292825916,-3.025183290467833
-2.612860624596811,-2.577345149574145,-2.7672645526868607,-2.7394704869178677,-2.8486986593091883,-2.8895806332675127,-2.870969130405773,-2.8742511475500594,-2.9606126267969715,-2.963970183616377,-3.0455661834558674,-3.045566181484496
-2.6759066793037674,-2.621376574059026,-2.7901911771265295,-2.7560274889165624,-2.918958609834558,-2.924223923195153,-2.9224978568802147,-2.921922985068786,-2.979874219388191,-2.985488025845489,-3.0503399031984575,-3.0503399019577224
-2.6762406114430854,-2.650254124659716,-2.8144850170292117,-2.763112142524402,-2.939294310368805,-2.9391843984542234,-2.9549885558289057,-2.9546745595877484,-2.9973705694457458,-3.0042036388518922,-3.0574458974776606,-3.0574458963157256
-2.739148878451163,-2.7312246474055457,-2.8403387727888236,-2.7786982151407726,-2.9505067578989075,-2.9691597373145697,-2.9907928202472984,-2.9755777535552808,-3.010768617468044,-3.020256595549008,-3.076703664720714,-3.0767036635332037
-2.7907947101968436,-2.777282763401761,-2.856416471730533,-2.7934693292758794,-2.9223758808360016,-2.960001741814648,-2.9891111924458245,-2.969213821877054,-2.9633337670330415,-2.9855590888045755,-3.040311356070852,-3.040311354302141
-2.7872152852071195,-2.798316648316005,-2.8815035266911218,-2.806983435109408,-2.9807524322852847,-2.9861237624209727,-3.040190804191131,-3.0064609787605097,-2.9818534712219167,-3.004035751519736,-3.0614923787065575,-3.0614923772303904
-2.9041581627006465,-2.865505381219044,-2.9102403437443725,-2.8201851509213647,-3.011173773204856,-3.013529374797594,-3.0794881133913905,-3.0378605010820574,-2.998730168550491,-3.021542546143621,-3.073270310314368,-3.073270309041309
-2.923969093569146,-2.870443704986504,-2.940245501329984,-2.836475898203423,-3.024943016493756,-3.038549053292642,-3.103308326177506,-3.055996507917156,-3.0126506041013017,-3.036404690201106,-3.0932746085629743,-3.093274607457004
-2.945405080584035,-2.883651542669503,-2.9644348323359813,-2.842992383685633,-3.0104788757996563,-3.057378941545585,-3.1100196401896123,-3.058722108931378,-3.019768811686726,-3.0454450279783756,-3.0994895674478027,-3.0994895664360547
-3.025798403152642,-2.983055920601809,-3.0280612025743334,-2.8894903331206203,-3.022133180660748,-3.0733780049183763,-3.1157788500704515,-3.057362557624666,-3.026878114309963,-3.052922993459713,-3.0955330857310335,-3.09553308515417
-3.07367797990763,-3.01345636789063,-3.0687449277567325,-2.9211498851215487,-3.076154634181492,-3.0873668378595758,-3.1340060244067316,-3.083770833212439,-3.0459990495586364,-3.072576863017116,-3.1059507490545264,-3.1059507490630045
-3.146974892769749,-3.0860155279170924,-3.101695059601922,-2.9519998327987818,-3.103104970400919,-3.1056358562295183,-3.1509546322366817,-3.0920220787274015,-3.056699194500329,-3.0846105148747847,-3.115490848828359,-3.1154908490191726
-3.10683749332714,-3.041909973480095,-3.1274708100865314,-2.9773811650740996,-3.130748679775285,-3.1371419108231504,-3.1866220512524674,-3.1106993747700216,-3.0756256920766423,-3.1034961534107817,-3.136670708704039,-3.136670709164556
-3.1614642036535874,-3.112273833142063,-3.153599692091553,-3.004039235153723,-3.1408111134223544,-3.168115120979333,-3.1981341555132667,-3.117167304833999,-3.092378227710908,-3.1207966817467465,-3.1632580701095554,-3.1632580706136886
-3.2398250853060535,-3.166817446400316,-3.177870715116897,-3.0282034904683766,-3.140367152946762,-3.1850123872828284,-3.2030064299610648,-3.1175581047983476,-3.100286555635262,-3.130641787322322,-3.1802328119574197,-3.1802328123011243
-3.1904123283126435,-3.1388279453719585,-3.206244839851692,-3.061224409897018,-3.1546686072280083,-3.1997216828905115,-3.2193819333557885,-3.131667545753835,-3.1196263653079632,-3.149568887637945,-3.1861940913008673,-3.1861940922901164
-3.185052756341165,-3.1396290456719456,-3.1234282004454,-3.000850815993531,-2.936965355805799,-3.082078673253603,-3.0566535885365727,-2.967360037709927,-3.039503165269834,-3.0763559915860603,-3.126935268495885,-3.1269352678840425
-3.0498438203443787,-3.0422986677140718,-3.0770031692935107,-2.956041411587274,-2.892139998680289,-3.051726850708638,-3.013523718982716,-2.9545659865583533,-3.0345713572403996,-3.0737955164067103,-3.1234481908388663,-3.1234481902751785
-3.006168339620258,-2.9940854276395923,-3.0597435937119237,-2.93283099437031,-2.923652245885776,-3.0714745553160707,-3.0295313521900544,-2.9855722667906575,-3.053104715511098,-3.0919351543759044,-3.1494224909236572,-3.1494224905517028
-3.0080743797952265,-2.9471779234982396,-3.0123520128673964,-2.8957093198791255,-2.903778182570653,-3.063583814872703,-3.0035036670945603,-2.9800433511071995,-3.0472721763789368,-3.075457829781088,-3.156205865029378,-3.1562058640837884
-2.9900085380262342,-2.9495279754429715,-3.013608618113459,-2.895254837844083,-2.9533985016640236,-3.1006948572334947,-3.0311669320969816,-3.0170894966382535,-3.0656525301434088,-3.0949615926480734,-3.1801598772141286,-3.1801598763584744
-3.009866638647511,-2.9382738420328227,-3.008080027370145,-2.8831059098473175,-2.927459648009911,-3.089801577866439,-3.02052069414074,-3.007639739592312,-3.0585941305097024,-3.0909600164529047,-3.1576259429787457,-3.157625942297189
-3.0020216889052778,-2.9089098728115586,-3.040265861307394,-2.916126373136436,-2.994326181458789,-3.133337901602593,-3.0899125088840966,-3.0625743081337014,-3.0684357522038654,-3.102663652893883,-3.17584546926131,-3.1758454685604836
-3.035179870711126,-3.012439023153884,-3.0696728767427612,-2.950854372827763,-3.0315661250248596,-3.14974789953327,-3.134497237038863,-3.0932580064864768,-3.0656495341069503,-3.1045324320971615,-3.1836805888537696,-3.183680587718319
-3.05956691754761,-3.0189546789027375,-3.1087898882155347,-2.9855832566645106,-3.083276959230309,-3.1834487706722694,-3.195085471339396,-3.1423797389148858,-3.088219694474348,-3.1262976769557085,-3.2116366585813196,-3.211636657727558
-3.0387363082873478,-2.9495591630332108,-3.154532435958803,-3.0320008942230157,-3.131352644798088,-3.2294273881892694,-3.250201937866049,-3.1816444015979313,-3.110663350328708,-3.148240398154569,-3.233185079825331,-3.233185079441118
-3.154012186841058,-3.099804030817925,-3.2193745074370814,-3.091088767540647,-3.180880848987494,-3.283492619536326,-3.306530964541306,-3.213601968817912,-3.127912932459595,-3.1652856216344754,-3.256779433203522,-3.2567794329720208
-3.223281828930599,-3.1511313486118286,-3.2758284897353818,-3.14888027742876,-3.214602187055817,-3.3253309077324062,-3.3408939981117522,-3.2213931327160905,-3.1464707221186776,-3.1837178726018776,-3.276601166469539,-3.2766011664925276
-3.1941685017900205,-3.1551591904132654,-3.305594390963713,-3.1843731942282716,-3.212542044889987,-3.3179018665638034,-3.3516042221924054,-3.2713959445745595,-3.1200184030100555,-3.1643078436129954,-3.25900392053937,-3.259003919455753
-3.234166376488185,-3.1523128244079266,-3.320386017855859,-3.2021756209655594,-3.26096011580399,-3.344906718875436,-3.3850865534388976,-3.291638183324436,-3.1422934877466986,-3.185835460505987,-3.2891321534244726,-3.289132152535422
-3.1859163245438222,-3.112156403116965,-3.3364806078900497,-3.22149528714642,-3.291497393119459,-3.373036692877513,-3.4092258956677797,-3.3023506408269823,-3.163569074832376,-3.2065606293210798,-3.3086623803773962,-3.3086623799020893
-3.17856900006703,-3.113933532644525,-3.357834925046292,-3.2465691053550367,-3.311932255126097,-3.387917057086846,-3.424407511522588,-3.322326246769146,-3.1802497320061893,-3.223792914276155,-3.3304319103078788,-3.330431909971251
-3.2031942815565713,-3.122025457858158,-3.3661915094450965,-3.265172753296674,-3.3123090033346996,-3.392278618080662,-3.4110983101725103,-3.310719391805545,-3.2014834750813526,-3.2444691882255525,-3.3358508434908676,-3.335850844196359
-3.2104743865859975,-3.167932625071736,-3.3729140782325038,-3.2809210023685536,-3.3243276410066387,-3.399020293760224,-3.4011071843992893,-3.3226834584522607,-3.220375395440532,-3.262944085988841,-3.3466425735058865,-3.3466425747613417
-3.2713305734387212,-3.250025137156352,-3.3896559143219838,-3.310916039071904,-3.3038496297958844,-3.3957415377071554,-3.38578932534378,-3.3493734272195193,-3.2341995318520116,-3.2774807695362402,-3.3607847172644356,-3.3607847185533446
-3.2527661942627866,-3.259195424561248,-3.4250418525222015,-3.3605173974762494,-3.315372656320778,-3.408704208317501,-3.398546049290001,-3.3792267334245842,-3.240429225546501,-3.284433723131236,-3.367333567064579,-3.367333568442871
-3.295168870365442,-3.227631261550468,-3.428187766812631,-3.3774630889444315,-3.3016413264563513,-3.369666014768327,-3.36755048590289,-3.379271219929278,-3.2559480162193264,-3.299486357897701,-3.3616403681969973,-3.3616403706661355
-3.2816332367616985,-3.2263817697137953,-3.4491907023344535,-3.410174950235496,-3.325832746367722,-3.388034419977583,-3.400457143573055,-3.3825002110715343,-3.268456024540451,-3.3118877115469902,-3.37764117566276,-3.3776411782653657
-3.3359314737901165,-3.3070111931453745,-3.447110070834234,-3.410270427709972,-3.246552701222653,-3.3328189683228384,-3.3509700776211413,-3.2446715792543515,-3.2092614818538534,-3.260677563736979,-3.2972148477219694,-3.2972148493553437
-3.261831858716624,-3.3714655020942135,-3.419535013218515,-3.3829852980086152,-3.165151025175899,-3.261873251397789,-3.3109755707604838,-3.2086816235783786,-3.1407768434931276,-3.197862923822305,-3.2083046805019375,-3.20830468187372
-3.2336722474291477,-3.3628555469799952,-3.392003456067884,-3.3589022414894716,-3.2020695333101146,-3.2573574585209486,-3.324847546840024,-3.1882334887713597,-3.1418260827865025,-3.198886354669913,-3.196993733833969,-3.196993735255103
-3.1263744906261337,-3.2738975954842218,-3.360299130472245,-3.3410063407919344,-3.2169568214899886,-3.2417948242660777,-3.317726601116929,-3.1587634017526587,-3.1523508186122644,-3.2096662889201886,-3.1885747627063266,-3.1885747645952955
-3.100730651027988,-3.2507501205229365,-3.347623389269403,-3.336083512868653,-3.274849277206633,-3.257686430514602,-3.3535811679394976,-3.206138269685443,-3.166856015655788,-3.2233163635728443,-3.2128098437609047,-3.212809845670189
-3.1329707703550658,-3.33183454105008,-3.3346867931215884,-3.3224390616891175,-3.279303358139735,-3.2545783079271797,-3.3460171973464425,-3.2059919279185287,-3.1632496002161545,-3.2210103006215873,-3.213335663407963,-3.2133356651632585
-3.1075878656324534,-3.2622338116892524,-3.3293040085989674,-3.3181948830332053,-3.3169122512004785,-3.2829958741772005,-3.397327723886113,-3.2498967446225633,-3.18305617651103,-3.239440440496595,-3.242051563090376,-3.242051564974166
-3.111392928348218,-3.1743279270130405,-3.3263472597285078,-3.316615974281848,-3.3429120772626217,-3.3036510098609866,-3.412655203908443,-3.2770039599285425,-3.202504154451176,-3.2576901043134208,-3.260468064227126,-3.2604680664072667
-3.1562227482065475,-3.2740991755399325,-3.289907002695647,-3.279785489672911,-3.163543849500911,-3.220464756918926,-3.294860187983733,-3.1440174847620215,-3.151799827528326,-3.2113847698124722,-3.217771731285219,-3.2177717328487097
-3.149347825704592,-3.2610329403996214,-3.2963531466281184,-3.280212131263797,-3.2021076355066764,-3.2445153479363666,-3.3315940940683775,-3.198343716856314,-3.1725241376282183,-3.230689263776424,-3.2475524193204355,-3.2475524209835642
-3.2011109619712403,-3.2722637714248313,-3.2880490108821783,-3.2643208920363698,-3.173624071601648,-3.2263902711512755,-3.320893386965681,-3.190202510633722,-3.165345471012758,-3.224737179742995,-3.2359292850047914,-3.235929286568517
-3.194751856275117,-3.232569793782205,-3.289491163150174,-3.2597797163737487,-3.198729692208765,-3.2388364962398346,-3.3471536708013088,-3.2260679271349177,-3.1805524225909902,-3.2384965564845567,-3.2553401228861887,-3.2553401245947615
-3.174391881561822,-3.211982414947837,-3.261459031053692,-3.224472909689344,-3.115819012631201,-3.1872505780897225,-3.2921367149733864,-3.1473509507523802,-3.1385540144000066,-3.199657411548977,-3.198481631691765,-3.198481633036964
-3.161564518432288,-3.2044549696019304,-3.2507292886426953,-3.2103375797224003,-3.1489279254249096,-3.192119571654043,-3.3122508614896633,-3.162019742777992,-3.1460488735281675,-3.2071912548669355,-3.21427422546447,-3.2142742266853324
-3.1531395771952275,-3.2512523715510184,-3.247689840068573,-3.2166177993855882,-3.1739189196035795,-3.2048738475606426,-3.3193954953621465,-3.175840409713853,-3.163678623260428,-3.224025647511981,-3.2306601249543023,-3.230660126597053
-3.1443251044591474,-3.2435186338422266,-3.2571754724174253,-3.231579449562642,-3.1838088674414133,-3.2131453391916325,-3.3193245454607614,-3.19246939373115,-3.176932045951797,-3.2357072759259093,-3.2493836092761086,-3.24938361106497
-3.217862285946226,-3.3248243682810914,-3.2732433486644266,-3.247222194119973,-3.1991092783953263,-3.2685963284435373,-3.3365872317955163,-3.204593579665223,-3.225142095916531,-3.2389676626690025,-3.2684907763012947,-3.2684907779836285
-3.095952259257814,-3.1473731967551553,-3.24222510138582,-3.2227217189187036,-3.2054217248059977,-3.2696253643342095,-3.3119757046913487,-3.1617129767848358,-3.2367647070651158,-3.250079276108631,-3.229881599342228,-3.2298816030379154
-3.1687415101465897,-3.255075724488175,-3.2372026247190053,-3.222470103239412,-3.234097416939931,-3.277666869962972,-3.3077908114003094,-3.221517187903086,-3.256038132315262,-3.268026633588185,-3.261863538354012,-3.261863542011246
-3.2545850849060396,-3.363297332805947,-3.2509964376777134,-3.237642348918907,-3.2463702632956255,-3.2875595487385967,-3.3077967453305415,-3.2411651620989157,-3.2730716046220008,-3.2841862059265106,-3.2855110161501253,-3.2855110198725623
-3.264720732082783,-3.3792114967553792,-3.2765951683909718,-3.2695450632459697,-3.242303482849705,-3.2980103332047053,-3.291383475659435,-3.2655536377412373,-3.2886487071751573,-3.2999798318153766,-3.302670273395295,-3.3026702771888523
-3.2570009507349504,-3.317362056132235,-3.289444111451179,-3.281688437117697,-3.2101732102064493,-3.2886316440967382,-3.2613710374286002,-3.259103752286999,-3.2753773359328364,-3.2879506035755557,-3.2913110324261843,-3.291311035982677
-3.280090690296591,-3.416368204967599,-3.304421410063634,-3.3061719449388343,-3.2297238712694636,-3.305983267653318,-3.2733192615784765,-3.2627065829952717,-3.293247594549312,-3.3046733095306156,-3.2962874876290424,-3.2962874918769067
-3.2475799560578142,-3.3797942168031936,-3.30901910523109,-3.3145489384857845,-3.2832010153347078,-3.3403352342840575,-3.287091876895767,-3.2896673057983143,-3.3097002073709443,-3.320573843787156,-3.3196862155493605,-3.3196862197929713
-3.19921850979008,-3.269343422192577,-3.298897859915786,-3.305141093428642,-3.193766916538798,-3.2716885696701663,-3.218361502473104,-3.3029361910696577,-3.227769609148201,-3.2412471309138455,-3.2210880685810137,-3.221088072950886
-3.1605178043487525,-3.2702832261363284,-3.274493823537763,-3.303579014698424,-3.2174894780120455,-3.2467375915373102,-3.2276025440815577,-3.3106310599301576,-3.243094603496729,-3.2554462504735557,-3.2178327778629097,-3.2178327827477387
-3.1000565173253585,-3.1828521034175656,-3.230086940025882,-3.2724162434743183,-3.2025975512445024,-3.2407922513033887,-3.245940284973444,-3.2667742986188006,-3.2446518440184433,-3.2583456448709334,-3.2244059616357257,-3.224405966301984
-3.057225000939487,-3.1612402392519994,-3.1803431609841755,-3.243106137994764,-3.166585598590755,-3.2213487074368725,-3.219121933049257,-3.2113650422653883,-3.244709635622036,-3.262444555968117,-3.230909156886096,-3.230909161376235
-2.9526757815820743,-3.0258389747734418,-3.1622438944844142,-3.2264940979227954,-3.1083873168217577,-3.173699371841483,-3.164531978243728,-3.1528451242846915,-3.2194594289547593,-3.23745954127121,-3.1823574645421946,-3.1823574690300958
-3.0276642044847963,-3.139252496030563,-3.170748074282226,-3.2358268772742607,-3.160649118373682,-3.1956111548522275,-3.21203603132598,-3.1771959937590837,-3.2372094092333237,-3.25410034441545,-3.2102813113913635,-3.210281315818937
-3.029875762111317,-3.1459580799137052,-3.1778614673777494,-3.2435322068116017,-3.176027926610511,-3.21748799468383,-3.25859067807741,-3.1880366428209412,-3.2486081137206493,-3.265544750082906,-3.2313078543337967,-3.231307858600326
-3.053226287226054,-3.162542459769899,-3.156032937370633,-3.2170032447134767,-3.171906882366339,-3.2259823750384355,-3.256438612039529,-3.1767374299332625,-3.253703548145686,-3.271682644373941,-3.243253086375052,-3.2432530906373356
-3.0672824487731103,-3.1220724995583624,-3.1484520168682013,-3.197608178345918,-3.1814560402810237,-3.220224655478174,-3.2445964116424926,-3.180083601003062,-3.2597331107005774,-3.27956118718308,-3.25335359841009,-3.253353602794392
-3.0989515256207607,-3.1565744038794517,-3.15743831459587,-3.1985397665643602,-3.1979056414768046,-3.2334727474777774,-3.254382005995387,-3.2012832556851,-3.2785485374343706,-3.297017714816452,-3.276814330906424,-3.2768143353316344
-3.1197963883181172,-3.1418552925606287,-3.1650800699413875,-3.200303140859164,-3.210802774737317,-3.2503668710487728,-3.2710487064591334,-3.2144323024626607,-3.2956837914056702,-3.313419091166773,-3.300425269368626,-3.3004252737346
-3.1330374110952217,-3.1171496252248145,-3.1791191251904136,-3.205382721772839,-3.2079520030051847,-3.2585254375450377,-3.2690322441250523,-3.2194861727779607,-3.2925510024985893,-3.3121377939831835,-3.3114159046914686,-3.3114159085620196
20.227243006177574,17.737671043894252,21.882440185619306,23.80325489809489,25.410762098666446,29.284484930863492,29.02951495017603,26.253405156556717,32.95446958567194,34.93885258681796,35.3910607220172,35.39106114365165
-2.9834503950736977,-3.0522392246905645,-3.0129093804255387,-3.0530503258552297,-2.777446270527089,-2.931106461011776,-2.9008116016556054,-2.908205024205239,-3.1088778892836837,-3.137588339738477,-3.1460287758588708,-3.1460287765859727
-2.880908481661529,-2.9840709674318724,-2.9812214386931952,-3.0213793581227124,-2.8539933032320253,-2.954869562059635,-2.95818811217379,-2.9688764616960244,-3.1202921421867265,-3.146748230144943,-3.1663507076983626,-3.166350708435323
-2.9267512404717144,-3.024118576692692,-2.9743269954174125,-3.007617534879467,-2.8998060470642755,-2.9704443593975953,-2.9868837803418313,-3.0157279889888082,-3.1262802693811933,-3.150093420318908,-3.175961168617261,-3.1759611694770444
-3.0067959762244483,-3.046881133779374,-2.975871341445241,-2.9951996405016197,-2.943488492263819,-2.992813481828363,-3.0124272975763873,-3.0685186274368177,-3.1328344805262054,-3.1538986469701245,-3.179746489149307,-3.1797464901637618
-2.9823321676802275,-3.03535743049717,-3.013890046463985,-3.026314970373977,-3.025763729472571,-3.0577920660045423,-3.1159799887819073,-3.1339013317663094,-3.1494692308074237,-3.168174885806634,-3.20566113925143,-3.2056611403127304
-3.060422700239662,-3.036130824398774,-3.0659426663190286,-3.068107328018716,-3.080411859955493,-3.104625274243868,-3.164440532594808,-3.1629573111603353,-3.149671568366311,-3.167702403670094,-3.210815381935674,-3.2108153829028345
-3.1006314351170072,-3.0808602729963255,-3.106668441585871,-3.08769279156737,-3.115972352372106,-3.148351710456428,-3.1963584022863634,-3.1970155828558067,-3.156819657118987,-3.172779543215445,-3.217356843415092,-3.2173568444424503
-3.096648210535127,-3.0785804772021255,-3.158203180260795,-3.1239917446266356,-3.172221336586543,-3.2062646248928592,-3.2512710902330646,-3.2353360514787948,-3.1730117288765767,-3.1870968366549848,-3.244102865282162,-3.2441028663147646
-3.180319576177702,-3.173804795450498,-3.198875589649998,-3.145963865272221,-3.205648246681339,-3.258448409866584,-3.2889932296525775,-3.2669887440499523,-3.1835924053273716,-3.195807272234357,-3.25944291434117,-3.25944291541919
-3.165140670709259,-3.1030833782018825,-3.222501401035675,-3.1651006096202083,-3.1970107650015773,-3.256745730154479,-3.274537590771941,-3.2364535013826705,-3.184052604422945,-3.196046551126194,-3.2592108842761256,-3.2592108851634096
-3.216973754961602,-3.146899141703776,-3.2369791889416453,-3.179825891331595,-3.216694315993652,-3.2660572392534357,-3.282251114720046,-3.2394198744943523,-3.1973933148564164,-3.208131758801975,-3.280852483838178,-3.2808524846833844
-3.1643989108673845,-3.0686355371693828,-3.2346705324021237,-3.177634837421136,-3.180519009487961,-3.2507536312447227,-3.26091470590051,-3.2118503936426195,-3.1644946607310755,-3.1795483986921225,-3.259288411457859,-3.2592884114105836
-3.1820712860624987,-3.1289477873472373,-3.2794123081121223,-3.221568853305835,-3.2183899195415666,-3.273785405695826,-3.281277651301673,-3.2468222432203864,-3.1811615200607495,-3.193519101912607,-3.2719740311291754,-3.271974031689055
-3.2476909282187645,-3.2445104663986415,-3.3448614214825696,-3.2855672019854225,-3.222368417264616,-3.2806930747326533,-3.2964805120194502,-3.2506107374251987,-3.1698378011813815,-3.1804369591290245,-3.2535765512584574,-3.253576551951635
-3.2792472605376197,-3.280518546509442,-3.381226509306089,-3.325727458786703,-3.2769227790996247,-3.3315629581683064,-3.3529084993412335,-3.2763111945020005,-3.1872710108371565,-3.1960901497010767,-3.2787080552461814,-3.2787080560326505
-3.2534684011011907,-3.2799296942115497,-3.3959151317001854,-3.3461491181396017,-3.304023728495295,-3.367074407494587,-3.3971468319959346,-3.287145698014424,-3.1996506766980533,-3.2073707350910845,-3.3005531842034728,-3.3005531849761596
-3.1328107604842117,-3.126482332530929,-3.293883983947578,-3.2685957197318576,-3.216792752478363,-3.2886197796842196,-3.26548543817023,-3.1665776516375024,-3.209429649524278,-3.2143104768309367,-3.2544572085764956,-3.2544572116327046
-3.1347135936048014,-3.1546189878712116,-3.2549188531213322,-3.240481302644615,-3.2193398747275057,-3.258645910269027,-3.221282990715837,-3.1511697232066553,-3.2184204672980696,-3.2207421267495793,-3.2521195004889547,-3.2521195041686646
-3.124681161007179,-3.1807368789851256,-3.2071705076833745,-3.2000930114103796,-3.2493901987388814,-3.2443685150223187,-3.2073568695058143,-3.1505640135276525,-3.232709744988512,-3.232991472724881,-3.266232425067603,-3.2662324289747358
-3.0798032722805413,-3.1643346673099324,-3.1761471535992203,-3.1752617500783167,-3.2550133021079257,-3.2327800135388056,-3.2010899406405597,-3.1380473096191563,-3.2228571305230616,-3.2233120489024722,-3.25844218078193,-3.258442184706579
-3.051631660225273,-3.114135907158155,-3.1566178917799803,-3.165494295863218,-3.317754022760429,-3.269949742262807,-3.266648665856243,-3.1588559142418204,-3.2321579795252537,-3.2325443018218234,-3.278564659399998,-3.278564663331493
-3.1155811162445826,-3.1880667812890744,-3.1434371890880315,-3.1565009029792908,-3.3426091544950762,-3.287769824491117,-3.293217819386756,-3.167286468588269,-3.246777878948999,-3.2458439374822574,-3.302342823926995,-3.3023428277919296
-3.159883114167309,-3.214348538073328,-3.1540955740472696,-3.1648730895904675,-3.336718138701952,-3.302230829280424,-3.2919880159430486,-3.1702223971963206,-3.2592531930802755,-3.2567442526117203,-3.3115639083341564,-3.311563912311238
-3.2322861349328766,-3.283567119684229,-3.1491143627775795,-3.1623671227245476,-3.2203689171608945,-3.2522748827266845,-3.222656358946092,-3.118592332189783,-3.239098794103972,-3.2397658029594005,-3.295421661512945,-3.2954216652150334
-3.189714443919133,-3.1876525234769693,-3.140523720510938,-3.146788546729015,-3.2285304775064336,-3.254374658579429,-3.2250805884525167,-3.1250155028185915,-3.24802923208718,-3.2485372570858884,-3.3099052727060747,-3.3099052761407073
-3.2083066551989767,-3.1886254571486203,-3.142567122679111,-3.1431148443166452,-3.243527023929338,-3.2666156373697968,-3.236005607734267,-3.1380637603177477,-3.2578471807642835,-3.258353295950843,-3.3232761114748866,-3.323276114845724
-3.212113577237952,-3.197146789268659,-3.1709782158754156,-3.1687477527776253,-3.2691849419206522,-3.290082974777584,-3.270450859388352,-3.1647458701281823,-3.2570187344968193,-3.25803649797066,-3.3370364731258797,-3.3370364763219373
-3.195996250446684,-3.1678827218899874,-3.2118397873996445,-3.2084957039873063,-3.3121474401814814,-3.321509698759847,-3.3229866750361348,-3.1962544374367687,-3.2708385405643194,-3.2709609619024027,-3.3582264865012497,-3.358226489716378
-3.2011280200930505,-3.1361478849203737,-3.2106120120627275,-3.2096046421514255,-3.2696725716280985,-3.302305823547784,-3.287250282621164,-3.150831676735677,-3.2723953933495458,-3.2725646149043834,-3.345441239551166,-3.345441242555356
-3.2007149223713496,-3.140565566772782,-3.220354542718523,-3.216325883548194,-3.2914358901625693,-3.3246186733467544,-3.3036928616273293,-3.162401909372502,-3.2874937000878903,-3.2865670271264746,-3.366019295991864,-3.3660192990799973
-3.152606827283096,-3.116316787716751,-3.152727688361636,-3.1501828110501133,-3.1476006295630756,-3.2182055165820334,-3.1734849302419357,-3.0202113164140942,-3.235447172231779,-3.2403648374915925,-3.2675292341993964,-3.267529235868933
-3.154124168506237,-3.178205600077657,-3.1564464305376325,-3.1566559189209875,-3.174438309686342,-3.216317087629357,-3.1919671076080287,-3.04335272482379,-3.2340857453054483,-3.2373755209025417,-3.269969570535568,-3.2699695722729145
-3.154568010273036,-3.1850353376233063,-3.163541947939589,-3.169094433926316,-3.1954873224831655,-3.2324356899256017,-3.213448135203657,-3.0599218860331745,-3.243616354435495,-3.2455883571273176,-3.289408586396461,-3.2894085881019395
-3.063821742981027,-3.1946052397633924,-3.122758880233356,-3.1457907398214915,-3.1441598518955804,-3.1401642425551355,-3.1377125288357224,-3.0801470315259136,-3.255212772057631,-3.2542379545776505,-3.2204811070195554,-3.2204811120537915
-3.026465875853809,-3.189941002135835,-3.0791885943787105,-3.1062074714366963,-3.156905231300743,-3.12943577730016,-3.142943416748295,-3.0764984037376246,-3.2511345577622213,-3.2489856179264764,-3.229843583770727,-3.229843588650759
-3.0279016873819806,-3.0909942781018094,-3.0589760533965173,-3.0847060915000233,-3.208997190783319,-3.1550850355239697,-3.184527259378103,-3.104183126477463,-3.2649764720687044,-3.2615447582831227,-3.2560513169125547,-3.2560513217515252
-3.0024089368666687,-3.0407336147118413,-3.048729102411766,-3.066819556380035,-3.2022572174526074,-3.1623473722491946,-3.192457300002537,-3.126290803892831,-3.268429176075384,-3.2639955680944865,-3.2615158193521996,-3.261515824086952
-3.0517721939305176,-3.0401231511589697,-3.053696744166132,-3.0619230510083044,-3.230433789315737,-3.1840646528704664,-3.2223752030031907,-3.1558008485899975,-3.2773973973289383,-3.2725573603485842,-3.2844416474726237,-3.284441652056417
-3.1006213177546957,-3.104989380863721,-3.0727696944934966,-3.0685125691140076,-3.2549211089770402,-3.2059325635232065,-3.241152093088849,-3.1801733209584753,-3.2866878385753657,-3.281085309369471,-3.3012474958586013,-3.30124750047276
-3.145829545883359,-3.1112873553121982,-3.099236024111234,-3.082870148256884,-2.607115372210032,-3.230857214695191,-2.779233411371459,-3.191085363136646,0.26081195260799905,-0.1783686507396034,3.434334861731954,3.434335225766125
-3.138799568134262,-3.230859021516726,-3.0608265366719793,-3.0476484531580406,-2.985645366583298,-3.0994796048455444,-3.0652801964723864,-2.986791617529052,-3.1581025276855006,-3.1629656334123992,-3.2300942780682655,-3.230094281322846
-3.053149615352306,-3.1346199625742313,-3.056567796887321,-3.0259809858679776,-3.035211967067704,-3.1258882936513412,-3.104695168974142,-3.0410517689049,-3.1593616825740725,-3.1654467902359227,-3.247096101482945,-3.2470961043833437
-3.024792746085433,-3.0996147945343746,-3.0654033843467148,-3.0234315229642617,-3.0849366665838582,-3.1681090223876516,-3.1432057077071462,-3.08385803823699,-3.1734901794277492,-3.1784172253971823,-3.2685585285414267,-3.2685585315122534
-3.0489544493438174,-3.0913138542620655,-3.086789102639094,-3.0300557274690023,-3.1485001545889046,-3.198545371838188,-3.1817727740569453,-3.134761077326565,-3.1906230764651577,-3.1936241208924203,-3.286432649256372,-3.2864326526611523
-3.011415107469638,-3.027129140866069,-3.1177927531447134,-3.0550737527846277,-3.180845891206748,-3.2223117259218865,-3.20198967761375,-3.1499948330202554,-3.2025724092671415,-3.2041012414669927,-3.293718989523827,-3.293718993212309
-3.081637203046045,-3.065015315539391,-3.136252396851417,-3.0730975170963752,-3.2054323286066717,-3.2431348455876865,-3.2108352015927677,-3.1651710380375775,-3.2170270311118436,-3.2173118935267366,-3.3137668859238043,-3.3137668897212516
-3.2070667713227268,-3.1552033045744916,-3.1568654790422093,-3.0894195908890394,-3.238169210405404,-3.274794042870907,-3.2366332133402134,-3.1860301914629896,-3.232407780864657,-3.231327613077406,-3.3325109666096746,-3.332510970497674
-3.130666346511185,-3.061956137655545,-3.1475395547960727,-3.0718323243689727,-3.124710649686782,-3.210005370033152,-3.16307878506744,-3.1578836382596758,-3.199250000917156,-3.1996821322412026,-3.2794859223247466,-3.279485925906787
-3.111682388729792,-3.0726501553159786,-3.1671749097379123,-3.0928100377494236,-3.1854994975728266,-3.2568082990688456,-3.220043971779157,-3.192312326408571,-3.214846626908285,-3.214104090304096,-3.3032077158263515,-3.303207719479822
-3.180750258524503,-3.14016766485343,-3.180303725616763,-3.112637894471791,-3.202796919214462,-3.2720131005799145,-3.231419744499461,-3.18161315967968,-3.225518827907897,-3.224020582500426,-3.3117912226420994,-3.3117912262899893
-3.141609708934623,-3.12082558921781,-3.1868971053058575,-3.120679927669798,-3.2234052341520796,-3.2707431371428113,-3.2412490998921077,-3.187508484201458,-3.2236058423868736,-3.2248082341283677,-3.3212266617733186,-3.321226665077861
-3.2427479582844327,-3.2483757660320816,-3.2159583729999137,-3.1521511093090866,-3.233185407872978,-3.274254126348375,-3.2517227521297514,-3.1938867995996665,-3.222416424366167,-3.223770707563221,-3.3241144747930207,-3.3241144779055025
-3.096976406777456,-3.1133809677334763,-3.2167857805648237,-3.160594407160206,-3.2190725070040513,-3.2504242963685446,-3.225436902302374,-3.1550745248325227,-3.2285013759088312,-3.228785072988748,-3.281385259074596,-3.281385263984525
-3.0867285735632235,-3.082227014177565,-3.185465274280866,-3.137072133027833,-3.1499801861715193,-3.1653246691874433,-3.1506955426537866,-3.163216135036825,-3.2160567879007274,-3.215494200565514,-3.236523815558339,-3.236523820963016
-3.039654960989839,-3.0990595000768675,-3.1400528476494944,-3.1041012489656588,-3.12686802363669,-3.1441124164160947,-3.1342335082512465,-3.151745758021843,-3.20619168446121,-3.199779993837856,-3.2371772192155484,-3.2371772240014764
-2.9134649724637067,-2.94373072084116,-3.0818340698381137,-3.049585531467723,-3.092921607883291,-3.1084899920545466,-3.114249009779093,-3.1003411947126285,-3.1693859426478075,-3.169813141241861,-3.212407708382532,-3.212407712101631
-2.973048228860694,-3.026032817244547,-3.0797471421777143,-3.055255471447078,-3.169324664733592,-3.1441227531052665,-3.1798159962628594,-3.156216460542422,-3.1842382036084467,-3.183468779283845,-3.237381160416701,-3.2373811641415386
-2.9987407226831895,-3.04354578982124,-3.084760649630301,-3.0591582118480196,-3.199071660692282,-3.156266980533341,-3.1960436433344883,-3.1806701278394267,-3.1951844384848997,-3.193376340380944,-3.2559264892206827,-3.255926493023291
-2.9552484513182256,-2.943656905451782,-3.022118617381652,-2.9938516683702043,-3.001249320166242,-3.0695468138297155,-3.0488213491812326,-2.9889681018013725,-3.111122010919382,-3.1096752263927834,-3.194579132405042,-3.1945791344336287
-2.940993049235157,-2.884781312577955,-3.0029489983976707,-2.9675442689892817,-3.0386887132819016,-3.0909472596252376,-3.055633184009042,-3.0390835569662418,-3.1269364440777903,-3.124822574262317,-3.2172649175140875,-3.2172649196415204
-2.8888841633434215,-2.876856742805202,-2.9326196579819714,-2.8943539176918582,-2.8761615487612273,-3.007254829329396,-2.928464077610266,-2.9213019686018202,-3.066488387610383,-3.0630189106725156,-3.156192006021336,-3.1561920069865277
-2.7873246079652185,-2.831606925485222,-2.907146721803648,-2.86194440346816,-2.9207747656206147,-3.039407194433003,-2.9442675294869973,-2.9715647582981397,-3.077613028514894,-3.0736615077813,-3.1705350391737825,-3.1705350403363832
-2.8292787929756535,-2.83914048698199,-2.943146774755792,-2.890731240643758,-2.9801613520629404,-3.0826491602199058,-2.9667847430515666,-3.0177987991756074,-3.094255226855534,-3.088950307920974,-3.1749052124144135,-3.1749052138027265
-2.9267861681340346,-2.9534072311313797,-2.960121586803671,-2.9111051998318147,-2.991826615131385,-3.093124748158644,-2.97272535302388,-3.049355121551397,-3.1062517756626113,-3.1009737778720834,-3.1789445176363396,-3.1789445189460324
-2.8340807610977565,-2.804857138840583,-2.931307025473684,-2.893045329559719,-2.9705649359251325,-3.0664321791138027,-2.9426938420473965,-3.0204531403897907,-3.0878657337165984,-3.0841740086781404,-3.1744512611238997,-3.17445126230444
-2.794157615451544,-2.727566831975599,-2.9128402126667825,-2.8915822718992583,-3.0013465238689485,-3.07235992342385,-2.9469898200302316,-3.039664944813608,-3.106976008652258,-3.1024990696946597,-3.196137914112024,-3.1961379154038783
-2.805277485707295,-2.7948416985361093,-2.91790515716564,-2.9051667107641297,-3.0420467455149005,-3.0812562390916938,-2.969344557618575,-3.057730309873321,-3.121154763132415,-3.1165732505443358,-3.1930082042217665,-3.1930082062965655
-2.8764264339565964,-2.7742159208987753,-2.915766498289842,-2.915561383247824,-3.0639247038624555,-3.0766917449017215,-2.973272253920129,-3.0700341149413637,-3.1382024877721535,-3.133345639129417,-3.215091934222568,-3.215091936266746
-2.917490017397114,-2.88171673041025,-2.946026129410458,-2.9494532752819205,-3.1021494075451006,-3.0999713744247863,-3.0021857207280487,-3.0888632447583984,-3.1458170739857003,-3.1412219263295773,-1.770186744960911,-1.770186511689921
-2.8148939773438135,-2.7474048841412975,-2.8608494928490655,-2.8755437445608476,-2.869103646561743,-2.960590666987674,-2.861082112674452,-2.9011197358656777,-3.044524953623694,-2.9791635506280096,-3.139332763154264,-3.13933276096715
-2.806398515829663,-2.7371795207373597,-2.8210188777931258,-2.843601279406613,-2.8924080733245745,-2.967982011613453,-2.8619942664087628,-2.913234320084182,-3.0532477727150016,-2.9921898768052926,-3.1359925526900345,-3.1359925507448514
-2.776205453315298,-2.7259625626981943,-2.815258120919111,-2.8329806599388765,-2.936258047050628,-2.988091515781411,-2.8804715794476605,-2.9335805294908703,-3.0545530672083805,-2.999754103543325,-3.1437956371475906,-3.1437956351112115
-2.80080427419292,-2.7443838540256813,-2.798094895143123,-2.8124739424272507,-2.937622775228072,-2.9774841636054985,-2.8712469831296623,-2.9333760477348716,-3.0528624380798,-3.0026960088664123,-3.1496473802498466,-3.1496473782952847
-2.7470693763734833,-2.719443245105132,-2.8046734526279087,-2.8169596750462036,-2.995865046857451,-2.998102578401876,-2.910148513779211,-2.970788891790863,-3.0452965367713944,-3.002727720172195,-3.1552711979383687,-3.1552711954796573
-2.7151814764962583,-2.7062507481844986,-2.8350667320143677,-2.844876796719668,-3.0684809389190457,-3.052523350070243,-2.9728228261854177,-3.0198470928809957,-3.0664225955732727,-3.0249127886030447,-3.18282959957384,-3.1828295972834484
-2.7598186206584927,-2.6861228118896143,-2.850708447127334,-2.854913445188832,-3.0899711694875123,-3.0753864556054973,-2.991899684714901,-3.031513903240072,-3.079678035369447,-3.039908051904211,-3.201975320942441,-3.2019753188057294
-2.8069382746508618,-2.735555705625716,-2.886240014833101,-2.8839892537418303,-3.142392634931431,-3.135600140142003,-3.0445884679725985,-3.059041759743357,-3.101937642753403,-3.0627973008862064,-3.2249906269552118,-3.224990625056302
-2.8607378277109756,-2.8297067483317355,-2.9274507008406214,-2.919324124543325,-3.1829513722638225,-3.179896406352187,-3.085247158412746,-3.0822925178824723,-3.1238633794862927,-3.0852370916219543,-3.244915217720597,-3.244915216296215
-2.9623956836736838,-2.8877856076553945,-2.988871638315484,-2.972156859597462,-3.2287576657141672,-3.238571272651501,-3.141069552979161,-3.1059266873484077,-3.144533372952828,-3.106392624739417,-3.2707726914733386,-3.2707726902999994
-3.024936971913676,-2.997196778052485,-3.0471135236290396,-3.0272601484861883,-3.1968220237832234,-3.247839145258201,-3.1691914490984248,-3.1064029239381927,-3.1031510996113574,-3.07580012507742,-3.231119195879172,-3.2311191939391692
-3.057157788957488,-3.0584295918181725,-3.0948666957063997,-3.0675589407453874,-3.2591453661238656,-3.2971986379119187,-3.236045636069375,-3.139993746433752,-3.1242637925987005,-3.0970673725815665,-3.255533587718211,-3.2555335860541392
-3.0876088529161243,-3.084729672098124,-3.139253312113287,-3.1031621813003567,-3.282873682059226,-3.3187187189742,-3.2530567679959157,-3.142783414094587,-3.144941539445137,-3.1178172589181377,-3.2708131070784137,-3.270813105620636
-3.1389500069153717,-3.113016046714506,-3.1664128652493937,-3.130272669906672,-3.277946020545629,-3.321188642534377,-3.2511688574637034,-3.1364480908716903,-3.160180406089293,-3.1344722057109626,-3.286805161317308,-3.28680515989164
-2.989961149242891,-2.911173528049009,-3.0731876018173114,-3.036569408728395,-3.0323043489285575,-3.147840652002605,-3.0628023119701746,-2.9689997339753913,-3.090291096717458,-3.075884788036495,-3.2022508733122006,-3.2022508714508904
-2.9843746138420615,-2.9432924006233647,-3.0366832937520236,-3.0061144648502016,-3.0812569234570537,-3.1527078807281423,-3.070468572698341,-2.998745743193376,-3.1006873050232358,-3.0887121387951315,-3.2049968820134755,-3.204996880696366
-2.925148223628874,-2.8682038401103784,-3.001930568299907,-2.972722674083557,-3.044697659490603,-3.1224593479462435,-3.030510988463133,-2.9840499881921256,-3.098843439429891,-3.0886131926622866,-3.1835995088486393,-3.183599507981313
24.0426489076715,21.701953286537172,28.992981592934964,26.51830583511688,39.466944963117164,45.90816789195537,36.12391315346244,29.242611152543425,40.25735506321402,39.26365736602825,50.253267980967244,50.25326784201371
-2.7019739601023685,-2.7272537507020367,-2.7324388724817936,-2.7418036340521477,-2.5107023794884,-1.8635002701323842,-2.6541526388027337,-2.648935665460007,-2.5592035188057367,-2.729785713321999,2.081677276111193,2.081676603661921
-2.611861213109747,-2.806778798901085,-2.5542875849886,-2.589207449843425,-2.3024223868999596,-2.6359360083889527,-2.4900530384601014,-2.53762001389855,-2.618855117960252,-2.524102850285971,-2.659762805425081,-2.6597627953144993
-2.4350234683049132,-2.560148345848403,-2.5389337563790635,-2.5635710179201023,-2.3566055586435364,-2.6473493383625732,-2.490738839458018,-2.542648831207707,-2.638226364851689,-2.546743399684912,-2.630485330861669,-2.630485322987056
-2.362336376496697,-2.3651424710075775,-2.5304730995387934,-2.5539364912579074,-2.4038791109949,-2.654633400842933,-2.5078548212624696,-2.5587220527327172,-2.6693977825887534,-2.5795968482820824,-2.6384668006335463,-2.6384667935819195
-2.3908346945831385,-2.557070167724935,-2.441287627328915,-2.4656312873005692,-2.282299529803112,-2.5195712043386274,-2.4047147107064752,-2.3433947082889106,-2.4718669671250875,-2.438011903622474,-2.484305509183538,-2.4843055003742878
-2.2839714522746206,-2.2858642619411063,-2.3979468638365207,-2.4373775243048517,-2.3081052332761485,-2.4997703405921285,-2.4254285762063823,-2.3866779329772494,-2.4960602120598536,-2.4634697033339896,-2.5026330195673667,-2.502633011167622
-2.2708623673988866,-2.2841557677754967,-2.379009126436249,-2.417148542833429,-2.32886665632588,-2.478587422999274,-2.42120039216109,-2.3926976278717658,-2.4956182644075824,-2.4696715821585054,-2.5092710232052946,-2.5092710150661928
-2.2522815192843684,-2.280561482338123,-2.378080921502963,-2.4186372026471483,-2.3514567981038117,-2.460158087306242,-2.4166507902504173,-2.4074767996240984,-2.5194648362368373,-2.4944389509972247,-2.516890546556004,-2.5168905391677088
-2.307733613732227,-2.2356710578365604,-2.3886348419355943,-2.423066502078332,-2.4143014035247967,-2.492578465199763,-2.4531837574974515,-2.457943885708404,-2.5526493159554082,-2.527383178413001,-2.554119604825777,-2.5541195977783353
-2.340411797316712,-2.2075532008888663,-2.4015745123681156,-2.436737229982422,-2.436221459743299,-2.4757870508212174,-2.475454616151985,-2.4974285490714623,-2.5856838204839643,-2.559794231746653,-2.5795952847331396,-2.5795952781706797
-2.3777298360217305,-2.227261146220929,-2.4277885290566843,-2.455927088543061,-2.471187682383596,-2.4990366781657385,-2.498954258549916,-2.5303117326840447,-2.606286139307116,-2.598969815651709,-2.5981510856001933,-2.598151079419965
-2.37472813460243,-2.2544699846641496,-2.4245110785089556,-2.466158791072556,-2.4764754405208937,-2.4979233076804443,-2.5176214861305257,-2.5588344482194447,-2.6396984211802463,-2.631925447386366,-2.611398212976358,-2.6113982073968254
-2.420706352498343,-2.300102780445844,-2.43148484806237,-2.4719074143436446,-2.5184574869002256,-2.5266080157964272,-2.5486608897052374,-2.599411638087591,-2.6654598686689943,-2.6585811429108963,-2.6377618219546175,-2.637761816626333
-2.3984666897170133,-2.2866162422020055,-2.438750420664013,-2.488425566977674,-2.5463329377600643,-2.5617308728282104,-2.5629392847866432,-2.639631919005724,-2.6947471849391524,-2.6883655150288632,-2.6567218010398306,-2.656721796122601
-2.410718644986672,-2.3202563234499536,-2.45579922511316,-2.513386028730779,-2.609154708888014,-2.597628174167685,-2.5918538503728774,-2.6763585940100723,-2.726167563609846,-2.7189475159619194,-2.674189546254374,-2.674189542012185
-2.4886788618937308,-2.3739306047405635,-2.48381962113891,-2.551058839477313,-2.6612870365048416,-2.6570721389088896,-2.63249428410138,-2.714718509235551,-2.7554164497864173,-2.747737523506726,-2.706071254335006,-2.7060712503812416
-2.486499036569426,-2.346316777150556,-2.5175768887117727,-2.5805932365556323,-2.708271490542228,-2.7157049384048144,-2.6751792529329683,-2.739776381827643,-2.7793474898884267,-2.770894516757169,-2.732303104791736,-2.7323031011993546
-2.5606075941209463,-2.4430468874211324,-2.54807115316256,-2.6012598919878345,-2.7204934890406114,-2.765538308260969,-2.710931699260373,-2.758037051433745,-2.798498392466299,-2.790393683548392,-2.7511490196632105,-2.751149016324735
-2.6052140196805507,-2.5153240143968754,-2.5822406049488746,-2.6220410751319303,-2.740659096302014,-2.821721529288432,-2.756869582206381,-2.7820788764538467,-2.821018924322194,-2.81287327873829,-2.7691507029312445,-2.7691507000586224
-2.6552996272735734,-2.5778620125080085,-2.6460876214293316,-2.6685289348942733,-2.796903629912217,-2.9025210941689616,-2.8226097883794194,-2.8320161944757714,-2.8393128847650266,-2.8298895626948166,-2.789629548559418,-2.7896295461666867
-2.7714550223362284,-2.7566025384477433,-2.693485487775228,-2.7097413773713597,-2.8291357499868495,-2.9382736825862867,-2.877327835800479,-2.8667437013218224,-2.844277525696792,-2.8373773957630686,-2.7894089345760937,-2.7894089325456393
-2.7229141609822447,-2.7599798986747075,-2.710102665289647,-2.7274669017103954,-2.878560775365191,-2.9719786991785324,-2.926113196080319,-2.8937849745182573,-2.8706497933253234,-2.8628006147640606,-2.8157040293607136,-2.815704027730436
-2.736434502855591,-2.786606056516912,-2.722023966829537,-2.7431432597050307,-2.8994754930092914,-2.9528920386670876,-2.9359898191264087,-2.9373802483039944,-2.8948553336747285,-2.8868986032938277,-2.8293468602562846,-2.8293468593607125
-2.792174033335847,-2.7109152574573177,-2.73159324032728,-2.7552741308811703,-2.8844540453918057,-2.947833621864374,-2.93599027682078,-2.9461661304162012,-2.912543740253088,-2.904815499099133,-2.8533009422659052,-2.853300941485963
-2.8071304079095576,-2.775075874990862,-2.781054320101186,-2.7881650186531295,-2.8728134959405134,-2.961218202738442,-2.9398074934860396,-2.944339141549595,-2.895771960116684,-2.889005385254011,-2.834424004933363,-2.8344240044965416
-2.926662694310891,-2.8729245279950026,-2.8260718677916543,-2.834662520755616,-2.9027998088239935,-2.98812409634731,-2.9770629171743983,-2.978978523361714,-2.916707188755362,-2.909858713144568,-2.862684357692718,-2.862684357448691
-2.9390937368555443,-2.898449090713246,-2.8377039655096317,-2.8535472406627873,-2.8856883355326035,-2.9851652678754723,-2.965071166185731,-3.0129679942250087,-2.8918591359073997,-2.8873422052763233,-2.8378796558493145,-2.8378796556608545
-2.914225098444968,-2.9134021179969345,-2.8588341951219087,-2.8941347565064306,-2.897059205839908,-2.999442069483937,-2.98083129275361,-3.0141359018228826,-2.892891308466465,-2.8913979927199693,-2.849045357660981,-2.8490453573977303
-3.117097844342542,-3.0844261800827057,-2.900949850319689,-2.951433377093969,-2.9432044386129577,-3.0471867605382976,-3.0285855591113005,-3.0531480151058696,-2.9187120008477576,-2.916359666552926,-2.8799662719254853,-2.879966272020201
-3.0693530550014323,-2.9707192211635904,-2.928998392687222,-2.9788270524600398,-2.9210593617043883,-3.0428440213396803,-3.0260571753935164,-3.038715275708,-2.925443321621327,-2.9229380392626876,-2.8818074189502556,-2.881807419294284
-3.133325181601009,-3.0250219756987473,-2.966525450079346,-3.0196464015519107,-2.9690304550254893,-3.0969011669291424,-3.0804196968465196,-3.0780192642474615,-2.949525667316785,-2.946172959033887,-2.910338339145803,-2.9103383397588316
-3.1468181226008527,-3.0830112880837124,-2.986031279096299,-3.0381667284227305,-2.9858601382874834,-3.1194745671375745,-3.1073058264068862,-3.082039498104308,-2.9662848783746467,-2.9636084933356743,-2.9359474458195134,-2.9359474464672157
-3.071195647060561,-3.0661320269688614,-2.998169680600261,-3.047356325008395,-3.005451418937553,-3.1321474193083314,-3.1264852598031627,-3.092529813875137,-2.989511902206642,-2.986086866743486,-2.9668607483272247,-2.966860749158485
-3.039987112489106,-3.0800875317815755,-2.94022677238264,-3.0108634299273236,-2.9364396254675453,-3.079799998152109,-3.069094535579306,-3.0147959971872567,-3.003114254348641,-2.999376194602487,-2.9366983610615724,-2.9366983629928525
-2.9959947532029405,-3.044573780007565,-2.9201470285337288,-2.998653365470182,-2.916016277626432,-3.06077594795958,-3.0534987906880744,-3.00730213929293,-3.015208998700091,-3.010173946359692,-2.9577385365830438,-2.957738538461932
-2.9791750896432907,-2.959786615610569,-2.906803558067791,-2.9846890371670214,-2.9257976741424203,-3.0434349866934616,-3.044519513845893,-3.0164653909889276,-3.0331353306267976,-3.0268874436527833,-2.9790761338091807,-2.979076136052263
-2.9503943919735356,-2.998377013725956,-2.8620112397795454,-2.9502398733580417,-2.8588015986021076,-2.9903033743835437,-2.9849185094828945,-3.0028176000496067,-3.042867799798417,-3.0373408252597205,-2.968060551999942,-2.9680605544014558
-2.961212879498988,-3.0747141293685,-2.862125902843151,-2.952185538520548,-2.8687537214571575,-2.9949822494428795,-2.9959769845096047,-3.005013524861887,-3.053780190043774,-3.0479129017524826,-2.983340845256196,-2.9833408476779653
-2.9216984868360694,-3.0127168328673535,-2.8725754469489244,-2.9566744888563736,-2.8719626994963656,-2.9984286662840667,-3.003208947030011,-3.005729124392989,-3.0615563221283595,-3.0552049161996857,-2.994805079451335,-2.9948050819216907
-2.9701286949545533,-3.0507513234216885,-2.9017353618311548,-2.9787513175929785,-2.9026647595533426,-3.031956707925737,-3.03452592712098,-3.027200867726086,-3.0782937198776072,-3.0702877798217374,-3.023307344889154,-3.023307347369221
-3.001704901170916,-3.066048453282101,-2.8950461898519477,-2.9626889606305813,-2.8780276372568636,-3.0034037275212686,-3.011645932279177,-2.9964000412920018,-3.0508881863645527,-3.0506119479952414,-3.0099927086697273,-3.0099927102837105
-2.9979173515900035,-3.1047507957637333,-2.936036014797277,-3.0078732112861246,-2.9206088998540425,-3.0336816222509855,-3.050108023737434,-3.042405248655686,-3.0666344669742385,-3.0651108827048397,-3.0343317021291343,-3.0343317039078608
-2.9638055722113723,-3.065963938344747,-2.9577623419813777,-3.0248293087084823,-2.8813213595750766,-3.0056436703943454,-3.0152911767634505,-3.0305568534991707,-3.053608083792577,-3.052671516379246,-3.0161041542633136,-3.016104156052956
-3.0323003566769255,-3.1210086311152505,-2.999084856394089,-3.055572014551779,-2.9228261712154073,-3.04470311302596,-3.0492934707011705,-3.0568281184753636,-3.0698294781375592,-3.067405586664642,-3.038670277954318,-3.0386702799008867
-3.1467746540460926,-3.2631508389490067,-3.05380475829143,-3.0978508670173017,-2.894394265521048,-3.026495612310264,-3.0318408377021764,-3.04570377326147,-3.0121888144117133,-3.0150520555769207,-2.9814967220569955,-2.98149672329793
-3.099714445869134,-3.200361731795697,-3.096922062655782,-3.1315728358690738,-2.961803843575187,-3.0704883501747626,-3.084479996730064,-3.0902694443528302,-3.030973747562805,-3.0324594534108296,-3.005446286248842,-3.0054462877268016
-3.178700444366622,-3.2482467368201036,-3.1320680132345604,-3.1571097945628583,-3.0168658168478775,-3.1258590220207187,-3.1280915117168586,-3.1272175154823594,-3.0494286671295416,-3.0496437132976713,-3.0320183628443784,-3.032018364429285
-3.1626999310748403,-3.2411764530707576,-3.157685927478334,-3.1809663873472767,-3.046795028710252,-3.154143756127147,-3.1437413393719797,-3.147744886814216,-3.067521452176778,-3.066567544026828,-3.011448004195476,-3.011448007769909
-3.1681035421003063,-3.217713729116394,-3.1754657389636103,-3.179556368273966,-3.079218378462423,-3.16773353760751,-3.148254598788297,-3.1728465010889897,-3.0823817275714775,-3.0796849486604287,-3.02869064124876,-3.028690645179653
-3.1313995692812533,-3.162345859006936,-3.1399057732439615,-3.1307130980652262,-2.9934600756231173,-3.089607999791982,-3.0510558200281954,-3.0163600648834725,-3.021809347619478,-3.027526601471574,-2.9396241105947025,-2.9396241138078105
-3.027021226229592,-3.076483610551243,-3.1325397781708553,-3.124778349048346,-3.038731553173602,-3.099909042834627,-3.0802661418903585,-3.032705274155686,-3.0392927472327806,-3.04303846644497,-2.9642046771270296,-2.9642046806015294
-3.0518886888821157,-3.1068979369460132,-3.1404795565936254,-3.1467120855262154,-3.0610573795616633,-3.1125541854402545,-3.094491332799802,-3.058879662272469,-3.05644782382524,-3.05854960681273,-2.961721554090648,-2.9617215583356433
-3.1037380361104727,-3.154457371553338,-3.1502767284996027,-3.155906020094636,-3.1071636321761917,-3.1529783540210925,-3.131302206084718,-3.0762090157408526,-3.0737047514095903,-3.074231612310501,-2.9944741262875176,-2.9944741304846776
-3.1450116326556365,-3.184915228671528,-3.168864512822604,-3.169181691207804,-3.1394400422860924,-3.1911867388541215,-3.1569299879248516,-3.0994828601122184,-3.086705247834981,-3.0864688590102514,-3.0231353389113362,-3.0231353429684695
-3.0040802727939733,-3.127133509866468,-3.1446773857420274,-3.1344811078435537,-2.9743223036248954,-3.1092085063117585,-3.042426871894562,-3.062159529260794,-3.019242450355926,-3.024804476396729,-2.921975948281249,-2.92197595208114
-2.992856197724084,-3.046361982634873,-3.0886792088852126,-3.0913503498489243,-2.913019640919212,-3.045499919614248,-2.983153023545105,-3.0474153638560457,-3.002372836746912,-3.0107506957979506,-2.901792362434377,-2.9017923660280536
-3.0043919897954385,-3.0522386429585664,-3.0957211173649046,-3.0925940937129104,-2.972821674161904,-3.061152762618784,-3.0308339733889653,-3.0737705473958004,-3.020603348407536,-3.026633619371159,-2.938252316356796,-2.9382523199323476
-3.037746809004203,-3.0477716649884883,-3.124862015927612,-3.1074229731204004,-3.029912691398683,-3.084799794740857,-3.0839425946135974,-3.1223805754614418,-3.038952443154257,-3.042589334497986,-2.967833057387187,-2.9678330612246127
-3.068623585364752,-3.067839762815535,-3.169868723792008,-3.1390944319681653,-3.0997463518387187,-3.132015224894943,-3.158612238253731,-3.176710924429789,-3.0543286908814533,-3.055516432199334,-2.9989389065522074,-2.998938910603341
-3.10253716404418,-3.0726991181783507,-3.2081090925715126,-3.165469809814554,-3.136391660199117,-3.16246928476369,-3.2014370033526744,-3.219061500116193,-3.0667331526626804,-3.066017524528583,-3.02017010065187,-3.0201701048686496
-3.1042876403399626,-3.103774654673627,-3.225506498789979,-3.17824987210789,-3.1710366232104112,-3.1953064549060963,-3.2494998426873742,-3.222211897785031,-3.0802181952807755,-3.078713550441556,-3.0496279269132245,-3.0496279309623295
-3.0786266361557804,-3.046512277357527,-3.2402742371322275,-3.1838960799336267,-3.1755548506234565,-3.2086340134640143,-3.2736060851001803,-3.2265749468567027,-3.0652178198474935,-3.0661912025996703,-3.051698922850309,-3.051698926279252
-3.106095496342445,-3.085931344377127,-3.265409626890234,-3.2045392216873907,-3.2162273839280964,-3.241454339135081,-3.3213876315257487,-3.273138406381219,-3.0729470304314113,-3.0730447493681297,-3.0669425484811774,-3.066942552066906
-3.1276270077781296,-3.137813780672083,-3.280017237641626,-3.2207209324351815,-3.2330512054889837,-3.262836792766416,-3.338366625983091,-3.2513161947887705,-3.083777245030235,-3.0827039100769094,-3.0821421262599396,-3.082142129894803
-3.189465796314747,-3.2015141428462455,-3.310522436726451,-3.25365459853454,-3.2802116989284476,-3.3044337604223797,-3.377950316948787,-3.2634279567057036,-3.1005183368393103,-3.0978312430134043,-3.1117579910754114,-3.11175799474936
-3.1722649253240816,-3.1788651325679043,-3.3319165458809246,-3.284409799547817,-3.256285479850155,-3.3056220535613083,-3.363614560184855,-3.2890625517355283,-3.1081590555230036,-3.1045668027534994,-3.113487402085922,-3.113487406033286
-3.1700637952364685,-3.182278785770296,-3.3317826563682624,-3.288449856128158,-3.2917810488290087,-3.339910406584107,-3.385065980156262,-3.3131423182530435,-3.122446047602648,-3.1178283293069633,-3.131262176547019,-3.1312621806443577
-3.1185620680873933,-3.110977318252962,-3.289064847403197,-3.244895699629425,-3.1866983070295793,-3.2848936520169283,-3.316624754605506,-3.2197124927328,-3.0899854296469833,-3.090583788424885,-3.0973298570579724,-3.0973298598450274
-3.1115829860123396,-3.1398788723114803,-3.2775178151733604,-3.2386961746963707,-3.213285565235675,-3.3003457864857513,-3.3417634378698393,-3.2338604036892007,-3.1047552944965595,-3.1041083458646943,-3.119633818729014,-3.1196338216086352
-3.1003588280633587,-3.13673817593697,-3.2828611588249696,-3.2493021233864123,-3.22462941422461,-3.3088749540773104,-3.351848270835272,-3.2413881907404547,-3.117769024706873,-3.1154966163171967,-3.1301951146478877,-3.130195118007279
-3.1346316741841846,-3.163052167156443,-3.2955199037093497,-3.2669802860642303,-3.2426890206374615,-3.3219652914087976,-3.3666361333730133,-3.2685436087644697,-3.1327228561305263,-3.1289844771548454,-3.1538416921173518,-3.153841695613588
-3.1980772813397254,-3.2478067041344083,-3.3195369351863167,-3.2940948608051084,-3.278413115907936,-3.3533808134662544,-3.396963627074398,-3.3115421713101036,-3.1424177362560384,-3.1382519852677344,-3.1747866367259348,-3.174786640222547
-3.2084735947548335,-3.256632598017444,-3.342351790277845,-3.321650452875933,-3.2916120513861475,-3.3734507768734936,-3.412010513402463,-3.3355113556021556,-3.155544825138067,-3.1504295164502016,-3.1973687874156473,-3.1973687909098123
-3.226967179791157,-3.257499274596088,-3.359818122510744,-3.3452160635089943,-3.2892256613651067,-3.3647511982191274,-3.4316246335600304,-3.374781915485734,-3.1643747507727857,-3.157919100910589,-3.2049086507895748,-3.204908654762833
-3.1966939025700434,-3.2027197277978363,-3.3584612552718696,-3.3457559723483463,-3.277876860612375,-3.3626318232419266,-3.4359140343912706,-3.3857308461910596,-3.172454764462983,-3.1652895015437723,-3.2182361190979876,-3.2182361231255863
-3.218790365483609,-3.21963704941004,-3.3782420850396315,-3.374802459206098,-3.292406674337675,-3.372695513040219,-3.447652351326002,-3.4193606569368553,-3.184219602044524,-3.176249727773949,-3.2249350788841467,-3.22493508356395
-3.2548878557962198,-3.2510190041612668,-3.414358377759102,-3.418931730595764,-3.333891095907301,-3.4005058608023244,-3.487182635341118,-3.442445066080056,-3.1961866252783153,-3.187855102620304,-3.245501678573841,-3.2455016832005334
-3.247088730525606,-3.278216024692629,-3.4314755172269846,-3.4484587639614324,-3.320641787019647,-3.4069080921672414,-3.478304676002054,-3.4503315007671196,-3.205085659809161,-3.197675637054652,-3.2600265266397193,-3.2600265309328336
-3.3130412228880326,-3.3105981782955483,-3.473307676823583,-3.4874768584761338,-3.3421332999215836,-3.429551007518372,-3.493652486029055,-3.4649911606529966,-3.204801228629467,-3.198021753073428,-3.2606030062592324,-3.260603010371034
-3.2908589376163593,-3.34558646490309,-3.4806480205197845,-3.507770843171906,-3.2975799465341487,-3.3827316122702697,-3.457337201212182,-3.4468119201766236,-3.2162762782714145,-3.209026914362764,-3.218649690858004,-3.218649697134097
-3.270997748488375,-3.3233007425029104,-3.4927465663786066,-3.5258823041804455,-3.3373319521343876,-3.408028592664939,-3.485857518673685,-3.4475175450325635,-3.2207486853660816,-3.213559232192396,-3.2289150343378026,-3.228915040438473
8.941841878576433,10.771564408295756,28.388752338558717,32.366109369404924,15.275057741078204,22.117720561930692,28.63992345434232,22.253047318445073,4.913389997141583,4.533677950621408,6.54948918389379,6.549489597563033
-3.206139994622362,-3.099785579505631,-3.3155141125158702,-3.347330634523395,-2.9591789093042373,-3.125218710698936,-3.1240483691399388,-3.0209954246201267,-3.072071783313309,-3.054440782040281,-3.0732594922658922,-3.0732595021889386
-3.014368339238816,-3.0102989048321867,-3.239564610616964,-3.2752631024092747,-3.0385470440822715,-3.15935449689956,-3.212839761020346,-3.1216944633644643,-3.0923409482200723,-3.0740104179810928,-3.0897759724194778,-3.0897759824410347
-3.0205830127662274,-2.9906250222291244,-3.187416450315331,-3.2348881527333564,-3.0918628576426026,-3.1925676972161128,-3.269627356887198,-3.162279248318812,-3.1067500290085577,-3.0884409104735187,-3.1120224837165833,-3.112022493729584
-3.02670849967787,-3.0338675548958682,-3.1825207482850066,-3.24045239813338,-3.147070546363842,-3.2289990248709537,-3.330879515891744,-3.223509893199343,-3.1250772564512177,-3.1064063732838796,-3.1336004610907704,-3.1336004711794514
-3.0033728693084587,-2.923883409617283,-3.188110668383548,-3.252426581758791,-3.1900440075749117,-3.257026510765952,-3.3705109884215556,-3.252288947087023,-3.1437009159293834,-3.1247136137317923,-3.1579319911345074,-3.157932001224225
-3.078576595660997,-3.0943285502477886,-3.2199512321160797,-3.2775465453639847,-3.215474946832705,-3.272172407028808,-3.4174607186432926,-3.2982890229873494,-3.1634016226594803,-3.170923773426223,-3.193610663889368,-3.1936106663228303
-3.0596559151200964,-3.107275717235112,-3.245093391704227,-3.3111231181694,-3.239234344305221,-3.2953045466417463,-3.4272954383139362,-3.3398172449238968,-3.1767807190370756,-3.185653074046071,-3.2159354505207967,-3.2159354526358412
-3.078728396612947,-3.0911402482869583,-3.283282514812993,-3.355313435095506,-3.302920179204261,-3.3270481918577626,-3.4668553488257503,-3.416792428236056,-3.192958961385483,-3.201596106915155,-3.2320031923205543,-3.232003194506792
-3.1987030418327747,-3.2025092439203204,-3.2978845778254504,-3.3660501353778978,-3.2924294036255173,-3.325728159988761,-3.4548044768114945,-3.433879827557112,-3.1987131500721655,-3.2073065300596806,-3.23431671945888,-3.2343167215375344
-3.2268911483895746,-3.2369350509593615,-3.344022135869544,-3.4034597838952285,-3.310727617242601,-3.3457046016712453,-3.466857308688314,-3.443255365138156,-3.1910046589091143,-3.200285918497908,-3.2244384128970403,-3.2244384147068756
-3.3253425307364743,-3.3294280600425257,-3.3658351231713297,-3.4186935744079374,-3.340713015849263,-3.368384759393908,-3.4688923846779844,-3.4176822034677588,-3.2093652420883703,-3.218056995541869,-3.2380934640958614,-3.2380934663735195
-3.2811998629249075,-3.2844722751890654,-3.396314119339554,-3.443585718062688,-3.370793440016817,-3.393278968423266,-3.481402388514022,-3.4236513265413153,-3.224454291503614,-3.232813616471168,-3.2607108404445095,-3.2607108426663243
-3.3059774849168595,-3.344106238939711,-3.3895868477439386,-3.428441491589497,-3.3133835044692193,-3.3652208502825256,-3.4265845029490523,-3.3491041426140393,-3.2129558281446977,-3.2242225488711806,-3.257259874405681,-3.2572598758402216
-3.3215938712572735,-3.4267531180673485,-3.3938511831470164,-3.427312654379671,-3.3571469833311753,-3.410034805953006,-3.4528047982694767,-3.390570926445888,-3.2299778518761726,-3.240906068162562,-3.2783707236393806,-3.278370725151859
-3.278008624611452,-3.3913611507410977,-3.415025686306824,-3.4487568261196406,-3.370865823475052,-3.423030563288374,-3.4595087781882237,-3.390964949496813,-3.2441485137532826,-3.254446631633939,-3.294087476086317,-3.294087477614149
-3.3200566524273794,-3.4769813225613597,-3.4252513329505843,-3.451907720239165,-3.375484813857878,-3.392304930918033,-3.448399489681215,-3.4407926277771606,-3.26000097844313,-3.2689023844575527,-3.2827950170405886,-3.2827950196389875
-3.283773994250941,-3.3981936186951107,-3.433716803590559,-3.462514447838467,-3.4060801178207956,-3.39793928826255,-3.4649607834904756,-3.4212986880464524,-3.27220380986021,-3.280778944033942,-3.296557997365734,-3.296557999925343
-3.2864471055854763,-3.371775180133334,-3.4305755386063863,-3.457851885234979,-3.398536806721494,-3.4012125884690216,-3.461232510791553,-3.4056691583939536,-3.2811233782010487,-3.289334089757169,-3.302617898185281,-3.302617900814354
-3.3010787417862675,-3.4104369421853784,-3.437061361813317,-3.465625048418926,-3.4237379225393383,-3.4085700705065127,-3.4930842958956845,-3.432445816361765,-3.2969213659600194,-3.3047919673412247,-3.322090662841705,-3.3220906656635942
-3.267982353005065,-3.3826410590985603,-3.443496966627843,-3.470899433927313,-3.4399421898536615,-3.4127360304778915,-3.5077651032235124,-3.454219803028932,-3.313103996288552,-3.320319590709224,-3.341230964943414,-3.3412309679962107
-3.276399968237514,-3.3561362095476164,-3.418956390919224,-3.4532210257040084,-3.4246871037397457,-3.395842651317613,-3.4990970495736615,-3.4305994476126362,-3.3290772162147855,-3.3358628766505807,-3.3597038503633176,-3.359703853449575
-3.254694641132023,-3.369852756696975,-3.33933878813108,-3.3887689776899155,-3.3037049676113956,-3.3106862034777262,-3.386375205490536,-3.300556243138279,-3.303197435549128,-3.316010647494302,-3.3221216677932808,-3.3221216691252895
-3.2233425413898846,-3.2744803308874255,-3.2937488467371834,-3.3481717254196184,-3.2170489170352545,-3.238248095227613,-3.3144767987966013,-3.27745093910398,-3.2868359492167727,-3.2985905477317656,-3.290721252751555,-3.2907212540200144
-3.187388993562579,-3.272089116518056,-3.270889489688072,-3.3426681230035378,-3.2214325153895706,-3.238595087404221,-3.3307927783453204,-3.3202832443984684,-3.296653873561628,-3.307984252891885,-3.302226867356716,-3.302226868530956
-3.1340880694450304,-3.236717079565047,-3.2254642387145047,-3.292798382457571,-3.100171527891752,-3.1603845140414477,-3.2199096849926994,-3.266599642474173,-3.2407637665384863,-3.253788250080935,-3.2375966632972446,-3.237596663806432
-3.146130904872906,-3.2465005970455483,-3.2110105843073597,-3.2823476301550896,-3.1641291881451257,-3.180957962550613,-3.2908966762458185,-3.3362898792319617,-3.255705380930865,-3.2675272978235497,-3.2549564505395474,-3.254956451315141
-3.2182418494915304,-3.324756219467966,-3.246629276216464,-3.322393008848265,-3.2452550007318637,-3.23409950070318,-3.3581792737977136,-3.386263020951069,-3.2751883515183917,-3.3073538199280934,-3.3076529445302354,-3.3076529452580354
-3.20331380081151,-3.3173359921557335,-3.2700299249376172,-3.3471669923725793,-3.291161047612111,-3.257650554604073,-3.4165074168380904,-3.4299664870880084,-3.2909304464924802,-3.322202534819699,-3.3171721327283583,-3.3171721339477545
-3.259607763881269,-3.313596020166311,-3.2865146623003296,-3.3557712786377176,-3.3086669542546083,-3.2816566141260406,-3.4441622632188236,-3.4549877466525327,-3.301035633006333,-3.331826869710095,-3.3249543327783506,-3.3249543340311387
-3.251200181669919,-3.333080829859849,-3.309753428562653,-3.369980439499976,-3.3116480107199493,-3.293925621234807,-3.4390821335496033,-3.4420528256826843,-3.299616273936359,-3.331159931986271,-3.3271227259074054,-3.3271227268484695
-3.231269599291274,-3.292803128897734,-3.334100058527706,-3.3831685534212403,-3.3536382461585057,-3.312567508652683,-3.462610712907902,-3.4643578760694975,-3.3145908682748733,-3.3455116910500964,-3.3466054343566016,-3.346605435556236
-3.2791790025052965,-3.3448080253441543,-3.363058890234476,-3.4045907065395378,-3.383491393241772,-3.335358197770978,-3.502993395434309,-3.469910515219531,-3.327636253720086,-3.3580783768278097,-3.3618783841246156,-3.361878385477678
-3.2418740294557757,-3.3311664176268527,-3.3922463740905466,-3.4261580973954597,-3.3876671529838074,-3.3495835390901045,-3.5083756681328895,-3.458516424257277,-3.336770979517126,-3.366631046476627,-3.367566244318902,-3.3675662459329336
-3.316240357344429,-3.465140682989451,-3.434295183593813,-3.462778564291907,-3.417187602116819,-3.3765770644607747,-3.526020291903083,-3.48327648564835,-3.349810590276676,-3.378843647447613,-3.3857845246373515,-3.385784526436754
-3.312013480799638,-3.4725592724928522,-3.445759598226801,-3.467727188489169,-3.4243137608546874,-3.386147595546217,-3.5100246774036075,-3.4961671295171373,-3.3592044237799468,-3.3887027385665176,-3.3936019068154013,-3.3936019087218403
-3.2752863391818763,-3.347327580261296,-3.433076425966474,-3.4488744005569845,-3.4410939966805345,-3.382701177403938,-3.4790789593545064,-3.511841912715818,-3.368550556325646,-3.3992894703394287,-3.414150599220189,-3.414150600816474
-3.3150172262904944,-3.390258127315708,-3.4208384440582886,-3.4441371430608236,-3.4410796184958086,-3.372599176039449,-3.449817145274464,-3.5000230604291893,-3.3826069446640283,-3.4127061351174603,-3.429958578143392,-3.429958580000182
-3.3481916790626434,-3.4766193573892528,-3.454699558238396,-3.4834764970651713,-3.438245885829543,-3.3955560994827048,-3.461704189469051,-3.512668589169092,-3.3846748653693646,-3.4139222905674997,-3.42713807096324,-3.427138072988204
-3.342078514895833,-3.457323691722149,-3.471692588640389,-3.5067817029210184,-3.435516575938723,-3.404878697334698,-3.4605462416577364,-3.4985164401966493,-3.3979598287432253,-3.4268794423230786,-3.4455155931884285,-3.44551559518586
-3.3529258251796668,-3.4714990389232545,-3.476442005876454,-3.511110397186509,-3.423768483506819,-3.4022966453731875,-3.453619209550404,-3.497028633827697,-3.3941337358658727,-3.4259805450677505,-3.454833466277961,-3.4548334676326045
-3.261227426818093,-3.437682399503072,-3.4597192132634187,-3.4947578301596853,-3.3406759825443473,-3.3700470578249475,-3.4133884508957424,-3.500713645691988,-3.3702452508039733,-3.4022771871495276,-3.412312864533596,-3.412312865696152
-3.322499045201265,-3.5303279162717915,-3.450322368390319,-3.4864616844861143,-3.372205979275162,-3.39106855213222,-3.4421507161288325,-3.5246949992314476,-3.3856311487260218,-3.4170365889285588,-3.429958017645016,-3.4299580189455394
-3.303148632859205,-3.426584599786048,-3.445803770277813,-3.4817734631081305,-3.3677878305956694,-3.3895560988347433,-3.439392567954389,-3.555532740951623,-3.3909322442482286,-3.421710884110166,-3.435719668795712,-3.4357196701166295
-3.2453824406514697,-3.4099421772620393,-3.432746923443506,-3.473428579794389,-3.3453985174062737,-3.3893167522793277,-3.433931179192985,-3.5373889299701284,-3.388098238418938,-3.4208453236493135,-3.43758759819669,-3.437587599046822
-3.3024940179886664,-3.4694675511248994,-3.427475988934133,-3.4665219843212562,-3.343517259548804,-3.384297971878246,-3.4360005722664844,-3.5372567952646996,-3.388680706405115,-3.4230630833833864,-3.4458456878974464,-3.4458456882018247
-3.262333264652752,-3.430917533094365,-3.399927086731242,-3.4351720040350346,-3.30242325880567,-3.3352339615209985,-3.4003490921667616,-3.522059573391238,-3.361429210302911,-3.4015907954663036,-3.4271131557702663,-3.4271131546611384
-3.288900172722294,-3.4360725059854924,-3.388203964193468,-3.431225416838248,-3.3175441034396127,-3.3272033199966407,-3.3910603815891145,-3.529521665421912,-3.370126495096794,-3.409104774273304,-3.440166018507825,-3.4401660175284787
-3.231060422961364,-3.382592721328246,-3.3757251521809626,-3.422485999409261,-3.3394695319094,-3.316447589863736,-3.3884593485834062,-3.5318421273133556,-3.3713331034018874,-3.4125453178583123,-3.4511939175001403,-3.4511939161602756
3.5015281447443476,17.989276163818488,12.765141164537836,18.53909868827414,9.232979555189642,8.978532990185148,13.479239889128651,23.513521227154566,13.382105312145004,17.447385017018725,21.03521804523115,21.035217941279626
-3.0372987985143505,-3.0657968250154775,-3.168392823517999,-3.2307963545673477,-2.9390262148075808,-3.1067108751153514,-3.048205552718707,-2.9164555643921872,-3.1681662863123097,-3.2034285612660405,-3.213223293750745,-3.2132232881727067
-2.885948380699642,-2.9677483982783572,-3.056741852756428,-3.115515936401169,-2.995369212619921,-3.115408702252397,-3.0493183180152617,-3.0324267662277484,-3.1677253673723436,-3.207533677174282,-3.2225055047394244,-3.222505498843421
-2.8482019563393868,-2.9994921164661097,-3.0029724403289415,-3.0709785683857764,-3.0372083424483742,-3.1436022080244537,-3.0637893526494717,-3.11133505193429,-3.1846569029325105,-3.2224442106276023,-3.2418692300231977,-3.2418692244231027
-2.8769997704408015,-3.082004269786767,-2.9896540831503158,-3.0708702605981473,-3.0906803192972854,-3.188393906708636,-3.1112695516498223,-3.1949356819638504,-3.2057274751402054,-3.2424458616611322,-3.265488215422389,-3.2654882101022156
-2.9830799390114113,-3.0547969651311235,-2.972768023291385,-3.0480608515618335,-3.084751288097239,-3.1793815261742306,-3.097207010358046,-3.1766490890217343,-3.2018222857266565,-3.23483844688484,-3.2502209502035315,-3.2502209456809292
-2.9961767493048184,-3.1119247002892285,-3.003333536583363,-3.090532582282484,-3.1537087173394847,-3.2361134746576763,-3.1653881597023625,-3.2505740813568877,-3.2232741174548236,-3.254319615788677,-3.272811925531244,-3.272811921440821
-2.982721961467066,-3.211785161913951,-3.0203200554182073,-3.1196397315786255,-3.2298122658245396,-3.2686794400397865,-3.2242321646528858,-3.3065504897804545,-3.241690414255438,-3.274200297758986,-3.291653296540126,-3.2916532927536655
-3.116621356536463,-3.3083985528929594,-2.9871945748481363,-3.1174128189224404,-3.1611250575821703,-3.2311452662874443,-3.1504722044770057,-3.2603395797909682,-3.2445004932710764,-3.283028701788295,-3.2934062307517458,-3.29340622677068
-3.0824913524519455,-3.3231871010044336,-3.0198451069593246,-3.1807230612013804,-3.210738388736517,-3.2773410847626194,-3.187331617603024,-3.3068859033865023,-3.2657000289462266,-3.302988225629802,-3.314577091071388,-3.314577087354926
-3.0711437566999913,-3.2928396621730975,-3.0139488603372198,-3.1655888013186857,-3.1377139246483634,-3.220989401119085,-3.1332398760810216,-3.130927957658742,-3.187196911971629,-3.2322753469364995,-3.2162366770577706,-3.2162366725895697
-3.1403133005112256,-3.4143432071378284,-3.047689833993419,-3.2000380065042253,-3.1921785996878427,-3.2525506632591976,-3.195969058008154,-3.224864332612217,-3.2096013800590857,-3.2523388270456834,-3.2440565789058877,-3.244056574576597
-3.304457780290121,-3.5127584598833796,-3.076201259294728,-3.2258098517683225,-3.206849183297293,-3.2701002360810385,-3.239449216126196,-3.2990066221811323,-3.232527704030319,-3.2729574559095536,-3.2644337019545913,-3.2644336977469397
-3.098137686232151,-3.4294347885623164,-3.103874933378367,-3.2465644115246644,-3.2007441356524358,-3.286157838518461,-3.276269046217528,-3.3222885279367795,-3.2456477569673856,-3.28486550735104,-3.2799612422484477,-3.2799612381388563
-3.1683385462957663,-3.3889904477748587,-3.1417936901644623,-3.271482073398745,-3.1650748774939186,-3.2751610972733567,-3.2867836957126966,-3.2893705785775946,-3.2351655690364485,-3.273402448708421,-3.2587411431502393,-3.2587411393567676
-3.196110622581587,-3.455026259248877,-3.1586639406585855,-3.2818516865641603,-3.1734812867150195,-3.2734732227207743,-3.291524642102072,-3.2841298986459053,-3.254972485497876,-3.2909090942853894,-3.2741999247808202,-3.274199921253614
-3.200195138424038,-3.4628176438158964,-3.1930513225912702,-3.3084837432883805,-3.2029348778132567,-3.2938590985372764,-3.3279297234510548,-3.298227711643628,-3.273576133872924,-3.307278938321856,-3.3006158435020225,-3.300615840120783
-3.2632189538214664,-3.5343238818228047,-3.221935799227177,-3.3275415839740976,-3.231009981931795,-3.313272378798563,-3.356134777952656,-3.305507333941482,-3.292610963094358,-3.3244274316964555,-3.3279458719732893,-3.3279458687151373
-3.2810830699887332,-3.5528491677539717,-3.2195931623822345,-3.3108231400842705,-3.2008002594845095,-3.3066268852819287,-3.313837648862716,-3.260524777976052,-3.289360748778402,-3.3071367108249117,-3.335075676202029,-3.3350756726023603
-3.225227082800331,-3.4575052316033017,-3.221783244888805,-3.3064626598384126,-3.19408508345271,-3.301032216905117,-3.2984718247429416,-3.237657099192693,-3.2932285434427184,-3.3114972565381704,-3.3154658102453802,-3.315465807528725
-3.219577816305729,-3.4362506170904044,-3.1754049755411557,-3.246828417619474,-3.137191327302716,-3.256417650587336,-3.227496572225543,-3.166432504009548,-3.2710993913732453,-3.2646673099119132,-3.2930293788171316,-3.293029375877873
-3.2747544387707728,-3.4563707323535344,-3.1651947150288176,-3.222988487238261,-3.18609859465987,-3.2798318811214813,-3.252561081505537,-3.198500047598196,-3.2901250864202196,-3.2837533414050264,-3.3188782070521543,-3.3188782042379428
-3.1303365566344765,-3.3198492656595504,-3.1486762200566387,-3.1917130294906273,-3.2008187259431997,-3.265055552547129,-3.2531709515766236,-3.222121788389768,-3.273543766164232,-3.2762952779315615,-3.3131217414354475,-3.313121737878711
-3.178305574696614,-3.320632159496778,-3.1772120000755986,-3.215650759968682,-3.245790108211376,-3.288502068876923,-3.290655320253699,-3.2489451644690175,-3.2878901768283844,-3.290471446292643,-3.3303024828753385,-3.3303024795124094
-3.1555161366323814,-3.368103098117586,-3.1924953959493556,-3.2050800288941548,-3.1892425673451354,-3.25637634978811,-3.2760593011836274,-3.166002518504911,-3.2642798966669693,-3.2662357735269363,-3.27084690477459,-3.270846902209225
-3.0970467576535095,-3.317795015827991,-3.2066713499699335,-3.2216638589695967,-3.1968857521099343,-3.2538478502084014,-3.2688617494097683,-3.18087668261898,-3.2852038578935407,-3.2861495979527184,-3.272997673797196,-3.2729976717773326
-3.3702674511277277,-3.566355861758278,-3.27272909241038,-3.291235548354908,-3.2211823523915566,-3.279762208931608,-3.297613110054045,-3.217493077121676,-3.2943648439666733,-3.2934689215421162,-3.276174282532202,-3.2761742809947303
-3.274187933927614,-3.474539017550577,-3.2932232167951505,-3.321656994402041,-3.2228503941216458,-3.296249956922222,-3.297139217162152,-3.2244594704231586,-3.30478576771275,-3.2882124907530916,-3.2972158085366905,-3.2972158069294437
-3.3656489568464387,-3.4321161000140417,-3.305164271561639,-3.3421891649138473,-3.2352173632952193,-3.315251535480499,-3.2940541838329245,-3.2383939692256454,-3.3248026214315987,-3.308555329838047,-3.31726395862212,-3.3172639572359914
-3.382105189874935,-3.5054464036773676,-3.3115461959472334,-3.3521042043346916,-3.2539794213717883,-3.3362967841050346,-3.309994297594815,-3.236831588417156,-3.3441729214233082,-3.328116947168464,-3.3322516694341773,-3.3322516684456387
-3.256226742242599,-3.3438568854679045,-3.2727425806337016,-3.31470035667152,-3.2045106849296756,-3.3097329744002115,-3.2528477534789726,-3.199010991548065,-3.333192699524186,-3.2700339320663483,-3.3336923060437824,-3.333692304605618
-3.318740925376889,-3.389677823396018,-3.2549429522548166,-3.2878260091277305,-3.1938043292195655,-3.30126069454859,-3.2419850611105803,-3.1900581469334797,-3.3439043609001464,-3.2840101273571385,-3.3298798405030756,-3.3298798393302653
-3.311425983027522,-3.4745185374470857,-3.2584397023365494,-3.291737712403101,-3.2441612870118735,-3.326783535308405,-3.2940889589509013,-3.235579559480526,-3.356865999272615,-3.3013494879372507,-3.3400129531231477,-3.3400129523920326
-3.344655546593474,-3.477165457479442,-3.2684454974559385,-3.2908330346878105,-3.266598558920207,-3.331109684334124,-3.332297942239641,-3.2665597756911513,-3.372882830762384,-3.3189666313632857,-3.347426561749552,-3.3474265613914427
-3.328276498827867,-3.4372195809584296,-3.2880709249585673,-3.306130638746721,-3.301930400764739,-3.347266994753528,-3.380339798244842,-3.2866174398093544,-3.384649676052826,-3.3347500684785567,-3.368276399254009,-3.3682763989406714
-3.2974424532772337,-3.395831565260326,-3.3015721189467606,-3.3159552219423056,-3.3159795129192258,-3.3491884884448577,-3.4045596199968458,-3.295956555557971,-3.394567556574164,-3.349136874588606,-3.3877729775841168,-3.387772977100528
-3.262403019672675,-3.3669944016343645,-3.2987859682942906,-3.3117884724720983,-3.2327888393361714,-3.2989716972146574,-3.348712221743269,-3.213058405366327,-3.367024604971953,-3.330760805030682,-3.339059247363381,-3.3390592465361846
-3.2795153147278233,-3.437543120912151,-3.308262354045753,-3.3252896468088347,-3.2358257774698904,-3.3052268528001187,-3.361083897967719,-3.2186094264884524,-3.378700513308018,-3.3451618527262568,-3.3573861629887936,-3.357386162059338
-3.3518175867959217,-3.4629905049067737,-3.3244665483634415,-3.3420820627433474,-3.257490868032521,-3.320462531112508,-3.3820885872372117,-3.2409712814234366,-3.3955381704213057,-3.3628094649350304,-3.37659754208866,-3.37659754143351
-3.3482102049460885,-3.452587564119977,-3.3412171539455127,-3.355317181144076,-3.2421084139482104,-3.317805823406255,-3.373513671396016,-3.2329851081347574,-3.3804467285531947,-3.3538346376501105,-3.364393375236091,-3.3643933741873266
-3.289537987001342,-3.366599370072474,-3.3673374377821887,-3.3762953408387233,-3.269350129012656,-3.3369186509183484,-3.390693483156716,-3.24747368313957,-3.385336312431373,-3.36111968909635,-3.3763139852104347,-3.3763139840852725
-3.3132541214711018,-3.4055100004481513,-3.388560376980969,-3.3981945870999817,-3.2911060488813897,-3.354375922268941,-3.3977504106008505,-3.2548014004236734,-3.401309060252242,-3.377995883622931,-3.3819409577489097,-3.381940957428222
-3.355374465362552,-3.428951521535119,-3.400354407789565,-3.4091261693665875,-3.3128662268488815,-3.3772348693552603,-3.4035398880831216,-3.2705911253068747,-3.417993403819856,-3.3951427343943825,-3.402256023191407,-3.402256023061272
-3.3594764257353655,-3.4885272147512514,-3.422921122918032,-3.430953445350261,-3.337625540689433,-3.3987315769561492,-3.4203595032335175,-3.304815965399126,-3.4342583715987174,-3.411912794841336,-3.4204111937191026,-3.4204111937776576
-3.3881438616935986,-3.4846985544240274,-3.4228574932476823,-3.424592875350529,-3.3560691682759236,-3.400589992469908,-3.4255406982705794,-3.3276220128115788,-3.4471657979324988,-3.4245525087354656,-3.4318009337276303,-3.43180093425916
-3.350937891781969,-3.4029497249798424,-3.3962055841252763,-3.4081055539862124,-3.328979893935188,-3.384523282922655,-3.385431173097735,-3.3011533000313675,-3.45841253411426,-3.4367237529962424,-3.4245991559939943,-3.424599157065425
-3.3011518618431,-3.3564651542717105,-3.3852679803959496,-3.406010958879826,-3.321805953024044,-3.3830895269455796,-3.3706000123234663,-3.2934619636823412,-3.466685184299321,-3.4465408471165175,-3.441138539248727,-3.441138540249082
-3.331407937626936,-3.4128806325309413,-3.358921018396784,-3.388204598774463,-3.2501760339436383,-3.356501819800528,-3.329769930376622,-3.2367990148249577,-3.4376662847927415,-3.406045330402006,-3.4136941658015783,-3.4136941662232374
-3.279324702049203,-3.2946195379238845,-3.3321765025703396,-3.3718954804194983,-3.259314936272178,-3.353570052497632,-3.310537611395388,-3.2498656686416476,-3.453521361021103,-3.422743083508794,-3.427351492019458,-3.427351492669218
-3.288717002662641,-3.38328415978194,-3.344343723210925,-3.3995331436933434,-3.287316737952545,-3.3566957802954622,-3.324657218592222,-3.272557653107991,-3.4711062896494296,-3.461210472669389,-3.462997991015759,-3.462997992516659
-3.3129437135684556,-3.4658963370062428,-3.3559969132338523,-3.4183397185271724,-3.2945388118231484,-3.368693614978482,-3.3429472938411586,-3.3033603640805413,-3.4497811676102432,-3.447759707653095,-3.457920496616186,-3.4579204973824
-3.2223963577415127,-3.3626614771963514,-3.3401179493544615,-3.398754969908933,-3.2862541113772017,-3.340208712629683,-3.3329388307581063,-3.2946855588151074,-3.418382890896796,-3.427642174132204,-3.4387351409132734,-3.4387351405671316
-3.2708694113287367,-3.458754904537292,-3.3453233442459296,-3.402831044192572,-3.330223804332107,-3.3533904301779853,-3.357845669011466,-3.326271639562293,-3.4306960212190507,-3.4409333015317127,-3.460243477831261,-3.4602434774540076
-3.241205754460734,-3.440063179304153,-3.3580089089822662,-3.4168777517033733,-3.347475853019424,-3.3697110761469347,-3.375976867087099,-3.347591670187736,-3.44344690494492,-3.453637836459684,-3.473122992284954,-3.473122992074341
-3.2040763887109436,-3.385427866187926,-3.35648866090694,-3.411638553352711,-3.359470139869077,-3.3834214119524484,-3.395503794035572,-3.3412196965511196,-3.4523696450744397,-3.462440827981123,-3.4700218968232504,-3.47002189725744
-3.2993233663730357,-3.496542414302322,-3.363703317255421,-3.434185320838751,-3.315692905014793,-3.374690935117916,-3.3589462135984838,-3.389887005120332,-3.4613841247408086,-3.475407293841168,-3.458913630539676,-3.4589136312915834
-3.280798090617713,-3.45380878710951,-3.376773298327901,-3.4622019014451713,-3.3429515784481723,-3.3974567697794233,-3.370739841362421,-3.413888544635891,-3.475346252050845,-3.4896544829797134,-3.4805609401063755,-3.4805609408013316
-3.4061064551533278,-3.533097242168981,-3.3961267945915368,-3.49206157262863,-3.348581470593767,-3.411602801649253,-3.367531634240189,-3.408456890247898,-3.4901887165452066,-3.504612759394269,-3.4923055410858694,-3.4923055424131997
-3.405915045085812,-3.544978644331912,-3.4263650941935366,-3.5264694433021857,-3.3638808494538877,-3.430863455758359,-3.3798434075161348,-3.4207142333295497,-3.501500139644614,-3.515933192584065,-3.5098973598199787,-3.509897361171264
-3.310431002717932,-3.4356317287159155,-3.406180588519382,-3.5025365424818222,-3.378159858258617,-3.402650706896998,-3.3783143759544867,-3.420597454911369,-3.501244935249806,-3.5210339431808664,-3.5121727218404484,-3.512172723613442
-3.3742095882008507,-3.4910735976030876,-3.3849445016895694,-3.4858811518116264,-3.38673451131383,-3.39947669997256,-3.3815445332862186,-3.4210066454441734,-3.5163018345950325,-3.5356041350381187,-3.518779363685789,-3.5187793659244537
-3.3689933140864543,-3.544344307828096,-3.3405592896158045,-3.450514111099303,-3.2781082918520985,-3.353277273910641,-3.326437395425755,-3.3256590647883733,-3.477648932319437,-3.4938401805087778,-3.4911533246862803,-3.491153325703798
-3.426890366001623,-3.6055144614263988,-3.353112688023348,-3.454873351322738,-3.249152373596442,-3.329200702763109,-3.349869388536904,-3.321473886073487,-3.4366517622744914,-3.4582748178768266,-3.4458034717123596,-3.4458034719477286
-3.397831047226624,-3.5693208912460497,-3.369950336154117,-3.4592618308811316,-3.2774683163069165,-3.338298478300054,-3.3776167978605764,-3.3524880603378198,-3.439219287717093,-3.4630224721353264,-3.451037444253092,-3.451037444727139
-3.3818020866156435,-3.5214516808015555,-3.345238839106156,-3.4215957800695573,-3.2791150158681868,-3.330062989596213,-3.369588600338009,-3.34933651975725,-3.439356412641549,-3.4667922457072917,-3.4619488338524924,-3.461948833776173
-3.3891480794259037,-3.4801731432738525,-3.356897033504485,-3.4350006424059583,-3.2969235027529598,-3.338278452784098,-3.392031957029475,-3.382247953895489,-3.4543378631519763,-3.480547846586541,-3.4653788354010864,-3.4653788359840387
-3.394394420880011,-3.4733804418828997,-3.3601753247062844,-3.4410747117408365,-3.2967256003028123,-3.337356851062013,-3.374109632097621,-3.38064658507109,-3.470166868936326,-3.4949910455221547,-3.4772252683911287,-3.477225269464866
-3.2974739566915603,-3.3558752776712164,-3.3460208021332054,-3.4199536209746233,-3.2649143127174947,-3.330772861643138,-3.3581870216729155,-3.2824001549125312,-3.4708469345043107,-3.4967219768773576,-3.444295155151689,-3.4442951575917187
-3.3506726919577674,-3.4815358706243593,-3.3728346299670022,-3.43439922127516,-3.240255254519914,-3.324416795666637,-3.347349816823957,-3.3033871653843474,-3.4557476438731793,-3.4816825780230825,-3.42158464990459,-3.4215846524649223
-3.186594857037597,-3.2698660771104104,-3.1990479219501404,-3.278746840865434,-3.1339671378329985,-3.2240903886735497,-3.22225892853204,-3.16149492217667,-3.4399120923709514,-3.4713023849310414,-3.3733869242815495,-3.3733869265705967
-3.1337607908379663,-3.1998769063336017,-3.167781963218985,-3.260874894146439,-3.18085355788833,-3.2423775847671754,-3.242720309863349,-3.225974990727595,-3.553933241905559,-3.5617117036616186,-3.451066003178917,-3.451066008711458
-3.1267805025680326,-3.318878748058563,-3.1167117052669817,-3.2199739030898367,-3.201587348621869,-3.2403869966534122,-3.2613764724215906,-3.23014170787898,-3.567238004161046,-3.572853437119748,-3.4666383271117356,-3.4666383327563657
-3.09905500669711,-3.2764599267590455,-3.0935230310887136,-3.204418990933523,-3.205650213994671,-3.2264011463892985,-3.262130571077454,-3.2315158757544333,-3.565676964865074,-3.5729904861199557,-3.4706428971319285,-3.470642902761426
-3.1257842819686625,-3.3464815949354145,-3.08180829564189,-3.1936431102716982,-3.2223604572988194,-3.2268037617162943,-3.2797927418149353,-3.246185784214902,-3.579368590554161,-3.584338211060902,-3.4907577658220226,-3.4907577716080147
-3.1181715028831265,-3.2886208322369996,-3.0979340457843754,-3.205699919980061,-3.223346924180808,-3.2354494946062644,-3.302538621754588,-3.2505317222259764,-3.565280823113173,-3.5717904757655825,-3.489840649738951,-3.4898406552048002
-3.0929537752428553,-3.244902680574782,-3.040565849621091,-3.1478558261692626,-3.166882838499582,-3.1947286228489635,-3.249750721860234,-3.189481344338219,-3.531274229695744,-3.548627609420332,-3.4736666083761176,-3.473666612244074
-3.1884275776514035,-3.334416668233922,-3.0397033763204795,-3.162335190292531,-3.1855728316370646,-3.1984504864924714,-3.2619155788242935,-3.2224416685247017,-1.988306680238992,-0.7477622967451096,-3.4704109040894373,-3.4704109086443724
-3.117281821518637,-3.178938867411079,-2.9635005504207514,-3.062557757500886,-3.048769451088705,-3.109293407775097,-3.0412452437535573,-3.0930463144654072,-3.4640663540672265,-3.4978082251836717,-3.399180851330741,-3.3991808555485004
-3.172373178784757,-3.138869604542959,-2.9774344824001377,-3.0985616321899547,-3.0861797795395023,-3.11915302439955,-3.0321037744725103,-3.086902491956014,-3.466005151367597,-3.4972322898389914,-3.375203866577408,-3.3752038719940973
-3.156001512782874,-3.2255183814759887,-2.9379880359061272,-3.0787849047787326,-3.0768340220754715,-3.073293062975759,-3.0070332322164015,-3.0781711241533554,-3.460402706162979,-3.4938439961569046,-3.373826627967284,-3.373826633082848
-3.1712668305332876,-3.260618121340645,-2.9526716464538376,-3.12110531532758,-3.0926382235588554,-3.0612231795495832,-3.014742210709139,-3.1084917417190656,-3.465636820402084,-3.4520647952318653,-3.3832670733038883,-3.383267078433057
-3.0674160249864957,-3.227722339331095,-2.9390219773953525,-3.1320510585271304,-2.937119132859279,-2.984200728473129,-2.932726617897126,-3.0009089707708205,-3.365971400581932,-3.3967890187788194,-3.331205585504904,-3.3312055886780847
-3.215979343651605,-3.4240101880817204,-2.936133411072176,-3.120392872529596,-2.9726271638235535,-2.990027059378889,-2.9624699224492095,-3.0741640250104525,-3.3639961522128328,-3.3938370887546654,-3.3474067702211525,-3.347406773266003
-3.0142739030013836,-3.354208651829856,-2.9473440190090896,-3.125454833938919,-3.0092410264891845,-2.993004180070561,-2.9983804793336515,-3.1334250245340205,-3.3749760232729162,-3.4017475082031554,-3.3702721112582164,-3.370272114260792
-3.0573622257305644,-3.3365144423066724,-2.9554705119601548,-3.1383403014567985,-2.9865141029044873,-2.9884114780371958,-3.0024993837399925,-3.1378335785653046,-3.366316642556605,-3.3899585313255653,-3.370960661527171,-3.3709606641230203
-3.147020855286675,10.011762312482901,-2.972707102296856,-3.14840441850287,-3.0148052934391787,-3.000938154012761,-3.0396786547403476,-3.16143865142455,1.4691458439062646,2.987600307843549,3.1026132748483963,3.1026134743230207
-3.057558272031897,-3.366483090019869,-2.91311590591322,-3.0717941184945996,-2.8303103773419687,-2.909260841181689,-2.914461957493515,-2.9571766032085938,-3.212732165441089,-3.2707105262785268,-3.271671419502969,-3.2716714166357126
-3.0178619800220807,-3.3384786731889884,-2.9076852787150393,-3.0522496716828313,-2.8794322897718434,-2.916393498305065,-2.9370085975301947,-3.023946610294738,-3.231336827715228,-3.2833977980317535,-3.2859818081556753,-3.285981805756079
-3.0200394669110904,-3.2789081993199236,-2.9259412338285506,-3.062530731006812,-2.9082026513988053,-2.9324417457718024,-2.9563041250563047,-3.0825608501641137,-3.24552754055264,-3.2949172226136434,-3.3062912115711116,-3.3062912091579304
-2.947894000247505,-3.2038060784706133,-2.9384275524957104,-3.065827742482595,-2.916804590211769,-2.9145147599596424,-2.9547197296917824,-3.0532502337505445,-3.202012662456535,-3.254253672098998,-3.26311045901545,-3.2631104558687776
-3.0594788868167266,-3.334483187886155,-2.980667677689794,-3.107696725216597,-2.9706056662661635,-2.9372255771318336,-2.9988309786554295,-3.119489596779376,-3.2227009240355233,-3.270115257597851,-3.2859293230680695,-3.2859293201266677
-3.0670129447474452,-3.3696266077074695,-3.020902652986002,-3.138904656739089,-3.018337407780192,-2.960960730254273,-3.0540559773771534,-3.172885138154718,-3.2373265777540103,-3.2817213489119146,-3.309513730034336,-3.3095137270691577
-3.1392917519881482,-3.4112899230270135,-3.0313086721697906,-3.141006534179235,-3.028755946970154,-2.9418787187647224,-3.055805988061745,-3.1752940593502945,-3.245550850746245,-3.283869417404702,-3.308229829904783,-3.30822982752417
-3.1341226410624694,-3.3889019009084977,-3.054967595563706,-3.1661723726500277,-3.063278236646799,-2.958471251166864,-3.09701479380902,-3.2013873244485542,-3.266907655257746,-3.30143495414647,-3.331919808807416,-3.331919806566469
-3.1018271567860842,-3.3979016431576405,-3.0874239233308103,-3.199151759810281,-3.1114345070231035,-2.98782829320072,-3.1597312716259833,-3.2309118137820487,-3.2817089051450434,-3.3138672234787503,-3.3532767628062787,-3.353276760557176
-3.2059921479118287,-3.5095010505059565,-3.1057836273862005,-3.2122274122322287,-3.142315525550448,-3.02213997265942,-3.186341264094742,-3.2283892053049064,-3.2899006727817315,-3.3175574407945847,-3.3675682105257545,-3.367568208194061
-3.2266520467254294,-3.4264741060819084,-3.1196954992918524,-3.2200015543410108,-3.161710573218918,-3.0287593890523388,-3.19002233356902,-3.229550269996621,-3.3097967104303088,-3.333949126520268,-3.3598085845300245,-3.359808583524131
-3.1908522328178237,-3.314280026130243,-3.118182309789919,-3.1880008778474904,-3.0455019580219136,-2.9702032442377373,-3.093234606309381,-2.9958226924216884,-3.1821036766533384,-3.2176533605953113,-3.2054761108892746,-3.2054761076903397
-3.2789907248414094,-3.4638389468299025,-3.199590808218011,-3.2349236534063985,-3.1105352025118727,-3.0024624134844617,-3.1355558714360128,-3.069245695629982,-3.2019820447341507,-3.2324623566722437,-3.1948546478649327,-3.1948546454387303
-3.26083998632025,-3.3550940907460376,-3.2648882508318966,-3.279574769697123,-3.1739061679815967,-3.0503261610896493,-3.2093240303198867,-3.1141937353454696,-3.215558944794119,-3.2437234261324983,-3.22035155359582,-3.2203515511709506
-3.275834177434122,-3.3946537500584073,-3.32060502442696,-3.2854439111099634,-3.1430900195578557,-3.0532631174033744,-3.1816687762288822,-3.0394038308639035,-3.137064120052695,-3.166762986791481,-3.099019196327622,-3.09901919373601
-3.3334230687308772,-3.4735438606779914,-3.256993838856449,-3.2365593187423207,-3.1189408287870486,-3.01419257139943,-3.109714687166165,-2.972870735496018,-3.0909187512377443,-3.1250108994727377,-2.9784567605353978,-2.9784567589111965
-3.325972663796011,-3.597563331511818,-3.206864735887325,-3.2077275709238826,-3.1816597355059417,-3.0431798939950476,-3.1280479074818004,-2.9930450863295364,-3.09694327186259,-3.1280614899738453,-2.9999975602633864,-2.9999975587271273
-3.011338972408285,-3.371910475187341,-3.1011654434635565,-3.130593656966235,-3.0749896885569106,-3.001025330660475,-3.032785906933614,-2.958489106834456,-3.0322180630807645,-3.0627592218369397,-2.894489580416379,-2.894489579675696
-2.9255687024413164,-3.335695243382933,-3.058823147525715,-3.0946250230943733,-3.090886853990243,-3.016385341409412,-3.032150760430532,-2.9988030004645214,-3.017781441310149,-3.0462972119644,-2.8977999332536255,-2.8977999325435153
-3.086693771915365,-3.4880413368607854,-3.048012369938713,-3.0726993376864544,-3.05499467971432,-2.9980855633072037,-2.9926815430660616,-2.9721171006625595,-2.979589047472711,-3.0072870949753536,-2.8491288374479993,-2.8491288367871506
-3.0722902566478707,-0.6038562271029191,-3.058367368204962,-3.0866404798183247,-3.1165770902077448,-3.0336461904804386,-3.03366588224843,-2.995019792105765,-3.003796579133271,-3.027912727083244,-2.886061362175175,-2.886061361612608
-3.0443571597955232,-3.3930403984185853,-3.051613954652864,-3.0900587243563304,-2.997598101402761,-2.9816996008857086,-2.9749969531758884,-2.986240796238621,-2.9853028299829765,-3.010780155169839,-2.880989724806436,-2.880989723954332
-3.0779000878940455,-3.3847453949958886,-3.087758321416851,-3.1183472767774614,-3.0657935769234532,-3.009992786093294,-3.032380480159177,-3.0090273789232715,-3.008112500174919,-3.0307803897127332,-2.917576984134302,-2.917576983392665
-3.1122698563589744,-3.439026181271009,-3.1297528813298334,-3.160338157664273,-3.1204331477592113,-3.0458618233801547,-3.080026172392121,-3.025135031152668,-3.0334275334451797,-3.0527466584928993,-2.9490406638609556,-2.949040663680508
-3.148958828284139,-3.3115500512281506,-3.15341920858775,-3.198384145479271,-3.165409549098432,-3.040430344084648,-3.077497917671643,-3.069476226711632,-3.053183561122113,-3.072522331073631,-2.9813554431173017,-2.9813554433093525
31.00724004837847,35.97998221812961,8.836461934249588,15.685912382945691,8.278970553330371,-1.374962001307238,0.492718825654602,-0.5678738299858295,-0.4073670300232686,1.3388740208048682,-2.964870848871028,-2.964870849588902
-3.326291282601194,-3.3759539282861355,-3.006234914781556,-3.1213279558823546,-2.790731077293282,-2.826534436235277,-2.8064586634762847,-2.9176097162746464,-2.9292998482115173,-2.9470372618799074,-2.8553580499976885,-2.8553580491709227
-3.3223105829844037,-3.3751956391238553,-3.0082625549743134,-3.101892896131457,-2.835002164140377,-2.822469791057845,-2.812234358568414,-2.9010143499656955,-2.921259492548587,-2.9369330357391634,-2.8625924726058516,-2.8625924716078313
-3.306870906686014,-3.3645560180400107,-3.0096969029344662,-3.088430500152133,-2.8788828228337504,-2.8149592337796143,-2.842490449287589,-2.913360153405166,-2.9380780324872804,-2.9485165120863472,-2.885428241365287,-2.885428240817071
-3.3096164799785797,-3.3766874271585636,-3.0309817452770247,-3.10122606018986,-2.931179886685663,-2.8480140018834113,-2.8660840366419342,-2.944335657005176,-2.946736994556533,-2.9511958381914907,-2.881776312031051,-2.8817763123178297
-3.3161326928890618,-3.3830929041825666,-2.9871017879759196,-3.0817094818542246,-2.930123576241018,-2.8234698268212366,-2.8620121047302702,-2.9228444996502327,-2.9503374168329226,-2.954832250399705,-2.890084830970924,-2.8900848311663943
-3.3248025849640648,-3.389499807547185,-2.9841414328483378,-3.0965595841968616,-2.9159824460287567,-2.82306250225704,-2.8578904570138683,-2.913230192041233,-2.9662544810646603,-2.9675460061775545,-2.8926800872284217,-2.89268008805131
-3.315636976788372,-3.3832050273859964,-2.935468197749045,-3.051276189749297,-2.9744319948425737,-2.8374419498951338,-2.9014900252514573,-2.941223951226703,-2.983793660159127,-2.9839232330443632,-2.9266773573172022,-2.9266773585780195
-3.3089286816532977,-3.3732669657855965,-2.8887137689619533,-3.0231860502649006,-3.0156691616303952,-2.8550920779243847,-2.9533813433430027,-2.9651621526955605,-3.0026398140313364,-3.000997346004185,-2.9611950902395883,-2.9611950914854095
-3.3074474315212483,-3.3748861187093304,-2.861551343123099,-2.9776021443074256,-3.063715056423812,-2.8874046936666677,-2.9905043921849903,-2.987383568217385,-2.9761189036867846,-2.9740936612495275,-2.8937839960683367,-2.8937839978574926
-3.3192340587591755,-3.382029039791349,-2.8580405140707406,-2.973224896040519,-3.1227781316860073,-2.9390975110196025,-3.0665868146341797,-3.023160907978707,-2.99442593994649,-2.990430805352443,-2.9316733568916673,-2.9316733585952357
24.178188994316013,29.914117567089477,-2.880326510520102,-2.9906767146048834,7.811429222529796,-3.000535764896119,5.501799917958277,-3.0433959443233647,-3.0167022085255897,-3.0103314568451305,-2.9713794982411663,-2.9713794999071412
-3.3123762186591814,-3.3417691265495852,-2.9051636811338466,-2.984581603273285,-2.8363626551619854,-2.8824997225436544,-2.8846951848489937,-3.0968311929554746,-2.891866266172233,-2.8928840609578477,-2.7526812432316348,-2.7526812449009244
-3.3058801411934957,-3.3300081707347466,-2.9063410943920083,-2.957908293965007,-2.9284491116294373,-2.9232408995272614,-2.943856603679562,-3.1710546598148857,-2.9030323095352752,-2.9032022484341877,-2.789079950405471,-2.7890799519372074
-3.3036519543969316,-3.322197850277659,-2.9303108484973746,-2.960002855045307,-3.0035821219941177,-2.9765272361790216,-3.0135940350402217,-3.204956528085365,-2.92762625502088,-2.924822248874922,-2.831932943568841,-2.831932945129793
-3.310322423874634,-3.326253697002346,-2.9741823818350097,-2.9827625252207293,-3.0727180102982956,-3.0424933557828204,-3.0899543616707423,-3.273441381494402,-2.948300192870318,-2.9432570966986518,-2.8714540588696806,-2.8714540604972676
-3.297535713104981,-3.3151768000869595,-2.9793522536324075,-2.976461059852244,-3.01775004583588,-3.021701180340016,-3.057931418254393,-3.3419525709931337,-2.9376502123386623,-2.931588590813411,-2.8561749081839483,-2.856174909768658
-3.30216100575745,-3.318723732299679,-3.007831565252189,-2.997227849770808,-3.090774964874867,-3.064148946445938,-3.1271878687007035,-3.415459866226275,-2.9583339066874195,-2.9501002013556588,-2.8982695841051482,-2.8982695856806426
5.020344427645755,6.668646948495686,-3.0497491565990793,-3.026921121562041,-3.130851288284545,-3.1032395013394365,-3.1746327884721186,17.707104844616417,-2.9647349226970325,-2.956213264781267,-2.9252915106244437,-2.9252915120001868
-3.289506766297922,-3.3051173088401655,-3.0283403253971612,-3.0107046518480067,-2.90563420855341,-2.975252698701361,-2.9855306315972543,-3.437846916202067,-2.8930729841924405,-2.8899012562968656,-2.8275557728654297,-2.8275557736992614
-3.2849051568772185,-3.2992694912387286,-3.0264490557823356,-3.003827020353663,-2.988643242855497,-2.9910842364021946,-3.0217218588716537,-3.4689719203189866,-2.9008177596496827,-2.8964154568833713,-2.8410605325422678,-2.8410605334301797
-3.292037989564427,-3.309575455662579,-3.0488513934521544,-3.030566601573688,-3.0684784499446036,-3.0216668465178578,-3.0773590748564983,-3.4948284930381823,-2.9211232627611485,-2.913753393008805,-2.8750843831512825,-2.875084384265784
-3.302639672195796,-3.3196159692193885,-3.0867122376834977,-3.070711342190883,-3.1395468877978723,-3.0634729146652857,-3.1463607735091927,-3.5256990043153595,-2.9411601377565932,-2.9327182453196374,-2.9191650195433585,-2.9191650205988253
-3.31543403965523,-3.330617564122495,-3.128503769009509,-3.1096931782860033,-3.1809221198077506,-3.1020256238172887,-3.1914316508247094,-3.505002566413872,-2.9574151871722343,-2.9475329703005846,-2.950332572912039,-2.9503325739310213
-3.323512148598928,-3.3369852822009167,-3.172441322395688,-3.153395425287232,-3.229173676296177,-3.1480751325555882,-3.239041708103897,-3.524416764665857,-2.9813568447419425,-2.969552549846527,-2.991387586408475,-2.9913875874540525
-3.335302547753658,-3.3496122848833068,-3.2135010117683884,-3.1918810524374104,-3.271648225219554,-3.198996664844804,-3.278980570691934,-3.5419284840902443,-2.9987845681444747,-2.985650701522917,-3.025709920983447,-3.0257099220439043
-3.3468292577794743,-3.3633552713156822,-3.2475493347191677,-3.224730660830028,-3.3220286371058654,-3.2553428335423558,-3.307802199118044,-3.554546806014664,-3.0171474734425106,-3.0022812564886614,-3.0517990594137343,-3.05179906063793
-3.3531685092587846,-3.3730746801683216,-3.2376167440421977,-3.210387968472383,-3.2650011828805634,-3.242795282144932,-3.265616370319515,-3.514245557709401,-2.978383785068338,-2.9684154396900935,-3.0113520840360026,-3.011352084594456
-3.348687014801584,-3.3701272760882994,-3.2436590261993103,-3.2227261591731207,-3.3324892375258717,-3.2816592791554258,-3.3021378031118447,-3.5565996262040795,-3.0020331706046157,-2.990268858450328,-3.048178778316654,-3.048178779051348
