lstm_normal,lstm_student,gru_normal,gru_student,bekk_lstm_scalar,bekk_lstm_vector,bekk_lstm_mix,neural_bekk_asym_diag,bekk_symmetric,bekk_asymmetric,dcc,adcc
-2.8740456922086652,-2.8640103112651936,-2.7984882415303796,-2.7630359922827856,-3.0061565848140734,-2.9042799358177644,-2.9435129493970256,-2.849468441142248,-2.8210216607903087,-2.796680735341916,-2.8565428335262615,-2.856542828757517
-2.8597483810319155,-2.844216472626032,-2.8160517435568972,-2.771053420818426,-2.9988214531906343,-2.920444233023362,-2.9217841333199734,-2.8575929787553287,-2.825788055265052,-2.8020791434070067,-2.8723034227337885,-2.872303417780596
-2.906348578001647,-2.8836972098545237,-2.820519950197988,-2.7755324153249603,-2.944032265431023,-2.8747423924262754,-2.879758318191585,-2.8489982201415938,-2.8296236266106214,-2.8055498825854563,-2.8672260318984573,-2.8672260270179026
-2.876091251235896,-2.879484483314296,-2.820764465146152,-2.787043815368791,-2.933977175180763,-2.860555957996229,-2.82338516989939,-2.8633734483125806,-2.8347657444200243,-2.8130565974228454,-2.8861432632792177,-2.8861432582606867
-2.8873072512798537,-2.8828484584395264,-2.8182802459043,-2.784708972151961,-2.9117023753625206,-2.8376433573817827,-2.7834213164911215,-2.7975616420945872,-2.8205657195314178,-2.8010688101309493,-2.8623706249295813,-2.862370619407901
-2.837652260177315,-2.834443565606996,-2.8177046297924377,-2.804427286267887,-2.868864644123839,-2.8182573469696246,-2.7349245102746202,-2.780775813424542,-2.80791102163015,-2.784518720286146,-2.847485330842143,-2.8474853252678423
-2.7592176622769062,-2.771485336753949,-2.817787331538189,-2.807072555281701,-2.8951058977440676,-2.845319998854448,-2.761218774447068,-2.803906385943,-2.8244114025992437,-2.800231992899089,-2.8725766603547456,-2.872576654930312
-2.7956418257536857,-2.786501713698676,-2.8000048047421693,-2.77977537250478,-2.903558396532665,-2.8347135365353178,-2.761773769064217,-2.7750166822176388,-2.8311228879009884,-2.8060504587378374,-2.841253718759831,-2.8412537149495645
-2.785688728420058,-2.7639567989236316,-2.7920392746932254,-2.7610007662615037,-2.9053075453658472,-2.8217308206248957,-2.7519809519862855,-2.7719445705859407,-2.8342636845040774,-2.8095870889319996,-2.8536034566670128,-2.8536034528370897
-2.7763721360478506,-2.7422416071983813,-2.7592260843424827,-2.729294277109234,-2.8670724611251917,-2.7897982646651043,-2.703028124184239,-2.69557392885262,-2.816802996849286,-2.7939148276317765,-2.8124346056012,-2.812434602158652
-2.7074329718766013,-2.6688107710406253,-2.742413988149715,-2.7281480550695436,-2.8477245678943106,-2.718563129635697,-2.661631195526273,-2.683667367819405,-2.8078442352641475,-2.785399647328846,-2.78291960158264,-2.782919598105694
-2.76405337991135,-2.7317354204452937,-2.762553047289325,-2.753703291756244,-2.931735462332309,-2.7506519276958237,-2.7228129718622505,-2.718083938433397,-2.815733469165826,-2.7932601128199908,-2.807130846377879,-2.807130842741377
-2.7520816251638904,-2.7049677024824974,-2.7870031302883307,-2.7806178846818947,-2.9688538555012913,-2.7678469585135446,-2.757696450089211,-2.75088863109763,-2.7999714388654895,-2.781791966718017,-2.8119669915504764,-2.811966987379508
-2.7849043932907014,-2.729909499307961,-2.809050836325767,-2.8019975412572116,-3.005057133591733,-2.79296363056202,-2.7931685092379093,-2.7806927687733554,-2.803008409595106,-2.7861020317214713,-2.8322598347689927,-2.832259830230728
-2.7433126106149546,-2.7107669978157976,-2.7701976264276014,-2.788294073054639,-2.975089898548804,-2.7597086367161703,-2.7789455916426355,-2.7916653019504167,-2.813570208707793,-2.798346657995681,-2.841557792100558,-2.841557787811194
-2.8544805415733188,-2.8689783135048534,-2.7759146072056975,-2.7896073172226017,-3.013429280227091,-2.843155852101418,-2.816217008060585,-2.850271846227268,-2.8336955641516632,-2.8169235165251774,-2.871999550987082,-2.8719995466725203
-2.792970341658288,-2.8024142645251624,-2.7686482822726624,-2.781514268995105,-2.9876380600415144,-2.839622927930308,-2.799926601604149,-2.8511778129925487,-2.8465027568177104,-2.8304399714826602,-2.880480796040887,-2.880480792242
-2.8426010336963117,-2.8330075190087407,-2.7704670378504317,-2.7771953099460287,-2.968598919760153,-2.834390736018928,-2.8076429384773336,-2.8712836346990342,-2.865497154995594,-2.847994630686951,-2.9120231375969343,-2.9120231336970943
-2.8945054032418716,-2.884882520556125,-2.7888998903799567,-2.787921111176575,-2.956453107776698,-2.866237523497883,-2.832295235492377,-2.886759753396751,-2.8753666808737206,-2.857507284606431,-2.9339762374684466,-2.9339762333762143
-2.8914421343218764,-2.8959275506717677,-2.7846956436872623,-2.7854753434867097,-2.941517901314605,-2.8720809888226255,-2.831081471425729,-2.8797434526734595,-2.8934679621260426,-2.874028913398529,-2.939737525529288,-2.9397375220200566
-2.8516941111124368,-2.8477194448067578,-2.775157850184193,-2.7687552209839965,-2.832090543421332,-2.831612899232606,-2.769904402335559,-2.834483902614801,-2.8745412997997133,-2.858819279526946,-2.939100318561508,-2.9391003143046106
-2.7750445851024432,-2.8115695362431903,-2.686202484115625,-2.6885006380318464,-2.664648419175247,-2.719593861164359,-2.6451689111928083,-2.6442089083023745,-2.815715300346036,-2.805254108242438,-2.8169883165877616,-2.8169883123805253
-2.7144885709566404,-2.7320743375914027,-2.6540801877208433,-2.664901252745797,-2.6256898120095715,-2.6989461563268766,-2.6053540700800593,-2.629102600214246,-2.784570050539973,-2.7793961133992893,-2.7957432499493406,-2.795743245315623
-2.6084843959522597,-2.6780080526526886,-2.5988698963363817,-2.605568713690948,-2.6450227995750497,-2.6540411173575267,-2.5779259908395478,-2.5857483023702965,-2.7849890878503136,-2.7772781233786694,-2.738320000443955,-2.7383199973994667
-2.6352005174776787,-2.735155498168982,-2.5903009834339508,-2.594750845587643,-2.6748439293752106,-2.633420104100815,-2.581453224718305,-2.5815720556280537,-2.777111951247471,-2.7699782664312487,-2.738647895774024,-2.738647892387684
-2.634063649045114,-2.6861232366107712,-2.5524340667505947,-2.537583843224705,-2.543631926343395,-2.4746120211158122,-2.4490654936695457,-2.529383051322847,-2.768100437634111,-2.757429159556063,-2.6212082101427727,-2.621208209429416
-2.6451016795402102,-2.71473916930706,-2.5597509938506335,-2.5487560549977504,-2.59116455631653,-2.4894760501966564,-2.483599042466423,-2.556975780377466,-2.782868628283043,-2.7710783152607683,-2.645953634586113,-2.6459536337086305
-2.6471310907677226,-2.6982169646687257,-2.5588570670666364,-2.5566441141825798,-2.603709795231547,-2.5073651877875567,-2.512807662736138,-2.5829837778132028,-2.7988376486415385,-2.785632449722269,-2.666252622991325,-2.66625262211233
-2.548050421629757,-2.5733567159621407,-2.529389291632535,-2.5297130110703794,-2.636574825870929,-2.486954979328476,-2.5054517328036985,-2.585049735684406,-2.8147609297991525,-2.800115054713385,-2.6410522295197776,-2.6410522298758803
-2.5817278438228084,-2.56227017419448,-2.533015835513045,-2.543018688499556,-2.70676282148562,-2.5048831271614524,-2.5468013544312478,-2.6047522614625698,-2.8076655460845914,-2.796987148535038,-2.657480750296345,-2.6574807503283533
-2.5069188949725234,-2.5579784273308923,-2.554667847986265,-2.572282267979181,-2.717529194596761,-2.5049004380241873,-2.5501084080658756,-2.5717791525946847,-2.7790431518094025,-2.769663815637707,-2.6391605180453683,-2.6391605175193256
-2.664048275997998,-2.6704169676814518,-2.5646891785496226,-2.5826035548818527,-2.7504700849204275,-2.536750131549984,-2.59108743652934,-2.5821453581152998,-2.7902761347197016,-2.7793459528660285,-2.6581074370981534,-2.6581074363078048
-2.6106704703694383,-2.6045173143891485,-2.574127160091049,-2.591694648985673,-2.7569922794005364,-2.5354191196039975,-2.6066273118543757,-2.587314072287998,-2.8004527498544776,-2.787439297667432,-2.6633212982093237,-2.663321297346179
-2.6203730816861643,-2.636395473649592,-2.585366930913965,-2.6001477495761285,-2.7727021808100587,-2.5756131932721322,-2.6317427751751667,-2.610643693420545,-2.8093916899331846,-2.796469759118965,-2.6904263296928055,-2.6904263284857857
-2.6610952180077354,-2.6526523732682374,-2.581851659320446,-2.600981569199628,-2.7679086631103544,-2.583959538693065,-2.6590502279529886,-2.6329558459225337,-2.824516495323455,-2.809943692405848,-2.7123663730132317,-2.712366371732481
-2.634306430374761,-2.591582851954918,-2.59563305820863,-2.6105230068670298,-2.7286093814834596,-2.607389086040047,-2.6650560514416872,-2.641969367233285,-2.824058783397255,-2.8060454215534616,-2.7311894477885645,-2.7311894460994792
-2.6145393326434845,-2.6104320170453263,-2.606274076332576,-2.6187422201745294,-2.7205160845264875,-2.6281664671285534,-2.6978530936961094,-2.657852237127882,-2.7978425870259853,-2.7846084826148436,-2.7409496799420405,-2.7409496773793665
-2.662135294704848,-2.6028201653990095,-2.608061672207604,-2.626708621062646,-2.7183668417669193,-2.6390656634548226,-2.6938964062027835,-2.673720732183404,-2.8031810131556107,-2.7917786453694275,-2.749614205413866,-2.7496142030441413
-2.626236150886987,-2.596956853881777,-2.5993935995379465,-2.6160727904685683,-2.7614229334051337,-2.6662643112239213,-2.7368853796351416,-2.6989302355180667,-2.810758946843625,-2.8000858038577356,-2.774473201206148,-2.7744731983357465
-2.5728956699921604,-2.529720189168597,-2.6103142874588228,-2.627557903949372,-2.775571880919465,-2.694673436459253,-2.7850255082999187,-2.7167271198238825,-2.8255386596107686,-2.8135050211572814,-2.7936329342875337,-2.7936329312678416
-2.696129905062328,-2.652270742662313,-2.6326087073549203,-2.653865003191177,-2.792816813319234,-2.707752874529487,-2.7709465822578054,-2.6727004921886977,-2.7973246739579856,-2.7858408155474277,-2.7618417083896984,-2.761841704925037
-2.7701119201216096,-2.708148788083821,-2.626036021424472,-2.647403884587831,-2.8033574822082925,-2.719036614201302,-2.7736848891990302,-2.6613030212224267,-2.7992744390348054,-2.7872595409796888,-2.763265066492099,-2.7632650628345683
-2.833910773627741,-2.7993778525147364,-2.6143442322917405,-2.635608588410513,-2.867693107216954,-2.7508918678267538,-2.8327859419970194,-2.6872400371713843,-2.813419546922974,-2.8008040547160222,-2.7888537351410334,-2.788853731194002
-2.7585423914784952,-2.732415535477029,-2.6297455458249592,-2.6521485024613627,-2.9171670504308636,-2.8089023394109507,-2.8886923591274063,-2.7235563577387207,-2.8272088092782184,-2.813504198977596,-2.8158895724897897,-2.815889568333063
-2.717704545167262,-2.66892257073858,-2.6167585465171808,-2.6396107896926972,-2.8752352370939604,-2.7738759168880387,-2.8717574711136735,-2.741149975687199,-2.833324136075988,-2.8181802389635355,-2.800113112216606,-2.800113108422764
-2.736188401919501,-2.684292091057106,-2.6272237483459966,-2.6367178861902296,-2.888905254695304,-2.7700073222077797,-2.8765198367546225,-2.747750796419709,-2.8419896955146,-2.8258225838725766,-2.800142608458404,-2.8001426051657887
-2.6854423641310423,-2.629915161857537,-2.642462318350478,-2.6356572028322045,-2.8850616388465404,-2.77973652125241,-2.8705500960593096,-2.7530899695508695,-2.8456959742590238,-2.8296648481890854,-2.8090987642482155,-2.8090987608548326
-2.7707910985788553,-2.69757312629981,-2.644332424761191,-2.6321942370701565,-2.914766250374187,-2.8035160861693185,-2.886072487609018,-2.7760856329960806,-2.8402523856463286,-2.8251880645052405,-2.8162580726542656,-2.816258068873345
-2.7639988863361356,-2.708135739711131,-2.650054151163038,-2.6432650358487075,-2.9484569173452337,-2.8470158640920222,-2.8973988254567997,-2.790628791626136,-2.8552573592590393,-2.8391209211192683,-2.8312325348927962,-2.831232531266573
-2.76920822362895,-2.7071676696428226,-2.666264784344216,-2.650598242373385,-2.9823202281898955,-2.890242789085995,-2.9131326624419147,-2.81421913794886,-2.8708408628695015,-2.853805644363746,-2.8544874175282753,-2.854487413926038
-2.816367159317531,-2.767197330201679,-2.677438951553358,-2.6567363639075783,-2.9923591318346565,-2.9150818852680946,-2.9010875544502635,-2.834563536091384,-2.8848239911901685,-2.8673702891722823,-2.8752791213503457,-2.875279117386081
-2.778856420856976,-2.7559108769049847,-2.6771784037930475,-2.6525423619935395,-2.9798331013085657,-2.9229616114079597,-2.8817543148112934,-2.8383664102225596,-2.9001625991516775,-2.881891453960115,-2.889317159829926,-2.889317156205073
-2.6848519151180175,-2.6219729178200955,-2.662575649140981,-2.6292728766388667,-2.950359231116658,-2.881087126913556,-2.8223472072153992,-2.7812401471489117,-2.851819104693945,-2.844660823967335,-2.869854518730421,-2.8698545137043103
-2.6979684692469164,-2.6417222798747977,-2.6714234803163204,-2.646066393673463,-2.9969368362966304,-2.894057277420026,-2.839856577994122,-2.7921440141838016,-2.858851682620804,-2.851279339598562,-2.885253587018834,-2.88525358176934
-2.7882512347567614,-2.666958606759272,-2.6796211122053535,-2.659542763877255,-2.9973554991648257,-2.8591670261032744,-2.8207934130783876,-2.802276419606285,-2.851937784348942,-2.842680943054349,-2.8751524781420352,-2.875152472815762
-2.7494135344727826,-2.6719034685820504,-2.6694531811195428,-2.665605333478371,14.287073051015243,2.582268509588153,-0.3355750751947588,0.9179556485089528,4.696234975583476,3.144534742715818,6.453031509984955,6.453030987038062
-2.6390304167224876,-2.5957422203820344,-2.5506512599150133,-2.5521915288549635,-2.5337577388592694,-2.4755834850109286,-2.4548577608893503,-2.6933076285500612,-2.7775842987731933,-2.801980845612714,-2.660098515014844,-2.660098511060684
-2.6261888517077456,-2.6070656936842203,-2.5423880659025433,-2.551093951331883,-2.6038572149335972,-2.4968672999158135,-2.5140012616882017,-2.6897903485439514,-2.783294761997723,-2.807485779818076,-2.68170636489662,-2.6817063606752107
-2.543701859795449,-2.5066885490438753,-2.55250333116898,-2.5741471147036568,-2.635881647567051,-2.508508785886022,-2.559452072290133,-2.6861597137096545,-2.7954084678265936,-2.8180511932238548,-2.6974405755122315,-2.6974405713176504
-2.502443576749744,-2.4680514250065553,-2.560171591963591,-2.58242358685441,-2.658590427575231,-2.521398627837667,-2.6144540122695794,-2.6883369461990454,-2.8068828121591647,-2.827832624744273,-2.715486417824897,-2.715486413444415
-2.5681987631184287,-2.511668420659915,-2.559767530069741,-2.5686560482676986,-2.585066609626231,-2.516904838729782,-2.592321364689401,-2.654669399036889,-2.771736844993287,-2.7961575679505026,-2.7067690350547773,-2.706769029869598
-2.5219491832754373,-2.480209381454044,-2.5616232810166215,-2.5635898524880174,-2.62075084162233,-2.544762308523038,-2.6369341905419823,-2.667082535187057,-2.7851906334789667,-2.808061119671085,-2.7092887521062097,-2.709288747445917
-2.532206534894488,-2.488335132015697,-2.5744131206651724,-2.5764269920146483,-2.6708566266822102,-2.571529317136561,-2.6970228734436414,-2.6837244451988878,-2.797679977920959,-2.819046027094626,-2.7315862319838495,-2.7315862271715936
-2.6064526088768574,-2.5386385506931344,-2.597717990597432,-2.594143522443478,-2.7114919788912495,-2.627813629454343,-2.755882055707098,-2.707627228248322,-2.8100717810682956,-2.8302920609044895,-2.75929327063891,-2.759293265527086
-2.6035891538997227,-2.5447256365779665,-2.608469054597182,-2.6016552789611795,-2.7462889062973246,-2.6718775676808515,-2.826753029167154,-2.72347199790074,-2.822655588958647,-2.841509087444776,-2.775633241080091,-2.7756332359123412
-2.6402728993434965,-2.573168880022991,-2.632130008470846,-2.621092404846586,-2.750069006623698,-2.698003888090032,-2.8570923651405002,-2.7352307661298094,-2.8157000291382577,-2.8350507948502477,-2.7810323891137827,-2.781032383541526
-2.6622248981178207,-2.57223599826589,-2.6542328270159543,-2.640573983035579,-2.7820007222021097,-2.7421135784035604,-2.9161985161890955,-2.759117618684903,-2.8239653050975173,-2.8424638009161725,-2.8041026064494674,-2.8041026006167313
-2.6726499398528145,-2.575427320856936,-2.679227174008989,-2.6596662753783153,-2.8079243174381925,-2.786142449723679,-2.9407979687701187,-2.7817497515513403,-2.8364069386226807,-2.8539570016368807,-2.8306604604468024,-2.830660454304708
-2.7621731744047953,-2.66723339469185,-2.7037094704769795,-2.6767712437300215,-2.819457249804253,-2.812574917567011,-2.949281709461337,-2.794705175757318,-2.839454970442215,-2.857218376269893,-2.8480417321885643,-2.8480417256221786
-2.7185383531390555,-2.649744533351625,-2.7002744116827486,-2.6894980783686595,-2.8491585870493386,-2.8208484926506556,-2.9825226650087746,-2.8306004551842054,-2.8399453123424103,-2.859429081277515,-2.8629042276483005,-2.862904220866719
-2.6237234416121304,-2.543223468678841,-2.682264812086785,-2.6559900137477452,-2.795751187282251,-2.711614240192783,-2.8538586787779248,-2.806975873871846,-2.8139790379792617,-2.832332689107895,-2.808151996310745,-2.808151990251309
-2.6445382001787645,-2.544143397360476,-2.6870482567317726,-2.6533530316846576,-2.8490731323948832,-2.7436462346097272,-2.903421437061622,-2.8147519688230065,-2.8220951327390984,-2.837622099994819,-2.8304703824646325,-2.830470376074379
-2.6273263155811106,-2.540115577445466,-2.6637269671410695,-2.647609638701015,-2.8717485926058224,-2.758915558427394,-2.8976207663828113,-2.8250067042829716,-2.8347400544612547,-2.8504151613783137,-2.8293870753536585,-2.8293870696640067
-2.525768923137297,-2.437916890474339,-2.6310377674651635,-2.6148405027011545,-2.7088820248487506,-2.6847768361601823,-2.7559727747246043,-2.7370551141252952,-2.7827036679567785,-2.8061112649002697,-2.810025991335035,-2.8100259843084023
-2.528836304426134,-2.433374776240722,-2.590598488833198,-2.5661464057981154,-2.629091683107153,-2.63785483676798,-2.6723168760748357,-2.693257338309574,-2.7549222667929585,-2.780638265721779,-2.7905926547271216,-2.790592647057302
-2.6713612924393235,-2.576728728027287,-2.5810314064487736,-2.552715663503847,-2.653577401194506,-2.6502730703568487,-2.7047984120388153,-2.7044406056923895,-2.756129731728228,-2.7824145103295854,-2.797113805836905,-2.797113797953082
-2.6992470546181564,-2.5953816981796676,-2.575504657943674,-2.5534660606360364,-2.668984865773068,-2.655929082909739,-2.734472040875529,-2.712562141500471,-2.767486612414648,-2.793054199533387,-2.808214691714623,-2.8082146837609843
-2.691462513835101,-2.5991970822477604,-2.6107684577063006,-2.598474182878629,-2.7075760727654146,-2.6636795691095663,-2.779142910752392,-2.7456529454320946,-2.7575191012091946,-2.7846172599326438,-2.8173018464143573,-2.817301837844164
-2.705462113214948,-2.5930555130815347,-2.621096491433659,-2.5945701221370445,-2.762342585045455,-2.6565894695149166,-2.8064766054515813,-2.755654809530994,-2.7734291230173125,-2.798844197444245,-2.812082312547954,-2.8120823048341648
-2.758232780795177,-2.6158106665131116,-2.6563559309274347,-2.622308361788207,-2.8218425383901335,-2.691299563973443,-2.852984961836052,-2.778415318853987,-2.789252574667241,-2.8136661506248792,-2.8352409446900193,-2.835240936850074
-2.765198550683222,-2.6481523691734217,-2.6585218179945684,-2.614158319122981,-2.7407860893079183,-2.6735421212541746,-2.7664131314360163,-2.7370687764266033,-2.75865365853783,-2.7530716994518185,-2.8361826171980082,-2.8361826076278334
-2.700515329303284,-2.5996842574280303,-2.636713949692871,-2.595978470788533,-2.75625405235456,-2.6907473771312604,-2.7661298776898224,-2.7674033182014863,-2.7758591655287614,-2.7710570905833527,-2.857156174217191,-2.8571561646594166
-2.7898856552685847,-2.7179085491186568,-2.623079235897758,-2.587436645140376,-2.7317098653211658,-2.6854660780582513,-2.7383752914025834,-2.7396961637803323,-2.775882771504157,-2.7736080600657727,-2.8490490517780134,-2.84904904208652
-2.7781649193092943,-2.703889247777503,-2.60394995049312,-2.5745499973530412,-2.682084741552939,-2.636313938699947,-2.6930590808953716,-2.6886346729857453,-2.7552598206182073,-2.7601266319123177,-2.8308461562725364,-2.830846145881055
-2.76060912751247,-2.686467349027759,-2.6264100144719404,-2.6019929931415415,-2.725615064774734,-2.6487822073920646,-2.7319588037560725,-2.725584348671172,-2.760159976266316,-2.7673634051626137,-2.8479263734879434,-2.8479263627614686
-2.8149984257462024,-2.734266332603843,-2.652025214697209,-2.6246094722740705,-2.7417385056455505,-2.678419804256302,-2.744315137301332,-2.750628464233878,-2.7653147833040173,-2.7660635288665607,-2.8691503247240666,-2.8691503134096
-2.871693046163754,-2.806253306542424,-2.6683084327012394,-2.635610092730147,-2.7398551063942653,-2.682615178589896,-2.7371198952266584,-2.7211691839169916,-2.744405317124719,-2.7514600354006418,-2.8553248718014395,-2.8553248598381344
-2.7943339795956947,-2.7452628233107585,-2.6612864442027013,-2.631918581734145,-2.7306299390455946,-2.6655818089331658,-2.7222602519357038,-2.69774002201469,-2.7408433661082636,-2.750835736428747,-2.839799801600328,-2.839799789723046
-2.860596270871181,-2.7988035317626725,-2.67329244864507,-2.643506728309913,-2.753896286723225,-2.6749542122703334,-2.7412868877030867,-2.7364504490977786,-2.758368779067891,-2.7681933378242904,-2.864638419959746,-2.86463840801269
-2.8362157129362604,-2.778285560623424,-2.6748811169902766,-2.6413564500833333,-2.7823110282940817,-2.6918582376201385,-2.77437213323617,-2.7564018008757984,-2.7757304850493116,-2.7849732817663866,-2.881743483059678,-2.881743471029454
-2.8872462385545505,-2.846479652801351,-2.7093114347603575,-2.674607421783383,-2.8055110765177096,-2.7336872687571647,-2.805287036017427,-2.7774537611848618,-2.781699910814905,-2.791944573046846,-2.892437813531633,-2.8924378013424032
-2.8577422360109437,-2.792290966992636,-2.7198066686657643,-2.6774442715456974,-2.727099129353512,-2.697888438739458,-2.73998208418413,-2.72551240056615,-2.7528748623728148,-2.7674169839654414,-2.8613986471816464,-2.8613986345319686
-2.7744128639971852,-2.713951906855059,-2.717150762327831,-2.6695682013674986,-2.6956721794503022,-2.675086420265614,-2.7043904039543047,-2.7125657624475514,-2.7310066470146266,-2.74844639583074,-2.822801283083845,-2.82280127011568
-2.8533507590417178,-2.776142850030669,-2.731144341918893,-2.6746052813778864,-2.7642525862628844,-2.731605829846224,-2.757315460965108,-2.749703579436749,-2.7493057862191916,-2.7659082597371802,-2.8510047279387116,-2.8510047148967956
-2.796819590313588,-2.675006798181559,-2.6916261098484044,-2.633697318788532,-2.7664289549175187,-2.6688885924976398,-2.7374108471918537,-2.765081680879647,-2.755008165489956,-2.769944439993701,-2.814491336603096,-2.814491324936176
-2.865869366839395,-2.7838119672733908,-2.695632128952686,-2.6391344271290285,-2.833174538695414,-2.6844936018495615,-2.790040649955238,-2.792618866701101,-2.769957892741949,-2.7841178055528486,-2.835273077677596,-2.83527306619223
-2.8509850009425173,-2.750700382632835,-2.7248764705359543,-2.6734803915103122,-2.8695556537043223,-2.7400758463888715,-2.8126100881505143,-2.810663308014853,-2.7530878349924452,-2.770484373437052,-2.8226620880605537,-2.822662076475593
-2.824700104669011,-2.7534842383964366,-2.7401159845904863,-2.6943984827120646,-2.930290408081335,-2.7577759809750266,-2.8665859452205376,-2.844479768152796,-2.769738254993874,-2.7864477528796563,-2.8317151389284083,-2.8317151278030646
-2.81714524403669,-2.7274018247369995,-2.74060452834496,-2.6869195347355115,-2.9477725026667576,-2.741741908757295,-2.877220332121905,-2.8560788593942426,-2.777565506917754,-2.793538295440288,-2.8280307853307702,-2.828030774858933
-2.8101329463403455,-2.7316736590180595,-2.7438093893743614,-2.6889673727161005,-2.9377638342168715,-2.7338926693262637,-2.8590540746072026,-2.846504113142237,-2.7686588308148607,-2.7879772913235175,-2.832511622000713,-2.832511610993777
-2.848303150317517,-2.775833457554599,-2.7652753868427054,-2.7132448562574414,-2.9720855471057197,-2.77000518596914,-2.881381208922485,-2.8786355295783026,-2.7844585432383795,-2.8028254103430896,-2.8590291365190383,-2.8590291255136817
-2.8042284113976943,-2.7310048020287447,-2.7241621416354262,-2.6538891934972835,-2.7417223633286762,-2.660136806967465,-2.7014021717551513,-2.6662802273083215,-2.714071137752737,-2.7291487954048463,-2.7846571098809574,-2.784657098190437
-2.804352809277562,-2.7335595842319127,-2.6916885056416575,-2.614446794979622,-2.813898394003394,-2.7089914568514057,-2.7463026851389634,-2.712356098295346,-2.730512927829819,-2.745184841059689,-2.8089519936060743,-2.8089519818265507
-2.8015299305854118,-2.7281910205470314,-2.6831672387389296,-2.6105775981039607,-2.8209185014269487,-2.691812339218021,-2.7302079764941705,-2.7077308231851696,-2.7059081451252895,-2.726040874492412,-2.7980932855375356,-2.7980932729523706
-2.836991207656103,-2.7673253333659766,-2.700505648139333,-2.6335732596230557,-2.8890575316349367,-2.7210898241033847,-2.763475664003096,-2.7549826420482106,-2.7146430479364585,-2.7353784488587753,-2.817237037275183,-2.8172370245228926
-2.849758592311304,-2.7709003924412774,-2.7122489484313452,-2.6406271363859513,-2.9063109065458366,-2.7476707009093957,-2.7803459877024377,-2.7671036172569754,-2.721079890353106,-2.7421118527954644,-2.828002043402274,-2.8280020306766946
-2.861822714501181,-2.78488610200541,-2.72872034322546,-2.6477581316560665,-2.964300981307197,-2.8017458659632135,-2.8257440576276363,-2.8076024742065706,-2.7399793252672056,-2.7601261744222083,-2.856068867777967,-2.856068855144219
-2.8793014297338164,-2.8222699710706927,-2.7646338072366237,-2.6822969359949593,-3.0108150966437526,-2.8482509075647267,-2.8575912900840414,-2.858667665460941,-2.749770264904523,-2.770093766614933,-2.8755866627407096,-2.8755866499329015
-2.942526778723,-2.889428113057643,-2.805528231553879,-2.718230295832371,-3.0549239399507644,-2.8996312915666302,-2.895988801121828,-2.8939173248871555,-2.76857296326474,-2.7880978691082885,-2.8981348164666088,-2.8981348038749593
-2.949121373086941,-2.8940019109589055,-2.8395881497136224,-2.7483357146215117,-3.073105847093424,-2.9426918196996,-2.909136058087262,-2.914614503193652,-2.7844375726236152,-2.8039063832140245,-2.914100051790137,-2.9141000393068683
-2.917569327530214,-2.892776189669445,-2.8678066995617897,-2.7732174074475364,-3.1401988671070478,-3.0423732080762456,-2.953675186257681,-2.956712200726598,-2.8004850243587613,-2.81986778925725,-2.9355213129832154,-2.935521300389934
-2.8804059691063157,-2.8376969786086694,-2.829484188833751,-2.736352160566691,-2.8935128498949942,-2.8618377032950377,-2.815317341972605,-2.904560107295057,-2.7677397996723636,-2.7908548200415555,-2.866143631948765,-2.866143619232659
-2.817354223167686,-2.7856962836120367,-2.8398619227875868,-2.7564553739245743,-2.9921219836717827,-2.910427729392893,-2.9054783527919197,-2.974848813868749,-2.785157369702401,-2.807302412797916,-2.891761046352867,-2.8917610335080965
-2.7944511529764364,-2.754850978235177,-2.825336673268484,-2.7474833543150883,-3.009281452312677,-2.8681262281286344,-2.916387448433278,-2.937955797792673,-2.80082751516238,-2.820920971605227,-2.859825783702663,-2.859825773190366
-2.829359872417091,-2.782965506099039,-2.8119524540559127,-2.7516372876305732,-2.9807911972005723,-2.836603141520024,-2.892367447814389,-2.876986119530898,-2.7950061487643185,-2.816256120118872,-2.8473103039778125,-2.8473102935183667
-2.7772124545274335,-2.7264960501357467,-2.8214567009010088,-2.771034365273855,-2.9951379251686143,-2.8382346723386616,-2.891092459863737,-2.8671716476172686,-2.7734563812376543,-2.799129388227809,-2.8396633768125037,-2.8396633656962753
-2.808114482491474,-2.771042946367278,-2.835708123108319,-2.7873486159209397,-3.0376554012656825,-2.865604875598671,-2.9011549728263635,-2.902516581746119,-2.791048593434364,-2.815575621694287,-2.8633231812398585,-2.8633231701201534
-2.8306203048317933,-2.795416753470329,-2.845757315923742,-2.796382485665629,-3.051152009989714,-2.896136453280661,-2.9115616721876254,-2.9259562807895962,-2.809011073489876,-2.8324349832371505,-2.8891552429220213,-2.8891552318608476
-2.9391361286634847,-2.8910325864091093,-2.8637793776271896,-2.8130448600379965,-3.0580164132248506,-2.9384770155298976,-2.9057095508269097,-2.910028442505933,-2.8061485127723675,-2.8305449575490313,-2.8930354440967174,-2.893035432867415
-2.9356151785741655,-2.9114868437379453,-2.8742950306459556,-2.825435909523233,-3.087822710640494,-2.9706349415040276,-2.9397920875673944,-2.9402688241581427,-2.824017089158874,-2.8473032151308266,-2.917806120752041,-2.917806109489481
-2.964807283293794,-2.9566606152936186,-2.8891587888254247,-2.8420280922706787,-3.1005452927335426,-2.992329192600165,-2.959402294311195,-2.9640175142428267,-2.8404415579074684,-2.8627722751122158,-2.9373704523756716,-2.937370441352818
-3.0029324570059477,-2.9830560374064112,-2.9139921092125434,-2.863826151618251,-3.1324528122175943,-3.027256293221864,-2.9809025991452853,-2.9867950745444825,-2.8548213825618314,-2.8761288367664477,-2.9571112379368976,-2.9571112271257105
-2.9825736886330243,-2.9656652966285413,-2.924085104508301,-2.8720316285753666,-3.137076900267249,-3.0514593264816354,-2.974014273868933,-3.007211224151551,-2.871870296497111,-2.8923007281181414,-2.978265904768706,-2.9782658938558075
-3.0218290119431845,-3.010376630197383,-2.9431245093230687,-2.886746393628128,-3.1216020823677,-3.08580282272071,-2.988678612066135,-2.9964305525861725,-2.877860290017078,-2.892671579915518,-2.989741448630948,-2.989741437628289
-2.9699203478305036,-2.966671974246139,-2.879953838457017,-2.8366307227524055,-3.035194402848213,-3.0287508594227543,-2.9148343031660167,-2.9003726590349332,-2.882169932966461,-2.896287777476448,-2.9518332470724093,-2.9518332371166203
-2.922521444134495,-2.929042192204778,-2.862199732140864,-2.821344372740126,-2.990119945910666,-3.0016970688121423,-2.8850656315824534,-2.882327276468237,-2.8807996240379916,-2.885728240047273,-2.9573491034457726,-2.9573490932385846
-2.9406572652705556,-2.9469735371249905,-2.8767851801724644,-2.8361231196553764,-3.0205260541431267,-3.0314615876127218,-2.9284101563433462,-2.910523648455235,-2.89666605185434,-2.9012645964953436,-2.973577108737534,-2.9735770987548014
-3.0457963633076757,-3.059703685703102,-2.8952996527291934,-2.856980217959543,-3.0449378917755983,-3.0671155508855383,-2.969323023013114,-2.910185361550717,-2.903260561402787,-2.908004607559632,-2.976634095713196,-2.976634085802157
-3.04889896337846,-3.0777244847581313,-2.9127833485159558,-2.870252939869711,-3.062096266880382,-3.0893902203791566,-2.996625362011768,-2.9318181967477392,-2.9162952770049753,-2.9208339429856394,-2.999612439384501,-2.9996124294326765
-3.008306512021946,-3.0241503000245924,-2.943062153235525,-2.894812480960303,-3.092476265055442,-3.132612522334674,-3.049298333311035,-2.95256613076227,-2.9301123823378346,-2.9346789537628903,-3.021445299860985,-3.021445289887849
-3.0792304039081455,-3.088857678009152,-2.9461280536889625,-2.89576939712332,-3.046725585694303,-3.1056578236424817,-3.012346771618401,-2.9203325207421242,-2.925540013097816,-2.9324277913047,-3.013313473954866,-3.0133134638079566
-3.0083564349316956,-3.013672939852399,-2.9572587422965917,-2.9047101977218275,-3.0348027359415464,-3.080572196950567,-2.966015186353568,-2.9046216321921428,-2.910800571051819,-2.921149939909679,-3.0040035291450287,-3.0040035187463583
-2.938803261806449,-2.9656494023428595,-2.9374169781943023,-2.895788191493246,-3.041523187344131,-3.0188019451527763,-2.9388610575909677,-2.9204185267144767,-2.923022722998617,-2.9324232672063513,-2.982909872691236,-2.9829098636490463
-2.9338679091205915,-2.9459282329757435,-2.949200278013472,-2.9098587701926966,-3.0863033072660935,-3.0358476871561777,-2.962253329663377,-2.9378277565949853,-2.9339576852809173,-2.9434081747276024,-3.005461951051441,-3.0054619418733064
-2.914686494576528,-2.9155595702687496,-2.9683439146592447,-2.9351354954703015,-3.0470061002339346,-3.0329353952192846,-2.9269757441972044,-2.885186766790911,-2.9097746249088368,-2.927031017154931,-2.997181827173474,-2.9971818169787348
-2.935993639764141,-2.918503183530185,-2.9621977137134046,-2.9224707476258573,-3.092418295139828,-3.071047744987774,-2.954937231757628,-2.92355219794299,-2.925672355592156,-2.942017622012352,-3.022798524851533,-3.0227985146358938
4.548355479987194,1.4841935182602608,0.34750769656749103,-2.8859081959816257,8.412085084224604,10.959250246101798,-0.14084588212412452,-0.8959486524787494,0.281884444929148,1.767919128493432,9.052145300364579,9.05214427772999
-2.6286164688125355,-2.5893388361126632,-2.8384388775893896,-2.7737407784649566,-2.6831009572866806,-2.7475206870744837,-2.6165337488168,-2.6215478358682818,-2.784964278409133,-2.801175449147988,-2.7947958892532694,-2.794795887740097
-2.643651155331317,-2.5399301971851043,-2.7309124765201207,-2.6608685315445832,-2.6673362971337964,-2.651840745140075,-2.5386596622623467,-2.5517858345116933,-2.724133225424121,-2.7423900752490527,-2.713501883384142,-2.7135018821520287
-2.7320991791253313,-2.6737366448841398,-2.720449627834424,-2.654638979899761,-2.7400292153961754,-2.6732302927365854,-2.6247453910290575,-2.567162887243753,-2.7293895152511225,-2.748185111941562,-2.6863256894283,-2.6863256890929796
-2.615512903951185,-2.496571986846895,-2.6563493544403713,-2.6007471854730895,-2.5675628012196334,-2.574004547996611,-2.4991834683571708,-2.4695313769061746,-2.6484811655544926,-2.6740829199857643,-2.621098533594471,-2.621098532583355
-2.698501490065144,-2.600551235325092,-2.6436103052055646,-2.59721141450839,-2.644317423537064,-2.614915515589847,-2.5818083652851906,-2.505608175013072,-2.633498114847227,-2.6613553358714936,-2.62072387185582,-2.6207238703627596
-2.636046817796557,-2.5322894451922338,-2.5864039806520145,-2.5333132699971963,-2.551750225857467,-2.5377772346457625,-2.4785513710922067,-2.4326475688946267,-2.5754060935706873,-2.6048380617615168,-2.5594784662763628,-2.559478464782292
-2.6050847083931883,-2.511757962432899,-2.5789455096373946,-2.5275730326694053,-2.644204761539105,-2.604114931950864,-2.5855356865358097,-2.4669667799617057,-2.572284474587793,-2.6032723157911155,-2.567009575249452,-2.567009573547325
-2.7358036877875964,-2.6833185598833253,-2.6032889842676123,-2.559557540190573,-2.7522836427878303,-2.6569988282575254,-2.672236657269705,-2.4927989334924874,-2.551752868644368,-2.583255346140402,-2.5535577132174216,-2.5535577113133527
-2.7217486080322306,-2.6542759483207625,-2.6203941950669702,-2.561990142893346,-2.8023937424165863,-2.694339408978326,-2.6885959519048606,-2.5200390910386496,-2.5587483831601356,-2.590490563084156,-2.5533521339737475,-2.5533521321300134
-2.7241887806056844,-2.6742274357185822,-2.609502358281334,-2.5413943831630887,-2.8873899958865668,-2.7266558818399025,-2.7195499248760093,-2.540405207813622,-2.5707813592169777,-2.601081420828411,-2.5661288981622445,-2.5661288964909295
-2.7689501350804306,-2.696449321960932,-2.624370677573456,-2.5566794526056005,-2.96115171729048,-2.795453261374341,-2.8000735416611358,-2.582165733919545,-2.5909949721170458,-2.620766879360249,-2.593106000354829,-2.5931059986877716
-2.8324191716061264,-2.75068387135601,-2.663140080808586,-2.614972962277136,-2.8918750820217953,-2.7841992139444685,-2.7607531964031184,-2.525248086924229,-2.5468468938558013,-2.5786450704550736,-2.5446799973514316,-2.5446799954201476
-2.847202376973743,-2.7732286509055637,-2.6980758651391716,-2.6542567162196593,-2.957297622001364,-2.8334712301636764,-2.833941874189527,-2.5712028504157143,-2.565253156357592,-2.5966351741174982,-2.5717460812193416,-2.571746079293186
-2.870698861755445,-2.813524699926276,-2.7358440408569065,-2.693653284788845,-3.0037380404963185,-2.8938276907138007,-2.9213548383724803,-2.6170023362028423,-2.5856282346572206,-2.616297186787099,-2.5988450402983427,-2.598845038235658
-2.866242641730242,-2.8271874330397866,-2.7824701552836335,-2.740058798822157,-3.0148334811767263,-2.9302210739139882,-2.9749287912698557,-2.6680522171163847,-2.605107117487416,-2.6353289364766948,-2.625106620992268,-2.6251066189748418
-2.8480555218353096,-2.841053789439358,-2.8140267819389213,-2.779896794280624,-3.014627351977302,-2.9499110022525983,-3.013546242468871,-2.725734236921404,-2.6262406817796906,-2.65561615498898,-2.643028996106247,-2.643028994169402
-2.829437951094018,-2.830483283447359,-2.869457552188996,-2.8376742229715988,-3.046272525801763,-2.956218244008011,-3.0245738396370276,-2.792120299154556,-2.643447688862561,-2.6727763706447654,-2.6380614955465282,-2.638061494461562
-2.7891651891669995,-2.785292028552374,-2.8757383049790546,-2.8350418022033916,-3.012136372280259,-2.922891187400798,-2.9901521230796324,-2.809197998294051,-2.6529178851721746,-2.681130207558701,-2.6494073338991027,-2.6494073329544077
-2.817506713542004,-2.816233078007535,-2.874779850355227,-2.830619353091854,-3.004873451277189,-2.9397573472008425,-3.0060113680063436,-2.8298665147110382,-2.6678417767860747,-2.695581732714434,-2.6727087938969003,-2.6727087929154063
-2.841552894906396,-2.844660066840796,-2.885367639268148,-2.844047620184659,-3.0169218439875767,-2.9771105952809407,-3.044766410234938,-2.8736214647620586,-2.6881278045062684,-2.7151272661026926,-2.7028217943382673,-2.702821793318402
-2.8615890343559283,-2.8521180541285744,-2.882688112650575,-2.8455894874784753,-2.9709017936547166,-2.9456319870756866,-3.00158895963813,-2.8508312132397045,-2.6904127214467617,-2.7169109748528255,-2.690189961287666,-2.690189960759116
-2.8597088722839636,-2.8465843514908533,-2.8954679422822815,-2.8580285670492174,-2.9811618684661427,-2.9522317037119334,-3.008015130940901,-2.8636397651426,-2.703211775476776,-2.730004756766166,-2.7124201941672603,-2.7124201934987546
-2.8895522475210527,-2.869939840968965,-2.919084402824092,-2.8763791671924936,-3.001096444552423,-2.9737689517888075,-3.019691407611967,-2.8815490166184636,-2.7222923542085296,-2.748460261217784,-2.737170178725189,-2.7371701780715494
-2.881521438707699,-2.8684819479255834,-2.9218731607127983,-2.8797021690087288,-3.0002338476994703,-2.9633202396945624,-3.004228068066462,-2.908948108214703,-2.7355029694346698,-2.762352198195944,-2.7569133722810535,-2.7569133712335363
-2.9572368258127613,-2.910434551440854,-2.9449898482512022,-2.9041556583816055,-3.0342681970902783,-2.972196861283953,-3.0005901358981193,-2.925511594446321,-2.7488196638279474,-2.774435284683327,-2.77328696856454,-2.773286967616751
-2.954271797031905,-2.906477835390355,-2.9543922276309473,-2.913489626408156,-3.042715582183905,-2.97065440463735,-2.9727657424971725,-2.943200625190274,-2.764251617307563,-2.789352294072768,-2.7847821996348885,-2.784782199003427
-2.9213218402039116,-2.895208189596527,-2.9676603753887396,-2.921914707833755,-3.0574128026563647,-2.9793697933681944,-2.9674442355259223,-2.968294960396001,-2.7824910494940602,-2.8070188861755225,-2.812548537563981,-2.81254853687053
-2.91374438670685,-2.8795627099570495,-2.9934037408564462,-2.94660113222726,-3.063280242760796,-2.999548715862511,-2.9782422217113576,-3.010145047270618,-2.800519450726344,-2.8246476838810635,-2.834361316633378,-2.8343613160804377
-2.9360250710006977,-2.903511036065431,-3.004558555848422,-2.9492481122745047,-2.968114977246837,-2.9653054425277485,-2.934901834091334,-2.969004786498042,-2.7950933079957947,-2.820440203065849,-2.838004693658765,-2.83800469269472
-2.9657680057232434,-2.9356663488664756,-3.0336837208118874,-2.9702013075474714,-3.0029940617477258,-3.004797297267063,-2.9725160637686447,-3.007655471267286,-2.812116012549729,-2.836724506152855,-2.864355138811439,-2.8643551377517444
-3.0031671923188776,-2.9602239321034487,-3.058625035266764,-2.9835306008297002,-3.0128619266447663,-3.0228869737638293,-2.986691833856633,-3.0392515362636257,-2.828271856009812,-2.8523571428800967,-2.8810911795220733,-2.8810911786514817
-2.9818930423087746,-2.917880413737527,-3.008403367953607,-2.9242395177215914,-2.7817811204757517,-2.8829720320013728,-2.812810541998459,-2.802744566074573,-2.7676348352219975,-2.798168455804544,-2.821581246291527,-2.8215812439479424
-2.938459537213104,-2.8982868779835744,-2.9568535137920073,-2.8781895831968476,-2.8127183513314202,-2.9113089333647624,-2.838887003148553,-2.842114874503574,-2.784947832665208,-2.815277667214919,-2.832892510405622,-2.8328925085486487
-2.967973953690273,-2.922894184594686,-2.9343445806027075,-2.8634468382544234,-2.811873836981367,-2.8831605402834724,-2.8315171136491295,-2.838545206707041,-2.7552517772694265,-2.7896792945868105,-2.805463576007516,-2.8054635731679403
-2.874106386327316,-2.86407853689183,-2.9272595366237826,-2.8583071979732066,-2.8774327375703006,-2.8936203288107762,-2.8729611631148604,-2.8878171459325017,-2.7757516923426024,-2.8092437788036806,-2.810875689999138,-2.810875687875429
-2.8728900042209453,-2.8419527734294645,-2.9240162279966806,-2.862382069003709,-2.900937075661815,-2.8781626301570657,-2.8489312214204836,-2.856455056699934,-2.7771152869361804,-2.8102850147551797,-2.7905675006197828,-2.7905674992425693
-2.834847470924606,-2.810890280043764,-2.8406690524791123,-2.778966307631539,-2.659271686347015,-2.7146876567113125,-2.658702444831516,-2.636661716823697,-2.6906286131780375,-2.7280289138811202,-2.708736438532664,-2.7087364361892483
-2.674693315884423,-2.6930461305437214,-2.7876537717584613,-2.732282126763786,-2.6705302452781705,-2.7203595949518835,-2.671697080112934,-2.6565615762274915,-2.6889900960714077,-2.7267384502132277,-2.7130831539482374,-2.7130831514799434
-2.792713743134607,-2.7508463529212257,-2.7534041521856243,-2.688792676552951,-2.707085955774272,-2.7456509566003735,-2.705610718951302,-2.697781109935395,-2.7045288498009845,-2.7413353644073757,-2.735363043426341,-2.735363040974608
-2.7195683785962554,-2.7176852028862815,-2.773449079466032,-2.7183193036238795,-2.7172548589608656,-2.738880659300799,-2.7189085148331698,-2.717374805827741,-2.6647894007782735,-2.703732654997041,-2.703493539936299,-2.7034935367754307
-2.761265032464544,-2.7373838564449073,-2.8036025733119367,-2.7519017568977002,-2.7661648860172345,-2.760708782457587,-2.7754068010970507,-2.738869063156395,-2.664107598119313,-2.7037810835572396,-2.707179859643469,-2.7071798563385
-2.8222870769587423,-2.7937121718126017,-2.8377717405006404,-2.7802571355411407,-2.831269842389819,-2.812859978001274,-2.826656730736278,-2.789939249904326,-2.68737716265961,-2.7260196899140237,-2.7385045914813935,-2.7385045882241523
-2.816094856030184,-2.7849063576744486,-2.8406974383036987,-2.7799425272818583,-2.8126789699790002,-2.8139322976218786,-2.8736500517650834,-2.8027710935820553,-2.6928725247216123,-2.7313534906109656,-2.7420429177726575,-2.7420429145438057
-2.857578629373389,-2.810330089664477,-2.83628822232101,-2.7751209044544876,-2.7911002383432812,-2.826554844097621,-2.8661510767102096,-2.8301534536111745,-2.700349891172033,-2.731870918785428,-2.7572037527108013,-2.757203749285251
-2.865667267537285,-2.8256058245816638,-2.8489800233165306,-2.7924870685887146,-2.829028720341194,-2.8682553945531417,-2.9382091088693287,-2.8600312306189686,-2.7188753853163505,-2.74960204040792,-2.773860446294175,-2.773860443212071
-2.9442080273239304,-2.898651351992802,-2.891787164962037,-2.8394397260254616,-2.867236080340196,-2.902247912180494,-2.945747306641423,-2.8982210847280836,-2.7289383527554367,-2.7598156796041957,-2.7916060980914437,-2.791606094916997
-3.0532553100995097,-3.020872834794403,-2.939582566008627,-2.8882008408203834,-2.935273100407711,-2.966045165720832,-3.0171180788309493,-2.941092829511048,-2.7502081653942807,-2.7800797044519685,-2.8168396698997404,-2.8168396668476636
-3.0561373632992366,-3.048104257745501,-3.0028371151561895,-2.952499110116124,-2.9840574308554224,-3.0126971377333387,-3.0487015836514533,-2.9842917211333915,-2.751171359892483,-2.7820326351678037,-2.8235406358534925,-2.8235406325117225
-3.063634633602782,-3.0462698822928895,-3.057212599744615,-3.0034996227456037,-3.0495347499893284,-3.05408032370757,-3.092602845649981,-3.044093710213287,-2.7660813090073693,-2.7960912432920515,-2.8344928564479672,-2.8344928534352176
-3.0349526935731,-3.0184757384124916,-3.0852155583718313,-3.034824491228846,-3.0862924996126795,-3.0804636023365486,-3.0992982994864584,-3.0550139540470793,-2.7832539797226654,-2.8131332204033326,-2.856171941345688,-2.8561719383002853
-3.0960586983801246,-3.079744384512497,-3.116857300204338,-3.0642507952591003,-3.1181536885111503,-3.1047613466327704,-3.0970447746526464,-3.0687644461129326,-2.8013612655358413,-2.8306292342443964,-2.8820017480106626,-2.8820017449944264
-3.1377235473865044,-3.1234454968414322,-3.150772570407545,-3.095178351608117,-3.1364547220037755,-3.137320559614227,-3.089327657232179,-3.1051435609013414,-2.819931356251967,-2.848811144397926,-2.9019258200368654,-2.901925817027284
-3.1869037146348127,-3.180777554606321,-3.1851038024519225,-3.124538759029443,-3.1651182273692684,-3.172606551736962,-3.103582232263099,-3.116998094983128,-2.8381605974223585,-2.8662826982522374,-2.9212015477933675,-2.92120154483558
-3.179613644600326,-3.1656477516146424,-3.178184488679269,-3.1111030473980095,-3.1529596016200356,-3.1449899341691094,-3.0781387632673463,-3.062450912225074,-2.8513856570087404,-2.8788111367588893,-2.9024561409234884,-2.9024561394548325
-3.1814963600691684,-3.1754711360656005,-3.1873812509335924,-3.125141514385362,-3.1986883633513887,-3.1591244028746948,-3.092761898201068,-3.091357739333716,-2.865689893448744,-2.893453504832835,-2.923091314848723,-2.923091313245923
-3.057780479863615,-3.015124094317887,-3.154787818887643,-3.0948689370456344,-2.9588964436217955,-2.981845506986846,-2.9492242270211815,-2.9439648229022977,-2.8124388728860366,-2.843696967574064,-2.8561696301689663,-2.8561696279585735
-2.949703320164531,-2.914560049123427,-3.107510852466855,-3.0467149378951364,-2.961695294147013,-2.9773805229022585,-2.980553217013907,-2.930107263726901,-2.807235786522491,-2.8394087707861377,-2.8589533089171266,-2.858953306480135
-3.075188539497055,-3.0347313433187737,-3.0930907028372183,-3.030056687032122,-3.0543577173682968,-3.029997393003468,-3.0732387190196744,-2.9817060918578244,-2.8227981849697206,-2.8551132058588156,-2.873711101883733,-2.873711099702657
-2.991594628171999,-2.9375795154860453,-3.104295719494472,-3.050408074774468,-3.085044501126271,-3.0288923618667316,-3.0852989128430925,-3.0205515945966495,-2.7979869710903245,-2.831746361566389,-2.8545233406494743,-2.854523338116517
-3.024180693957346,-2.988484779569042,-3.125979961239043,-3.071074255721534,-3.1642749240212797,-3.078142630199231,-3.13681422566111,-3.0456664644536673,-2.8196434801595687,-2.8525538645328763,-2.88561436879164,-2.8856143662800147
-3.078071540860711,-3.045337451545149,-3.15321769651335,-3.1003454153096923,-3.21529222015558,-3.127064160930175,-3.1765754715779595,-3.084472244047539,-2.8409881331253466,-2.8731024110167134,-2.915981316995061,-2.915981314503021
-3.118404524631697,-3.0988747050361956,-3.1745539028021197,-3.1233973285344945,-3.217659402641348,-3.137680975594064,-3.1508581072585953,-3.063511288306594,-2.8456335935954127,-2.876755921700494,-2.9125931109594947,-2.9125931088214307
-3.077578356487999,-3.074965016770866,-3.1707470869236922,-3.1119379058262484,-3.192884390316548,-3.1029222626162065,-3.124974057605912,-3.067961438501202,-2.8532846675877592,-2.8834214014519244,-2.9145340581898473,-2.91453405622245
-3.134839816804985,-3.1092552316721056,-3.1810881699266162,-3.1279749692137777,-3.2432216584302602,-3.1375571404204132,-3.1649089126912187,-3.082446941322384,-2.8731611944576887,-2.902574861746944,-2.9374856453842377,-2.9374856436171823
-3.063466832514214,-3.0317794648747345,-3.184610317370856,-3.1381067393858855,-3.2410618471035137,-3.127847991371979,-3.1562966443267535,-3.0936309510416193,-2.8903446880050723,-2.9193468684600656,-2.9351709433113924,-2.93517094213678
-3.053930729815261,-3.0691990440665,-3.2035823267590953,-3.163531079249446,-3.1978760577704572,-3.098960341250105,-3.11797367489966,-3.1038762122099532,-2.860405211486746,-2.8920929374740183,-2.910783252042963,-2.9107832503063027
-3.1056366168782277,-3.1206466496410705,-3.2105426782489985,-3.169725355226614,-3.2094656745776113,-3.1021308599767305,-3.1300490415268327,-3.111432438352626,-2.871016277084479,-2.902146244333759,-2.928019520857775,-2.9280195190843736
-3.098935445109796,-3.1295409594123256,-3.2142957158713372,-3.175655881560315,-3.2468069766207734,-3.0980144862672523,-3.1334667806032632,-3.157618142302358,-2.890597440930659,-2.9211736685564587,-2.9246547627960116,-2.924654762124561
-3.088747817475234,-3.1297628318580446,-3.2151747512591897,-3.180135229091516,-3.2582763701979904,-3.1163475286765223,-3.140128115975737,-3.153322283199035,-2.9015815199070434,-2.9318598052659466,-2.9416088731649648,-2.9416088723587763
-3.155007644888518,-3.18224732971966,-3.217382292001215,-3.1817030507287054,-3.163115042173099,-3.0969711869078473,-3.1171290797011086,-3.0999262499810225,-2.899025472566479,-2.9292664672130586,-2.9514733340006365,-2.951473332519888
-3.2234970707174986,-3.2582510100485917,-3.2351654448647555,-3.1913394292349264,-3.2095670441417514,-3.1411588886390174,-3.150872206529392,-3.124305266734935,-2.9170894044389177,-2.9465159937597987,-2.9693550884292383,-2.9693550871055763
-3.1648857035448796,-3.1718823738581996,-3.221185443300662,-3.1779518765837707,-3.22348544170541,-3.1306426712644155,-3.1466646810505448,-3.1082142708285017,-2.9363980790213233,-2.9648335971633646,-2.958236925014561,-2.958236925169574
-3.1448654224233463,-3.1209318630919514,-3.2041933950969477,-3.1574427772249605,-3.167452744457638,-3.102420830743088,-3.1129665007853227,-3.0804549631695917,-2.9353610971739164,-2.964513049097666,-2.9657703639217945,-2.9657703638376836
-3.183948300444495,-3.134777281872009,-3.1979505017702845,-3.146526837620225,-3.197833243471168,-3.1355712214182807,-3.141728667839236,-3.103162483933919,-2.9529640096121317,-2.9815088611083747,-2.9936124998745854,-2.9936124996990374
-3.1576904676638167,-3.0974765346479245,-3.1955733099248147,-3.1487773448646394,-3.2151466424097643,-3.1425957817652126,-3.1569331338061803,-3.1157387842449,-2.9686003956273215,-2.996693998993131,-3.0003743088364367,-3.0003743090720034
-3.251517906418212,-3.198204921750172,-3.2109543578070965,-3.168502798479972,-3.2348980665368967,-3.1483767372507403,-3.157195455885996,-3.1366895326638153,-2.9864666132542195,-3.014032599752009,-3.0079816115501408,-3.007981612406679
-3.174054554917384,-3.1240921113679763,-3.1628562451914664,-3.1244394861419424,-3.1085252672949766,-3.058226174217779,-3.0618337623667746,-3.0113154936972673,-2.927293379288966,-2.9592296308332386,-2.9260628562828184,-2.926062856866423
-3.1235406815397413,-3.0823713554626444,-3.1426204233844848,-3.1047678756217514,-3.197083187197544,-3.077744750867792,-3.111879596516713,-3.048235430961748,-2.944838893936486,-2.9764505396699974,-2.944774647185979,-2.944774647880737
-3.0493818674101605,-3.0237995076823037,-3.132342208932975,-3.096294342656029,-3.237983084174771,-3.096218440857772,-3.1270104130402387,-3.061172040713919,-2.9615681656625297,-2.992568276185926,-2.9662184660947593,-2.9662184668291043
-3.0292605812921094,-2.99981642873923,-3.1127789329431543,-3.074434975253973,-3.1712061231044744,-3.066671331975389,-3.0663401815673734,-2.9987723351926148,-2.932556572683695,-2.9656180254020748,-2.9373407009206627,-2.937340701073367
-3.047550960269846,-3.0347778147626174,-3.073608714640768,-3.0375172477498205,-3.1643080327568645,-3.0604340898926683,-3.0445507519163626,-2.9683931857972357,-2.9356737145761667,-2.967628349079261,-2.9253258726118476,-2.9253258731751925
-3.003087905537969,-2.9861715317101103,-3.0559367133197517,-3.011840533471471,-3.1862604605292275,-3.069360202253039,-3.035146359020339,-2.982413196022317,-2.9441301456050173,-2.976416917515329,-2.9402246017414924,-2.9402246020661993
-2.9896137643576672,-2.9998981215422047,-3.0672501867478603,-3.025726020076909,-3.1604496265140827,-3.070103717613841,-3.018204552941656,-2.9859403439208476,-2.9515891964667795,-2.983480501147623,-2.9557333583865435,-2.9557333585093835
-2.990905420603811,-2.9841414905026875,-3.0848607980518126,-3.0424304825554596,-3.1913800207004126,-3.0922619410082577,-3.0164610241242844,-3.0216556018942917,-2.9655130360800728,-2.997074532374387,-2.972486613865826,-2.9724866141915065
-2.958187499455338,-2.9214903714916556,-3.070858094670774,-3.0239039131949075,-3.1170652510026953,-3.0151935681567847,-3.0119221798236726,-3.0315000221851673,-2.967456119091575,-2.997069762203479,-2.9420855132230064,-2.9420855146869114
-2.9485843382239296,-2.896087535187643,-3.041457731473655,-2.9979481830333894,-3.0927323657277475,-2.9793709395621613,-3.0222335863804806,-3.04232769937507,-2.9743481276240593,-3.00297152211637,-2.9270564933406282,-2.927056495447158
-2.9954698143757614,-2.969798236524407,-3.0283905888025493,-2.9928647110163045,-3.1514072591492015,-3.006799083578777,-3.0383061587493176,-3.074245836979739,-3.0122750945539667,-3.0528311170223934,-2.986208279851916,-2.9862082747140093
-2.94331739958643,-2.8901443834942877,-3.021172870632039,-2.992382977106394,-3.1503314706870156,-3.026130324050087,-3.058718202197266,-3.077958420406838,-3.0213367822282624,-3.0617335874636753,-3.0058818235100575,-3.005881818085436
-2.9465888728633747,-2.8923378115861715,-3.0208493041875797,-2.9908920729763606,-3.173717015868539,-3.0527360586612295,-3.092824132562993,-3.107849294312886,-3.0266300071604255,-3.0683217065680664,-3.024174843749399,-3.0241748379995195
-2.9408319451838896,-2.891681953311082,-3.0270697958343264,-2.998799865157037,-3.1638724037364874,-3.072625928978426,-3.13361611849505,-3.1264508035277307,-3.033844608583591,-3.0750608537493775,-3.0393433446062077,-3.0393433386256783
-2.9404099676001643,-2.9030431489758075,-2.9974899469092686,-2.9728605671660246,-3.0943354852423304,-3.0433093420898993,-3.0690275787755024,-3.046379999033251,-3.017708491517096,-3.05872271968978,-3.0054056511113623,-3.0054056453049096
-2.9363007505733316,-2.900461647960359,-2.995878834786631,-2.96625155023679,-3.130935449614405,-3.071741728645792,-3.081282357707919,-3.0741505275955787,-3.031826389301538,-3.0727130099359927,-3.0272927312369533,-3.0272927254069995
-2.9921734215933604,-2.9700895438307007,-3.0109771718298117,-2.973656173680012,-3.1510053330431043,-3.0946217851483073,-3.0717698178866044,-3.0952557871034667,-3.0336652573845946,-3.0748231124579517,-3.0426777177152755,-3.0426777115975256
-3.04541286825099,-3.044847737540977,-3.0269820051807863,-2.9895499512233705,-3.162855003272915,-3.1190857248525496,-3.1107468367945046,-3.1162712507827184,-3.027134732478813,-3.0692383459055965,-3.0474244071861762,-3.0474244005984152
-3.0574037653645787,-3.0392529471026553,-3.0411748017382485,-2.997388860465973,-3.1330368390487915,-3.1164880967912385,-3.1123181423730597,-3.1024619164302316,-3.0237740400205575,-3.0658958325447885,-3.050670371376226,-3.050670364515464
-3.018749035029167,-2.98228443149491,-2.9927888320881832,-2.947671093564028,-3.033443525045071,-3.031225969887526,-2.9817108106987673,-2.9408553251757406,-2.9597069323667706,-3.0025969615965358,-2.9494051024264967,-2.949405095815171
-2.9841777598769266,-2.9378549153789333,-2.96096273105118,-2.9125392696260013,-3.1064892199773833,-3.0487429320474964,-3.00711981253205,-2.9755305959238036,-2.9747885327199715,-3.0165878227919634,-2.9689139576274752,-2.968913951177976
-2.9398162020556833,-2.904856811857301,-2.9644617497073202,-2.916506135692788,-3.1605499383086815,-3.0837422267641386,-3.0587617263272597,-3.0039369681922405,-2.988279876804662,-3.0294313853724035,-2.992258775058957,-2.992258768487791
-2.9613020555138796,-2.9181077051705757,-2.9656702868748055,-2.9168149033966824,-3.1800861281118076,-3.099462454198506,-3.0621434541663817,-3.0045989266522,-2.990909616297292,-3.03043273499473,-2.9868186401406547,-2.9868186338989373
-2.8989114185363194,-2.855726847087073,-2.9617809565384916,-2.9182303540689776,-3.177437313396001,-3.111540107517089,-3.0463395525688517,-3.020272267861804,-2.9993573780185967,-3.039336189880686,-3.0002270149691515,-3.000227008974933
-2.930112739713695,-2.883979174870751,-2.940412441617087,-2.890248097507454,-3.0673110951470406,-3.059889441500782,-2.969693200417373,-2.904879850935112,-2.9537893554877854,-2.996455560777124,-2.951622885009981,-2.951622878245285
-2.9307451412246524,-2.8732121473135135,-2.92012898077093,-2.859338261607157,-2.9769619470043023,-2.9743858620537607,-2.9004575974343387,-2.855400338615414,-2.9332124981615313,-2.9766133658308545,-2.9113112181889127,-2.9113112118858906
-2.9789212484197947,-2.9089448850962376,-2.91709082301398,-2.853380217538509,-3.046983785040906,-3.032665786458649,-2.9642568224656998,-2.8979529266770347,-2.9477529888461973,-2.9902935994252937,-2.935023501486062,-2.9350234951313143
-2.9807022376061667,-2.9129210870816435,-2.9315620768973525,-2.864848444234491,-3.0651066361397277,-3.071656947857068,-3.0063880519537145,-2.9292476549203155,-2.956744922381982,-2.999140436757572,-2.9490907609916492,-2.949090754562663
-3.011513935294312,-2.951144697994352,-2.960384514054527,-2.891164768046358,-3.119804609879214,-3.1337655736225036,-3.0604546875536185,-2.9798156565283125,-2.9719915471041007,-3.013612117358708,-2.970958259185437,-2.9709582527274954
-3.0073421761307753,-2.9480819900127293,-2.963925102593282,-2.895958160786416,-3.1340934854109084,-3.1579382490009027,-3.058281548171456,-2.991281986857391,-2.9828165207040924,-3.023782710774697,-2.976805238481036,-2.9768052323140313
-3.0098250492315497,-2.964757166438721,-2.960095800972706,-2.8930970199864943,-3.1070478014134486,-3.141642768208255,-3.003872987665364,-2.959576622988976,-2.9724995181238576,-3.014173803427079,-2.967020611177935,-2.967020604781691
-3.0201277053785516,-2.977940070558235,-2.97586631579531,-2.9115794994826447,-3.1559976988058924,-3.1737683205418326,-3.026618599093595,-2.989643054014254,-2.9866201838527617,-3.027601238184645,-2.991251200930718,-2.9912511944233335
-2.9965813586075676,-2.9650997760678486,-2.988656611604726,-2.925303899282596,-3.1665532485805383,-3.1903826297976217,-3.0116847260859707,-3.0121314067323484,-2.999633143040476,-3.0404430220326257,-3.007021206653079,-3.0070212003513035
-3.047046400565729,-3.0058440118041276,-2.9964850085028543,-2.9324923499386113,-3.170036379666254,-3.197688084587057,-2.987325348835113,-3.033279766525189,-3.0138255717992783,-3.054175313697464,-3.0236274828171337,-3.0236274766980236
-3.1111602473243103,-3.079639113082195,-3.016368047500895,-2.946190972557851,-3.176610405759182,-3.203273443859139,-2.961907546438231,-3.0390556731654166,-3.022080702604932,-3.0614986797940937,-3.034978903527073,-3.034978897285557
-3.1562182800210734,-3.136101502112425,-3.0413689547568628,-2.968059734551471,-3.178326652362417,-3.210774633298913,-3.010502728221712,-3.058264904365229,-3.0315511226671163,-3.0704757238413705,-3.045767019695862,-3.0457670135037214
-3.084214647365692,-3.0669384644348145,-3.0374658408871613,-2.962290442492963,-3.134251380205328,-3.1701679844371036,-2.9502606743712807,-3.0260806983946678,-3.012782656996061,-3.0542062837495125,-3.0256374309976612,-3.0256374244820914
-3.090405218356089,-3.0715201569074213,-3.0546153423983045,-2.979197111430653,-3.1672894997915115,-3.1922713554302766,-2.9600033170347615,-3.0457043570768842,-3.0252901418725906,-3.066161440002199,-3.049949719442466,-3.0499497127111104
-3.0484944617115985,-3.003578494611806,-3.0162064553123717,-2.9390757610251694,-3.0377351538180015,-3.038172732858052,-2.9327469201698686,-3.0171184901718675,-2.9925781465881807,-3.032926691245306,-2.988367846365726,-2.9883678397753526
-3.013914608439523,-2.9741066311743807,-3.000069179575934,-2.9280496895954586,-3.09880676528622,-3.0649968835781953,-2.9674749628511705,-3.0266224604090284,-3.006551411482779,-3.046002941668188,-3.007256658722083,-3.0072566521610438
-2.998145023837006,-2.9696377677308163,-3.016416850275691,-2.9531930365942074,-3.1635877102547414,-3.1158651645069337,-3.0557248681352833,-3.0602904636189816,-3.0172310571889795,-3.0562259827126654,-3.0309929264267903,-3.030992919666679
-2.9879874306124874,-2.970582583344488,-3.036907228169255,-2.979492935038592,-3.202845624727965,-3.1532180272899533,-3.114272373335699,-3.0778692944246795,-3.031320028734123,-3.0695422509860197,-3.053684729859711,-3.0536847230107864
-3.029300547318284,-3.0105488243843643,-3.026605516892747,-2.972866293447354,-3.1921599445387656,-3.113492502938867,-3.1263569145811902,-3.1014859735886517,-3.0430074412800066,-3.079841973557364,-3.0446085204914004,-3.044608514519713
-3.003199183932602,-2.9853856079834427,-3.0435100654115828,-2.9968301588775077,-3.2457271938554575,-3.1403358193878144,-3.170438397078942,-3.1255565570173065,-3.0553027460460345,-3.0917289112787465,-3.0694197214643704,-3.069419715237716
-3.003452650382233,-2.9895437168200933,-3.078687459624903,-3.0363049207055837,-3.277568135366538,-3.170623603590683,-3.193847753164409,-3.1510575298321766,-3.0685279858445433,-3.1043188413444858,-3.085266337112908,-3.0852663310034316
-3.0431085653021066,-3.035513618836581,-3.0988019655501593,-3.0598656472862418,-3.212264538499981,-3.141294190252568,-3.1373048442340417,-3.1014260803606435,-3.0313423198322202,-3.0708396944627685,-3.056565817686151,-3.056565810555284
-3.0109426627418356,-3.006222439729188,-3.0989676660755734,-3.059826485452783,-3.184562469032328,-3.1244409464924847,-3.0920943211941134,-3.0453402264186957,-3.013335888684526,-3.052904334245762,-3.0320870097856862,-3.032087002480183
-3.016471815233322,-3.0183356272668607,-3.1075366977324257,-3.0662595779658046,-3.227237638054261,-3.1565047286641206,-3.1093374259835747,-3.062827885329159,-3.0266727435308294,-3.065204376566108,-3.0541786495340704,-3.0541786420984893
-3.0727633451633314,-3.069992963390599,-3.1226396616093326,-3.0805057786298184,-3.2353373570324777,-3.186779702010023,-3.123429054375279,-3.073265863865136,-3.0324061578779045,-3.070866686008251,-3.0723902699553682,-3.0723902622250594
-3.100288462628259,-3.1135234969000543,-3.1442668882137803,-3.099369983532531,-3.271710955604171,-3.228992025203315,-3.1553161433724086,-3.1006033227145964,-3.0460160872773274,-3.0837408292979873,-3.0972070700748078,-3.0972070621829384
-3.097427960810035,-3.0967040590123265,-3.161229644710231,-3.1150198074353157,-3.2881931133417845,-3.25452742979018,-3.1789279036278613,-3.1277735994699443,-3.0533240290340244,-3.091184493706203,-3.1153593032061395,-3.1153592950738034
-3.2308851677234465,-3.2561275979025694,-3.1976563904059834,-3.1494042643050837,-3.3040798228643546,-3.2785276297328725,-3.1856086243265214,-3.14571786766464,-3.066720160068016,-3.1040845677812383,-3.132422200499721,-3.132422192353824
-3.203247371209227,-3.220334671493384,-3.2281578268987645,-3.1782661274587514,-3.3303715322632472,-3.308032205252624,-3.204877728581473,-3.165981261633399,-3.079587565821813,-3.1163972753488465,-3.1556510949478263,-3.1556510866097134
-3.2859650219332908,-3.329863476764691,-3.260867609508903,-3.2120247530611885,-3.3256308793394664,-3.3091518568824343,-3.2003120319939846,-3.1809655183815293,-3.0653386787742596,-3.1045941382263127,-3.1543638037784696,-3.1543637947293925
-3.270719830990598,-3.32230910317302,-3.269565295984418,-3.2270057437516666,-3.344208103375718,-3.3162309721979453,-3.1862498016716567,-3.186258333239442,-3.0787420944039288,-3.1173369283237697,-3.1679326685912343,-3.1679326593662447
-3.244981619523963,-3.276677790032941,-3.2802564194036408,-3.2350819935493362,-3.3648130012353676,-3.3280498886912753,-3.1923339305064635,-3.1915391515593243,-3.0926751240968717,-3.1307076062553434,-3.1916355554186775,-3.191635546037218
-3.252661930269422,-3.2966435026363365,-3.2882673053169356,-3.243959872895177,-3.3548505282698327,-3.3210432102852963,-3.180275329303749,-3.1811937265020935,-3.1022597958024174,-3.1398349894799233,-3.2023242597170336,-3.2023242503778384
-3.3879612429559622,-3.3927080625766797,-3.28372223393095,-3.2401357119671883,-3.331720984923461,-3.3150825904789682,-3.163605362694466,-3.169204639849596,-3.1076979769341277,-3.145304938974276,-3.2194034960631557,-3.2194034864438796
-3.2992133986280927,-3.3495810718890016,-3.2577908062050804,-3.197307254595775,-3.2632181413066674,-3.255331783966901,-3.1106399818239145,-3.0756771542252435,-3.1627923446044743,-3.1701516218813146,-3.176279012910364,-3.176279007949414
-3.3526198164967025,-3.3570338286486567,-3.228591823122348,-3.174000824603736,-3.300101530028381,-3.255188677922677,-3.1176180718061284,-3.092711768112808,-3.170705118944209,-3.177736348099907,-3.1904201879039564,-3.1904201828317182
-3.269112267241016,-3.293680610471002,-3.198716650453794,-3.145653352163583,-3.241280352594769,-3.2000060632379927,-3.076220941493899,-3.027953833481345,-3.1433288425641885,-3.152335029091712,-3.1487722931103717,-3.1487722881088187
-3.292508917867594,-3.3128809952285048,-3.1985858765866313,-3.1465038295481405,-3.2752177717962896,-3.2128641712307524,-3.0790867620797098,-3.059170419420466,-3.156167334000327,-3.1650438512706054,-3.1692490345601962,-3.1692490293846056
-3.2627323982511096,-3.2740820279481166,-3.2297786517698044,-3.181623190564667,-3.273113074316522,-3.214133270399171,-3.0642491281463515,-3.0267959605412713,-3.124693681569914,-3.1343615898254233,-3.1361010991081306,-3.1361010932570235
-3.3151580553727475,-3.3395739398672433,-3.2448605067789975,-3.1987016552175254,-3.2662400875519166,-3.2232769520869473,-3.0932177119066577,-3.0432380544211206,-3.1291727300671432,-3.1392989257559685,-3.1449512628850904,-3.144951256641362
-3.3500539308536705,-3.3543000043583406,-3.268205644217675,-3.225622040327052,-3.2828867202756262,-3.2544184284025506,-3.131124367870024,-3.0766611167422084,-3.1339363732003225,-3.143869340927292,-3.1624761438063764,-3.162476137169736
-3.388925168735265,-3.3827122947664243,-3.25045249135134,-3.211354626634507,-3.305279606767962,-3.2383589463387024,-3.135968995695641,-3.055917158151442,-3.1326497309981196,-3.1416488371482414,-3.1246009340281886,-3.124600928681833
-3.2556695561061337,-3.266200506198957,-3.181159547380015,-3.1471739387831414,-3.226427570800908,-3.1742803256728194,-3.061363421616837,-2.9603275727781124,-3.1176119943188825,-3.126406324852278,-3.077344663847841,-3.0773446588954263
-3.196404232189394,-3.190043981775143,-3.1294847586882266,-3.0937436729492895,-3.0634908154561797,-3.0484839680316664,-2.973265251716544,-2.880419373955058,-3.0636827663157815,-3.0771909026079713,-3.015554689040058,-3.0155546830897184
-3.1183374940901905,-3.09664125008514,-3.114971837844677,-3.0777918378465126,-3.1076800173568775,-3.0684415287589952,-3.026321032363852,-2.908096479051204,-3.0673495830621533,-3.072017414592135,-3.033526638779953,-3.0335266325740484
-3.055767602930584,-3.0595342599487827,-3.1070688429777684,-3.0690677820133123,-3.110279217296059,-3.0703017297258843,-3.0754171815973526,-2.934605491597318,-3.0435608424848484,-3.0523926456614183,-3.031016249442457,-3.031016242619668
-2.97738907612546,-2.9966855626205415,-3.118664462549635,-3.078741523295956,-3.1596108316021416,-3.089224298940521,-3.120891916065863,-2.967614851150705,-3.026671019024075,-3.0391499366634114,-3.025640054593595,-3.025640047274267
-2.9545375529621363,-2.917880981374447,-3.073955394715824,-3.024070386098465,-3.0348159073448544,-2.9642487743901174,-3.0443278446931084,-2.9423800043079416,-2.9944956940057583,-3.0071371859862275,-2.9655220560648967,-2.9655220493530843
-2.894187688772079,-2.8217512208381166,-3.039607298375506,-2.9831968280990524,-3.054014516571211,-2.961218196712113,-3.0887450822458793,-2.955907056576928,-2.9886803130059247,-3.0007252712798143,-2.9649976438192436,-2.964997636933342
-2.8846310094006604,-2.8038330679987604,-2.993345859008018,-2.949585016417464,-3.0511674465262555,-2.948697411225371,-3.08810487050693,-2.924663345958145,-2.9834628503025797,-2.9947277757184225,-2.9408835227451524,-2.940883516374236
-2.8247391246589473,-2.76485752585005,-2.9659981150388237,-2.91342389034987,-3.1290739048660323,-2.943421136044127,-3.089375111496283,-2.9370859665243403,-2.997937600713639,-3.0086114672803106,-2.9218421712510274,-2.921842165678454
-2.80015849424256,-2.716494484374776,-2.954962162353207,-2.910778166214875,-3.141705970769447,-2.94081492488567,-3.0681002454408883,-2.935327593989753,-2.9929205665454193,-3.003831931065006,-2.9237574211966484,-2.923757415559191
-2.8804418760555013,-2.81995364037841,-2.9182071215292282,-2.889766365895252,-3.0614341169709514,-2.8986417849663857,-2.9852024943750517,-2.8635207012189294,-2.9599348528670753,-2.972838627042163,-2.8837778307877127,-2.883777825173115
-2.7650302653333396,-2.702803947501163,-2.8627919300218165,-2.842638971972735,-3.041914756141927,-2.8667469671088512,-2.92324657595546,-2.8511562783025486,-2.9629631121442346,-2.97607286027984,-2.8937482779325485,-2.8937482719499537
-2.761897369414336,-2.711068535540189,-2.8225494780705764,-2.811522020523281,-2.988048945416651,-2.835781746397692,-2.8665083217858007,-2.8281840001755008,-2.957952240699654,-2.9710820264720113,-2.892640658632246,-2.892640652480599
-2.8266222476276406,-2.768926033976143,-2.809303013745458,-2.796501942688162,-2.9209795882858125,-2.808989747250372,-2.825606286449092,-2.8260695661349846,-2.9480205628636877,-2.9614529696929566,-2.9024155054492544,-2.902415499003783
-2.805341074705047,-2.738276984370578,-2.799932195794537,-2.778354565515481,-2.778019587463885,-2.7475519392528005,-2.747622047545941,-2.7516164556206233,-2.9079803369582766,-2.90256260887043,-2.876321357662057,-2.876321350626475
-2.825046648520776,-2.7726630818684974,-2.801860036783202,-2.7722551189364135,-2.7976840364162854,-2.780217312469536,-2.7980629743708927,-2.7899424909838153,-2.924295005054362,-2.918244554658385,-2.900711071477607,-2.900711064402492
-2.812129860651397,-2.7679791509131046,-2.7697629644872115,-2.7497693252660476,-2.7453167141781405,-2.756477915504885,-2.7726710371711625,-2.7468700671525053,-2.9103025931056488,-2.906188532243969,-2.874881897222736,-2.8748818901338384
-2.817037960972114,-2.77091392338116,-2.7428297762010105,-2.7185810577289145,-2.6310388629444814,-2.6941873576655673,-2.6853808779467303,-2.6717253720208656,-2.8576573801045955,-2.8602809708325716,-2.8430054536385483,-2.8430054459714023
-2.8486924104880273,-2.805725454598223,-2.745698316372879,-2.708741664238948,-2.6856141948315093,-2.7427997494611165,-2.723848597169853,-2.7216842205351783,-2.8729217180739224,-2.8746351200813254,-2.863555072305412,-2.863555064646321
-2.89683817458673,-2.8594359494885735,-2.7575915348117928,-2.7175173685876737,-2.722060338649565,-2.768480554781704,-2.773598225479918,-2.759214842735641,-2.8903029263868802,-2.8909234729930664,-2.8752666255460793,-2.8752666180822883
-2.8833825267220243,-2.854993034997073,-2.7814726707958366,-2.7398014335336263,-2.754035885815203,-2.8027120175547675,-2.829023645143701,-2.8030490085529456,-2.9070058013302775,-2.9066781766288243,-2.9020132901016478,-2.9020132825813336
-2.8910621905938254,-2.8761384040971745,-2.782077104488617,-2.739512306331992,-2.7410467417877458,-2.7904684100890327,-2.8380402829257876,-2.8246355865454147,-2.9107223120196535,-2.910325005477259,-2.901882483506833,-2.9018824760671373
-2.877754879523251,-2.8676200448721856,-2.7624524806994657,-2.725465412175556,-2.754242559049711,-2.7569123298733995,-2.8470099878052157,-2.862756331938322,-2.9244421481712357,-2.9225731265943646,-2.882622587499725,-2.8826225811284383
-2.830989949918514,-2.8294153091184304,-2.74659545550666,-2.7114364335505687,-2.7301478982828042,-2.6996091080378033,-2.816148417432465,-2.8614148078294868,-2.9040642357066844,-2.9036027999330476,-2.857583004603142,-2.857582998113426
-2.8855923184980883,-2.857239104362386,-2.749372351768047,-2.715959017340361,-2.7861254499291688,-2.7157053204138126,-2.857608649775276,-2.852769915208615,-2.891939748505208,-2.8923693649880655,-2.8483863659498705,-2.8483863595153562
-2.7674223301648135,-2.720464000002437,-2.735482501718284,-2.6997718465356533,-2.710110798255804,-2.658219668300057,-2.7878290367191596,-2.799164414201492,-2.852054516668224,-2.857411177244494,-2.816053498017892,-2.816053490898041
-2.791093400186048,-2.7530484242488615,-2.729137269054564,-2.688225250663213,-2.72005227119821,-2.674676718393651,-2.811335162952664,-2.8047120088600686,-2.8494840539459467,-2.855583893595626,-2.825590041365882,-2.825590033967923
-2.7976659835271844,-2.757361537498361,-2.7078296968813227,-2.674293707306801,-2.724742588086018,-2.6742684954604226,-2.813165080100987,-2.7800340723910866,-2.844254402662085,-2.85047570498497,-2.8157825431687136,-2.815782535864476
-2.7644789659095244,-2.7372435982051275,-2.7183340739579496,-2.6965642749643317,-2.8030872423179964,-2.7130205401065295,-2.8752618885964094,-2.82709208188699,-2.854950500228389,-2.8598090692397142,-2.841405097778189,-2.841405090314271
-2.854158904829493,-2.8524415445169815,-2.7417436348609865,-2.717971553337637,-2.861607970786232,-2.7576518677203645,-2.9237218097879114,-2.856158126080298,-2.869223434882525,-2.872940994685653,-2.8674018370214536,-2.867401829498219
-2.77579387566651,-2.7335880777746007,-2.6931818691840546,-2.6645450393206342,-2.750374678443846,-2.631392515543144,-2.7971005919152296,-2.8584104497654614,-2.8451619227526743,-2.8480152926933684,-2.788735349525885,-2.7887353433159454
-2.7905986279031394,-2.738981802441733,-2.688678732226989,-2.6611677658181123,-2.802178654696953,-2.6364962643162375,-2.831426167029517,-2.860515947762864,-2.851048228658697,-2.853007772135725,-2.7892211620082255,-2.789221156129188
-2.7580418613914137,-2.6959460714994985,-2.7014252452772434,-2.6739565454004013,-2.779840492160587,-2.6043449394596223,-2.78952416991601,-2.839603823119413,-2.8171363352055367,-2.820875478437279,-2.761365610424727,-2.7613656041987564
-2.8200600282462434,-2.7477443412073304,-2.7210665819091906,-2.6914428454502435,-2.8785369771752274,-2.650782649882886,-2.8561007815130184,-2.8680778634655826,-2.8252751760617127,-2.828386132530651,-2.7751340355979517,-2.775134029395986
-2.890212992623794,-2.8426561538761996,-2.7459954113464233,-2.7156472873391393,-2.971647959681627,-2.7248381002955084,-2.9444801530271967,-2.908893488400082,-2.839019686901488,-2.8409956362708333,-2.7998729444409847,-2.799872938242048
-2.8819879489969926,-2.842070611532466,-2.764444614210931,-2.7302858685899016,-3.010100840160778,-2.7667133455710387,-2.9736457764444775,-2.9375070277182393,-2.8548320861185434,-2.8554513751612127,-2.829498296098442,-2.829498289815441
-2.9254130071588076,-2.868233269282126,-2.7855279390672436,-2.7464596278389037,-3.0264005824601714,-2.8106136500759846,-2.9969672261911153,-2.963079562072561,-2.8703314835443487,-2.8696909564172,-2.8579552582046714,-2.8579552518586038
-2.9500840213661625,-2.9018001921554246,-2.7959239892604053,-2.756486001102953,-3.0189890733884015,-2.8214658863789026,-2.9927677460970696,-2.975547522163035,-2.883860585639629,-2.882266145244147,-2.8730869022169796,-2.873086896052499
-2.952666245419823,-2.903428161383899,-2.8048302294324685,-2.754441169943721,-2.9516158703758144,-2.801396976397041,-2.951609341464986,-2.9645216925756754,-2.878231801089549,-2.87717560540978,-2.874410462774593,-2.8744104565515363
-2.9421923692946548,-2.901757220177265,-2.8182057190150593,-2.7484758385120847,-3.0146183100256794,-2.84517401422568,-2.985984489960074,-2.988677297075096,-2.8936375200442024,-2.891375367796622,-2.891682079408926,-2.8916820734581057
-3.0025175014881915,-2.9321314755615404,-2.839767945172816,-2.7575039746625016,-3.040116974111379,-2.8713298350691483,-2.992612145558543,-3.0140052506920885,-2.9062659801188184,-2.9030581931225736,-2.9035063949070214,-2.903506389261932
-2.981701657859497,-2.9384237095443635,-2.847607296223395,-2.767950821778659,-3.044440920255518,-2.865697665071259,-2.9843135663317573,-3.0204125663197776,-2.9161930820874047,-2.912320522981,-2.9052708417637945,-2.9052708366062037
-2.94244066196401,-2.8924151313924726,-2.829796094094994,-2.7479218878530487,-2.951362615239401,-2.7665633533852043,-2.890346550456073,-2.9983350234533077,-2.8881271357725713,-2.88524915233675,-2.8679628728591227,-2.8679628676932185
-2.967298472903472,-2.908844083729229,-2.8308191727745635,-2.746141863162511,-3.0610215157171474,-2.8218146466947593,-2.9561820948958917,-3.0088417137384655,-2.903145168636205,-2.899212955348538,-2.8861876399248927,-2.8861876349477082
-2.8768343216951404,-2.8338490590079317,-2.8074316172105718,-2.7198565632925513,-2.970222665913875,-2.7793609041150873,-2.90669835788692,-2.9488371426231215,-2.876343476743929,-2.872407961165282,-2.859370801003062,-2.8593707957129815
-2.8695961630570164,-2.8227994248694737,-2.8008529350408655,-2.7180589975323404,-2.950405561973203,-2.7916316568546296,-2.892880162767795,-2.9287937003903073,-2.861063715694595,-2.8594895780949163,-2.853862352370599,-2.853862346718693
-2.9002675705681025,-2.8480467508255165,-2.810595307544725,-2.7275947741865534,-3.007972662926809,-2.8447051975940605,-2.9609276315697146,-2.9734591562977384,-2.8759029483125986,-2.8737467746236542,-2.882487643006079,-2.882487637178874
-2.955419972344778,-2.9189780144930544,-2.8438635810543147,-2.764879163180863,-3.0318712120756333,-2.8645281968214795,-2.9752393701437745,-2.97261323278663,-2.842434783070855,-2.8426530905582426,-2.8503386366760246,-2.850338630573851
-3.008171455410488,-2.99015045756001,-2.8846332758488913,-2.8035045955605793,-3.14461308007232,-2.9593733746882847,-3.0981616234021643,-3.03169952960769,-2.859555726737723,-2.8589960927037343,-2.8792304161025317,-2.879230409920372
-2.988486244460881,-2.9572404875444116,-2.9111408484606924,-2.8265295960607335,-3.129552670430881,-2.983670808387416,-3.1260069419857883,-3.046053199611092,-2.8619011957358182,-2.8620088066382885,-2.882479813462153,-2.882479807119918
-2.8762456689795917,-2.86167466939383,-2.858939423857205,-2.7752077294631365,-2.9602845912847666,-2.842793358616264,-3.0007444136237167,-3.070841093817881,-2.8492831310142637,-2.8496730515000257,-2.819800354113352,-2.819800348868978
-2.8397780977748983,-2.792731492742785,-2.8368474184265686,-2.744772615472104,-3.066259861559516,-2.8409906432980168,-3.0462033105016038,-3.086723178342679,-2.863375259659483,-2.8622555266682332,-2.817191161780625,-2.8171911573004493
-2.884639663905869,-2.8511099200781542,-2.8446544324592606,-2.758888858775456,-3.1519714260749456,-2.8914759406351873,-3.1179623706801594,-3.1035017389083186,-2.878560702477174,-2.876469607131319,-2.8456373790183527,-2.845637374431786
-2.940473709025831,-2.891733424322316,-2.8659950843689295,-2.7851108177874915,-3.175311191647207,-2.9406948227352836,-3.1536133674973885,-3.1214289143688694,-2.8853688038350254,-2.8837702487349897,-2.8674968310022217,-2.867496826170417
-2.920789000383113,-2.8846734922018245,-2.8877931349675294,-2.808396021820678,-3.1951231918674505,-2.9851194136495685,-3.1769518898193434,-3.1515251661434265,-2.9006863483399554,-2.898472066869486,-2.8916290222871073,-2.89162901744945
-2.932623771046054,-2.894331688970615,-2.900487350801917,-2.815441949040644,-3.1530724026714685,-3.003937900973962,-3.1604601628661753,-3.133356086888789,-2.906205084272054,-2.90485696980157,-2.909933061391437,-2.9099330561080876
-2.9647216280807323,-2.94227547655656,-2.917969551649119,-2.8309072596750577,-3.1678244211433864,-3.046497364095221,-3.182539405003572,-3.1727520727659964,-2.9188187979288367,-2.9174004182382203,-2.935588456856034,-2.935588451313273
-3.0092759980522006,-2.980216382040405,-2.932668789879962,-2.8448243474916786,-3.177427342500943,-3.0767188394028335,-3.1743185567234935,-3.2033320412987845,-2.934268803001835,-2.9323640901287247,-2.9624184462417955,-2.9624184405899205
-3.0380546763740854,-3.0071179254789127,-2.961035119976626,-2.8679645305818537,-3.197331748702661,-3.098576502057273,-3.1659952522009203,-3.22491176764922,-2.9463373076837995,-2.9444441159928263,-2.9796421088418885,-2.979642103297879
-3.018292486273608,-2.9703310969272403,-2.960794390153757,-2.8626359097935077,-3.098730020160331,-3.031127142760041,-3.1160228659173708,-3.1864471301607455,-2.930219053455104,-2.9294165542428314,-2.959341759431843,-2.9593417537479474
-2.9759807372346803,-2.9416868173842907,-2.9561761525033345,-2.8583128680352887,-3.127693808140385,-3.037945427620301,-3.141594252325721,-3.1736176326830607,-2.946081018080996,-2.9446008511895716,-2.9646032222831047,-2.964603217279974
-3.027136489904385,-2.9910684479301652,-2.9758009421667957,-2.875944183527086,-3.1585910682351854,-3.068957151810012,-3.166621395459528,-3.1863479563580777,-2.961877786591957,-2.9598172543695855,-2.991658140915045,-2.991658135809089
-2.9965943162462123,-2.9648650326353465,-2.9789949444166313,-2.8861447606502098,-3.1498977203616025,-3.0672750968339013,-3.151427142338468,-3.159652047413861,-2.973477119384734,-2.9710328083073665,-2.9921786653845226,-2.9921786607111476
-3.077023065514547,-3.0333302569389637,-3.0087180244165874,-2.9147598339477705,-3.1612735322764305,-3.0737359639001722,-3.1189377270688943,-3.1735292433199347,-2.9874716534671686,-2.9849998220701606,-3.002762316149014,-3.002762311619062
-3.0106440399873557,-2.9803638638378565,-3.0006303746830767,-2.9042441140645536,-3.1383412698988202,-3.0663941107134054,-3.079159739128697,-3.138000112005169,-2.9896657791315455,-2.987953971568593,-2.9991837521781584,-2.9991837476514585
-3.054655555035941,-3.0277267033074082,-3.0148674506845383,-2.914364979246976,-3.128949405452622,-3.050058370027215,-3.024589131955839,-3.1255443722739935,-2.982104745873129,-2.9822979059479993,-3.00322750159213,-3.003227496606842
-3.0049421916759376,-2.986399919073744,-3.015622977962102,-2.9175954759916505,-3.0524608645888396,-2.9918248417897693,-2.974296734748653,-3.1098298376932827,-2.979984964368389,-2.981338026962765,-2.996607491136505,-2.9966074856113543
-3.0697097726512412,-3.0538066693071757,-3.046849931715397,-2.9489874814293495,-3.0994351050466777,-3.0310999042845044,-3.042594200230034,-3.1487061246711843,-2.989151615562493,-2.9902434391320174,-3.016941384819731,-3.016941379132139
-3.033915514557762,-3.0162911101199334,-3.073489566331256,-2.974517888878248,-3.131074701705006,-3.0595688793509423,-3.0738204354635306,-3.168952594522632,-3.0040051115303075,-3.0042859866319365,-3.043068320071875,-3.0430683142549593
-3.0638007708922608,-3.0366033784043975,-3.1010605878860558,-2.998225926994732,-3.1283170140934047,-3.079916013348024,-3.0899461958932926,-3.1847834447522922,-3.013340096323228,-3.0134818105248677,-3.056457146865436,-3.0564571410463865
-3.1003013702396567,-3.057900826573622,-3.1348015231150277,-3.038037141895607,-3.1869439974116585,-3.1355125252391454,-3.1168723743007547,-3.223817221815034,-3.027903333854923,-3.0273829746960947,-3.080986074656059,-3.0809860688040187
-3.1539349977934554,-3.0622163057158467,-3.1188431094090836,-3.0259757938812983,-3.163649013555978,-3.1212308849295116,-3.1148367542536084,-3.159519275888022,-3.017894779914835,-3.0173642082149867,-3.04638632641977,-3.0463863212232853
-3.173258475715615,-3.124644709842938,-3.127405180492876,-3.0363648255384197,-3.2015639851541486,-3.142515172441679,-3.1117558823647427,-3.1722031127375385,-3.030986097545436,-3.0295755768169284,-3.0673255002031525,-3.067325494935282
-3.113756160799511,-3.0514427361495358,-3.1334400628915806,-3.035103967649784,-3.1807647786226845,-3.122755663388366,-3.061875525122527,-3.161658970386814,-3.0163925799121754,-3.01882908176652,-3.0708415172189154,-3.0708415110145575
-3.132044772294571,-3.0673595122171626,-3.1427936933080405,-3.0453809815301875,-3.2072336703332454,-3.1356706048777547,-3.066859008588229,-3.1910772964245764,-3.030325007063081,-3.0323263809204533,-3.0955900866394557,-3.095590080024147
-3.105062863694145,-3.067788509093961,-3.1648694629125558,-3.0715794854196665,-3.2149845087754736,-3.148306281534446,-3.068155668632415,-3.2126314225699364,-3.0450649042243896,-3.0463288605353673,-3.1038073031293005,-3.1038072970590593
-3.100472686139727,-3.0768207232449507,-3.1709713785365046,-3.0784687799384653,-3.213389942814258,-3.1543208419948647,-3.0582958315323725,-3.2133408947687583,-3.055185271115226,-3.0562914719784975,-3.116728462682393,-3.116728456657749
-3.0996800345151563,-3.068748374487667,-3.190690000084259,-3.0981715420705482,-3.2319003087704985,-3.1845224578233258,-3.0827182558424697,-3.2237401698851276,-3.062564581684004,-3.0634784371575714,-3.132899176928155,-3.132899170729961
-3.1910106452825397,-3.187542118513173,-3.2240420666969225,-3.14840226838641,-3.2588384950813953,-3.1954343294666536,-3.0717307949126185,-3.298946534718878,-3.0767122294323257,-3.0772600301232895,-3.1398897925991314,-3.139889787098965
-3.241676899139965,-3.23793083821821,-3.2472430351905035,-3.171286965703694,-3.277651451978065,-3.222056602192762,-3.080891662834781,-3.306840062808798,-3.086444338258225,-3.086880811853532,-3.1590750737782995,-3.1590750680368016
-3.1986356705272367,-3.183920861437448,-3.2543032630949678,-3.174729212389495,-3.2093387485302243,-3.178756637822658,-3.0685435997829003,-3.3179136381582817,-3.0839785391968015,-3.084592006926757,-3.150130027796824,-3.1501300217881183
-3.217405455789078,-3.1919636587741973,-3.2710641217862992,-3.18702770469185,-3.2623987544958943,-3.227208205948808,-3.1495117527835297,-3.345840312629333,-3.0981893476525055,-3.098164267845064,-3.1692619107474727,-3.1692619048568833
-3.2633601941433064,-3.1920842246685064,-3.237575492864173,-3.150188335604934,-3.0362386061269877,-3.1021558037480927,-3.0044587372833336,-3.0822433158858815,-3.0280800372510024,-3.0355716172843574,-3.1097423847578067,-3.1097423768903525
-3.1422486926359987,-3.0659707683555313,-3.138940976982883,-3.053257315892908,-2.9637121070974617,-3.011975496322658,-2.964671768368866,-3.0734534785905976,-3.007343587013543,-3.0157313373432335,-3.0585592448149956,-3.058559236681566
-3.038093392804745,-2.976907115821085,-3.0858432299315988,-3.0031833422171905,-2.9342684811704367,-2.933391538175468,-2.9315496979838396,-3.0406664171334956,-2.959516708761958,-2.9706474432081844,-2.956441886214868,-2.9564418796573344
-2.953747351249146,-2.9069863074689373,-3.0384752049104873,-2.9671000475731777,-2.9448499178619034,-2.891050277095438,-2.8946045298741647,-2.975319108124232,-2.934325269524263,-2.946423020677962,-2.9143893168624357,-2.9143893105716376
-2.9619467695055253,-2.920653992663106,-3.0096156831386853,-2.936135603887503,-3.0044625330274397,-2.895966625207637,-2.9279524789468754,-2.9835179702153134,-2.943976498606555,-2.9551992463553978,-2.922659537007755,-2.922659530955262
-2.877965783077838,-2.855295600239887,-3.0107188201151045,-2.936767590579988,-3.0762371597264906,-2.9407959958292267,-2.978392312807362,-3.0294824636442304,-2.9535192945414517,-2.9646843706258856,-2.9455287978149194,-2.945528791514207
-2.949648123061273,-2.9022532188678927,-3.0267102291856585,-2.953278914606983,-3.0871975129268643,-2.953277749594278,-2.9688501494726225,-3.0197951610054794,-2.939856410449837,-2.9524408758467797,-2.9394632627093773,-2.939463256079395
-2.94834060175227,-2.926254491800135,-3.0524063395853056,-2.981611518545299,-3.1524484256746677,-3.0069164729818554,-3.0120330499580295,-3.0597485108089355,-2.952939840624942,-2.964787557051253,-2.9641886402054314,-2.9641886334521685
-3.011660702976596,-3.008865884845595,-3.0956471576867353,-3.036977968516053,-3.2144890375553183,-3.0761341812321046,-3.0608264545023327,-3.1073102653294304,-2.969093035167293,-2.980098829314866,-2.9904088425182365,-2.9904088357278207
-2.9999031776740486,-2.995308930110169,-3.057118533739608,-3.011848179601427,-3.1484713094912626,-3.058915976620312,-3.0230936357362577,-2.993087566298696,-2.949489902708475,-2.9593271209267944,-2.933210934412763,-2.933210928153753
-2.9982905030497626,-3.0310136015378397,-3.0271097683419135,-2.982885375732048,-3.148772342975784,-3.059339189844595,-3.0441007508656006,-2.9964463043161285,-2.9582076800693056,-2.96739096464331,-2.94556001211494,-2.9455600056636264
-3.0036545792870912,-3.030446767938602,-3.0239133509347567,-2.979017891828253,-3.1958189146723246,-3.09340061986266,-3.0982616063399417,-3.028389649873258,-2.9725178161775547,-2.98107450908507,-2.966628743575072,-2.96662873717255
-2.9723341779768147,-2.997673903647625,-3.0227909019426202,-2.9786535177131075,-3.1742502682169436,-3.0975381462228966,-3.086854626676177,-3.029706477006572,-2.97455866036877,-2.983357996511753,-2.9741761686061787,-2.9741761619504827
-2.9858032936276855,-2.9779594530369082,-3.0305177275057305,-2.98563261828078,-3.169189228294182,-3.117366540572861,-3.086022236918409,-3.0646343969473824,-2.983848266239877,-2.991967787035789,-2.996171407522797,-2.996171400718081
-3.020988611054947,-3.011199062032027,-3.0425396577426325,-2.9950417270539624,-3.167465435239505,-3.1387165862201334,-3.1126502842879153,-3.08184672430565,-2.99375670075163,-3.0012390737741743,-3.011959422346946,-3.0119594156250087
-3.0137242712191625,-3.0441884496003047,-3.047999784528412,-3.005515641861148,-3.1868702675963956,-3.158315726096159,-3.136562433465595,-3.1307932650915458,-2.997512222994285,-3.0060289599162546,-3.031758884715067,-3.0317588772429658
-2.9871510608404908,-2.983736701682375,-3.0656029751479585,-3.0280539993180966,-3.1121366139862037,-3.110252599055775,-3.0999423443602367,-3.114002540844485,-2.986076317627247,-2.994982324000243,-3.0204884528480824,-3.0204884451958374
-3.0078530223398494,-3.02741274175105,-3.092469948451505,-3.0528907229830784,-3.1527689618503167,-3.148533927190362,-3.1224912026679164,-3.1363212711738466,-2.996572773260959,-3.0046874836710344,-3.036319800295978,-3.0363197926272756
-3.048242987985023,-3.0588194389712013,-3.1231257782000545,-3.0783569138260365,-3.1994702541821853,-3.193948838612962,-3.1797850772918803,-3.16627029534307,-3.0064727330221723,-3.014519092318145,-3.055536475158889,-3.0555364673679954
-3.0825622849413854,-3.0872169602028494,-3.1501413030152827,-3.0980631777259573,-3.191455755079878,-3.2104919075686538,-3.1852261850644843,-3.179371557577002,-3.01525108386386,-3.0230705089609176,-3.0720386012744263,-3.0720385934487044
-3.151594973479397,-3.225958399859346,-3.1722857624531935,-3.115546381563848,-3.237023915509093,-3.253019922607364,-3.230686240078894,-3.2219824467804257,-3.0313990592964326,-3.0382673890817053,-3.096312005670941,-3.0963119978437446
-3.1413994731542756,-3.162482907668264,-3.1690535691924144,-3.1016572311000807,-3.2849612636964007,-3.226149454958556,-3.2199016060738446,-3.2498712357540676,-3.047567001004702,-3.0535187289245194,-3.0978237579351555,-3.0978237509541877
-3.147994594203417,-3.1585978874242144,-3.155056355944261,-3.1053234040123217,-3.314799325346683,-3.2179492461122052,-3.2095324416218833,-3.255208084040862,-3.0615086578463857,-3.0672028258048285,-3.1127078118177045,-3.112707804856555
-3.1590769439238175,-3.1250873313908656,-3.1285864905795826,-3.0823479011522004,-3.180019189045741,-3.128242941605286,-3.124475908236658,-3.1674544419982222,-3.038773107413908,-3.0466791524048906,-3.094092139748307,-3.0940921323646577
-3.1596911339034577,-3.1377430381371827,-3.1206764914015217,-3.0778072877928166,-3.2560985765229162,-3.169840755188311,-3.184523058664666,-3.200129393972178,-3.0552597788391616,-3.0625459169481677,-3.1140384398710386,-3.114038432657844
-3.2355222483169257,-3.197435346014058,-3.1228748976190044,-3.085250624481322,-3.294407828890825,-3.191378676940441,-3.209507944622714,-3.2395624176121887,-3.071221247673564,-3.078014810874271,-3.1380070859760725,-3.1380070785495926
-3.1179458275517096,-3.089045214267749,-3.121099771197489,-3.0920251838336696,-3.3099071936756532,-3.2102618528826277,-3.2205562309275164,-3.2420188013279763,-3.0848738176089148,-3.0911049287231873,-3.160664661346512,-3.1606646537889604
-3.1431909660399526,-3.135334877733965,-3.1334468074442174,-3.107691727923853,-3.319238852842215,-3.2287282746400945,-3.2190114529482714,-3.252426564280559,-3.1006424484134487,-3.106372842053428,-3.184827858673996,-3.1848278510925447
-3.1762802590701282,-3.1930548827565053,-3.159421069977656,-3.1346497599841756,-3.315263369442742,-3.233315395931572,-3.227116747785093,-3.277151417689132,-3.104037177085991,-3.109960134513897,-3.1913791001661456,-3.1913790924298286
-3.142748539944229,-3.15906072829421,-3.1959971831367247,-3.1686400764060414,-3.3123677039534147,-3.241452632703857,-3.2195350887370715,-3.2608914334748667,-3.0973758827605704,-3.1056295107172702,-3.182385653082124,-3.1823856448230416
-3.125838425439863,-3.1689768138412004,-3.2067067057395584,-3.1692944693443232,-3.2297069323171224,-3.1773281375857394,-3.099886219794167,-3.158631817096894,-3.063427360530895,-3.073623487201132,-3.1234519368746083,-3.123451928630558
-3.1497537417155206,-3.154924827608846,-3.2230026226030315,-3.1783161423765205,-3.273996786803072,-3.2066522085045874,-3.1421902185621864,-3.182659558850486,-3.079117629650379,-3.0887285640953865,-3.1489010219333826,-3.1489010136122406
-3.0709852151788386,-3.0857630797490856,-3.2433456830492142,-3.1880812976317316,-3.2781644857789445,-3.2216457173467643,-3.1555789650420865,-3.1806855788465596,-3.0721512494605654,-3.083556521674297,-3.1500854659725244,-3.150085457180919
-3.0777041414504547,-3.098281040884963,-3.2629672942488113,-3.2057653971498725,-3.3088139054292234,-3.244004909272429,-3.189451785542417,-3.2077963127862947,-3.088243611391823,-3.0987699865558547,-3.1650974709224324,-3.165097462391533
-3.1167100621342207,-3.1478089156581817,-3.274341599181653,-3.2159467704955285,-3.322871736072927,-3.2674101471450787,-3.2287292095508358,-3.2348433614934615,-3.1004803501616376,-3.11028604553995,-3.17480761840048,-3.174807609742551
-3.0913198564261704,-3.106273570213947,-3.2811802060390702,-3.2189634422735773,-3.3594029690468084,-3.2857781733073863,-3.2551078213496085,-3.262833299547669,-3.1167548694798244,-3.1258161384776737,-3.200166326846042,-3.200166318133575
-3.1300397683527272,-3.141651137519416,-3.2830874713653735,-3.2247552513517457,-3.2859783084174894,-3.2572902152005967,-3.250437573511124,-3.2560653632391654,-3.1129026250375142,-3.121697629103798,-3.1988522483280275,-3.1988522392272283
-3.215714134936844,-3.2063276541433643,-3.2854073442685543,-3.225110306182555,-3.292935565876413,-3.266080160711125,-3.245679876796057,-3.2526609631065497,-3.116116227260443,-3.125743672312635,-3.204071578587344,-3.204071569201175
-3.2392373906822987,-3.245622303712249,-3.2954343727122666,-3.2375380659010853,-3.3130593905355923,-3.29771774567955,-3.2724998713749573,-3.266965707199235,-3.1284307948996593,-3.13758676093023,-3.2256867862285015,-3.2256867768131454
-3.2167030269646,-3.225381357023301,-3.2953554495436457,-3.2350680613978167,-3.3376188279442305,-3.3091753228705256,-3.301183246920101,-3.2967740432478454,-3.1432839477863017,-3.151404181430889,-3.241197747935059,-3.2411977386621547
-3.2074409466122704,-3.207876308147755,-3.3045694622336357,-3.24198164045895,-3.359409818172314,-3.3174396223815594,-3.2915863594976202,-3.30868421474794,-3.1459139828643683,-3.1556081674491496,-3.2471183149457783,-3.2471183053691686
-3.1505565207888164,-3.1483189388500206,-3.260655596026032,-3.219863741652768,-3.1953804716754384,-3.190030665746453,-3.1066991686470975,-3.1477015968671305,-3.0955027948005513,-3.110082422447622,-3.1534547894358487,-3.1534547801517947
-3.0931650176479017,-3.0920309225595,-3.237836474959174,-3.2101819840532526,-3.2339457608343802,-3.1954690980558205,-3.1508950786796963,-3.1728922073690047,-3.100450337465307,-3.115027703611141,-3.1583368890107524,-3.1583368794518427
-3.173871092784431,-3.1866720376712276,-3.2233858689964805,-3.2016401315670997,-3.2849589281960685,-3.2059990437478634,-3.1769673060208565,-3.225983192584594,-3.11516308938601,-3.128664780598935,-3.1830363445586998,-3.1830363350051853
-3.1994580021613226,-3.21015028519236,-3.2194116421461048,-3.201682834541697,-3.2625280285644576,-3.187817368489411,-3.1264955522204403,-3.2204063394972167,-3.1188560050796,-3.1325643437843107,-3.186978032585982,-3.1869780230007447
-3.19024269729717,-3.1629575905656937,-3.18406641174237,-3.164437119539257,-3.201072193087988,-3.134558856954374,-3.0541327460427934,-3.1633785040188824,-3.087981844214894,-3.1070389877708147,-3.161655657552572,-3.161655647119477
-3.1187008267876353,-3.1357249828580613,-3.1734173381461233,-3.160213308744088,-3.2274456970085925,-3.139322608397911,-3.035702453738016,-3.1863417808265737,-3.099316472680346,-3.11723214468033,-3.173212119980912,-3.1732121098804287
-3.207205550775855,-3.198870500246572,-3.158595921188679,-3.144521386617522,-3.1998251715335955,-3.123657872998111,-3.024966694384773,-3.167392254812098,-3.0978566405133674,-3.1148692219033887,-3.1684146239714237,-3.168414614062484
-3.0611898896735807,-3.0429943490456792,-3.057126174126378,-3.043660420847596,-2.971353095962307,-2.966937081898231,-2.8486520885134206,-2.876908046080694,-3.0089891140576857,-3.0274847772007973,-2.9857455120512624,-2.985745504191171
-3.018674210412722,-3.009212526338964,-3.0122624659799957,-3.0042805923302867,-3.0458766430818365,-2.992348861415528,-2.899982610929319,-2.9430032172366234,-3.0226761749483,-3.0399935243648817,-3.006579997437245,-3.006579989594658
-2.98365603711055,-3.0009685320809503,-2.9873734074981106,-2.9774924083645216,-3.0067006410190347,-2.958743080782252,-2.865872363159699,-2.9334000287662585,-3.0090537803176094,-3.027424475023296,-2.998885915866368,-2.998885907929387
-2.9058158522960316,-2.898054872523992,-2.91726464335595,-2.940872206311634,-2.953900493330131,-2.9443150909629043,-2.8864582826746297,-2.871216826469004,-3.0157980283980224,-3.0264132829657098,-2.972689138979643,-2.9726891337659533
-2.8462188719554216,-2.836656106509058,-2.880968784432193,-2.905101855764401,-2.9782271892061702,-2.941877568827988,-2.8949208663012103,-2.9201170281070086,-3.0271108752627773,-3.0367392679526897,-2.9932971882849913,-2.993297183038154
-2.785481872364978,-2.7645527656806115,-2.8721383154170868,-2.892042950083815,-2.852726625029078,-2.8781157078758595,-2.8278778759448566,-2.838860940240451,-2.984268083216723,-2.990230920997076,-2.962752610574287,-2.962752604711804
-2.8313876172123793,-2.8172031418658126,-2.8627016871076574,-2.87759168607312,-2.8723223725036098,-2.89068660629715,-2.8484722397270357,-2.883899628328946,-2.990371329513827,-2.9956846286080725,-2.972296016551537,-2.972296010816806
-2.8174246303066,-2.8178840648068304,-2.87894178063865,-2.899319618929195,-2.911635948214202,-2.951845243403814,-2.8786528225083585,-2.9517594538090117,-3.016670901062085,-3.0585517795391874,-3.0402325800824963,-3.04023257869739
-2.8608945024404053,-2.8503555659046067,-2.888990439257102,-2.913746660345494,-2.9554551180945747,-2.9969505982629356,-2.9199519066856157,-3.019487084201754,-3.0325450374643435,-3.0731091979212244,-3.064222624725122,-3.064222623236555
-2.943049409914025,-2.937290619461332,-2.9169562286120447,-2.950555868851933,-2.9983371972925448,-3.043894313661445,-2.982087720656546,-3.0828792088796653,-3.0479056375303917,-3.0873708469684527,-3.086138172133042,-3.086138170662855
-2.9735879330782646,-2.973261285194819,-2.9558083589435187,-2.9936410788633525,-3.015534778864855,-3.077128073798333,-3.026486701531074,-3.1085550943133082,-3.058242324986254,-3.0968019003481113,-3.0981339355677884,-3.0981339343755714
-2.984412329351841,-2.9796155296184326,-2.9884373879354675,-3.022431222279061,-3.016413557086829,-3.0964532119391674,-3.038792649094261,-3.11153443059675,-3.0632154714849538,-3.1014287970002776,-3.105291667700752,-3.1052916665423407
-2.997729082723976,-3.0307488954571236,-3.029187037178785,-3.049887386936815,-3.057626541382379,-3.138764175380543,-3.105913950720268,-3.14709316955273,-3.121092862146998,-3.147782120697767,-3.17328172817741,-3.17328172798742
-3.0157293438564623,-3.0558443322880766,-3.0732361621830853,-3.0827267104780067,-3.087175968326173,-3.1667292718424225,-3.177819740335672,-3.172251893821592,-3.1507217901628755,-3.196324957101722,-3.217489408600424,-3.2174894070329048
-3.0461924258530897,-3.07253342304097,-3.0855608621354333,-3.0916107079383406,-3.141362672996004,-3.1921853660686725,-3.184142918908896,-3.186315919765823,-3.1656716128824582,-3.210047727567779,-3.2208453726274144,-3.2208453717046575
-3.01521780538334,-3.0118545870819053,-3.055458997816417,-3.0529880049864633,-3.0054680225860686,-3.104622284325172,-3.0724984818609853,-3.050095760967576,-3.110484947471686,-3.15954979628149,-3.1619862339512013,-3.1619862324599755
-3.081754395407754,-3.0812178886756283,-3.0445629760657953,-3.0376873931859723,-3.0643725316329053,-3.1500129741742597,-3.148872798131091,-3.103075987568712,-3.1269157339418943,-3.1745579619848234,-3.186259452349412,-3.1862594509088877
-3.0526094376922335,-3.05266914702593,-3.029001285238366,-3.0246644498594013,-3.059340672937572,-3.1399072607226572,-3.190044766004497,-3.1397979560424556,-3.1331747006113813,-3.1796995091622424,-3.1846773485423787,-3.184677347254097
-3.0579705067450864,-3.0558584466576764,-3.0707334654469403,-3.0595030272025188,-3.116086776812574,-3.175822523447198,-3.282174350764654,-3.196485830061313,-3.1838788378979026,-3.2009077137333133,-3.2294878634841915,-3.229487862180753
-3.114325302647741,-3.101907839570574,-3.0925541013453834,-3.082675945035544,-3.1473361077332784,-3.209151459655671,-3.341861693318505,-3.2276596677780547,-3.1972167220125924,-3.2131970849113998,-3.251825464347921,-3.2518254630971324
-3.1704149347050063,-3.157905582153085,-3.127655679953951,-3.1170469485052696,-3.198718520611405,-3.2619919912253272,-3.4085776508001957,-3.2477978929579527,-3.207456826024668,-3.2226406092637614,-3.2706793446389604,-3.2706793434113344
-3.163698094533551,-3.1574026840270633,-3.150423663665689,-3.132202247982586,-3.235009979022866,-3.2874512743888085,-3.448521164901516,-3.2811315378946952,-3.2217218413418687,-3.235529184703021,-3.2877190821996303,-3.2877190812550507
-3.1651211988352355,-3.14140900085978,-3.16492506790522,-3.1561210476510695,-3.251079969484017,-3.2845483898298466,-3.431591766400975,-3.290004035409811,-3.2275560557077325,-3.242032133732349,-3.2906569268215193,-3.2906569260271405
-3.1811231574748664,-3.1845760296862236,-3.1897743248722943,-3.1826558169745436,-3.283096170262173,-3.300207053411697,-3.4272455549817145,-3.3156697234802124,-3.241142227415945,-3.2549376160568206,-3.309832840860711,-3.3098328401594586
-3.1887353449326232,-3.197410425330008,-3.2085020027307847,-3.195691230301646,-3.301427668604058,-3.3090252744136888,-3.4388219741776775,-3.3373345361073223,-3.25028916782186,-3.2630255630897724,-3.3217271789464027,-3.3217271783337967
-3.1639514668966444,-3.1463188577945296,-3.1986426973884434,-3.1745631444879954,-3.314486041508278,-3.2626783115832385,-3.406035446541519,-3.375532484922033,-3.260376668006913,-3.2712448191929875,-3.30820452525536,-3.308204525732732
-3.193689422056938,-3.1901529101138735,-3.2203826492277683,-3.1976415222188685,-3.369664858624386,-3.295943257421593,-3.438062410662914,-3.3759377599844385,-3.2720625434746804,-3.2821318474078742,-3.3287995499318823,-3.3287995504052468
-3.186922092718663,-3.1857422244728046,-3.2245590120885925,-3.2030613366068525,-3.3432940961967086,-3.2856444997816436,-3.401095461732167,-3.3499108232673462,-3.2657550943201885,-3.2784175150337784,-3.331497350200391,-3.3314973502013183
-3.1651077019446507,-3.1637891488347414,-3.231900424521447,-3.212967207007407,-3.357431448842472,-3.2943409663402785,-3.390519970325814,-3.3551371326558277,-3.277894075845227,-3.2900417189681805,-3.353175259870323,-3.3531752598423594
-3.2155252426857492,-3.206083709951352,-3.2459141843827672,-3.2284717268574044,-3.3496961094300985,-3.311230421803244,-3.4019082094624076,-3.369003159731095,-3.287846792664896,-3.2996219016940795,-3.371061562923677,-3.371061562820034
-3.275473243476498,-3.27314966610986,-3.2570215301716336,-3.2356459643553084,-3.3313828692751235,-3.3330954231835057,-3.413268885269652,-3.3585764492353967,-3.297478233918661,-3.309598591941956,-3.38160679202669,-3.3816067922474344
-3.308279526004671,-3.2957169602846053,-3.270852722565839,-3.2445309295901117,-3.3494451716316958,-3.3641348563058346,-3.413297490408839,-3.3667440526240937,-3.3108078168251165,-3.3224684226767227,-3.3961633275031975,-3.3961633281560433
-3.308200377376484,-3.3061031310662807,-3.3014628943325928,-3.27156120627667,-3.3776301464998895,-3.404301887710653,-3.451153316829187,-3.401552804301097,-3.3222497787012073,-3.3334173001966745,-3.416539244239229,-3.4165392448598952
-3.290031698705089,-3.276128148360722,-3.3212809789041495,-3.295337058230166,-3.288102393028697,-3.3560640646759774,-3.366219848418452,-3.315405475669719,-3.275004556189743,-3.292772263377544,-3.360615647646589,-3.36061564711909
-3.2888972598463795,-3.2781345921757366,-3.3193786599047246,-3.299045148091722,-3.2905175633609733,-3.3470343396063136,-3.326540403207225,-3.2962895833304753,-3.282068748964446,-3.2981658516216545,-3.34797844548949,-3.3479784458252233
-3.2683191960842186,-3.261638799003201,-3.2966671872588096,-3.2710326809742996,-3.1862128379399994,-3.2876104293887294,-3.2536035396809386,-3.1978034828220503,-3.2533172483253026,-3.2722348071518295,-3.324683329539547,-3.324683329330677
-3.2413852079274568,-3.2356352269430486,-3.2677523353646407,-3.235920345577666,-3.184041368785258,-3.300628145721185,-3.2821937244022474,-3.23088851058829,-3.260911191489461,-3.279382659836341,-2.1041646723352256,-2.1041646370794123
-3.259692688710324,-3.2497631231233637,-3.210992244626105,-3.17523168095201,-3.046179129479187,-3.170851488465834,-3.190799749464103,-3.145579759837474,-3.1938417368796026,-3.2153634342890616,-3.226239432965663,-3.2262394319408703
-3.2101218267803877,-3.1606834597355777,-3.1557808907467404,-3.1165653769369976,-3.048674210765502,-3.1781162774124163,-3.231330608744999,-3.1627879640141017,-3.18452447098855,-3.2073564782476556,-3.2200835580830143,-3.2200835568741555
-3.262468581459179,-3.235576740946251,-3.1361075633558695,-3.0955656672280183,-3.140070739482094,-3.225701882614403,-3.34085734443681,-3.2315683451655826,-3.2005661158892957,-3.2220447051039534,-3.23669285022521,-3.2366928493407836
-3.286877928353045,-3.24248498401808,-3.162748977056144,-3.13167618439171,-3.2631985719338523,-3.3134220364664895,-3.4748616482556374,-3.2987592634032756,-3.2141618866330353,-3.234631496748362,-3.2551484693253814,-3.255148468582867
-3.296955420158761,-3.1983885051390875,-3.181149388088293,-3.150348156251192,-3.292891993520893,-3.2676480182045626,-3.4751555136916474,-3.252795733236477,-3.185103678092971,-3.2027372448569453,-3.182129146293133,-3.1821291473140647
-3.3095267481230057,-3.225230909660847,-3.2247045959522116,-3.194807174766181,-3.35105153316743,-3.284717094204457,-3.514881328684829,-3.262044346209755,-3.175842308916491,-3.1950011172803023,-3.17983913431714,-3.1798391350808606
-3.2634737905518536,-3.1951529172982402,-3.2489243114164306,-3.221571741023003,-3.3698799665486967,-3.3056581687423017,-3.5825815991225323,-3.3094120974179333,-3.183242656131916,-3.201737560160324,-3.1878897906024544,-3.1878897915235282
-3.236362659775941,-3.1587769671064687,-3.219882612640267,-3.179753049651697,-3.325565445557889,-3.2417810113024625,-3.5399768382744017,-3.3298985595509722,-3.186511670531817,-3.2032175584905076,-3.1669381802269534,-3.1669381819213522
-3.2068215504655178,-3.1615410229087306,-3.1973863727476046,-3.165149141286003,-3.3214256523724393,-3.247486743934285,-3.535582094223073,-3.356716048162479,-3.1897406738359093,-3.2074270032557477,-3.1761861790672565,-3.176186180593555
-3.241079888405814,-3.169707282926959,-3.1888262268878567,-3.1594891745809464,-3.385780643099827,-3.294119856050206,-3.6116323180136054,-3.3870707179091752,-3.2040420423497467,-3.2204563553450885,-3.200566949443777,-3.200566951015738
-3.2775690955094787,-3.2643332877874824,-3.2122472441299412,-3.193331416183601,-3.371823143955874,-3.303481992440531,-3.597054728830746,-3.401788550464753,-3.179108224662996,-3.197609942510908,-3.186607580977537,-3.186607582075592
-3.2080832741688536,-3.1538809278929905,-3.2225348314954125,-3.2009259721181222,-3.4094587415329842,-3.3253947437112075,-3.623093603243961,-3.4081938636320284,-3.1936288145350047,-3.2109265882180074,-3.1951154160967703,-3.1951154176473113
-3.2511519847515244,-3.2249366435393148,-3.2224574805305046,-3.2030243740967492,-3.4070995416448095,-3.3366801187990918,-3.614279958501295,-3.3762159689034856,-3.2012913683745667,-3.218940448368489,-3.2115362442288466,-3.2115362456055414
-3.2952129887055954,-3.293694579502602,-3.224729875177812,-3.2046099434259006,-3.398114631003974,-3.363415890668381,-3.634049004968851,-3.3653812229766684,-3.2110986088347095,-3.229342400447008,-3.229923088798203,-3.229923090113088
-3.3035649485409033,-3.275472467140669,-3.235607870030792,-3.209307871599529,-3.4123322881476885,-3.3961356569030494,-3.6508626989253252,-3.3920204288383906,-3.22679507746125,-3.244128488429827,-3.25374878221222,-3.2537487835546934
-3.282192760682606,-3.277772720759512,-3.249885365542998,-3.222352434980982,-3.400590754303774,-3.4230696428036826,-3.66593115770327,-3.3998106381476556,-3.2408987839471575,-3.2575843471159907,-3.276616152273741,-3.276616153549683
-3.358356602435046,-3.3524768208231874,-3.2709238865505386,-3.242464526117171,-3.3660518501964334,-3.411595079508412,-3.628836871640598,-3.3821596977266903,-3.236689273592503,-3.25332943304514,-3.268813672495429,-3.2688136739277693
-3.3600645565385303,-3.376245832464356,-3.2885345195900593,-3.252146005843662,-3.410735192101736,-3.4349970057268733,-3.652832652743257,-3.416728303005212,-3.2521534890333688,-3.2680195660318327,-3.2895387348423935,-3.289538736442926
-3.2974115163386073,-3.3332484296093305,-3.298029215029005,-3.262574069026,-3.402979364484661,-3.4288820621171743,-3.58831445671811,-3.4012977558699737,-3.261055252207968,-3.276600875249505,-3.2980157545573543,-3.2980157562256363
-3.217116316507551,-3.219515649400566,-3.264664036524458,-3.225075128844101,-3.196450772878495,-3.272920910287698,-3.3293449300141904,-3.18908064135442,-3.1738399893392457,-3.1969602653578066,-3.191983829807471,-3.1919838304277652
-3.188486814229521,-3.2022637957945514,-3.2564449320706874,-3.21987809901192,-3.2408373221463784,-3.2853355133317046,-3.3799691312516824,-3.213565858496927,-3.185080156859549,-3.2073145018136935,-3.207376998753424,-3.207376999325077
-3.165318126244392,-3.1530634594089246,-3.2360066845715867,-3.190313076386536,-3.280847537261898,-3.2672793946409993,-3.426315256260419,-3.236938388769742,-3.1974494086883842,-3.2178449102615216,-3.205462323098473,-3.205462324423947
-3.193701788273892,-3.1426227576746335,-3.209832032401547,-3.1564886884767347,-3.2771291245464864,-3.223217029186731,-3.4081157368237114,-3.25007377766102,-3.1966708119127087,-3.215818246621632,-3.1979678748798435,-3.1979678764224904
-3.176541874283398,-3.136647006237971,-3.206603419376502,-3.154654070424517,-3.3207659144470294,-3.2599167373245415,-3.4735443595091104,-3.2781746206076496,-3.2092455686025945,-3.2282321402761793,-3.2205664123577487,-3.220566413808688
-3.184281895129488,-3.1416809116466373,-3.218386573124371,-3.1736351219090095,-3.3380217215126984,-3.2944058050484673,-3.5070717041172434,-3.297391818143003,-3.2235023572491057,-3.2417026127941266,-3.2396186164971104,-3.23961861806951
-3.170572292828475,-3.164261152417306,-3.2398297431549494,-3.201371025173449,-3.370259986354931,-3.337365054407739,-3.602920339222364,-3.3412041249527427,-3.2368818951495273,-3.2547852933909307,-3.2616557824756276,-3.261655783917093
-3.2204386205027973,-3.1519485695175966,-3.2244060484908026,-3.174019290148195,-3.2994995235880844,-3.2762017876398795,-3.481994754576732,-3.303064957564982,-3.2297605141545365,-3.247084921376552,-3.2488955561017114,-3.2488955578374865
-3.23290104645534,-3.146460764094872,-3.225752052182067,-3.175666926138723,-3.3347935243870506,-3.3143400555242826,-3.529741470319318,-3.3247507168124555,-3.245387271808716,-3.2621757322336693,-3.2732996426103567,-3.27329964427999
-3.228575118170566,-3.164721524111375,-3.2445319451203662,-3.205931566045633,-3.340700883042528,-3.340723253292429,-3.5509320106588538,-3.332380681312843,-3.254003787032965,-3.2711296047560143,-3.288071048170959,-3.288071049775003
-3.2044035636638384,-3.125969296896864,-3.2391523777048814,-3.198135324081745,-3.3361496781110147,-3.3063954684244683,-3.517199985367222,-3.3471033300471316,-3.259097733131743,-3.2749886585426893,-3.2874770420069996,-3.287477043795109
-3.2579131740551412,-3.193125668435184,-3.257112481307655,-3.2166630584678133,-3.375353045822937,-3.3190306406410492,-3.510155239571719,-3.3508751944681956,-3.2731823331868757,-3.288972584106377,-3.295570814384347,-3.295570816327349
-3.2446573946828905,-3.1862850873169437,-3.2655869231102654,-3.226288792929754,-3.3751768617335998,-3.327624410817007,-3.4682340342575353,-3.3393914912143674,-3.286398334189581,-3.3017295279013137,-3.3111770839854398,-3.311177085929896
-3.195971833755991,-3.1181150348758995,-3.2511757699487625,-3.2095056730751588,-3.330122208225685,-3.296309386814451,-3.399562301678383,-3.286449210838357,-3.294954939598342,-3.3122813685481662,-3.306565782697109,-3.3065657856744513
-3.219691276556792,-3.151705292496926,-3.260347896278572,-3.2197155203432493,-3.3440241089464795,-3.302837769469358,-3.4143387673745744,-3.3102126040449558,-3.3045535812240043,-3.322031999475038,-3.327955266957039,-3.32795526961062
-3.175170009501713,-3.113894132579274,-3.2659520888607227,-3.2340995985043617,-3.2970504927844297,-3.281287142346482,-3.3631065152673036,-3.2736381862119437,-3.29753468106337,-3.3161921149858213,-3.320866841033996,-3.3208668437828313
-3.1898718393451078,-3.1331039359676085,-3.2300132082368194,-3.213635361753946,-3.2545052119064026,-3.2481128028410966,-3.297646281820701,-3.2488770729028635,-3.3135350869497966,-3.331405266022756,-3.3306343546656523,-3.3306343570075816
-3.1982456425447823,-3.1545924940361862,-3.2194702376726383,-3.215599968843118,-3.23459360385146,-3.238684008323792,-3.266413737584065,-3.2488434701513373,-3.3184349199360144,-3.3386793430906128,-3.3457092776196173,-3.34570927947698
-3.2876100744734758,-3.2216950870558323,-3.210588741108494,-3.207710479848764,-3.264321969323783,-3.2349861917778537,-3.2799959734053807,-3.254894840851927,-3.3270792565376035,-3.3457387032864068,-3.3486697137418595,-3.3486697156594425
-3.293165605509804,-3.215818894638109,-3.2122175232011383,-3.2126966815375857,-3.2728071649921278,-3.2524746618335767,-3.3007420615954137,-3.2588494870393205,-3.332311272929762,-3.3511541330081847,-3.3627933066752336,-3.3627933084227712
-3.2864437962367217,-3.219216105212002,-3.2022588423972564,-3.207164089775133,-3.274661483088327,-3.2577283087322413,-3.2937836722247114,-3.2470352848881125,-3.3331758925512043,-3.3516405620400533,-3.374631849600048,-3.3746318512095517
9.487299714063106,5.898595885997862,3.1673555862837546,4.617319107323702,11.738571016367779,7.367515023989288,11.792128423829912,7.285488864563501,11.822818854995516,13.07639382499628,15.229473196122733,15.229473472378931
34.771438734526896,24.30825357701473,29.945179813189718,30.27784221996297,16.60332908162016,22.98152320681618,22.077227284552748,17.771619820532457,37.914850346162254,41.4498518120748,42.482298551033686,42.48229860504952
-2.9265455289420443,-2.865904945423589,-2.897286925540011,-2.882205864467167,-2.6199825126561027,-2.7615250421491284,-2.6915363981364813,-2.6467674887035266,-2.951871143703066,-3.0274070612682085,-3.0244729785990287,-3.0244729772406576
-2.8004916244886737,-2.7937453382363233,-2.7646231450610594,-2.7485994402137397,-2.6481977795339486,-2.761568651858518,-2.6967578549374394,-2.695463065627047,-2.95296137260143,-2.932000044713601,-3.0367052122841103,-3.036705210109152
-2.7930729845422393,-2.7706950932893557,-2.7148413362490915,-2.69362813738517,-2.7165842692152253,-2.7785339834400666,-2.7077473004575903,-2.7393332983281637,-2.9421364618815486,-2.9299555638742594,-3.023227141858618,-3.02322713993553
-2.7833019429704438,-2.746475376995636,-2.717622098788869,-2.6986023481183015,-2.7781388778910197,-2.7894933291933466,-2.71847834283197,-2.764618700231098,-2.942911847158752,-2.936433273332651,-3.014024680829457,-3.0140246790526652
-2.738278342708038,-2.708227767741355,-2.745835907562175,-2.731515711808407,-2.849354084766917,-2.7991980751365837,-2.763556301190509,-2.820081796715992,-2.938090131107547,-2.9403856753258095,-3.025183292825916,-3.025183290467833
-2.7702245854796215,-2.724125413109932,-2.771830769739625,-2.749480208579219,-2.932228784037873,-2.8391194888321145,-2.8383578494476414,-2.8808251069181314,-2.9606126267969715,-2.963970183616377,-3.0455661834558674,-3.045566181484496
-2.769462883568588,-2.7134260355899396,-2.8123528461553793,-2.776294692930053,-3.018359024365685,-2.8699502596443285,-2.8896622282022544,-2.9321373482144146,-2.979874219388191,-2.985488025845489,-3.0503399031984575,-3.0503399019577224
-2.78925099904019,-2.707367113165693,-2.8388698050075587,-2.797769098856956,-3.031566342545177,-2.8817103238672876,-2.9377526461310657,-2.9645363811647987,-2.9973705694457458,-3.0042036388518922,-3.0574458974776606,-3.0574458963157256
-2.7949699397137966,-2.735830177911073,-2.860928389125675,-2.8153301986357624,-3.0307935215506854,-2.905426018395747,-2.9811456273039703,-2.9940092702808876,-3.010768617468044,-3.020256595549008,-3.076703664720714,-3.0767036635332037
-2.8560219994809355,-2.783412170128714,-2.895086785521697,-2.8589012750011737,-2.9954567849485585,-2.886532179670957,-2.965287236700425,-2.9860977620577254,-2.9633337670330415,-2.9855590888045755,-3.040311356070852,-3.040311354302141
-2.817373676991497,-2.782631149514321,-2.917332465646001,-2.8758246546206996,-3.0881567848682536,-2.9191419319717973,-3.0215033750832876,-3.024781126240909,-2.9818534712219167,-3.004035751519736,-3.0614923787065575,-3.0614923772303904
-2.8208818480363322,-2.7740497699820352,-2.9417892363980327,-2.8962166154166846,-3.124201648772945,-2.939284873702198,-3.063062254647826,-3.058965694763133,-2.998730168550491,-3.021542546143621,-3.073270310314368,-3.073270309041309
-2.909177137374745,-2.8404461085464776,-2.958892669793742,-2.9036681751046993,-3.133637036789927,-2.9625101173395323,-3.0915356404802297,-3.0819592750656946,-3.0126506041013017,-3.036404690201106,-3.0932746085629743,-3.093274607457004
-2.849278193517956,-2.812515515157683,-2.9691826325093356,-2.907982217260378,-3.1001444916147287,-2.9737941473556067,-3.100983021635915,-3.0875014008002295,-3.019768811686726,-3.0454450279783756,-3.0994895674478027,-3.0994895664360547
-2.9753603727148668,-2.909276249453151,-3.0001390225658024,-2.9417038586422386,-3.1277051557540254,-3.004422885252964,-3.104800988800592,-3.0828275605071225,-3.026878114309963,-3.052922993459713,-3.0955330857310335,-3.09553308515417
-3.0455245315588257,-3.0019119037532076,-3.0248847129506844,-2.9631918787711085,-3.1829339582448455,-3.021815463568064,-3.131399621484011,-3.1080799605743,-3.0459990495586364,-3.072576863017116,-3.1059507490545264,-3.1059507490630045
-3.081062752837338,-3.0354112394086235,-3.0682150488372466,-3.004234975166599,-3.2175224789836605,-3.049542279844485,-3.137935954771447,-3.1235792448107973,-3.056699194500329,-3.0846105148747847,-3.115490848828359,-3.1154908490191726
-3.0712968667637606,-3.028087053814099,-3.103128403985046,-3.04355466247839,-3.250063615487245,-3.1014655309094716,-3.1867214317887007,-3.1588059749458286,-3.0756256920766423,-3.1034961534107817,-3.136670708704039,-3.136670709164556
-3.0727206992011564,-3.0167595491693513,-3.1258545909022697,-3.065389626302693,-3.238577556199965,-3.1301005144226863,-3.1893873290985226,-3.167502780032213,-3.092378227710908,-3.1207966817467465,-3.1632580701095554,-3.1632580706136886
-3.1595115682988038,-3.1016698996534022,-3.1485499622755464,-3.0871995646147314,-3.227798621948579,-3.155688324737236,-3.1913661090745147,-3.1712329917295174,-3.100286555635262,-3.130641787322322,-3.1802328119574197,-3.1802328123011243
-3.139446806738136,-3.0905977488632685,-3.165248450412496,-3.105398863415958,-3.20841177465892,-3.15646972474033,-3.2026622282370156,-3.180507018541867,-3.1196263653079632,-3.149568887637945,-3.1861940913008673,-3.1861940922901164
-3.015635408425071,-2.9771284298604734,-3.1202658708725326,-3.06297552011742,-2.9424971916378535,-3.0157989513643715,-3.001896383511478,-2.985660692874947,-3.039503165269834,-3.0763559915860603,-3.126935268495885,-3.1269352678840425
-2.9137190224248917,-2.878809944231504,-3.0529385640730204,-2.983751396086719,-2.898873466507984,-2.9862298422322384,-2.9553926988675063,-2.9684755493080432,-3.0345713572403996,-3.0737955164067103,-3.1234481908388663,-3.1234481902751785
-2.9227671135568456,-2.8920012858738513,-3.0098997905111053,-2.9305156727858557,-2.931863783077232,-3.0142284286878835,-2.9766043944137364,-2.9996944477207164,-3.053104715511098,-3.0919351543759044,-3.1494224909236572,-3.1494224905517028
-2.982109298238658,-2.949214965283457,-2.962790041915024,-2.890446925254546,-2.903294800658627,-3.018108452526704,-2.951648281035034,-2.9976406666456654,-3.0472721763789368,-3.075457829781088,-3.156205865029378,-3.1562058640837884
-2.942362389410327,-2.9106180970487756,-2.949756917592289,-2.879562993145374,-2.9402647941192375,-3.0506767431456683,-2.9802498351102567,-3.035478696774473,-3.0656525301434088,-3.0949615926480734,-3.1801598772141286,-3.1801598763584744
-2.9114005580683275,-2.8815287922246977,-2.9362490752118955,-2.8732373126257875,-2.9201023991746062,-3.0327968549647117,-2.962614347091837,-3.018520354743826,-3.0585941305097024,-3.0909600164529047,-3.1576259429787457,-3.157625942297189
-2.9630902287167786,-2.9307815759221203,-2.9713866596899905,-2.912676690106278,-2.985764407638806,-3.087523624335698,-3.037722544726827,-3.0627997029130865,-3.0684357522038654,-3.102663652893883,-3.17584546926131,-3.1758454685604836
-3.0237616829008624,-2.971536803784665,-3.0082657466690947,-2.951602054635213,-3.027011592932076,-3.103951459140079,-3.079239875247492,-3.0937630212766054,-3.0656495341069503,-3.1045324320971615,-3.1836805888537696,-3.183680587718319
-3.051506734255442,-2.95710547085288,-3.033489753761077,-2.9710591995268607,-3.0898946699185963,-3.133271924801188,-3.1318697654459515,-3.1316359585366476,-3.088219694474348,-3.1262976769557085,-3.2116366585813196,-3.211636657727558
-3.156871909703638,-3.051229638971506,-3.076344626260905,-3.008901383722296,-3.170607658974208,-3.1931485739641507,-3.196389337547515,-3.1745361136875783,-3.110663350328708,-3.148240398154569,-3.233185079825331,-3.233185079441118
-3.109263854425854,-3.0424062038575768,-3.1328710091060965,-3.0574983701930325,-3.2242186813032574,-3.2569303608031936,-3.259016985751101,-3.193059523711723,-3.127912932459595,-3.1652856216344754,-3.256779433203522,-3.2567794329720208
-3.314258512273654,-3.2016488993567305,-3.1849947301417645,-3.1073288408623365,-3.251973680198747,-3.289126477574991,-3.282420983230303,-3.2031671492564175,-3.1464707221186776,-3.1837178726018776,-3.276601166469539,-3.2766011664925276
-3.291580427375692,-3.1851854396560917,-3.2320055748992216,-3.1563357987515523,-3.242251628055173,-3.269701602367343,-3.2476250218320284,-3.249336719958418,-3.1200184030100555,-3.1643078436129954,-3.25900392053937,-3.259003919455753
-3.292515262114955,-3.200253722985682,-3.2500056981454306,-3.1663805099226074,-3.2922292871517236,-3.288370655427618,-3.251482351200561,-3.2603731456069425,-3.1422934877466986,-3.185835460505987,-3.2891321534244726,-3.289132152535422
-3.3506409326290076,-3.2696054859164465,-3.2694560463987,-3.1848563345002274,-3.3147435209642824,-3.319104975706872,-3.279635783537013,-3.2640731474211737,-3.163569074832376,-3.2065606293210798,-3.3086623803773962,-3.3086623799020893
-3.3326138486295345,-3.267603523267576,-3.291776680742319,-3.2010095328727584,-3.334719387245743,-3.334903118051019,-3.281050712914429,-3.2759260792359517,-3.1802497320061893,-3.223792914276155,-3.3304319103078788,-3.330431909971251
-3.2875337384920913,-3.2595273118740185,-3.303286249980012,-3.217839658188167,-3.3233856993277917,-3.3372590577184873,-3.2763719090148187,-3.2689542525757544,-3.2014834750813526,-3.2444691882255525,-3.3358508434908676,-3.335850844196359
-3.2847609555087174,-3.253631271582081,-3.320068145893541,-3.244678833439377,-3.3300021216033207,-3.3451794668141295,-3.2900844690900186,-3.276164390902331,-3.220375395440532,-3.262944085988841,-3.3466425735058865,-3.3466425747613417
-3.329295198176642,-3.3198614146598193,-3.3393116503681775,-3.2643931035669986,-3.3225344315896077,-3.350568748839671,-3.311179483645047,-3.2976718486298098,-3.2341995318520116,-3.2774807695362402,-3.3607847172644356,-3.3607847185533446
-3.3666485879357033,-3.3823320605508176,-3.3722936526573855,-3.303820075363358,-3.33188775169603,-3.3732699582040517,-3.3365536207804776,-3.332058700630753,-3.240429225546501,-3.284433723131236,-3.367333567064579,-3.367333568442871
-3.385470708839885,-3.372845608453385,-3.382924536245505,-3.3006869672141974,-3.336526811231313,-3.3594915825221614,-3.2960079437224854,-3.3542786580881723,-3.2559480162193264,-3.299486357897701,-3.3616403681969973,-3.3616403706661355
-3.415368189161284,-3.41194007750872,-3.402339035220895,-3.317449300117353,-3.3840287280034467,-3.3918924713095615,-3.3117293651418653,-3.3620227230635558,-3.268456024540451,-3.3118877115469902,-3.37764117566276,-3.3776411782653657
-3.376305712302223,-3.3704550660731116,-3.420872831875003,-3.3371318426415497,-3.3135573251746795,-3.328068198998091,-3.2251253275088176,-3.2472460140827,-3.2092614818538534,-3.260677563736979,-3.2972148477219694,-3.2972148493553437
-3.3363016224326603,-3.315396572477206,-3.393365228258897,-3.309241263437565,-3.2258982975244734,-3.2159010998117132,-3.091406847896523,-3.1760145579891335,-3.1407768434931276,-3.197862923822305,-3.2083046805019375,-3.20830468187372
-3.3062656486377664,-3.2458244237163956,-3.3787075497192713,-3.2914269071631255,-3.2811329881684257,-3.204081994291471,-3.0636080477540717,-3.1621362264533825,-3.1418260827865025,-3.198886354669913,-3.196993733833969,-3.196993735255103
-3.3071393898085786,-3.274066609268831,-3.375953597064431,-3.298778025828806,-3.269024394811126,-3.174558380821205,-3.083229940884525,-3.1509118345919394,-3.1523508186122644,-3.2096662889201886,-3.1885747627063266,-3.1885747645952955
-3.2956139590887092,-3.29023332435804,-3.3813768924832077,-3.315494116627697,-3.292332418082977,-3.185920552609198,-3.1248600831629534,-3.18871166103951,-3.166856015655788,-3.2233163635728443,-3.2128098437609047,-3.212809845670189
-3.260355283024451,-3.2428357787453965,-3.385504315107773,-3.3190260824658644,-3.286970591070949,-3.1826981387895232,-3.109037472323131,-3.1924559721624295,-3.1632496002161545,-3.2210103006215873,-3.213335663407963,-3.2133356651632585
-3.246224802327572,-3.2269642222126103,-3.3860823288235666,-3.32408569320243,-3.330797855885675,-3.2076703763936685,-3.180758588134605,-3.23586224824353,-3.18305617651103,-3.239440440496595,-3.242051563090376,-3.242051564974166
-3.253005801982354,-3.229488830541321,-3.3870275483398222,-3.3332746681589005,-3.3282811080208274,-3.2217908975390843,-3.2217742991682914,-3.2557390413818026,-3.202504154451176,-3.2576901043134208,-3.260468064227126,-3.2604680664072667
-3.1753814981629054,-3.170325147345755,-3.36868571423455,-3.3320686122776824,-3.126891084146224,-3.137312427369614,-3.145317635529903,-3.130265054530515,-3.151799827528326,-3.2113847698124722,-3.217771731285219,-3.2177717328487097
-3.213589240774824,-3.21868798519997,-3.3588203930722837,-3.3177608749441463,-3.1561503165461673,-3.16072723484462,-3.182176399427608,-3.180460701745263,-3.1725241376282183,-3.230689263776424,-3.2475524193204355,-3.2475524209835642
-3.204411237583957,-3.187877825844991,-3.3314414872919125,-3.2928007407943336,-3.1203225847726355,-3.1433568411877957,-3.1511503223019535,-3.1741263781658438,-3.165345471012758,-3.224737179742995,-3.2359292850047914,-3.235929286568517
-3.2706743106549867,-3.2540151434733247,-3.322017874357643,-3.2856593585801868,-3.142545650510888,-3.150310175907674,-3.1725810421291,-3.2091588763113177,-3.1805524225909902,-3.2384965564845567,-3.2553401228861887,-3.2553401245947615
-3.196858504152079,-3.1825010190685683,-3.286245056614845,-3.2558694516938917,-3.069444474564378,-3.0942734913910037,-3.093000908055065,-3.1228670570898145,-3.1385540144000066,-3.199657411548977,-3.198481631691765,-3.198481633036964
-3.2186890820276957,-3.209972617728811,-3.280199648365062,-3.2434558825343656,-3.101431160161371,-3.1062030776344525,-3.096164213442779,-3.146252961261373,-3.1460488735281675,-3.2071912548669355,-3.21427422546447,-3.2142742266853324
-3.2477821813639847,-3.234078521394447,-3.2844528749821267,-3.2536716290239305,-3.1252012778587637,-3.130679426221338,-3.1039812043628845,-3.1700749877780248,-3.163678623260428,-3.224025647511981,-3.2306601249543023,-3.230660126597053
-3.221186275969585,-3.186483118001209,-3.2893135113995147,-3.2528643342746535,-3.1316914669820033,-3.1428976111022626,-3.108353398560668,-3.185928235202857,-3.176932045951797,-3.2357072759259093,-3.2493836092761086,-3.24938361106497
-3.230581905553574,-3.229758903402833,-3.3079948932565846,-3.2780459799074624,-3.142720011343637,-3.16886822090953,-3.114520693210404,-3.1982757394090813,-3.225142095916531,-3.2389676626690025,-3.2684907763012947,-3.2684907779836285
-3.1958467585784662,-3.185110033571843,-3.291351599049042,-3.280280435810022,-3.1849861993949844,-3.176885578151425,-3.12522000630454,-3.175785973071539,-3.2367647070651158,-3.250079276108631,-3.229881599342228,-3.2298816030379154
-3.1852966036996744,-3.1852486719792954,-3.2818110294397673,-3.275819418924625,-3.2128656512894676,-3.186766552737245,-3.145727972993321,-3.2287716461955718,-3.256038132315262,-3.268026633588185,-3.261863538354012,-3.261863542011246
-3.2184713541454495,-3.2127345646733665,-3.2896276443332555,-3.2776670549702676,-3.2291358184928285,-3.208407393333623,-3.15614800587312,-3.25176602380922,-3.2730716046220008,-3.2841862059265106,-3.2855110161501253,-3.2855110198725623
-3.3441418242859173,-3.3171136529794123,-3.3031380635756764,-3.2937877588873725,-3.245522669568559,-3.2268763125501776,-3.1385231788288492,-3.273921836972369,-3.2886487071751573,-3.2999798318153766,-3.302670273395295,-3.3026702771888523
-3.2952468716290277,-3.275928870227553,-3.3024392136791745,-3.280565343891238,-3.205777842486599,-3.214840536535494,-3.0963208886904767,-3.2459497367578285,-3.2753773359328364,-3.2879506035755557,-3.2913110324261843,-3.291311035982677
-3.371760787610596,-3.336646423394097,-3.3233385715097232,-3.292526874150546,-3.2190470937477818,-3.217311606685719,-3.088117818406532,-3.2554659774937305,-3.293247594549312,-3.3046733095306156,-3.2962874876290424,-3.2962874918769067
-3.338970190792105,-3.3214835471208515,-3.34054004503429,-3.3103252046946228,-3.2558417774626287,-3.255277605289666,-3.113239041737724,-3.2839283926617657,-3.3097002073709443,-3.320573843787156,-3.3196862155493605,-3.3196862197929713
-3.330605893065084,-3.274900685463858,-3.3023141567791052,-3.265962378821382,-3.1804870672835186,-3.1810078149123973,-3.066070591948171,-3.276453342095118,-3.227769609148201,-3.2412471309138455,-3.2210880685810137,-3.221088072950886
-3.2371183092389217,-3.1570938548961065,-3.2766823253452575,-3.2506815921908014,-3.2189506686023783,-3.1583221886498123,-3.077410801182977,-3.2782408102830316,-3.243094603496729,-3.2554462504735557,-3.2178327778629097,-3.2178327827477387
-3.2255227379039293,-3.1660944150772954,-3.2685687385784807,-3.2490523442130304,-3.1937032070204117,-3.154618136536646,-3.109416850696329,-3.24052457568901,-3.2446518440184433,-3.2583456448709334,-3.2244059616357257,-3.224405966301984
-3.0790645911929744,-3.0140835630233886,-3.245501067496403,-3.2337083729793457,-3.1453534500719655,-3.1415564307708763,-3.1347289013993223,-3.197304362310226,-3.244709635622036,-3.262444555968117,-3.230909156886096,-3.230909161376235
-3.1666339801198458,-3.0709667461262917,-3.208639561351533,-3.209053493489565,-3.0928934992438206,-3.1068118906431827,-3.103454889479266,-3.118639545435563,-3.2194594289547593,-3.23745954127121,-3.1823574645421946,-3.1823574690300958
-3.142060606479051,-3.0704583486709764,-3.212993040772173,-3.2169080351025054,-3.1406257059337452,-3.1473395488934095,-3.1427533768834937,-3.153505096736083,-3.2372094092333237,-3.25410034441545,-3.2102813113913635,-3.210281315818937
-3.1825312988007988,-3.1166004336182596,-3.227691397880741,-3.2310334665541873,-3.142375090806901,-3.186494946884301,-3.156817871886473,-3.173943834069167,-3.2486081137206493,-3.265544750082906,-3.2313078543337967,-3.231307858600326
-3.082684947705221,-3.0468135457759558,-3.2200099815374705,-3.2266715577388583,-3.122938194937886,-3.2175668607671195,-3.145585188281956,-3.1734654843266523,-3.253703548145686,-3.271682644373941,-3.243253086375052,-3.2432530906373356
-3.079450601121325,-3.0324996018871757,-3.207365098453277,-3.202709827019466,-3.1407879001246446,-3.2300768680902854,-3.1462994295560844,-3.183662144493195,-3.2597331107005774,-3.27956118718308,-3.25335359841009,-3.253353602794392
-3.1126458947982725,-3.079572465129039,-3.2042092305317404,-3.198232567549128,-3.153981728115669,-3.244142699047204,-3.1641243321108763,-3.2049757845175124,-3.2785485374343706,-3.297017714816452,-3.276814330906424,-3.2768143353316344
-3.1826524100277584,-3.1374453949845638,-3.2042590214958553,-3.204669065712948,-3.1563069642934414,-3.25353939197441,-3.173867199106042,-3.2203267901236616,-3.2956837914056702,-3.313419091166773,-3.300425269368626,-3.3004252737346
-3.223483288196478,-3.1569612775940614,-3.2170730781421177,-3.2185089676912275,-3.142831023262658,-3.249555934049182,-3.165394085854497,-3.2195353142974796,-3.2925510024985893,-3.3121377939831835,-3.3114159046914686,-3.3114159085620196
17.096233011820654,16.52977218741005,24.89821932249173,24.679609687847766,17.99119113866439,26.899331599779025,19.697249517761378,25.42924309200096,32.95446958567194,34.93885258681796,35.3910607220172,35.39106114365165
-3.0083058025552516,-3.0057012282081375,-3.030366068765712,-3.05575421781649,-2.7490486402444847,-2.915439579525586,-2.83594273064214,-2.877620935404506,-3.1088778892836837,-3.137588339738477,-3.1460287758588708,-3.1460287765859727
-3.0098698011976524,-3.0137071361193826,-2.999609431100789,-3.032213328758285,-2.8388087203765413,-2.9701256683795156,-2.9278954687862524,-2.9538566222012945,-3.1202921421867265,-3.146748230144943,-3.1663507076983626,-3.166350708435323
-2.9995980339716417,-2.9677568327721517,-2.988767109716691,-3.0131658803006367,-2.8834843526146097,-3.0001844426912223,-2.9750607079685016,-3.001600026661322,-3.1262802693811933,-3.150093420318908,-3.175961168617261,-3.1759611694770444
-3.0743827923295486,-3.0329416738241517,-2.981568645173282,-2.9983171925381145,-2.9192615628510126,-3.0264104553325852,-3.0264136960748487,-3.0413058010079075,-3.1328344805262054,-3.1538986469701245,-3.179746489149307,-3.1797464901637618
-3.0450447223484765,-3.008794983077635,-3.0056536483069127,-3.0209788668685675,-2.988600840086766,-3.0984568169122326,-3.1079029186611615,-3.10500454820599,-3.1494692308074237,-3.168174885806634,-3.20566113925143,-3.2056611403127304
-3.076446658253724,-3.0552781929329766,-3.047664923205276,-3.058477811101768,-3.027728136170726,-3.148103648579734,-3.1492779007111897,-3.138802961346027,-3.149671568366311,-3.167702403670094,-3.210815381935674,-3.2108153829028345
-3.1327833481312917,-3.10268417033547,-3.071582550306477,-3.0786552811392465,-3.0646354950941985,-3.185517279512438,-3.193550365027133,-3.164982380886698,-3.156819657118987,-3.172779543215445,-3.217356843415092,-3.2173568444424503
-3.1607828896203496,-3.1542552060118685,-3.0955590369696377,-3.093061067709604,-3.1103018659140633,-3.2413218977524143,-3.2440081363489623,-3.2013436285917103,-3.1730117288765767,-3.1870968366549848,-3.244102865282162,-3.2441028663147646
-3.1715317141879305,-3.1748982054574384,-3.1144734704609,-3.1013668167176096,-3.131335931587458,-3.2757194383447725,-3.2844573172168126,-3.2271893355497583,-3.1835924053273716,-3.195807272234357,-3.25944291434117,-3.25944291541919
-3.174445247877321,-3.1689826553188745,-3.127523445500432,-3.1083975910955317,-3.123171524027714,-3.277955015456007,-3.2533757469405433,-3.2080160381665936,-3.184052604422945,-3.196046551126194,-3.2592108842761256,-3.2592108851634096
-3.229528542231398,-3.214981708078899,-3.136653191383643,-3.112578033663186,-3.152833939827173,-3.2934313635167722,-3.258979475519788,-3.2215410247360188,-3.1973933148564164,-3.208131758801975,-3.280852483838178,-3.2808524846833844
-3.1552539043059546,-3.169219960746662,-3.146562629567077,-3.1178860702302664,-3.1157453075663053,-3.255397540791184,-3.216531014974625,-3.1894738999050345,-3.1644946607310755,-3.1795483986921225,-3.259288411457859,-3.2592884114105836
-3.1687652483050424,-3.1935085596639126,-3.167972679940196,-3.138700913794228,-3.15978846656778,-3.2766031648288743,-3.2234569572017575,-3.2148220461730608,-3.1811615200607495,-3.193519101912607,-3.2719740311291754,-3.271974031689055
-3.1955704157639624,-3.2180788667775335,-3.2071394298267224,-3.1712697070758598,-3.1858227003074533,-3.2821696594602274,-3.198568026585936,-3.199104388987995,-3.1698378011813815,-3.1804369591290245,-3.2535765512584574,-3.253576551951635
-3.193504589169235,-3.2161205291352406,-3.2367862486200902,-3.191160762670714,-3.230679806332236,-3.3260069958321195,-3.2359044283565956,-3.228457651228124,-3.1872710108371565,-3.1960901497010767,-3.2787080552461814,-3.2787080560326505
-3.24389203217388,-3.2631591047185684,-3.266970919532415,-3.2136426687105617,-3.253764367393233,-3.3669395094707957,-3.274778195120156,-3.2515997699370436,-3.1996506766980533,-3.2073707350910845,-3.3005531842034728,-3.3005531849761596
-3.141989425954911,-3.1879214972389005,-3.190043111766232,-3.1538637054941225,-3.165520431743123,-3.2956570834864194,-3.163562013401952,-3.150161420650292,-3.209429649524278,-3.2143104768309367,-3.2544572085764956,-3.2544572116327046
-3.095257953964499,-3.1303837036923143,-3.1512009343131435,-3.111475415833546,-3.1659110204712047,-3.2662010384033646,-3.1255127055483047,-3.1478554891817527,-3.2184204672980696,-3.2207421267495793,-3.2521195004889547,-3.2521195041686646
-3.0617995729729013,-3.101111641664639,-3.1214058152008457,-3.080209317071459,-3.17986780152922,-3.247335844992187,-3.1300252567612707,-3.1497002460135017,-3.232709744988512,-3.232991472724881,-3.266232425067603,-3.2662324289747358
-3.1129729704857394,-3.1406511546004103,-3.1205983438068294,-3.080615040400393,-3.156117501686088,-3.2258809631223624,-3.1259622275214047,-3.1387489003137032,-3.2228571305230616,-3.2233120489024722,-3.25844218078193,-3.258442184706579
-3.0785265782977533,-3.1042960234458556,-3.1417558375485193,-3.11315969572527,-3.2194413995196776,-3.2598633583558563,-3.202602263446156,-3.1674487989614537,-3.2321579795252537,-3.2325443018218234,-3.278564659399998,-3.278564663331493
-3.071520300375161,-3.1077006146462236,-3.161144592243269,-3.135093405494254,-3.226185030176965,-3.283275245020655,-3.238722981462816,-3.181916987509665,-3.246777878948999,-3.2458439374822574,-3.302342823926995,-3.3023428277919296
-3.1851322017828703,-3.2221401918520964,-3.1884168988354205,-3.1605639395040175,-3.223166552934126,-3.2975961892306893,-3.225501574558138,-3.1917261960682817,-3.2592531930802755,-3.2567442526117203,-3.3115639083341564,-3.311563912311238
-3.253615915073794,-3.2735440283275956,-3.1973138556005685,-3.1588475259122504,-3.117303096497956,-3.241524992495151,-3.137575557603128,-3.1419154202848394,-3.239098794103972,-3.2397658029594005,-3.295421661512945,-3.2954216652150334
-3.2343113595747206,-3.248985669128986,-3.190394872297436,-3.14518062995852,-3.1328290015493487,-3.2634192490095417,-3.143833367332798,-3.1556907258284763,-3.24802923208718,-3.2485372570858884,-3.3099052727060747,-3.3099052761407073
-3.2658163343784308,-3.2643831556664704,-3.1908771491762957,-3.1433805342852437,-3.16050895612932,-3.274448308787873,-3.150860420640978,-3.1714734068921295,-3.2578471807642835,-3.258353295950843,-3.3232761114748866,-3.323276114845724
-3.2739058967977583,-3.288402518578869,-3.2123465867859875,-3.173845961879639,-3.1824382457749856,-3.2919270746511593,-3.1806318034118606,-3.190198717944296,-3.2570187344968193,-3.25803649797066,-3.3370364731258797,-3.3370364763219373
-3.2239460268871167,-3.2409171172271525,-3.246475982032325,-3.216027996349353,-3.2570971401303215,-3.350399926312795,-3.2617188280422678,-3.232048637572995,-3.2708385405643194,-3.2709609619024027,-3.3582264865012497,-3.358226489716378
-3.220832996709487,-3.2726318813949375,-3.247707469590659,-3.2238501657663554,-3.2244190511457322,-3.329416442032242,-3.2114374868771014,-3.1927078881669417,-3.2723953933495458,-3.2725646149043834,-3.345441239551166,-3.345441242555356
-3.1889524619051857,-3.2328895742895623,-3.253973863221396,-3.2309590972563713,-3.2442480857829277,-3.340431220449406,-3.219110857679935,-3.205868078176862,-3.2874937000878903,-3.2865670271264746,-3.366019295991864,-3.3660192990799973
-3.1711264255796774,-3.1848795745001386,-3.195908805949101,-3.1755823022318967,-3.1496398963365406,-3.2255408279771856,-3.10201579235179,-3.0557860206725254,-3.235447172231779,-3.2403648374915925,-3.2675292341993964,-3.267529235868933
-3.1530206766943287,-3.2044219161120147,-3.2066685505176435,-3.193179003534428,-3.2337317928874967,-3.24796837090138,-3.1485565379156872,-3.092247383052217,-3.2340857453054483,-3.2373755209025417,-3.269969570535568,-3.2699695722729145
-3.113941052300502,-3.166276641674515,-3.216697203023575,-3.206646933049956,-3.2555189639037927,-3.2642288252949436,-3.1751751272407613,-3.1151684128790005,-3.243616354435495,-3.2455883571273176,-3.289408586396461,-3.2894085881019395
-3.0844822455046077,-3.1350562030454996,-3.162135527867531,-3.1529972713265755,-3.18668205939189,-3.142259064001877,-3.11464136447162,-3.1160641918278347,-3.255212772057631,-3.2542379545776505,-3.2204811070195554,-3.2204811120537915
-3.0247166475593246,-3.067935082740989,-3.137170899387832,-3.1350735244228227,-3.204249678621303,-3.133044737130131,-3.1364697815253515,-3.115192173040761,-3.2511345577622213,-3.2489856179264764,-3.229843583770727,-3.229843588650759
-2.984747112055166,-3.016874437362564,-3.1314845269195546,-3.138744469554216,-3.2537228684896635,-3.169446609415483,-3.21825953479554,-3.14570411758198,-3.2649764720687044,-3.2615447582831227,-3.2560513169125547,-3.2560513217515252
-2.9916425802056814,-3.009625514079878,-3.1278949620260565,-3.140926736806297,-3.229801829251948,-3.1716494368032997,-3.2527685632697967,-3.163646917120419,-3.268429176075384,-3.2639955680944865,-3.2615158193521996,-3.261515824086952
-3.0303739669539245,-3.0485411290217894,-3.134418257784749,-3.1513609868022954,-3.2488655398553288,-3.2009270709414928,-3.3085812068003264,-3.1929089762114287,-3.2773973973289383,-3.2725573603485842,-3.2844416474726237,-3.284441652056417
-3.0673943222336195,-3.0908335269986047,-3.145788966745585,-3.1648760413428194,-3.257709398281839,-3.2274214173296567,-3.3413679251928183,-3.217013548593102,-3.2866878385753657,-3.281085309369471,-3.3012474958586013,-3.30124750047276
-3.0658035960168855,-3.1001569708964443,-3.1600467892885438,-3.174985176401022,-2.016907769553269,-1.8304859659850634,5.070081213527708,-3.233550271157548,0.26081195260799905,-0.1783686507396034,3.434334861731954,3.434335225766125
-3.07685773318162,-3.092586153586311,-3.1347416578652085,-3.1484494842263064,-2.9896933143875097,-3.0975695586333396,-3.11829141507456,-3.0098222377312642,-3.1581025276855006,-3.1629656334123992,-3.2300942780682655,-3.230094281322846
-3.0653345702796098,-3.071886108223575,-3.102489440404643,-3.0980985052380454,-3.0585604504557713,-3.1407317654320472,-3.183174388951803,-3.0641029330438707,-3.1593616825740725,-3.1654467902359227,-3.247096101482945,-3.2470961043833437
-3.074939595619699,-3.09159740051416,-3.0853489838670756,-3.077562069656229,-3.114116258051451,-3.1895266206579453,-3.21213039800131,-3.111933121319305,-3.1734901794277492,-3.1784172253971823,-3.2685585285414267,-3.2685585315122534
-3.113300164764301,-3.116022647829462,-3.0679757057506434,-3.053122379752935,-3.1890039420011407,-3.2146174488030956,-3.248686457617223,-3.15560154698795,-3.1906230764651577,-3.1936241208924203,-3.286432649256372,-3.2864326526611523
-3.161830785044728,-3.140060167579701,-3.072683274873137,-3.061205888166576,-3.2174705256294516,-3.2291415205185627,-3.251909781694398,-3.171214371466442,-3.2025724092671415,-3.2041012414669927,-3.293718989523827,-3.293718993212309
-3.1269376843181025,-3.1253279608546656,-3.0819977190988084,-3.0659130314572196,-3.241142832424339,-3.2425735693606415,-3.2486021482971066,-3.1941282389758356,-3.2170270311118436,-3.2173118935267366,-3.3137668859238043,-3.3137668897212516
-3.211226189071097,-3.2049431907188177,-3.0931425309480316,-3.0742167877675555,-3.2641115728770376,-3.263299115043698,-3.271172124853913,-3.2118484797670197,-3.232407780864657,-3.231327613077406,-3.3325109666096746,-3.332510970497674
-3.1327484200179874,-3.0942360610002613,-3.0697950859023253,-3.0452774139732206,-3.1466579542143056,-3.171101283831394,-3.191506758082795,-3.1685349104687845,-3.199250000917156,-3.1996821322412026,-3.2794859223247466,-3.279485925906787
-3.077915277723179,-3.082554271159622,-3.083034133900374,-3.0586152486328904,-3.2104760777069807,-3.2154343336321687,-3.266148276919985,-3.200506028685133,-3.214846626908285,-3.214104090304096,-3.3032077158263515,-3.303207719479822
-3.2053151976170127,-3.1594418331223895,-3.1036439233597584,-3.0840507032961004,-3.2280403394205828,-3.231407965783405,-3.2702958354043545,-3.204620221738768,-3.225518827907897,-3.224020582500426,-3.3117912226420994,-3.3117912262899893
-3.175172817928644,-3.1595234226469966,-3.123336117129395,-3.10043646919746,-3.2478754019581286,-3.236312725338273,-3.276842908677838,-3.210049021861335,-3.2236058423868736,-3.2248082341283677,-3.3212266617733186,-3.321226665077861
-3.1397728718074243,-3.1407280605223535,-3.162187270135543,-3.142585168024462,-3.261291313582531,-3.2466042053419204,-3.2879790610379387,-3.2116340111853794,-3.222416424366167,-3.223770707563221,-3.3241144747930207,-3.3241144779055025
-3.036420876405843,-3.059616287531717,-3.164396691533831,-3.1441619739926576,-3.234343998033548,-3.2113356823974524,-3.2258627822339094,-3.1695317730256045,-3.2285013759088312,-3.228785072988748,-3.281385259074596,-3.281385263984525
-3.066348962902479,-3.0617663679738047,-3.125046677044586,-3.099478810501435,-3.1537979010791375,-3.113478609046575,-3.1560254018621543,-3.1546014415088677,-3.2160567879007274,-3.215494200565514,-3.236523815558339,-3.236523820963016
-2.9642614302992873,-3.0030180861090807,-3.102990975160233,-3.075988151231216,-3.138478919907101,-3.1026029821657923,-3.154901347877768,-3.1429419979920223,-3.20619168446121,-3.199779993837856,-3.2371772192155484,-3.2371772240014764
-3.005375280358608,-3.0057148967904057,-3.0771254392713794,-3.0513755619902465,-3.109561449666783,-3.0765560507628313,-3.113494279071242,-3.102867280965369,-3.1693859426478075,-3.169813141241861,-3.212407708382532,-3.212407712101631
-3.0153770128860535,-3.0238756558019033,-3.0997255433727107,-3.084841454593116,-3.1908194295033363,-3.1409234480696826,-3.1787241530208377,-3.184714325889548,-3.1842382036084467,-3.183468779283845,-3.237381160416701,-3.2373811641415386
-3.056675674833594,-3.070212315360681,-3.1087442244790897,-3.0884219060633646,-3.2348904410850947,-3.1837065865740044,-3.203184287108684,-3.2147802809605137,-3.1951844384848997,-3.193376340380944,-3.2559264892206827,-3.255926493023291
-3.004950648667954,-3.0150646467770437,-3.066178539105092,-3.0409524628452136,-3.007401493919607,-3.083129989968561,-3.0316731423013588,-2.9986750969497624,-3.111122010919382,-3.1096752263927834,-3.194579132405042,-3.1945791344336287
-2.9853174783080862,-2.9965069613794126,-3.0225251283643013,-2.987689408468686,-3.070273959970022,-3.139388083402613,-3.0538173255026075,-3.0586507706403796,-3.1269364440777903,-3.124822574262317,-3.2172649175140875,-3.2172649196415204
-2.9696051905189806,-2.9592303292793005,-2.930048219802421,-2.8997760990820463,-2.897787938844306,-3.0330211524342072,-2.9109832981917982,-2.9272804774672547,-3.066488387610383,-3.0630189106725156,-3.156192006021336,-3.1561920069865277
-2.863646424258294,-2.8582465676255397,-2.8777691899445426,-2.8484063457855733,-2.9569822286827905,-3.0807553964684837,-2.9407073060278086,-2.981523441280919,-3.077613028514894,-3.0736615077813,-3.1705350391737825,-3.1705350403363832
-2.9136933412216663,-2.911395755296968,-2.8793268122438542,-2.856490505999915,-3.0401705694037546,-3.1303839789157584,-2.9574468580245763,-3.03372199866415,-3.094255226855534,-3.088950307920974,-3.1749052124144135,-3.1749052138027265
-2.890769658489584,-2.8896595360203374,-2.8795531876972835,-2.8700944360503655,-3.0491785132458857,-3.1314461894867107,-2.9773576430863606,-3.0720258613585756,-3.1062517756626113,-3.1009737778720834,-3.1789445176363396,-3.1789445189460324
-2.8681227427610816,-2.8940338124508282,-2.8655128745480436,-2.863534961889967,-3.0240809790715595,-3.108287350734621,-2.9468169856868247,-3.048045716723605,-3.0878657337165984,-3.0841740086781404,-3.1744512611238997,-3.17445126230444
-2.8546925197307718,-2.8893784360350496,-2.8608573578386016,-2.8661520279032695,-3.0539417676440888,-3.12487832070631,-2.9576217407849206,-3.0805992730770058,-3.106976008652258,-3.1024990696946597,-3.196137914112024,-3.1961379154038783
-2.8946204146611367,-2.9353784662133613,-2.88623809161062,-2.8905603130079784,-3.0706389689657594,-3.1109264620866224,-2.9728628484658093,-3.0971032561297003,-3.121154763132415,-3.1165732505443358,-3.1930082042217665,-3.1930082062965655
-2.9309001905017187,-2.983356537433319,-2.9016890352009885,-2.906340850891127,-3.0788367753870163,-3.1053870296958657,-2.9721304721900363,-3.1150617631072457,-3.1382024877721535,-3.133345639129417,-3.215091934222568,-3.215091936266746
-2.975522294312164,-3.030424188434437,-2.9401910621313707,-2.943424423523064,-3.104442474792452,-3.121273623139018,-2.9929722922827366,-3.141781370180918,-3.1458170739857003,-3.1412219263295773,-1.770186744960911,-1.770186511689921
-2.8853737004559203,-2.9488349267826313,-2.888091632941497,-2.8866335798948297,-2.836578869015109,-2.950196940210006,-2.826612950568263,-2.9306779089651855,-3.044524953623694,-2.9791635506280096,-3.139332763154264,-3.13933276096715
-2.800761159987881,-2.8456154720595577,-2.8495552081158784,-2.8574964918462786,-2.870804816467935,-2.955226241648959,-2.8318096535274715,-2.9541410947607565,-3.0532477727150016,-2.9921898768052926,-3.1359925526900345,-3.1359925507448514
-2.856584863181416,-2.9044673223168966,-2.842372176665143,-2.8496837859994906,-2.912268513407551,-2.9547465518698424,-2.8364890412932624,-2.975709701718633,-3.0545530672083805,-2.999754103543325,-3.1437956371475906,-3.1437956351112115
-2.8553614776822265,-2.893487321018486,-2.8200421635566113,-2.825549423939755,-2.921787827424622,-2.9477631357164675,-2.8242031950895368,-2.9742591938302407,-3.0528624380798,-3.0026960088664123,-3.1496473802498466,-3.1496473782952847
-2.8371420939082683,-2.8383974499047038,-2.8373907515678995,-2.8495952308627372,-2.9898775266345354,-2.985603657902076,-2.8665588035593093,-3.00589791663784,-3.0452965367713944,-3.002727720172195,-3.1552711979383687,-3.1552711954796573
-2.883686856675441,-2.9032040157804087,-2.8638225752594604,-2.87467787361291,-3.0635650564717882,-3.0352134191500024,-2.928379228038475,-3.053571760898937,-3.0664225955732727,-3.0249127886030447,-3.18282959957384,-3.1828295972834484
-2.8879296843328475,-2.8978589260618226,-2.872985062239575,-2.8753947269309643,-3.0948820628849902,-3.0716566944071717,-2.954930105578868,-3.0664418366944477,-3.079678035369447,-3.039908051904211,-3.201975320942441,-3.2019753188057294
-2.882026643605056,-2.882655910048769,-2.8971513608580954,-2.895583629179738,-3.1500898291354797,-3.1275343900927215,-3.020341858660991,-3.0956925657830845,-3.101937642753403,-3.0627973008862064,-3.2249906269552118,-3.224990625056302
-2.907318249283001,-2.923735161109974,-2.9345206120496066,-2.9245508648275083,-3.195280139646351,-3.1864582705520466,-3.0847498469224477,-3.1190958617385025,-3.1238633794862927,-3.0852370916219543,-3.244915217720597,-3.244915216296215
-3.0109199036972965,-3.031548129801543,-2.986012577680116,-2.9697961826395796,-3.246497604813799,-3.2541899167541084,-3.157785130394636,-3.142606345228382,-3.144533372952828,-3.106392624739417,-3.2707726914733386,-3.2707726902999994
-3.009320096892777,-3.0372344581517887,-3.0449509061224336,-3.0321442458360996,-3.211946280978683,-3.2292017356648035,-3.1807407440373185,-3.1321657267575085,-3.1031510996113574,-3.07580012507742,-3.231119195879172,-3.2311191939391692
-3.083185460577389,-3.1023265759247534,-3.090313798452747,-3.068356339935719,-3.295440880791997,-3.278239580172424,-3.2631582810616555,-3.1760199474874247,-3.1242637925987005,-3.0970673725815665,-3.255533587718211,-3.2555335860541392
-3.061502622117144,-3.0806102714542267,-3.13228235028354,-3.098768316259422,-3.326555043748497,-3.3127146598654353,-3.3034544940537347,-3.1795107283414166,-3.144941539445137,-3.1178172589181377,-3.2708131070784137,-3.270813105620636
-3.088973613429033,-3.131492985299132,-3.156562360919586,-3.1172548923917622,-3.329213873827377,-3.3110505779314954,-3.293626419933722,-3.1777837696069806,-3.160180406089293,-3.1344722057109626,-3.286805161317308,-3.28680515989164
-3.014671150980418,-3.037304454030675,-3.081858475717596,-3.0311137960538677,-3.040219078806729,-3.1351892161568085,-3.0704007786409755,-2.994532737958921,-3.090291096717458,-3.075884788036495,-3.2022508733122006,-3.2022508714508904
-2.932113686233737,-2.938218135322334,-3.0498945099431154,-2.9975485937222106,-3.110727306609347,-3.1652431341908285,-3.0830299509167363,-3.0254763728936545,-3.1006873050232358,-3.0887121387951315,-3.2049968820134755,-3.204996880696366
-2.8631656931517937,-2.8577751664423037,-2.9953596617640397,-2.9460946764046465,-3.073175866953592,-3.1296046443415326,-3.051878769984863,-3.009332706952693,-3.098843439429891,-3.0886131926622866,-3.1835995088486393,-3.183599507981313
20.558599409091542,19.880704148435544,28.379427630493133,24.376175918240474,42.02099423383257,46.218837361507084,39.82807503181682,31.296828666090335,40.25735506321402,39.26365736602825,50.253267980967244,50.25326784201371
-2.6282058586284878,-2.6585172118676015,-1.4482397987039675,-1.4924314119591435,-2.4938396340598312,-2.6735838831815792,-2.528116253053315,-2.647839407576628,-2.5592035188057367,-2.729785713321999,2.081677276111193,2.081676603661921
-2.441931291900753,-2.518788544290305,-2.669251688021745,-2.6911015861400847,-2.2679218959965066,-2.4850800020520856,-2.3437711042642935,-2.5357650799003797,-2.618855117960252,-2.524102850285971,-2.659762805425081,-2.6597627953144993
-2.3838008415460377,-2.464025974481107,-2.559281826078546,-2.5658792038863347,-2.3499114464200197,-2.4598578851144604,-2.342359007978373,-2.547979031600962,-2.638226364851689,-2.546743399684912,-2.630485330861669,-2.630485322987056
-2.3491542963057612,-2.454742755024511,-2.5240019187836746,-2.532259262272995,-2.4238997714427377,-2.441086914710869,-2.3615215314479556,-2.57206196975348,-2.6693977825887534,-2.5795968482820824,-2.6384668006335463,-2.6384667935819195
-2.3198545655037446,-2.4482432052192875,-2.480721145555501,-2.5263822437196914,-2.349491077863352,-2.336932643530334,-2.25469916853471,-2.39390290098699,-2.4718669671250875,-2.438011903622474,-2.484305509183538,-2.4843055003742878
-2.2464069207350543,-2.3710724941196335,-2.444180308194768,-2.502764108516533,-2.4524562690041107,-2.3466785986952363,-2.2776635883915803,-2.429262960473706,-2.4960602120598536,-2.4634697033339896,-2.5026330195673667,-2.502633011167622
-2.269608556231229,-2.387226001074822,-2.416764657692348,-2.4729610443526067,-2.50046924330404,-2.3557723344398154,-2.2770470890032932,-2.435052778327557,-2.4956182644075824,-2.4696715821585054,-2.5092710232052946,-2.5092710150661928
-2.3309157205275444,-2.3939891098862427,-2.3999083661583844,-2.4384918399339472,-2.539773490841555,-2.368719580054781,-2.282345859660481,-2.443611238515575,-2.5194648362368373,-2.4944389509972247,-2.516890546556004,-2.5168905391677088
-2.3173018086130064,-2.3815187104784217,-2.407573849451541,-2.4276441041220824,-2.630126365893944,-2.4542021559486633,-2.3325534777412686,-2.473185361935927,-2.5526493159554082,-2.527383178413001,-2.554119604825777,-2.5541195977783353
-2.3681390080038707,-2.4182932615884614,-2.4117889656956524,-2.424187914636935,-2.6830001447069147,-2.4977282895241633,-2.360886536270969,-2.4988090961950853,-2.5856838204839643,-2.559794231746653,-2.5795952847331396,-2.5795952781706797
-2.384938748910831,-2.426669705495087,-2.445234035096752,-2.453086985490929,-2.7341438121805357,-2.564842528997648,-2.3922105733528474,-2.523328527888742,-2.606286139307116,-2.598969815651709,-2.5981510856001933,-2.598151079419965
-2.3559718291631597,-2.449046797076643,-2.4467207406051,-2.4795394512462146,-2.7811025470405553,-2.5789881504856766,-2.4123715099715124,-2.5464121223462217,-2.6396984211802463,-2.631925447386366,-2.611398212976358,-2.6113982073968254
-2.394045568573144,-2.4715197526782506,-2.4670375305397276,-2.5098343765216304,-2.8308256191519185,-2.630106125793918,-2.450149420633702,-2.577075708573368,-2.6654598686689943,-2.6585811429108963,-2.6377618219546175,-2.637761816626333
-2.370411520181027,-2.443864973824927,-2.4928239416991196,-2.533387857953965,-2.8013875680296123,-2.6392804767758173,-2.464916204045643,-2.5968341597734854,-2.6947471849391524,-2.6883655150288632,-2.6567218010398306,-2.656721796122601
-2.442496300437953,-2.497850512313424,-2.5043027854468662,-2.546728694903515,-2.8324167728709924,-2.665056979686123,-2.50461509552405,-2.6136377802741015,-2.726167563609846,-2.7189475159619194,-2.674189546254374,-2.674189542012185
-2.502636959425917,-2.533123712626441,-2.5339248039717206,-2.5732505388467586,-2.8468587463855313,-2.726378044842388,-2.5636240742317167,-2.6403718317451546,-2.7554164497864173,-2.747737523506726,-2.706071254335006,-2.7060712503812416
-2.525033845623122,-2.561972964714121,-2.5555528762268174,-2.5856639343575836,-2.870160495823117,-2.787838257373317,-2.6290606682948825,-2.6595644827636393,-2.7793474898884267,-2.770894516757169,-2.732303104791736,-2.7323031011993546
-2.5310127329644545,-2.5737014312718625,-2.5737441870919335,-2.596304633728317,-2.8302378795260665,-2.8336105534841085,-2.684089102214874,-2.678996745016415,-2.798498392466299,-2.790393683548392,-2.7511490196632105,-2.751149016324735
-2.5987400702274996,-2.6333743361695183,-2.5977763633852438,-2.613532496520726,-2.8099676997517786,-2.8806170684403862,-2.744821464436555,-2.7021092698591667,-2.821018924322194,-2.81287327873829,-2.7691507029312445,-2.7691507000586224
-2.6690773224263067,-2.660911078676406,-2.639439501171795,-2.651767658662255,-2.8828410742585233,-2.9619878801819017,-2.835950362939529,-2.744327582205491,-2.8393128847650266,-2.8298895626948166,-2.789629548559418,-2.7896295461666867
-2.795790725562748,-2.8207488750423098,-2.6762279964472553,-2.6949820910026148,-2.891914140443393,-2.9795386974536613,-2.911527606350881,-2.7835049601316526,-2.844277525696792,-2.8373773957630686,-2.7894089345760937,-2.7894089325456393
-2.8189306120485655,-2.8328396717884887,-2.684578910116734,-2.712386661483138,-2.955966496217667,-3.0073351763916802,-2.9692088950841926,-2.8063737275503167,-2.8706497933253234,-2.8628006147640606,-2.8157040293607136,-2.815704027730436
-2.7470901962262677,-2.7643187464409564,-2.685266215085756,-2.7071835469984435,-3.0375035953899223,-3.0213173739155783,-2.9812628082833212,-2.8367226631524427,-2.8948553336747285,-2.8868986032938277,-2.8293468602562846,-2.8293468593607125
-2.8014189529717806,-2.825654703383835,-2.6943631409014697,-2.708067461744004,-3.0224560109747496,-3.0292303353567087,-2.9873022764164077,-2.849751974906013,-2.912543740253088,-2.904815499099133,-2.8533009422659052,-2.853300941485963
-2.9219670017653865,-2.942727235508269,-2.7331657155798785,-2.750658045139889,-3.0361630946928035,-3.0373317491087244,-2.9794014048680992,-2.855002230843685,-2.895771960116684,-2.889005385254011,-2.834424004933363,-2.8344240044965416
-2.9983101763293227,-3.0194213485537382,-2.7634819701337596,-2.779731377026887,-3.0768239288153545,-3.0792806630745053,-3.026289222858066,-2.8848382947704607,-2.916707188755362,-2.909858713144568,-2.862684357692718,-2.862684357448691
-2.9372073806273153,-2.9721088036967327,-2.7698297392668776,-2.8054455732937265,-3.072185118577547,-3.0572781440213044,-2.993708849892652,-2.9314291876923213,-2.8918591359073997,-2.8873422052763233,-2.8378796558493145,-2.8378796556608545
-2.981927656046959,-3.03334012736095,-2.7902050424605767,-2.832867678813472,-3.068983696687468,-3.0646853447250786,-3.0006708937487474,-2.948751962882556,-2.892891308466465,-2.8913979927199693,-2.849045357660981,-2.8490453573977303
-3.041552922920815,-3.0928942846157486,-2.823835629117483,-2.8576649330418316,-3.1050870490607227,-3.1065155662606783,-3.042039171693844,-2.981530342979552,-2.9187120008477576,-2.916359666552926,-2.8799662719254853,-2.879966272020201
-3.145034305581378,-3.196730608191583,-2.8315753818672063,-2.8426961438200578,-3.047940594598689,-3.0848142375009213,-3.030902573669281,-2.976660770601237,-2.925443321621327,-2.9229380392626876,-2.8818074189502556,-2.881807419294284
-3.1372673367792125,-3.1827789673893783,-2.8515778726573457,-2.853630556544952,-3.083791827795249,-3.1363448378434775,-3.1059788781796063,-3.017598917161279,-2.949525667316785,-2.946172959033887,-2.910338339145803,-2.9103383397588316
-3.1252121700930746,-3.1848565077989095,-2.8604669515119037,-2.8608759274741904,-3.073004803196674,-3.1582574652374387,-3.1413581008970928,-3.0295708908643113,-2.9662848783746467,-2.9636084933356743,-2.9359474458195134,-2.9359474464672157
-3.2055624632527087,-3.2712625982532972,-2.8650407338145256,-2.860851830126533,-3.07583161728956,-3.1827861022816277,-3.163860078679085,-3.039465889950301,-2.989511902206642,-2.986086866743486,-2.9668607483272247,-2.966860749158485
-3.039102008373325,-3.165483716813018,-2.81572762083152,-2.8441653963931,-2.98286811279925,-3.1143303966237283,-3.053867571925819,-2.9874321971998863,-3.003114254348641,-2.999376194602487,-2.9366983610615724,-2.9366983629928525
-3.058680307973714,-3.191948710300201,-2.8087122314026507,-2.8402971777498904,-2.9380353347806585,-3.0892101189703762,-3.020601684355765,-2.984829657975278,-3.015208998700091,-3.010173946359692,-2.9577385365830438,-2.957738538461932
-3.0659718302379932,-3.178015020368081,-2.8027677910813473,-2.8214260999048553,-2.9425013997863236,-3.094804998673986,-3.0074569601506917,-2.992181964243712,-3.0331353306267976,-3.0268874436527833,-2.9790761338091807,-2.979076136052263
-2.938446890753289,-3.041963269775275,-2.7670089418672474,-2.800323947827084,-2.855256529524723,-3.0159234059565234,-2.9530054617892505,-2.9898384751944738,-3.042867799798417,-3.0373408252597205,-2.968060551999942,-2.9680605544014558
-3.0311813983662628,-3.1381216875452287,-2.78380841313425,-2.824045877026604,-2.8457234764818105,-3.031262043121748,-2.968190177080575,-2.993851990361164,-3.053780190043774,-3.0479129017524826,-2.983340845256196,-2.9833408476779653
-3.0328238783823385,-3.1588544323305996,-2.8009674195751906,-2.8358187399409953,-2.8311624920351885,-3.0365746682086323,-2.986566442049189,-2.994156816527307,-3.0615563221283595,-3.0552049161996857,-2.994805079451335,-2.9948050819216907
-3.089627710094283,-3.193938967333027,-2.827066724892848,-2.851451512541187,-2.8383399038569643,-3.0847767599774203,-3.033547841322674,-3.01566487338625,-3.0782937198776072,-3.0702877798217374,-3.023307344889154,-3.023307347369221
-3.0829291651329065,-3.1911056142030487,-2.828136723951442,-2.851769299235796,-2.829140052610098,-3.0454963550846497,-2.998350460401705,-2.9875023433899277,-3.0508881863645527,-3.0506119479952414,-3.0099927086697273,-3.0099927102837105
-3.187647131435417,-3.282441108368,-2.869003491667599,-2.9055515456975853,-2.8758558979604385,-3.0695153932577988,-3.048007380727307,-3.0304457973752377,-3.0666344669742385,-3.0651108827048397,-3.0343317021291343,-3.0343317039078608
-3.1805887624046694,-3.245508377065434,-2.8764054293044863,-2.900961873784731,-2.85679755357083,-3.0446340846845863,-3.019785850214441,-3.013823064925457,-3.053608083792577,-3.052671516379246,-3.0161041542633136,-3.016104156052956
-3.183287158828247,-3.2452226358410945,-2.8986472739536513,-2.9143894033201136,-2.9019538052348497,-3.0954628702254805,-3.0601713574389064,-3.0456942975553156,-3.0698294781375592,-3.067405586664642,-3.038670277954318,-3.0386702799008867
-3.2176973456327715,-3.262719493933729,-2.9329189477669306,-2.9483708692313564,-2.884599905427542,-3.0649934752710397,-3.002533418944634,-3.039208741620981,-3.0121888144117133,-3.0150520555769207,-2.9814967220569955,-2.98149672329793
-3.134572954794605,-3.177928592199722,-2.9748798602947955,-2.9903651751182627,-2.9600751531196425,-3.0966459266137094,-3.0355800517375515,-3.0980687742044495,-3.030973747562805,-3.0324594534108296,-3.005446286248842,-3.0054462877268016
-3.1539772501202252,-3.1994618315159222,-2.9997934304629092,-3.005263778246944,-2.993833526757694,-3.1284524488566188,-3.0853298988438533,-3.1340403466629208,-3.0494286671295416,-3.0496437132976713,-3.0320183628443784,-3.032018364429285
-3.1207973221757466,-3.1375949214395593,-3.04369046556608,-3.0363884400970838,-3.0467438422822104,-3.1563151453892626,-3.087951732764326,-3.159601996013771,-3.067521452176778,-3.066567544026828,-3.011448004195476,-3.011448007769909
-3.197513813114594,-3.2036820238531103,-3.0526819857220877,-3.028735160513474,-3.0894628713230716,-3.161866943260198,-3.0940802371120197,-3.1788127238619994,-3.0823817275714775,-3.0796849486604287,-3.02869064124876,-3.028690645179653
-3.1070124275253304,-3.078561276614887,-3.0546904203091483,-3.0284579809062313,-3.0657310316502975,-3.052285697634809,-2.960693265135798,-3.037453197295344,-3.021809347619478,-3.027526601471574,-2.9396241105947025,-2.9396241138078105
-3.0254124191477403,-3.0259869804317407,-3.0517201433579655,-3.030865714007261,-3.1113564119151196,-3.0444592175075553,-2.985122190171248,-3.069365422600984,-3.0392927472327806,-3.04303846644497,-2.9642046771270296,-2.9642046806015294
-3.151340913310448,-3.1211367877765595,-3.083521547918489,-3.0645821533139186,-3.1483732022183992,-3.027321393245642,-2.9627366358997227,-3.1220213890900994,-3.05644782382524,-3.05854960681273,-2.961721554090648,-2.9617215583356433
-3.0795007218509785,-3.0885407055138945,-3.1031796720408242,-3.0810563239069455,-3.1710022771805337,-3.0431626676331307,-2.9709684795243163,-3.1486307293325893,-3.0737047514095903,-3.074231612310501,-2.9944741262875176,-2.9944741304846776
-3.1091525754323155,-3.1116085705591816,-3.1276574815161786,-3.1041566376892233,-3.1835754480608554,-3.075422718890332,-2.979959235747276,-3.181249455627397,-3.086705247834981,-3.0864688590102514,-3.0231353389113362,-3.0231353429684695
-2.9815036854320724,-2.991494360001025,-3.1159674573064704,-3.1175664174203894,-2.978430285221507,-2.944566138794099,-2.855289037330504,-3.099456748134702,-3.019242450355926,-3.024804476396729,-2.921975948281249,-2.92197595208114
-2.812625453683225,-2.8489832944454516,-3.0683654770030184,-3.0876118985961027,-2.8880327622192086,-2.8564875456461865,-2.8115400013365868,-3.076426824600126,-3.002372836746912,-3.0107506957979506,-2.901792362434377,-2.9017923660280536
-2.930090913756465,-2.968202681048189,-3.0648309711601316,-3.081150921128653,-2.9315994776011527,-2.861573439724274,-2.870456559670176,-3.107748507731509,-3.020603348407536,-3.026633619371159,-2.938252316356796,-2.9382523199323476
-3.02547222961094,-3.0330787251360567,-3.071627976652726,-3.079478320124055,-2.960161361197828,-2.8759133746067507,-2.932855095322239,-3.1487877348374274,-3.038952443154257,-3.042589334497986,-2.967833057387187,-2.9678330612246127
-3.005496943248364,-3.0269695401851635,-3.093744625885291,-3.0968386550875646,-3.0286610132870244,-2.916788466348473,-3.000615745205693,-3.1975086778354602,-3.0543286908814533,-3.055516432199334,-2.9989389065522074,-2.998938910603341
-3.05195915584168,-3.0692169551383053,-3.10720176115271,-3.098017016517331,-3.0511594192212232,-2.9296320277114933,-3.0328493762343625,-3.2283227645548607,-3.0667331526626804,-3.066017524528583,-3.02017010065187,-3.0201701048686496
-3.1030042019255935,-3.1186454779155275,-3.1160495618138415,-3.1009166818478033,-3.074132239379526,-2.9560046195358716,-3.065874452931384,-3.2421513878984443,-3.0802181952807755,-3.078713550441556,-3.0496279269132245,-3.0496279309623295
-3.1136427442572945,-3.11901778725243,-3.141474980045322,-3.1214412513252388,-3.0850799396042734,-2.97705072281463,-3.055193087275959,-3.2435429946066034,-3.0652178198474935,-3.0661912025996703,-3.051698922850309,-3.051698926279252
-3.141566699695375,-3.1348256980643856,-3.168271792546177,-3.1440862920011896,-3.1353237792414967,-3.016958189460075,-3.0678155018433317,-3.282248179546462,-3.0729470304314113,-3.0730447493681297,-3.0669425484811774,-3.066942552066906
-3.1900220616321597,-3.1958932492868968,-3.178565277201112,-3.148223356736622,-3.1408922338649528,-3.0388081676731526,-3.04995091264524,-3.2650250146450173,-3.083777245030235,-3.0827039100769094,-3.0821421262599396,-3.082142129894803
-3.1636241953318804,-3.1909273518470513,-3.2035430747128575,-3.160182406361075,-3.1751175829664566,-3.086108767874942,-3.065724420842211,-3.277418362539869,-3.1005183368393103,-3.0978312430134043,-3.1117579910754114,-3.11175799474936
-3.1863416790038452,-3.208715865271205,-3.2157080837866157,-3.158867614288762,-3.1577889764621823,-3.0909524526671595,-3.056676004598062,-3.284755862387052,-3.1081590555230036,-3.1045668027534994,-3.113487402085922,-3.113487406033286
-3.1763474007127046,-3.178794095435711,-3.232976651936275,-3.173224345849577,-3.2018948633003013,-3.1343404522786296,-3.0849753386723267,-3.3063594988742055,-3.122446047602648,-3.1178283293069633,-3.131262176547019,-3.1312621806443577
-3.132991907978992,-3.1460402595496184,-3.206139461656704,-3.144088626808876,-3.1216097946624037,-3.0904695505190327,-3.016768742292414,-3.212717753382,-3.0899854296469833,-3.090583788424885,-3.0973298570579724,-3.0973298598450274
-3.0833431017635786,-3.0975304771532493,-3.2041043626483,-3.1421474828234497,-3.149237591754339,-3.1045475954761486,-3.0309077927823997,-3.2254650100957853,-3.1047552944965595,-3.1041083458646943,-3.119633818729014,-3.1196338216086352
-3.136205003781937,-3.1761799639863737,-3.2081794032930007,-3.146602756443708,-3.1590748199836116,-3.1238511683444923,-3.041145944296515,-3.2297597354191345,-3.117769024706873,-3.1154966163171967,-3.1301951146478877,-3.130195118007279
-3.1483373103076997,-3.1741621431296485,-3.2184561240027527,-3.1485383878070707,-3.172829302408963,-3.137057735042667,-3.052524101493738,-3.244637686329436,-3.1327228561305263,-3.1289844771548454,-3.1538416921173518,-3.153841695613588
-3.171808188847522,-3.1971222125394423,-3.249593750553175,-3.173472152099896,-3.212288088829048,-3.1890989393760316,-3.0893905389100267,-3.2761484617784986,-3.1424177362560384,-3.1382519852677344,-3.1747866367259348,-3.174786640222547
-3.152979397811488,-3.1939180398635276,-3.2776117016957436,-3.195663760237598,-3.229093272279234,-3.2265178849466674,-3.123143119354472,-3.2968603815135995,-3.155544825138067,-3.1504295164502016,-3.1973687874156473,-3.1973687909098123
-3.2960865225190843,-3.2780562381863816,-3.297329086881922,-3.214036111592843,-3.2469339914850104,-3.2257357165257385,-3.163100759568443,-3.3323907731993305,-3.1643747507727857,-3.157919100910589,-3.2049086507895748,-3.204908654762833
-3.346587710088967,-3.3039574955269453,-3.2919265827391273,-3.207860394494992,-3.248123503645932,-3.2197335465023276,-3.135833538771024,-3.3376324275445235,-3.172454764462983,-3.1652895015437723,-3.2182361190979876,-3.2182361231255863
-3.306602736550041,-3.305014985572832,-3.301176294629445,-3.220539368921811,-3.268824714672898,-3.2347156417119924,-3.1645515650308242,-3.3664918611605903,-3.184219602044524,-3.176249727773949,-3.2249350788841467,-3.22493508356395
-3.3280547485228658,-3.327458612275045,-3.3482796016396192,-3.28054189640699,-3.301926017990827,-3.269557083181871,-3.1948212076362026,-3.38849471679949,-3.1961866252783153,-3.187855102620304,-3.245501678573841,-3.2455016832005334
-3.3542825348570204,-3.345690892334386,-3.3705098095139556,-3.305799571449634,-3.271420877796798,-3.2768091669561317,-3.1945015922464637,-3.4006393458732154,-3.205085659809161,-3.197675637054652,-3.2600265266397193,-3.2600265309328336
-3.4335502889284015,-3.432571689348448,-3.4151395172358088,-3.34762684116593,-3.2884249006698525,-3.3081314343177475,-3.2139382220269583,-3.4105559836744255,-3.204801228629467,-3.198021753073428,-3.2606030062592324,-3.260603010371034
-3.3899461050130872,-3.3990526073557232,-3.432340454552399,-3.3506282721932554,-3.2592062496964775,-3.266026499073985,-3.1664398353697827,-3.3930276008445706,-3.2162762782714145,-3.209026914362764,-3.218649690858004,-3.218649697134097
-3.4405151165978998,-3.4213888708753375,-3.4553778644169184,-3.3804969707757717,-3.314772917474193,-3.3055235881079317,-3.229845645673648,-3.3932028575065685,-3.2207486853660816,-3.213559232192396,-3.2289150343378026,-3.228915040438473
22.860461647624227,24.049969693022426,26.19063586863811,18.69675776668944,12.306022922060855,13.420067911929939,4.912017841370988,18.021614490705463,4.913389997141583,4.533677950621408,6.54948918389379,6.549489597563033
-3.354449099869706,-3.262048064599605,-3.31790662551017,-3.255992607251894,-2.9177873887507912,-3.0160941430194046,-2.944502302996789,-2.9787972258289503,-3.072071783313309,-3.054440782040281,-3.0732594922658922,-3.0732595021889386
-3.3283337662219203,-3.1949055409021954,-3.2380248109336263,-3.1771892085378077,-3.0030211588652325,-3.0580868866382307,-3.032782264844429,-3.0574351607820764,-3.0923409482200723,-3.0740104179810928,-3.0897759724194778,-3.0897759824410347
-3.25703243943519,-3.163270879108886,-3.196167246965058,-3.1473917952214205,-3.052050269406268,-3.093488914760573,-3.1017356586562324,-3.112120126838396,-3.1067500290085577,-3.0884409104735187,-3.1120224837165833,-3.112022493729584
-3.2644434275361984,-3.167281308360747,-3.1933856198450044,-3.152491376018203,-3.097000874725317,-3.1265496215015904,-3.159750295000892,-3.168666770259018,-3.1250772564512177,-3.1064063732838796,-3.1336004610907704,-3.1336004711794514
-3.2916640021201147,-3.2154040630403067,-3.2081990287049322,-3.1750504072692207,-3.12876221449126,-3.149753709623134,-3.189223483454496,-3.2040353500234886,-3.1437009159293834,-3.1247136137317923,-3.1579319911345074,-3.157932001224225
-3.3368437257651626,-3.2975273102013563,-3.246369727077873,-3.216408212356467,-3.159133050219235,-3.198801171208626,-3.2164726938236794,-3.2551276092013297,-3.1634016226594803,-3.170923773426223,-3.193610663889368,-3.1936106663228303
-3.35206528581569,-3.30953713658148,-3.2711064804385743,-3.2574636435972604,-3.2082480943078715,-3.233567468480654,-3.250630571827082,-3.292978243868422,-3.1767807190370756,-3.185653074046071,-3.2159354505207967,-3.2159354526358412
-3.3772352946186084,-3.3892504305910647,-3.321746035099863,-3.3304155384911036,-3.2808995072760543,-3.294580274050498,-3.3098682007145954,-3.378582427263554,-3.192958961385483,-3.201596106915155,-3.2320031923205543,-3.232003194506792
-3.4062208032295476,-3.4316186744881056,-3.339907472880755,-3.3493031236722803,-3.274863002231333,-3.2966331133650684,-3.3073096508336186,-3.3952518473107194,-3.1987131500721655,-3.2073065300596806,-3.23431671945888,-3.2343167215375344
-3.4288374846306953,-3.4674901412408587,-3.379977216539732,-3.3907159051695346,-3.316619997835186,-3.3329198447092048,-3.3414714827078855,-3.4025693845081952,-3.1910046589091143,-3.200285918497908,-3.2244384128970403,-3.2244384147068756
-3.3973374617917385,-3.453739706635699,-3.402647168308713,-3.410534845207394,-3.339642841234827,-3.3597404280143284,-3.3454899132084948,-3.3915276604742974,-3.2093652420883703,-3.218056995541869,-3.2380934640958614,-3.2380934663735195
-3.394280121503396,-3.4934255755966843,-3.429620264325897,-3.4303113195232613,-3.358523735632076,-3.3893819254009925,-3.3424187697365495,-3.4004193202432385,-3.224454291503614,-3.232813616471168,-3.2607108404445095,-3.2607108426663243
-3.479622389385982,-3.569779054848417,-3.4339984864191906,-3.4469538554798502,-3.3302442206347695,-3.392012563770444,-3.3949076774546514,-3.3685185172228325,-3.2129558281446977,-3.2242225488711806,-3.257259874405681,-3.2572598758402216
-3.4814169731203206,-3.5166491143169303,-3.436228968134327,-3.458669774506772,-3.4058403710380936,-3.4491795004037447,-3.4872733401996463,-3.4444364769365974,-3.2299778518761726,-3.240906068162562,-3.2783707236393806,-3.278370725151859
-3.5142032268457943,-3.5559264198749654,-3.4419007049892016,-3.464386090206122,-3.4189220549547623,-3.4627667733078678,-3.48026607446793,-3.4375729493550304,-3.2441485137532826,-3.254446631633939,-3.294087476086317,-3.294087477614149
-3.4880006899177225,-3.5135122306409965,-3.4264138520730762,-3.4478072045896617,-3.4181174915390433,-3.4185106722968213,-3.485748621914381,-3.4612835612504043,-3.26000097844313,-3.2689023844575527,-3.2827950170405886,-3.2827950196389875
-3.45048228112589,-3.4827314586844444,-3.438205549489076,-3.461841112916395,-3.4442930535301546,-3.4339573973095066,-3.500473060504069,-3.4387628795714953,-3.27220380986021,-3.280778944033942,-3.296557997365734,-3.296557999925343
-3.4142634631596094,-3.4394318136060402,-3.441211258908047,-3.4685570874109004,-3.4362402257884366,-3.4317180300551176,-3.4969492804809748,-3.425429260883523,-3.2811233782010487,-3.289334089757169,-3.302617898185281,-3.302617900814354
-3.428694090860791,-3.430213041316743,-3.4556448159916267,-3.4840307826940355,-3.469299312176749,-3.4508944700393833,-3.528820529422021,-3.450447981473439,-3.2969213659600194,-3.3047919673412247,-3.322090662841705,-3.3220906656635942
-3.3963711967164487,-3.434478072137957,-3.4623834516000627,-3.4892735525698164,-3.486627699727225,-3.455607139989229,-3.551674344244854,-3.474305431275831,-3.313103996288552,-3.320319590709224,-3.341230964943414,-3.3412309679962107
-3.392540627879104,-3.3863426365118205,-3.4449948255368916,-3.482857696551192,-3.477236311216886,-3.452535032820299,-3.5416507515641293,-3.4587235056348486,-3.3290772162147855,-3.3358628766505807,-3.3597038503633176,-3.359703853449575
-3.4003933849438077,-3.387578608117839,-3.384162736504583,-3.435104815729793,-3.365806123100853,-3.3539142866424956,-3.401763068535645,-3.3532186519385982,-3.303197435549128,-3.316010647494302,-3.3221216677932808,-3.3221216691252895
-3.350556462559886,-3.3914889063903555,-3.3307501296667565,-3.3853596283955967,-3.2899953109120696,-3.2608483113624316,-3.335592117156854,-3.311638369890022,-3.2868359492167727,-3.2985905477317656,-3.290721252751555,-3.2907212540200144
-3.326921425023092,-3.3209203330764017,-3.310215491727804,-3.3795446418803445,-3.2979947709647175,-3.2552354994010644,-3.377271413984998,-3.3419195123727556,-3.296653873561628,-3.307984252891885,-3.302226867356716,-3.302226868530956
-3.3424619766320878,-3.308547884686716,-3.2542993093003423,-3.3135669560196463,-3.1707017446556467,-3.1657443139098977,-3.26716359222929,-3.279316905494868,-3.2407637665384863,-3.253788250080935,-3.2375966632972446,-3.237596663806432
-3.3076201113740593,-3.281011633246039,-3.2333335482930328,-3.2882435535159886,-3.2500231505173356,-3.2110650873827673,-3.3560045713089877,-3.3717537147129066,-3.255705380930865,-3.2675272978235497,-3.2549564505395474,-3.254956451315141
-3.361796587247264,-3.3616903068145367,-3.2551829947936635,-3.317153708348919,-3.309829862029576,-3.2919872186631682,-3.5194608007575563,-3.4118699283551774,-3.2751883515183917,-3.3073538199280934,-3.3076529445302354,-3.3076529452580354
-3.3672959847901294,-3.3503908487877583,-3.2769946707058186,-3.3370672377357495,-3.3413565817529087,-3.3287478355018933,-3.5623895725884203,-3.45960173425104,-3.2909304464924802,-3.322202534819699,-3.3171721327283583,-3.3171721339477545
-3.3746157314983534,-3.3739854918384093,-3.291519155398675,-3.3538174310821227,-3.343383409625735,-3.349736036990535,-3.5863751100577757,-3.4792632798417036,-3.301035633006333,-3.331826869710095,-3.3249543327783506,-3.3249543340311387
-3.371224887013888,-3.386354211279697,-3.3139421689857422,-3.37907854582206,-3.3343231521369283,-3.354797252822226,-3.59207494886501,-3.4541886108132243,-3.299616273936359,-3.331159931986271,-3.3271227259074054,-3.3271227268484695
-3.4159076010178553,-3.47581569176121,-3.335042039863647,-3.3926988174669988,-3.3733672749015837,-3.374376949749946,-3.6241491594888204,-3.471326731143291,-3.3145908682748733,-3.3455116910500964,-3.3466054343566016,-3.346605435556236
-3.3894940499988158,-3.4549543278134975,-3.365541124001103,-3.4180886566672246,-3.4064346704763637,-3.411131313474458,-3.6416742821871115,-3.476828700601916,-3.327636253720086,-3.3580783768278097,-3.3618783841246156,-3.361878385477678
-3.3860505084134456,-3.4395048028044535,-3.38330939961191,-3.4326203695070423,-3.404934438080239,-3.4254195054537195,-3.6302054432350856,-3.459136454034837,-3.336770979517126,-3.366631046476627,-3.367566244318902,-3.3675662459329336
-3.4397346221031295,-3.480204218831616,-3.407066304452507,-3.453087298940422,-3.430556531183887,-3.4554383235099118,-3.6543596998303722,-3.4820112295422887,-3.349810590276676,-3.378843647447613,-3.3857845246373515,-3.385784526436754
-3.377202098439447,-3.472231032232191,-3.415883602711145,-3.4548853450743953,-3.429202454802221,-3.4491566377523566,-3.647867146485747,-3.4874471784473786,-3.3592044237799468,-3.3887027385665176,-3.3936019068154013,-3.3936019087218403
-3.342012234621645,-3.435722686684403,-3.4065286481012222,-3.439796310443799,-3.442862200713954,-3.428093594345956,-3.59725082727974,-3.498606720970243,-3.368550556325646,-3.3992894703394287,-3.414150599220189,-3.414150600816474
-3.3909454167618738,-3.4375776724902445,-3.404842381034514,-3.4310656551664085,-3.4475587942202353,-3.4118732863923524,-3.5206213821078443,-3.490291343925178,-3.3826069446640283,-3.4127061351174603,-3.429958578143392,-3.429958580000182
-3.398255397567377,-3.4830040005702854,-3.438305674053906,-3.470627989836703,-3.474888500186993,-3.4234478952555936,-3.535808946224243,-3.5077220287249364,-3.3846748653693646,-3.4139222905674997,-3.42713807096324,-3.427138072988204
-3.4594448064540964,-3.542431841641771,-3.4549848820161753,-3.4827149492470495,-3.470601254090602,-3.431218209494261,-3.5002245637224867,-3.498380227287415,-3.3979598287432253,-3.4268794423230786,-3.4455155931884285,-3.44551559518586
-3.435492057207708,-3.5411196098147553,-3.463702812950189,-3.4812124360493937,-3.44014009663673,-3.417795590781483,-3.4279285550604355,-3.500534223209717,-3.3941337358658727,-3.4259805450677505,-3.454833466277961,-3.4548334676326045
-3.3376692119259967,-3.447942767402044,-3.4539346410815197,-3.4793683965136353,-3.3550183921521186,-3.360313150793179,-3.3535299952716895,-3.581324094295469,-3.3702452508039733,-3.4022771871495276,-3.412312864533596,-3.412312865696152
-3.363414188783307,-3.477890404658669,-3.449863742582891,-3.48214306436794,-3.3873263237216062,-3.3766390929729,-3.4131750500291935,-3.5905116219544855,-3.3856311487260218,-3.4170365889285588,-3.429958017645016,-3.4299580189455394
-3.366698295979689,-3.5217283341811245,-3.444200335394094,-3.474005067292361,-3.3720566467874566,-3.3632771536955484,-3.4155279756279624,-3.626937417507961,-3.3909322442482286,-3.421710884110166,-3.435719668795712,-3.4357196701166295
-3.340433299093549,-3.449815367757452,-3.4372494518532246,-3.4703741867813345,-3.339942978740982,-3.36087626437456,-3.432590502869586,-3.6111304880239152,-3.388098238418938,-3.4208453236493135,-3.43758759819669,-3.437587599046822
-3.3281846588598962,-3.417803465369011,-3.4323809465834945,-3.464528459222078,-3.3319040529201236,-3.360617040876652,-3.441273901473946,-3.6033896522863804,-3.388680706405115,-3.4230630833833864,-3.4458456878974464,-3.4458456882018247
-3.344110758156889,-3.4390611766341657,-3.4164922102784963,-3.4501466982948843,-3.287968052993925,-3.3240656411596223,-3.423446981182365,-3.5755010059389325,-3.361429210302911,-3.4015907954663036,-3.4271131557702663,-3.4271131546611384
-3.3830069314361344,-3.442156067211452,-3.407281463215678,-3.442124070942514,-3.3001701477557006,-3.322620438482422,-3.410076193188828,-3.5629431130621776,-3.370126495096794,-3.409104774273304,-3.440166018507825,-3.4401660175284787
-3.4086248077368655,-3.470329161705987,-3.4012001454266816,-3.4360036180697935,-3.311923635501633,-3.317709284675559,-3.4098630820894957,-3.551814795525329,-3.3713331034018874,-3.4125453178583123,-3.4511939175001403,-3.4511939161602756
9.892855306740401,12.320954487396671,13.387062681022421,18.20532263150135,7.66015399811876,9.163563730442107,14.490609775764014,25.50098438315439,13.382105312145004,17.447385017018725,21.03521804523115,21.035217941279626
-3.1999273399287786,-3.2096827364839555,-3.2221907610010208,-3.2714294029134985,-2.894159779288312,-3.049028523016003,-2.9310862925072882,-2.975886926489171,-3.1681662863123097,-3.2034285612660405,-3.213223293750745,-3.2132232881727067
-3.1331861198690354,-3.102763320740962,-3.096566024916976,-3.135076473916838,-2.9445996958782246,-3.0406795401934357,-2.9341061146506515,-3.05468623418306,-3.1677253673723436,-3.207533677174282,-3.2225055047394244,-3.222505498843421
-3.0848716369382148,-3.0750307345034606,-3.0218731289865453,-3.055355298776064,-2.9773531451690634,-3.0531390489870347,-2.9453235814137617,-3.1209923129684114,-3.1846569029325105,-3.2224442106276023,-3.2418692300231977,-3.2418692244231027
-3.166886186459318,-3.1575122463223133,-3.0045498812699103,-3.0410929277541436,-3.003925437692546,-3.077749604502187,-2.9829992731273647,-3.1997460394249337,-3.2057274751402054,-3.2424458616611322,-3.265488215422389,-3.2654882101022156
-3.0763707698423204,-3.091263660506777,-2.9689748734707733,-2.9976485806561253,-3.0124618566110604,-3.0654500191293623,-2.9657641058385105,-3.199604787815423,-3.2018222857266565,-3.23483844688484,-3.2502209502035315,-3.2502209456809292
-3.162759035057661,-3.1347932701655585,-2.9825226233502242,-3.01323344930151,-3.087493661836258,-3.1150280083691406,-3.0213676696430394,-3.275705174726466,-3.2232741174548236,-3.254319615788677,-3.272811925531244,-3.272811921440821
-3.321458025235157,-3.3310944468853307,-2.9969221472285934,-3.0414057029176957,-3.1771083602504104,-3.124545722661969,-3.0611879642572033,-3.3327830068498745,-3.241690414255438,-3.274200297758986,-3.291653296540126,-3.2916532927536655
-3.2676093086651488,-3.216544419815291,-2.990666748870508,-3.0503054863487082,-3.215090599884321,-3.1018392927918885,-3.0072760623110417,-3.3016138726899356,-3.2445004932710764,-3.283028701788295,-3.2934062307517458,-3.29340622677068
-3.366289616954195,-3.3973035219826224,-3.048007238736057,-3.11883811361608,-3.3051071178600933,-3.158474647165788,-3.041225454043669,-3.3556483457826656,-3.2657000289462266,-3.302988225629802,-3.314577091071388,-3.314577087354926
-3.3519805078909615,-3.4028617704125317,-3.0899020061844196,-3.1720711794038072,-3.2362985873924774,-3.122625316303295,-2.984255705831968,-3.2236538359015823,-3.187196911971629,-3.2322753469364995,-3.2162366770577706,-3.2162366725895697
-3.30803893997007,-3.3966443916655735,-3.142339206428928,-3.2309582906790166,-3.285834788912781,-3.1632335388706085,-3.0407314076672156,-3.2976012750304036,-3.2096013800590857,-3.2523388270456834,-3.2440565789058877,-3.244056574576597
-3.3955222593242205,-3.5004580466564565,-3.1616559703815375,-3.2608708617426116,-3.312001104281251,-3.1975986754463186,-3.0877673460250277,-3.3680851666215603,-3.232527704030319,-3.2729574559095536,-3.2644337019545913,-3.2644336977469397
-3.341734267779834,-3.4094510973077723,-3.195107917037693,-3.3013180800485484,-3.287111126844788,-3.227355543268385,-3.133031791629067,-3.404393774359463,-3.2456477569673856,-3.28486550735104,-3.2799612422484477,-3.2799612381388563
-3.3246175516350065,-3.389078410586971,-3.2268017629302452,-3.33660995503002,-3.2277670155996625,-3.2296058941691745,-3.1356078878394276,-3.3787534698187796,-3.2351655690364485,-3.273402448708421,-3.2587411431502393,-3.2587411393567676
-3.3810881275209717,-3.4748562176545854,-3.2408636870773044,-3.352201531421402,-3.2179212269697395,-3.2462297366887762,-3.133141654014085,-3.3766754650469792,-3.254972485497876,-3.2909090942853894,-3.2741999247808202,-3.274199921253614
-3.3931215781580297,-3.4789137062607463,-3.262510227436474,-3.3693563663515262,-3.2297594607344617,-3.2811063014796966,-3.1711449567295387,-3.3926685113836084,-3.273576133872924,-3.307278938321856,-3.3006158435020225,-3.300615840120783
-3.397430316821924,-3.4898397354688155,-3.280786710429739,-3.3800145371881944,-3.235757377772384,-3.310132837518794,-3.201999116591826,-3.4023420580273926,-3.292610963094358,-3.3244274316964555,-3.3279458719732893,-3.3279458687151373
-3.3629414244997524,-3.478224388483136,-3.2771935876908183,-3.3653497877394885,-3.1858666403229816,-3.3066818745587923,-3.1554007949158738,-3.349882457782053,-3.289360748778402,-3.3071367108249117,-3.335075676202029,-3.3350756726023603
-3.343595473019114,-3.4246455989421554,-3.2616872930225163,-3.343660087128484,-3.1699614352974503,-3.297455753193802,-3.1402543366278657,-3.3287367855714085,-3.2932285434427184,-3.3114972565381704,-3.3154658102453802,-3.315465807528725
-3.3066008422436988,-3.3785285883317577,-3.233441872348559,-3.298066778763032,-3.0991791590598554,-3.2530730790618687,-3.0662927202332613,-3.252035597756514,-3.2710993913732453,-3.2646673099119132,-3.2930293788171316,-3.293029375877873
-3.354881217538237,-3.428383997647467,-3.219199170239821,-3.2691552978489002,-3.137873692830354,-3.289449492825712,-3.083821889572482,-3.288829488761533,-3.2901250864202196,-3.2837533414050264,-3.3188782070521543,-3.3188782042379428
-3.2877620712765623,-3.2871636714265033,-3.1858611963560106,-3.2321195674171657,-3.1655241647150945,-3.267222984359768,-3.0784250543052414,-3.3071208675903105,-3.273543766164232,-3.2762952779315615,-3.3131217414354475,-3.313121737878711
-3.3062016482402816,-3.3574765572982117,-3.1998939226353205,-3.2496335757685753,-3.2183080619488686,-3.289888177240477,-3.106509933702105,-3.330257534537729,-3.2878901768283844,-3.290471446292643,-3.3303024828753385,-3.3303024795124094
-3.3746179715342333,-3.396123873379811,-3.190960503804714,-3.238455042317697,-3.206772434816582,-3.2413094029014506,-3.0811441915919096,-3.2787274249995084,-3.2642798966669693,-3.2662357735269363,-3.27084690477459,-3.270846902209225
-3.3312949553610878,-3.383175787918331,-3.1809761136866967,-3.229375043120747,-3.2378607739363376,-3.2547898934987103,-3.076101143219476,-3.2884617289265687,-3.2852038578935407,-3.2861495979527184,-3.272997673797196,-3.2729976717773326
-3.2951133713231067,-3.3674024082000233,-3.2190380730896546,-3.2691030400873142,-3.3076957342448736,-3.2835341068203108,-3.088852641122881,-3.3135974738128917,-3.2943648439666733,-3.2934689215421162,-3.276174282532202,-3.2761742809947303
-3.299579842261733,-3.3653752259778864,-3.2525528975417526,-3.2957517771386957,-3.314972544422587,-3.3068173915473946,-3.0924379382233558,-3.3185632486083145,-3.30478576771275,-3.2882124907530916,-3.2972158085366905,-3.2972158069294437
-3.376344105229764,-3.470904184325712,-3.2836864486875603,-3.3145426516334506,-3.3278551302178556,-3.3344221418764546,-3.0946900663680426,-3.3352680876857814,-3.3248026214315987,-3.308555329838047,-3.31726395862212,-3.3172639572359914
-3.3936879035143566,-3.49303827395372,-3.3001118141333086,-3.324413545529172,-3.3226039829547815,-3.349790288817172,-3.1178918941989666,-3.333920636276168,-3.3441729214233082,-3.328116947168464,-3.3322516694341773,-3.3322516684456387
-3.4059387887234274,-3.499070008300327,-3.2884539447170216,-3.3034131243516276,-3.2495296734213515,-3.3235441307653817,-3.0657742579381475,-3.2868186484300126,-3.333192699524186,-3.2700339320663483,-3.3336923060437824,-3.333692304605618
-3.3603778680236953,-3.3996551763383365,-3.2611402621012306,-3.270793188188806,-3.2330039511114634,-3.311618214976673,-3.0657678530978583,-3.2778100575641833,-3.3439043609001464,-3.2840101273571385,-3.3298798405030756,-3.3298798393302653
-3.378010892897523,-3.475730267731419,-3.2662230026386307,-3.2831234654996373,-3.270925441582935,-3.3318838723044903,-3.1367900282995613,-3.3267240892810404,-3.356865999272615,-3.3013494879372507,-3.3400129531231477,-3.3400129523920326
-3.367532583804868,-3.4555219015887833,-3.2696413806192988,-3.288101682149512,-3.2926355322490606,-3.3267337338801948,-3.1894378436144804,-3.357326794164107,-3.372882830762384,-3.3189666313632857,-3.347426561749552,-3.3474265613914427
-3.317996427076742,-3.4023254377785657,-3.296373057132741,-3.31667178173503,-3.323255630007081,-3.3425541124740348,-3.2485847299175283,-3.382087839301378,-3.384649676052826,-3.3347500684785567,-3.368276399254009,-3.3682763989406714
-3.2687256933637756,-3.368843676545432,-3.319343788040406,-3.3431225568429945,-3.3266290395679334,-3.341167000990685,-3.262158813011305,-3.3941427575895795,-3.394567556574164,-3.349136874588606,-3.3877729775841168,-3.387772977100528
-3.2064821253632414,-3.2748030424819436,-3.32615916808419,-3.3562439643954365,-3.247003112146659,-3.286561076215855,-3.185658065869919,-3.316538152810969,-3.367024604971953,-3.330760805030682,-3.339059247363381,-3.3390592465361846
-3.268635956873557,-3.3509284563441586,-3.331486793001481,-3.3620664725929004,-3.2571790561426095,-3.2949893201700853,-3.2162327707160783,-3.320575002489454,-3.378700513308018,-3.3451618527262568,-3.3573861629887936,-3.357386162059338
-3.2446436297597487,-3.3239170575074737,-3.3434499544660907,-3.3662798867688215,-3.280479358917593,-3.3160079747645863,-3.2496319713108734,-3.343178723516572,-3.3955381704213057,-3.3628094649350304,-3.37659754208866,-3.37659754143351
-3.2543483404964944,-3.3540064936015117,-3.3628897522688446,-3.385031010752418,-3.2634951896781574,-3.3092897691851633,-3.2364918128562787,-3.332575393461901,-3.3804467285531947,-3.3538346376501105,-3.364393375236091,-3.3643933741873266
-3.2008983263393387,-3.301583451323432,-3.3866925171132216,-3.406699988767478,-3.281815627412006,-3.32026820330627,-3.2407552299741877,-3.3462409614134914,-3.385336312431373,-3.36111968909635,-3.3763139852104347,-3.3763139840852725
-3.2223606023802227,-3.3086733103316703,-3.403219658264147,-3.420615656153936,-3.2922730549995958,-3.3460114779931427,-3.249277802239788,-3.365757672613602,-3.401309060252242,-3.377995883622931,-3.3819409577489097,-3.381940957428222
-3.2291084637383585,-3.31482382075503,-3.41208759711965,-3.4297347606792448,-3.313657622134647,-3.3712482944926254,-3.274791823100933,-3.3799561887878364,-3.417993403819856,-3.3951427343943825,-3.402256023191407,-3.402256023061272
-3.251802730112568,-3.3684155174920978,-3.4239665715879237,-3.4373783191083316,-3.3273624882777146,-3.3952182883211006,-3.3009154761051067,-3.4114039759012003,-3.4342583715987174,-3.411912794841336,-3.4204111937191026,-3.4204111937776576
-3.2537133607224384,-3.3557347010118175,-3.41329682019481,-3.4249785335307177,-3.368128543141596,-3.390474280322186,-3.3174290834781512,-3.42999179567943,-3.4471657979324988,-3.4245525087354656,-3.4318009337276303,-3.43180093425916
-3.247198076456754,-3.3597038673932893,-3.3940593711302958,-3.4184466273896525,-3.351147160267369,-3.3729216902167742,-3.264728830732027,-3.407946559745046,-3.45841253411426,-3.4367237529962424,-3.4245991559939943,-3.424599157065425
-3.287510367274786,-3.4079106348931485,-3.390022130604108,-3.416248157372096,-3.3392789850870086,-3.3692077190121053,-3.2590159100534795,-3.399109106037659,-3.466685184299321,-3.4465408471165175,-3.441138539248727,-3.441138540249082
-3.2943713105961066,-3.39662466298058,-3.381820115289415,-3.4146323287093066,-3.2660909855478666,-3.345122871326199,-3.2284299662557485,-3.3360562023082014,-3.4376662847927415,-3.406045330402006,-3.4136941658015783,-3.4136941662232374
-3.334691461362903,-3.413239621164278,-3.360614742010737,-3.391256502562616,-3.292620368970582,-3.3643264345629955,-3.227302917875159,-3.355055248448541,-3.453521361021103,-3.422743083508794,-3.427351492019458,-3.427351492669218
-3.3919816444600297,-3.4802910342525175,-3.3568821807728857,-3.39418025396617,-3.309057796549864,-3.394801284501726,-3.3245965585639254,-3.3721445024476697,-3.4711062896494296,-3.461210472669389,-3.462997991015759,-3.462997992516659
-3.3492202301587275,-3.4476389388900106,-3.3795077329350565,-3.4348524799129354,-3.3126517135848212,-3.3981124523476627,-3.35404312167393,-3.4017108732925094,-3.4497811676102432,-3.447759707653095,-3.457920496616186,-3.4579204973824
-3.316461862725709,-3.399830527693939,-3.3805254053078433,-3.4370493986767676,-3.30113831713152,-3.3684612506475355,-3.338298087737575,-3.3846811857830135,-3.418382890896796,-3.427642174132204,-3.4387351409132734,-3.4387351405671316
-3.36630065513844,-3.3824592540694374,-3.3904300348327334,-3.45445025304825,-3.34054029030459,-3.3779936801645145,-3.3597808944751857,-3.400450261993826,-3.4306960212190507,-3.4409333015317127,-3.460243477831261,-3.4602434774540076
-3.321306940925596,-3.390713482027418,-3.3930497877047294,-3.45863589985344,-3.3445952242495904,-3.3807880599448734,-3.3730891996302113,-3.4146706918912755,-3.44344690494492,-3.453637836459684,-3.473122992284954,-3.473122992074341
-3.34383630346077,-3.3831270879779636,-3.3897243727907393,-3.459453981903792,-3.355594499327683,-3.383758228822621,-3.3982315803625323,-3.4174998328359854,-3.4523696450744397,-3.462440827981123,-3.4700218968232504,-3.47002189725744
-3.33278253413533,-3.3839601991305814,-3.381824721097216,-3.4789305515973514,-3.3921473963533604,-3.3447629044739666,-3.3415912128271774,-3.452093490067463,-3.4613841247408086,-3.475407293841168,-3.458913630539676,-3.4589136312915834
-3.3350346972596236,-3.4117447040821505,-3.400956179955196,-3.509331325111418,-3.444011099705661,-3.3550069996287366,-3.3448634562868267,-3.4757237689054836,-3.475346252050845,-3.4896544829797134,-3.4805609401063755,-3.4805609408013316
-3.315785202050301,-3.420937794221982,-3.4236536788359286,-3.533442351919881,-3.446649777518405,-3.3722348281283248,-3.337840065270167,-3.4656522115160304,-3.4901887165452066,-3.504612759394269,-3.4923055410858694,-3.4923055424131997
-3.342453369881526,-3.4659080188831464,-3.45049115947558,-3.551639498970488,-3.4346468952571922,-3.39371258143958,-3.347091160461772,-3.4818516998588676,-3.501500139644614,-3.515933192584065,-3.5098973598199787,-3.509897361171264
-3.3820513632761764,-3.4587054483789315,-3.43045391641053,-3.522855349635874,-3.457573605077236,-3.381495764001635,-3.3366683873883627,-3.4836896760788556,-3.501244935249806,-3.5210339431808664,-3.5121727218404484,-3.512172723613442
-3.3435597699826864,-3.401667176965148,-3.416063569400712,-3.5114291977543806,-3.4539227715278784,-3.378035899274168,-3.34262277619414,-3.500993102569281,-3.5163018345950325,-3.5356041350381187,-3.518779363685789,-3.5187793659244537
-3.3223076884061813,-3.3988196836942706,-3.392761188230267,-3.492964067017111,-3.312999948062771,-3.3293679308263617,-3.3026381494989807,-3.427494974901385,-3.477648932319437,-3.4938401805087778,-3.4911533246862803,-3.491153325703798
-3.367694799140067,-3.4575756097348753,-3.412199324915968,-3.5215818884509984,-3.288850360493444,-3.3294330263649474,-3.309233726397621,-3.420706085999692,-3.4366517622744914,-3.4582748178768266,-3.4458034717123596,-3.4458034719477286
-3.3461088351611177,-3.4579062293639344,-3.427778025861892,-3.5271163658279856,-3.3177800121257177,-3.347107270659978,-3.3392123006042986,-3.445078446702403,-3.439219287717093,-3.4630224721353264,-3.451037444253092,-3.451037444727139
-3.3454837574881258,-3.420833508148841,-3.3961520375241996,-3.4920993474735043,-3.3296112486808944,-3.3344602677035247,-3.3076763000654124,-3.4401047052520095,-3.439356412641549,-3.4667922457072917,-3.4619488338524924,-3.461948833776173
-3.3589067047740646,-3.433011075156628,-3.4083632046721037,-3.5036645987234434,-3.3573886485890223,-3.341340220414853,-3.303401414245307,-3.4791297439948856,-3.4543378631519763,-3.480547846586541,-3.4653788354010864,-3.4653788359840387
-3.3531589429248934,-3.3938381073397323,-3.4100192190237726,-3.494155617765584,-3.3546569582493744,-3.3425105122545755,-3.294739411793618,-3.4688201446413607,-3.470166868936326,-3.4949910455221547,-3.4772252683911287,-3.477225269464866
-3.307737759130673,-3.3587919440237215,-3.394650851023938,-3.4753949015029066,-3.3126982704864165,-3.3305319307587706,-3.2986350516697316,-3.40722945334613,-3.4708469345043107,-3.4967219768773576,-3.444295155151689,-3.4442951575917187
-3.314585537158581,-3.3980775304149713,-3.3923306684824097,-3.4658638350896145,-3.291559592901601,-3.3256201450517664,-3.2927006778443118,-3.4085718812627377,-3.4557476438731793,-3.4816825780230825,-3.42158464990459,-3.4215846524649223
-3.247011915921428,-3.299448463851398,-3.2193445816223587,-3.3172942586770495,-3.2157022949372793,-3.2341937510084597,-3.1781474831874457,-3.2567933876908515,-3.4399120923709514,-3.4713023849310414,-3.3733869242815495,-3.3733869265705967
-3.2355986888329453,-3.292108602861606,-3.1862787791583487,-3.2974109871451867,-3.295704028364012,-3.261821717224586,-3.2114149679210193,-3.3301269466063186,-3.553933241905559,-3.5617117036616186,-3.451066003178917,-3.451066008711458
-3.2239360917053306,-3.3176320216168915,-3.157792091907117,-3.2735040159840842,-3.319183976118517,-3.2546627401248522,-3.2362868493587826,-3.328838685753482,-3.567238004161046,-3.572853437119748,-3.4666383271117356,-3.4666383327563657
-3.2761685747356677,-3.3596564079362112,-3.1594493280488933,-3.2708828250808044,-3.3241385800416694,-3.2534105697228695,-3.2430214596016684,-3.32646744721755,-3.565676964865074,-3.5729904861199557,-3.4706428971319285,-3.470642902761426
-3.255465874199605,-3.3450299580671663,-3.152250359500902,-3.262668609674481,-3.337900161969488,-3.2526247211854398,-3.2590666918928326,-3.3356557837954224,-3.579368590554161,-3.584338211060902,-3.4907577658220226,-3.4907577716080147
-3.315010439024437,-3.419622793922918,-3.176308522868449,-3.2859203872426757,-3.3225533497788042,-3.2617163056535694,-3.268632837052161,-3.3376360740216056,-3.565280823113173,-3.5717904757655825,-3.489840649738951,-3.4898406552048002
-3.3250066413350634,-3.384506671574143,-3.1167008524240787,-3.229643992959119,-3.3172843464400135,-3.2236379478265955,-3.203849991324675,-3.27478720301845,-3.531274229695744,-3.548627609420332,-3.4736666083761176,-3.473666612244074
-3.343910724435992,-3.42879199339446,-3.1305608253820862,-3.2462962011773913,-3.3630215661905773,-3.2359982840590145,-3.199994997696434,-3.3104468926523962,-1.988306680238992,-0.7477622967451096,-3.4704109040894373,-3.4704109086443724
-3.1838394911805277,-3.1607141414065554,-3.20103301968397,-3.3028144125293037,-3.164387981981054,-3.10197493242656,-2.9867289346619423,-3.1532064211878734,-3.4640663540672265,-3.4978082251836717,-3.399180851330741,-3.3991808555485004
-3.195964365614989,-3.174685711860948,-3.2123708726180893,-3.310356896050056,-3.2099488541748533,-3.089986852390787,-2.9917700091773014,-3.144330922976576,-3.466005151367597,-3.4972322898389914,-3.375203866577408,-3.3752038719940973
-3.2569540215260973,-3.242525711827754,-3.1498662016980865,-3.2596363858048396,-3.26752949923091,-3.065180169268879,-2.9753689934266885,-3.1257387316172,-3.460402706162979,-3.4938439961569046,-3.373826627967284,-3.373826633082848
-3.3694003908442456,-3.4015682455770477,-3.1708304206765887,-3.2794859509673753,-3.319770897335821,-3.0717492844714624,-2.9867555600152564,-3.1638386903281335,-3.465636820402084,-3.4520647952318653,-3.3832670733038883,-3.383267078433057
-3.3621505253263786,-3.395943816548102,-3.153257724369203,-3.2557567885953773,-3.089826649142735,-2.9845719779067807,-2.8932745177034263,-3.023631347879788,-3.365971400581932,-3.3967890187788194,-3.331205585504904,-3.3312055886780847
-3.3254513245176267,-3.357775906617954,-3.159872816723562,-3.2587081953514696,-3.1080511760334812,-3.000153662770117,-2.9290585091085104,-3.0924743710627673,-3.3639961522128328,-3.3938370887546654,-3.3474067702211525,-3.347406773266003
-3.2531880105774564,-3.263780609459825,-3.1665240786909563,-3.2657838498798006,-3.1247147384008507,-3.0257356341389565,-2.973357402145883,-3.1472449548277623,-3.3749760232729162,-3.4017475082031554,-3.3702721112582164,-3.370272114260792
-3.379526717243782,-3.475709964056528,-3.1494531954133578,-3.250569860977467,-3.0574929327596596,-3.0358748373001982,-2.976826221379466,-3.150605689748577,-3.366316642556605,-3.3899585313255653,-3.370960661527171,-3.3709606641230203
5.988378916667994,15.181359935930946,-3.1554761988375923,-3.262843577287648,-3.0445187131697646,-3.0699401461317457,-3.0062971687659057,-3.180678552694892,1.4691458439062646,2.987600307843549,3.1026132748483963,3.1026134743230207
-3.370816357840714,-3.4232484229439835,-3.0482523374877255,-3.1474456587499775,-2.8579631440967037,-2.9826934826999905,-2.8753548920742107,-2.9630151924910875,-3.212732165441089,-3.2707105262785268,-3.271671419502969,-3.2716714166357126
-3.263259453338403,-3.2775639548162108,-2.9958197283819437,-3.080648592726969,-2.9229985698179664,-3.0258695456690132,-2.906967891951517,-3.033361730239024,-3.231336827715228,-3.2833977980317535,-3.2859818081556753,-3.285981805756079
-3.282181446492644,-3.3253847469407023,-2.9666063581666515,-3.048270470619223,-2.9698629770167084,-3.0775411148915386,-2.9346756513388983,-3.095739919304453,-3.24552754055264,-3.2949172226136434,-3.3062912115711116,-3.3062912091579304
-3.282432607237533,-3.2794579828715253,-2.9752714039752686,-3.066162084611539,-2.9961596157898267,-3.087015919741117,-2.9381323198534868,-3.070947484283861,-3.202012662456535,-3.254253672098998,-3.26311045901545,-3.2631104558687776
-3.30464473800919,-3.3772529768672,-3.0076215140381652,-3.101140785634499,-3.0555149374893595,-3.1380360358311696,-2.9819186205740724,-3.145253540760784,-3.2227009240355233,-3.270115257597851,-3.2859293230680695,-3.2859293201266677
-3.4294991261620478,-3.500781596295332,-3.0486703965534367,-3.145725378306445,-3.0874975161784084,-3.174832707912227,-3.029256490497616,-3.197160392696523,-3.2373265777540103,-3.2817213489119146,-3.309513730034336,-3.3095137270691577
-3.406784044436251,-3.4218200565365966,-3.0352517839899162,-3.1237800987424578,-3.1189003904202006,-3.1789324277666635,-3.031095170911078,-3.2060758820447823,-3.245550850746245,-3.283869417404702,-3.308229829904783,-3.30822982752417
-3.3694325498896465,-3.425967929189347,-3.0480124367169465,-3.1366874307671773,-3.1398292719468888,-3.215888554337932,-3.0661137360795823,-3.2411999696400557,-3.266907655257746,-3.30143495414647,-3.331919808807416,-3.331919806566469
-3.404356216134132,-3.455693644759716,-3.087176010492776,-3.177808816456185,-3.1484068759447865,-3.248125411119236,-3.1081418968303227,-3.270108325799719,-3.2817089051450434,-3.3138672234787503,-3.3532767628062787,-3.353276760557176
-3.381188600385256,-3.446182729573923,-3.10808688126343,-3.188467871395502,-3.11820338689488,-3.2652625398615442,-3.121453951513232,-3.269084985399235,-3.2899006727817315,-3.3175574407945847,-3.3675682105257545,-3.367568208194061
-3.4295957611200225,-3.5016045665744047,-3.1249512904542516,-3.1877445908096,-3.1251435563190366,-3.282857377841574,-3.126823701804884,-3.2764751346567853,-3.3097967104303088,-3.333949126520268,-3.3598085845300245,-3.359808583524131
-3.3554177071769016,-3.3735292466267772,-3.140507961877998,-3.2084321678534926,-3.0294618742956043,-3.177819181980701,-3.0148597654769143,-3.028511312004975,-3.1821036766533384,-3.2176533605953113,-3.2054761108892746,-3.2054761076903397
-3.291731690107989,-3.3644461943848993,-3.1900948143747105,-3.2600472112602286,-3.1786733977967656,-3.2169868311646437,-3.0386861336859154,-3.109870244161811,-3.2019820447341507,-3.2324623566722437,-3.1948546478649327,-3.1948546454387303
-3.291422339376336,-3.3730195141497745,-3.2380402142594327,-3.300288780601092,-3.252035932108102,-3.256804905371582,-3.08371069312347,-3.1673127949549027,-3.215558944794119,-3.2437234261324983,-3.22035155359582,-3.2203515511709506
-3.1933504500182837,-3.274437134775443,-3.3110197597064537,-3.3715730765172025,-3.235801083187246,-3.209916645413342,-3.0393663031207416,-3.1001367181300576,-3.137064120052695,-3.166762986791481,-3.099019196327622,-3.09901919373601
-3.079372393576185,-3.1929948262727734,-3.3360546222121434,-3.3906451453938438,-3.2656954730079466,-3.147042371190251,-2.983309739262906,-3.055523792362729,-3.0909187512377443,-3.1250108994727377,-2.9784567605353978,-2.9784567589111965
-3.012332269906844,-3.1254577829801464,-3.323576215622269,-3.3777751715682163,-3.3658866443250597,-3.1582700543096465,-3.0149003506960783,-3.089963021784774,-3.09694327186259,-3.1280614899738453,-2.9999975602633864,-2.9999975587271273
-2.804056692178542,-2.9009501792677765,-3.2020498786654783,-3.296507742798459,-3.1706927665162175,-3.085548355692142,-2.926724953509253,-3.0520246338375445,-3.0322180630807645,-3.0627592218369397,-2.894489580416379,-2.894489579675696
-2.7908746980976105,-2.877875499179371,-3.1512586190500276,-3.2315332231045364,-3.2295980932264614,-3.09469353573462,-2.930874793472212,-3.072793997994416,-3.017781441310149,-3.0462972119644,-2.8977999332536255,-2.8977999325435153
-2.737791623995808,-2.862403777785473,-3.110246273559291,-3.1829649617507805,-3.2318199895082573,-3.0679229086753126,-2.882257591140972,-3.042001211078722,-2.979589047472711,-3.0072870949753536,-2.8491288374479993,-2.8491288367871506
-2.803169154774418,-2.896962197650069,-3.115013282257904,-3.166948072024402,-3.3431590218531517,-3.116286549638977,-2.9256131892798405,-3.0613288854282854,-3.003796579133271,-3.027912727083244,-2.886061362175175,-2.886061361612608
-2.795051738562294,-2.90004637701163,-3.1035774110256376,-3.154339114885591,-3.099127510007875,-3.006308291681314,-2.8712547320260526,-3.039690199712201,-2.9853028299829765,-3.010780155169839,-2.880989724806436,-2.880989723954332
-2.726214666473445,-2.8326304435304497,-3.1169763430870407,-3.1485269543379943,-3.158010249515156,-3.037386087496724,-2.9421462917621537,-3.066618592057946,-3.008112500174919,-3.0307803897127332,-2.917576984134302,-2.917576983392665
-2.8827865866249156,-2.9740577034815456,-3.126867582629709,-3.148549525725212,-3.2312301163419974,-3.077155474797585,-2.9923040915545096,-3.087629611579577,-3.0334275334451797,-3.0527466584928993,-2.9490406638609556,-2.949040663680508
-2.9761829073293886,-2.9845523986417706,-3.1377473475259,-3.164053975916617,-3.3246488178146656,-3.1158377458485993,-3.0096082460753513,-3.1286281593063334,-3.053183561122113,-3.072522331073631,-2.9813554431173017,-2.9813554433093525
23.048982247067336,30.52342025909167,7.508055652271132,11.834408183844655,23.477236669531084,6.527345467733074,-2.993583794846508,3.9283657810094406,-0.4073670300232686,1.3388740208048682,-2.964870848871028,-2.964870849588902
-3.2339184878826677,-3.273528753234576,-3.055718096667773,-3.1036518942142868,-2.8427602550626663,-2.8658917991632697,-2.742720245618316,-2.9794941254390475,-2.9292998482115173,-2.9470372618799074,-2.8553580499976885,-2.8553580491709227
-3.2195829402493685,-3.2593722602013075,-3.066734879477753,-3.104051822070252,-2.943700636456896,-2.8816416731434655,-2.7638019887201914,-2.9689893502926727,-2.921259492548587,-2.9369330357391634,-2.8625924726058516,-2.8625924716078313
-3.2171542114075447,-3.255057557176217,-3.0383572148607305,-3.0628622343307743,-3.057917665647295,-2.899212669449321,-2.8107120993676293,-2.986904495020222,-2.9380780324872804,-2.9485165120863472,-2.885428241365287,-2.885428240817071
-3.2289804338905377,-3.269790202237737,-3.013554649495455,-3.0536361368939424,-3.1857011481078565,-2.973551471781942,-2.843794041743672,-3.0126895071305304,-2.946736994556533,-2.9511958381914907,-2.881776312031051,-2.8817763123178297
-3.2240585571181324,-3.265046351763407,-2.9868190928488425,-3.0401535319093016,-3.2099488502275704,-2.9868230609105075,-2.8389857148578823,-2.9885738211015473,-2.9503374168329226,-2.954832250399705,-2.890084830970924,-2.8900848311663943
-3.22621301102816,-3.265141240760557,-2.9886311879072456,-3.0158412401362122,-3.1886675035428005,-2.9708831445596715,-2.842053603726497,-2.9984629898232606,-2.9662544810646603,-2.9675460061775545,-2.8926800872284217,-2.89268008805131
-3.2265262377295665,-3.264436218614543,-2.9784859793369605,-2.9980547766725625,-3.229377405700432,-2.983327764460807,-2.8930803660630593,-3.0338947845848128,-2.983793660159127,-2.9839232330443632,-2.9266773573172022,-2.9266773585780195
-3.2331997279818596,-3.2708249025211797,-2.954517955738228,-2.982963038334679,-3.268165123085759,-3.005420912128142,-2.9458585604327756,-3.0735342377634085,-3.0026398140313364,-3.000997346004185,-2.9611950902395883,-2.9611950914854095
-3.2254841913516854,-3.269848732376934,-2.9534064528257713,-3.0106944187396345,-3.3003972669128543,-3.0248308346624766,-2.9338877236940495,-3.1055639110583493,-2.9761189036867846,-2.9740936612495275,-2.8937839960683367,-2.8937839978574926
-3.238268221746898,-3.2824973720599333,-2.965930038835462,-3.0217391635110684,-3.313592212179795,-3.0732170083105395,-2.9717104680333866,-3.1466853700474187,-2.99442593994649,-2.990430805352443,-2.9316733568916673,-2.9316733585952357
16.212814883727596,20.716770212684942,-2.9902196295384806,-3.036095798712748,20.896553420093113,4.915491351958959,-3.0206396178754527,7.933195645591194,-3.0167022085255897,-3.0103314568451305,-2.9713794982411663,-2.9713794999071412
-3.1566681739990505,-3.2322217667514126,-3.0074046859456023,-3.064166256056035,-2.7944507161605667,-2.89207819825984,-2.7615813427749063,-3.096290065089643,-2.891866266172233,-2.8928840609578477,-2.7526812432316348,-2.7526812449009244
-3.154650371481402,-3.2259443782709822,-2.9932108240399016,-3.031806280748313,-2.885147458716543,-2.933935201902368,-2.8126302758460717,-3.126978081956787,-2.9030323095352752,-2.9032022484341877,-2.789079950405471,-2.7890799519372074
-3.173677177024034,-3.2408889141732398,-2.9846040291132288,-3.007104559967361,-2.9443080674852724,-2.9825535262233176,-2.8816002365992475,-3.1425493172414507,-2.92762625502088,-2.924822248874922,-2.831932943568841,-2.831932945129793
-3.193321049808671,-3.2571977643991117,-3.0000253889871047,-3.0075328427545416,-3.009222740228242,-3.0383467040902046,-2.9656758666568246,-3.178703124017253,-2.948300192870318,-2.9432570966986518,-2.8714540588696806,-2.8714540604972676
-3.1817115935616833,-3.2448703160166703,-2.9933960854465513,-3.0062922308674507,-2.94562552069329,-3.0065535826400374,-2.932345383638662,-3.1817435005722134,-2.9376502123386623,-2.931588590813411,-2.8561749081839483,-2.856174909768658
-3.1964313684630996,-3.2584674336856883,-3.0007915528308438,-3.0074035917032633,-3.0037642473667496,-3.051178492670607,-2.998096087526506,-3.223286337378287,-2.9583339066874195,-2.9501002013556588,-2.8982695841051482,-2.8982695856806426
-3.2152780269597763,1.6801984018615017,-3.0285147117383646,-3.0246005280622112,-3.069288157178365,-3.1101529339045757,-3.0527560706374857,-0.6017185323708718,-2.9647349226970325,-2.956213264781267,-2.9252915106244437,-2.9252915120001868
-3.178780164974664,-3.1931689106653196,-3.0021380219308136,-3.0173193617886387,-2.8459728789905405,-2.9586488603954195,-2.8773064264743433,-3.162640916561148,-2.8930729841924405,-2.8899012562968656,-2.8275557728654297,-2.8275557736992614
-3.1745079164125913,-3.1890197905456965,-3.005589940729456,-3.0137766017485856,-2.98425093497512,-3.008899407532057,-2.916861798281071,-3.185061512062683,-2.9008177596496827,-2.8964154568833713,-2.8410605325422678,-2.8410605334301797
-3.1955210240070335,-3.209830490190406,-3.0256962474440243,-3.0198855184231514,-3.1573518565798815,-3.0941052799234456,-2.9732062115527493,-3.211294294744995,-2.9211232627611485,-2.913753393008805,-2.8750843831512825,-2.875084384265784
-3.216497687519277,-3.2292192714909316,-3.055363486193443,-3.0369074058825842,-3.2482738036291408,-3.1732931280040173,-3.041257363196488,-3.257238079440342,-2.9411601377565932,-2.9327182453196374,-2.9191650195433585,-2.9191650205988253
-3.2361595258441973,-3.2478398502806862,-3.0882609040854794,-3.0592804667284095,-3.305609413944781,-3.2539211430339083,-3.094056173886643,-3.26084977036885,-2.9574151871722343,-2.9475329703005846,-2.950332572912039,-2.9503325739310213
-3.2485334020158616,-3.2594338328805352,-3.1199743375183013,-3.0853410991808765,-3.3195818224291473,-3.3073629601797174,-3.1473808723044026,-3.2924260943437815,-2.9813568447419425,-2.969552549846527,-2.991387586408475,-2.9913875874540525
-3.2613992317993734,-3.2721918189296044,-3.158642513615489,-3.11721865252227,-3.3364099273888543,-3.3693965613508468,-3.1870215031979994,-3.3253893341388,-2.9987845681444747,-2.985650701522917,-3.025709920983447,-3.0257099220439043
-3.2721646476962074,-3.2836041582562387,-3.1974364709390413,-3.1530922795682863,-3.390441758618136,-3.4331455717670663,-3.212123837121461,-3.354982558200557,-3.0171474734425106,-3.0022812564886614,-3.0517990594137343,-3.05179906063793
-3.2673712202372225,-3.280264862773771,-3.2134064070714397,-3.173681413621801,-3.3186414396947126,-3.3871529762951735,-3.159595018895746,-3.334990976370171,-2.978383785068338,-2.9684154396900935,-3.0113520840360026,-3.011352084594456
-3.26249711626212,-3.274780148761093,-3.222623143825372,-3.185379313125674,-3.3730368977920144,-3.4107822344269287,-3.197683414227736,-3.3974019678013008,-3.0020331706046157,-2.990268858450328,-3.048178778316654,-3.048178779051348
