Date,^GSPC,GC=F,CL=F,^TNX
2000-08-31,0.009992625399822153,0.015936570683699358,-0.009022709383695204,0.005578403912800059
2000-09-01,0.0020339099284436557,-0.004682118481655451,0.008423713948392031,0.004305253284401522
2000-09-05,-0.009042823704100478,-0.004341585088584843,0.012503829684451961,-0.00037870782233351215
2000-09-06,-0.009888926610033266,-0.005818109451826814,0.03345771059247449,-0.0019607031242734867
2000-09-07,0.006852001412039677,-0.0007297052588564057,0.010814022688970137,-0.002557882572608749
2000-09-08,-0.005345346736805645,-0.002558058119366713,-0.047234653200775245,0.002111775393287555
2000-09-11,-0.0035123438910495963,-0.0007319974400310514,0.040703227002016895,-0.0023305445767876276
2000-09-12,-0.004893586227538549,-0.0007326454797729198,-0.025975420622755596,-0.000673727859726937
2000-09-13,0.001968414752187009,-0.0003665241267754027,-0.011764886459930679,0.003392864119100884
2000-09-14,-0.0027244377678341536,-0.0014673293532121434,0.008836559625488682,-0.003230530784819385
2000-09-15,-0.010221718934521284,-0.0003671970185461504,0.05004618494046964,-0.004193779302622744
2000-09-18,-0.014637860201736963,-0.0033106299386016502,0.028325903167544464,-0.0026121484417405555
2000-09-19,0.010597786475540438,0.0018406042790122257,-0.010357167061856298,0.001805990391771985
2000-09-20,-0.005880712886378703,-0.010722949588937603,0.027028672387919173,-0.002907795426012538
2000-09-21,-0.0015790410644251907,0.004821028519513604,-0.09945205649921673,0.001805328542016029
2000-09-22,-0.00022781526774195981,0.005534048683874637,-0.03904397402028659,0.003382064185874436
2000-09-25,-0.006711091870693409,0.00842656877099035,-0.03363760955360018,-6.856410662288723e-05
2000-09-26,-0.008247833681979344,-0.0007299715909230287,-0.002219747071674494,0.0027843253715443654
2000-09-27,-0.0004485382054495446,0.016295852551421852,0.0,-0.0013451216870248096
2000-09-28,0.02199161923055115,-0.010108345250929851,-0.038839858495784085,0.0008312843460257656
2000-09-29,-0.015047975625221532,-0.007283353229220246,0.01831317937729171,0.00278594693739909
2000-10-02,-0.00019495624296883562,-0.001829157227893674,0.040951631431773716,-0.002921153390629131
2000-10-03,-0.006825788097503782,-0.005507632671688079,-0.002491493955731894,-0.003286829543468824
2000-10-04,0.005495008622973252,-0.004798010035631961,-0.017933458357549448,-0.00163619082985466
2000-10-05,0.0013656262308234801,0.0011093301708244852,-0.02735489589536133,0.003079704138274339
2000-10-06,-0.01918332936055034,-0.004815783803370444,0.006504112780477911,0.0030832176226938913
2000-10-09,-0.004951921445981,0.0029663289070072096,0.03284206488054853,0.00023079365018814329
2000-10-10,-0.010763632361505238,0.008479268473098323,0.03906393506414796,0.001807827673640066
2000-10-11,-0.016303582750874845,-0.0069994535823756365,0.0,0.002109577752690945
2000-10-12,-0.025840455121106665,0.02157697152479443,0.08525006040932048,0.004374667712982018
2000-10-13,0.0328364074237788,-0.014577517942418794,-0.02951723135729578,0.00022678572034078931
2000-10-16,0.0003273812619370986,-0.003309412494922448,-0.05724235542946943,-0.0016554181174901381
2000-10-17,-0.018094977455258565,-0.0014743603554796536,-0.004541952180979525,0.005894153781485242
2000-10-18,-0.005824440440587608,-0.002955370897157472,0.01804555657434337,0.000829439283030857
2000-10-19,0.034153361859011966,-0.0007401247255387489,-0.01804555657434337,0.0006024842416281005
2000-10-20,0.0058657403979829326,0.004064317681602425,0.040154047825785355,0.0014347442039838126
2000-10-23,-0.0008235903082569607,-0.004064317681602425,-0.016757696426612956,0.00431930948825086
2000-10-24,0.0016822131789222539,0.0,-0.010730374747114357,-0.0028822321268997314
2000-10-25,-0.024054449199317318,-0.01454433157818702,-0.012362583490685086,-0.004531973792721022
2000-10-26,-0.0003371386620436567,-0.004895578580431881,0.023685740054189885,0.001207452821840667
2000-10-27,0.011035028060663699,-0.0018892883440653208,-0.031605316083849644,-0.0026397394947028432
2000-10-30,0.013735586682098067,-0.0003783094691574007,0.003358287594187992,-0.001054021037600241
2000-10-31,0.02174013303587774,0.0022675978132227215,-0.0036642101022730245,-0.001954348296675106
2000-11-01,-0.0057391558171620005,-0.0037821528560550988,0.015480720175942597,0.0018098153116186107
2000-11-02,0.004983253778123142,0.001892864511989778,-0.020079768976211554,-7.351662181308661e-05
2000-11-03,-0.0011418559823157537,0.0007561898546777357,0.0018421116402240756,-0.004576416260362552
2000-11-06,0.003847665526959254,-0.00037802344945347954,0.007943889616864652,-0.0035889866773946948
2000-11-07,-0.0002234215047760557,-0.0007564758743816569,0.016299814484226793,-6.717095922162126e-05
2000-11-08,-0.015902322423897886,0.002645050562249729,-0.003298866579145354,0.0009066748490158997
2000-11-09,-0.006506714376939726,0.003014274367296288,0.01963179738864307,0.0033843013499219306
2000-11-10,-0.02470013662903181,-0.00490284905516436,0.00411521414869398,0.001206740885081539
2000-11-13,-0.01083460772864786,-0.0007564758743816569,0.009924195588248974,0.0027872912199257516
2000-11-14,0.023181365705911894,0.0022675978132227215,0.01212480720825404,0.0015083068955507714
2000-11-15,0.004948225879737755,0.0007547630812307915,0.021292501573871192,0.003698008072611954
2000-11-16,-0.012664390190451513,0.002636964035092504,-0.015570003282791678,0.0024167092074827193
2000-11-17,-0.0033576006531061964,-0.00037620164484142293,0.015570003282791678,-0.0016612746886541163
2000-11-20,-0.018522173223761484,0.002255548271811847,-0.010731457268783995,0.002492610785238281
2000-11-21,0.0035167569862348813,-0.002255548271811847,-0.001989476060264561,0.000527056565811313
2000-11-22,-0.018721674274733147,0.002255548271811847,0.0070872015764837926,0.005303592562865175
2000-11-27,0.019923308609223866,0.014168836415325181,-0.0005651443222101094,-0.0022758180582844395
2000-11-28,-0.009593904031944156,-0.0011113848669008775,-0.03246015421320747,0.0030285871856661367
2000-11-29,0.004361503727298377,-0.012681982773774081,0.01103382454973545,0.0037170155812677524
2000-11-30,-0.02031031130031291,0.013793367640674958,-0.02425960934117022,0.008160618522622622
2000-12-01,0.00021293546845591038,-0.00519672234440538,-0.05316362035478406,-0.005414770740766248
2000-12-04,0.007378255132535649,0.007415680663161339,-0.023679086390970827,-0.00046573919591721264
2000-12-05,0.03818333720268008,-0.0011089201179341757,-0.0575343551375318,0.007246534876813043
2000-12-06,-0.018387672115670384,0.014320031844436976,0.010101134584653337,0.008738357825094174
2000-12-07,-0.005870059698294128,-0.004018181062772186,-0.0165516280833109,0.0017481943540595352
2000-12-08,0.01941505438901192,-0.0036670373151190816,-0.029729137260250393,-0.0032409564573718263
2000-12-11,0.007497925487985668,-0.00737466435932177,0.03278984872925372,-0.0010141441675881816
2000-12-12,-0.006556658664757187,0.000369937417493027,0.008116370759604141,0.0015165757798951303
2000-12-13,-0.008194382562942693,-0.006309101308777265,-0.040906219488857865,0.005212578680135921
2000-12-14,-0.014113896457878639,0.0014880727892636614,-0.021277412120034978,0.005225293695103861
2000-12-15,-0.021696411279964245,0.005190941994796638,0.03348333102205947,0.0030670014167334054
2000-12-18,0.008038303521842316,-0.0025920461894353153,0.027352106401346887,0.0017528857434216997
2000-12-19,-0.013042648854882266,0.0,-0.029086751927029475,-0.0019590198106023103
2000-12-20,-0.031796126791936885,0.010328338696098172,-0.11505236279579245,0.008671643695536975
2000-12-21,0.007969797433424297,0.004394046543374941,0.014694741056718197,0.004250157474996317
2000-12-22,0.024094350723485647,0.0,0.004978033226710199,0.0018360245245908143
2000-12-26,0.0070503894398150635,0.0014603649295441556,0.017793364159209624,-0.0013588030779412084
2000-12-27,0.010385518018904527,0.004005124839914664,-0.007532949148892687,-0.004769020341612796
2000-12-28,0.003980214127301984,-0.012799589055486393,-0.02294557143741205,-0.0019689398233964863
2000-12-29,-0.010502971973431308,0.001103504935351829,0.036091243337432743,0.0005130835229348023
2001-01-02,-0.028432334521416358,-0.013323683938842201,0.01481514230227532,0.015304580480062759
2001-01-03,0.04888407020840102,-0.0014914018462990342,0.027200225546493595,-0.013770347757740116
2001-01-04,-0.010608546388113815,-0.0026154030338902956,0.008904778100968791,0.006745625865242043
2001-01-05,-0.026592838065874425,0.0026154030338902956,-0.007117494823454251,0.00527784156470928
2001-01-08,-0.001919652639159608,0.0,-0.023487967359508755,0.004190985179379817
2001-01-09,0.0038049412487950462,-0.001867414174795634,0.013437606735245744,-0.005036926646024022
2001-01-10,0.009540727652518122,-0.010522410986530062,0.062236113794833514,-0.00911928387187724
2001-01-11,0.010264836357197993,-0.0026480522032148457,0.0,-0.0022789095802111716
2001-01-12,-0.006252376353325317,-0.00037888276517605846,0.018472372246441715,-0.008586839774897206
2001-01-16,0.0061243011332487995,-0.0022762002405603,0.00993389448231019,-0.0001008396406135492
2001-01-17,0.0021233583977826598,-0.00037977431012059526,-0.023334417496549964,0.006242861180453041
2001-01-18,0.0138193907796893,0.0037921924615167413,0.026623906633412187,0.00493803176175775
2001-01-19,-0.004036364104246459,0.0003783371319965312,0.05276996338941231,-0.005905170459324848
2001-01-22,0.00026810157382772815,0.007914140331166664,-0.003120079801074205,-0.00342020349924297
2001-01-23,0.012947319312043959,-0.001126714834571274,-0.07897557925579335,-0.0038709622199336346
2001-01-24,0.0028627202794231366,-0.0067874254965953895,-0.017741866508989457,-0.00201910977911767
2001-01-25,-0.004989365901461262,0.0007564758743816569,0.010614767499911526,0.002750143463696346
2001-01-26,-0.0018876292301248654,-0.006448011137790033,0.014203825778277501,0.0015185231768652617
2001-01-29,0.00678170005523171,0.0,-0.02447441054875288,-0.0030201303353211834
2001-01-30,0.006983436422109968,0.010221600521429508,0.0,0.0066152550258649955
2001-01-31,-0.005635564807286109,0.0003765999003890741,-0.012465490415548786,0.0027574188545122875
2001-02-01,0.005446274059599077,0.010859473366537031,0.0376112185605324,0.009376475182283836
2001-02-02,-0.017628461911447957,-0.005227770981954372,0.04751100827304722,-0.005762013469535575
2001-02-05,0.0035802417417487575,-0.007138838625729171,-0.02429269256904476,-0.0004153911152096599
2001-02-06,-0.0015148687589014997,-0.007190284200656372,-0.004930153538839743,-0.0035802021366504217
2001-02-07,-0.008443690523646907,-0.0019007799800156988,0.02762158919409785,0.001442825051926056
2001-02-08,-0.006254170660763947,-0.010327044239923922,0.011472359787071618,0.006412052814376098
2001-02-09,-0.013425265966796829,-0.0007692777572883003,-0.01629169524752694,0.006666899837305739
2001-02-12,0.011757894931235136,0.00307344960015854,-0.016234123164033054,-0.002289573901467599
2001-02-13,-0.008689772585959155,-0.0015356026590014338,-0.006897681694484792,-0.0013536012092668552
2001-02-14,-0.0021861950632109384,-0.0034635167515242316,-0.019637846958012073,-0.0026686404863720597
2001-02-15,0.008090730929249723,-0.016715599279246263,-0.03245377134069205,-0.005439866994718116
2001-02-16,-0.019086287083199593,0.012078876616228307,0.012422541256729591,0.00680178739307046
2001-02-20,-0.017508953990654774,-0.008166508651939353,-0.020090732075442208,-0.0001082709134167877
2001-02-21,-0.018680859586075904,0.008166508651939353,-0.0010502604531383852,-0.002276875045121032
2001-02-22,-0.0019537369511644087,0.0011611682585170868,0.009412670603252238,-0.0017309831635989388
2001-02-23,-0.005570924750843531,0.00924147480011861,0.006226250004126133,0.0059507196320613
2001-02-26,0.0173387691915714,0.018606931604916,-0.01949920627303703,0.003625379710306718
2001-02-27,-0.007689396127662285,0.006001541488910966,-0.011315526926257924,0.006448413857301858
2001-02-28,-0.014412471713944441,-0.002246373554451786,-0.025208419870591303,0.003954349213529097
2001-03-01,0.0010398636283408536,-0.006014963946741503,0.00835303725538239,0.004275633178360606
2001-03-02,-0.005695982258483667,-0.011758170724903039,0.006848126775135466,-0.006606786898920748
2001-03-05,0.0058410324552022885,0.0015249484153452286,0.02693289021680334,-0.0013654906768242492
2001-03-06,0.009931120882614941,-0.009954163868326482,-0.010544953473708762,-0.0004275061069366538
2001-03-07,0.006431629893613788,0.005754859677436386,0.02270845268249788,0.00426597924582832
2001-03-08,0.002255951040818438,0.0151863210598977,-0.016017089896641856,0.0027028291580432208
2001-03-09,-0.02507572532394242,0.020142397059769834,-0.02451714722333076,-0.003246891237387028
2001-03-12,-0.044140782944437795,0.002949922196529009,0.007168516922478219,0.0011346190183505378
2001-03-13,0.01471963013954003,-0.017831149869007135,-0.019838314425877357,-0.0007432131147192437
2001-03-14,-0.02618189309370944,-0.016248186256299313,-0.03711000860042679,0.006475413902552388
2001-03-15,0.005854125517359421,-0.009569451016150587,0.007532949148892687,0.003890077253717186
2001-03-16,-0.019819182794658552,-0.007334500643088049,0.0018744576829226034,0.00429168541731936
2001-03-19,0.017473135776606696,0.006564926877794974,-0.019667821842132227,-0.00476517940977311
2001-03-20,-0.024372000192959042,0.0026908039431869923,-0.010752818161651412,0.002080381689297245
2001-03-21,-0.018086277265972228,0.0053598670154881844,0.03415890507198904,0.002002654087020815
2001-03-22,-0.004071995565796627,-0.0030592291276656525,-0.01050267647018499,0.004931073113444623
2001-03-23,0.019713495936903414,0.0015307844237337775,0.028987491665678267,-0.0069739193406426125
2001-03-26,0.011219200545692587,0.001528444703931875,0.005843692755012064,-0.0035781536630653896
2001-03-27,0.025253479371825094,-0.003442320886215988,0.010505473193017867,-0.01041645990882407
2001-03-28,-0.024733008530898992,-0.004993241649636104,-0.055569851154810834,0.001134339345539122
2001-03-29,-0.004641060904985395,-0.0034716502141307615,0.0038023004267677685,0.0008219486253279038
2001-03-30,0.010726709139390778,-0.0034836262378385996,0.0018957062382591872,0.003953382501137836
2001-04-02,-0.012540239994866198,-0.008958142838539906,-0.031162339568168385,-0.004175906175277439
2001-04-03,-0.03499847502245146,0.0046837778980881595,0.02317602277679054,0.00301195871807502
2001-04-04,-0.0029053253613930963,0.00621122400739349,0.03489381510609668,0.001134600078178944
2001-04-05,0.042752912917390695,-0.0011616179155904405,0.005148940647260236,-0.0029279196907600565
2001-04-06,-0.020185948377773322,0.007334500643088049,-0.007363831658050657,0.007175475123464691
2001-04-09,0.008084625839360982,-0.006559978172855807,0.010294233870337788,-0.0023119637321255054
2001-04-10,0.0267062185920377,-0.00387898099776951,0.04085123359368659,-0.012391516598232585
2001-04-11,-0.002133421718970574,0.005426464533130115,-0.01058955317056176,-0.0029782959177695073
2001-04-12,0.014991393552336696,0.005397059542607607,0.002480940292399314,-0.0026614397176898913
2001-04-16,-0.003232889182608112,0.01222782421993962,0.01893467883181943,-0.009721175268638312
2001-04-17,0.010229948339487649,-0.008390521059335576,-0.019288731904108847,0.006930694160074171
2001-04-18,0.038153225098812804,0.0007656267287838858,-0.01032217762247134,0.005631764471874671
2001-04-19,0.012464721753517871,0.015192089321485192,-0.004302654101318026,-0.008662605674202356
2001-04-20,-0.008579449399816141,-0.001886437167721411,-0.0199607146508205,-0.002101942262422915
2001-04-23,-0.015093460052377772,-0.004162638313193412,0.012024189902689386,0.006003143022319509
2001-04-24,-0.012236023629358606,0.001515702763111193,-0.02753983422971018,0.00020587302389599027
2001-04-25,0.01581516957967999,-0.006457808604125148,0.01588215444980534,-0.004877332406920512
2001-04-26,0.0046848539046004944,0.007593051083545355,0.04127625544510183,0.004997587582388708
2001-04-27,0.014898371931206356,-0.001892864511989778,-0.005995435815378425,-0.009087272299928773
2001-04-30,-0.002869191603225296,0.00037888276517605846,0.006698372594731161,-0.0017070302732179938
2001-05-01,0.013498341704494266,0.0015139817468137196,0.01672517916450822,0.004056585886205842
2001-05-02,0.0007815020952044449,0.003775014007556088,-0.040188746404572484,0.000517497235456031
2001-05-03,-0.014984400130627407,0.0033853480798029523,0.023112194136466258,0.006618095442238286
2001-05-04,0.014337158275437467,-0.0007512460599210513,-0.0031684642037013155,0.0015200392474475715
2001-05-07,-0.0024504585894220554,0.0,-0.021023405382674554,-0.0014154018656251939
2001-05-08,-0.0018299600937474736,-0.0037650646021418765,-0.013778356811566361,-0.0007192929112505507
2001-05-09,-0.004497819936253755,0.018314822679949216,0.03020726505864424,0.003996205778631636
2001-05-10,-0.0002867586514847531,-0.003338878584298044,0.010220385546821031,-0.00779794034774382
2001-05-11,-0.007605458332040627,-0.004469326646327154,0.0010512977823808889,-0.0159426121276697
2001-05-14,0.0026056399843490397,0.0014919581661336778,0.0055885528650798655,0.0054152501592896795
2001-05-15,0.0004161909984876644,-0.0007456439261526171,0.009360458852512465,-0.004662334817675128
2001-05-16,0.028055524579750468,0.014441998288266866,-0.0041493466022606285,0.001208760246367207
2001-05-17,0.0027200539227152376,0.005865141760568626,0.0017309762557955466,0.0002169444447471982
2001-05-18,0.002689432355071908,0.049207744351351224,0.0340053167900658,0.006032844268121406
2001-05-21,0.01602466408472214,-0.0069832687510107405,0.002337609865194157,0.0005966178551720711
2001-05-22,-0.0026313325125482123,-0.00105166632994802,-0.008037544069567915,-0.000780729097779738
2001-05-23,-0.015648195622524064,-0.005275201147422415,-0.00539447863250242,0.0008264784769971981
2001-05-24,0.003191051471414852,-0.01599465376869791,-0.04035726420823815,-0.007251150467857702
2001-05-25,-0.011886310588375082,-0.004308847625373424,-0.0010565483345748028,0.0005225539643451465
2001-05-29,-0.007824599921463005,-0.014863446514869594,0.009817774915354516,-0.001456777483057882
2001-05-30,-0.015779356558458524,-0.030029969561918612,-0.00384550769685843,0.0005230483252668456
2001-05-31,0.006182367657796561,-0.0015066835771637699,-0.0063246309766160635,0.007098461946488568
2001-06-01,0.003854657622684776,0.00413770062362584,-0.015630887518943037,0.004737615425979887
2001-06-04,0.0050953447410035935,-0.005646542517943942,0.007135201784122636,0.002515458403803021
2001-06-05,0.012906511100564622,0.0030155254714818724,0.003902811852501298,0.005061808609753434
2001-06-06,-0.010604671061964943,0.0,-0.01858525496921981,-9.912399608321625e-05
2001-06-07,0.005441677248723131,0.0011284100730222235,0.0010816906415027638,-0.002097205146419109
2001-06-08,-0.009441752309570894,0.02743959318365974,0.023153291542683974,-0.0027057660141734108
2001-06-11,-0.008391059924567124,-0.020322148197609025,0.022285089747891007,0.003748995382533068
2001-06-12,0.0011632044010099207,0.013348385606239965,0.004809332070009553,0.003832086690748585
2001-06-13,-0.011411763938773412,0.0018399269220079617,-0.011720235845437355,-0.0011012136789795347
2001-06-14,-0.017656559095685864,0.01205930151173007,0.006910903775427801,0.0034493124105750266
2001-06-15,-0.004527114710082714,-0.01500476673031148,-0.018419310530313204,-0.0007955247982860856
2001-06-18,-0.004895136092087249,0.004414950791495897,-0.03425240304668442,-0.0007943966824691928
2001-06-19,0.003428243907660722,0.0036643500964466114,-0.002544057209939332,0.0012104454466119897
2001-06-20,0.008671049944743991,-0.0036643500964466114,-0.03631371770390501,0.0024468064185565012
2001-06-21,0.011300126024453405,0.0007339897835256792,0.0022615715084652876,0.0018294858030539437
2001-06-22,-0.009494963212735463,-0.0011011868020718296,0.010114357093284898,0.004389976344879979
2001-06-25,-0.005523858751956823,0.005128305796307409,0.015532859515326347,-0.00041635506955175686
2001-06-26,-0.001511042458997025,0.00909262452486459,-0.009957687296421547,-0.0068919801383879155
2001-06-27,-0.004687374320122117,-0.01495561695118841,-0.05211290976884975,-0.00048653848924279066
2001-06-28,0.012415694507143193,-0.01034371373154297,-0.001954315428920772,-0.006930858052692468
2001-06-29,-0.0014853191132644383,0.004815783803370444,0.026637380422571688,-0.004686452541409877
2001-07-02,0.010028092604268402,-0.004444496971873768,-0.011494350025371247,0.004741582591834795
2001-07-03,-0.001837202816089345,-0.0067038902578762105,0.011113316340995993,-0.003387323151879973
2001-07-05,-0.01239778139926706,-0.009386214744001364,0.0292923941204557,-0.002385922059963173
2001-07-06,-0.023778751934215414,0.0030131389763710104,0.043099143086191116,0.0031250485559210493
2001-07-09,0.006855443542898243,0.002253968311102028,-0.022223098800159047,0.0028213353039750607
2001-07-10,-0.01450263574356292,-0.0011262917882719492,-0.0036310999085942264,0.005444744882665865
2001-07-11,-0.001134746938680209,0.007857760116256607,-0.01391960782668722,-0.0007905825125402602
2001-07-12,0.023414984234096714,-0.006356281295368582,-0.011500826975543443,0.004450503259715356
2001-07-13,0.006221636236981354,0.0018737123284502388,-0.0078666480554479,-0.0001008396406135492
2001-07-16,-0.010942533714402458,-0.0007491094246612207,-0.02013365979015891,0.004768693360413589
2001-07-17,0.009921915461124975,0.004486034465426947,-0.018981773835133442,-0.00010378389052403843
2001-07-18,-0.005557044822974255,0.008542253588904813,-0.026953685510638703,0.007347055505129054
2001-07-19,0.006034581514543724,-0.0037050802763323176,-0.00766281733537344,-0.0011167428750376203
2001-07-20,-0.003437981475594931,0.001854256089666606,0.03539838161232334,-0.0004177328320738957
2001-07-23,-0.01650406859088971,-0.004083934174039072,0.020499680403654352,0.0005130703769772032
2001-07-24,-0.016405470991123217,0.0033427121712694685,0.007247738215400368,0.0018328462409267587
2001-07-25,0.01595194629485519,-0.007443279281226012,0.019944243035027842,-0.0014266700852934276
2001-07-26,0.010395313211513546,-0.005619044308347476,-0.004106804763210903,-0.0030479650138519913
2001-07-27,0.002399496805140622,0.004497690024802381,0.010790836448350216,0.004394389642622431
2001-07-30,-0.0010786253410532964,-0.010526367094621847,-0.014538981162457887,0.00020222222994244288
2001-07-31,0.005555192543405418,0.006028677069819466,-0.010570078846854791,0.004792974080429369
2001-08-01,0.003872904176774661,0.004497690024802381,0.01581358516773612,-0.002053499052329041
2001-08-02,0.003956163689383452,0.0,0.0345114512031488,-0.004370712051261977
2001-08-03,-0.005256489848173729,0.001868111925320548,-0.003253147469150619,-0.00242697978611009
2001-08-06,-0.011487473565710893,-0.0029906108007846655,0.0043352282695834354,-0.0011094226622080817
2001-08-07,0.0032600773504194436,0.0003743443805213076,0.007183966307543255,0.0005146765775744953
2001-08-08,-0.01748001494926754,0.002616266420263358,-0.01441984639920424,0.009379226165634566
2001-08-09,-8.447593748162063e-05,0.020322148197609025,0.003624450273227886,0.0022244687174161467
2001-08-10,0.005670733575997566,0.0018271520199357738,0.014724627952152236,0.0011341734217285816
2001-08-13,0.0009490058013961189,0.006550308320956155,-0.008233429243794887,0.004572229532318207
2001-08-14,-0.003835177286675595,0.002173825442767452,0.006806421917807448,-0.0004276764737497797
2001-08-15,-0.007366529506445119,-0.002173825442767452,-0.016196170675990107,-0.0016742749779245865
2001-08-16,0.003085178882578532,-0.0018152118901184622,-0.003999231018133376,0.004576279966420635
2001-08-17,-0.016803443148875274,0.014788278829192869,-0.030327827438071164,0.007656512331797248
2001-08-20,0.008091365281536866,-0.011523288203038717,0.02044305163969584,-0.004116014964863569
2001-08-21,-0.012153030103248419,-0.003992043375714793,0.024351560119638904,0.0017623683880276975
2001-08-22,0.006932045817424459,-0.0003637246980474629,-0.05460594788008599,-0.0013731064643336132
2001-08-23,-0.0027671176371324435,0.0014539948392036095,0.009811336120751246,0.0017623683880276975
2001-08-24,0.01946366775472086,-0.010222753704429266,0.010087904115507307,-0.002624268990774548
2001-08-27,-0.004839056824065935,0.000366927549139362,-0.008586931372174256,-0.001369011528470719
2001-08-28,-0.015123798461059046,-0.0011011868020718296,0.018574085191689793,0.00679034649762422
2001-08-29,-0.011211856303304124,0.005128305796307409,-0.004426449158573487,0.0057852326386605615
2001-08-30,-0.017150151901287103,0.0061919034855142385,-0.01865725813570629,-0.00012548379640136173
2001-08-31,0.004021844613325776,-0.003637690523590642,0.02418728239919732,-0.0025622226283899376
2001-09-04,-0.0005647553909984282,-0.010256455451612467,-0.009976083195501584,-0.012526121896184482
2001-09-05,-0.0010597093809190383,0.0014716481390131264,0.0007424075087532067,0.0011343949402573238
2001-09-06,-0.02264473935775957,0.0036697288889619983,0.023107543934430375,0.008908055337028091
2001-09-07,-0.018812873731180346,0.0003662556437129538,0.016184520074626008,0.0049147930416030775
2001-09-10,0.006206646640061209,-0.005507632671688079,-0.014373281112170844,-0.0028733891003917544
2001-09-17,-0.05046795662810677,0.06486056960733588,0.0418204219978735,0.01797539167844104
2001-09-18,-0.005821884809079414,-0.0058833244884315405,-0.03929008982297333,-0.007246939617640733
2001-09-19,-0.016243709423848784,0.011732342514657823,-0.03602011776559921,0.0020858760012758015
2001-09-20,-0.031552519767185316,-0.008613317678114463,-0.004877111977161341,-0.003525186485781758
2001-09-21,-0.01921774389727915,0.009984568838024899,-0.023593211758766053,0.003272633670481409
2001-09-24,0.03824259274960706,-0.007565310038352813,-0.16544509329734325,-0.0006835818837514323
2001-09-25,0.008751278426766262,0.0027576293798619034,-0.00912835021064895,0.00018650792893909273
2001-09-26,-0.005180039919528312,0.009592358071829565,0.025799109657806074,0.0051822902165611345
2001-09-27,0.011423625360937883,-0.005470015642225157,0.015957812872705368,0.006392299308787291
2001-09-28,0.021685156359093405,0.0023967882801958496,0.029891787287479765,-0.001091606669936712
2001-10-01,-0.002298538239235981,-0.0006841659088809848,-0.006422613186386705,0.0027304690583244765
2001-10-02,0.012230430935282754,-0.00790252621914167,-0.02127276892839891,0.0026532433368420525
2001-10-03,0.019731262404343752,0.0020675614182223967,-0.03164966547636716,0.004497875904542514
2001-10-04,-0.002474451049697457,0.0,0.024604204606899494,-0.0038124602615892582
2001-10-05,0.001634742837950398,0.0030932965236480925,-0.010662019209795925,0.0004980790258222236
2001-10-08,-0.0083794472000287,0.0034258341861521657,0.002676244821546714,0.00017873016614762562
2001-10-09,-0.005369934018738753,-0.012042120656318822,0.0013353564901343873,-0.005388812101077268
2001-10-10,0.022679118421755184,-0.01113823438197592,0.002221780258757633,-0.0010107259867645853
2001-10-11,0.015093852667844132,-0.013744795816959865,0.03532084847492811,-0.00575761471852208
2001-10-12,-0.0052807960630048,0.010940663933989292,-0.03665332418564882,0.0005811684923879662
2001-10-15,-0.0015310059614019877,-0.009876580436550597,-0.009377120739141098,0.004234709913586557
2001-10-16,0.00691201783328399,0.0007086523741488548,-0.013095735112917062,0.0032855465470763463
2001-10-17,-0.018808418954138872,0.0038890137017277837,-0.008673897631601868,0.000817994163088117
2001-10-18,-0.007904203580732627,-0.014930891110152444,-0.023192134677550325,0.00018099205834524974
2001-10-19,0.004546964493033379,0.003218289446875744,0.024108746017776017,-0.0029171172941188654
2001-10-22,0.015180281992005717,-0.016559075463581152,-0.0032117345607312053,-0.00013516993874957168
2001-10-23,-0.004708742850334957,0.0021755124493170186,0.00412750649395921,-0.002275811371444996
2001-10-24,0.00038702834498138827,-0.0007246819412483063,0.021730123435241833,0.0042383906275302455
2001-10-25,0.013627706761264236,0.006862927277406783,-0.01443415649804658,0.003926740167135859
2001-10-26,0.004100354664347883,0.00035992840702014917,0.0018156613550623923,0.0014558783610019426
2001-10-29,-0.02410654604527096,0.004308847625373424,0.004524911976609314,0.004496376409339782
2001-10-30,-0.01731496004026223,0.005360027009181145,-0.01272160620663243,0.004585745808873172
2001-10-31,-9.44509056299836e-06,-0.00392789682486594,-0.032058518480464926,0.012203285789723992
2001-11-01,0.02268876010742016,0.0007153512560602593,-0.03801279992944151,0.0038909011188855143
2001-11-02,0.0028554117779924226,0.0003573747524630022,-0.010352524604348101,-0.010205082776712771
2001-11-05,0.014283100883702993,-0.004656959236338132,-0.007960233295755348,0.004202529244811613
2001-11-06,0.014421656876812072,0.00429958448387513,-0.005007540765923135,0.0023495274311045524
2001-11-07,-0.002738616513563663,0.0046370254825314206,0.008497930435589662,0.005675292918076504
2001-11-08,0.002452618222911873,-0.015059489690778527,0.05236290232858565,-0.008051716062008683
2001-11-09,0.0015811866117161344,0.0021653062351845165,0.0484076645587006,-0.0001514967201087463
2001-11-12,-0.0017690231948774837,0.0032391387908425884,-0.04557749915629428,-0.0003928079818059886
2001-11-13,0.018393206188873634,-0.0017982382905490368,0.020513564915933813,-0.004166268102153481
2001-11-14,0.001859400777162179,0.0,-0.09328179665847403,-0.011551163374805098
2001-11-15,0.0009021694267561386,-0.009766696261381824,-0.12330733004061711,-0.016637345117771162
2001-11-16,-0.003147866632490448,-0.001455052578154259,0.03269738292883151,-0.012116111872235975
2001-11-19,0.010839936279118945,-0.007307302923775794,-0.01734316887153753,0.010365452790926571
2001-11-20,-0.007324400212031179,0.0010994605698266824,0.07760878927937709,-0.008673696756557069
2001-11-21,-0.004939282246342103,-0.000366389836059966,-0.009971247166997266,-0.0073795782059659564
2001-11-26,0.017773802676500416,-0.0022010504985336965,-0.014342798497585019,-0.0026864933578862656
2001-11-27,-0.0068663628661314036,0.003299817527934401,0.04139962467324443,0.00433941143162551
2001-11-28,-0.018420008155056955,0.003288853197917163,-0.013436906898653955,0.000508985810998798
2001-11-29,0.010296585725125595,-0.0021914037141819165,-0.03171505089604176,0.015177213842070936
2001-11-30,-0.000657995796888855,0.0014614321232588878,0.04309650958386113,0.0011354957600835899
2001-12-03,-0.00841649215393847,0.01089335414931103,0.03288935991766673,0.003429304227067722
2001-12-04,0.013100837071863936,-0.005431844002417918,-0.02214486752000644,0.004545791488065661
2001-12-05,0.02207283660109205,-0.0061919034855142385,-0.008175817126135687,-0.0196262971328147
2001-12-06,-0.002780809995694966,0.0018251510002533777,-0.049970892257014565,-0.00775470875416649
2001-12-07,-0.007559921671188796,-0.0010947576616322507,0.026611467928735255,-0.0110246220453437
2001-12-10,-0.015995192716303563,-0.006225918922113216,-0.035823132535607094,0.0011336246308392603
2001-12-11,-0.002784784846049604,0.0,-0.015912594167797778,0.004785907199240993
2001-12-12,0.00027261187630323036,0.005860733207414093,0.015368067691659881,0.008239629723204854
2001-12-13,-0.015679766197094658,0.0003651857146991233,-0.013158071505751323,-0.008805833923997268
2001-12-14,0.0033088196236992218,0.014858059705342264,0.0625705274487367,-0.005290243575704206
2001-12-17,0.009984817742794583,-0.0010796754202635483,-0.0036355065623050464,-0.008490005393747963
2001-12-18,0.007517827232349283,0.009675695122886907,0.007257745558280959,0.011208557840691191
2001-12-19,0.005792881874600475,-0.017629504800290796,0.022472785793339334,0.007673645671139668
2001-12-20,-0.008412407306602532,0.0018132371241801337,-0.026613574371400883,-0.0008111137753674669
2001-12-21,0.004341671186717022,0.007220247973487304,0.01748117211480693,-0.0020517850853352883
2001-12-26,0.0039053866115885683,0.006096530160577096,0.08074815382211042,-0.007527809518969567
2001-12-27,0.006728843741586665,-0.00825715797306259,-0.017548510015084506,0.006645987727795525
2001-12-28,0.0033561402487247705,-0.0032496649157618407,-0.023724171373005642,-0.0007284638509635446
2001-12-31,-0.011208002315409082,0.007925157325408883,-0.028324859797971058,0.006039701011106067
2002-01-02,0.005723683319385664,0.0007172944614008969,0.05729841620320775,-0.009471438040039313
2002-01-03,0.009138209660629393,-0.002512949381240581,-0.030935254312663307,0.0030723670041213134
2002-01-04,0.006193921832063687,0.002512949381240581,0.05955557959032465,-0.0014228310369552568
2002-01-07,-0.006520083881542682,-0.0010761894956852203,-0.006496602699011866,0.0067337610764640265
2002-01-08,-0.003594821341844856,0.0010761894956852203,-0.010765352959079877,0.00020067460953243193
2002-01-09,-0.004810291761542018,0.01600603297062797,-0.051664865322277986,-0.0001878874504282667
2002-01-10,0.0012199164384814054,0.01297130266638824,0.009861956567166263,0.008009328388078517
2002-01-11,-0.009512981955861477,0.0010443440217020594,-0.034951079484307535,0.008278885088513297
2002-01-14,-0.006295913875495884,-0.0069832687510107405,-0.04097025792841791,-0.0005130744136403742
2002-01-15,0.00681076545850523,-0.003510007188846309,0.0005292526794242747,0.003100331452149921
2002-01-16,-0.016378520405579522,0.010145247028385818,-0.0021185923144773078,-0.00043665745114248146
2002-01-17,0.009980500536555859,-0.010145247028385818,-0.04445174418320663,-0.007158004707941125
2002-01-18,-0.009971623285767173,-0.004581462790632429,-0.002219807488164527,0.0037219358664270685
2002-01-22,-0.0073612279647568,-0.005667766097682936,0.032789843332115876,-0.0007458207616225768
2002-01-23,0.00789328604523476,-0.010355364326231076,0.046226673486946535,-0.0076000021880516565
2002-01-24,0.003512738978946217,-0.0017963000663980822,0.012245039639509958,-0.0020589046220669655
2002-01-25,0.0009976074738462515,0.002513851915065146,0.014098959199253969,-0.003063222730082922
2002-01-28,-0.00019411976604111203,-0.0017950104331871941,0.0024968421467437274,-0.0004200078946039163
2002-01-29,-0.029030147003949125,0.0110774983214732,-0.024231349886811415,0.008317357499908657
2002-01-30,0.011679180242277099,0.0017752534782493612,-0.021695070107358383,0.0005096087091968838
2002-01-31,0.014823542663659595,0.0007092631752341205,0.017085579008662144,-0.00400681856893501
2002-02-01,-0.0071035641868597565,0.013730171175901695,0.04614660743544707,0.003788458914912755
2002-02-04,-0.025048237435489895,0.011472358967174578,-0.016807126239896775,0.00669891547452446
2002-02-05,-0.0040467007733511196,0.03030027347932851,-0.0004986402100426446,-0.002074189557810197
2002-02-06,-0.0059902823008499695,-0.002350218280670724,-0.015075624353603878,-0.00011737213101968269
2002-02-07,-0.003087303473981784,0.00736779006776711,-0.0035505842161240864,3.916841707964682e-05
2002-02-08,0.014749394743924782,0.01259959544610112,0.028551886421541717,0.004272102597744225
2002-02-11,0.014238313259156143,-0.011265837714959481,0.0514907914310343,-0.0013727649404293909
2002-02-12,-0.004000961905916256,0.001997357805270994,-0.027099338306875165,-0.0051141284157275296
2002-02-13,0.009892228247223578,-0.004332678990160765,0.019093640779185517,-0.0026085250641375074
2002-02-14,-0.0018165896617015065,0.0010015634537481333,0.003304213371531528,0.0036347616954914615
2002-02-15,-0.011077834836375366,-0.00434716717798711,0.013108834306192474,0.0077281332466012246
2002-02-19,-0.019054196735831752,-0.01757983622916548,-0.029740173832079275,-0.001374586805002357
2002-02-20,0.013423280246380287,-0.003074381291095385,-0.0311461327498459,0.0005073195856140451
2002-02-21,-0.015631871250006313,0.003074381291095385,0.039733895332543234,0.000821022994492061
2002-02-22,0.008190626166710402,0.0,0.0014241961696690453,0.0036510629607689905
2002-02-25,0.017815553217048752,-0.001706776243535657,-0.0318099035811481,-0.0016923582695351689
2002-02-26,-4.5113215472625257e-05,0.017945251102641002,0.045005226193748804,-0.004816094207252143
2002-02-27,0.0004596193974730767,-0.00572107312410175,-0.0032825207584239458,0.005533805841364265
2002-02-28,-0.002851220621874262,0.0013491550581461453,0.02596341709208705,-0.0007492740754047533
2002-03-01,0.022381936598485197,0.0043719180659556045,0.02307273658331166,-0.008548902584658104
2002-03-04,0.019303840181350118,-0.0043719180659556045,0.0062416336268946715,-0.0019853115897528343
2002-03-05,-0.006695693009898918,-0.009141801100767566,0.029343032526700785,-0.0005028605322925568
2002-03-06,0.014405318712671367,-0.0017021280705300512,0.0021556049613735695,-0.0016691563921946424
2002-03-07,-0.004508009010616654,-0.011651927101442361,0.023830973439102898,-0.013690351710206591
2002-03-08,0.0058315898377703235,0.0,0.0029393131913364456,-0.007779721173836222
2002-03-11,0.003386783532077331,0.0034411595519436844,0.018692085620929166,-9.618428311291754e-05
2002-03-12,-0.002296691228401926,0.008551445810248914,-0.006191954647083442,0.0014405432337198227
2002-03-13,-0.00990665447403849,0.0,0.0,0.0034440282468738534
2002-03-14,-0.0009101583595807483,-0.008895050357408785,0.01642745886083219,-0.010042894677619067
2002-03-15,0.011314362422678137,-0.0037872522977489,-0.0028553842189369405,0.002742777985852017
2002-03-18,-0.0005232085840543022,0.007560215415246319,0.023017358129579613,0.004746249440068914
2002-03-19,0.004058494213817099,0.0023935101074847864,0.0,-0.001401529745524947
2002-03-20,-0.015882290455984105,-0.0023935101074847864,-0.014070522552040554,-0.005296933664636589
2002-03-21,0.0015094650990494785,0.0023935101074847864,0.03578909186451007,0.0012093248298354555
2002-03-22,-0.004247963704122171,0.015251948547935434,-0.013370240403294265,-0.0001690212311514711
2002-03-25,-0.014759697779003211,0.00033632455872645295,-0.009546602648708546,-0.001086185119062235
2002-03-26,0.005831686535412217,-0.0026935632210332017,0.01625406809997365,0.005739053231375652
2002-03-27,0.005334904674459295,0.018704639950416713,0.017154437203698247,0.0005186593163697635
2002-03-28,0.0024520914651455783,0.0013227312919781298,0.013819747788522463,-0.005600307538498202
2002-04-01,-0.0007410649888486276,0.001980872504374176,0.023734437391660368,-0.0014661092087886992
2002-04-02,-0.008566626285035461,0.008865537175334559,0.03079422691770306,0.0063497149047154755
2002-04-03,-0.010043569573342737,-0.010846409679708735,-0.005067013968773182,0.005057334663956496
2002-04-04,0.000834857900930075,-0.004969365766084088,-0.0324511942816641,0.0012101214737427872
2002-04-05,-0.0032102055853968636,-0.0033266829738209935,-0.01739178033809541,0.004994212800080882
2002-04-08,0.0022776129022021863,0.0013319811906686851,0.012507266804298034,-0.001720449579151233
2002-04-09,-0.006678303392647855,-0.005673341570118673,-0.028655256595723877,0.002137199799268936
2002-04-10,0.011270938001751496,0.009658774220697275,0.012326874181871172,-0.0007959588436319342
2002-04-11,-0.02397439130394652,0.001655903606679665,-0.04302581320347043,0.0018286067603647462
2002-04-12,0.0066104620733282715,-0.0003309816362673246,-0.06480499590765598,0.003765646946109105
2002-04-15,-0.007643797235957983,-0.006975633940052184,0.045841295736546606,0.0024515507300817948
2002-04-16,0.02314838607707781,-0.0040080622510574315,0.012145944729966107,-0.0036614536172848004
2002-04-17,-0.0020404620978355936,0.010983696191109615,0.04215710653398119,-0.0030346554502715924
2002-04-18,-0.0014218595665962397,0.007912978553698657,0.006537230569644059,0.0005157212299926208
2002-04-19,0.0006223869243324742,-0.007251225745060097,0.011811890705502481,0.0021382218000302994
2002-04-22,-0.015531067125200693,0.0023129441044771326,-0.0037950855280457496,0.001829816211797025
2002-04-23,-0.006220616291123804,0.003294895896853056,0.010966300818858521,0.0005145007012346645
2002-04-24,-0.007128188767791421,0.0009863153815823367,-0.0060354708307071014,0.005636735722316438
2002-04-25,-0.001519746686291512,0.012410408624995206,0.009039600891822985,0.0005126073997583291
2002-04-26,-0.01398679014478077,0.01129590817145587,0.017837691274905865,0.0027671982119831418
2002-04-29,-0.010150566091620128,-0.0012845020543403862,0.013535997369503061,-0.002980154437199668
2002-04-30,0.010707956512110428,-0.00741825136425156,-0.008392661430661974,0.0008232279658021953
2002-05-01,0.008819512806963026,0.0006472887184942877,-0.020359805154068322,0.0027671982119831418
2002-05-02,-0.0017502398058626412,-0.0025915735867059198,-0.014692273649866472,-0.002980154437199668
2002-05-03,-0.010315249832961726,0.012570751883915321,0.0139440335062333,0.0030779166258450607
2002-05-06,-0.019529343513434938,-0.0032082156514521287,-0.024243588837562946,-0.0011192897835396905
2002-05-07,-0.003025512886755344,0.0012845020543403862,0.020494110360318007,0.0006676172844119925
2002-05-08,0.03681774841373464,-0.010971371090741755,0.040851998626411756,-0.010371795532145452
2002-05-09,-0.01465427862416746,0.004209129631137287,-0.0010824023835676044,0.001983784037377306
2002-05-10,-0.016936513417259214,0.004834820054583133,0.006477115054461358,0.004854620014718688
2002-05-13,0.01838005104159901,-0.001286981813921173,0.02023863159849748,-0.006970646070147223
2002-05-14,0.020923086996845974,-0.010681500952373746,0.02943930259494021,-0.005481533090104498
2002-05-15,-0.0056756001071534,0.004545541638520945,-0.038265484985473996,0.0034451873866927817
2002-05-16,0.006540958248933748,0.003556917528365844,-0.008189522334146826,0.005230398779912521
2002-05-17,0.007583408730941876,0.0025790417854869574,0.008189522334146826,-0.0039557335511103305
2002-05-20,-0.013382198218289787,0.01628650386518693,0.0,0.004225196837927888
2002-05-21,-0.01105105727304867,0.00031662893673090053,-0.04348513899432893,0.0033794848490976245
2002-05-22,0.005669727159328453,0.006942319612946335,-0.02058067885542947,0.00392804949546818
2002-05-23,0.01013240920708025,0.014051753455650129,-0.01140701122572052,-0.0035129726848537246
2002-05-24,-0.012160276727985142,-0.006532940091297235,-0.010378738718354708,0.000978668086818622
2002-05-28,-0.00858977328215893,0.010864611188926787,-0.027420396468854413,0.000513722401367271
2002-05-29,-0.006432644922662156,0.004620368694517651,0.02121883193649987,0.004630478394961729
2002-05-30,-0.0028138383387537047,0.00030728562065007736,-0.04046559815030193,0.0037037287927978524
2002-05-31,0.0023266549682814386,0.0030674870678613075,0.025975470563139424,-0.0006559946209102514
2002-06-03,-0.025107789182229112,0.0006124072551880744,-0.009512547608702793,0.0004335355022233992
2002-06-04,9.50114139808278e-06,0.003361273098789752,0.0075381681011599255,0.002381233979789492
2002-06-05,0.008811046396816735,-0.02033960899340137,-0.016338273720223118,-0.0020571503651293874
2002-06-06,-0.019961702247038637,0.011453403812163643,0.0016058179192319777,0.0026151887465354455
2002-06-07,-0.0015753499911639324,-0.0009237500055450099,-0.008054846753908329,-0.0038424777364350076
2002-06-10,0.003119088855631169,-0.018343414157813598,-0.016718018473245166,0.0016788063098935487
2002-06-11,-0.01676865547158357,0.003132834522697081,-0.005773186741973468,0.004255010498786309
2002-06-12,0.006549180408375044,0.0018749242553042222,0.020467353594847637,0.0034014136620467476
2002-06-13,-0.010542916396382829,-0.008150438805259341,0.03816039684531214,0.0035628375204037935
2002-06-14,-0.0022708696241418025,0.004396972712870095,0.008930420390540927,0.008139721345156954
2002-06-17,0.028287545124793922,-0.005341763548898371,0.008468076358810084,-0.003733175695971443
2002-06-18,0.0009356736295860202,0.005655114955651186,-0.028773359911849816,0.0008207568322562246
2002-06-19,-0.01667412532821988,0.0018778584107916885,-0.001974379507542867,0.00982578338418393
2002-06-20,-0.013522535074270259,0.010575602187195443,0.011788000808913512,-0.007671383913057501
2002-06-21,-0.017189664118057557,0.004322309467461594,0.005842260723067039,0.0057902031944366255
2002-06-24,0.0036127274125172804,-0.0009246982115787006,0.027577363188746595,-0.0067997642922112776
2002-06-25,-0.01684258719901699,-0.012723136986342531,-0.005682895436199598,0.0004278082424632063
2002-06-26,-0.00267736268376062,0.000936437674964985,0.01657914895086865,0.010782562758321672
2002-06-27,0.017422542621820192,-0.004064372542492478,0.003729970005369232,-0.007914022812008398
2002-06-28,-0.0008280978782515547,-0.018018543745256466,0.0,-0.0009094893341598045
2002-07-01,-0.02161974107826481,0.0015936258352775567,-0.001863281490752211,0.0008990956940886091
2002-07-02,-0.021453911953627447,-0.0038290162621335,-0.0014930576956411201,0.006109409026633269
2002-07-03,0.006203716192900721,-0.006092672213176442,0.001119984416783737,-0.00012750591052550827
2002-07-08,0.023812982036287345,0.0038523714000726628,-0.027616642809523917,-0.005159376948734942
2002-07-09,-0.02502963938534286,0.012734969697368648,0.0007668887577607642,0.00579333325419705
2002-07-10,-0.03455214429668363,-0.004438795670601792,0.025729769634979416,0.007718223190618644
2002-07-11,0.0074682403370207595,0.007912685384614981,0.00223878696179014,0.002486207993595805
2002-07-12,-0.006469202376314875,-0.00505691993327595,0.02357381351705934,0.0019313083714410776
2002-07-15,-0.003762288280677595,0.012594624678356148,-0.014668382758355136,-0.0018810031740819468
2002-07-16,-0.018682461584746513,-0.007537704745080198,0.0248097478398126,-0.00677101678508524
2002-07-17,0.005644765501472193,0.0006302606181831649,0.004673715598250805,0.0036713757238619558
2002-07-18,-0.02739036837838249,-0.0012610149853005126,-0.01118134182411401,0.004552138796291721
2002-07-19,-0.03910728154332688,0.021533033456176298,0.009386358829790886,0.003763645377744333
2002-07-22,-0.0334644140885656,-0.0009266032878230135,-0.045203342667750945,0.008015587266459963
2002-07-23,-0.02738876469731455,-0.03426390054432282,-0.010962155375074278,0.0034613954811642898
2002-07-24,0.055744300086780996,-0.0038449652738030693,0.021061379106953382,0.0020200092050855264
2002-07-25,-0.005647683762642686,-0.0054724496476818985,-0.0037285792283627828,0.001378415892798196
2002-07-26,0.016742769572254623,-0.02087484178245269,-0.0086288112319437,0.0018609998731715528
2002-07-29,0.05266657592569235,-0.0029707693264766633,0.0003766555518054382,-0.013055122685156482
2002-07-30,0.004240359807040406,0.003959134775179507,0.030052396110522128,-0.0036366106675920695
2002-07-31,0.009744307372802297,-0.00164771821720322,-0.01250476558880731,0.00945599904442151
2002-08-01,-0.030019871177998425,0.002635007377349119,-0.02056535917522151,0.005309772056446601
2002-08-02,-0.023352863334736185,0.009820046180974984,0.013881327490082196,0.011477422640783037
2002-08-05,-0.03489795780402094,0.0026024341586099453,-0.0097342673738261,0.0020281032155164223
2002-08-06,0.029479733821624166,-0.007500403134156564,0.02195437583153037,-0.010353447205274417
2002-08-07,0.01981244982962771,0.02839812635308281,-0.02496869325410156,0.006380822188578081
2002-08-08,0.03219840356906545,-0.012486136319057373,0.006394608062411766,-0.009687084386996619
2002-08-09,0.003505866125042445,0.012167996026994032,0.0070988727639416105,0.012120359147361233
2002-08-12,-0.00534090877956217,-0.0003183386963092616,0.03655377644093827,0.004214701457490295
2002-08-13,-0.02191346763415858,0.0003183386963092616,0.0014346848951016788,0.008378629645239232
2002-08-14,0.039265920092593554,-0.007667847199190447,0.00892066587980711,0.004483297503035145
2002-08-15,0.011492831297458928,0.007985987491253788,0.03181529873000288,-0.007950403779664014
2002-08-16,-0.001592216077143327,-0.0019107508550275654,0.009248240623754178,-0.012234420733750596
2002-08-19,0.023337417055441456,-0.024852052157324778,0.017238900060961182,0.001702592763309338
2002-08-20,-0.014056487627908787,0.008784869099079273,0.009007582315272877,0.011447729854727987
2002-08-21,0.012645977349959203,-0.00356971357759317,-0.029319735710486405,-0.0023463569277482874
2002-08-22,0.01395379153683507,-0.003256271129057353,-0.01377430934629098,-0.007896047495464782
2002-08-23,-0.022947514412120285,0.00032612457660619043,-0.003821460649691577,0.00518380857815528
2002-08-26,0.007507436073546536,0.008764807490608817,0.018962855486219343,0.0019487084891731316
2002-08-27,-0.013947765903818521,0.009329306789491731,-0.015488203540146461,-0.005962874082139933
2002-08-28,-0.018298242149143995,-0.009329306789491731,-0.017142269357249607,0.0053477303555479
2002-08-29,-7.627441196333962e-05,0.0112487127565295,0.020259160281944855,0.004791527070057886
2002-08-30,-0.0018866996968505134,-0.0015992327405252027,0.0020725211680208133,0.0021143548346969194
2002-09-03,-0.042423394299954786,0.0031959120187297074,-0.04192964439778768,0.013011915314998995
2002-09-04,0.017365041581542506,0.00477479827782723,0.017124911199158266,0.0023703875011758155
2002-09-05,-0.01607887688452969,0.010425045541863298,0.024804733198629414,0.003687725530259586
2002-09-06,0.016660707232348138,0.005328273609574552,0.021506241629832612,-0.010128071710143027
2002-09-09,0.010062013388429492,0.004366800253160719,0.00404445888612015,-0.0007371465109820983
2002-09-10,0.007304693315016486,-0.010638379411910037,0.0,0.004987035368747004
2002-09-11,-0.0001429386881355299,-0.004097681992043967,0.001344568791720846,-0.005548730633276946
2002-09-12,-0.025096553340929972,0.007238388151503905,-0.03139118422773235,0.0076126974259732956
2002-09-13,0.0032644727782571437,-0.007238388151503905,0.03273388359796581,0.005661625119253517
2002-09-16,0.001448673175396209,0.0015780340669921955,-0.004707452900447606,0.0022934280150507373
2002-09-17,-0.01992557915594695,-0.0003154269149421296,-0.02008578683241735,0.0010590450888885454
2002-09-18,-0.004658693507558098,0.01129248533596261,0.013661401751465352,0.0013062720808022202
2002-09-19,-0.030525863220725924,0.006218925397628361,0.0006782115525787447,0.005854282015305876
2002-09-20,0.0024515853332545134,-0.0021722652670153053,0.011459517103320938,0.00048058674487895205
2002-09-23,-0.013924436611466362,0.0034114038788004564,0.028738524191608494,0.008037542971037592
2002-09-24,-0.017435555345741705,0.008938243892673725,0.0019518995701939268,0.003057058547089887
2002-09-25,0.024558931297823605,-0.011418058485953786,-0.004233879258597195,-0.009202024919176741
2002-09-26,0.018045985962022115,-0.005914490125507932,-0.007534828280715278,-0.00042964561367950964
2002-09-27,-0.032791012662390706,-0.0018749242553042222,0.004265833096875227,0.006540193443612055
2002-09-30,-0.014720340855098435,0.013051713084892391,-0.002294759305976335,0.006979265750824269
2002-10-01,0.0392428179562998,-0.009305278237638603,0.011745668960909228,-0.007488790825434538
2002-10-02,-0.023870046023859004,0.0018680145818557037,-0.011089485930013687,6.381885370490786e-05
2002-10-03,-0.010881373553520035,-0.0012449235740596976,-0.02423353583756649,0.0014751087855676432
2002-10-04,-0.022686560504886266,0.0031094551826713612,-0.004715380482825271,6.318294657146922e-05
2002-10-07,-0.01929610693916839,-0.0006211559424293966,0.0006749426627403743,0.0047241592424918785
2002-10-08,0.016757188425779113,-0.011560765077406998,-0.005412728042532677,-0.00035520486986569236
2002-10-09,-0.027666132898148454,0.0043900787230288785,-0.0044194925218250525,0.0048168173475904566
2002-10-10,0.03436830556488868,-0.009746991405246597,-0.013031771192062447,-0.006092979316299018
2002-10-11,0.038315153254171896,-0.0006321498658357072,0.01371298570573165,-0.01288935555129351
2002-10-14,0.007299819005761599,0.004731123973170881,0.02222313107551699,0.0003163129211339787
2002-10-15,0.04624935832453225,-0.01649777817918796,-0.010376708114817834,-0.014975882357102208
2002-10-16,-0.024408403565706394,0.0044685483958746275,-0.008447423295949275,-0.002943091866464355
2002-10-17,0.0220567494723376,-0.007672652323997831,0.005077063723198272,-0.008124560320002961
2002-10-18,0.005885741408169665,0.0035239699170555028,-0.0006754629554825975,0.0003266159613515982
2002-10-21,0.017185412864054506,-0.005773006068367614,-0.04208973205690558,-0.006873497716699022
2002-10-22,-0.01068237956569984,0.006731893107209785,-0.016341361533836807,-0.0023363915333878744
2002-10-23,0.00669547543513449,-0.003200002730670448,0.009269236673287828,0.001462053199543469
2002-10-24,-0.015337878307867037,-0.004175332121677755,0.0007094876986073473,0.007800748258029687
2002-10-25,0.0170214757071383,0.00865245475895371,-0.041635027910953415,0.003989415181738487
2002-10-28,-0.008300430148164395,0.005727086264855963,0.008833391180630645,0.001058168091421296
2002-10-29,-0.009117697116715284,0.007900182986994686,-0.01588215444980534,0.01246432872146117
2002-10-30,0.009656784918520955,-0.0037843381143778387,-0.001863281490752211,-0.0024644161348581464
2002-10-31,-0.005572877593899683,0.004728141195945668,0.015177039669770132,0.004673377877053625
2002-11-01,0.017014841320024843,0.002512525845320468,-0.003311876260486013,-0.00524672681143642
2002-11-04,0.008168854113023372,-0.0015696126881614703,-0.0066567700726145596,-0.005389580572666909
2002-11-05,0.007720479968744698,-0.0003141416708869471,-0.030516640817704666,-0.002771246472178164
2002-11-06,0.009102088239079542,-0.0022023359337026704,-0.014255642419036096,0.003916417603581962
2002-11-07,-0.023117399785440362,0.00940445802797818,-0.015249613208187185,0.012739977816217314
2002-11-08,-0.008801746066798621,0.0024929517684597613,0.015637594926335652,0.0026243624164987264
2002-11-11,-0.020950197181330843,-0.0003112080521221472,0.006187175330631511,0.00015285714278145442
2002-11-12,0.007685622502779488,0.01022151606708288,-0.0015432454995552014,0.000235199189735289
2002-11-13,-0.0004757719240151559,-0.018035276418277846,-0.027795842411237004,0.0012240162521309358
2002-11-14,0.024335194203291444,-0.002513411008592925,0.003961985317339156,-0.01479325031105918
2002-11-15,0.006129777692192917,0.008769296045542774,0.008661444242926475,-0.0022871399173454237
2002-11-18,-0.010463120579778717,-0.004688240944584976,0.04596745171933314,0.002774587203806493
2002-11-19,-0.004028712996013262,-0.0018814871849848203,-0.01091669086337932,0.003351087461936436
2002-11-20,0.01922874440126776,-0.0037736277706663657,0.020974531830917797,-0.0075808255553213195
2002-11-21,0.021224757871395994,0.0,-0.023627544348431062,-0.005359593786927632
2002-11-22,-0.0034436602808645134,0.010343355900236162,0.015439954348760221,-0.0024298677973292383
2002-11-25,0.00249005435622518,-0.009083929071250552,-0.02458983772596257,-0.0005636344307698403
2002-11-26,-0.021190490158846664,-0.000314635992957335,0.011045589615461537,0.008717745703613226
2002-11-27,0.02760165899942635,-0.0028369582906346835,0.018390451880026415,-0.0144514167106356
2002-12-02,-0.004633258810312846,0.002522127182624345,0.012932025296208405,0.003485958879027472
2002-12-03,-0.01485520513320715,0.008153090095160742,0.0022002013655191277,-0.0009644098062632194
2002-12-04,-0.0034487671121796737,0.006226669943616869,-0.021100161219050673,0.00511397890052313
2002-12-05,-0.012093615806548108,0.008037062074921941,0.020733855242972332,0.004881471423770162
2002-12-06,0.006245957444590999,0.004607595484521276,-0.0132794501126412,0.001872466238993389
2002-12-09,-0.022425997271028564,-0.0015335074887428135,0.012179516508944666,0.003669480289392179
2002-12-10,0.013860905064269069,-0.007084544759121236,0.017815405527804806,0.00024231147100676524
2002-12-11,0.0005637304640710994,0.0040104567633427735,-0.012692840720672116,0.004658584046088603
2002-12-12,-0.0037419694595453024,0.020116515870796547,0.01880028115499144,-0.0008223165857536557
2002-12-13,-0.013511798295627209,0.005416860353339992,0.018453343086674234,-0.004405721985430466
2002-12-16,0.023247089835741086,0.011339983423926725,0.05672856071480581,-0.005363563986154383
2002-12-17,-0.008172621845138117,0.0011862216696556516,0.0,0.001464857994754754
2002-12-18,-0.013232375286256648,0.013833957802861896,0.011232366109841685,0.005055892420574897
2002-12-19,-0.007739264971933224,0.011046588472924945,0.003934396284527519,0.00876638095378142
2002-12-20,0.012932702768406301,-0.015734572708237415,-0.008544259486809036,-0.00017108048404262168
2002-12-23,0.0018068812749731933,0.01341912220061392,0.046745038002897754,-0.0009895545121288922
2002-12-24,-0.0054865453122330266,0.004913961917153209,0.006905216255241431,0.0026997245287161864
2002-12-26,-0.00315352973785199,0.006037120991798872,0.016134459748093022,0.00196233891104131
2002-12-27,-0.016158384433054174,0.0008595282234482582,0.007054147700062963,0.008487648832674333
2002-12-30,0.004547549304138698,-0.01674892823298446,-0.04213450008677366,0.0025471652324254492
2002-12-31,0.0004888474701409962,0.012156480260661517,-0.005433929686700534,-0.002654158871017903
2003-01-02,0.03266077974182302,-0.004324642673838142,0.02061927472661962,-0.0173161824996696
2003-01-03,-0.00048415228310449976,0.0146281282426024,0.037891531512563414,-0.00032964814158539357
2003-01-06,0.02222553665158511,0.0014226776695611676,-0.03007294290700635,-0.002121676162068217
2003-01-07,-0.00656612949267199,-0.012589649586932872,-0.032291459556114344,0.0035093345700418924
2003-01-08,-0.014185718611711806,0.018825445503325433,-0.016872576222074276,0.0037603381785672016
2003-01-09,0.01920060580196381,-0.0016968502913385919,0.045731399984021426,-0.013397816602054953
2003-01-10,0.0,0.003390826158544691,-0.009737770227334686,-0.00016005479821500624
2003-01-13,-0.0014132879115829056,0.0005640502224801835,0.0181424440884137,0.002114880744365537
2003-01-14,0.005812929118617305,-0.007641220596565468,0.0034040142733675616,0.0036649600013914153
2003-01-15,-0.014530931016390802,-0.0036999836443483147,0.025317863961466625,0.001221263783152623
2003-01-16,-0.003950196888387936,0.019763488437673615,0.0137602853269021,0.0004875607173506071
2003-01-17,-0.014116164167858436,-0.0030799578465225963,0.0073997674083079445,0.0044914013432235025
2003-01-21,-0.015826902386451458,0.0019610083198093875,0.020432723644617568,0.002286120348697324
2003-01-22,-0.010487202275180962,0.006694653773569925,-0.05219097680164664,0.005574327598096539
2003-01-23,0.010171737971112371,0.013256166810434067,-0.018433655238946134,-0.0018115168733660232
2003-01-24,-0.02966925270955567,0.010099750503526295,0.0314385360314442,0.0037708169700081517
2003-01-27,-0.01629178385249297,0.0032537492901187903,-0.030198966149764583,-0.004269149932178755
2003-01-28,0.012966029443826521,0.0016229543959118686,0.011699556442540615,-0.0015616918671781106
2003-01-29,0.006756085188474259,-0.010050369178730811,0.028961387946961903,-0.004331617865313147
2003-01-30,-0.023114366731580738,0.006259425334826041,0.006520396767655701,0.00367728244601514
2003-01-31,0.013044896679016205,-0.0008142714876067103,-0.010095102619936291,0.0013861795871210267
2003-02-03,0.005384559885174944,0.006765010464144794,-0.022635643911065984,-0.0012326859397336016
2003-02-04,-0.014187950142553696,0.02187340431152318,0.024722498427908413,0.005162221570225836
2003-02-05,-0.005449845022301503,-0.006883813586705756,0.01036888161288907,-0.005566680782064171
2003-02-06,-0.006469515204080345,-0.01687913561207921,0.006755776663095681,0.004749320148018326
2003-02-07,-0.010144971214752552,-0.0005405735456811556,0.02771537390010126,0.0018797520623898673
2003-02-10,0.007540552236936726,-0.016903296781555,-0.01839130583432791,-0.00418220551132928
2003-02-11,-0.008131296944902111,-0.003304911261675869,0.027461654467849428,0.001796355822271871
2003-02-12,-0.012768117118207023,-0.027690187020932733,0.009268479081212089,0.0038517597542402156
2003-02-13,-0.0016014154192465213,0.013521298373983193,0.016359720027279145,0.003528221812567091
2003-02-14,0.021208134445614313,-0.0155085586647008,0.012028538347210294,-0.0064839970769126525
2003-02-18,0.019311856336077682,-0.02212410774070417,0.004338397559886964,0.0004846718558459953
2003-02-19,-0.007121386071816893,0.016424462687667507,0.005396687836675795,0.005665931381607658
2003-02-20,-0.00954695895454094,0.009103938289814373,-0.010006815837491967,0.0030368873020160327
2003-02-21,0.013137558748210765,-0.0036885226151808226,-0.0334423603011853,-0.003709860710009069
2003-02-24,-0.01855173338904237,0.012710240746571344,0.024980418957064376,0.004190870520173389
2003-02-25,0.007168735061912734,-0.01128998765359146,-0.011579896799113865,0.0031232425203213884
2003-02-26,-0.01322855528630118,0.004813862436118477,0.04447585883241523,0.003044204349985528
2003-02-27,0.011689063978691294,-0.022569144857354395,-0.013351332902860058,0.0018873373530741476
2003-02-28,0.004611454575361051,0.01177668643264429,-0.01626058307158651,0.004795139311754769
2003-03-03,-0.00756588106589362,-0.0028595957864832044,-0.01986813175694646,0.001807660966983291
2003-03-04,-0.015475933472307801,0.011389644368467344,0.02776042810371493,0.002724307494047708
2003-03-05,0.009516714495285683,-0.0002831830711915728,-0.005436294125790386,0.002226554996608506
2003-03-06,-0.009382919685982927,0.010424046273465493,0.008413711706606986,-0.0025170467093503755
2003-03-07,0.008225461554721925,-0.016959140792989658,0.020861917118309314,0.0028097616030623614
2003-03-10,-0.026169211215295363,0.01105617049432972,-0.013591103989003539,0.00398293053542952
2003-03-11,-0.008394475599231122,-0.011911689720017549,-0.014867126777691642,-0.0008591511555655592
2003-03-12,0.004311775502897852,-0.01147788784468684,0.029780888051284204,-0.00010790606726394744
2003-03-13,0.03387670793320652,-0.031069340182344085,-0.04930585599747017,-0.01170105528789678
2003-03-14,0.0016454721021226248,0.001784670637168695,-0.017649912128210765,0.0022212234544502817
2003-03-17,0.03481355607000225,0.001781491261182211,-0.01280065136591979,-0.008843871673654278
2003-03-18,0.004233119365493643,0.0014821404549714146,-0.0979762045959447,-0.0065856963789958116
2003-03-19,0.008698862860554435,-0.004453027910056306,-0.05818053078175511,-0.005332260972712532
2003-03-20,0.001886007082036123,-0.00956662664428265,-0.043433003782299195,-0.0031937332893059783
2003-03-21,0.022716697858611745,-0.0209447448798894,-0.06125836932701301,-0.007084058550963533
2003-03-24,-0.03586707149377233,0.01067897257585404,0.06300445800744425,0.010149611675985779
2003-03-25,0.012087773698510773,-0.0033439949499030064,-0.024369934411442973,0.0011406000901164589
2003-03-26,-0.005490935416151643,0.005768936446678197,0.023322607132434836,0.001550813281372214
2003-03-27,-0.0016451166510629278,-0.004855777631862068,0.05900021689434265,0.0016333950491856032
2003-03-28,-0.005796738526806067,0.0,-0.0069387686108135505,0.0026208749149625493
2003-03-31,-0.01790102880395139,0.021667960640138872,0.028760186729624326,0.006174106051718859
2003-04-01,0.012070492085123341,-0.004774721536761284,-0.04143967449696673,-0.00017806444427180193
2003-04-02,0.025780778962753104,-0.014158940357588357,-0.04182993154124581,-0.008460711637168659
2003-04-03,-0.005064468234289521,-0.014362392664038381,0.014253669307421113,0.0014694659850143991
2003-04-04,0.0027345352829826197,0.001230372064622287,-0.012154984627684495,-0.0021400080205121338
2003-04-07,0.0012281436508096988,-0.011750252276174322,-0.023330918830197334,-0.005562576976874191
2003-04-08,-0.0018655403207805676,0.0021749649517026626,0.0014296255537775693,0.006556002414209278
2003-04-09,-0.014103460334560225,0.01049714424445014,0.029905496001425558,0.0030314087174149293
2003-04-10,0.0064343262346184815,0.0033727030978472072,-0.04937963917720367,-0.002551791066697696
2003-04-11,-0.0037704131013800435,0.0036663092649744655,0.024461662996996036,-0.0036899809284464073
2003-04-14,0.019310213177267777,-0.011348018282292927,0.01726305980052434,-0.003108987298178037
2003-04-15,0.006283682258609424,0.0021567769348704857,0.022791102300030452,0.0042531266550067705
2003-04-16,-0.01231155944986817,0.0027662348108510315,-0.0037626385439484267,0.002863648993434602
2003-04-17,0.015416286256904499,0.004287983336067391,0.0458811070911076,-0.0014003475638788804
2003-04-21,-0.0017585310235839202,0.019071223319533814,0.010420205055983178,-0.001643462346213294
2003-04-22,0.02147160231061207,0.0026949976027283995,-0.03159199815983005,-0.00016939602629027455
2003-04-23,0.008358949618775036,-0.00871005333248931,-0.11540373124249648,-0.0008232543123540637
2003-04-24,-0.008293119512326363,0.009905492528735849,-0.00037531353669884027,0.007550409998788389
2003-04-25,-0.013943123165727656,-0.004190350144845034,-0.014366945170455558,0.001716928573482399
2003-04-28,0.017677552473808866,0.0032939275584755734,-0.02976066818189338,-0.0009959502980891432
2003-04-29,0.003273896797780118,-0.0023944572301006772,-0.009856180803950565,-0.002224319249891578
2003-04-30,-0.0010029039411492136,0.016052644792571513,0.021944433751480474,0.006083179131596055
2003-05-01,-0.0006764001600840785,0.008808042694124829,0.008875283029204262,0.0002353973106832498
2003-05-02,0.014926813678559192,-0.0032206325413621784,-0.013926747530324413,-0.004526752176148387
2003-05-05,-0.0038026246923319462,0.003805032590830315,0.031444296788512904,0.002292599371510238
2003-05-06,0.008425928003602756,0.0005841478279329237,-0.02949842197119734,0.006673231426040655
2003-05-07,-0.0051180303952298445,-0.0017533789087815776,0.01963490375439969,0.009693748129998046
2003-05-08,-0.010108768772651544,0.018832948666147153,0.028192057385961977,0.001974092951245465
2003-05-09,0.014177391736409639,0.0005739231349251028,0.02705831573810924,-0.0015141098262259395
2003-05-12,0.012456789129321244,0.008569032575710622,-0.013437606735245744,0.004472817952902408
2003-05-13,-0.0029776250785520375,-0.00456102868682251,0.04118754445890982,0.0014766325586872524
2003-05-14,-0.003210026745469108,0.006549896214196771,0.02323669922051863,0.007334433909225274
2003-05-15,0.00783689004237953,0.0008512365761408347,-0.01485091380812209,0.0001403571405108013
2003-05-16,-0.002506646213160657,0.005938108920865659,0.01382190713456799,0.006434289222672574
2003-05-19,-0.025233601618066537,0.026430804616229153,-0.010695270817597358,0.0009769881899981115
2003-05-20,-0.0011301702506951727,0.005749435648647605,0.015488203540146461,0.006710850688939496
2003-05-21,0.004004022944009478,0.015441217813607189,-0.008574910854617368,-0.0012135611871684794
2003-05-22,0.009109164321114527,-0.010539197307036119,-0.006219795512871773,0.004440231549192167
2003-05-23,0.001447625419073617,0.001899801617002872,0.010687895731047004,0.0006392072083168124
2003-05-27,0.019377706387686544,-0.0027151796022115704,0.006494657363694145,-0.005591274847491598
2003-05-28,0.0018270496802683667,-0.007094096834482144,-0.026585389439136353,-0.0023864420755093534
2003-05-29,-0.003762715392624294,0.011976174134950668,0.01803101745413782,0.007903214742232446
2003-05-30,0.014582939974266296,-0.013894804832657037,0.015683890726727157,-0.0007956772269641528
2003-06-02,0.003532574646307296,0.004106781952653016,0.038166226627604605,-0.00650735009435341
2003-06-03,0.004704529108941813,-0.0021881512549466464,-0.001303324026967978,0.007479935745436495
2003-06-04,0.014996698227585092,-0.007144866993027854,-0.02042234502151974,0.00444845751200424
2003-06-05,0.003946639276501074,0.016411746640973668,0.02270209507250076,-0.003247767668383446
2003-06-06,-0.0024065989201966786,-0.013382676237959856,0.01741420696397622,-0.0016396232931875155
2003-06-09,-0.012048908121465196,-0.005237846334932961,0.005420069776562286,0.00631417429931428
2003-06-10,0.009088363673824595,-0.02689230849999369,0.008863583763007554,0.007357407324939362
2003-06-11,0.01275286015862065,0.009326018521816692,0.019660519883324845,0.0006370674848719468
2003-06-12,0.001032098751345245,-0.00620772942965786,-0.026618148018620502,0.001829236221404563
2003-06-13,-0.009964276289371021,0.00929720273126211,-0.02767231309674134,0.005591571300247789
2003-06-16,0.022138103847667345,0.006707665943379126,0.01714422348095379,-0.005495242312946341
2003-06-17,0.0009097933052535367,0.01163129184852707,-0.0035341598344245106,-0.008007979052975758
2003-06-18,-0.0015530571085644596,-0.01665779716024307,-0.023116740951520054,-0.007798142303362504
2003-06-19,-0.0153535449329949,0.011412721190617425,-0.013262844540539387,0.001737250349380363
2003-06-20,0.000994770179439719,-0.013935566015932821,0.02830069189939932,-0.00449787622406827
2003-06-23,-0.014211309324765331,-0.009304981417950664,-0.05502303349497151,0.006981202269521067
2003-06-24,0.0018421528232437367,-0.01916264077479468,-0.01346006117747578,0.004368142493379806
2003-06-25,-0.008301180320273716,0.008625700707157513,0.03984862471758177,-0.00796646415214099
2003-06-26,0.010708159797851557,-0.015580217175376276,-0.03188874401216024,-0.014333112152485053
2003-06-27,-0.00978584874828492,0.003773094881188932,0.00892251032007163,-0.0037811806644672224
2003-06-30,-0.0017634218900370868,0.0023147804862526655,0.03094764506549108,0.004575537027481626
2003-07-01,0.007992609360683467,0.015486383326132724,0.006931834455197627,-0.0016148472630307421
2003-07-02,0.011568537660243017,-0.00028463386024402126,-0.00825768534303073,0.0012278618745256277
2003-07-03,-0.008133604913024506,-0.0008543010577479748,0.008915378818367348,-0.009752462695845105
2003-07-07,0.018813461400528197,-0.008296411114672608,-0.009578964050703576,-0.0041670390795569305
2003-07-08,0.003399210064133129,-0.011557481810136494,0.0029826088345719093,-0.0020062243305697734
2003-07-09,-0.005601870071837212,-0.0014541226675230945,0.021604763856293285,0.002387209049581863
2003-07-10,-0.013571901198706549,0.002035127016307925,0.005812102546827624,0.002555392362652248
2003-07-11,0.009502600460288058,0.0014511684964730875,0.007058137102537554,0.0032241265380535487
2003-07-14,0.005714271995591602,0.00837557073544204,-0.00031975151987451156,-0.005989846046098753
2003-07-15,-0.0034326599813585545,-0.016236964296877154,0.011130672213727877,-0.016270993831000703
2003-07-16,-0.006347400891690391,0.002918857828844601,-0.018191074514377625,-0.002385881251840384
2003-07-17,-0.012511471261658969,0.0032009515886510798,0.011527524884446638,-0.0005809077453233962
2003-07-18,0.011736573725128707,0.008678098702319836,0.01735878355942111,-0.0010712972146940032
2003-07-21,-0.014725556198844636,0.010600247250585504,-0.005647909537251916,-0.01646164838096888
2003-07-22,0.009466693661066117,-0.0008552752993740143,-0.051326421306152614,0.0021136521340545072
2003-07-23,0.0005058885609230401,0.02256158829552657,-0.017374324534484398,0.0040697541435953275
2003-07-24,-0.00711603279408024,0.009989000960340277,0.018367497248886977,-0.00510879256567195
2003-07-25,0.017250531155822202,0.0013795007930834657,-0.0016558784232629797,-0.0007263076902032033
2003-07-28,-0.0021651703840603886,0.005773144793062457,-0.0019906929354034375,-0.00838270824556438
2003-07-29,-0.007291793872162167,-0.00853405203081703,0.004308180978120468,-0.008973570161848281
2003-07-30,-0.0018110751722160146,-0.01532276758138007,0.014445442703626021,0.006858250105900828
2003-07-31,0.002851662708710734,-0.006195491991947577,-0.004573656677654192,-0.01253514620376304
2003-08-01,-0.01031237687616482,-0.022569144857354395,0.056339492571536365,0.004905974586903642
2003-08-04,0.0027203518276346372,0.008917090646161085,-0.014653456571481094,0.007823396877156122
2003-08-05,-0.017821303454707227,0.001144802317368132,0.011864049866814774,-0.009513624811023757
2003-08-06,0.001676545338155755,0.0034265644603834744,-0.016270710684605394,0.012512490860878717
2003-08-07,0.007253254530505515,0.004834396551991027,0.02153300938868563,0.004940927696076245
2003-08-08,0.0035558923770215856,0.01072241609892366,-0.006504563291774623,-0.004669856703939642
2003-08-11,0.0030640720105878927,0.015042134355854664,-0.005296849501566836,-0.006415319503793991
2003-08-12,0.009903932637191915,-0.008886512667427127,-0.0028155265743001756,0.001298573345444331
2003-08-13,-0.006401977186592411,0.009991773587804786,-0.036367624252865216,-0.015982853036842055
2003-08-14,0.006563557693260336,0.010712899773886342,0.010021078259699667,-0.001885834848193847
2003-08-15,0.00016149279264876526,-0.007679653064560199,-0.0012874451704347756,0.004805259993425612
2003-08-18,0.009113770757476658,-0.013304016265928809,-0.005166296636550882,0.004254856250616018
2003-08-19,0.0026072622855481953,0.008888981326335532,-0.006169807727018917,0.007883849429304937
2003-08-20,-0.002047275905895596,0.011001210877299883,0.00811034433671498,-0.004628747789875228
2003-08-21,0.002964741838713536,-0.01377052857929506,0.02960580381593836,-0.005089995736546248
2003-08-22,-0.010228880904442406,0.006908967534534405,-0.0012554618287365926,0.00401762389424686
2003-08-25,0.0006543529758005207,-0.004969690862571596,-0.00883288671282001,-0.0052436740658867225
2003-08-26,0.003034465555052712,0.012378098218804645,0.012281725647016906,0.003454374236386618
2003-08-27,6.019258383282988e-05,0.02083130198688732,-0.023433677754447935,-0.003806022720880825
2003-08-28,0.0060511867440373734,-0.008064559836730822,0.009249018883322524,0.008668948574210293
2003-08-29,0.005142098324289357,0.013937540335214216,0.002219747071674494,-0.0017440768704148177
2003-09-02,0.013773597519418423,-0.006676483389080445,-0.07087254552565758,-0.011499774593295634
2003-09-03,0.004179191612316835,0.001873863976867618,0.002716467688243629,0.00034145307063286503
2003-09-04,0.0016550661733827354,-0.002678094842067935,-0.017445293969159614,0.007042552129622918
2003-09-05,-0.006421496186531428,0.012525179618242177,-0.003456636131391466,0.012958604949003442
2003-09-08,0.00998532414989306,-0.006642777075772877,-0.001039278788667275,-0.0026357144982700415
2003-09-09,-0.008244148822647013,0.017442318372334675,0.01137354737639873,0.0016197975755470285
2003-09-10,-0.012044843941237282,-0.004463739011447032,0.005809005718342419,0.008405287775141112
2003-09-11,0.0054258423214115226,-0.0007897533335281537,-0.0182229792890225,-0.00506012124281033
2003-09-12,0.002171959268530088,-0.010324444890326134,-0.01926839208428932,0.005417832102978672
2003-09-15,-0.0037571915703331626,-0.0034652515393034378,-0.004609157901636962,0.002108588879045619
2003-09-16,0.014196937414540756,-0.0026737983844018487,-0.020826603228961904,-0.003540088518626519
2003-09-17,-0.0032598598619451025,0.0072029447423069826,-0.019418041076014525,0.008271002919502599
2003-09-18,0.013178265159724312,0.001062683114764873,0.005166040554832829,0.0007335585060320778
2003-09-19,-0.003160018833651357,0.01371324688938369,-0.005166040554832829,0.0019506939312244362
2003-09-22,-0.0130931987562235,0.014044507609518142,-0.0025931336060689425,-0.006219109147355609
2003-09-23,0.006053113846697045,-0.003363134201586959,0.0062858436516854965,0.002353105569259164
2003-09-24,-0.019280353601833333,0.004137596066143168,0.04009930878309875,0.006584095949327458
2003-09-25,-0.006071601170082985,-0.006472514505617255,0.0017690131555396782,0.00284883674763667
2003-09-26,-0.006419680828853025,-0.01096906342685422,-0.004605891804462914,0.0066144032707508345
2003-09-29,0.009713459459884888,0.004192894355239396,0.008486605863890162,-0.00423889431833077
2003-09-30,-0.010596635023889966,0.007814574927262896,0.027779603667171582,0.011642292360317594
2003-10-01,0.022094147775449713,-0.0028582743369627295,0.00648572426120575,0.0005663698090923498
2003-10-02,0.001981908137683952,-0.003127398167954709,0.015195320785590383,-0.006136466362877121
2003-10-03,0.009375252697306102,-0.036416016396157325,0.018592815414734343,-0.014904779818455319
2003-10-06,0.004360049641707775,0.008893787995822855,0.0022999745986544973,0.003737711379368202
2003-10-07,0.004726112646978642,0.012001743883346627,-0.001971073790898892,-0.007349817551593917
2003-10-08,-0.00527728332014199,-0.004783475227817746,-0.019927606896990024,0.0003300219530085258
2003-10-09,0.0047767784577343875,-0.016653572201548172,0.039465850718666484,-0.0046663263431798154
2003-10-10,-0.0006451513014180676,0.011847186999559334,0.030488201100680623,0.004533194810872945
2003-10-13,0.006998091228799019,0.004273526975079989,-0.000625736891229689,-0.0003967466131935742
2003-10-14,0.003943050577315255,0.001331735404554557,-0.004077191383762724,-0.007468363978660434
2003-10-15,-0.002595096212524517,-0.008285510522988204,-0.0015725506288482016,-0.003597346297044769
2003-10-16,0.0031570888837366695,0.00026836468981361605,-0.007265852127710026,-0.004464934389838705
2003-10-17,-0.010290175994217776,-0.0024177967830896208,-0.027645624116277023,0.005553287118340577
2003-10-20,0.005144068370009691,0.005899754959441061,-0.010814456371588399,0.0008163403919502219
2003-10-21,0.0012914040875635635,0.02037919431734636,-0.0056170666229684585,0.0012984457471813837
2003-10-22,-0.015093832405615792,0.01249687629559837,-0.008652307795349756,0.007677383618552521
2003-10-23,0.0033040915774726898,-0.0046680265379270836,0.012620531679595093,-0.003292982805488659
2003-10-24,-0.004712310410105225,0.010858383977845776,-0.0046311492553279265,0.00858753250821822
2003-10-27,0.002155270305799206,-0.0025746667562396297,-0.007989382424267166,-0.0041110658470405355
2003-10-28,0.015073083026474698,-0.012190480758941469,-0.012105077643108864,0.006326416442576546
2003-10-29,0.0012601522252628783,0.009350654067898034,-0.022234527262876114,-0.00677238672269505
2003-10-30,-0.0011169605573737584,-0.00648426621364262,-0.015336673578489446,-0.004978202676380507
2003-10-31,0.0035945212652261915,0.0005203231392290064,0.022230901552873217,0.0032343030384537706
2003-11-03,0.007877881670352416,-0.019698601497688095,-0.007240196805864851,-0.005210975703716079
2003-11-04,-0.00546334874797072,0.0076628566794578745,-0.0052038146753825565,0.005249014258632438
2003-11-05,-0.001368076530603446,0.007082028831416842,0.05250992009244371,-0.0034468503493205486
2003-11-06,0.005915092101423269,-0.005241102060273839,-0.0013209714117521365,-0.005276334046861498
2003-11-07,-0.004585031069093581,0.007068969640698697,0.019310046792652802,-0.002384946499393009
2003-11-10,-0.005808631916206508,0.008572642022596,0.0009719352626240685,-0.0006231427840335832
2003-11-12,0.01084720639897796,0.02124197027484609,0.014467404549600271,0.004024393528778266
2003-11-13,-0.00011336657034988207,-0.0020278531485686813,0.01802989530357202,0.011553160712312426
2003-11-14,-0.007644395575324481,0.009344636045334198,0.014626037108580014,0.003241610966394492
2003-11-17,-0.006418393523646593,-0.015963820302660636,-0.019969443772817286,0.0038138472532469802
2003-11-18,-0.009125168321115318,0.015460974702455665,0.04769398810496295,0.001869366256635034
2003-11-19,0.007984205998369909,-0.006813937296560546,-0.010876259085703666,-0.005331585913321886
2003-11-20,-0.008467811760956678,-0.0030433238811395924,-0.0018241890040981978,0.0067413949544084814
2003-11-21,0.0015756987213180196,0.005824982298867631,-0.038782585647085366,0.0007331002879624842
2003-11-24,0.01609716545185602,-0.011428695823623158,-0.0609806122004235,-0.006304895834369599
2003-11-25,0.0017189789642211295,-0.0010222180633663314,0.0010082570684466496,0.0034899122424486154
2003-11-26,0.004317433443866925,0.014469047279538572,0.021270306267223482,-0.004359271202374422
2003-12-01,0.01096525946564686,0.014759553523344238,-0.015242146636355702,-0.011865966701524644
2003-12-02,-0.003276021552697017,0.0024801599263986063,0.02733580068367436,0.001137624845329498
2003-12-03,-0.001773538053813084,0.0004952493611423137,0.010342680732192022,-0.0022310426451765545
2003-12-04,0.004675677049765348,-0.0014866358464615814,0.005131500864110183,0.003468101913590515
2003-12-05,-0.0077139024374535126,0.007657209634325923,-0.017099971069125086,0.01263382832756187
2003-12-08,0.00732127228293411,0.0004920349595725071,0.043616621354719776,-0.004914956042162517
2003-12-09,-0.008565518753596457,0.003927364074927553,-0.010648339015258745,-0.005778732564478537
2003-12-10,-0.001066429727051954,-0.004911601082219441,0.0037711840117102824,0.0029102843626979077
2003-12-11,0.01141648824688879,-0.00394673937910639,-0.0009414336020086012,0.006637354849225263
2003-12-12,0.002731540835871904,0.011793718499794714,0.03668158236719865,-0.00015508243965899694
2003-12-15,-0.005695125452045424,-0.0004885944098225181,0.004228317597438469,-0.00249418770549786
2003-12-16,0.006616359448139875,-0.003672424142508568,-0.00877865231627517,0.0034841272681026777
2003-12-17,0.0012548517363963896,0.010491709583109632,0.01388908496453567,0.0038137503883645418
2003-12-18,0.011728728082732509,-0.003891070365081184,0.010736775478903393,0.0040640179092141845
2003-12-19,-0.0004775553026359347,-0.00292821507551988,-0.020681049731838375,0.0008141962706702348
2003-12-22,0.003923645732691661,0.003415455540777934,-0.035448297592940214,-0.0023505293952447706
2003-12-23,0.002814195063169045,0.0009736950465306649,0.002507049940446482,-0.008308721138948675
2003-12-24,-0.001808152247175343,0.003157995609461395,0.02808392648071134,0.006813339520927964
2003-12-29,0.01401411737867786,0.006045236820960476,-0.014097661290113361,-0.003310709737863439
2003-12-30,0.0001442321103111155,0.005049923319855765,0.011965148884177434,-0.003784799814049311
2003-12-31,0.0020526387198920304,-0.0028824946229182302,-0.008268320021504572,0.0019463381554608533
2004-01-05,0.009220549888461882,0.020712516734717745,0.03801357648681014,-0.01026339426925482
2004-01-06,0.0012913129621026087,-0.003777167234110479,-0.0023710152453246813,0.009048157576914352
2004-01-07,0.00236436742089019,-0.0021309204606430043,-0.0023767637872329495,0.002674373464026025
2004-01-08,0.0049508241414217835,0.0049651505683998565,0.01065100656198803,-7.387891110082379e-05
2004-01-09,-0.008927335654944635,0.005644403305615775,0.00966479412410326,0.013439318636164443
2004-01-12,0.0047752694673972584,-0.0002345634012472786,0.011879028054321505,0.00040641719484965286
2004-01-13,-0.0053459264910831195,-0.006117608693259946,-0.008387638736557346,0.0046526009899914575
2004-01-14,0.008260369092161213,-0.00473149674335982,0.002031037823222892,0.003595937849708714
2004-01-15,0.0013524704065490667,-0.03204711835414109,-0.031206576888129334,0.0013862579964162042
2004-01-16,0.006848898375875656,-0.004171228417557238,0.04759330830099762,-0.0033555928168805126
2004-01-20,-0.0009303402187708087,0.014645123408989491,0.03171308445721799,-0.0033466297863199686
2004-01-21,0.00774147868719588,-0.003884457586374346,-0.04578360670099402,0.0017932172709511454
2004-01-22,-0.0032118355848940183,-0.0026793490522694086,0.010070534349115423,0.005727973846721536
2004-01-23,-0.00209136199188098,-0.005135128338105588,0.00028619784612304855,-0.007747613103621071
2004-01-26,0.012033603951130623,-0.003192115154896591,-0.013542849459378115,-0.005847945538774887
2004-01-27,-0.009845993791705254,0.008327243493002179,-0.010205724623455925,0.004479258175689072
2004-01-28,-0.013703063806122628,0.010915814876995888,-0.014762595108575027,-0.008584923908038833
2004-01-29,0.004976612278462689,-0.03936547634507992,-0.02438770738135876,4.509362093797829e-06
2004-01-30,-0.002631052074532292,0.009242009458930944,0.007288154384416767,0.004958228196040076
2004-02-02,0.0036445708176024993,-0.008740222684807897,0.05675491329072191,-0.000890934128928724
2004-02-03,0.0006780459980966214,0.001253290011651309,-0.025479116961727666,0.004314280194092078
2004-02-04,-0.008406502013905914,0.004498852290525157,-0.029764103258332675,-0.001787795809497193
2004-02-05,0.001835783517288192,-0.0072581819686838855,-0.0006043107761484201,-0.003890053601813156
2004-02-06,0.012477361864295489,0.013721058264253294,-0.018304424308039025,0.007085124060922786
2004-02-09,-0.0025847643015683985,0.007897330564814453,0.010718286087556983,0.0021183055585184615
2004-02-10,0.00501454239472654,-0.0009837529211740303,0.03118684800662308,-0.002848877933310211
2004-02-11,0.010610936569045215,0.009306994151231152,0.0038308893222134266,0.006778357258491663
2004-02-12,-0.0048920811078110304,0.008496227577319715,-0.0005884218439375921,-0.0028570106602367655
2004-02-13,-0.005483169493579965,-0.00825253327766795,0.016924880900059946,0.000976731562913052
2004-02-17,0.009709935073014542,0.0137966905646012,0.01721208480487757,0.00016063491503397624
2004-02-18,-0.004478543257261158,-0.008934050155567697,0.008214206022539194,7.90766301500338e-05
2004-02-19,-0.004141055198370047,-0.006082004088674431,0.015395663956409233,-8.400376382530699e-05
2004-02-20,-0.0025751688577333454,-0.03047427192263452,-0.011173343459893292,-0.0035822999109988776
2004-02-23,-0.0027307313371940367,0.0037664827954770885,-0.03574362074937021,0.004077485124971121
2004-02-24,-0.0016666300221777064,0.013690319608683055,0.006673558959560122,0.0018752449798505643
2004-02-25,0.004012760212373401,-0.02174273417149486,0.03131478305853497,0.0013036479277893792
2004-02-26,0.001083632919439026,0.0,-0.004776016577386244,-0.002369537468357371
2004-02-27,2.612155982539832e-05,0.0015147847314151974,0.018139231616622453,0.0052333857406018855
2004-03-01,0.00958761030217481,0.007289196439629997,0.019173437496141865,-0.0004962256429917528
2004-03-02,-0.005960786977165178,-0.01463191564063937,-0.005440730551005135,-0.004246661155530932
2004-03-03,0.0016782131095398611,-0.002799355720570773,-0.023738366153817747,-0.0009807326238685458
2004-03-04,0.003330560153750106,0.001273398892999822,0.02319265105236612,0.0026920475545171496
2004-03-05,0.0017216463364899681,0.021154135824266618,0.016779796978160455,0.01647949171496808
2004-03-08,-0.008385277334636676,-0.0017458083865005136,-0.018692096309709694,0.0046976325417719825
2004-03-09,-0.005787281873593564,0.008946396702340209,-0.007961632216101577,0.0048737752886593355
2004-03-10,-0.014740971479313636,-0.010445288062011393,-0.004973768529491274,-0.0011773993794997138
2004-03-11,-0.015340969821738604,0.0017485009983824185,0.018661362916135626,-0.0008449612913063089
2004-03-12,0.01238251136070545,-0.01356810868414815,-0.01617138635790427,-0.0009265648642905851
2004-03-15,-0.01445375536163862,0.010318466277786875,0.033956815300657084,-0.0005122236074015491
2004-03-16,0.005606722104589679,0.0074831979177441,0.0010678302270670237,0.006789561740428458
2004-03-17,0.0116809035743346,0.011120836389858724,0.018504381134004877,0.0005614469550239067
2004-03-18,-0.0012733832323759131,0.010269068743017584,-0.006569462544110838,-0.005315706307004849
2004-03-19,-0.01123609969031758,0.003399697024112136,0.003946894261012357,-0.003072612562328325
2004-03-22,-0.013042208225710006,0.0118087742456634,-0.025802766487985185,0.005453107108471712
2004-03-23,-0.0013246611737711689,0.005733398287926406,0.009120238815846005,0.0012255927797874663
2004-03-24,-0.002397858840762268,-0.00621262592228522,-0.011818629289090055,-0.00010143000032978527
2004-03-25,0.016232870745707118,-0.001199184663101427,-0.04137380135879809,-0.0019225297904168148
2004-03-26,-0.0010191750233872199,0.012875699525395135,0.006176359536017362,-0.008418968568101546
2004-03-29,0.012920796755778952,-0.011916251412214862,-0.00786738472387194,-0.003710559758193187
2004-03-30,0.00402764693878499,0.010968173863587616,0.02231610680098317,-0.0008313630477174542
2004-03-31,-0.0007012565260868797,0.013192124382448434,-0.013609477932362335,0.005511058052544739
2004-04-01,0.0052782054676123735,0.0011694540317153113,-0.042559554124241394,-0.0048595351719480165
2004-04-02,0.00847858992829753,-0.014598756409688107,0.0034954574521575132,-0.01949558772566868
2004-04-05,0.007642651144618817,-0.0148151149552751,-0.00029077567361079915,-0.006307310249623783
2004-04-06,-0.002096734294799063,0.00839031663374179,0.017015554959809442,0.004140669717561685
2004-04-07,-0.006667598441335798,0.00926701174155209,0.03318640483198809,0.0004899397436082845
2004-04-08,-0.0010615462722602942,-0.006882651969694287,0.027017548676329106,-0.0022642157931247785
2004-04-12,0.005147705540932357,0.00047621954955090473,0.01867220872537345,-0.0025017297303871985
2004-04-13,-0.013857368818181115,-0.031679607261462905,-0.016789230461931925,-0.00867945303362781
2004-04-14,-0.001124992893466903,-0.01784879390914007,-0.013255918758356522,-0.0031990946539385556
2004-04-15,0.0005936366181584773,-0.005266408625741015,0.022884252467180843,-0.0016703089087534149
2004-04-16,0.005098440128641357,0.008263444398855846,0.004514732951861777,0.004435206061442916
2004-04-19,0.0010658431120758038,-0.0009979888389164415,-0.00851531250145321,-0.001433468256012162
2004-04-20,-0.01567925402692172,-0.007265455559939404,0.004798737900534089,-0.0032726432437917784
2004-04-21,0.0052982333088866795,-0.017502093975092947,-0.05101335059038936,-0.00046569526527414533
2004-04-22,0.01399311509629797,0.006376759467687343,0.027058513345716406,0.00435174099299796
2004-04-23,0.0005875142056135374,0.0045662644650645845,-0.006833428429231514,-0.00630664639883822
2004-04-26,-0.004454890241813558,0.0022752983891081158,0.013891061827230988,0.0016980846653267992
2004-04-27,0.002269450876466017,0.006544211836596148,0.015033774653578025,0.0025013140012857997
2004-04-28,-0.01389078927221199,-0.03367668294764403,-0.0018669080450561815,-0.0048617214959101734
2004-04-29,-0.007619783185308648,0.003108842418473756,-0.004012248535159024,-0.005638327058980431
2004-04-30,-0.005933742694366195,0.001034110467875493,0.001874406561276576,0.0032929289951316096
2004-05-03,0.009160426362305962,0.0,0.021961406896468194,0.00017861110823495048
2004-05-04,0.0018417722884791488,0.011305346338132516,0.019951444837466248,-0.003166910648832676
2004-05-05,0.0017669881618616046,0.0050968510722615434,0.015022565349168904,-0.002047072722829535
2004-05-06,-0.006745694593364604,-0.013821550816902395,-0.005067169859566789,-0.0022809872193420783
2004-05-07,-0.013820537754799744,-0.024260972481483734,0.014123850892434842,-0.012742306855386564
2004-05-10,-0.010595625144377507,-0.001056867770930836,-0.02536275925644471,-0.000992271778533492
2004-05-11,0.007633200039919963,-0.00370761529176189,0.02861319505707094,0.001214210595447714
2004-05-12,0.0016692238134483617,0.0013257326828153282,0.01756816354059021,-0.002093028225927789
2004-05-13,-0.0007659026155675264,-0.0069130989670993515,0.0075749015741397585,-0.0040484616892297095
2004-05-14,-0.0006751305105909822,0.005852669653197751,0.007276268496495764,0.005152561611493827
2004-05-17,-0.01064325670081434,0.00660940938767407,0.004099804809745589,0.007226753689176985
2004-05-18,0.0067935991497689585,-0.009797542339107679,-0.024608339332334417,-0.0027338229027723342
2004-05-19,-0.002577723776330032,0.018716788046437394,0.023404263629489996,-0.004377200888901461
2004-05-20,0.00046824439086989855,-0.011822021495089707,-0.014074530900409776,0.006193750416025306
2004-05-21,0.004004235965336278,0.016771866020572013,-0.02449096761834335,-0.003438564407116424
2004-05-24,0.0016902707190888933,0.0020768914965128005,0.043852730674094786,0.002082937243670886
2004-05-25,0.015975285169238518,0.006977626735497289,-0.013999790003146995,0.0014516238443937652
2004-05-26,0.0016965004687508056,0.0,-0.01075275819485677,0.00438349172864587
2004-05-27,0.005670376762131113,0.016854347536245484,-0.03144761627930803,0.00678249088601352
2004-05-28,-0.0005352241592584406,-0.0022816435388186562,0.011094476962185684,-0.005126411238775286
2004-06-01,0.00046380490403130636,0.0015216997581823932,0.05962112591262958,-0.003688532919098009
2004-06-02,0.003374641288739433,-0.009932575751090411,-0.05761716692023988,-0.0018660089664294772
2004-06-03,-0.007449948642333837,-0.006676979203508182,-0.017163478459956583,0.0016100069668690134
2004-06-04,0.005234151229251083,0.007188703083383707,-0.02031694150578023,-0.004697633980502108
2004-06-07,0.015838313508713675,0.0073913780220751235,0.004406958929744853,0.0008988298754086039
2004-06-08,0.0015421099089785173,-0.007135575221610679,-0.03634851276005824,-0.00028368916201132737
2004-06-09,-0.009544871132276533,-0.016763771039666864,0.006950098473203603,-0.003034995936915202
2004-06-10,0.004533048431152764,0.003634463781559738,0.02395166024762041,0.0018440804444454224
2004-06-14,-0.009886126422388841,-0.005977893806830004,-0.022620654158676867,-0.006005514226464662
2004-06-15,0.0059540073625825585,0.011662695181088978,-0.010698190624728099,0.014749496055980837
2004-06-16,0.0013683523556657917,-0.009059205077063481,0.0034894967912446617,-0.0034453480420985803
2004-06-17,-0.0013329830973702883,0.011118376442941447,0.03008934855409917,0.003351437871663481
2004-06-18,0.002620097582005876,0.015816687397976814,0.007512039443385632,-0.0012362532631272232
2004-06-21,-0.004167161717527179,-0.0027880035674385795,-0.02932912280933797,0.0017688883261294
2004-06-22,0.003629594705708783,0.002534855603188113,0.012675097911273081,-0.0009205372239209649
2004-06-23,0.008470668230836864,0.0,-0.014270879438271766,0.0006610853224132062
2004-06-24,-0.002985093589967569,0.020298920363440942,0.009536512283550902,0.004308195637371281
2004-06-25,-0.005467927269987349,-0.0004963082162205978,-0.010069005854388191,0.00026362813468970916
2004-06-28,-0.0009525423036746972,-0.004726949741773012,-0.035509830402095766,-0.007233597730295938
2004-06-29,0.002511490979225428,-0.02142489008410653,-0.016133919334056834,0.003667560778208353
2004-06-30,0.00407548505074562,0.00025476016629522036,0.03823872299390807,0.006377467138612652
2004-07-01,-0.010485715738500545,0.008622913865722559,0.04460437015536467,0.004400679963298299
2004-07-02,-0.003158326739292505,0.005791248285285988,-0.009075708191307985,0.0086587066293712
2004-07-06,-0.00818177743456694,-0.014414162151008547,0.03229399345056727,-0.0015807668358413757
2004-07-07,0.0018974785253469406,0.024406751223878587,-0.014480112535971035,0.0008171723373467209
2004-07-08,-0.008278583129612826,0.013578779593849788,0.031484780258487444,0.00033735283882960313
2004-07-09,0.0033305218812769155,-0.0007358955255689636,-0.009216723417820205,0.0004971508340942357
2004-07-12,0.0013828527936485813,0.0014713246867739116,-0.011578258962181565,0.0020180721448311845
2004-07-13,0.0007087173291013826,-0.015060168748670222,-0.001520176992393818,-0.002700055437591609
2004-07-14,-0.003296533558214243,0.008422130343339163,0.03805962643914507,-0.0002216688360732142
2004-07-15,-0.004309911715561832,-0.0029643837923671867,-0.004893593294711618,9.806655784660483e-05
2004-07-16,-0.004800493678889239,0.005920081035358571,0.011704584721574207,0.01014122503103541
2004-07-19,-0.00044498248075353075,-0.002462448880263146,0.009410116308259386,0.00017305555797758558
2004-07-20,0.007033089079844679,-0.009164181056585896,-0.018909624761843435,-0.006788332782497641
2004-07-21,-0.013430125117174008,-0.012015132761074021,-0.006876224807341291,-0.002938343650744171
2004-07-22,0.0027022739357747128,-0.004796156745479507,0.019038865437458252,0.0021771498624504823
2004-07-23,-0.009747965503678735,-0.011964027482208373,0.008426641301802373,0.0025793869917611744
2004-07-26,-0.0019628946327880925,-0.0005123263691935165,-0.006494321447060081,-0.0032603939869170675
2004-07-27,0.009876632902611426,-0.008490949880765264,0.009606258591640326,-0.009357114905462864
2004-07-28,0.0005388315533858545,0.005154650588663934,0.025019038098637925,0.000977277646415455
2004-07-29,0.004563169830571034,-0.005154650588663934,-0.0035026661194743625,0.0011364440897930488
2004-07-30,0.0011715070503042213,0.010282866955583891,0.024264604580922278,0.008012911453227854
2004-08-02,0.004437751914569965,0.0017887118506552113,0.0004565272393257658,0.001777382766998913
2004-08-03,-0.006282051661861132,0.005854637461912837,0.007502634408194986,0.002820627489312176
2004-08-04,-0.0009643151419913565,-0.00457896441118244,-0.03035412723224784,-0.0003851497077904123
2004-08-05,-0.016455019335206877,0.00025487721218286907,0.036225831489156146,0.002501562010478476
2004-08-06,-0.015601766647242776,0.018937569434520185,-0.010412024377675078,0.014816690509421358
2004-08-09,0.001174155597206017,0.002248656572909624,0.020047960116455155,-0.0018526531867646531
2004-08-10,0.012890470057400627,-0.0017485009983824185,-0.0071620649173533835,-0.003298950920598754
2004-08-11,-0.0030164814361448578,-0.011313759900272835,0.006269585701493607,0.0011383170445729608
2004-08-12,-0.011743885362887063,-0.003038777282868388,0.015504203565864128,0.002189135009983325
2004-08-13,0.0014756076020079334,0.011598733685653784,0.023458977809179604,0.0031628129947829592
2004-08-16,0.01356267759792118,0.009977633437848077,-0.01144355763240057,-0.003466491825577001
2004-08-17,0.00219337465367353,0.003716095005205311,0.01508650960101221,0.0043783691538940295
2004-08-18,0.012366556279306273,-0.00024732559982609814,0.01106159875446977,-0.0015313679042182088
2004-08-19,-0.003604159986895894,0.006901724047880364,0.029803191265485918,0.0014626533714024738
2004-08-20,0.006503548950728799,0.014872896286551196,-0.017398950521571255,-0.0014499576676155132
2004-08-23,-0.0024338073383418646,-0.006555837895669825,-0.03855234909939664,-0.0037040997877465483
2004-08-24,0.0004652536013960429,-0.018439366945800728,-0.018409465077719567,-0.00015282015821882426
2004-08-25,0.007968622154363558,0.012085469413565697,-0.03924720797375647,0.0019461559189129867
2004-08-26,0.00011764881995546261,-0.0012265425491717608,-0.008548111375729306,0.0029186114291853706
2004-08-27,0.0024222544933447665,-0.01011481719962326,0.0018544704477090335,0.00016773810462346152
2004-08-30,-0.00781182714507711,0.011096156595033158,-0.021063300024032117,0.0033275265858467985
2004-08-31,0.004620130653679055,0.006355450777959071,-0.0037914702232422215,0.004715559722421256
2004-09-01,0.0015112496841505063,-0.003906269955595398,0.04366697201134784,0.000895420011826064
2004-09-02,0.011150113177674115,-0.006872849427117522,0.0013627386245924633,-0.005587096456313239
2004-09-03,-0.004193715276342047,-0.013639393093318297,-0.0015899990265815234,-0.007814164248051545
2004-09-07,0.00686381575577677,-0.007770451749317786,-0.01557878658133216,0.003967739911486471
2004-09-08,-0.004495982352485939,0.005020090940906385,-0.012546653993207535,0.006901166765922477
2004-09-09,0.0018884263357170639,-0.0022559074697330317,0.042121129880385855,-0.002749968422561302
2004-09-10,0.004941399647369948,0.00849578803823281,-0.041186310586520225,0.0017066090879926728
2004-09-13,0.0016889976651999206,0.005459100919898319,0.02445893859524295,0.002519627424635351
2004-09-14,0.0022270132083050953,0.00395161311281278,0.011783514265349293,0.0016269601249572598
2004-09-15,-0.007079640999059222,-0.0017269331946749844,-0.01841583356377674,-0.0028363475699937943
2004-09-16,0.0027898291075070247,-0.0007409850615580638,0.006860288216348653,0.008395409372694975
2004-09-17,0.004484853518629706,0.0027143152653348324,0.03822973782354744,-0.0045514978416925115
2004-09-20,-0.00564266533821467,-0.0012328937945609297,0.01653286151875788,0.005789194975895346
2004-09-21,0.006307014161339275,0.0073746649125636665,0.016051709534724345,0.0018748622557727983
2004-09-22,-0.014035871953931967,-0.0026976732140306936,0.026193221714485126,0.004086618914502497
2004-09-23,-0.004680710946743716,0.009045365821059193,0.002272506155668985,-0.0030259074304928766
2004-09-24,0.0015776642335421087,-0.006837603667655401,0.008629640219178558,-8.508492591942834e-05
2004-09-27,-0.005954007917979176,0.0024473824870350214,0.01542861132572293,0.00294011397489461
2004-09-28,0.005909032301848249,0.008276565920009027,0.00522408529536067,-0.001067044709194119
2004-09-29,0.004260939723815582,0.0012113871862977632,-0.007846397864448296,-0.006190186594257769
2004-09-30,-0.00019744751784855907,0.01370710921866447,0.002622312569087626,-0.0021950794533352304
2004-10-01,0.015066573183751153,0.0019088237275628472,0.009623160675861886,-0.0056691235595496105
2004-10-04,0.003238272074267634,-0.013197552081946284,-0.0041987282924522695,0.0016257371318118827
2004-10-05,-0.0006080792108065225,0.010093842358676497,0.023367405905098337,0.0001655952324942937
2004-10-06,0.006650556912394023,0.00047808197896959115,0.01803948249091336,-0.003959294473533047
2004-10-07,-0.010032225687499619,-0.0009564656382039516,0.012417729910367825,-0.0014484329067445442
2004-10-08,-0.007555120625711176,0.012127139626969985,0.012077957864509603,0.009185308683706945
2004-10-11,0.00200308985233022,-0.0026032581157142687,0.006171090439667015,0.00016400793242076086
2004-10-12,-0.0022705154376954084,-0.016485844273295136,-0.0212914513497533,0.0026860187830057103
2004-10-13,-0.007327233030814284,-0.00458770297456379,0.0212914513497533,0.0021175967220344425
2004-10-14,-0.009346270507340826,0.01178888617258611,0.02066492273410514,0.005308783314577055
2004-10-15,0.004440372959781058,0.0014340492189583998,0.0030996831413325765,-0.0029395177519802454
2004-10-18,0.00523807880716376,-0.005988758890439705,-0.023205500838426207,0.00016083333227369522
2004-10-19,-0.009732889155441349,0.009802769678198153,-0.007105438583037138,0.0013849338484835157
2004-10-20,0.00038973733491598495,0.007584801124653318,0.030128834070583643,0.004004493822239215
2004-10-21,0.002560873759713367,0.002122878266201944,-0.00822743375322954,-0.000332244404504513
2004-10-22,-0.009762908943220516,0.0004711712855867134,0.012769180288879411,0.0012222759093688082
2004-10-25,-0.000858182409063879,0.010309355284118915,-0.011484899891232025,0.0012224277689901813
2004-10-26,0.014769741930592772,-0.005141428101710588,0.011484899891232025,-0.001314840515815548
2004-10-27,0.012797064995696772,-0.004697049634526884,-0.05036833710820643,-0.007901248750119286
2004-10-28,0.0018109742197855994,0.0007060085308001618,-0.02979521925704942,0.0008137533711722609
2004-10-29,0.0024450410800191946,0.007966288315254921,0.016361880035004717,0.004325683224575853
2004-11-01,0.0002743019680115921,-0.0028044239556797024,-0.03199796518245135,-0.00480571358634294
2004-11-02,4.4270037300897513e-05,-0.01723160280474101,-0.01022569584456523,0.0013842601612497267
2004-11-03,0.01111816790588982,0.010892852366484185,0.025075983286944048,0.0005690852685604743
2004-11-04,0.01602735788842402,0.01287019033671477,-0.04132988131092352,0.0003245140825685887
2004-11-05,0.0038662497727957046,0.008104710221196854,0.016052379902178338,-0.009399670973736975
2004-11-08,-0.001098238049090483,-0.002077788759667243,-0.010537087437661796,-0.0021804527277192805
2004-11-09,-0.0006956368150783376,0.006909285698309731,-0.03566625679097779,-7.543148320023501e-05
2004-11-10,-0.0010055238556958557,-0.003909427040047042,0.03096998393412731,-0.002659475101803773
2004-11-11,0.009048162623097156,0.0020715714688908093,-0.029915036297734066,0.00016876983264135935
2004-11-12,0.009068467860586793,0.006874454299906851,-0.002111009362712135,0.00462271212009987
2004-11-15,-0.00030404423918106716,-0.0020573647736128464,-0.009555243515268153,0.0008146794062253509
2004-11-16,-0.00710401631603208,0.007296001727419288,-0.01634792969025245,-0.0012907051255038502
2004-11-17,0.005523022908413999,0.010395518669497505,0.01570768253168442,0.005363243150572436
2004-11-18,0.0013613312059481686,-0.004958274085418601,-0.013324910730210693,0.00235946987052147
2004-11-19,-0.011224162226075585,0.009444598466938459,0.04691325907759314,-0.006234707450653199
2004-11-22,0.0058784317577789125,0.0044662871351919264,0.0041203347750253805,0.002680924388979588
2004-11-23,-0.0002549073039972427,-0.0022306501045719074,0.00614880484425262,-0.001374408272209533
2004-11-24,0.004087060812071108,0.0033441120024679805,0.010164755418695215,-0.0007249048644945177
2004-11-29,-0.0027030673493326773,0.009745424668316183,0.0064516293271643654,-0.010696652656105256
2004-11-30,-0.004038451679006627,-0.0053039337910716355,-0.012741546778529678,-0.0020783066099622776
2004-12-01,0.014840559419618593,0.005964918256989193,-0.0769773094417463,-0.0011921266312098196
2004-12-02,-0.0008733586513249847,-0.007961134767190181,-0.050495325101513,-0.0015910479924712718
2004-12-03,0.0007055115897305342,0.012356746240228311,-0.016552402084233364,0.010423350367634691
2004-12-06,-0.0007726851828824266,-0.003955152967034081,0.010290049270088808,0.0025940051482966024
2004-12-07,-0.011135114976820404,-0.004855476715120766,-0.036005795638294646,0.0012195091597454267
2004-12-08,0.00486475889723792,-0.033291395608916474,0.011510907804141546,0.00772214656758361
2004-12-09,0.005421426409419006,-0.0032073897234230486,0.013969687833784938,-0.0020263363857803856
2004-12-10,-0.0010432184818744972,-0.004369315762228432,-0.04373594053749219,0.0005708150555103078
2004-12-13,0.008949775217870659,0.01145750405013235,0.007342158449851421,0.0005707529303417137
2004-12-14,0.0039132719874022115,-0.006858737545549332,0.019558788227388213,0.0017082632732204376
2004-12-15,0.0019426064338468052,0.011178384903555383,0.05512380136256123,0.004725580599805201
2004-12-16,-0.0020839216956991535,-0.008886908158463491,-0.0002262831661581366,-0.0086705476843505
2004-12-17,-0.007516488640847641,0.010700186796913869,0.046437671049476936,-0.0016147351307408274
2004-12-20,0.00037681164753955443,0.0018099276274989862,-0.013925364328300383,0.0008147563319323575
2004-12-21,0.008999624816466323,-0.0013571730559549522,0.002625798771057397,0.0026806420714077356
2004-12-22,0.003411979436247492,-0.0034009783184387743,-0.033780915237654696,-0.002506599637489841
2004-12-23,0.00046291574579715444,0.0036273132873523295,-0.0013571902545792547,-0.001208632721960116
2004-12-27,-0.004314584720309433,0.007440048495887197,-0.06692556803375593,-0.0057178764485124565
2004-12-28,0.00712852916653528,-0.0020236643534845555,0.010831752602463052,0.00017027777338784837
2004-12-29,-7.423837018549762e-05,-0.01885773911807842,0.043795757510578515,-0.002325260750244205
2004-12-30,8.248673778865623e-05,0.0034344624486344344,-0.004363277708390179,0.004934497614977552
2005-01-03,-0.009496635621919935,-0.02031930371920687,-0.03108820736350859,0.0036476972733612356
2005-01-04,-0.01174000438471623,-0.0004666640406272293,0.04161941919169809,-0.004913577423940297
2005-01-05,-0.0036344391932798814,-0.004443917693234489,-0.011913095354993075,0.000654012962052862
2005-01-06,0.003499726889388377,-0.013213986662218957,0.048801182977834756,0.0005732026075299943
2005-01-07,-0.0014321956835940952,-0.005000620299732361,-0.002857482232646369,-0.0008788479489964156
2005-01-10,0.0034169283837073294,0.00047735611176413784,-0.0022035811421670104,0.0007347342534709725
2005-01-11,-0.0061182454723818225,0.006658735169144947,0.007691466681845949,0.0029170429225174564
2005-01-12,0.003973499066449726,0.00990577016644778,0.014992103340265572,0.0008150744265422063
2005-01-13,-0.008667580994090152,-0.003762069078603325,0.035381340900636715,0.004138288795965589
2005-01-14,0.005986604031937404,-0.0042492692999474,0.007052510990112726,-0.0021803003536457503
2005-01-18,0.009628270925436055,0.0011821729372263334,0.0,0.0018681480709200368
2005-01-19,-0.009535422983763198,-0.00047273034240369327,-0.017304754313095305,0.0008146924547938936
2005-01-20,-0.00781344168486342,-0.0014194611038371718,-0.013550903858817964,0.0019505555701033745
2005-01-21,-0.0064354793204568495,0.01012850085950845,0.033951269175959364,0.0020328511117295536
2005-01-24,-0.003534023051619428,0.0004685606646717133,0.005753099770953174,0.0017899209403841197
2005-01-25,0.0039963298516152435,-0.011544465430608497,0.016861710006347508,-0.005264483349467473
2005-01-26,0.004832419632938567,0.011544465430608497,-0.017476580277737686,-7.676655825259388e-05
2005-01-27,0.00040883799571478363,-0.001406484330294333,0.0012292846036343619,-0.0010478358565046203
2005-01-28,-0.0027196826787090345,-0.0011735713454097407,-0.0345795719188855,0.005770741993930187
2005-01-31,0.008424693022827334,-0.009438484686572934,0.02138895643731553,0.0005703902033098612
2005-02-01,0.006867267158630064,-0.00237360668994846,-0.022661520209823482,-7.968270089486312e-05
2005-02-02,0.003172929099699573,0.0007127172477057186,-0.009167537105463364,-0.00016067970333460393
2005-02-03,-0.0027694655050192196,-0.010743806184447813,-0.005153497885078462,-0.0017014410390000026
2005-02-04,0.010982520503199034,-0.006260569652338788,0.0006456210102308013,0.007497404636117633
2005-02-07,-0.0010895591835762275,-0.0009666358740458847,-0.02615669575910351,0.0018742187048440197
2005-02-08,0.00048259010452955664,-0.0024207225213013217,0.0026467317210334684,0.0013849531832580972
2005-02-09,-0.008612258457473487,0.0007268026800097971,0.0013206596282424599,0.005071061966131453
2005-02-10,0.004202617764653027,0.010360334276063199,0.03544017034057978,-0.007663169890186018
2005-02-11,0.00690175020517092,0.007878727026962906,0.0012731038078421797,-0.0016287982484593842
2005-02-14,0.0006966508245467296,0.01252524437791358,0.005919653307880246,0.0019548234039136886
2005-02-15,0.003294334262128551,0.0002348388073860619,-0.003801489498343358,-0.0018726756793319968
2005-02-16,0.00018175942364706543,-0.0009396145848734605,0.02238828750032429,-0.0047055840201767046
2005-02-17,-0.007954922070865678,0.004221366068725807,-0.01648104255340499,-0.0020228582498333326
2005-02-18,0.0006992897479056737,-0.00046812194413359265,0.01689470915018676,-0.005889447607002792
2005-02-22,-0.014611959979604627,0.017177752567425486,0.056296331888813,-0.001847017826425145
2005-02-23,0.005591699832857344,0.0009201608638491621,0.00039086480415617686,0.0015420817679342106
2005-02-24,0.007862777725995862,-0.0009201608638491621,0.004290202094037632,-0.0008792077952592806
2005-02-25,0.00926377760227215,0.0009201608638491621,0.0019440575286839845,0.0008961532829285785
2005-02-28,-0.006434901002669413,0.0036722697103606095,0.005036785489510809,-0.006821604036559226
2005-03-01,0.005642127938093822,-0.00828163493085654,-0.001353566766027825,-0.000871034457025181
2005-03-02,-0.00027273661810500727,-0.00023104102131465964,0.026163985299024972,-0.0003884763525156987
2005-03-03,0.00032225292897436475,-0.006723090022774159,0.009754353517626768,-0.00014727164574584938
2005-03-04,0.009578361866919849,0.009952676253324633,0.003912423946528687,0.006053827879099438
2005-03-07,0.002606869420683111,0.001840745530648391,0.0020432924768960525,0.0006544580760408737
2005-03-08,-0.00481034052782725,0.012110253948673488,0.012905797969301247,-0.005530248737506527
2005-03-09,-0.010237345322318347,0.004079829600574847,0.00329188856472884,-0.010913396632448604
2005-03-10,0.00185409754498167,0.0015820586287276228,-0.022713551961475176,0.004577716967688787
2005-03-11,-0.007612148101110883,0.007649136089528774,0.016486422860783723,-0.00587906389121827
2005-03-14,0.005608866091689535,-0.011495688408261096,0.009508216681013426,0.0016953586233422612
2005-03-15,-0.0075522539304397895,-0.00045354242734685357,0.0018181545757824935,-0.0018919208200905945
2005-03-16,-0.008114700226149019,0.006330607376185071,0.025290557300177596,0.0020942120127576337
2005-03-17,0.0017996327677858304,-0.011332849899133635,-0.0010632210512362406,0.00401608173934529
2005-03-18,-0.00047056258537558904,0.0013666871966409033,0.005657718186832916,-0.003093482334136841
2005-03-21,-0.00494643360273983,-0.01884242728318064,-0.0017646429263100671,-0.0009371141853298986
2005-03-22,-0.010248546209256304,0.0004637794398263395,-0.010475021028531373,-0.006569444055648107
2005-03-23,0.0006996454255911999,-0.014244200174210242,-0.040427890768155006,0.0004211941516162852
2005-03-24,-0.0009471067214326112,-0.0011766091147684676,0.01896050845409336,0.0014543669238737825
2005-03-28,0.002438493140166642,0.0028214965363622113,-0.014510327506754184,-0.002436298922519785
2005-03-29,-0.0076251791810113545,0.0002347836710683282,0.003324722442038741,0.002806092418523841
2005-03-31,0.012984244979189263,0.00631805580909095,0.021345368884361005,0.007766303119363962
2005-04-01,-0.0065178809492634215,-0.006552839480159278,0.033197313102666826,0.0037786201625292916
2005-04-04,0.0027244773167245384,-0.004706998638191351,-0.004550272796976174,-0.0002232763914160118
2005-04-05,0.004470842785568863,0.0014144417912911322,-0.017160923796029515,-0.0009422312945185388
2005-04-06,0.0022658872536416297,0.0061061863866189725,-0.0033962396116491433,0.002899510367149408
2005-04-07,0.0059532330669584965,-0.0014058252062874033,-0.031650475259717314,-0.002701295074218874
2005-04-08,-0.008380014491591758,0.0009374125348866613,-0.014707533347441792,-0.0013397474895032759
2005-04-11,8.474198803121169e-06,0.003974317813443484,0.00728769728458456,0.0038595143593285856
2005-04-12,0.005529884802783158,-0.002335903855283483,-0.035051394991881146,0.00700645283594407
2005-04-13,-0.011831325505628598,0.003967753370999638,-0.03213441384318472,-0.0009511897218313229
2005-04-14,-0.010052134263021983,-0.012422491563822469,0.017958051945544007,0.0014593896477522734
2005-04-15,-0.016861861962765623,0.0021203775242151224,-0.012596099867721033,0.007193575047202189
2005-04-18,0.002936282269934587,0.006100455620641654,-0.0023795915621986907,0.0019467028906240867
2005-04-19,0.005916292813629376,0.012552451971985512,0.037409427156515296,0.0038928492514848454
2005-04-20,-0.013343570060666998,0.005528680166650091,0.00286446699895615,-0.00048065282785936085
2005-04-21,0.01954398680302205,-0.005297692512960417,0.033011289814328215,-0.007004969462703641
2005-04-22,-0.006773139368705827,0.0029977834309145024,0.021718138503873607,0.0038048324632083816
2005-04-25,0.008624972960832977,0.000690570432909432,-0.014914785420079735,0.0004919666415055027
2005-04-26,-0.008876748450907357,0.0075644780028891745,-0.006803353083793873,-0.0011227482955846076
2005-04-27,0.003942496392165928,-0.011252831866713109,-0.04896545853511158,0.0025942352919849916
2005-04-29,0.0004063328882644157,0.004608303086194532,-0.0373081727928013,0.003083021628642604
2005-05-02,0.004579598925333883,-0.012724289664373778,0.02384844653570406,0.0007337214314055705
2005-05-03,-0.0008522166554065791,-0.0065405226223616,-0.028283068155120272,0.0008146452709556356
2005-05-04,0.012393051560347423,0.005375700126068139,0.01264698300767364,0.00016611110596429735
2005-05-05,-0.002572113341297033,0.0018630368787375673,0.013867114899602129,0.002113004459344792
2005-05-06,-0.0010921846046327843,-0.008645880976748899,0.0025542258163797626,-0.008229274662315725
2005-05-09,0.00637396617240249,0.00023467347606676014,0.02077945854238683,-0.0007987729776122366
2005-05-10,-0.01076315086971924,0.0023435679144236943,0.0007685094732452491,0.004699453399577711
2005-05-11,0.004184280247109484,0.0,-0.0316061993916299,0.00178685438992242
2005-05-12,-0.010083888412137476,-0.01319530451631401,-0.0385945427625507,0.0016254021709266363
2005-05-13,-0.004590579075785861,-0.003326194242755598,0.002674567063775779,0.005286770099977565
2005-05-16,0.010035599091202663,-0.0030986040787777114,-0.001233502610073156,-0.00016154821018132947
2005-05-17,0.006933254635373309,0.0011928905322005079,0.007378607028341477,0.0008140619227211913
2005-05-18,0.009968895481321738,0.004994673527060733,-0.03575523670204417,0.0041563663005885244
2005-05-19,0.004645135445231929,-0.0023752980289071246,-0.007008669179513927,-0.003091868199333924
2005-05-20,-0.0015123150380107475,-0.007399499392604092,-0.002560798138762088,-0.0012185248477716573
2005-05-23,0.0038436362656391054,-0.001918436542745816,0.049197094972454725,0.004481781789347202
2005-05-24,0.0001758518415968524,0.0021580008132575657,0.010320810660929158,0.0030179677341308385
2005-05-25,-0.0034058760803965527,0.0031089055578314984,0.02603229771383031,-0.002691367833363329
2005-05-26,0.006374531317727694,-0.0019120173239857152,0.0005882690614829045,-0.0005713450700349633
2005-05-27,0.0009681474365530462,0.004296945783568873,0.016333246216647446,0.0008136953327532689
2005-05-31,-0.006091379853433665,-0.00837225343007475,0.0023117472621412283,0.005637723347272405
2005-06-01,0.008956805725931716,-0.0024050036348279846,0.04936720229539748,0.008289230867085147
2005-06-02,0.0017203908245111421,0.017661615208032444,-0.0179252218931496,0.0015523128142396353
2005-06-03,-0.006890819980251095,0.0023629499916113517,0.025769835977955236,-0.007129302628571285
2005-06-06,0.0012450150268454863,0.006586680488667618,-0.00986123949095008,0.0015503360178489487
2005-06-07,-0.00020878831693149635,-0.003993925739954385,-0.013487564404801589,0.004344771027406117
2005-06-08,-0.0021655874330352987,-0.00023537512983917708,-0.02295486331067975,-0.0022226381146863536
2005-06-09,0.005226267957247899,-0.0011779951547641332,0.03258101079493114,-0.0018910220905516562
2005-06-10,-0.002350998409680116,0.007515257697300548,-0.01372675728558237,-0.0065314933032744665
2005-06-13,0.002259309081521721,0.004435618191303448,0.038113774409938905,-0.0030147372786792077
2005-06-14,0.0025700096198280065,-0.0042016584189656925,-0.011209644369549743,-0.0031694320004343325
2005-06-15,0.002215253311708132,0.003735717844658204,0.010310296567622501,0.0011394401909377793
2005-06-16,0.0036235262503510057,0.016410875530996627,0.01801211643555156,0.0033401171726345153
2005-06-17,0.004942512444624292,0.0048026978214350535,0.032858224829360516,-1.1427473017488979e-06
2005-06-20,-0.0007069167302180546,0.0002281421376482129,0.015275207226753906,-0.0018719875718958311
2005-06-21,-0.0020496200337474235,0.0011398610762434203,-0.007947913727956113,0.004567293433154746
2005-06-22,0.00022246809127945966,-0.0018243740361567617,-0.013847581932612485,0.008685861771122808
2005-06-23,-0.010892156085218652,0.008183737487317266,0.02263730458780877,-0.0009903344686033933
2005-06-24,-0.007657968670772064,-0.0027205008627220195,0.00704349699715312,0.0038514819100778316
2005-06-27,-0.0007387984219393573,-0.00045416033887679674,0.011629982500104497,0.0011410651781437857
2005-06-28,0.009096068495660248,-0.008897045064499842,-0.03941895086994052,-0.0059021549184864385
2005-06-30,-0.008558697112221125,-0.0011463947306111777,-0.029644729693921512,0.0026989960523441606
2005-07-01,0.0026071140527266223,-0.018757077128376487,0.03905051487187272,-0.008325962219396138
2005-07-05,0.00879385280379541,-0.011520038067954097,0.014196624295248483,-0.003907722040783192
2005-07-06,-0.008375334165638293,0.0014177840461933044,0.027965728192729244,0.002117760215452966
2005-07-07,0.0024490496555653607,-0.0004723954030092514,-0.009015703140447862,0.003753608199334922
2005-07-08,0.011611381797824727,-0.000945388643184053,-0.01827898132440353,-0.006183626678322261
2005-07-11,0.006235331585299875,0.006129217967512979,-0.01197826052992923,0.0007325465062935781
2005-07-12,0.0022689745298754005,0.0018783471228971393,0.028444293492342787,-0.003004120767944247
2005-07-13,0.0008833189083850002,-0.00564573117621503,-0.010113666978171842,-0.0016202896663183224
2005-07-14,0.0026206023564183667,-0.010195672891935459,-0.037522424552949296,-0.0012126540322019317
2005-07-15,0.001157132095024771,0.0026181285442996582,0.005004772152504167,0.0005711985728467575
2005-07-18,-0.0055450532453322765,-0.0004755401994724906,-0.013343936995291905,-0.003716742457452674
2005-07-19,0.006708890992641159,-0.0019042799883228767,0.0024394399819458457,0.0029221271468742507
2005-07-20,0.004747306199091916,0.004753990275026432,-0.012962133872409076,0.0011389951189558537
2005-07-21,-0.006628063888680202,0.008735698718720819,0.0072024876871585874,-0.008302922701467062
2005-07-22,0.005396819235281569,-0.0016468223564869433,0.02625820968358017,0.004942064332313827
2005-07-25,-0.003776351891557894,0.002351835447362838,0.0059498427895450234,-0.0017714185645901618
2005-07-26,0.0017315779350903782,-0.00541755722402204,0.003384110871730961,0.0008151389032229232
2005-07-27,0.004562502872514251,0.0030657217766592026,-0.0015214296154821838,-0.001608019817006068
2005-07-28,0.005587520020418069,0.006103248020214558,0.01394391381545379,0.0054333536887224265
2005-07-29,-0.007700039576875817,0.006066295222556306,0.010455676977035644,-0.007090973603775069
2005-08-01,0.0009474855123388082,0.004641456530164234,0.016375018012094955,-0.002486830685868279
2005-08-02,0.007074137786164059,0.0,0.005183871922840311,-0.0011962259941084258
2005-08-03,0.0007392405265855828,0.01151025615246315,-0.016782451391788022,0.0030731332369765096
2005-08-04,-0.0074006171302292145,0.002286237881864217,0.00850791209566637,-0.0013590692717716467
2005-08-05,-0.007667679991179455,-0.0015997756458876466,0.015037882002515879,-0.0056855028167187354
2005-08-08,-0.002686241126164113,-0.005734618147061887,0.025823173558100265,-0.0019891656794804183
2005-08-09,0.0067223446107131934,-0.0011508805182174342,-0.013699906317011568,0.0021809615590762713
2005-08-10,-0.001828889635260289,0.005283089721620726,0.02860243138439955,-0.0006274707295559332
2005-08-11,0.007037130459695895,0.02040887163120786,0.013772237489292571,0.005806523634994438
2005-08-12,-0.006012532273180327,0.0008974510344845754,0.015981005410184324,0.007931177919557398
2005-08-15,0.002824363312543099,-0.008332401916776533,-0.008863634676021803,-0.002414289459230843
2005-08-16,-0.011845866793172455,0.008780859787591133,-0.0028710985223430185,0.0036467672972837705
2005-08-17,0.0007378519836267472,-0.01399574133626924,-0.04377102931475818,-0.0035439673414023693
2005-08-18,-0.0010002794289762917,-0.0009096973546629528,0.00031616278624557737,0.004781464727028855
2005-08-19,0.0005658202672567114,-0.005246932901916246,0.03234612632702305,0.0005719651789116825
2005-08-22,0.0016547775416793087,0.002056424528324108,0.001529029007693694,-0.0004800866483310241
2005-08-23,-0.003394403944288804,0.002962937308302216,0.00396466124833772,0.002760197355664532
2005-08-24,-0.006592036186235717,-0.004790715555613723,0.024206257812464216,0.0008145856205440682
2005-08-25,0.0022956866031229595,0.0025122912072248482,0.002522042313373163,0.0017072968918063868
2005-08-26,-0.00601458676680533,-0.0022836274229671716,-0.020356946949268817,-0.002184417490966759
2005-08-29,0.005940377442203548,-0.0009148991929954775,0.01605074196254197,0.0014635121834127452
2005-08-30,-0.0031974340479843377,-0.013361147191361056,0.038104028894112574,0.006921962241223854
2005-08-31,0.009815803774647414,0.006011522348776666,-0.012540634507939963,0.0058797514592998385
2005-09-01,0.0010319829623908205,0.01940478702228976,0.007658425774235589,0.00024120015136501116
2005-09-02,-0.0029266553741287282,0.004286581665966516,-0.027730929228804158,-0.0006569242984291362
2005-09-06,0.012539882199711805,0.0004501050899294867,-0.02411560923628464,-0.004399793016152157
2005-09-07,0.002405079165706425,0.0011244800619563122,-0.024400755078169745,-0.004142289259940244
2005-09-08,-0.0038005591470122724,0.004037731592060112,0.0018624111641081242,8.300076795012875e-05
2005-09-09,0.007933192791395705,0.005135632057046813,-0.006377808562683107,0.0014646129442352086
2005-09-12,-0.0007412627537384253,0.0015578331792394096,-0.011773151893364364,-0.0035667174827068555
2005-09-13,-0.0075736739218887905,-0.00803756510533038,-0.003479934173868493,0.003008542276641457
2005-09-14,-0.0032866794553649825,0.008259856570253632,0.030891626054669885,-0.0025933207197783455
2005-09-15,0.0004643355066029642,0.012592704313595604,-0.005237170742404373,-0.003556873813813675
2005-09-16,0.008257581395948677,0.008743225095728668,-0.027398974188114877,-0.0037079334183976673
2005-09-19,-0.00558139144080716,0.015547737316084387,0.06736190350958804,0.001380982142562972
2005-09-20,-0.007894521231179397,-0.0010719263260607903,-0.017363046718236852,0.0004917732785866455
2005-09-21,-0.009162993799830765,0.005774760293107306,0.008569543044712802,0.004624456013262274
2005-09-22,0.003645671793169214,-0.0049171404107122285,-0.004501178565788244,0.001139002197814642
2005-09-23,0.0005514969302318207,-0.006665987662250572,-0.035354474304063466,-0.005650917007879577
2005-09-26,0.00027970136111754584,0.005164620716357149,0.02507626552092823,-0.0035394359689720767
2005-09-27,2.4702356686390203e-05,-0.007108242730990533,-0.011460130061741403,-0.0003936752554921645
2005-09-28,0.0010112684622161083,0.015231456030668333,0.019480128963863308,0.003319254753432497
2005-09-29,0.008827817434815088,0.0053084314808682365,0.006609644664300696,-0.002007834892470772
2005-09-30,0.0009200158851507823,-0.0067998820565335905,-0.008268904617947825,-0.002968433467814346
2005-10-03,-0.0017186718302033555,-0.006202551972720904,-0.01169243672891973,-0.0044830058079400985
2005-10-04,-0.010019853743549412,0.0,-0.02427265583557059,0.0009769967665765285
2005-10-05,-0.014999041934533608,0.0,-0.017523545555857112,0.001378901137240315
2005-10-06,-0.004104085030943061,0.012366869324866414,-0.023037672700739975,-0.00022861129250265872
2005-10-07,0.0036944438643393696,0.005915965474101448,0.007792239740568974,0.0005750169952000837
2005-10-11,-0.009266000600645974,0.0050430740424838305,0.026961809317218588,-0.001672957943836733
2005-10-12,-0.006086612731748708,-0.006729809220799687,0.009244154512531466,-0.0043885187366118975
2005-10-13,-0.0007135959085546872,-0.00592591743233406,-0.01635257945404245,-0.0025408310417840457
2005-10-14,0.008233895771379451,-0.004041255865865345,-0.007159377530644662,-0.0011000875804177668
2005-10-17,0.0029705697541047016,0.010389139985960583,0.027247918015889105,0.00033796178228367275
2005-10-18,-0.010100380589755709,-0.004227442301292683,-0.018188018382942595,0.0008172546837288635
2005-10-19,0.014845038560093116,-0.01838445547476919,-0.012578796723614616,0.0016171018879023852
2005-10-20,-0.015133641676906784,-0.005408342009260991,-0.0223599899463105,0.000496980018872242
2005-10-21,0.001518558511770074,0.012931214672248892,-0.006575688854131734,0.005713432945239431
2005-10-24,0.016637869183025344,-0.004291852081541592,-0.0051261190601614715,-0.0043071727545050485
2005-10-25,-0.002370669386531965,0.01663503468593852,0.03454235501304037,-0.00477038522039016
2005-10-26,-0.0043217880969663724,-0.0033897820296546755,-0.028921573908487375,-0.006417301157106612
2005-10-27,-0.010530482171556166,0.005502607716943331,0.0070636894144575635,0.0028089111589507045
2005-10-28,0.0164138857010121,-0.001689877468650458,0.002125764297448818,-0.0005351875925082901
2005-10-31,0.007150528449828997,-0.016842939138863144,-0.02413744071911239,0.0008179755135492785
2005-11-01,-0.003527311213989748,-0.01363809070428701,0.0015048937711616972,-0.0012505633926780922
2005-11-02,0.009927610493678962,0.0086806102942667,-0.0016722156973090208,-0.002438600722052145
2005-11-03,0.004255094722213748,-0.005851098515997855,0.03341047691994259,-0.0025123196224080086
2005-11-04,0.00016398908743919804,-0.008293409245900385,-0.019614831907072805,-0.0008456210933495864
2005-11-07,0.002185918605323245,0.005899748879394373,-0.018492831579619562,0.0016120568085805558
2005-11-08,-0.0034571122587987446,0.004130876423314334,0.004027490981132864,0.006072311423016021
2005-11-09,0.001689099138900474,0.011648091151922557,-0.013149191197566523,-0.005370275873612972
2005-11-10,0.008410797282881077,0.0006431950323779745,-0.019361541549749894,0.005833731172826328
2005-11-14,0.0022721039842270585,0.003423208460907823,-0.001904938014551938,-0.0029958252792753734
2005-11-15,-0.0038574498246255473,-0.00021361978412937077,-0.012383503428133658,0.003923963638465242
2005-11-16,0.0017884187466492563,0.02155616381960801,0.015671599181241724,0.0060119866172890024
2005-11-17,0.00936954388568445,0.01638196182449203,-0.027144634804768586,0.0021773173685352377
2005-11-18,0.004391670522725377,-0.0012348346747312888,-0.003378725350692946,-0.003254895166970012
2005-11-21,0.005257415724038594,0.006977237160564975,0.02740862667479327,0.0034572950281993972
2005-11-22,0.00507139571731674,0.0073350086019745575,0.019564711589930006,0.0028201071911031963
2005-11-23,0.0034667880268317575,-0.0010155378019156558,-0.002211843844471595,-0.003500488387157743
2005-11-28,-0.006460425540370629,0.012520320515073458,-0.023262847549951005,0.005629583157245697
2005-11-29,1.5920484558229475e-05,0.0016042079146023625,-0.015106568779686746,-0.005896506238190737
2005-11-30,-0.006382253629955592,-0.009057121276984326,0.014408959483503736,-0.0012588862546154015
2005-12-01,0.012083804199622072,0.015846272505608106,0.019864225429106597,-0.0014959306689412372
2005-12-02,0.00032407321906280373,0.0015907495950973072,0.0144326890601576,0.0003388856185579017
2005-12-05,-0.0023662766825758297,0.011065132072912931,0.009896921423718119,-0.003639713750533637
2005-12-06,0.0012748372766697713,0.002551308032442634,0.0005006054285408013,0.0060095998014300005
2005-12-07,-0.005021653100799384,0.008003899411951565,-0.01225360789611507,-0.001656022127381955
2005-12-08,-0.0012175898629092075,0.009674998297933612,0.024194068663666357,0.004416887423311755
2005-12-09,0.002806947864745446,0.014718821197793552,-0.02115864799421363,-0.0056392782958175885
2005-12-12,0.0008413831540163841,0.002653070310558725,0.031653978745411315,-0.0006163380469155895
2005-12-13,0.00553829531298522,-0.014103577098554254,0.0011412685003167056,0.001136667260094795
2005-12-14,0.004180778582454359,-0.028225718064629035,-0.008509304639022552,0.00698068278814676
2005-12-15,-0.0014153110273094072,-0.005146500114738828,-0.014233884713354072,-0.0012623533647680345
2005-12-16,-0.0028523458839302407,-0.000992752997367674,-0.032700927394665236,0.0017776402418693985
2005-12-19,-0.005856130419100047,0.00039724371332994224,-0.012652903390297787,0.0006567513366241586
2005-12-20,-0.00023817746484766644,-0.018032946862338584,0.011274036739161275,-0.0017425002143360948
2005-12-21,0.002513505394688309,-0.0032401933849328657,0.009953777505754324,-0.0014202138699955862
2005-12-22,0.004211895217280492,0.019484420938773894,-0.004792932722549104,0.004421940136878523
2005-12-23,0.0004257673621061997,0.0005965751182754886,0.0025705014077601618,0.004430609868033641
2005-12-27,-0.009599309229902708,0.009891277478742744,-0.004631631187598906,0.003310487300062991
2005-12-28,0.0012963761684554598,0.012130870993157572,0.028142217498558608,-0.0027982674074843155
2005-12-29,-0.002984969814583849,0.0029129061560730918,0.008323670540185901,0.00033430468920645645
2005-12-30,-0.004898703356058576,0.002711007461035919,0.011865683334590926,-0.0013505347705205946
2006-01-03,0.01629696434137884,0.02596068064685486,0.033825071488195135,0.0021823142005996305
2006-01-04,0.003665964386255993,0.006011688398317894,0.004424766775112943,0.0012985875401769742
2006-01-05,1.572045804820732e-05,-0.014337232068243111,-0.009983400531519138,0.0001728571407378666
2006-01-06,0.009355518384217554,0.025142083077097865,0.02236310784082729,-0.0016736364134705458
2006-01-09,0.0036496959962182274,0.017267077580089385,-0.01111904164898192,0.00017376984868730817
2006-01-10,-0.0003566756223527534,-0.008779986809739349,-0.0020493594184394226,-0.003750783734163486
2006-01-11,0.00347549747694309,0.008233511155416373,0.008954575673681298,-0.0022236638999683545
2006-01-12,-0.006294004875159409,-0.0009114940219561163,0.0,0.0040247205128385935
2006-01-13,0.0012044488366580453,0.014125530144642795,-0.0003128493419062295,0.0049985529860367105
2006-01-17,-0.0036412090379522866,-0.00486697882192022,0.03670840575072365,0.0016209525358281613
2006-01-18,-0.0039049429830875226,-0.017683464865656973,-0.008785185215661961,-0.00047157820178947565
2006-01-19,0.005548253263319758,0.02667794856596828,0.016596615574628437,-0.0029587534624969224
2006-01-20,-0.018496322409991883,-0.00881384302092858,0.022489431923796488,0.0016200930159024983
2006-01-23,0.0018452837666602662,0.008634678302978038,-0.0036643500964466114,0.0004945352121996164
2006-01-24,0.002402548411444272,-0.001075225167993743,-0.015389486117236117,-0.002474995016452825
2006-01-25,-0.0017222182116816143,0.008036474901724766,-0.018208299614536294,-0.006936697060195961
2006-01-26,0.00720890753548975,-0.004456732478133496,0.006207024094622149,-0.0033303881699184596
2006-01-27,0.007734014372505094,-0.0017882693931730032,0.02238565275835125,0.0017756241935925762
2006-01-30,0.0011444316179671787,0.012627958978555398,0.008669458975245625,-0.00237124184084592
2006-01-31,-0.003983980099300233,0.008798226924202623,-0.0063110258013674425,0.000817678240268158
2006-02-01,0.0018575363851853766,-0.0024556464960943103,-0.020226755210929426,-0.00252629048888459
2006-02-02,-0.009102005775588395,0.00542951770763711,-0.028651720406024594,0.00018099205834524974
2006-02-03,-0.005373019460362727,-0.008948170025688817,0.010611440213430967,0.0024123823404615893
2006-02-06,0.0007828949730752655,0.004922632484197997,-0.003985323017646536,-0.0007758937971950407
2006-02-07,-0.008127666010111056,-0.03425238873398939,-0.03151587582163806,-0.0015700331532258948
2006-02-08,0.008625561733288656,-0.0016347736526389767,-0.008596056085646175,-0.002043574420946007
2006-02-09,-0.0014785903687126734,0.025840348089440468,0.001118474125518354,0.004484090722683822
2006-02-10,0.002536747815165441,-0.02565851291270782,-0.012534292094535715,-0.0030002212906861023
2006-02-13,-0.0032650225045891546,-0.020566299768010943,-0.009749808549132766,2.2752926111377007e-05
2006-02-14,0.009982823043985789,0.012720282601304866,-0.02764851167987814,-0.002279066262290358
2006-02-15,0.003498276451836979,-0.011422401267526361,-0.03189489978104376,0.0008184160231720137
2006-02-16,0.00730140853907546,0.011605523502129067,0.013085557285776872,0.0009772976277385432
2006-02-17,-0.0016611026418837938,0.010566663916078411,0.023999833366671552,0.004563824023074869
2006-02-21,-0.003275892937653957,0.0037985694547346682,0.020169263815057903,-0.0015705636269098214
2006-02-22,0.007485389902520012,0.0,-0.0014740835516597883,0.0027314903510361173
2006-02-23,-0.0037822795497417516,-0.009979216908845956,-0.00773343893616385,-0.0026844730535868235
2006-02-24,0.0012727006703121546,0.018786613330853186,0.03840081244018556,0.00018123015524849057
2006-02-27,0.0036306217950352604,-0.007364156469990668,-0.030831266983131655,-0.0016467511035609204
2006-02-28,-0.010455326977436563,0.012362360171532139,0.006698821683256639,0.0036066598226693895
2006-03-01,0.008227392693299862,0.003377524240564256,0.009077730815739038,-0.003157756936583851
2006-03-02,-0.0016276486762221154,0.008306157423943361,0.022182340466937234,-0.0037033302056572845
2006-03-03,-0.001482733095977018,-0.0038794127005914447,0.0048807081311741385,-0.003455546274684993
2006-03-06,-0.006992821869927113,-0.019806116874099722,-0.019987948769394137,-0.004075729400131104
2006-03-07,-0.0018636453428637623,-0.003972580403686976,-0.01338834427010216,0.0003458575927933927
2006-03-08,0.002027887120115146,-0.018627295510781572,-0.02565932459184861,0.0003457932279008486
2006-03-09,-0.004892776729698234,0.005514719858510375,0.007469546832968632,0.0005036682230585298
2006-03-10,0.007197621493559403,-0.010318822829283647,-0.008469736506613756,-0.0017836920898158782
2006-03-13,0.0021125777270372126,0.01141808200805361,0.029740159153155865,-0.0013869184226609343
2006-03-14,0.01034245657662236,0.010202377952701625,0.021302928246666575,0.006436483080547396
2006-03-15,0.004260755580596687,0.0025343304556217916,-0.01484820653638863,-0.0025767197691745807
2006-03-16,0.0017711864963931845,0.0023477190523832903,0.02242644545301875,0.006925189332827884
2006-03-17,0.0014698453814148138,-0.0005413601000503476,-0.012821724659726641,-0.0020320887534856
2006-03-20,-0.001661386180892066,0.0019832993667705523,-0.038157113969068845,0.0016115394195014322
2006-03-21,-0.006033101043218636,-0.005055965447838595,0.002479570301372469,-0.004634067749487951
2006-03-22,0.006002514715950369,-0.0027191169361273637,0.019618101164126323,0.0012938834759620536
2006-03-23,-0.0025856323775030887,-0.0014533132950802496,0.03405802415606285,-0.00265430138047775
2006-03-24,0.0009827977455314496,0.017836748228918786,0.005461545656613609,0.005253961909964412
2006-03-27,-0.0010289384550095093,0.012422519998557036,-0.0015573662952386158,-0.0018699903928859943
2006-03-28,-0.006458998725721976,-0.0007057594200450268,0.029334760786795755,-0.005878607436730633
2006-03-29,0.0074419354889663225,0.011232172407033225,0.005734957810809682,-0.0023271935796168935
2006-03-30,-0.0020283315831610693,0.023627920023331583,0.010479206459057089,-0.003340824222375268
2006-03-31,-0.004146253429841984,-0.008386911658461393,-0.007774060339642119,0.00034962680003782436
2006-04-03,0.0022679734297250675,0.012978386645873918,0.0016495559619373878,-0.001454057661271777
2006-04-04,0.006237198100456531,-0.005785322148471828,-0.0076708581320961144,0.00035023955750200427
2006-04-05,0.004301841324002353,0.0032371173587728563,0.01260326237865339,0.0027852079529451417
2006-04-06,-0.0019232391163139795,0.012340597092221905,0.012888153105640399,-0.004038371771559363
2006-04-07,-0.010397352959045314,-0.011490473808437152,-0.008128368766056937,-0.0052715197432938775
2006-04-10,0.0008641538115483627,0.0155145627455191,0.019834610443603573,0.00019694443732973127
2006-04-11,-0.007781154126378809,-0.004024088937081949,0.003485415829286964,0.002621012863089733
2006-04-12,0.001204066548337046,0.0038567797776591917,-0.005232578717738967,-0.0032377558273516643
2006-04-13,0.0007760240055052492,-0.001675042267695659,0.01014938298871293,-0.004471314579700813
2006-04-17,-0.0029443507331157193,0.031193261021829954,0.015459824393428079,0.002459504408649626
2006-04-18,0.016933204646026212,0.007446975479337148,0.013404037698602878,0.0027740586101571603
2006-04-19,0.0020250765018055006,0.020118794239203375,0.011427099175755018,-0.004006104270277895
2006-04-20,0.0011672489722762691,-0.020441446619806847,-0.0030530307943754664,-0.0006563148962741295
2006-04-21,-0.00013720890486812465,0.019808993431795763,0.043780799912132906,0.002303298580181654
2006-04-24,-0.0024204455810252767,-0.018519106415500808,-0.024782363754757952,0.002304911182322412
2006-04-25,-0.004881512597334492,0.016619149866383687,-0.006155611810429562,-0.00648301515536134
2006-04-26,0.0028153702971467354,0.012285534690327893,-0.013120787143399149,-0.002435820785492153
2006-04-27,0.00329615768053948,-0.008647172984430185,-0.013436158384781294,0.0018329577577178876
2006-04-28,0.0006793149699388934,0.028793523428165102,0.01274075396753993,0.0013671581916329927
2006-05-01,-0.004144087356689141,0.008707016376644283,0.02500473408274928,-0.004601714248891526
2006-05-02,0.006125912703045522,0.010891065360339347,0.012271796876532903,0.001831992782886329
2006-05-03,-0.0038835036433493286,0.0018037163675730383,-0.03172710582848737,-0.002429433116159414
2006-05-04,0.0031522329368360857,0.012387275126077846,-0.03290968229311364,-0.00026025479947027906
2006-05-05,0.010242666122685762,0.0117960669722601,0.0035681189827698745,0.003461465445828676
2006-05-08,-0.0008300387341275695,-0.006470646715002637,-0.006001815688291501,-0.0006499181004221436
2006-05-09,0.00036227674930611187,0.03137061837326005,0.013100084882800012,-0.0002617939043136252
2006-05-10,-0.0017296437236282713,0.006129286783000509,0.02016585371770052,0.00020337301587301587
2006-05-11,-0.012880674678358517,0.02262123236658109,0.016363410371899256,-0.0021179861868661624
2006-05-12,-0.011304817461097016,-0.013285979867985631,-0.017611885792907067,-0.002190634410880389
2006-05-15,0.00252153078440287,-0.03831448329054776,-0.037190530904317676,0.0027595100172650923
2006-05-16,-0.0018712312726290037,0.011490235577337415,0.0017272944423956105,0.003927370547879047
2006-05-17,-0.016984493982545423,-0.0014471782554661416,-0.01200914174763934,-0.0035118997845657537
2006-05-18,-0.006721550408602006,-0.015911618975735564,0.010857870451763674,0.006418633265503176
2006-05-19,0.004128357614962219,-0.03427704208824078,-0.013335437473505074,0.001678513073754763
2006-05-22,-0.0039224146258121095,0.000456706699239362,0.010162755394462764,0.0016012066079680752
2006-05-23,-0.00435947761064881,0.024061311160117782,0.03589290434012504,-0.0021312732280454726
2006-05-24,0.0015824032180074,-0.05497567407256465,-0.026833999404169973,0.0026912979124390553
2006-05-25,0.011305940311311602,0.01773817194213745,0.02068354060050659,-0.002907190126876912
2006-05-26,0.005703043365720362,0.0038482305722018495,0.0007008627507056886,0.0019119389007430378
2006-05-30,-0.01597655965752054,0.004598413816807145,0.009205030487442478,-0.0024389374249625755
2006-05-31,0.00807920002841378,-0.017587655133934454,-0.01032660398228824,-0.0018915165819091196
2006-06-01,0.012223327369857984,-0.023463834811171758,-0.013415502988969763,0.0005906541150067282
2006-06-02,0.0019503332475387936,0.012509108671305391,0.027898431193611017,0.009090841188257915
2006-06-05,-0.017960022017338595,0.012043646213840908,0.003725894636659177,-0.002293032047102945
2006-06-06,-0.0011387773107429666,-0.021688713423621664,-0.001378338952505942,0.0017579164937122503
2006-06-07,-0.006111091377008826,-0.0031826887500772116,-0.02344511948604655,-0.0013583502971280745
2006-06-08,0.001416048446351681,-0.029601916909403947,-0.006658680504004977,0.0028505924391233986
2006-06-09,-0.004485655970165148,-0.0014786224462310926,0.018031180411763437,0.0010562811259099698
2006-06-12,-0.011937217492592467,-0.002304567956697312,-0.017889013738288106,-0.0002703066664387404
2006-06-13,-0.011173845930323445,-0.07580809327874327,-0.025915689864304703,0.0022282254673167802
2006-06-14,0.005175884782161688,-0.00035564048952707594,0.00842418698596692,-0.006723886104083629
2006-06-15,0.02101275473961728,0.0074415868790129736,0.00519332690503127,-0.003523717881517868
2006-06-16,-0.0036846514409676345,0.020096788204316596,0.00545269339084431,-0.002121973891483957
2006-06-19,-0.009158607467732338,-0.016045011644372664,-0.012962789787579254,-0.0011125717341364768
2006-06-20,-8.071577966006771e-06,0.014140126554238464,-0.0005800596717984163,-0.0007242907408911726
2006-06-21,0.009693820144399012,0.018207262436070515,0.01996187985290021,0.00035938806494786234
2006-06-22,-0.005284643397793332,-0.009062193739715951,0.007225284864015968,-0.0031159448990825817
2006-06-23,-0.0008834791118985663,0.004455835283113885,0.000423490358249623,-0.0021071321518184127
2006-06-26,0.0048576550206700375,0.0,0.013037266980389539,-0.0006403191409513647
2006-06-27,-0.009125527128600375,-0.005487003319815109,0.0016698461459929703,0.002446048060470482
2006-06-28,0.0054724496476818985,-0.0056901401861999545,0.003747201266483202,-0.0024900357221052426
2006-06-29,0.02133576918516411,0.014079924037833536,0.018255866417044686,0.0036827843659077548
2006-06-30,-0.0020998596049777163,0.04500759605743543,0.006237399393249632,0.005007594454972111
2006-07-05,0.0005588762630415189,0.022244611492093114,0.01622344407922327,-0.006659417672253888
2006-07-06,0.0024911088267076664,0.010781756561014433,-0.0006652438367975577,0.0034527342143582116
2006-07-07,-0.006772833620934726,-0.002052235041134054,-0.014072511022249934,0.004311222307954043
2006-07-10,0.0014687073896704206,-0.013843824341774003,-0.006499626638405864,0.0003585782665866355
2006-07-11,0.004008311513638674,0.027030866952022947,0.007444076276484246,0.0025309521848456413
2006-07-12,-0.010928527604668226,0.012707457490355623,0.01059621319256454,0.00020238094859653048
2006-07-13,-0.013051548192745344,0.005375118322307415,0.023080484753615238,0.0024552296579827006
2006-07-14,-0.004906305775686626,0.02076611366303105,0.004293271932788834,0.0011339850187410856
2006-07-17,-0.0013841973303625466,-0.024295152735088976,-0.022714765183922125,-0.0005761505783288522
2006-07-18,0.0019179767067623033,-0.034877236533558786,-0.023650687011333993,-0.004524478133479131
2006-07-19,0.01838506433120468,0.020947278520226043,-0.012038411128826532,0.005722296556594786
2006-07-20,-0.008513649549338531,-0.015550401271710257,0.005763679371609598,0.0026138886593421386
2006-07-21,-0.007102058166950975,-0.019340548088979226,0.01830433390670283,-0.0011227578407641918
2006-07-24,0.01648845488001527,-0.011198629484820977,0.008295508270474095,0.00027797684991833085
2006-07-25,0.006300915845494082,0.007965519525074072,-0.017473603522535797,-0.001431681051917505
2006-07-26,-0.000378342531320186,0.006455800597250594,0.002572991307304484,0.0024576008439162293
2006-07-27,-0.00410813762499096,0.017225384163452873,0.008081919806241622,-0.00011136829754721841
2006-07-28,0.012078516199717448,0.003787825481798457,-0.017594215694703763,0.004099131069031295
2006-07-31,-0.001479342153265506,-0.0009455880703592712,0.015714271709398986,0.000353984571969248
2006-08-01,-0.004506237112435585,0.0188993920291205,0.00683147949840901,0.0005879875817552233
2006-08-02,0.005093535034171204,0.008167065878734725,0.01194273601735496,0.0019156946900411025
2006-08-03,0.0022363911697382832,-0.010335535386562178,-0.004627475460388553,0.0009781106280640135
2006-08-04,-0.0007110670028831478,-0.0013965777691060666,-0.009319691241673311,0.004112043094731418
2006-08-07,-0.00281000823887112,0.005883261789048078,0.029262680301592958,-0.0013702620680230795
2006-08-08,-0.0033683722592652288,-0.0032469693558683232,-0.008741732155192139,3.8829052151258366e-05
2006-08-09,-0.004358771040950948,0.007406279415026695,0.0005240523710510203,-0.0008991331743139923
2006-08-10,0.004618338861988924,-0.02427375332275883,-0.0312629184751545,0.0009780454789663062
2006-08-11,-0.003994465346949028,-0.002207544868607414,0.004718559179075932,-0.0029271704814843383
2006-08-14,0.0011597632270490266,-0.007923971730892099,-0.011090182776545277,-0.002452918038314964
2006-08-15,0.013603517555473843,-0.009592399691439546,-0.006549289633705158,0.005672415362510119
2006-08-16,0.007632783631721374,0.009910586466458149,-0.016007015467291552,0.004901049699060385
2006-08-17,0.0015811787974744362,-0.021381712245520212,-0.02578518158372667,0.0005070216379666044
2006-08-18,0.003708062857582739,-0.005376874588518987,0.015297775018748183,0.002706950375703226
2006-08-21,-0.0036772042352293255,0.021975414542435345,0.018246868703704067,0.001449746860177072
2006-08-22,0.001001353353987433,-0.0017596367522552114,0.0024813951575648474,0.0008203911136742347
2006-08-23,-0.004498760349020969,-0.0014419026574250537,-0.012050774282356791,-0.00043800964957742646
2006-08-24,0.0023715801088535216,-0.006756802034839637,0.008326421442387044,0.001450029189117775
2006-08-25,-0.0007487739494989043,0.00402739166998245,0.0020708438826604336,0.0011352510317544032
2006-08-28,0.005152416785938918,-0.010830158831888426,-0.026552726672448124,-0.00028207451336854667
2006-08-29,0.001918605642752702,-0.007504073689613477,-0.012828019807301416,0.0012928613578214922
2006-08-30,0.0008353349096585916,0.011397062246246925,0.004579937871344697,0.0017663081886160063
2006-08-31,-0.0011881457810911655,0.013187730473061876,0.003278973006046293,0.0026362039451294666
2006-09-01,0.005499463994836695,-0.002399425195673821,-0.015346298446071494,0.0006615655702876809
2006-09-05,0.0017071408854656411,0.022330447731281566,-0.008563866307548906,-0.004144160768117821
2006-09-06,-0.00994072887125963,-0.00786167571139984,-0.01616491461022207,-0.0013839442225820975
2006-09-07,-0.004810584977398058,-0.026390975855806076,-0.0026702330890904236,0.0006627542325919235
2006-09-08,0.003779516785635373,-0.01206605958226703,-0.016021899923062577,0.002081381947357171
2006-09-11,0.00047720196512379687,-0.032680427423356306,-0.009707332206823516,-0.002014007797406064
2006-09-12,0.010304209566623257,-0.00526804773714229,-0.028602124502310033,0.002238925376213979
2006-09-13,0.0038539093735430185,0.0037414179220336408,0.003288234387279765,0.0008199403601583636
2006-09-14,-0.0013589062077690173,-0.01677545005411485,-0.011793516448193486,-0.0020149105948954783
2006-09-15,0.002564555076311592,-0.0050185505490638604,0.001738453344966473,-0.00020324628163336417
2006-09-18,0.0011511637573802247,0.016859142619318312,0.00739399895119508,-0.0007534080073118331
2006-09-19,-0.002683048555375933,-0.01616548429342579,-0.034117758409107246,0.0059521862540324755
2006-09-20,0.005706071034442317,0.005532538733095116,-0.019653445774721057,0.000819590640651807
2006-09-21,-0.005410119989902817,0.0037859487381330936,0.018517547967812575,0.006607472511147328
2006-09-22,-0.002468846273337988,0.01229105944688591,-0.01703006477748481,0.004236358024048554
2006-09-25,0.008776510314246089,0.000847960670326664,0.014754391028712455,0.0035260285250271863
2006-09-26,0.00749611473321643,0.002201317886068921,-0.007186090775236131,-0.0022041278616105452
2006-09-27,0.0001795702412179523,0.010265089019362073,0.03146183191531371,-0.0005331953812469766
2006-09-28,0.0017118783965646145,0.012808978729600184,-0.0031816884471167484,-0.002356596210037103
2006-09-29,-0.002265672135254526,-0.010634903397513717,0.00238723003582475,-0.00037162476255113853
2006-10-02,-0.003396884177234938,-0.001504578379778465,-0.030339604601729242,0.0013743995104952519
2006-10-03,0.00209350097587091,-0.03646063899265961,-0.039266568079255215,0.00034199909258248053
2006-10-04,0.011988301577432026,-0.025126487367199246,0.012363601323803763,0.004241310020134766
2006-10-05,0.002234222484696069,0.015887359762319697,0.010381857129604377,-0.0032333868222430254
2006-10-06,-0.0026860986533590037,0.0024488806783855566,-0.0045079041910991435,-0.0067758312294727025
2006-10-10,0.0028339374804433604,-0.0008738967237356121,-0.020967928763498733,-0.00391548014326711
2006-10-11,-0.0025672362166977436,0.0006991144746191225,-0.016019639806132524,-0.0026464531614709204
2006-10-12,0.009495869261272993,0.006965029175610482,0.004677365928618116,0.0006624606880552954
2006-10-13,0.0020451465739919072,0.02145820942172616,0.012196304794491297,-0.0020130360635040967
2006-10-16,0.002515881363473582,0.00997055055630014,0.023121424086176567,0.001607899253251638
2006-10-17,-0.0036661643184787707,-0.008443143532049113,-0.016993734948985484,0.0009777114776211098
2006-10-18,0.0012821218580674199,-0.0013575222992834313,-0.02196003084539111,0.001293102018596966
2006-10-19,0.0008488942862783233,0.01700516670786545,0.014636481054765227,-0.0015432062477411463
2006-10-20,0.001199034115850317,-0.010067199117723469,-0.029138383182690575,0.00034740307673954786
2006-10-23,0.00613345645545138,-0.0226836495945415,0.034423560768061634,-0.0031109617539274484
2006-10-24,0.00026138930469166155,0.008074972249646706,0.00914016352265623,0.00034872938557769265
2006-10-25,0.0035077336032669493,0.005460681098111486,0.03395776465870615,0.0042096114667136515
2006-10-26,0.004950744808795093,0.015535625684467647,-0.017083215993041634,0.004296460494673997
2006-10-27,-0.008487547836852016,0.0023431381667080586,0.006440438209154742,0.0038284932940477454
2006-10-30,0.00042833398938313394,0.01080732086396985,-0.04013634810768352,0.0003438687064928349
2006-10-31,7.175734218378693e-06,-0.0009927807353351525,0.00631992762707867,0.00550627110738843
2006-11-01,-0.007378624253349564,0.020480769126644205,-0.0003406072580194319,0.0037641695713507015
2006-11-02,-0.00034374185976648874,0.014171008203859081,-0.014238134264790148,-0.0025999169848904594
2006-11-03,-0.0022257092668214185,0.002395593162775711,0.021535583886635123,-0.009219034834352156
2006-11-06,0.011282575026933195,-0.0017562654955325385,0.014770343535195352,0.0006612738495186455
2006-11-07,0.002215243341597173,-0.0001597692147825569,-0.01832754361063671,0.004147664757066288
2006-11-08,0.0020805082697785693,-0.014974899460257873,0.015156933977793052,0.0022470469054751
2006-11-09,-0.005347249472951177,0.029728855839232793,0.02198614055973458,0.0001838492022620307
2006-11-10,0.0018628886470652972,-0.010448053660076617,-0.026005601246447796,0.003919946446511542
2006-11-13,0.002545832920179514,-0.0067060958396538695,-0.017094404662594265,-0.0013269975516787933
2006-11-14,0.006336282710039498,-0.0006410647880805698,-0.005134412275407563,0.0031264679479649565
2006-11-15,0.0024015981817582244,-0.0020861562660181576,0.008202362359376103,-0.003549669698172449
2006-11-16,0.0022816083299046497,-0.0030569156640334327,-0.04347754951328664,-0.0029861351747335458
2006-11-17,0.0010281771629614411,0.0014491982759370359,-0.008030683820722473,0.003996527168977306
2006-11-20,-0.0004996617758044053,-0.00048280002550793455,0.05218875252253863,0.0011363169615867734
2006-11-21,0.001648093909236259,0.011205495611046778,0.023032016871483485,0.001534194956146866
2006-11-22,0.0023353687840490522,0.0007956082690157018,-0.015576841067971081,0.0009772853449221924
2006-11-28,-0.013871553134155334,0.013429382387871946,0.029112926095792524,0.004888516582829192
2006-11-29,0.009159499819873851,-0.0026715065636837565,0.02381639336838859,-0.0007779411096564576
2006-11-30,0.0008214137907014418,0.01777967016051729,0.010669772101717712,0.0052180163180522736
2006-12-01,-0.002802695817625711,-0.0034066495390154827,0.004740831158195569,0.0028203672801784935
2006-12-04,0.008845949539756148,0.0007752539198060404,-0.01573086680356628,-0.0004649920702271165
2006-12-05,0.0039945196949666695,-0.004504899912256555,-0.00016013969152073315,-0.0005444332643339225
2006-12-06,-0.0013155652358047831,-0.018542309853585515,-0.003851740928326741,-0.002939474382796796
2006-12-07,-0.003978450122079202,0.002218037010393026,0.004812377767143161,1.8062282368396064e-05
2006-12-08,0.0018103015833679237,-0.009221128657974198,-0.007388451494968251,-0.0053159127777103595
2006-12-11,0.0022672409790365222,0.006209755628185043,-0.013144165848908429,0.002732392771543657
2006-12-12,-0.0010479222212120831,-0.004773278752657539,-0.003272266666493273,0.0024950794453947114
2006-12-13,0.001168167687964683,0.0014344163692294742,0.005719412206101282,-0.006660929831062641
2006-12-14,0.008651922436739845,-0.002072617446815528,0.018405418096060444,-0.0012485839569937839
2006-12-15,0.0011217745187641626,-0.018686071748817312,0.01461042336447882,2.341452772529055e-05
2006-12-18,-0.0032355684964722187,-0.0016273396593753375,-0.019421196646821848,0.0009773191772980503
2006-12-19,0.0021559249845939377,0.012301831630132654,0.014997129149064037,-0.0007712940107875789
2006-12-20,-0.0014180155098069136,-0.001610047102445833,0.008985631239877279,0.0005003458641675024
2006-12-21,-0.003680717164277425,-0.00387466323072605,-0.016775221110273186,0.003845408484541739
2006-12-22,-0.005330432553268594,0.0014547216463185464,-0.0039977665878492274,-0.005770557899469678
2006-12-26,0.004342830626287153,0.0074027320136149655,-0.02121367529694318,0.0018514606252649985
2006-12-27,0.006990781099262655,0.0055959853949021365,-0.012516604944364573,-0.0038582735802328775
2006-12-28,-0.001479876542664904,0.01094114370513477,0.003143853476967884,-0.0026629063155353674
2006-12-29,-0.00452330262961631,0.0017332969464707304,0.008554098323068082,-0.0013943691688680707
2007-01-03,-0.001199388642525001,-0.012833950533258864,-0.04574810559213027,0.003829962451550949
2007-01-04,0.0012275324972153001,-0.005115840369174229,-0.04794175075736362,0.003836121799133412
2007-01-05,-0.006103167832470113,-0.030926942774749833,0.012868831944317094,-0.002036154399754639
2007-01-08,0.0022178570774977757,0.004288979741342125,-0.003914617413918187,-0.0009246011890241645
2007-01-09,-0.0005168094993655004,0.009175839733252644,-0.008055190155070058,0.000501806940068357
2007-01-10,0.0019384718073371943,-0.0024495808113993434,-0.029547999247151235,-0.001872602008935617
2007-01-11,0.006319861629223489,0.0013072695131741696,-0.040420976802004294,-0.00415492712064504
2007-01-12,0.00484142709305857,0.02116562625723528,0.021169868143399384,-0.0024910604452745414
2007-01-16,0.0008174608723257037,-0.0014399241455045342,-0.03416844058327406,0.0017667304330462267
2007-01-17,-0.0008943374184005037,0.011936165093056061,0.019913709501533372,-0.002645968133026448
2007-01-18,-0.0029751613757573736,-0.007941592237232342,-0.03427130793335165,0.003029307810231579
2007-01-19,0.0028912815542447845,0.013306112012223537,0.02947421551530116,-0.0015447910886015209
2007-01-22,-0.005291886366783238,-0.003467866382398377,-0.01667999469794612,0.001293165568049422
2007-01-23,0.0035357071117871897,0.018616140923706226,0.07368878027684822,-0.0033513965236484657
2007-01-24,0.008465536428397868,0.0037128189333692774,0.005977701285428516,-0.0002812675801027598
2007-01-25,-0.011333787730706923,0.00030880378921605,-0.02080365913255333,-0.004280063907883875
2007-01-26,-0.0012086595354299234,-0.00510716551416035,0.021706253983413415,-0.000747588885860205
2007-01-29,-0.0010975508115658172,-0.0021746272015139567,-0.025771322867394808,-0.000824872993610612
2007-01-30,0.0057554986076455705,0.0017090606685030707,0.053355651391589376,0.0015270774502643622
2007-01-31,0.006571245841596962,0.012035306080422359,0.020329049713341263,0.004044341582726772
2007-02-01,0.005339451523831862,0.008248136440767162,-0.01455327422689745,-0.0006725085612832933
2007-02-02,0.0016930162521955339,-0.01718362608653745,0.029575766865001185,0.0009777898243062627
2007-02-05,-0.0009670748024879217,0.007246985805619666,-0.004755422925885711,0.0016860402224857724
2007-02-06,0.0006977639370155941,0.004139448106073473,0.002380538216179673,0.003579973752644224
2007-02-07,0.0013940689469249534,-0.0019909461043559062,-0.020071039702565407,0.001766941833842386
2007-02-08,-0.0011799630061508637,0.008700371237097215,0.03406904236740438,0.0013725188813840583
2007-02-09,-0.007102376113371278,0.01433445894908747,0.00301004085915757,-0.004064607863705925
2007-02-12,-0.003266712097896196,-0.007367937254463719,-0.03534774123552609,-0.0013836012944733903
2007-02-13,0.007568774732917838,0.001960119478876976,0.021392104718613858,-0.0005957324801750956
2007-02-14,0.007615012063125093,0.005258030399310165,-0.018110889021829557,0.006822687035655462
2007-02-15,0.00103705549945321,-0.0001499012817358647,-0.00017239971399707343,0.0020846498895020164
2007-02-16,-0.0008721613605295886,0.0022453419019594634,0.023855240918337905,0.001452318087284477
2007-02-20,0.002840277783406897,-0.01764886676878774,-0.022476677622110586,0.0009774983685245755
2007-02-21,-0.0014054379715542353,0.034550713769768926,0.03386136965308495,-0.0007633935526542877
2007-02-22,-0.0008579243533688441,-0.0011767988581095068,0.014543324663010893,-0.0028138759244301413
2007-02-23,-0.0035700389567878688,0.0054311343364794595,0.003112438035091536,0.00430319544655486
2007-02-26,-0.001254893239734045,0.004964999210322674,0.004080639017369769,0.00391373327605926
2007-02-27,-0.035342660843101115,-0.003794481405683392,0.001139596308819435,0.009596305226584946
2007-02-28,0.005545484952733659,-0.02142991855355625,0.005355012083618327,-0.002767169911876759
2007-03-01,-0.0025978059772997497,-0.010663218189123747,0.0033928311554474178,-0.0002970812776190317
2007-03-02,-0.011468261829749693,-0.03190942300397115,-0.005823384495051265,0.003451032669213462
2007-03-05,-0.009452209514841492,-0.007510577860367462,-0.025800456768306113,-6.010406994553798e-05
2007-03-06,0.015374780717887226,0.011089493708477782,0.01026837343806708,-0.0006178141130895956
2007-03-07,-0.0024683144867996276,0.010506876609992055,0.018448014547646885,0.0026543813148729406
2007-03-08,0.007101347730783303,0.004294560017825688,-0.002915931217407852,-0.0007789273841613694
2007-03-09,0.0006773922729204074,-0.005217173641936412,-0.02613346472911804,-0.006179473764783029
2007-03-12,0.0026766986224968647,-0.0024645353753820487,-0.019166682877512997,0.0030483283128098816
2007-03-13,-0.020578575507405716,-0.0012346434101146997,-0.01677546256686746,0.004811237818148985
2007-03-14,0.006668880164959035,-0.010399707500601707,0.003962440225134145,-0.0019744599428398934
2007-03-15,0.0036769799595122166,0.007461541933949434,-0.010543708690768483,-0.0009360921362741634
2007-03-16,-0.003835655701215579,0.010629328211231304,-0.0076748785468385705,-0.0005368501347452853
2007-03-19,0.010835569042727755,0.000765872778032417,-0.009146949513261227,-0.0018879081045936612
2007-03-20,0.006313481911504049,0.007322761674232403,0.0024708694185040514,0.002092754724828325
2007-03-21,0.01693664320298005,0.0016705533014773621,0.04952019220160331,0.002493168249747133
2007-03-22,-0.00034848304730772384,0.00665462881186496,0.034298465489470686,-0.005463788670175039
2007-03-23,0.001093791602759353,-0.010150851529001415,0.009518506405168381,-0.0017232222634689454
2007-03-26,0.0009674345258661177,0.010150851529001415,0.01006480379088881,0.002249744311436532
2007-03-27,-0.006203560368759575,-0.0019615982572505075,0.00031787123184745525,-0.0018028176829838593
2007-03-28,-0.007997684815493677,0.006623574561642087,0.018109328946324332,-0.0004518814734361187
2007-03-29,0.00373274851668981,-0.0075301560637530685,0.02997683438476617,-0.0007684875283449209
2007-03-30,-0.0011746852375145167,0.002265006630851829,-0.002426021369770659,-0.0010842934409061797
2007-04-02,0.002593696866817652,0.004064146757930764,0.0010621303186368891,0.0006600906634497067
2007-04-03,0.009237307072510248,-0.0025569874673596615,-0.01991186989772764,-0.0015581170931102445
2007-04-04,0.0011121987409170586,0.012124953174441622,-0.004030421561896702,0.0011359946342314933
2007-04-05,0.003045313970392094,0.0031197182550348757,-0.001554461329714485,-0.0015568917308334122
2007-04-09,0.000588550367099927,-0.0034172646439492027,-0.04404878594633743,-0.005415877882960162
2007-04-10,0.0026132260269688956,0.006822891348881477,0.006158869956822244,0.0018466885736676435
2007-04-11,-0.006594524912467037,0.0004433426447771893,0.0019370294047140746,-0.0009962587795690895
2007-04-12,0.006187116686112937,-0.002514998371418997,0.02924092328657224,0.00034588977601442806
2007-04-13,0.0034819311653260243,0.015141853176474207,-0.003451484549632511,-0.0017040258314390034
2007-04-16,0.01059854287315698,0.006833834188308963,-0.00031437374512055527,0.002241116732662625
2007-04-17,0.0021430131114730244,-0.0027569681479819863,-0.008049954920675617,0.003905898837767996
2007-04-18,0.0006929527910060074,0.0013068518332488566,0.0004753639335808302,0.0028800434377415246
2007-04-19,-0.0012027736577708836,-0.0069899628145115855,-0.020807396114014054,-0.0010821315499699496
2007-04-20,0.009218086660296443,0.011189555497930215,0.02475965793051671,2.6994855841975678e-05
2007-04-23,-0.0023066444703703226,-0.002025206013736458,0.038838304547204494,0.0019288812257659436
2007-04-24,-0.0003512055496237565,-0.009310459219108225,-0.020081881979131744,0.002406469178648959
2007-04-25,0.01008803370270872,-0.00014622030572919442,0.019322707064060474,-0.0017189217761674905
2007-04-26,-0.0007827245066183153,-0.013539502155394345,-0.011917617227720001,-0.002822267492709117
2007-04-27,-0.00012050497563276252,0.005614653771912614,0.021290365631085884,-0.0009210909890727706
2007-04-30,-0.007861748709062866,0.002648600395906975,-0.011349142173903815,0.0055805036439957765
2007-05-01,0.0026476879873138515,-0.009004379202715462,-0.02013745017285018,-0.0007676377320611861
2007-05-02,0.006451588538502584,-0.0031187915709338654,-0.011243110475618323,-0.00013283078370280617
2007-05-03,0.004315751619413,0.014031690481807857,-0.0077245072758245215,-0.0020320887534856
2007-05-04,0.0021475870756333393,0.007889046633799524,-0.020141319174913797,0.002881245522360617
2007-05-07,0.002560437459192322,0.0011634494998649103,-0.007455449100286948,0.0005013150460827118
2007-05-08,-0.001166651195633861,-0.0042240605602552606,0.012769867277034663,0.00034261521680743317
2007-05-09,0.003218216510912697,-0.0070309179656735665,-0.011469297819449942,-0.002508328990862607
2007-05-10,-0.014054581884655803,-0.022596490824396298,0.004215345654103864,0.001770423124741213
2007-05-11,0.009595315462487264,0.008235429042812825,0.009019187523441552,-0.0015574195560198192
2007-05-14,-0.001794584178452574,-0.0031364010838332845,0.0014419637845479727,-0.0013966660970884798
2007-05-15,-0.0013048345448343213,0.006708933102729908,0.011303138727351225,-0.0015522404307079741
2007-05-16,0.008589542804573469,-0.019202491735736515,-0.009863251208818369,0.0005030878118893509
2007-05-17,-0.0009184441716891811,-0.00607719877938262,0.03626488557381702,-0.003598028678316966
2007-05-18,0.006588724214163122,0.007288200722077143,0.0012326939800342274,-0.0035875127113534177
2007-05-21,0.0015420549373725834,0.0028703462248378386,0.020273451175232715,0.0014503299911659742
2007-05-22,-0.0006427745534312024,-0.005748955059365457,-0.019811611763571157,-0.003188548546453776
2007-05-23,-0.0012079608910857687,0.004239292992538779,0.012238112591600014,-0.0020054063171304607
2007-05-24,-0.009749940652955758,-0.013537394733265984,-0.024472115836050357,0.0003497932152051713
2007-05-25,0.0054378686345302185,0.003210729193710904,0.015767781689795868,-0.00012111649523888984
2007-05-29,0.0015689722581671006,0.003048318279422091,-0.031946549167235716,-0.0014531165286331114
2007-05-30,0.007951907673130698,-0.006105957222766634,0.005369566659799929,0.0005073321426005607
2007-05-31,0.0002548407492426463,0.012023620324888462,0.008156914908228785,-0.0007466625801475357
2007-06-01,0.003730063260024785,0.01531333348818631,0.016577955958982038,-0.0049610452473451815
2007-06-04,0.0018468998282514804,-0.0007452120337463342,0.017214184622845075,0.0023082717509627804
2007-06-05,-0.0053614161226649415,-0.0016414785915275232,-0.009103362449617514,-0.0034719954771271805
2007-06-06,-0.008903259242367234,-0.0004481108465066441,0.00532035115185181,0.0006658017736240708
2007-06-07,-0.017725961545528968,-0.01384107015876701,0.014598817860817626,-0.009810674689657156
2007-06-08,0.011306236827796745,-0.022366091422627576,-0.032959139875861077,-0.0012704119723300988
2007-06-11,0.0009612543562846909,0.013540732932368904,0.018511949942375594,-0.0012683405703937994
2007-06-12,-0.010739177694170543,-0.0089039394625674,-0.00944269501779349,-0.008347484488475143
2007-06-13,0.015070095861530852,-0.0004626942168526327,0.013829012390973006,0.003914564698314335
2007-06-14,0.004804742099216774,0.005231529720376216,0.020760948060416062,-0.0011052640399976353
2007-06-15,0.00650555553085308,0.004440746089932723,0.005160328003819714,0.003763730349170112
2007-06-18,-0.0012141056212540136,0.001984260446638686,0.015902244319683234,0.0024505222776092846
2007-06-19,0.001729278410380175,0.007444051715152611,0.00014475919565004602,0.004551331588954164
2007-06-20,-0.013694428381801238,-0.006986718371801537,-0.01325674635588392,-0.00266549344029723
2007-06-21,0.006161392441565994,-0.008418202626151228,0.006723192105355658,-0.002890658583830458
2007-06-22,-0.01297968982743214,0.004447556550482901,0.007112271224802846,0.002140890663332105
2007-06-25,-0.0032130603124347346,-0.0033721862544835446,0.0005783822546376882,0.004863422993433033
2007-06-26,-0.0032434502628655437,-0.014226330032003354,-0.020592238306544886,-0.0015827034560734093
2007-06-27,0.008968996323784673,-0.0006230929983637168,0.017552075528437072,0.0026107410931092883
2007-06-28,-0.000418323007465915,0.008997869794266755,0.008661790406704561,-0.0035194161787558027
2007-06-29,-0.0015685867913806106,0.0009261741897681475,0.015829216220256903,0.006818100395965949
2007-07-02,0.010639364857749634,0.012877725979389965,0.005783976658477741,0.002928066017802432
2007-07-03,0.003573857444480133,-0.005498678156999226,0.004491338416197976,-0.0038452793025829843
2007-07-05,0.0003475294310435473,-0.0069161880715507,0.005585741280206058,-0.007076807964844618
2007-07-06,0.0032985507214169374,0.0066097968292320175,0.013829566751336841,-0.0037347338493328485
2007-07-09,0.0009209018855544926,0.011879499618847156,-0.008551708905180533,0.002991255669988347
2007-07-10,-0.014287024725469166,0.0030234338979973074,0.008551708905180533,0.009619023904633203
2007-07-11,0.005705104242657022,-0.0033262991469502623,-0.003439502715267828,-0.003061444180507324
2007-07-12,0.018875707510562556,0.009645929220218896,-0.0008272102995281472,-0.002589162902261656
2007-07-13,0.0030966084377510583,-0.0013508811271032428,0.01953214183628127,0.0009010192280533389
2007-07-16,-0.0019213166689402428,-0.0012022661506883026,0.002971385465303733,0.005337097076325474
2007-07-17,-9.682461363347272e-05,-0.00045121124359503995,-0.0017548075559155052,-0.002673366647839332
2007-07-18,-0.0020674598107692788,0.011814933595868382,0.013819317136166909,0.005499268501546703
2007-07-19,0.004459094012305265,0.006815905276592815,0.011525531440994108,-0.0012023333638153547
2007-07-20,-0.012296153790126496,0.009845075517621815,-0.004620755189150394,0.005823257625861998
2007-07-23,0.004857468831634293,-0.004543184473599915,-0.009039012883007125,-0.0004279905133033712
2007-07-24,-0.02000316145961012,0.004981731056082239,-0.01791899556450005,0.0017600662899799108
2007-07-25,0.004654761912206595,-0.016059312963741412,0.031051742323621845,0.0033281952591478576
2007-07-26,-0.023615148318428147,-0.016170419560705973,-0.012331925039066327,0.01019851301126679
2007-07-27,-0.016120829482687782,-0.0037807228399060477,0.02724390097018503,-0.0006765005280908495
2007-07-30,0.010201791310726627,0.006192868763566395,-0.0024698720894509307,-0.0010687393354920987
2007-07-31,-0.012727292908787824,0.004207442462503153,0.01780229219541507,0.002790882184469397
2007-08-01,0.007216566833712967,-0.0049606247205815635,-0.02171470003632514,0.0011354169137173852
2007-08-02,0.00434981680259483,0.001505797659562269,0.0043027882065986844,0.0006620298193449921
2007-08-03,-0.026945788416662175,0.011816792290472833,-0.01811782810295348,0.004378860460357983
2007-08-06,0.023864080164867296,-0.0014880955127019035,-0.046368693535066896,-0.0022608043096554475
2007-08-07,0.00614047465454437,-0.0013412183374610365,0.00498340761390903,-0.0007590724667988417
2007-08-08,0.013973752789071092,0.0057988780219790925,-0.0037351726850864964,-0.00899184046089156
2007-08-09,-0.030098066707581417,-0.019612838187414106,-0.0077919581144128,0.005703543041442562
2007-08-10,0.0003784657249807921,0.013366517692220192,-0.0016775499423449247,0.0012929498702781898
2007-08-13,-0.0004954108659971368,-0.000895486009000912,0.0020966046078338962,3.1996515118796674e-05
2007-08-14,-0.01832339549898787,-0.0016439316728176223,0.010555577269238725,0.003820903651146162
2007-08-15,-0.014005458249530811,0.0004486711523865594,0.01303984688687354,0.0022427956396645714
2007-08-16,0.0032435209838830303,-0.03128107527152846,-0.03228995003445512,0.008607103164042887
2007-08-17,0.02426956652251988,0.013178303712339634,0.013708472246600323,-0.005596325224664757
2007-08-20,-0.00026968281529970994,-0.00030452527862490086,-0.01201971946328495,0.0032785339232910943
2007-08-21,0.001085465275582287,0.0,-0.023473607548182507,0.0036808258331335253
2007-08-22,0.011644820880578166,0.003647919231787533,-0.0030274524585331974,-0.0021987283692930988
2007-08-23,-0.0010728917937870008,-0.0003034160446260259,0.008196173261633355,0.0003420633349691918
2007-08-24,0.011469018050260793,0.01371635856411313,0.017882885348135424,-0.0010064464011820431
2007-08-27,-0.00853995191309842,-0.0017980409668920672,0.012302754053306053,0.0031236157864473367
2007-08-28,-0.023752942896165585,-0.0036057180845840975,-0.003340265543071652,0.00544283026905256
2007-08-29,0.021685050980904563,0.002855586762699147,0.02451236350848429,-0.0016514081414786956
2007-08-30,-0.004189774778312838,-0.001952960592014108,-0.0020426441782426252,0.004251024666820644
2007-08-31,0.011154303290853207,0.011958288988873633,0.00922666380244408,-0.0026100908194048675
2007-09-04,0.010413809077047809,0.014017197414387006,0.013948736035752418,-0.0014915097598993312
2007-09-05,-0.011567773631410816,-0.0011728307836254004,0.008620191347032957,0.006974126282318252
2007-09-06,0.004242872517798091,0.020185051106790475,0.007498550833846984,-0.001977594613838801
2007-09-07,-0.017053037079487687,0.007447774821192965,0.005228690297736094,0.010781012404190136
2007-09-10,-0.0012736238921533527,0.0035610037537079364,0.010247199623064418,0.0037150391758865053
2007-09-11,0.013540236395020777,0.012575262026389034,0.009504380400028545,-0.0030419702351759167
2007-09-12,4.76161521048013e-05,-0.00042130157951270064,0.02124779860622894,-0.0033543165901444858
2007-09-13,0.008384316153809301,-0.003376989803959951,0.002249909396368821,-0.005736668548520644
2007-09-14,0.00020217561760205172,0.0001408999898853125,-0.012438101127560053,0.0017771255511941076
2007-09-17,-0.005133568991712245,0.00869938468825282,0.018413512518291597,-0.00046239216981742266
2007-09-18,0.02878958164080636,0.0,0.011599370313171598,-0.0006215854452121599
2007-09-19,0.00606795976423502,0.008624357614590572,0.005139489563992683,-0.0033302190535385618
2007-09-20,-0.0067459384752552864,0.01430170724185853,0.016823384851516465,-0.011536755380324485
2007-09-21,0.004598464335745511,-0.0013663070394995813,-0.020614249101570614,0.00335810023098844
2007-09-24,-0.005270307770365967,0.000956544209422816,-0.008242721204155146,0.0008185859532526376
2007-09-25,-0.0003426885186383899,-0.0006832001586776215,-0.017697348804269986,0.0009773688782111225
2007-09-26,0.005396714632314392,-0.004520848683053913,0.009635365337091528,-0.00029308726035606454
2007-09-27,0.0038994820691842236,0.0060233233633821825,0.03162408641473924,0.0039217459906318464
2007-09-28,-0.0030279997338542586,0.013690455218486441,-0.014829414634665028,-0.0002956451947576444
2007-10-01,0.013202159881824826,0.005906090206921455,-0.017542213706577492,0.0019329313391734009
2007-10-02,-0.0002650794533760603,-0.02356239597586196,-0.002370639464799318,0.002412687503685452
2007-10-03,-0.00456224853726539,-0.0006853540236280153,-0.0013750937422081222,-0.0009354799139804915
2007-10-04,0.0021087267359831685,0.011587615365222348,0.01859019895652647,0.001774933074530933
2007-10-05,0.009514881229474526,0.004732616578215776,-0.0027050454924477663,-0.00909697166515167
2007-10-08,-0.0032216979939061474,-0.011532588493760265,-0.027460594786570702,0.0003427059194867769
2007-10-09,0.008063646659191015,0.006257722206492566,0.015570448953979188,-0.0008461532638465492
2007-10-10,-0.0017137979492956035,0.0040600947651476815,0.012874662635613099,0.0005016233422655573
2007-10-11,-0.00517180929399963,0.014614409453741928,0.02165796695680733,-0.0007661938518569805
2007-10-12,0.004742959110705769,-0.0034666375862943966,0.007315504169232767,-0.0020302030602180896
2007-10-15,-0.008416732385427395,0.01115692732150464,0.028738225695484232,0.0012942727481811938
2007-10-16,-0.006594866980536018,-0.00013205942499805445,0.017037402732675844,0.0016115675891475959
2007-10-17,0.0017598467546102725,0.000660283946075424,-0.0023998535249027952,0.00886571773517178
2007-10-18,-0.0007529463052931007,0.008675101318599943,0.023408087083161,0.0036121107381981185
2007-10-19,-0.02594931140710255,-0.00013084953560316137,-0.009771546814294041,0.008358634318727827
2007-10-22,0.003791176519172268,-0.010791014402271593,-0.011807595616929234,0.0008164568599919814
2007-10-23,0.00876433943198407,0.004225002631381258,-0.026501591386322687,-0.0007878620423004297
2007-10-24,-0.002444407502362189,0.003419674025245456,0.021234212954081677,0.006129283283597097
2007-10-25,-0.0009767946012351203,0.00745639185367164,0.03785088758914412,-0.001516258141296869
2007-10-26,0.013693456876032073,0.021403649064486885,0.015357931613115383,-0.002796267488342871
2007-10-29,0.0037057710835721736,0.006611532248831153,0.01801654185298407,0.0006557671638509014
2007-10-30,-0.00648437228933485,-0.006101439933481778,-0.03425925380113348,0.0001739285673413958
2007-10-31,0.011920661356755069,0.009769807160042276,0.04489425793003399,-0.007178048100591824
2007-11-01,-0.026778888689809044,-0.0016427472992859293,-0.011062775670503733,0.009337358255679183
2007-11-02,0.0008018866808869873,0.01879283541884913,0.025764306157695316,0.005816474843011761
2007-11-05,-0.004967093437072023,0.002974303093727926,-0.02053673261676181,-0.002003659702516099
2007-11-06,0.011977204894451532,0.01559367651667376,0.02853134150589387,-0.0029629258845324026
2007-11-07,-0.02980972636157464,0.01235033531105767,-0.003418392536642223,0.002023335224646813
2007-11-08,-0.0005761784748674614,0.00504143688862424,-0.009487676376521037,0.005094093943217903
2007-11-09,-0.01439006181201119,-0.0032380098894737586,0.008968676405098464,0.004051607798622404
2007-11-12,-0.010038452592368685,-0.032597664246311275,-0.017807079161656247,0.001300685578707073
2007-11-13,0.02867778438776103,-0.010729953957265614,-0.037143023717651324,-0.0034669199168771143
2007-11-14,-0.007094477743350147,0.01962550589678802,0.03152585658447826,-0.0008802877546124432
2007-11-15,-0.013300488548972034,-0.033901520610580604,-0.007039236026106899,0.009093908540939166
2007-11-16,0.005216680351984415,-0.0002545332189498595,0.01771645743512895,0.0008955419025370913
2007-11-19,-0.01761448208061811,-0.011392154455674763,-0.004848740285411601,0.0059473346090097206
2007-11-20,0.004476163998967664,0.017229703502251503,0.035193328600353624,0.002200484282228945
2007-11-21,-0.01605507806431916,0.00919458327336553,-0.0075773234236642395,0.0026107245401975543
2007-11-23,0.016749426122977695,0.032563341871250095,0.009106313340607741,0.0011402073356603483
2007-11-26,-0.023512966551297865,0.0024242436115056165,-0.0049010039255055204,0.013748657964194324
2007-11-27,0.014819795556490156,-0.015003010816484696,-0.0341486320872475,-0.007799140419013886
2007-11-28,0.0281596233998318,-0.016855073362179063,-0.04107792617770745,-0.006457775271083619
2007-11-29,0.000476361425262084,-0.006017302728189122,0.004294444513969431,0.0071291612336735624
2007-11-30,0.00774018490674333,-0.016608908686688295,-0.025596801849702366,-0.0024633994888415985
2007-12-03,-0.005904735888844215,0.007768234653164896,0.006740824147437152,0.006484861293977971
2007-12-04,-0.006561737772241116,0.01635668096938936,-0.011146857286036038,0.0006477473906025504
2007-12-05,0.0150759150455686,-0.004753558890991272,-0.009442102372124062,-0.0016520849890327308
2007-12-06,0.01492497250929059,0.004628784368598815,0.030837526509273516,-0.006958262021229058
2007-12-07,-0.0017795035510106416,-0.008523475563928962,-0.021848435649687303,-0.009757960513414541
2007-12-10,0.007481894107170817,0.01660357409790425,-0.004768922066407555,-0.0021905274640726374
2007-12-11,-0.02559587137042474,0.004570463299585548,0.024287185079312046,0.013169772558833998
2007-12-12,0.006031879025493403,0.00258474579793333,0.0474032982967687,-0.006846996584819598
2007-12-13,0.001223575520302056,-0.01798498089281786,-0.022932845949942937,-0.007460635141878829
2007-12-14,-0.013841622651711738,-0.007159500845978606,-0.010680173172103125,-0.004847131329731171
2007-12-17,-0.015134854466995584,0.0018890503987458729,-0.007036855987283097,0.003326965903822639
2007-12-18,0.006260159463819193,0.010264218627719757,-0.0015459300055740144,0.0061001922206820455
2007-12-19,-0.0013617568126456092,-0.002368961201365316,0.008254050247200162,0.004237536463748729
2007-12-20,0.004888236191244566,-0.002374510136989194,-0.001974770907202661,0.003754314903298044
2007-12-21,0.016532422665618718,0.015396335261854688,0.02440865398579195,-0.011355819205082175
2007-12-24,0.008044560385114252,0.0014774839354627645,0.008749519299058761,-0.003395352292928718
2007-12-26,0.0008083090331476583,0.016109711715253106,0.019358878968644078,-0.005398331493247496
2007-12-27,-0.014385263354659727,0.003142726658091455,0.006750132203732662,0.006809985686900961
2007-12-28,0.001502640562007329,0.013188058689201476,-0.0064375960850648895,0.008548564479106464
2007-12-31,-0.006875168311073487,-0.005613572426415914,-0.00020832006239235312,0.0051413121640636805
2008-01-02,-0.014543083003997204,0.02612593215592529,0.037223103810282154,0.0111677481981157
2008-01-03,0.0,0.01090880526774285,-0.004426591077749009,0.00015480158820984857
2008-01-04,-0.024857970223955306,-0.003816192926393569,-0.012887657369184957,0.004024576304728864
2008-01-07,0.003218075231744777,-0.004063394572429324,-0.0292249537294742,0.0013888827146512899
2008-01-08,-0.018522757462586803,0.021179457268416968,0.012956042738360374,6.995536154549496e-05
2008-01-09,0.013532109841889017,0.0017069705424956894,-0.006875065226879862,0.0041991629515079325
2008-01-10,0.00791671189712595,0.013776202652837632,-0.02069985318485923,-0.007741107239996705
2008-01-11,-0.013688651328566337,0.00492221981492591,-0.010944279138719537,0.006507593505046791
2008-01-14,0.01081197664888034,0.006118949001593599,0.016159530958518076,0.0015550409568871786
2008-01-15,-0.025240900594804216,-0.0006656780386320449,-0.024719103220408378,0.007781721298506183
2008-01-16,-0.005627885721787962,-0.022901792011034594,-0.011601369041813747,-0.0007650804310893808
2008-01-17,-0.02952417654491235,-0.0012499014196905023,-0.007846634828758248,0.0061372926187559
2008-01-18,-0.006063769329588631,0.001477007371830652,0.004869986922598102,-0.0005208504539218646
2008-01-22,-0.011147057387661974,0.009941324503008886,-0.007981432770301389,0.013892226412137698
2008-01-23,0.02121552966457596,-0.008013107245000484,-0.03234845128480046,0.005014127351260036
2008-01-24,0.010012438257545497,0.025728488516016057,0.027439428743583072,-0.01766643709714216
2008-01-25,-0.015999239008266386,0.005506621844195259,0.014435020828112322,0.004816066241480428
2008-01-28,0.01739613041048127,0.018067509111477698,0.0030819923570097885,-2.4593979484738183e-05
2008-01-29,0.006140880526634085,-0.002159594892596317,0.00711826403401794,-0.005842469683234333
2008-01-30,-0.004775378708849587,-0.004876208523132419,0.007501284691192822,-0.0060663090813402945
2008-01-31,0.016633152629791148,0.002278562950784213,-0.0063016486814895245,0.007968764508232029
2008-02-01,0.01216321916738039,-0.015289147679384385,-0.030880666723857253,0.003395335104928521
2008-02-04,-0.010517990019449641,-0.004190552797878944,0.011845010362987907,-0.003434006100249736
2008-02-05,-0.03251847341534386,-0.02122036236046121,-0.018046703734207803,0.004815503146118156
2008-02-06,-0.00765284938923827,0.016568147366052166,-0.014469113154570223,-0.0021067869481409505
2008-02-07,0.007854842639588355,0.005977395941376251,0.011070027120759995,-0.009958936190060597
2008-02-08,-0.0042125802217771735,0.013483403864658072,0.04069936944526997,0.006965550434803185
2008-02-11,0.005871726706863534,0.004887860576610059,0.019638090788821394,0.0031432314070975113
2008-02-12,0.0072396273807111555,-0.016937518589791978,-0.008692414873250343,-0.0049216882880697204
2008-02-13,0.013512358038407335,-0.000992363940470753,0.005267390580569575,-0.001098675155910032
2008-02-14,-0.013512358038407335,0.000992363940470753,0.023208825239856345,-0.010080634811082005
2008-02-15,0.0008373973796755863,-0.005082362713297428,0.00041894549962506744,0.003291514753323671
2008-02-19,-0.0008966759003650182,0.02602091521246308,0.046143954861908476,-0.007663863742431814
2008-02-20,0.008306277988261002,0.008596657509311711,0.007272716763526255,-0.0032938171404052127
2008-02-21,-0.012950864527482508,0.012229641761595467,-0.025231217251121763,0.011143010335530857
2008-02-22,0.007849720529112147,-0.0014808162087653898,0.005887087637785449,-0.0003453948066526776
2008-02-25,0.013718145806112858,-0.007544036912825014,0.004241632257191874,-0.009049656536992813
2008-02-26,0.006894091743070874,0.009024853121590404,0.01649124267445945,0.0036119459883660176
2008-02-27,-0.0009198674497632453,0.01270829128311668,-0.012367980162022008,0.0009766936994059486
2008-02-28,-0.00898209299043451,0.006553295157218031,0.029176742134655598,0.011342948136650682
2008-02-29,-0.027463395019370118,0.00784882236647455,-0.007337508113357316,0.01528283087312964
2008-03-03,0.0005334101903082811,0.009623359004257814,0.005971926607420741,0.00014023809205918086
2008-03-04,-0.003453585425228667,-0.01809443359817564,-0.029016249637508373,-0.0036146713825680006
2008-03-05,0.005224655309318038,0.022871606049530868,0.04901981327516847,-0.009317640778429922
2008-03-06,-0.022259858524764198,-0.011421715170023994,0.009048155327668006,0.006058544381036069
2008-03-07,-0.008445928205016884,-0.002875913830401977,-0.0030386472023016253,0.006915032243524244
2008-03-10,-0.015584285792662023,-0.0023685585962169853,0.02581696974553349,0.008794231023266347
2008-03-11,0.03645713261332961,0.004423635331527009,0.0078467835631022,-0.013036028277251902
2008-03-12,-0.009036278359461747,0.004710685194335262,0.010701141847179407,0.009615715880477528
2008-03-13,0.005113823424050423,0.013698149521350622,0.0037230795524045845,-0.004126666413549642
2008-03-14,-0.021002274391494602,0.005928200646111215,-0.0010882629720434522,0.009641970685032518
2008-03-17,-0.008999054083631108,0.003200655011221798,-0.041971965294529845,0.009180210779814525
2008-03-18,0.04153489642900965,0.001795857770975573,0.034778008799689175,-0.011371320557374796
2008-03-19,-0.0245869966260841,-0.060082752350066215,-0.04619797424345684,0.007642289787567671
2008-03-20,0.023662286124142007,-0.026928663356224902,-0.025592779368325935,0.0030054239261670087
2008-03-24,0.01520524258521494,-0.0014146450140577471,-0.009669495589657906,-0.01609975627069089
2008-03-25,0.002301247732709122,0.017594482817452572,0.003562955145779867,0.0026536685170929237
2008-03-26,-0.00880440513862979,0.015290194466074603,0.04519888917020509,-2.899426437687289e-05
2008-03-27,-0.011526658548938862,-0.00021078323222489814,0.01573950684945924,-0.0032063641046698836
2008-03-28,-0.00798195753141595,-0.019368502201909443,-0.018387000582335666,0.005845615181820025
2008-03-31,0.0056711353928271535,-0.015594818399607746,-0.03900108988432205,0.002995004312043455
2008-04-01,0.035267092136393785,-0.037022723216523445,-0.005924172724521171,-0.009308253681386222
2008-04-02,-0.0019359429314116383,0.013835199074146765,0.03741749725705912,-0.003029507229314263
2008-04-03,0.0013007917822775994,0.010887773066116324,-0.009585043980893104,-0.0005249794825727962
2008-04-04,0.0007956797214259126,0.00441015047755311,0.022851622442055408,0.009364949773482645
2008-04-07,0.0015603804918233877,0.014959073636717335,0.02656660964751012,-0.006127015684423066
2008-04-08,-0.005113082927238999,-0.009473596360046521,-0.005423023059535126,-2.5952603981718434e-05
2008-04-09,-0.008124990899776918,0.021217483367744094,0.021608195576741096,0.007860198550018625
2008-04-10,0.004464073140925784,-0.005693111565884479,-0.006878496888647945,-0.0053822507472746795
2008-04-11,-0.020584597439500918,-0.005075892209258193,0.0002724066241306389,0.005256997988119249
2008-04-14,-0.003389522761990449,0.0019470518083206656,0.014601455770414162,-0.0025423315264288576
2008-04-15,0.004589329186817537,0.0035596690711043877,0.01800091835152795,-0.005454045125488609
2008-04-16,0.0224376485954636,0.017504944242580756,0.009968597621305975,-0.010312183517896817
2008-04-17,0.0006227205936708557,-0.005623642489008596,-0.0006092492859615106,-0.0025869284751113214
2008-04-18,0.01797645360615352,-0.029807796020180355,0.015806865990145802,-0.0010109402555125296
2008-04-21,-0.001554732801476888,0.0027368783481440673,0.006747268164759568,0.0027185868957333836
2008-04-22,-0.008849273303171756,0.008274380998537723,0.015959801210997604,-0.0005156902205596557
2008-04-23,0.002895720843083538,-0.017610491302641584,-0.009004139334817474,-0.0006807037122190553
2008-04-24,0.006421614900284922,-0.021640581726710018,-0.01911651905437317,-0.007848891648710785
2008-04-25,0.0064737365287355075,0.00045098581831126694,0.020974416654853556,-0.0030573715087487724
2008-04-28,-0.001052154891209689,0.006404170070398507,0.0019387485331598953,0.002708166899041166
2008-04-29,-0.003896273255606708,-0.02116542347273409,-0.026625028527075933,0.0009766990857495769
2008-04-30,-0.0038537184080862374,-0.013126296026030992,-0.01894507055841732,0.005610994494798123
2008-05-01,0.016995468403441905,-0.01624147786327601,-0.008319390041707564,0.0009767261646668843
2008-05-02,0.0032303754374387594,0.00844574072710369,0.03321405737407179,-0.007758808846787986
2008-05-05,-0.004543891610429895,0.01874622421442762,0.030896710540284644,0.00015257936621469165
2008-05-06,0.007622805755977957,0.004232703491293677,0.015466956828291245,-0.00379207433981235
2008-05-07,-0.01827985274237065,-0.00733278320444164,0.013775353136689539,0.002293855082639005
2008-05-08,0.003662835326675662,0.012570157865352982,0.0012944234581366842,0.005270385682569951
2008-05-09,-0.006748165663026384,0.004419048002536563,0.018185933839403035,0.0032929786617546483
2008-05-12,0.010960492292484858,-0.0009048612623345775,-0.0138296757169174,-0.0005117410726592027
2008-05-13,-0.0003847453519085775,-0.017350066656345753,0.012558655277636888,-0.010853565917489486
2008-05-14,0.003997583280623829,-0.003575729679071493,-0.012639171567044194,-0.0022229472716097497
2008-05-15,0.010528841196037142,0.015593041683088948,-0.0008053352494821198,0.00798224538338398
2008-05-16,0.0012496171021449953,0.02249813678644319,0.017331995198864192,-0.0004239614589636961
2008-05-19,0.0008976426143174621,0.006651909228305719,0.005999876878821198,0.0010591253854108345
2008-05-20,-0.009316856535458662,0.01589510034445052,0.015774215806886538,0.0053591118597592115
2008-05-21,-0.016183786536071665,0.009201688741824476,0.031271544171108445,-0.0036434769481356113
2008-05-22,0.0026139593430798413,-0.01094325396341933,-0.017880623727923428,-0.007973094193389702
2008-05-23,-0.013298434194714659,0.008353670680213199,0.010494430023848977,0.007573988494509906
2008-05-27,0.006822892512121648,-0.019528208522102908,-0.025591315592698116,-0.007234138404167835
2008-05-28,0.00395505891648007,-0.007963776364880992,0.016777310832755354,-0.007035803546347702
2008-05-29,0.005320756886203704,-0.026215134156373665,-0.03423579849276859,-0.005542125960302883
2008-05-30,0.0015150183743459777,0.011448099624153052,0.005748692636177388,0.0028538672726952197
2008-06-02,-0.010559822954777864,0.006291489781817816,0.0032143311837167232,0.006300877989210885
2008-06-03,-0.0058046421345538946,-0.012736209159860401,-0.027375094463445215,0.00615527337488925
2008-06-04,-0.00032674973242130534,-0.0019301183078272999,-0.016301358517788245,-0.003289074670402506
2008-06-05,0.019308535254153547,-0.009248266595728971,0.04391123113874862,-0.006784552918444933
2008-06-06,-0.03137633801853834,0.026710547270769602,0.08077074534795514,0.007293840875547517
2008-06-09,0.0007933736546297254,-0.0007820928756965273,-0.030710663641415614,-0.004260311508070005
2008-06-10,-0.0024410485020096573,-0.03041195141702424,-0.022887459213240646,-0.008547781408077255
2008-06-11,-0.017038681020649094,0.013504425354745386,0.03788422161727922,0.0022808761039657234
2008-06-12,0.003274332291770321,-0.012007691708726398,0.0026362097624730296,-0.010524012141723391
2008-06-13,0.014934189182590707,0.0012647033429749044,-0.013844144825722715,-0.004354392564565803
2008-06-16,8.086652661098981e-05,0.015166478146507956,-0.00185549464202861,0.0014618902478797868
2008-06-17,-0.006794362473468318,0.0007919138617733523,-0.004467330148790083,0.0017859791697688923
2008-06-18,-0.009759291491304722,0.0074358573529016425,0.019727990619039737,0.005929473983166332
2008-06-19,0.0037453020931321745,0.012049668913240552,-0.035370950280735336,-0.0034791418031248685
2008-06-20,-0.018716929874510235,-0.00044373202509806475,0.020184534931750875,0.0052021738056858505
2008-06-23,5.307143031352268e-05,-0.01847653504686253,0.015625394346486132,-0.0023498870786679503
2008-06-24,-0.0028188104950155335,0.004960578846449515,0.001899573170150326,0.005290080440007671
2008-06-25,0.005826400535617893,-0.01040028834589446,-0.0180450259739926,-0.0006501360167257636
2008-06-26,-0.02980501481058262,0.036923469412486476,0.037131778011809224,0.006856625485015314
2008-06-27,-0.0037243561390027935,0.017586224542828433,0.004073668751464865,0.00367728244601514
2008-06-30,0.0012664227601932865,-0.0033413942012225917,-0.0014989240081026978,0.0010585672058239031
2008-07-01,0.003828625653153672,0.017445712095821797,0.006904687832841816,-0.000905357350557089
2008-07-02,-0.018371344987170524,0.00243733264075896,0.018275661712421787,0.0028617386916985304
2008-07-03,0.0010933244042243828,-0.013747712973158244,0.011908926718566804,-0.0009889843506607186
2008-07-07,-0.008420790350196938,-0.004948414347644814,-0.0273511665334345,0.0036851076439078385
2008-07-08,0.01693611962638375,-0.005840340355240947,-0.03843162155286173,0.004267558020775135
2008-07-09,-0.023039556424807373,0.005840340355240947,7.357687356623899e-05,0.00394508271299045
2008-07-10,0.006965436311526574,0.014559765318161055,0.04033669552741159,0.002049817965535724
2008-07-11,-0.011151895352082164,0.0195754254874716,0.02392614384788594,-0.010425739213220772
2008-07-14,-0.00906885749704145,0.013663406977276082,0.00068897437176485,0.005090266866045476
2008-07-15,-0.010961111207183905,0.005127164572051868,-0.045372583857086646,0.003119496171887963
2008-07-16,0.024754604874712705,-0.01639637084538048,-0.03029425499416938,-0.007228983757173182
2008-07-17,0.011940981372926984,0.008489555345726707,-0.04024957121849315,-0.00833091722725425
2008-07-18,0.00028568617558466514,-0.013179262296642236,-0.0031761145824962256,-0.0033415869760951653
2008-07-21,-0.0005395795681693016,0.0060404140165744025,0.016620792114286687,0.0013028477261275006
2008-07-22,0.013401856087015496,-0.015802720962339478,-0.02386303011488522,-0.002279898482258631
2008-07-23,0.0040559306967180575,-0.02737550683219503,-0.02781584710604257,-0.00397736565533463
2008-07-24,-0.02339598696581202,-0.00043377186623239083,0.008402365450523419,0.010947906843908502
2008-07-25,0.004158848046300179,0.004976723077947831,-0.017930094233913785,-0.007566031475056854
2008-07-28,-0.01877165431708594,0.0010786324272329395,0.011855465186029868,0.007759836795305824
2008-07-29,0.02308743079446174,-0.012147601841161482,-0.020574197742379674,-0.001961735269294938
2008-07-30,0.016534539279929206,-0.01484114486757182,0.036797164161289864,-0.00016577265911416978
2008-07-31,-0.013230903287161588,0.012109350639264882,-0.02144786084479744,0.005807535690095534
2008-08-01,-0.00559401235764323,-0.00537608881482754,0.008186871650259775,0.0026987468534673898
2008-08-04,-0.009006523604902839,-0.009839253038162354,-0.029940127556547402,-0.0018081512204864874
2008-08-05,0.028314087237507835,-0.024176137385097718,-0.018622247981394224,-0.002702916654648035
2008-08-06,0.003348736157926524,-0.0034203659881777426,-0.00496317601691576,-0.00318526684848913
2008-08-07,-0.018096496701488718,-0.0056118379116814054,0.012070513870846789,0.009428030938931627
2008-08-08,0.02361186756964173,-0.014926542002205778,-0.04098864582074402,-0.001073178664607399
2008-08-11,0.0069187406968787,-0.043239020374831405,-0.006531702036812526,-0.004094181326374619
2008-08-12,-0.012123868402247773,-0.01632236972897605,-0.01266169045894383,0.00705356965768237
2008-08-13,-0.0029199218388873405,0.020573818586334447,0.02611386183128328,-0.0022215563727015397
2008-08-14,0.005506612147370582,-0.020573818586334447,-0.008571091427572952,0.004676774674417424
2008-08-15,0.004067649803148221,-0.027852775319139766,-0.010840262633482922,0.0034481936286913247
2008-08-18,-0.015212941748937503,0.01727988017315063,-0.007942098743742854,0.0031224088863147886
2008-08-19,-0.009358557566294223,0.014154648374000267,0.014600048449689318,-0.0019905523080720362
2008-08-20,0.00617820715683326,-0.0009867865745070148,0.003921442639693851,0.003702341498055948
2008-08-21,0.0024918568436600452,0.02762910776499261,0.05251881664426161,-0.003062835044538069
2008-08-22,0.0112689376647932,-0.006745358632567644,-0.05591653755522241,-0.0022339425832322264
2008-08-25,-0.01982057052791575,-0.0092278903542935,0.004527689749315833,0.006430072692584477
2008-08-26,0.003679594428953159,0.0029232961305867278,0.010026845579331756,0.000728743879839724
2008-08-27,0.007950961127648704,0.007150201247062782,0.016039972739041453,0.0011421111062279376
2008-08-28,0.01473110654422971,0.0033755894959766053,-0.021905600923389557,-0.0017494643431524312
2008-08-29,-0.013818705278780818,-0.0019275233161311078,-0.001125273920889569,-0.0013343890235627195
2008-09-02,-0.004100911602328949,-0.029739679318913304,-0.05108362921897491,0.005696722112214587
2008-09-03,-0.0020371521529352066,-0.0028612170735691222,-0.0032867793157285163,0.004213930013992837
2008-09-04,-0.030378857722847208,-0.0059977534328616855,-0.013441549262610764,0.004638586445419253
2008-09-05,0.004420977784567626,-0.00037611887391086896,-0.015505597513544522,-0.001268397907920781
2008-09-08,0.020302661013165135,-0.00012535337922248146,0.0010348872459111647,-0.00027022284931280073
2008-09-09,-0.03473448601838758,-0.013126560528334608,-0.02939137349906762,0.005898166073299624
2008-09-10,0.0061305918718019825,-0.037803791099906725,-0.0066071003282441865,-0.003600901266968456
2008-09-11,0.013711937637729044,-0.022146097835143763,-0.01681041351546586,0.0017265825460288568
2008-09-12,0.0021192868823822764,0.025307690983231268,0.0030685255842843873,-0.008801991151847634
2008-09-15,-0.04828298467905778,0.02954729440187087,-0.05557833523778122,0.02085285609458785
2008-09-16,0.017371525271792088,-0.008463727991975034,-0.04881625877719831,-0.0005321864775043385
2008-09-17,-0.048288032671885084,0.08643165666030406,0.0638526239605266,0.006953233863789745
2008-09-18,0.042428806317098555,0.053022292610552135,0.007383068688258554,-0.0021332785075520284
2008-09-19,0.03946737797774613,-0.03662079982375133,0.06592324455033705,-0.02730676585718734
2008-09-22,-0.03898680450101821,0.04908896977821264,0.1454636997044627,-0.004549926176422126
2008-09-23,-0.015756111732192934,-0.020566304591170592,-0.1259518330810918,-0.0010840011268594101
2008-09-24,-0.0019796860163383556,0.003944778291016249,-0.008288615192978632,0.005939132442836445
2008-09-25,0.01946581003608472,-0.012792372007855768,0.02142765759328924,-0.007339939538162764
2008-09-26,0.0033767215693920605,0.005907108053613719,-0.010516101512017428,0.003038786741024403
2008-09-29,-0.09218959234553648,0.005984985041900259,-0.10360528421218351,0.016380216398106433
2008-09-30,0.052758158003824995,-0.015887760208689095,0.043354808523848654,-0.015931357407205048
2008-10-01,-0.004554344139591215,0.007407863279141225,-0.0211887289421977,0.005029946954341652
2008-10-02,-0.04112494871855432,-0.048506353204809116,-0.04738546255990883,0.010296132716941873
2008-10-03,-0.01359856579234453,-0.012111156416157343,-0.0009582536588066404,0.0003110287101676257
2008-10-06,-0.03927926970654205,0.039967470181283105,-0.06684198015789455,0.018469835657915375
2008-10-07,-0.05910779118196352,0.018035078316721354,0.02530072619614021,-0.006563159787219059
2008-10-08,-0.011397406925517828,0.027731163674079795,-0.012401707961606334,-0.017184138526106427
2008-10-09,-0.07922406331313603,-0.022394845394240193,-0.026890086635966703,-0.00965984191383476
2008-10-10,-0.011828976472150643,-0.03186919249497855,-0.10832907506974987,-0.0020701708840913384
2008-10-13,0.10957196759533883,-0.019477685379195364,0.04393689884719887,0.0001532142881363157
2008-10-14,-0.0053363498135370335,-0.0031041531637123754,-0.03203884587167316,-0.013076148001535661
2008-10-15,-0.09469512488423515,-0.000957037755558332,-0.05341736473948888,0.001140175970707322
2008-10-16,0.041628822290941336,-0.04154537598583996,-0.06498584247558625,0.00630987782575235
2008-10-17,-0.0062322059327275525,-0.020673904942153598,0.02823052743013843,-7.80218930626771e-06
2008-10-20,0.04658287732523192,0.003179248659467504,0.0328571863947813,0.004431105253015516
2008-10-21,-0.03128399253607039,-0.027677638112130865,-0.04630840642572309,0.015331544735056423
2008-10-22,-0.06295307968785124,-0.04375779920174594,-0.060175073976727056,0.007226031463282471
2008-10-23,0.01255489784581787,-0.02765280628251343,0.016197640221721876,0.007168053713638467
2008-10-24,-0.035120777951255455,0.021908791156648455,-0.0559278226543265,-0.013382479554809625
2008-10-27,-0.032279789320129204,0.017134001873510663,-0.01460338875147027,-0.0025040588564090786
2008-10-28,0.102457358473937,-0.0032410891492435923,-0.007780931284996129,-0.0073568315169885625
2008-10-29,-0.011140907177517256,0.018095796004218734,0.0732878030671964,-0.00429024838558338
2008-10-30,0.025476650236373466,-0.02094032970135551,-0.023079114067124706,-0.00517610759156713
2008-10-31,0.015248545898600696,-0.028062397723488175,0.027661156880759208,-0.002381842369211004
2008-11-03,-0.0025322482950489444,0.011926415873979579,-0.059233799417471644,0.005578550360352653
2008-11-04,0.04001447845738948,0.04131811567473154,0.09856229263786798,0.01164870919899777
2008-11-05,-0.05411525893116398,-0.019635990983918994,-0.07704605089570826,0.006040748675555908
2008-11-06,-0.05157120827951989,-0.013718348361156707,-0.07189582933681837,-0.000931437036883637
2008-11-07,0.02844618197210025,0.002731495780071036,0.004433148295023059,-0.005884954546850784
2008-11-10,-0.012733896186857052,0.01677069801267006,0.022196114526012778,0.0018042353038262855
2008-11-11,-0.02228720025294262,-0.018408716665887503,-0.050610405368266775,0.0005628558756663218
2008-11-12,-0.05328886594572069,-0.01972884251674234,-0.05491035413222267,0.007627401068891163
2008-11-13,0.06692259078968732,-0.017995688029951218,0.03636767570772381,-0.01247346491731737
2008-11-14,-0.0425934906208667,0.051832230942693513,-0.020819640551598795,0.005778608446976206
2008-11-17,-0.026149349993598747,-0.0006737182543474773,-0.03732909742278068,0.0056279281430526235
2008-11-18,0.009790290485440778,-0.012614679083479352,-0.010243392520770556,0.012605335722051372
2008-11-19,-0.06310549598420678,0.00449445608885668,-0.014258189325385917,0.012266293329705608
2008-11-20,-0.0694818454127768,0.01711048974902596,-0.07752815614996944,0.021185907894532435
2008-11-21,0.061328001115066755,0.055977784738779235,0.006228073886837215,-0.0018334733795650838
2008-11-24,0.06271423081455652,0.034389847311672384,0.08757867104460804,-0.014478508057536102
2008-11-25,0.006529413613966639,-0.0012211504389476602,-0.07089506369347509,0.021323191638003502
2008-11-26,0.03471840142238225,-0.012170565451709692,0.06979351458176986,0.007933939109942166
2008-11-28,0.009596913918806571,0.009478758910475449,-0.000183674504627529,0.0039041848491578523
2008-12-01,-0.09353652163820936,-0.05231270236526875,-0.09939718359836336,0.02083177745171457
2008-12-02,0.03916366397642257,0.008612447816330082,-0.048222138430559,0.002373960777866968
2008-12-03,0.025508047919814203,-0.016128341600647467,-0.0036266315790878245,0.0015897688461719197
2008-12-04,-0.02974649977384214,-0.006524882968608203,-0.06900819887673615,0.00940121640351151
2008-12-05,0.035849090941537654,-0.017566307735926046,-0.06773414249955989,-0.007494086465281438
2008-12-08,0.037668883466785985,0.02226855855333376,0.06864970486117405,-0.0065918919038237865
2008-12-09,-0.023388944476326223,0.006494372535565063,-0.03824199758130398,0.005780367776643295
2008-12-10,0.011824007505509826,0.043944963918793434,0.033885722717724054,-0.0012020248380599976
2008-12-11,-0.028938762495764436,0.021814650381867473,0.09756363480467645,0.0032511458387402
2008-12-12,0.00700383123051207,-0.00730019037369356,-0.03607437192182683,0.005273902227559451
2008-12-15,-0.01276683041148452,0.019948675198090626,-0.03899603063112167,0.00502242776009009
2008-12-16,0.05008481578859225,0.00751298943288603,-0.020656729960116138,0.015161765104622077
2008-12-17,-0.009639170015612208,0.030191841100655203,-0.08467875083923992,0.01555404188099615
2008-12-18,-0.021389823129045027,-0.009148375454314461,-0.100766878360798,0.010514202372669779
2008-12-19,0.0029325919817235757,-0.027360139622763846,-0.06708185086377938,-0.005026905786358945
2008-12-22,-0.01847157668633681,0.011648755967735624,0.16409727994339462,-0.0008113405244423076
2008-12-23,-0.009764984984231617,-0.01069274755904459,-0.023578232901480423,-0.0018838609111899302
2008-12-24,0.005764496357789639,0.011755717464121851,-0.09775033315817261,-0.001344865244240543
2008-12-26,0.005341881620716471,0.027134181534173685,0.0646269378144706,0.0038499966998004243
2008-12-29,-0.003880117528480831,0.0048137069133504795,0.05945405360179956,0.00376632272950806
2008-12-30,0.024114018863220288,-0.00607833502162336,-0.025048790677458577,0.0008916843744899109
2008-12-31,0.014059048160206977,0.01631616787309209,0.1334032748969851,-0.013909823948559124
2009-01-02,0.031118816254462445,-0.0054471172958550085,0.03827169748353354,-0.015109075069582688
2009-01-05,-0.0046792884475959085,-0.024886048779878323,0.05192971573747984,-0.006243613754450444
2009-01-06,0.007786737413760569,0.009520578162079296,-0.004723276768940909,-0.0013968558640976459
2009-01-07,-0.03046912022057313,-0.02848132606004583,-0.1306537054329575,0.0010676700870906127
2009-01-08,0.0033913156919744836,0.015103589562761144,-0.02205710873193567,0.004422621143233316
2009-01-09,-0.02153321429320254,0.00046828636384166344,-0.021083996923366044,0.003456416122400339
2009-01-12,-0.022822587628668956,-0.04061229374111974,-0.08267908854194506,0.00880164635021597
2009-01-13,0.0017565152157663633,-0.00024385785477676336,0.005041768127179047,0.0011583486704018686
2009-01-14,-0.034032464490183045,-0.014616686524401956,-0.013322872689326193,0.007589520156030018
2009-01-15,0.0013282991669525401,-0.0018577006733595525,-0.05174509382955561,0.001159679884263323
2009-01-16,0.0075331315563733625,0.03961632946949489,0.030874286451096022,-0.009065238799736761
2009-01-20,-0.054262014623913224,0.018065298097618587,0.059286551610554294,-0.003544442601419676
2009-01-21,0.04257205806919373,-0.005867872890375381,0.11703698447450783,-0.015812785515327808
2009-01-22,-0.01527844644087839,0.010071565029693197,0.00275163978830939,-0.005855561517606063
2009-01-23,0.005363250283092924,0.04232165722412162,0.06214564379739462,-0.002346044332881017
2009-01-26,0.005537850154849977,0.014636043830686063,-0.016052441705689535,-0.001730774110896452
2009-01-27,0.01086632953448241,-0.010289395121364286,-0.0951352011930493,0.011005827729784897
2009-01-28,0.033006838682640094,-0.012421170940621451,0.013852574147074304,-0.011861992631300538
2009-01-29,-0.033681064466673405,0.018961086085000467,-0.017225335801884345,-0.01366834499747315
2009-01-30,-0.02305282101067707,0.024231716782881385,0.0057748399550221485,-0.0023969937474332494
2009-02-02,-0.0005329099748898614,-0.022465476526969397,-0.03914390230538167,0.010993062649631674
2009-02-03,0.01570993844294577,-0.01634551553514285,0.017314232750835323,-0.01053321261453722
2009-02-04,-0.0075176974397948015,0.010704803066960089,-0.011344119018171561,-0.006094156971938862
2009-02-05,0.01623318860075873,0.013221876531853027,0.02086217511208277,0.00132337848249423
2009-02-06,0.026540681935397714,0.00032837081348358055,-0.024589388517803457,-0.006673483238450898
2009-02-09,0.0014840917192797676,-0.023806693076172003,-0.015301861319906962,-0.003996752092338521
2009-02-10,-0.050368669494148754,0.0235878134484393,-0.0521451835764597,0.015688184077336784
2009-02-11,0.007923477223390485,0.03241196299379645,-0.04382251474742693,0.007495856083928618
2009-02-12,0.0017376553579211418,0.004967523016699005,-0.05607874037253113,0.003154936486211248
2009-02-13,-0.010048008389114571,-0.00740744127786197,0.09883541657438899,-0.013274622846808097
2009-02-17,-0.04662949981810449,0.02672414735608708,-0.071261451791091,0.019316668195918416
2009-02-18,-0.000950817478245547,0.011004391543788294,-0.00891454866000796,-0.005636661810998313
2009-02-19,-0.01209689689849558,-0.0016378718280085636,0.13136268407494223,-0.011043654504351253
2009-02-20,-0.01147859226361625,0.025988633569344444,-0.013772238293249917,0.007492617574449571
2009-02-23,-0.035315317490224984,-0.007213027004394412,-0.01292341630068794,-0.00032396022504642023
2009-02-24,0.03932004922172627,-0.025972841186030493,0.038780382492739296,-0.0017972000921911634
2009-02-25,-0.01071502543791869,-0.0035145409345176404,0.061625145061113606,-0.012455598809774125
2009-02-26,-0.015905676845763494,-0.0250603147654056,0.06203541791421374,-0.002719028483554684
2009-02-27,-0.023846484170293003,-0.00031857675086310877,-0.010224647900119344,-0.005278993001535711
2009-03-02,-0.04774188875107299,-0.002658868888944177,-0.10869236754723977,0.010635203357168822
2009-03-03,-0.00642737803835125,-0.02818910689381493,0.036678926851373195,-0.0015201861153417058
2009-03-04,0.02347535830991543,-0.0075870662714683235,0.08577009764023247,-0.006146507457033389
2009-03-05,-0.04346330218569694,0.02291425952287529,-0.03978500703847754,0.016748292627833405
2009-03-06,0.001215314395985878,0.016157834574253904,0.042865304024040984,-0.0006673187058969472
2009-03-09,-0.010074245130306636,-0.02624084701337459,0.033484049055210185,-0.004894729607922412
2009-03-10,0.0617186323188923,-0.02437669566214229,-0.029318776614990938,-0.008133622629739927
2009-03-11,0.002442830735847501,0.01639023272432638,-0.07682097452511671,0.005807487407322269
2009-03-12,0.03992107486845242,0.014503266625009559,0.10528957221161939,0.0021869517532493946
2009-03-13,0.0077092350090426365,0.006582139313892732,-0.016724206042682876,0.0007190814909922628
2009-03-16,-0.003522120560965014,-0.008858232677146916,0.023505323448121285,-0.0055648292994719606
2009-03-17,0.031634259452989255,-0.005658286230060483,0.03751349418737515,-0.004346065817079458
2009-03-18,0.020643391776915543,-0.03069324274035523,-0.0209668619176826,0.0413939646630101
2009-03-19,-0.013064127999234287,0.07540113413124327,0.06960204431061445,-0.005504095989931404
2009-03-20,-0.019967428951184196,-0.002612195238976156,-0.010714025277891892,-0.0023455811423963593
2009-03-23,0.06836638735773626,-0.003878627723209682,0.05227201427773753,-0.002951305823026697
2009-03-24,-0.020626361096598878,-0.03071585009182254,0.0033401461229045637,0.0006295103792988714
2009-03-25,0.009580332245017864,0.013020075834423217,-0.022670743017340733,-0.010138685857369552
2009-03-26,0.0230526022398303,0.00447995540937729,0.029317750713951263,0.00350235515970981
2009-03-27,-0.020524717385895563,-0.0178249922984417,-0.03673574733499585,-0.00232369803807893
2009-03-30,-0.035439323427820746,-0.008158870388286665,-0.07881845867161541,0.004201624792399033
2009-03-31,0.013044168377756904,0.007725380546914629,0.025493376207756935,0.0026362355938406965
2009-04-01,0.01642104317974269,0.003786449152512361,-0.025906608815317256,0.00246385241938597
2009-04-02,0.028322225961305847,-0.02039879967861591,0.08418310723018552,-0.008063170223244744
2009-04-03,0.009684722294469594,-0.013089536670784163,-0.0024726797371772413,-0.013257113753411482
2009-04-06,-0.00836727561668038,-0.02727799250451657,-0.028198066019330614,-0.0026398821728852093
2009-04-07,-0.024143669317648886,0.012202936547797805,-0.03792865202720508,0.0027035044358674556
2009-04-08,0.01171455708684821,0.002942815463823578,0.004668627909032441,0.005478035767820687
2009-04-09,0.0373470906207336,-0.002942815463823578,0.05630301155053408,-0.006693381843493446
2009-04-13,0.0025301658560268336,0.014069678689391019,-0.04282602658040657,0.007122751049434381
2009-04-14,-0.0202685172249355,-0.004256265066847398,-0.012869660748223932,0.005231443268239718
2009-04-15,0.012470930388817969,0.0021303628238795724,-0.0032434621513623973,0.0024560819834712525
2009-04-16,0.015419309485732668,-0.015236455452009245,0.014713548629771367,-0.006036693561119034
2009-04-17,0.004957054226538915,-0.013625862954765644,0.006978440921378226,-0.00850157037832892
2009-04-20,-0.04373220914165632,0.02234472276205768,-0.09257204162744914,0.00764265442621238
2009-04-21,0.02102938421614553,-0.005539581722063147,0.013637991605907729,-0.004976450490945643
2009-04-22,-0.007711320225478602,0.010936477917778298,0.049087040105078916,-0.005216542518950186
2009-04-23,0.009873443065782084,0.015687073120011163,0.015639609484968453,0.003305262297792346
2009-04-24,0.016657834020331386,0.008463860553517222,0.038158238925226406,-0.005808148808222544
2009-04-27,-0.01011758749904601,-0.006809418043446591,-0.027733115105779582,0.006582208899381355
2009-04-28,-0.0027442976398495134,-0.016220816181079734,-0.004397393175810116,-0.006836628653053168
2009-04-29,0.02137985372716411,0.0078099248863923165,0.020815560920003584,-0.00791194510963951
2009-04-30,-0.0009505192207450719,-0.010164818697878886,0.0029385408736124496,-0.0022661324694944534
2009-05-01,0.005381880325808552,-0.0034865205900747043,0.0398826215135597,-0.004131582817809024
2009-05-04,0.03330724358772574,0.01564977209423457,0.023591703117575857,0.0015740518815029994
2009-05-05,-0.0037989294772939886,0.0023265247687760393,-0.011633425635570127,0.00012527778035118466
2009-05-06,0.017254618329419102,0.007496438751917189,0.04538807698599534,0.0005513049820470763
2009-05-07,-0.013290338985760819,0.004930166107858014,0.00654578072535017,-0.01197342986328885
2009-05-08,0.023783902379113542,-0.000655926095377346,0.033295983312102706,0.0002999942272775209
2009-05-11,-0.021747190202753508,-0.0015322585851755832,-0.002219774956208731,0.009745219827263767
2009-05-12,-0.0009793349834765763,0.011434919044326364,0.005965053540200493,0.0005517366606530669
2009-05-13,-0.02726319853661252,0.002163332374257365,-0.014204021194997196,0.006103975369299047
2009-05-14,0.010298431992771917,0.0026976007726489115,0.010288130478728341,-4.75780231629421e-05
2009-05-15,-0.011475676904066923,0.0031201535625431376,-0.03967115190517578,-0.0012418883884762922
2009-05-18,0.029936594996533117,-0.010366183483647262,0.04664100341666266,-0.007352194501978423
2009-05-19,-0.0017383460198727718,0.005412440216615799,0.010448405551230167,-0.0025869409539923064
2009-05-20,-0.0051446726880470806,0.011485139156709678,0.03928517894092742,0.0036134681397424796
2009-05-21,-0.01689955803033616,0.014620440408921631,-0.016086165005634534,-0.012612005239141383
2009-05-22,-0.0014983325081701082,0.008065839838355515,0.010104371252475097,-0.007844658507107425
2009-05-26,0.025962207600157328,-0.005649758157545648,0.012568689476164074,-0.003633853309190439
2009-05-27,-0.019153424774367878,0.00010495370280239058,0.01588595739626708,-0.01662080117846114
2009-05-28,0.015301255166552785,0.00866980699787856,0.02536510430162142,0.002057143277139466
2009-05-29,0.013483445887850998,0.01783275406825613,0.01872336807642494,0.01751332214507063
2009-06-01,0.025489943861423114,-0.0002043651900160981,0.03366029517161184,-0.02058344816902026
2009-06-02,0.001981336974748338,0.004689616760363613,-0.00043752320728085436,0.0060530759155803015
2009-06-03,-0.013834465750710123,-0.019202738321654422,-0.03609213603486072,0.007915232761761657
2009-06-04,0.011418220142165758,0.017166492479470996,0.03987773324181365,-0.013535078336628608
2009-06-05,-0.0025178574888160554,-0.02007376041363873,-0.005391563037783875,-0.011868507768340794
2009-06-08,-0.0010110654544455144,-0.010452692506764727,-0.005127178984697167,-0.002066051385895142
2009-06-09,0.0034970597611723164,0.0024137995434356796,0.027807813790817093,0.0027062366686657394
2009-06-10,-0.0034864013799680293,0.0,0.018678902457812008,-0.006243640449842245
2009-06-11,0.006093297249543106,0.007622850925021574,0.018749225766729438,0.006246654122297034
2009-06-12,0.00139602084821977,-0.022300295758447497,-0.008844714710513735,0.006265564820878508
2009-06-15,-0.02405559125359691,-0.014140515393596509,-0.019908103623702544,0.006367818386855983
2009-06-16,-0.012801901027886586,0.00505780058232741,-0.0021263247314102784,0.003386594710608122
2009-06-17,-0.0013825234667823594,0.0040707595883242575,0.007915201162738583,0.0023912953541482492
2009-06-18,0.00837581500488227,-0.001497833163073281,0.004775345642701545,-0.015266119394082546
2009-06-19,0.003109358223242431,0.0017115703866288356,-0.02583168921861212,0.003868942333238274
2009-06-22,-0.031078364330823227,-0.016162403752059795,-0.03839866057589081,0.008116433976346066
2009-06-23,0.0023040684995176974,0.0035782622382924956,0.0339313977832818,0.00455587503024731
2009-06-24,0.006503248824326846,0.010979605640643264,-0.008266303487425297,-0.0035911388433411055
2009-06-25,0.021217583998248024,0.005338471070921891,0.022463222002033767,0.011763020055435816
2009-06-26,-0.0014789203486031965,0.001702348141176202,-0.01535290420371549,0.0034902980117622394
2009-06-29,0.009024296841261936,-0.0003189493271724686,0.03313483613087964,0.0013122808161057798
2009-06-30,-0.008567351633166354,-0.014243934348132647,-0.022634981141225197,-0.0024552021655179783
2009-07-01,0.004352444623651586,0.0148817313062386,-0.008333408050558155,-0.0016154732217780144
2009-07-02,-0.029577684825957462,-0.01100613527774641,-0.037934483483721415,0.0042460771521057135
2009-07-06,0.002562462104256369,-0.007224932665948813,-0.040990601232492985,-0.0007824613493356232
2009-07-07,-0.019879785362884483,0.005181345599199361,-0.017641073600943358,0.003999803065594483
2009-07-08,-0.0016699311679353457,-0.021548323063404595,-0.0453478349767531,0.014608781932338586
2009-07-09,0.0035409460623174738,0.0075621208872789225,0.0044794842132409585,-0.010300203852679674
2009-07-10,-0.004029938077683148,-0.004047937405189828,-0.008645115539617443,0.010118931973779943
2009-07-13,0.024627948777227182,0.010902855349896434,-0.003345056911656208,-0.004173458995536637
2009-07-14,0.005301983236098984,0.0003252429052178485,-0.0028520809577461392,-0.008349192139772836
2009-07-15,0.02919943487510146,0.017834567898587395,0.03337498655508497,-0.012285395212193026
2009-07-16,0.00860463469170547,-0.004268494480372809,0.007769536282363099,0.0034004417876280285
2009-07-17,-0.0003827351332095219,0.002243270325744895,0.024527442221523366,-0.007674916253662621
2009-07-20,0.011366702462731304,0.011985069716427432,0.006586164091848978,0.005650440832247596
2009-07-21,0.003620714522427626,-0.002005197694241012,0.011499764244954136,0.009198797077260375
2009-07-22,-0.0005344193762502059,0.006738311973373712,0.0104519901831015,-0.006294856220236169
2009-07-23,0.023022599224312934,0.0015727395116007514,0.026555604942836375,-0.012710568894991595
2009-07-24,0.0030375434434768422,-0.0017826379364578315,0.013164887205819653,0.003387065614315871
2009-07-27,0.00297738912597012,0.0005246314651614625,0.004837570101411615,-0.0034190845701447137
2009-07-28,-0.002609847107349239,-0.01511415748624323,-0.01696071763168039,0.0022223832600642506
2009-07-29,-0.004573406026934457,-0.012646174017243439,-0.059444743732360195,0.002140700387574265
2009-07-30,0.011825384188157706,0.008270292620339958,0.055121849574078396,0.00205879401641226
2009-07-31,0.0007395090837833962,0.01990957157316231,0.036810293003815,0.011870548465423679
2009-08-03,0.015225607827280996,0.0030361363399702412,0.030208705659859447,-0.011342206872102925
2009-08-04,0.0030075704221061983,0.011330119179445042,-0.0022378143899546288,-0.0031770929270099374
2009-08-05,-0.0029178446171664874,-0.00341667027214676,0.007671465952530099,-0.006883072559877359
2009-08-06,-0.005640532654179076,-0.00363655650970518,-0.00041691027681167725,0.0016391805188602398
2009-08-07,0.013349700532252484,-0.003545388921298631,-0.014138992687690255,-0.008743470784205733
2009-08-10,-0.0033505567248806045,-0.012931881707043402,-0.004663356630307369,0.007014298730245511
2009-08-11,-0.012740935609429904,0.0008461898094651588,-0.016423097627625616,0.006622103297363189
2009-08-12,0.011459230792872255,0.005167450901821802,0.010171375001912786,-0.0005170362663119214
2009-08-13,0.006856450796144387,0.004198599585206075,0.005117909666625842,0.009319991981441653
2009-08-14,-0.008567949977279277,-0.008098074604157901,-0.04362054323014419,0.002898916764827715
2009-08-17,-0.024559960849173557,-0.013501520452598115,-0.011321469416590624,0.005755839509688875
2009-08-18,0.010094533393885996,0.003632508710155413,0.035902081515896356,-0.0027895095311441234
2009-08-19,0.006837483447019288,0.005954271271399136,0.04562610025741343,0.005426573996250012
2009-08-20,0.01088922798411307,-0.0031853924140641254,0.001655667422087781,0.0024902823675893903
2009-08-21,0.01845147972542094,0.0136257977299854,0.01843934606452713,-0.009971308006613352
2009-08-24,-0.0005459459189838256,-0.011501075772751612,0.006475179106241846,0.0053359933164264
2009-08-25,0.00236666381836681,0.002332004683360367,-0.03169230684488422,0.003833267768342228
2009-08-26,0.00011671995565354365,-0.00021178759961060223,-0.008642411362384195,0.0011451303226171388
2009-08-27,0.002777900271591527,0.0012699887565581491,0.014730638404216734,-0.0018776398021529198
2009-08-28,-0.0019903077323775165,0.012089503354442144,0.0034428183473389495,0.0010609879604052438
2009-08-31,-0.0081091985403825,-0.005553519548103125,-0.038967773126851846,0.004345433991299089
2009-09-01,-0.02237222631680602,0.003147295885384871,-0.027680863120670196,0.0023261689642406175
2009-09-02,-0.0033018843457508495,0.022679958838283554,0.0,0.006902478739135485
2009-09-03,0.00849858245094115,0.0194692953210458,-0.0013234906111216915,-0.002656792562654585
2009-09-04,0.013032243708162028,-0.0009041678150394361,0.0008824468947237207,-0.009443916601210939
2009-09-08,0.008806045829839348,0.003010841221180449,0.044285585121277116,-0.002128487568768659
2009-09-09,0.007752259025442854,-0.002608908368364027,0.002949220455521484,-0.0007008428726342301
2009-09-10,0.01036829277665774,0.00010050396399741146,0.008795936400487037,0.011702332500756722
2009-09-11,-0.0013513389885906335,0.00949864639858955,-0.03753186335190861,4.8215866904271586e-05
2009-09-14,0.0063191074071058395,-0.0049880389516223644,-0.0062251420782333255,-0.005168731098368126
2009-09-15,0.003130436490645039,0.005087522094869179,0.029618012742451683,-0.0037270252326619
2009-09-16,0.015207308062442415,0.013736096448258905,0.022031033328197225,-0.001456796240827416
2009-09-17,-0.003064329005571409,-0.006498680395438328,-0.0005518128792409982,0.006283006141073066
2009-09-18,0.002633867594107109,-0.003067007683343448,-0.00595116694909148,-0.006239267727700156
2009-09-21,-0.00341311420788859,-0.005464765880867084,-0.03287776665141706,-0.0009517714729074267
2009-09-22,0.006553348588267838,0.010406952415250359,0.026052782289624155,0.0027406374328068825
2009-09-23,-0.01011955845312329,-0.001183911148353367,-0.036724903512315166,0.0033329570110345835
2009-09-24,-0.00955654819177365,-0.015419355484664443,-0.045684969479705906,0.0032529672840731208
2009-09-25,-0.006109360827818655,-0.007345193508852432,0.001970999915284821,0.004526442029659223
2009-09-28,0.017652853549567027,0.002320057306179457,0.012343973360178673,0.0024157259617206017
2009-09-29,-0.0022320656428957975,0.0006043267642770189,-0.0019467959405679025,0.000977233986227788
2009-09-30,-0.003333852135212645,0.014892109305691292,0.05681693317480274,-0.0011377259411505664
2009-10-01,-0.02609721149328159,-0.008468294690858968,0.002969656202345128,0.009739169582214989
2009-10-02,-0.004515705309363405,0.003695028106294629,-0.012360784890796062,-0.002165961450410086
2009-10-05,0.014765453960325026,0.013367197240888196,0.006554693058465233,-0.00012689289472152035
2009-10-06,0.013612415569053127,0.021311528615876263,0.0066529170048266195,-0.0019073271256610622
2009-10-07,0.0027079365605269246,0.004515184372023029,-0.018654831998128785,0.006341660355881848
2009-10-08,0.007442145876693118,0.011531051828550964,0.030017866370877222,-0.006655857458797076
2009-10-09,0.005624810543572778,-0.007227090529354108,0.0011152127486599994,-0.010737502641136272
2009-10-12,0.004376777568566581,0.008458023664125847,0.020684687687449355,0.00047130807728484555
2009-10-13,-0.002791504630812902,0.00707249904093743,0.01193888680627797,0.005882636439259375
2009-10-14,0.017393743058258693,-0.00028187280977309825,0.013795153033086649,-0.009201236631101267
2009-10-15,0.004148850316393116,-0.013341708139990693,0.031424443418669235,-0.0038068390279814104
2009-10-16,-0.008131023468329168,0.0008568458926996314,0.012171016228395892,0.004595210738325452
2009-10-19,0.009361366739514487,0.006261972697648943,0.01365901892489152,0.001987888144751706
2009-10-20,-0.006258649187024901,0.00047279087156937294,-0.006553322538996653,0.005031878411376609
2009-10-21,-0.008893233917182108,0.005562024561628576,0.02842029023453918,-0.006093085009321647
2009-10-22,0.010587374358508761,-0.005562024561628576,-0.0022145715181620673,-0.0007055221009726449
2009-10-23,-0.01225331535289964,-0.002082023290920887,-0.008534932520119831,-0.004393012670859535
2009-10-26,-0.011786514446439078,-0.012871417930402806,-0.022868187024963404,-0.006462026630534851
2009-10-27,-0.003323307116675167,-0.007126402150334776,0.010996795747003851,0.007861546934848331
2009-10-28,-0.0197343861452417,-0.004649748583262614,-0.02662413087930826,0.004427936410777189
2009-10-29,0.0222701243339678,0.01589399119738477,0.030638685050202952,-0.007402959827465477
2009-10-30,-0.028466028015250444,-0.006423562014159501,-0.036594925463768746,0.009317331799003594
2009-11-02,0.006435653191021018,0.01309088820547366,0.014568649000968215,-0.0023879078796936884
2009-11-03,0.002423064313306078,0.028911611284338612,0.01864000282635203,-0.00414181233196304
2009-11-04,0.0010420772415047352,0.0022108736262573814,0.010000121482509172,-0.005963229246194443
2009-11-05,0.0190528872206146,0.001838742900872603,-0.009748843095210624,0.0012279017591039993
2009-11-06,0.002500124319576358,0.005861381950603928,-0.02789104572835921,0.0026527567394320226
2009-11-09,0.021995084915274354,0.005191571548221141,0.025501828147168837,0.0015639714984182194
2009-11-10,-6.3992141384972e-05,0.0009987521140404354,-0.0047955322262200895,0.00047368094125167223
2009-11-11,0.005019357795690738,0.010921156837166102,0.002905272363475042,0.0008091516063981173
2009-11-12,-0.010312359059077458,-0.007207238404949301,-0.02995994556891901,0.002489435381058773
2009-11-13,0.005722887256427001,0.009090540704948857,-0.007697917376123797,0.0015656998412293514
2009-11-16,0.014363976568498416,0.019958972287575705,0.03285323551190711,0.00841289012210602
2009-11-17,0.0009189839116237053,0.00017570320589843647,0.0030371810537443977,0.001146291485801849
2009-11-18,-0.00046835078426799015,0.0016669469477434973,0.005544399762786867,-0.003831048655144111
2009-11-19,-0.013516805711666358,0.0006135342637367813,-0.027001165740513144,0.0015681042193056987
2009-11-20,-0.0032201022062015028,0.004371018318064301,-0.009599215780920822,-0.00045758996311199884
2009-11-23,0.013523913934335496,0.015493471170473505,0.010889352410474729,-0.0005414177602891009
2009-11-24,-0.0005334495209039503,0.001030089495090536,-0.020055379494260173,0.004105780210611387
2009-11-25,0.004494006880236157,0.018194707156251155,0.025199443493264084,0.0033492285844579535
2009-11-27,-0.017383699967933985,-0.010757863586142058,-0.02480480406219865,0.004204049316902366
2009-11-30,0.003785818430064758,0.005859163901265951,0.016044115274805648,0.002678169780716978
2009-12-01,0.012002902588402087,0.015125068077877835,0.014006062002702713,-0.0061400482630372035
2009-12-02,0.00034263999883954455,0.010700632604194737,-0.02284417928466187,-0.003925625832917114
2009-12-03,-0.008437597492033433,0.004445569484829548,-0.0018293405321276879,-0.004670752175090521
2009-12-04,0.005494312254292311,-0.04073983390131275,-0.01303247382287065,-0.00850060032580038
2009-12-07,-0.0024714329268036295,-0.004630849751017685,-0.020616538774547166,0.0030774179021697853
2009-12-08,-0.010304492069515447,-0.017865339378396072,-0.017878299889432014,0.004852406430186849
2009-12-09,0.003665645395977357,-0.019795647906921232,-0.027219275014644495,-0.0024718779943291207
2009-12-10,0.005822720019583727,0.004719234808527872,-0.0018411910060880388,-0.004810579417045896
2009-12-11,0.003676328028912934,-0.005612171717756631,-0.00954352591249652,-0.004710656455285854
2009-12-14,0.006935296207216446,0.003477975848773518,-0.005165754029148317,-0.0003609880711621589
2009-12-15,-0.005562408837016086,-0.0008015535760756975,0.016833496874559373,-0.004609927071016759
2009-12-16,0.0011275940949078134,0.011603811005702624,0.027486922474018627,0.000726588504139261
2009-12-17,-0.011880913538032445,-0.025600069516358737,-0.0001376661742362728,0.009278622774366295
2009-12-18,0.005812952040881392,0.0036075073610097874,0.009725425248717556,-0.004792629933816279
2009-12-21,0.010448977120225855,-0.013960904752837955,-0.01220613630271572,-0.011150409593889923
2009-12-22,0.0035572134993948623,-0.008618394143545594,0.02628326238272649,-0.0049859777437732304
2009-12-23,0.00229602068683743,0.00669946860778925,0.030054511340348533,-0.0001824645333191716
2009-12-24,0.005242407471723887,0.009829811231236718,0.017839212372956936,-0.004720139000722245
2009-12-28,0.001153415281841319,0.0028037604299511187,0.009182485036850707,-0.002732366226897639
2009-12-29,-0.00140203408860895,-0.009255080487627687,0.001268791135738745,0.002875471972318434
2009-12-30,0.00019541047723503624,-0.005026284285231775,0.005184912390301832,0.0022165491550684507
2009-12-31,-0.010100435863962254,0.003384053400488085,0.0010085960431718277,-0.004710228772618941
2010-01-04,0.015916082167126255,0.020336008314825627,0.026731267647027046,0.0003172638334405018
2010-01-05,0.003110831966759875,0.00035783561269830955,0.003184648805954815,0.007267277711720966
2010-01-06,0.0005453718878234426,0.015794515412509647,0.01709655086310491,-0.004224511698277361
2010-01-07,0.003993218354654715,-0.0024680918902548754,-0.006271084596757959,-0.0010033756644133216
2010-01-08,0.0028775830750955578,0.00449080642933275,0.0010881608703039447,0.001306936669740206
2010-01-11,0.0017452316285844205,0.010922386126404504,-0.002783366734363746,-0.0006736850263248254
2010-01-12,-0.00942544643894383,-0.019126681502084075,-0.02118744069900469,0.008356154279942024
2010-01-13,0.008291456333360259,0.006621663569801761,-0.014211151310446368,-0.005140036393960581
2010-01-14,0.0024234864214136564,0.005440953459530107,-0.0032696474643509887,0.004208102955785481
2010-01-15,-0.010882126301208217,-0.011000243160598444,-0.017663581359414593,0.004965025987988566
2010-01-19,0.012422151207736931,0.008458924256074418,0.012992115811576888,-0.002424786297319025
2010-01-20,-0.010654386601861354,-0.024335039522402013,-0.017875781175430205,0.004136783091979182
2010-01-21,-0.019126657272988012,-0.008668314012208356,-0.020039719021113456,0.004144181811209236
2010-01-22,-0.022389779630108464,-0.01231823651385966,-0.020449535971149402,0.0012270450594067059
2010-01-25,0.004587559053796042,0.0054935134202303,0.009612907216488331,-0.0025207673210652895
2010-01-26,-0.004212057847785999,0.0024623360872553235,-0.007334873816668974,0.0001440476235889253
2010-01-27,0.004868282868612184,-0.012372425339341575,-0.01401830389339409,-0.001020454540732109
2010-01-28,-0.011888125534279759,-0.0007380524579723158,-0.0004072877633394256,-0.0010191067440262775
2010-01-29,-0.009877799049982094,-0.0005538406794372008,-0.010236901056037695,0.004227864963115665
2010-02-01,0.014165305546369744,0.019476726268452538,0.02090764345146745,-0.0035980201962425716
2010-02-02,0.012889520445202862,0.011792885604595682,0.036928935575884836,0.001726098447154706
2010-02-03,-0.005489350382538838,-0.005384076061273113,-0.0032423345844101448,-0.005495704544011962
2010-02-04,-0.03163585604980668,-0.04508998111049234,-0.05117028708720728,0.007895305923538721
2010-02-05,0.0028929303608267176,-0.009647358811312401,-0.027023010966247263,0.0054921226766127635
2010-02-08,-0.008902803100374612,0.01274865051805918,0.009784771095692868,-0.0036952025757958644
2010-02-09,0.012955841773586663,0.010268948062854832,0.02554383071422528,-0.003269609713286972
2010-02-10,-0.0022350694280079964,-0.0008361462449988366,0.010386505466039253,-0.004917423506881928
2010-02-11,0.009633882335101873,0.01695884177835083,0.010146978375651372,-0.0030833993198896422
2010-02-12,-0.002748366119941892,-0.004304582620552111,-0.015394207443875985,0.003467374588951344
2010-02-16,0.017840653536262074,0.026984658134351136,0.03811503967306429,0.002556398283892587
2010-02-17,0.004229004596710162,0.00017862351978337188,0.004146691008587666,-0.0063117057935137295
2010-02-18,0.006563157733795677,-0.0013407823237647776,0.022125024688719463,-0.004886385139522505
2010-02-19,0.0021842348635905395,0.0029473952977854267,0.009441752309571783,0.0018860018743479979
2010-02-22,-0.0010464051249199358,-0.007789173314889375,0.004375903723863317,-0.001253362972733149
2010-02-23,-0.012176644945198767,-0.008937923213824917,-0.016350546832384794,0.009113431522008258
2010-02-24,0.009673519697190436,-0.005638384626172943,0.014352498484715426,-0.00018542040952188236
2010-02-25,-0.0020832085528654787,0.010252821817720914,-0.02314071586565003,0.0045555256624921076
2010-02-26,0.0014043925568580917,0.00943360802129245,0.01888170491701313,0.004063251338106358
2010-03-01,0.010107257423602967,-0.000447207179014697,-0.012124507078987712,-0.0007739972013590632
2010-03-02,0.002327731002886857,0.016942770091358028,0.012375500460103162,-0.000523320498958058
2010-03-03,0.0004291095214004059,0.005088558812882837,0.01482434396429877,-0.000772396337373779
2010-03-04,0.0037291560795713607,-0.008877987298245849,-0.008194777105955176,0.0017271796093942418
2010-03-05,0.013910282801603557,0.0019406138387152438,0.015954836282113583,-0.0061667896781771965
2010-03-08,-0.00017561143217648123,-0.009918672460991651,0.004529636689627914,-0.002009831039820052
2010-03-09,0.0017112720239724766,-0.0014249874190186418,-0.004652369818949786,0.0007277837163203178
2010-03-10,0.004514354904213036,-0.012736696406977721,0.007335874631771766,-0.001427717433419395
2010-03-11,0.004033374313506144,0.00018047763156570085,0.0002436574047708362,0.00014761904875437417
2010-03-12,-0.0002173695700928846,-0.0058837010648318255,-0.010652108737157384,0.0009767463391912887
2010-03-15,0.0004520926234361511,0.0032629192601643098,-0.017884167718539068,0.0006448475546895937
2010-03-16,0.007749014983159164,0.015355194303237063,0.023530421814398572,0.004387234726850956
2010-03-17,0.005804795332563728,0.0016027506478373255,0.014942917630293095,0.0010600324049410107
2010-03-18,-0.00032589912668878895,0.003020366849029621,-0.00884161720690635,-0.0023474498068886697
2010-03-19,-0.005099426451613098,-0.017899170867508474,-0.01866454806757023,-0.0010993761834106489
2010-03-22,0.005082359099180422,-0.007341289432869935,0.00704010434129021,0.0021407576260253055
2010-03-23,0.007145377784800289,0.0038132886945039246,0.008090307026604293,-0.001266211949169811
2010-03-24,-0.005508447887288881,-0.01359450212371982,-0.01599840936928043,-0.012136428787605135
2010-03-25,-0.0017056210833281682,0.0037592083178719093,-0.000992948218081935,-0.005762738228696454
2010-03-26,0.0007374506159880667,0.010469393738636867,-0.0066031359752072305,0.00394206381260878
2010-03-29,0.005667146312798188,0.005509246408054835,0.026763614985477524,-0.0005876948710163932
2010-03-30,4.265846293094455e-05,-0.005237549177463663,0.002431076638243823,-0.00017578358948633894
2010-03-31,-0.0032782423180330866,0.007935877733399543,0.0167342657688625,0.003038186535827049
2010-04-01,0.007386454005524179,0.010543277283995067,0.013165114277344792,-0.0019881158169303766
2010-04-05,0.007896729443087835,0.006908839551936552,0.020410061151075354,-0.010886937481564062
2010-04-06,0.0016828788753491253,0.0019399928234982156,0.0025365353444382066,0.0022874636732562073
2010-04-07,-0.0058940429672622585,0.01503925614145718,-0.011116361810369568,0.008798823498895816
2010-04-08,0.0033686614308550134,-8.687147434383036e-05,-0.005721950257250086,-0.0025582752681070136
2010-04-09,0.006661668296831458,0.0076946946861795595,-0.005519375498762358,0.0008122004099728836
2010-04-12,0.0017650508571405155,0.0004305334466216948,-0.00685341037531817,0.0036137338868501793
2010-04-13,0.0006851660398368153,-0.007604536011492691,-0.003444308734161794,0.0030403692914942344
2010-04-14,0.01108836309990835,0.005363756298328859,0.021073159496942218,-0.003471361843765179
2010-04-15,0.0008421839911774143,0.0006037445188047386,-0.0038517025103104174,0.000729493455845109
2010-04-16,-0.01625798241854781,-0.02038389596343748,-0.026905377288168886,0.006601038371013719
2010-04-19,0.004511140739530184,-0.0009686090620819598,-0.021738678281738366,-0.0029037607227642716
2010-04-20,0.008026045737071108,0.002990612241767998,0.024258315957761845,0.0003161227973457158
2010-04-21,-0.0010195164357016395,0.008396040132929272,0.0027523904256030463,0.005698577235498744
2010-04-22,0.0022613206430897037,-0.005151639722385859,0.00023893707121125374,-0.0026622428590786546
2010-04-23,0.007098267683218751,0.009410130119176685,0.016823116825747775,-0.0035620579778226982
2010-04-26,-0.004305704355092921,0.0003468520092830829,-0.010867172856383611,0.00031643967896089533
2010-04-27,-0.02365964017870148,0.007083608874006941,-0.021124099367527904,0.010525289195766322
2010-04-28,0.006441958378180956,0.008229877275134356,0.009416932586582938,-0.006714247842472057
2010-04-29,0.012860180281289324,-0.002478972354069242,0.023161519430985322,0.0038775342214478164
2010-04-30,-0.01678781013986619,0.00996384753469215,0.011440743031656986,0.005549534259022952
2010-05-03,0.013035257453261728,0.0022007590281978295,0.00046420929934853916,-0.003337801268495849
2010-05-04,-0.024127199957417744,-0.011993488743152092,-0.040851054770500994,0.007810939608250208
2010-05-05,-0.006608341800780515,0.005121213074799513,-0.03405155560635986,0.0054076467526790045
2010-05-06,-0.03288844064396379,0.018807257973652902,-0.036418597848106415,0.012936117417042519
2010-05-07,-0.015426646180906722,0.010885458313715901,-0.026279267936182293,-0.002470856114071221
2010-05-10,0.043034704145615166,-0.007965504686302083,0.02225096606603305,-0.00906033258167926
2010-05-11,-0.0034030759184666692,0.016114053263374117,-0.0056146950256152905,0.00047491861415482444
2010-05-12,0.013645992401825069,0.018517484352124747,-0.009472524459832599,-0.002531426278974867
2010-05-13,-0.012219499889225105,-0.011248269390146781,-0.01666149805643702,0.00039206001309264444
2010-05-14,-0.018978981387950178,-0.0011399922839627763,-0.03822122480604939,0.01038938966170527
2010-05-17,0.0011087536210085958,0.0002443295688872027,-0.021597264785921944,-0.0023797734295792055
2010-05-18,-0.014297631784997655,-0.010974641144064101,-0.009606470644164311,0.008227870072994836
2010-05-19,-0.005143468860016043,-0.018032042052983144,0.00660540976221391,0.0015677994460145744
2010-05-20,-0.039755795837765895,-0.0040328795279185314,-0.026981627276167153,0.008183138726122157
2010-05-21,0.014912632585704522,-0.010239224347209586,0.029411735891061497,0.005569661906568059
2010-05-24,-0.012992046323687667,0.01527786429339173,0.0024242175001711885,-0.00216504863355809
2010-05-25,0.0003538747646523177,0.003345043959224192,-0.021014001442633656,0.0060053162639678356
2010-05-26,-0.005677078693651083,0.012857378706691236,0.03936059338679421,-0.00497031715340176
2010-05-27,0.032347311768676335,-0.001154564182172635,0.041632752212989566,-0.010003654200923997
2010-05-28,-0.012451892345405113,0.0002474541168790978,-0.007810460044010092,0.0032620198897041746
2010-06-01,-0.01731435332459874,0.010340754973077182,-0.018970195089441866,0.0005540204388636134
2010-06-02,0.025514428108341924,-0.003435084100971153,0.0038503729444512302,-0.0030781737225803415
2010-06-03,0.004043191983442718,-0.010128067664846085,0.023734754706518757,-0.003659407436131978
2010-06-04,-0.035017442089830375,0.006516750094045065,-0.042437224730507594,0.01577755640388228
2010-06-07,-0.013624466165715887,0.018815539932685255,-0.000979359191012108,0.0010625451292208506
2010-06-08,0.010916267643518829,0.0037852508285354247,0.00766922006475923,0.0014885362340318281
2010-06-09,-0.005959396741888057,-0.01253808133789125,0.03265986076334926,-0.0014903753132038428
2010-06-10,0.029079845666177384,-0.006287491434215475,0.01468071340425503,-0.01102831574685679
2010-06-11,0.004370115742617031,0.0066130586301316185,-0.022780089351473798,0.008879968118549464
2010-06-14,-0.0018062939317564641,-0.0045673151891936214,0.017999195839247584,-0.0048691110078343345
2010-06-15,0.023222450598500366,0.008060212449386484,0.0239390575928482,-0.0028291219736688833
2010-06-16,-0.000556089354095235,-0.0031674360237801125,0.00944312980130757,0.0025018656369222812
2010-06-17,0.0012821858123892582,0.014696607232111525,-0.01139462359182275,0.00795423143837249
2010-06-18,0.0013162641384552032,0.007745438458949039,0.0050659247986182265,-0.0026753385493850238
2010-06-21,-0.003864297943398931,-0.014017611627571647,0.008258103571296083,-0.0015685759372612666
2010-06-22,-0.016201225086989623,0.0001613754190925576,-0.007869493171750008,0.0066847943031921745
2010-06-23,-0.0029899392610692743,-0.004688811199894616,-0.011200958783772919,0.004478892701788381
2010-06-24,-0.01694628320495095,0.009195116025986216,0.0020934674853672064,-0.0005589801373907912
2010-06-25,0.0028552819315450506,0.008235802859860364,0.030252657024473883,0.0009775973565295684
2010-06-28,-0.002036009610653977,-0.01411418591172886,-0.007765306768902747,0.007065784234375293
2010-06-29,-0.031508230342208954,0.0030643108430572497,-0.02996524246746013,0.005709175403559672
2010-06-30,-0.010164453973334986,0.002814072208811247,-0.004090593400904119,0.0014945543240450696
2010-07-01,-0.0032457133092442803,-0.031979191653301875,-0.03607876041665925,0.002184763733920896
2010-07-02,-0.0046732717543021,0.0009114435337522764,-0.011165566120500792,-0.004352301949054871
2010-07-06,0.005344725887457713,-0.010490459373536432,-0.0022203177268229624,0.004166398687602979
2010-07-07,0.030850023008263783,0.0031753404461198897,0.028622238617182383,-0.004008180643735345
2010-07-08,0.009368654951658506,-0.0023387303754462963,0.018327082782328752,-0.0033120784463834905
2010-07-09,0.007178063766628995,0.01147424796186236,0.008579131372347781,-0.0029619947655536087
2010-07-12,0.0007326336059527705,-0.009218931367246164,-0.015095618228417429,0.0009777576461026006
2010-07-13,0.015261822735573638,0.01227318542745337,0.02893041475589264,-0.005683755854482282
2010-07-14,-0.00015514366479330022,-0.005371691556161018,-0.0014268192135880042,0.0056039923680801665
2010-07-15,0.0011953885564128797,0.001076588571142345,-0.005466604254356966,0.006308395782464746
2010-07-16,-0.029242909700749387,-0.016777636394283313,-0.007993236436758977,0.003476140812896635
2010-07-19,0.005964069587908405,-0.0053171825978592935,0.006948553276433955,-0.0020332715875637205
2010-07-20,0.011351874168992637,0.008258979214065931,0.011689982535765253,0.0028738310020602225
2010-07-21,-0.012902699582285848,8.39038118582991e-05,-0.0114287592388429,0.0035684123662471927
2010-07-22,0.022263687822425382,0.0032675865477242994,0.03516345186860459,-0.0033304892838490136
2010-07-23,0.008186420184344456,-0.006545885229683357,-0.004043468762414015,-0.005207470563736497
2010-07-26,0.011137908716730038,-0.003965037690309536,0.0,0.00011880952214437818
2010-07-27,-0.0010499083075199422,-0.021359205845446816,-0.018916762002791465,-0.004420332987039839
2010-07-28,-0.006946032638279753,0.002070415153659688,-0.006602420816199661,0.004069490850962374
2010-07-29,-0.004167292220516927,0.006870518122280345,0.01763808532230904,0.0002907697030062536
2010-07-30,6.34971961988029e-05,0.011318725915851147,0.007501101181929037,0.008052786526103648
2010-08-02,0.021783528781166517,0.0014376335483019531,0.029823153409493486,-0.004700613202916818
2010-08-03,-0.004807894641330357,0.0015198236281603883,0.014766351877901762,0.0043417645572707475
2010-08-04,0.0060328780600285015,0.0071461906949439324,-0.000969601687686783,-0.003154117567303173
2010-08-05,-0.001269329843214706,0.002927769997135954,-0.0055933885503138825,0.0033066752292467863
2010-08-06,-0.003710915566397688,0.005165447880548513,-0.01610267963691392,0.007995487121820431
2010-08-09,0.005468087107406205,-0.00224622470353264,0.009619095098263308,0.00028525310361252325
2010-08-10,-0.005985281603927639,-0.0037548545791992183,-0.015210870547958777,0.003669842220631103
2010-08-11,-0.02858340599796172,0.0010862254939798532,-0.028181600958193442,0.008480548191753465
2010-08-12,-0.005393266400071539,0.014343444080896717,-0.029658766783068558,-0.004242179035052377
2010-08-13,-0.004031690712189118,8.229459026232178e-05,-0.004631762141174889,0.004205873840849517
2010-08-16,0.00012045128871118749,0.007870808435993304,-0.001991656087076521,0.010012999934831235
2010-08-17,0.012118489601347981,0.0017134968958103514,0.0070194155984122375,-0.006013255069814724
2010-08-18,0.0014816804859387744,0.002524103183020543,-0.004629924086918535,0.00045448216911096636
2010-08-19,-0.017080435856896337,0.003328679879881058,-0.013213377080114164,0.005539145843763436
2010-08-20,-0.003669753922920016,-0.005363765526181119,-0.013118062543406417,-0.002785402533191958
2010-08-23,-0.004048490794552606,-0.0002444291286334277,-0.004912682046708916,0.000541286540389763
2010-08-24,-0.014618768361991386,0.003985871196475976,-0.02031440359953507,0.00960736521502616
2010-08-25,0.003283944691637508,0.006231518582649365,0.012348397314545956,-0.0033262061896358825
2010-08-26,-0.007714466580892143,-0.0033132484513753724,0.011516496671273302,0.0035327456979435865
2010-08-27,0.01645071040328272,0.0004855349937660236,0.024373354562368554,-0.01326235008167461
2010-08-30,-0.014828611113085088,0.0008895521162353148,-0.006272139545275834,0.009499599624175847
2010-08-31,0.00039071808849211465,0.009012753638830695,-0.03792568658149165,0.006091578979824818
2010-09-01,0.029077736386750708,-0.0016034637619029013,0.027293821641259264,-0.009103536896132077
2010-09-02,0.009039852986734154,0.004163630861030221,0.014906513561538048,-0.003919674601492047
2010-09-03,0.013132393793161334,-0.0018395245504221336,-0.005614213150984426,-0.006689458873007363
2010-09-07,-0.011537491412767942,0.006463296113427219,-0.006859965754859587,0.008596752260754386
2010-09-08,0.006418059490902905,-0.0013530769111760321,0.007797859524936612,-0.0038260948072961157
2010-09-09,0.004820652058996622,-0.005350343106166555,-0.0056406028428419575,-0.009188826454078378
2010-09-10,0.004851545040690297,-0.0035293406098446667,0.02919911477391235,-0.0028388182158223473
2010-09-13,0.011069126603144852,0.00048198554260547866,0.009633054133570518,0.004806154283409547
2010-09-14,-0.0007133739296074637,0.019564785269065688,-0.005065266700236215,0.006654198837260399
2010-09-15,0.003534883802268851,-0.0023655586772370896,-0.010208260487512,-0.004854716830812482
2010-09-16,-0.0003644100558464203,0.004096809710311788,-0.0192581419393143,-0.0030193167887764597
2010-09-17,0.0008265141149328414,0.0029047723442321427,-0.012278316729919858,0.0012395435151495524
2010-09-20,0.015095287889557163,0.0026618855822180265,0.016159749896213604,0.0035929610588009034
2010-09-21,-0.002567313120714232,-0.005173622516442933,-0.018062278242234164,0.009916785729843877
2010-09-22,-0.00483717279445095,0.013892307190348063,0.016056507346005944,0.004141102237935638
2010-09-23,-0.00836624017784171,0.0031728389211513885,0.006271302462005579,-0.0005131778658534075
2010-09-24,0.020972915547808668,0.0013125517383203444,0.01727474321024136,-0.0048865074848864
2010-09-27,-0.005683553181934364,0.0005399399869343569,0.0003921152964938557,0.008456120955266265
2010-09-28,0.004838660735848599,0.007605786822311167,-0.004453135645595019,0.005479409242967515
2010-09-29,-0.0025911128831443975,0.0014531182487349525,0.021813384964959326,-0.00430103025375901
2010-09-30,-0.003088486706455562,-0.0005350695069461509,0.02673922958691133,-0.000867691308900428
2010-10-01,0.0044067143598951475,0.006326425826713944,0.019932576725997464,-0.0006910689042172402
2010-10-04,-0.008067386519721609,-0.0005319788625364197,-0.0013492870282902913,0.0042403849035601605
2010-10-05,0.020646722507163595,0.017707579110320282,0.01643470512659473,0.0005389363659181101
2010-10-06,-0.0006722304595951911,0.005585982471688844,0.004938325658605969,0.0067311806990019915
2010-10-07,-0.0016478755817939117,-0.009327381559674386,-0.018921185141198116,0.00036056271308079253
2010-10-08,0.006103613171283939,0.007692003761054167,0.012049138436847073,0.0014228733872948395
2010-10-12,0.003957309937336895,0.0011152832521199585,-0.012049138436847073,-0.0035274123602785914
2010-10-13,0.007095785561559431,0.017531422240192107,0.01627439325153901,-0.0006985923813867655
2010-10-14,-0.003648032184402794,0.005243585898250913,-0.003862402942679033,-0.005536665389201335
2010-10-15,0.002025432873274724,-0.004075976044960683,-0.017567884049034532,-0.0070017283743176
2010-10-18,0.007217634690706021,7.291367731543374e-05,0.02227319983772169,0.007585194236628508
2010-10-19,-0.01600464402905466,-0.02668005612400659,-0.04417282033675107,0.001508551668825119
2010-10-20,0.010469082613678182,0.006123132308617052,0.02827918640970406,0.0005388444618496764
2010-10-21,0.001772336952799769,-0.013943327587893961,-0.014908169015654948,-0.005261448789946608
2010-10-22,0.002386408784290417,-0.00022643672330868725,0.013929407135142569,-0.0027066373199274582
2010-10-25,0.0021446701468814666,0.010440643180368525,0.010109022282799529,0.0008915546941456176
2010-10-26,1.6885142217759608e-05,-0.00022422659934129285,0.00036355981192670583,-0.007065637235050744
2010-10-27,-0.002694209639216183,-0.011878982718150688,-0.007416905420962294,-0.006512969079049236
2010-10-28,0.0011242172367564862,0.014938554242795554,0.00292466525499524,0.0045596258447769
2010-10-29,-0.00043938381356856127,0.011114518884629554,-0.009168207942020778,0.004393450567530891
2010-11-01,0.0009460857172536308,-0.005097358653301853,0.018494220619376556,-0.0012953599693145345
2010-11-02,0.007729336064693726,0.004581455806499157,0.011387651813913102,0.0030821933843267033
2010-11-03,0.003671306443685296,-0.014331077888990684,0.009371928101032267,-0.0020839771255914768
2010-11-04,0.01909930440966523,0.03353500271930976,0.02103121585818979,0.011992559450312919
2010-11-05,0.0039150790536108815,0.010503763950063139,0.0041536994987252385,-0.004469037513102411
2010-11-08,-0.0021232098228605167,0.003928436042611949,0.002415032963366315,-0.002267825703364294
2010-11-09,-0.008084894540661303,0.004977610900923857,-0.003912956313640414,-0.008279291507920426
2010-11-10,0.004366533579725385,-0.007618729685156644,0.012490809800911329,0.0010663719119156537
2010-11-11,-0.004251149890857064,0.0028549017104566587,0.0,0.00010507936515505352
2010-11-12,-0.011878766244753258,-0.027236613135163346,-0.03393689962130608,-0.009278260636494007
2010-11-15,-0.0012181773094548376,0.0021947480800701413,-0.00023561498068325193,-0.013254315049653916
2010-11-16,-0.01633815741468858,-0.02224200365725526,-0.030145875100334507,0.005651107767973696
2010-11-17,0.0002121403759884899,-0.0011214534802057585,-0.023345376611197288,-0.0013562039691363357
2010-11-18,0.015240583543647546,0.011971719847731599,0.017376689919662347,-0.0031641822875763583
2010-11-19,0.0025371519119099517,-0.000517595108599167,-0.004162546860196237,0.00244726094520319
2010-11-22,-0.0015766088850606153,0.004059196095939299,0.0028177136871079256,0.00548571335851882
2010-11-23,-0.014387031590549881,0.01447820638468933,-0.006012630791827789,0.0045413906007564925
2010-11-24,0.014812715518616848,-0.003344953340669754,0.03161792781099049,-0.012993503311419479
2010-11-26,-0.007496591424233756,-0.00775082507196867,-0.0011931569543719434,0.004436681858280295
2010-11-29,-0.001379810265237147,0.0027122775163039847,0.023247269781244917,0.003750889986528688
2010-11-30,-0.006088715610164108,0.01381337849070352,-0.019077388616776325,0.002279697443261128
2010-12-01,0.021386622263129595,0.0016593076617548164,0.03090494559603485,-0.014249592570761848
2010-12-02,0.012737100160620685,0.000864580463660225,0.014306395651238368,-0.002972730106465726
2010-12-03,0.002599854016351877,0.0120979493828548,0.013432138573002739,-0.001339060447616067
2010-12-06,-0.0012990821033005417,0.007019580110277701,0.002127959724826489,0.006662749229940659
2010-12-07,0.0005149475844579143,-0.004958219364303851,-0.00774974186026256,-0.018955015599209632
2010-12-08,0.003694925752615319,-0.01848988347919267,-0.00463360335486751,-0.005898916542593395
2010-12-09,0.0038353835670088543,0.006919926460453141,0.0010190090494868187,0.001232204655395571
2010-12-10,0.0059837037443601915,-0.005618748890463543,-0.006584967243669304,-0.006048115574981621
2010-12-13,4.8319150458553395e-05,0.009347206064547642,0.009297115580554127,0.0012313435780682857
2010-12-14,0.0009105416846804104,0.004498509284143637,-0.003731157386371642,-0.014308124711663942
2010-12-15,-0.005135617015335825,-0.012979262012137838,0.0038440292032380086,-0.005302241852240464
2010-12-16,0.006166045704273593,-0.010958399477841496,-0.010435732183701418,0.0037455825651816314
2010-12-17,0.0008364544598933321,0.005965787917044274,0.0036421586641974812,0.012553588752535838
2010-12-20,0.002545111460543481,0.004992611560797222,0.008935205535554047,-0.0014711665872338868
2010-12-21,0.006011993849786457,0.0019468234287538522,0.011308435481760526,0.0020759249899456266
2010-12-22,0.003373857625541987,-0.0010089387117142579,0.0073212046472974635,-0.0015559512944447718
2010-12-23,-0.0016456817776040467,-0.004915470868822602,0.01131941036226447,-0.0038247493949968023
2010-12-27,0.0006125096248110751,0.0017376375591764415,-0.005588772754666849,0.003678419858119472
2010-12-28,0.0007710265951414996,0.016358469933077657,0.005370146825260491,-0.010766165928753575
2010-12-29,0.001008636510665184,0.005606248668242664,-0.004052304060712331,0.01195618724283141
2010-12-30,-0.0015093576964178013,-0.0053216148079986425,-0.014147079613781699,-0.0022278634497835286
2010-12-31,-0.00019080765268331135,0.01096696191437374,0.01699633641080034,0.005545896589506636
2011-01-03,0.011251294147760937,0.0010549637197136974,0.001858698376431711,-0.002992133734085636
2011-01-04,-0.0013139246526350234,-0.03149021467398416,-0.02398839167881217,-0.00020496423466377254
2011-01-05,0.0049946760743084795,-0.0037065165009089185,0.010240581442670482,-0.0113521014127873
2011-01-06,-0.002125214370637174,-0.001457301310387571,-0.02149182559307672,0.005520346636037881
2011-01-07,-0.0018464857690823067,-0.0021168841718210984,-0.003968017019714054,0.007822439338822361
2011-01-10,-0.001377275180819204,0.003792544305454726,0.01376376905383303,0.0021617700779402917
2011-01-11,0.0037182062584069087,0.007470063391425974,0.0206261537650807,-0.002992346373317784
2011-01-12,0.00896725379885055,0.0012275346898995565,0.008198111117184936,-0.0010484516770449853
2011-01-13,-0.0017122112404592826,0.0008656663981083668,-0.0050201903873929865,0.004700587044240251
2011-01-14,0.007357410347301752,-0.019292266186344165,0.0015305500722657683,-0.002571408226084437
2011-01-18,0.0013754642661831795,0.00564410600155707,-0.0017494391484706995,-0.002481746797377785
2011-01-19,-0.01016716579338528,0.0015337808521973528,-0.005706739029665009,0.002413225481795228
2011-01-20,-0.001295798403834425,-0.017448045681379476,-0.02225776267230195,-0.010107055410195444
2011-01-21,0.0024106376042603017,-0.004093028969974988,0.0028094640975959706,0.0037539372425065562
2011-01-24,0.005819315234595557,0.002606592427240706,-0.014013087708959482,0.0008086783607583114
2011-01-25,0.0002634277736186519,-0.009115388093256627,-0.019304290779913913,0.007656392326990474
2011-01-26,0.004212024148480431,0.000525232563046707,0.013139877407544631,-0.009030564065964995
2011-01-27,0.0022417910607996916,-0.011013142505554185,-0.0195416107981794,0.0037581704370342004
2011-01-28,-0.018013805424183182,0.01677293051448636,0.042296818338731335,0.004864459950851287
2011-01-31,0.007633349932881117,-0.005159781381155248,0.03140241635956631,-0.00399686280974695
2011-02-01,0.016555791837834732,0.00433899588867348,-0.015522893737153431,-0.0053257692804398815
2011-02-02,-0.0027262302593635823,-0.006064917441172213,0.0009910694930699293,-0.0037185898662178683
2011-02-03,0.002351432290127242,0.015500756332791354,-0.003528114929084225,-0.004208563768211873
2011-02-04,0.0028801110627521,-0.002962306732165132,-0.016818374245231027,-0.009088586633149386
2011-02-07,0.006220782345953246,-0.0005193614389140677,-0.017563143692143512,0.0008103449244960298
2011-02-08,0.0041760203758389736,0.011656383419734517,-0.00619198054014003,-0.006566359797288189
2011-02-09,-0.002789653077800658,0.0010263356787421074,-0.0026490468115811794,0.007052270436007832
2011-02-10,0.000749212207498573,-0.0021271320127924653,0.00023067657135644737,-0.005328212038416463
2011-02-11,0.005492261501887086,-0.0014696159336340386,-0.013348251017432311,0.005303716120445533
2011-02-14,0.0023820846440685273,0.0034501419225705376,-0.0090382007976606,0.0028102815493907343
2011-02-15,-0.0032401546915794555,0.006573685319167133,-0.005794350413040661,-2.3160146993013927e-05
2011-02-16,0.006237938698851586,0.000800477148772849,0.007914496201659738,-0.00027287847577485544
2011-02-17,0.0030709708803797753,0.007247984439805677,0.015991035338678294,0.004066446051311207
2011-02-18,0.0019228727220248487,0.0025244343337211816,-0.0018544704477081453,-0.0011092124133472625
2011-02-22,-0.0207422049204542,0.008821406968376522,0.08203967375992693,0.01088438793149803
2011-02-23,-0.006130715010509213,0.009168850829876618,0.04727753499064491,-0.0020419140700240488
2011-02-24,-0.000994871961243149,0.0013433907099464903,-0.008393945347485499,0.004255251479168934
2011-02-25,0.010495248165325322,-0.00467429863555946,0.006148804844252176,0.0012293598951336154
2011-02-28,0.005545679951232785,0.0004259032401146001,-0.009340545608846007,0.0010611901855483675
2011-03-01,-0.015864861791058615,0.015070638998910368,0.027061631584026635,0.00013547619183858236
2011-03-02,0.001613897889519933,0.004532941421429015,0.025761913117047897,-0.00406008448907684
2011-03-03,0.017072434579239015,-0.014860747011216091,-0.003135102830649217,-0.008877233409877254
2011-03-04,-0.00740538978936911,0.008578880672767575,0.024331103671585197,0.00684543430537029
2011-03-07,-0.008376215256269859,0.004122581784772983,0.00972088346172928,-0.0002803014780047466
2011-03-08,0.008883161530176764,-0.005033181664813924,-0.0039913176636519054,-0.0037897018585984705
2011-03-09,-0.0013626313929711031,0.0016805720309420735,-0.00611271634303634,0.006432397135626911
2011-03-10,-0.019051280476330312,-0.012036110571015612,-0.0162259726827223,0.006537052906105226
2011-03-11,0.007055564524569569,0.0065639145847367075,-0.015108629216322278,0.0001346428526772393
2011-03-14,-0.006067696956773894,0.002178403315712174,0.00029650386569635145,0.004016697013488631
2011-03-15,-0.011263544394846114,-0.022718569429602375,-0.040435029750548246,0.0021606165786117733
2011-03-16,-0.0196874819493722,0.0024385183451531844,0.008198478353772742,0.009561438437145568
2011-03-17,0.01330926623187434,0.005714301263438415,0.03450688184085049,-0.0029254414482285645
2011-03-18,0.0043009395825457375,0.008440082947956284,-0.003456949245573604,-0.0023269045912897223
2011-03-21,0.014874667930182994,0.007248141823970045,0.012389559925167326,-0.003756576728583207
2011-03-22,-0.003556885341038374,0.0009111321724830646,0.016187996149083617,-0.0006282328741404751
2011-03-23,0.00290974225850249,0.0072590702825001685,0.01668691878501516,-0.001217998334854181
2011-03-24,0.00929739343547542,-0.0021582321232278545,-0.0014194611038371718,-0.004579958899088957
2011-03-25,0.0031561510021891337,-0.006082072066177169,-0.0018957062382591872,-0.00322465291936402
2011-03-28,-0.0027516184993912063,-0.004427377627128415,-0.013564045344305775,-0.0001992378627550537
2011-03-29,0.007035239607302124,-0.0026800557424673244,0.007759750983646008,-0.003466612653497418
2011-03-30,0.0066624626262346,0.005493392710337552,-0.004974699616755451,0.0031606730210471706
2011-03-31,-0.0018311771049752679,0.010549561772540628,0.02322493699881001,0.00022104970782199884
2011-04-01,0.00495071294445637,-0.007534077373141379,0.011366946202989503,0.00038896000145592494
2011-04-04,0.0003451501808520163,0.0028668171163461764,0.0048981084972821165,0.0018178808172842804
2011-04-05,-0.0001800714575308504,0.013592510003809899,-0.0011992518782122374,-0.004557605522529448
2011-04-06,0.0021812967581533727,0.004055618099718217,0.0045126521051317425,-0.004709296822794095
2011-04-07,-0.001521162699225087,0.0005486927245001993,0.013416905394374012,-0.0006947260699648538
2011-04-08,-0.004012483000974676,0.01016416151081767,0.022323736841671327,-0.0011111042546868165
2011-04-11,-0.0027972882914015784,-0.004080527901066944,-0.02577487895294972,0.00014166666401757135
2011-04-12,-0.0078070954457247765,-0.00993056803655712,-0.03395800401144644,0.0060051206455968694
2011-04-13,0.00019021749031011836,0.0013756106209505958,0.008061541670373984,0.0029915942770367397
2011-04-14,8.36730908613248e-05,0.011480975490103518,0.009292883475432667,-0.0014551324004490477
2011-04-15,0.00391772882556829,0.009198642917713329,0.01423547042069373,0.006448208613445361
2011-04-18,-0.011078997728578344,0.004701781747730394,-0.023434976347874503,0.003422768635130576
2011-04-19,0.0057148102180946125,0.0014731160665251153,0.009569439484828024,0.0013991126577287162
2011-04-20,0.01342443513234759,0.002539461914122576,0.03005686594159318,-0.0035704967467077497
2011-04-21,0.005262908499656049,0.0032649719783526265,0.007508786288114244,0.0001349206387050568
2011-04-25,-0.001593939550096124,0.0035859156198050357,-8.907811596081672e-05,0.003255018268001111
2011-04-26,0.008939507790192813,-0.0037189414832985435,-0.0006236331040048171,0.0037671273885359654
2011-04-27,0.006230397799829035,0.009073779110715385,0.004889577673121259,-0.003914940509809468
2011-04-28,0.003549118471434909,0.009253616584985913,0.0008864327581923348,0.004867723520958632
2011-04-29,0.002298019742020152,0.01632791928966082,0.009436109439613816,0.0014850905821392848
2011-05-02,-0.0017542491090454249,0.00044973893703392775,-0.0036052241081589997,0.0009772446474119823
2011-05-03,-0.0033850263710526463,-0.010720831163208544,-0.021998425459119453,0.0027583743780943766
2011-05-04,-0.006878914252832047,-0.016497887231928132,-0.016433300771254267,0.0028461921372290653
2011-05-05,-0.00911121718069463,-0.022699418750813827,-0.09037906315396338,0.004810388598610895
2011-05-06,0.0038126429958769137,0.006931104657723175,-0.026603281778081467,0.001062715336717059
2011-05-09,0.004533870101931292,0.007815458997540325,0.05378558215904761,0.0014039667649359037
2011-05-10,0.008041616009663244,0.009074379984260084,0.012885846077477225,-0.0043815528165604915
2011-05-11,-0.01117368968788579,-0.010272814766928207,-0.05612832650705357,0.0033637039746461394
2011-05-12,0.00488349367216756,0.0036572837848378725,0.007708752395128471,-0.006070745992047245
2011-05-13,-0.008100047045425107,-0.008800024237279658,0.0068472757285142904,0.0037856194299733096
2011-05-16,-0.00622371863809601,-0.0020108592813157244,-0.023145878772838913,0.0033646793232339073
2011-05-17,-0.00036862852333019447,-0.00713758018037236,-0.004735432663122374,0.002514281954372255
2011-05-18,0.008765271983703471,0.010620471291147737,0.032386920542404773,-0.0041323288710644075
2011-05-19,0.0021755725891674516,-0.002275939463858734,-0.016722420753817246,0.00012583333348471022
2011-05-20,-0.007717974612614142,0.011063156926242712,0.01060986480564452,0.0017447032581290513
2011-05-23,-0.011997264840988286,0.0042988061241029385,-0.018155587316726063,0.0016600889346104683
2011-05-24,-0.0008277226453321518,0.005199881615300939,0.019160193358958466,0.0010629533854891115
2011-05-25,0.003178113156669937,0.0022296713911060806,0.017222100949785712,-0.0003878740886025778
2011-05-26,0.003945322767698656,-0.002492246798885489,-0.010816243592397079,0.005943930560185549
2011-05-27,0.004072615318766459,0.00882618234650856,0.0035852342108722013,-0.0001352321663052894
2011-05-31,0.010537014856367932,-0.0002604156023613413,0.020759274479296153,0.0013204298018956158
2011-06-01,-0.02304822570064058,0.004223116367711555,-0.02374608899032893,0.007343859378658733
2011-06-02,-0.001225586114047772,-0.006765589384364112,0.0010962242267087419,-0.005368102347472898
2011-06-03,-0.009781492665191571,0.006311600694144381,-0.0017944407438124088,0.002953476415666719
2011-06-06,-0.010818516013721968,0.0031086411304430683,-0.012146905001483965,-0.00031025489306270825
2011-06-07,-0.0009568650426681202,-0.002071300579561175,0.0008076144030715326,-0.0006530278768878353
2011-06-08,-0.004195664421607681,-0.0033751399606689603,0.016514427998718162,0.004333674158559777
2011-06-09,0.0073504093289917805,0.0025972354470180647,0.011743387062176147,-0.002973114151495189
2011-06-10,-0.0140784828818461,-0.00879284019464599,-0.026241435908051614,0.002440043656423419
2011-06-13,0.0006685325595015001,-0.008936828893796545,-0.02024584970986787,-0.0015997260721656661
2011-06-14,0.012532913485107322,0.0057918081390964105,0.021051264326847452,-0.009107108602023604
2011-06-15,-0.01758556950725776,0.0011805122007180202,-0.04697542170386981,0.010953323409987616
2011-06-16,0.0017527979756826184,0.0024223869992088254,0.0014755419382588286,0.005636633925272818
2011-06-17,0.0030403902917992554,0.00606274987462907,-0.020643367895486264,-0.002897385651289407
2011-06-20,0.005380689090158874,0.001883072169083455,0.00268427706422969,-0.0015171772188856513
2011-06-21,0.013334179061463836,0.0029149818211617884,0.0015000472854742597,-0.0017723522375539674
2011-06-22,-0.006489459844407186,0.0044532161493702205,0.021292071574791294,-0.00056854172810414
2011-06-23,-0.0028319928581943543,-0.021348060207589725,-0.0471042074394008,0.007361965834956027
2011-06-24,-0.011795077176858015,-0.012977720208725785,0.0015370188425896103,0.0033982939253055975
2011-06-27,0.009142536655730282,-0.0030035063459994404,-0.006051655579812021,-0.0047106048215681574
2011-06-28,0.012861292735997232,0.0024701759946168522,0.02485140185873913,-0.009990671156682061
2011-06-29,0.008248633534912564,0.006778384090709189,0.020036877231464523,-0.005258568340314107
2011-06-30,0.01006837159516305,-0.0050461400491244035,0.00683531283833716,-0.004135563278528655
2011-07-01,0.014306869106082587,-0.013402331110025756,-0.005043042060113301,-0.003190278046440224
2011-07-05,-0.0013370725450787546,0.020036734583423588,0.020331169259058868,0.005328342028683989
2011-07-06,0.0010010578196055775,0.010785966022019977,-0.0024800866554688383,0.003627570547675606
2011-07-07,0.010399582892092418,0.0009807448220735537,0.020684708869699975,-0.004478817706995747
2011-07-08,-0.006985458106935738,0.007162888181999172,-0.02535160436310946,0.011532749587231245
2011-07-11,-0.018256166936573948,0.00491916697862127,-0.010974716169885212,0.008652880987934099
2011-07-12,-0.004443369829837174,0.008422575445943714,0.023679564790786145,0.0008918628051789309
2011-07-13,0.0031010271091220787,0.014807507019098942,0.0063434091973535445,0.0015825974347840734
2011-07-14,-0.006738782369335006,0.0023943360229381483,-0.024363758461986684,-0.004447525210997886
2011-07-15,0.005539055540283222,0.0005033653156711893,0.0160683021744088,0.003221233614751709
2011-07-18,-0.008163117539368159,0.007707000561492983,-0.013563365468192146,2.917360926378675e-05
2011-07-19,0.016177149646843247,-0.0007492670796214185,0.01623361599271078,0.001668936885915758
2011-07-20,-0.0006710584073994497,-0.0026270175692548747,0.006542646438763455,-0.003502620115268997
2011-07-21,0.013455262786265187,-0.00621952835338746,0.010037067895370733,-0.006490203533623653
2011-07-22,0.0009074395131127844,0.009096389409616101,0.007437275418680223,0.004075232827142755
2011-07-25,-0.005658995223243757,0.006659814245340456,-0.006731384229476944,-0.003315418993534589
2011-07-26,-0.004113420062329176,0.00284951913106557,0.003923737644550229,0.004679878360242208
2011-07-27,-0.020517724807291415,-0.0009902065408819993,-0.02223549485709153,-0.002374805355743836
2011-07-28,-0.003239207155504964,-0.0009911880218247404,0.00041060270247150754,0.002613729564674541
2011-07-29,-0.006471427287173093,0.009192787122421997,-0.018018562446957098,0.01277102649207028
2011-08-01,-0.004140860866231222,-0.005727881079718777,-0.008499947016646026,0.005763246792470065
2011-08-02,-0.025888909190624254,0.014045448009743389,-0.01166006927115859,0.01025331376453583
2011-08-03,0.00500314595271778,0.013009592424412908,-0.020030829086990387,0.002293236350134233
2011-08-04,-0.04900165504374154,-0.004337922994214871,-0.0593812769980131,0.012536219201175884
2011-08-05,-0.0005750829892727793,-0.004478011926987158,0.002881680374807516,-0.008676603282417867
2011-08-08,-0.06895836939262434,0.03656251398014465,-0.0662588443782699,0.019526576224397674
2011-08-09,0.046317441063387754,0.017274819037840672,-0.025030813069334634,0.014129015217723976
2011-08-10,-0.04515679702747466,0.02345834900137511,0.044276253115535624,0.0041189403839552614
2011-08-11,0.04525059436377177,-0.01841359586674507,0.03357176460592104,-0.017569146218310308
2011-08-12,0.005247875067276198,-0.004929845270196687,-0.003974335685064112,0.008919410253701802
2011-08-15,0.021550727976033635,0.008753695535478556,0.02886036710173112,-0.004180641878908433
2011-08-16,-0.009786275177620318,0.015207067821775055,-0.014095182491334235,0.006428305588267625
2011-08-17,0.0009469381398128363,0.004924974594275433,0.01067564850917968,0.004472491449389647
2011-08-18,-0.04561859893236342,0.01534617714369002,-0.06121002661294028,0.007453678594898855
2011-08-19,-0.015122756128207904,0.016358944672721698,-0.0014576668960080141,0.001161517425878288
2011-08-22,0.00025800787322438623,0.02129785500808179,0.022359394713731717,-0.0014449109822510509
2011-08-23,0.033710248386474184,-0.01622661829373051,0.01557002030113619,-0.004307942318730097
2011-08-24,0.013034651368546868,-0.05770622662384994,-0.00328252075842439,-0.01086898201600672
2011-08-25,-0.015687934737961484,0.0032443030264150963,0.001642607246424177,0.0034803209756395985
2011-08-26,0.015008418274915059,0.01930329585950119,0.0008202929205030074,0.003127064301005373
2011-08-29,0.027887505012164304,-0.003182110806197791,0.02201193951425484,-0.00730079310493809
2011-08-30,0.0023442750237698817,0.021189654541231562,0.01850543697469753,0.00858612821443119
2011-08-31,0.004909908712070532,0.000984925037035289,-0.001012930903656617,-0.0036619206915176365
2011-09-01,-0.01194246079230421,-0.0013681764345223613,0.0013503180629950151,0.006536856366901293
2011-09-02,-0.025607017291752854,0.02578727738981801,-0.02828337001473269,0.013621493077765745
2011-09-06,-0.007464076457609714,-0.0020300930054704125,-0.004986388497902894,0.0016147075519339076
2011-09-07,0.028243824959147013,-0.030240394272828652,0.03786948660271516,-0.005055115507352431
2011-09-08,-0.010668890387302454,0.021916634484532516,-0.0032512309274377316,0.004595349365985894
2011-09-09,-0.027068562510962124,0.001077934767350186,-0.020535127159226008,0.006512417426175046
2011-09-12,0.0069415681820235164,-0.02536753291431193,0.010830688736965577,-0.0012822040106658778
2011-09-13,0.009078726180353769,0.009294220435614342,0.022646669936131403,-0.005699692540096273
2011-09-14,0.013389760518230709,-0.0018080977908825346,-0.014515612197707028,-0.0014538915264842372
2011-09-15,0.017041046718104802,-0.02498741886022504,0.005496035925469656,-0.0065685132565040895
2011-09-16,0.005690475561936026,0.018716067856801466,-0.016238543969355312,0.0008916949549513474
2011-09-19,-0.00985094868808023,-0.019897522083803132,-0.026029365284151673,0.012390087733338299
2011-09-20,-0.0016623864527245402,0.01685775404041756,0.013790153832740515,-0.0005562958231624289
2011-09-21,-0.02983099508714737,-0.0006090504844129541,-0.011226334377301583,0.006614667001573527
2011-09-22,-0.032402456759229814,-0.03741235242561736,-0.06503518260377916,0.014719427474372136
2011-09-23,0.006063588829469779,-0.06025452078248872,-0.008231571293912054,-0.008404655295479568
2011-09-26,0.023068021296968944,-0.02786558006308848,0.004872261478962692,-0.008631987154710034
2011-09-27,0.01063166535729465,0.03583373492124231,0.05113749008628066,-0.01002158865669348
2011-09-28,-0.02090819585269532,-0.02099922674198229,-0.03912122609620816,0.001343055574245133
2011-09-29,0.00808148643535933,-0.0004951103610251195,0.011386720077046775,0.004148488969299152
2011-09-30,-0.025291274478866477,0.0030285411306705257,-0.036448840809703675,0.003066591687918518
2011-10-03,-0.02886360290378409,0.021732008549981252,-0.02027996755769479,0.012754371348564362
2011-10-04,0.022239306131154102,-0.025255905297380643,-0.025314536221853423,0.0004357501259113751
2011-10-05,0.01770791894551138,0.015730031038416747,0.05163686059782435,-0.011170941185842833
2011-10-06,0.01813816846648031,0.007046973654236233,0.03586994637543217,-0.007237917960226148
2011-10-07,-0.008196811187622721,-0.010589208176211784,0.0047110918776605,-0.007294523190440223
2011-10-10,0.033555643919288336,0.02124711497602405,0.02886357747542423,-0.0006369950029257854
2011-10-11,0.0005438556372530101,-0.005947228433466734,0.004672288532850288,-0.007435963700946484
2011-10-12,0.009747046937637727,0.01293049901994614,-0.00280077050415084,-0.005802060371405054
2011-10-13,-0.002978102395136517,-0.008361751874609524,-0.015783558681934373,0.005187806990151656
2011-10-14,0.017230948802477997,0.008659096579890502,0.03005546464316211,-0.005532411161207182
2011-10-17,-0.01955993759944885,-0.0037530492546844485,-0.004850521088753723,0.00698213481898058
2011-10-18,0.020213049380310544,-0.014306597212666361,0.02243682897761623,0.0004436934522768482
2011-10-19,-0.012729818787025948,-0.0034569287276839944,-0.025567408917547496,-0.0006307104494600479
2011-10-20,0.0045438398210837505,-0.020934479687990226,-0.009451065521723478,-0.0017920597836191673
2011-10-21,0.018634067492434347,0.014290327060280994,0.024320809845662872,-0.0019676734543090683
2011-10-24,0.012790806680372135,0.009980016221538435,0.043326809628474905,-0.002676949572541991
2011-10-25,-0.02024834619938165,0.028708949045219256,0.020603652060964706,0.009591248889364053
2011-10-26,0.010481430544087011,0.01349988423230819,-0.03239636857415551,-0.006613915603013825
2011-10-27,0.03371659116813408,0.013835466371475036,0.040839756811570815,-0.016895493400489306
2011-10-28,0.0003891535285420744,-0.0002862950656439267,-0.006834706163891369,0.008002832360283367
2011-10-31,-0.025048616612978414,-0.012678823957672058,-0.0013939978873009906,0.011807505993416418
2011-11-01,-0.028340059621593916,-0.007685151564337467,-0.010788754702885761,0.01578430610600864
2011-11-02,0.015976363304396557,0.010291657790972408,0.0034650785822787356,-0.00037160812450912675
2011-11-03,0.018607607200930687,0.02032764946429566,0.016722412864611513,-0.005316077129936877
2011-11-04,-0.006299819537189499,-0.005057491867623831,0.0020177614190304283,0.0015220032066944284
2011-11-07,0.006276008211166584,0.019743420551100677,0.01327867034175867,0.005135601671947058
2011-11-08,0.011667310321724855,0.0045141634438685685,0.013311411308439602,-0.006306080761977456
2011-11-09,-0.03738534709898822,-0.004179093869826289,-0.011010864157422695,0.010029305325737793
2011-11-10,0.0085872010994823,-0.018029672886400228,0.021083883014788363,-0.0090096128073606
2011-11-11,0.01929322300451375,0.016129368049582204,0.012298768685131023,8.158730136023628e-05
2011-11-14,-0.009596036687555376,-0.005441323295111822,-0.008623788908885821,0.0012520136293136652
2011-11-15,0.00480559827730076,0.002191265011515675,0.012455260440658478,-0.0011784939047476627
2011-11-16,-0.016755798341955064,-0.0044437718148016,0.031890141519844484,0.0030555422567251664
2011-11-17,-0.016942671987706603,-0.030916132101222793,-0.037440416073662774,0.006047912304100379
2011-11-18,-0.00039475649047204797,0.002845060617729267,-0.014371097951742406,-0.004791645624158999
2011-11-21,-0.018824571104948618,-0.02727168857833817,-0.00504303532177186,0.004599857924936938
2011-11-22,-0.004149438857005805,0.014140097949622898,0.011183659021243741,0.0021594807863249384
2011-11-23,-0.022342970458596234,-0.0038258972397358093,-0.01895209639251405,0.005523701356503502
2011-11-25,-0.0026891193002507308,-0.006033350443704677,0.006219554518413162,-0.007878580330046516
2011-11-28,0.028821079038610087,0.014898870219743898,0.014771039644509543,0.0008918306107852313
2011-11-29,0.0022112069693971392,0.0015185888849824636,0.015959953223218193,-0.00335164789663492
2011-11-30,0.04240343833622706,0.018561332766248384,0.005695740509081837,-0.006394949085257965
2011-12-01,-0.0019104695778526803,-0.0058607103104861835,-0.0015955693857439002,-0.004313147285033843
2011-12-02,-0.0002410153733274356,0.006719693899452039,0.007556231530585045,0.006836739614275877
2011-12-05,0.010234463299266139,-0.009374108416037252,0.00029709116089016163,-0.000998749465136809
2011-12-06,0.0011051379065261102,-0.0016191102696172521,0.0028674654575358005,-0.0034209478215493695
2011-12-07,0.0020163207826575658,0.007495422440086941,-0.00783074754038271,0.006934427446740245
2011-12-08,-0.021368498950929293,-0.01802580173855617,-0.02162737405820092,0.004145999556356197
2011-12-09,0.016742412907085225,0.001753053633319901,0.010821924317967024,-0.007121026746248271
2011-12-12,-0.015026386904779088,-0.02878498865722179,-0.016635001879921063,0.0039594507061464935
2011-12-13,-0.008723953020305153,-0.0025871238457044754,0.023951453624243335,0.004328538586104559
2011-12-14,-0.0114132514971379,-0.046614674079330065,-0.053218795689203624,0.005609241509493081
2011-12-15,0.003237852858082313,-0.006141443955558934,-0.01143952950928906,-0.001012050202883431
2011-12-16,0.003210989101900097,0.013248569484948014,-0.003628648213324759,0.005438651520648074
2011-12-19,-0.011802198458557456,-0.0007523205194175375,0.0037351143315174085,0.0038079595053190167
2011-12-20,0.02938929593094386,0.013208884366838092,0.03495912244688437,-0.010071591708075983
2011-12-21,0.0019476081648539534,-0.0022927670287806734,0.01480446613831532,-0.003719473308125849
2011-12-22,0.008231577169830473,-0.0018628917176544135,0.00867816368158092,0.0015252695246611907
2011-12-23,0.008994480783105274,-0.0026139380542522517,0.0015059641074008923,-0.007039738395719225
2011-12-27,7.910481903916633e-05,-0.006564780411903115,0.016516105810206128,0.0019744706204322263
2011-12-28,-0.012556506256502509,-0.01982892689606608,-0.019731539582905633,0.009234912154540337
2011-12-29,0.010650172463281038,-0.014825590380465492,0.002914437643187995,0.0010733883582237952
2011-12-30,-0.004300570740064735,0.01667941156926922,-0.008262841055777237,0.0024364936168037965
2012-01-03,0.01535548367017725,0.021419174466295487,0.04093933348039425,-0.007972102436197961
2012-01-04,0.00018790634443721643,0.007597541424776644,0.0025220901510047966,-0.0030809790599816158
2012-01-05,0.0029393926694947226,0.004642102778981361,-0.013754337407728023,0.0002596834799717436
2012-01-06,-0.0025401850025392747,-0.00203990108018548,-0.0024585743416558614,0.0029720531093782444
2012-01-09,0.0022590443626082646,-0.005335647136046617,-0.002464633830212115,0.00016822062550885628
2012-01-10,0.008846523613060597,0.014513146509239405,0.009137870767739642,-0.0010064796945236903
2012-01-11,0.0003095493446325648,0.005014964515898335,-0.013490383439278553,0.006243441589726868
2012-01-12,0.0023338827385686045,0.004929325457331046,-0.017703160357095626,-0.002549885816912753
2012-01-13,-0.004960204447868932,-0.010312215151505377,-0.00404451041867393,0.007348536846135949
2012-01-17,0.0035466577681741995,0.015096419488761725,0.020160175049420914,0.00034627201309800576
2012-01-18,0.011046689130221665,0.0025945342285300654,-0.0011922778293742553,-0.004189339770038356
2012-01-19,0.004926501717244847,-0.0032593126715800835,-0.0019902181163189425,-0.006701288516360532
2012-01-20,0.0006692357932855941,0.005786968828131123,-0.019412229592046693,-0.004967367214045607
2012-01-23,0.00047123192204079345,0.008558599710570824,0.011310994570227884,-0.003426537836480642
2012-01-24,-0.0010263438252238188,-0.008258109901120747,-0.006346718394651063,0.0003518388392229984
2012-01-25,0.00864169471719567,0.021166127664300483,0.004537487806261176,0.005223038415951988
2012-01-26,-0.0057705082879886405,0.015469792317015063,0.003013517344963468,0.006960758435406844
2012-01-27,-0.0015941475452905252,0.003180940101367824,-0.0014051933809540174,0.0030694821645175945
2012-01-30,-0.0025253090863452954,-0.0004620820325049735,-0.0078653102227495,0.005624601974651262
2012-01-31,-0.0004570511280785894,0.003920697326562639,-0.0030416267910196026,0.0035364869144885224
2012-02-01,0.008860237474266341,0.0053372830035769425,-0.008873562523827871,-0.004202352076810002
2012-02-02,0.001094547830667203,0.005536743602649885,-0.012888769359087782,0.0019848252686719497
2012-02-03,0.014499725948107667,-0.010816498290285637,0.015242269868596559,-0.011144283447447077
2012-02-06,-0.0004239640135317302,-0.008726599296451809,-0.0095507034141189,0.00442991585502491
2012-02-07,0.0020213375254707344,0.013605637693124173,0.015359711588446068,-0.0057993686089976145
2012-02-08,0.0021578809333249183,-0.009839809647734121,0.0030437870312063353,-0.0007350625263173806
2012-02-09,0.0014730251258781024,0.005593504786632231,0.011382618786458742,-0.006402611555160886
2012-02-10,-0.006910122643615679,-0.009069149732669146,-0.01178793762962016,0.0071299100163315365
2012-02-13,0.006777023326496767,-0.0001741280936844447,0.022448136455568424,-0.0018176033708211985
2012-02-14,-0.0009399650039254581,-0.004129219008215834,-0.001686147655164838,0.00605679910603454
2012-02-15,-0.005397747536216357,0.006042679587632271,0.01046721498227754,-0.0005574417127492969
2012-02-16,0.01096536583327623,0.0002895948506296264,0.004997261933620933,-0.005519430748903761
2012-02-17,0.0023461758829403934,-0.0013328595810797594,0.009048958130507323,-0.0014540083627584775
2012-02-21,0.0007196637576960541,0.018727555492429104,0.024872131047746215,-0.003071067882117606
2012-02-22,-0.0033456974121452987,0.007314837698549681,0.004148624199613593,0.003689339257943066
2012-02-23,0.004262903180605626,0.008382858345699518,0.01447882046903537,0.001975885430556237
2012-02-24,0.0016708411755086416,-0.005505659316442646,0.017831307242783367,0.0007110536223491368
2012-02-27,0.0013536425518791972,-0.0008453800602881145,-0.011084244080093342,0.005060488793582146
2012-02-28,0.0033507134923151938,0.00752687062258417,-0.01868860585142862,-0.0005575849879283104
2012-02-29,-0.0047482427569534025,-0.04410333262681565,0.00486843613375143,-0.004259383985384871
2012-03-01,0.006139156544533009,0.006528703558172921,0.016396056948388527,-0.005325102557127729
2012-03-02,-0.0032510350278585065,-0.007172208750398035,-0.019857750561905974,0.004685672653330651
2012-03-05,-0.0038772005028215872,-0.0033999966776985246,0.00018746389927049023,-0.001635101008936033
2012-03-06,-0.015489506127543962,-0.01872978848839857,-0.019109504876833938,0.005598977946793342
2012-03-07,0.006876921722994034,0.007094568258127154,0.01384833579123157,-0.0024527955089619817
2012-03-08,0.009770049174722573,0.008753783142556593,0.0039484695286491345,-0.003708624787828908
2012-03-09,0.0036246730207318834,0.007509597525348077,0.007664302233470366,-0.0020814215608187395
2012-03-12,0.0001604477867873655,-0.006862038788651326,-0.009918722643752709,0.000711501446337178
2012-03-13,0.017969133090434575,-0.003242067243859559,0.0034733924104397573,-0.006739865316786173
2012-03-14,-0.0011969780885960901,-0.030695984709045554,-0.012067637565450262,-0.014777832861150126
2012-03-15,0.005949465701560186,0.010055800575299756,-0.00303980184138819,-0.0005325076318137454
2012-03-16,0.001118772476700336,-0.002172193946764267,0.018381975519090155,-0.0014206042463527544
2012-03-19,0.003965971514070965,0.006862550608128792,0.009574777386782252,-0.007079583104500416
2012-03-20,-0.003005028734389903,-0.012192373023584224,-0.02321111001024434,0.0007143235726739248
2012-03-21,-0.0018729499037748454,0.0020020323227809556,0.015595919777412703,0.0070287432996318224
2012-03-22,-0.007232634226897794,-0.0046775598195614165,-0.018060863548795325,0.0017818391799509599
2012-03-23,0.0031040360075564877,0.01210448684018317,0.014325042470723304,0.0034783690967706594
2012-03-26,0.013790299964088426,0.013860040758867598,0.0014959893540211766,-0.0005351305296412463
2012-03-27,-0.0028207497542460658,-0.0004153643128494977,0.0027990599624363455,0.005183898311739151
2012-03-28,-0.004953758683289067,-0.016095135389950777,-0.018050674544806355,-0.000717312719125875
2012-03-29,-0.0016092239433875832,-0.003444052396309516,-0.02526677332144267,0.003399006453005993
2012-03-30,0.0036916136216209594,0.010296702536995106,0.002332341864948795,-0.00500179589349467
2012-04-02,0.007476626120983099,0.004900183733836272,0.021225351101460177,0.002143147996360808
2012-04-03,-0.003996611820141993,-0.004480963435036678,-0.011661393749893278,-0.008007357181504738
2012-04-04,-0.010254926852537594,-0.035161865156342564,-0.0247238685825657,0.003745086991961424
2012-04-05,-0.0006292401524214952,0.0099975844618303,0.01797095290832651,0.006170734892822126
2012-04-09,-0.011423437999542152,0.00856012564247699,-0.008261683653910445,0.01251415755979298
2012-04-10,-0.01722902527718606,0.01029688080126423,-0.014153985766075294,0.004504638279556115
2012-04-11,0.007421289800123354,-0.00030134096958533974,0.016493603409726276,-0.003525136227311668
2012-04-12,0.013685315235976603,0.012281118861903195,0.009111262585512314,-0.0018096311932074864
2012-04-13,-0.01255346712505645,-0.01222085811828233,-0.007846192757040349,0.004683367327042646
2012-04-16,-0.000503727240173113,-0.006288202983069091,0.0009719914556365339,0.0022475912987893025
2012-04-17,0.015367979157954181,0.0009700501859493116,0.012262951528408728,-0.0030782088136921955
2012-04-18,-0.004063533761746285,-0.006992822669181109,-0.01479215655525934,0.0025180839831864
2012-04-19,-0.005952075477202001,0.0010977172197064178,-0.0039036014828086607,0.0027920290058891218
2012-04-20,0.001168582621337677,0.0009138819427354505,0.007597994957112775,-0.0015490946127772207
2012-04-23,-0.0084431131028877,-0.006230900532803396,0.0005820484984653262,0.0034278866469681212
2012-04-24,0.0036730196416288052,0.0067788439398652756,0.0042582318636643635,-0.0024546344242664434
2012-04-25,0.013552342898741188,-0.0009742879677308025,0.005489489192432195,-0.001999091877702802
2012-04-26,0.006657952133507727,0.011027043678364379,0.00412134855872992,0.002339082343545559
2012-04-27,0.0024114139290238867,0.002647747633252706,0.0036280090140943244,0.0024315909829881553
2012-04-30,-0.0038910622753700608,-0.000360627269362368,-0.0005719500415306555,0.0017077767570791472
2012-05-01,0.005642435719684258,-0.0010225697890646757,0.012225910483420144,-0.0036315431652806027
2012-05-02,-0.0024998055766589644,-0.0050073567381776485,-0.008894016615986544,0.0031574293952349856
2012-05-03,-0.007688351103507074,-0.011680430512859274,-0.025800432620052938,-0.00010487567208186754
2012-05-04,-0.016278995721589418,0.0064046089873679435,-0.040297976792254886,0.004070446514033621
2012-05-07,0.00035051958289678,-0.0037157632506863436,-0.005599927290048434,0.00034697189631304804
2012-05-08,-0.0042878531349686,-0.02134169438191158,-0.009540983207824816,0.0037133702707535217
2012-05-09,-0.006724827531781941,-0.006442183199088625,-0.00206381848046977,0.00025485787156110556
2012-05-10,0.0025142474063848397,0.0008780886453685355,0.0027851302062504857,-0.004374241323677574
2012-05-11,-0.0033930913342814506,-0.007235694057576403,-0.009833986213511281,0.003985774599529259
2012-05-14,-0.011175073102339006,-0.014630373776525651,-0.01414300984607575,0.004906527108156088
2012-05-15,-0.005762408276502207,-0.0024378832424805097,-0.008476374265780962,0.001074692740219876
2012-05-16,-0.004413543928947661,-0.013320661016581248,-0.012527663092449792,0.0011661632908795158
2012-05-17,-0.015165797405604309,0.02462595876150342,-0.002697309792930369,0.005840538140941759
2012-05-18,-0.007415201826755258,0.01080202267237329,-0.01173665065854923,6.753968341009957e-05
2012-05-21,0.015908684395839146,-0.0020125485861335335,0.011844705932017696,-0.002950071821767184
2012-05-22,0.0004862187951424346,-0.007646876018406523,-0.009878992748250326,-0.005219267353885829
2012-05-23,0.0016922705145487882,-0.018052002832832592,-0.01938816058352355,0.006659654425726673
2012-05-24,0.0013790801585873425,0.005925227079559114,0.008418327455941288,-0.0034023108398258547
2012-05-25,-0.0021679807027599196,0.00735744315100284,0.0022035811421670104,0.0013493493271431005
2012-05-29,0.01101805527882771,-0.012959745819267177,-0.0011011835999745756,0.001349711833838482
2012-05-30,-0.01443862930479689,0.009511671214860407,-0.03292942179021985,0.009815634351972217
2012-05-31,-0.0022792610600435026,-0.0005118674635919973,-0.014798101147191822,0.004119505883909953
2012-06-01,-0.02495129541436114,0.03638365864295867,-0.038883260420146115,0.010629788987138783
2012-06-04,0.00010954819498731894,-0.005135068018744526,0.008970815137839594,-0.0054865299654279645
2012-06-05,0.0057105145943596725,0.0018590822053798917,0.003684529641968304,-0.0026154369186294733
2012-06-06,0.02278777604804816,0.010837604631932507,0.008623238575570014,-0.008662248869693467
2012-06-07,-0.00010647016016740452,-0.02870301591992863,-0.002355122998074499,-0.00020994317887874006
2012-06-08,0.008081420799989303,0.0022035454843187807,-0.008524811613245475,0.0016279116230302024
2012-06-11,-0.012700423815401152,0.0033902747537384315,-0.016786983707177683,0.003471572402552404
2012-06-12,0.011583389901240082,0.010722595990918293,0.0074690476019760865,-0.005535442853272262
2012-06-13,-0.0070480300711039945,0.0033428436084408375,-0.008436797517908268,0.0057745663531599545
2012-06-14,0.01075659264986939,0.00018541562118556953,0.015493024313110837,-0.0010407789891273412
2012-06-15,0.010284745652146654,0.005299806280194552,0.0014290238878569284,0.0022750822086666195
2012-06-18,0.0014437039589356715,-0.0007993660139984371,-0.009085563479249714,0.000339415541278938
2012-06-19,0.00976783441761242,-0.0021552396687365416,0.009085563479249714,-0.0032483281331170616
2012-06-20,-0.0016877805127712975,-0.00457208231963957,-0.02689658249688165,-0.001956957152440124
2012-06-21,-0.02251320818337632,-0.03164485610772605,-0.04500767239002457,0.0022728352409494496
2012-06-22,0.007148989234504022,0.0009583134418109651,0.019752543910584563,-0.004889474460536958
2012-06-25,-0.016083502390602966,0.013635854216098586,-0.006919610518854036,0.005956456036510738
2012-06-26,0.004761368161021018,-0.008540301789498272,0.0018919287495799963,-0.00177499180534814
2012-06-27,0.00894478141961752,0.0022211654380193124,0.010653713297164025,0.0007084105028909554
2012-06-28,-0.0021120283457669586,-0.017779983130193244,-0.03192160357740015,0.004120171079968309
2012-06-29,0.02461479373492015,0.03412740784803514,0.08945396633034441,-0.00746458251477068
2012-07-02,0.0024562921587065745,-0.0039366745152218385,-0.014344376012472182,0.0073467482224481555
2012-07-03,0.006212771568424813,0.014976261054685303,0.04562956606177426,-0.004625516832805327
2012-07-05,-0.004698041566321365,-0.007677595841302676,-0.00503206035665027,0.003195609178082327
2012-07-06,-0.009477418655581715,-0.019139039655363455,-0.03227406929335075,0.004957008713272165
2012-07-09,-0.0016401761705182594,0.006441418654736353,0.018071378463078602,0.0029281130493853474
2012-07-10,-0.008159121789590884,-0.005871368037160707,-0.02448614605474919,0.0014482805173860326
2012-07-11,-1.492368899036478e-05,-0.0025995244667154083,0.022390681842448856,5.944444546623834e-05
2012-07-12,-0.004999574352459568,-0.006560277556704186,0.0031415963172936046,0.0018195900681840524
2012-07-13,0.016362759247573244,0.01691784444328981,0.011779748654734412,-0.001792202543506864
2012-07-16,-0.002316995891620266,-0.00025136636004408075,0.015154415698932056,0.003304317145852116
2012-07-17,0.007382355809911978,-0.0013206149982707416,0.008893961343376944,-0.003365711169878175
2012-07-18,0.006658275330084784,-0.011837423346489295,0.0072589688499400395,0.0020976275508576957
2012-07-19,0.0027134152485110974,0.006157741197844402,0.03057270727850714,-0.003270205381573841
2012-07-20,-0.010112620534168393,0.001517754311837649,-0.013253873324413412,0.005160164218943715
2012-07-23,-0.008948979003707613,-0.003418173005170111,-0.036756593697052864,0.0023791138054012188
2012-07-24,-0.009082050192423807,-0.0006977105953360763,0.004076099524838561,0.0029397329113086497
2012-07-25,-0.00031391072211839344,0.020101179321087237,0.005296695963182607,-0.00013025164226338333
2012-07-26,0.016405662864951154,0.004343785917845011,0.004709564294732793,-0.001987559566628897
2012-07-27,0.018900814490450557,0.001794070444503859,0.00824422982295836,-0.011662754468922029
2012-07-30,-0.00048347644461088635,0.0011118896446893345,-0.003890822337575095,0.004780268587148697
2012-07-31,-0.004326172766219827,-0.005696226974696295,-0.019343847153924898,0.0011706122716276758
2012-08-01,-0.0029041929017452617,-0.004231260703660311,0.009606290718737753,-0.004281547458264817
2012-08-02,-0.0075319636241362176,-0.010215956030912743,-0.02022343860160536,0.005712301399219544
2012-08-03,0.018861288185302527,0.011649142470026241,0.047844270434231895,-0.009066861785197495
2012-08-06,0.002326560724057458,0.004287200553179105,0.00871460230860066,0.0018156674550503442
2012-08-07,0.0050937627425931,-0.0019860201813832745,0.015817850209885798,-0.006373937246756211
2012-08-08,0.0006206338074532525,0.0019860201813832745,-0.0034220940311602277,-0.0010380044759547944
2012-08-09,0.0004135999951726532,0.0026005904265771207,0.00010714087396568317,-0.00433462439722994
2012-08-10,0.0021860506671051994,0.0016065102594868819,-0.005262299153516281,0.0036488172830682975
2012-08-13,-0.0012526850781942045,-0.0062552310083123785,-0.0015086143491025439,-0.0003936582495382785
2012-08-14,-0.00012815461202020373,-0.006357111575335139,0.00752041505792711,-0.006521189386558709
2012-08-15,0.00113899162944886,0.002684854905290912,0.00958679600169976,-0.00712988475372124
2012-08-16,0.007075420387505638,0.007702395180227306,0.01337351202335757,-0.0027486598264468425
2012-08-17,0.0018703837394768996,0.0001237923777575034,0.004279570863336524,0.0018942357717478793
2012-08-20,-2.117505365362149e-05,0.0023482440213156153,-0.0004167196104472026,0.000254217724688905
2012-08-21,-0.0035036668144439176,0.012147418590036985,0.007370903642669013,0.000892067334711563
2012-08-22,0.00022637762345656398,-0.0015256463843211776,0.005981267947923641,0.007941988164052456
2012-08-23,-0.008104999597722262,0.01947442928767984,-0.010231118019873087,0.004931636228774872
2012-08-24,0.0064339883432618095,0.0001198258615104919,-0.0012472210153235963,-0.0010343740236192702
2012-08-27,-0.0004891344205226744,0.0015558470788290535,-0.007097413108374084,0.0027300038638012414
2012-08-28,-0.0008085090427956132,-0.003534116332835069,0.008967740981487893,0.0018121272206286887
2012-08-29,0.0008439929642989341,-0.004028476165369277,-0.008758308186815,-0.002138976660217365
2012-08-30,-0.007836429729673355,-0.0038028891605774717,-0.00915260836036147,0.003192868722445646
2012-08-31,0.005060469767645515,0.018633878966917372,0.019363192605667656,0.005414682999526391
2012-09-04,-0.0011666393226885674,0.004914916675883063,-0.012202249153371092,-0.0016890457678325288
2012-09-05,-0.0010682316532886205,-0.001241230493302048,0.000629367034740369,-0.0011345499303031191
2012-09-06,0.020229536612006882,0.006954661539328555,0.001781111786161027,-0.007183383146704469
2012-09-07,0.0040417949889430815,0.02029081832827284,0.009273308483373377,0.0011678228528234568
2012-09-10,-0.006166805654652663,-0.00507764575578129,0.0012438097286731065,-0.0019511327342560205
2012-09-11,0.003130052101452563,0.0017917055255480818,0.006504563291774623,-0.0010327626656317142
2012-09-12,0.002090505602597048,-0.0006932031433573016,-0.0016479150136046172,-0.006323972071743082
2012-09-13,0.016178172153844095,0.022002773808938336,0.013311638551163796,0.0008921469073063886
2012-09-14,0.003951135292808772,0.00039564454858354026,0.006994123589509904,-0.010283666390761573
2012-09-17,-0.0031295828602662112,-0.0011873345034461025,-0.024334062581688798,0.0029851690581387154
2012-09-18,-0.0012805951321173126,0.0003959578383909701,-0.013860904585003553,0.0024412106195042258
2012-09-19,0.0011848517443748818,0.00033921840196171615,-0.03535368435977748,0.0028086814347458677
2012-09-20,-0.0005408799928217078,-0.0007351762403526862,-0.0011966344283473873,0.0005269580031842948
2012-09-21,-7.532185571701433e-05,0.00440283446371037,0.01104142664896468,0.0016230762668105673
2012-09-24,-0.0022351500693797988,-0.007575807663553036,-0.010388569633420275,0.003913735454917647
2012-09-25,-0.010557389418567986,0.000964334417972168,-0.006110194124789636,0.003368964773271272
2012-09-26,-0.005753253211740805,-0.007512027785335995,-0.015329766349949203,0.005953864066935041
2012-09-27,0.009602727708234227,0.01530555379885623,0.02056933432783037,-0.00195724158280212
2012-09-28,-0.004487808236766533,-0.003663317473184158,0.0036948962444265376,0.0003407760377106566
2012-10-01,0.00264799766799495,0.005293415039934857,0.0031407499302540387,0.0011684073976817584
2012-10-02,0.000871906727265781,-0.004390443242589193,-0.006400238352493481,0.0009844920318849285
2012-10-03,0.003617857293033211,0.0025916057639054912,-0.04166575038155074,-0.0006716225077797263
2012-10-04,0.00714882173169773,0.009408103578217641,0.039704962098956464,-0.003789826449647851
2012-10-05,-0.0003216410840751749,-0.00867696557838915,-0.020155997829196082,-0.006061491272617207
2012-10-08,-0.0034627238474289612,-0.0028715290253007453,-0.0061380185474124715,-0.0012107637128252475
2012-10-09,-0.009940182135141917,-0.005938091815806956,0.03368134286500979,0.0024486086629187972
2012-10-10,-0.0062072555664816065,0.00011340886782296167,-0.012415748613801902,0.0027260165949429534
2012-10-11,0.00019537043698480971,0.0031710658827703853,0.008946161522548124,0.0015346468226703621
2012-10-12,-0.002970544956016674,-0.00612457890334106,-0.0022834684431343177,0.001167790530987057
2012-10-15,0.00804547075266715,-0.01259318302482626,-0.00010889049360596204,6.599206300008865e-05
2012-10-16,0.010217555817170876,0.004998976879014627,0.0026095249182320757,-0.0051501906172305165
2012-10-17,0.004108606125954317,0.0038899705382311467,0.00032578480110689867,-0.00822099877286596
2012-10-18,-0.0024467198768949316,-0.004692666879352103,-0.00021717807411825163,-0.0012934791901372145
2012-10-19,-0.016710144600035726,-0.011828994235928647,-0.02250982118207201,0.005367267713333733
2012-10-22,0.00043948567855078835,0.001334103125178565,-0.014767016831181756,-0.0026643937084989905
2012-10-23,-0.014549234970737679,-0.009786253111553123,-0.023490306660863602,0.0031758367451357366
2012-10-24,-0.0030901524835877936,-0.004576427088636592,-0.01090492017180189,-0.0009338310242112927
2012-10-25,0.0029910649483948504,0.006739952254437576,0.0037256962747749256,-0.004753271979343798
2012-10-26,-0.0007292475686444533,-0.0006427156013657509,0.002669249250311978,0.007199595387741284
2012-10-31,0.00015586755128005336,0.0038501829961825607,-0.00046372498287183817,0.005936295469765511
2012-11-01,0.010867212600985887,-0.0019815978265720346,0.009807942265010361,-0.002587628417197637
2012-11-02,-0.009423718242891788,-0.023612454431588326,-0.02593917768830334,-0.0009382679014481342
2012-11-05,0.0021614713450572864,0.004826738663643582,0.009266395618778844,0.003919013060920937
2012-11-06,0.007822509122727084,0.018785715767944744,0.03510336962663185,-0.005234952777663852
2012-11-07,-0.023990484179204685,-0.0005252090298402123,-0.04933136031901153,0.010180278906167685
2012-11-08,-0.012279933313509517,0.007095983552185103,0.007668224930363898,6.476190355088976e-05
2012-11-09,0.0016972512798218986,0.0028359102897814736,0.011451438292318095,0.001812949151777275
2012-11-12,0.00013047937654864228,0.0,-0.0058261642521371115,0.0002480556877514253
2012-11-13,-0.003993383474745649,-0.0035316856255276363,-0.002222901702676694,0.0020906157270709834
2012-11-14,-0.013948870444327355,0.003069202920692682,0.01094946825357912,6.30555550257365e-05
2012-11-15,-0.0015948159570164933,-0.009410985538837124,-0.010129943566838051,6.30555550257365e-05
2012-11-16,0.004828274735175775,0.0005834986578836521,0.01417640817187138,0.001445942996796871
2012-11-19,0.019667376739547215,0.011426015844216764,0.029669702940738674,-0.003342250022812552
2012-11-20,0.0006631664358280887,-0.006247879274090096,-0.02874706613328204,-0.004067501101346264
2012-11-21,0.002317493660971337,0.0027238133820048915,0.007235973263703954,-0.00277591496825595
2012-11-23,0.012942202068968456,0.01345158471129082,0.010247175470233572,-0.00048287464615127674
2012-11-26,-0.002031644269326449,-0.0010283643519493069,-0.0061356961701202195,0.00272857397464852
2012-11-27,-0.005240293685227826,-0.004181378449656492,-0.006402921080014501,0.0018113938311457845
2012-11-28,0.007825330760125482,-0.014861320460339833,-0.007946174691512375,0.0026410374362550084
2012-11-29,0.0042605535668815975,0.006214238032745456,0.018103173732958666,-0.00021176791607210345
2012-11-30,0.00016249433406834157,-0.009482009830170668,0.009492713969777355,0.0013528916752304269
2012-12-03,-0.004756519166260631,0.005072129324280361,0.002022390304827759,-0.0019589597652575896
2012-12-04,-0.0017112757910542342,-0.01476298116878283,-0.00664450161293928,0.001905271854265659
2012-12-05,0.0015836076545872046,-0.0011810559842020396,-0.007030335751252892,0.0016297379614853634
2012-12-06,0.003301135858709614,0.004657080509181455,-0.018606200277915264,0.0009847323538122778
2012-12-07,0.0029166619993503673,0.0021736936084622016,-0.003833001108136891,-0.0041667106999699
2012-12-10,0.0003385032499760854,0.005267790934858851,-0.004315159196808693,0.0010765142039649773
2012-12-11,0.006527531315292379,-0.002806063396620928,0.002684604576829841,-0.0029666631648878994
2012-12-12,0.0004481393339572648,0.004905420134284633,0.011358440861076957,-0.0043322612687781
2012-12-13,-0.00634148997700823,-0.012308929981781347,-0.01019350044574363,-0.002768392475441537
2012-12-14,-0.004143975679491874,0.00011798858346345753,0.009732482729995162,0.001899941049060242
2012-12-17,0.011800688037810758,0.0007073515707611833,0.0054044125157828304,-0.004954442270976561
2012-12-18,0.011421185666775635,-0.01633780585051703,0.008336750943866988,-0.005755179768787712
2012-12-19,-0.007618145562821255,-0.0017985616359155188,0.017809327887099435,0.0025333578248686018
2012-12-20,0.005473104693568764,-0.013046011827404058,0.006902667346079916,7.142856953636049e-05
2012-12-21,-0.009422944450144577,0.008595665013674925,-0.01644417147275945,0.004273746403008139
2012-12-24,-0.0024432789712660608,-0.0003014136366426001,-0.0005641456747200735,-0.0017556582897056345
2012-12-26,-0.00479895678992559,0.0007232842850024568,0.02639501409206879,0.0015317845152833561
2012-12-27,-0.0012191849162670465,0.001685484830296069,-0.0012097951066918355,0.004005779171204604
2012-12-28,-0.011111445674961473,-0.0046420286352324425,-0.000770624715740631,0.0004342784469218797
2012-12-31,0.01680002726988583,0.011953185522100007,0.01117081628053107,-0.004042657439705651
2013-01-02,0.025086115958697697,0.007791382859458018,0.014058877980763995,-0.007480172866265377
2013-01-03,-0.002087795423524774,-0.008448451813216629,-0.0021501252817115457,-0.005368286226563575
2013-01-04,0.004853299978980985,-0.01541362091915488,0.0018278395924502533,-0.0013744749935736661
2013-01-07,-0.003128003259122103,-0.0015788050432803402,0.0010737182067730444,0.0011640274535498635
2013-01-08,-0.0032476391807332305,0.009676519411254247,-0.0004293325672444226,0.0029816316840301435
2013-01-09,0.0026523453586815293,-0.004040623700428014,-0.0005369455351322827,0.0018014182667672593
2013-01-10,0.007568700109210624,0.01350520171763403,0.007703881754188124,-0.003736366363639135
2013-01-11,-4.751511497769201e-05,-0.010367784461266183,-0.002775134026105519,0.0018003264725137411
2013-01-14,-0.000931104904918989,0.005347139027603198,0.006180113868124337,0.0017102562208173274
2013-01-15,0.0011280332953038652,0.008650830902112716,-0.009177319973808551,0.002439691827523844
2013-01-16,0.0001969725099559838,-0.0004159551156286412,0.01023898771955345,0.0007098818140265036
2013-01-17,0.005627060541354645,0.0045655845799430494,0.01317681035556717,-0.00455830055182695
2013-01-18,0.0033974923781512345,-0.002250548079390846,0.0007327893183335377,0.0029846323565317833
2013-01-22,0.004418331627712213,0.0036693378433438895,0.007090752560317881,0.0008009898723953462
2013-01-23,0.0015063419242924425,-0.003847182876657307,-0.010549996012761298,0.00025480774159857526
2013-01-24,6.614661544723788e-06,-0.010012628248205147,0.007532137191246235,-0.0009276088294505358
2013-01-25,0.005430708661868344,-0.007877592973066783,-0.0007298097278534144,-0.009244953902442057
2013-01-28,-0.0018513342747921158,-0.002417796113122428,0.005823697708110309,-0.0023620717716880263
2013-01-29,0.005093003781205141,0.0050103795130516104,0.01164898736383968,-0.0011856236250584523
2013-01-30,-0.003907244671752075,0.011495111538641467,0.003785005209644865,-0.0015447200572919699
2013-01-31,-0.0025665919583923724,-0.011555314223236302,-0.004605284472864568,0.001975818845565555
2013-02-01,0.010002513224010023,0.00528532691511252,0.0028679604536963055,-0.002175784405060962
2013-02-04,-0.011605832709651764,0.0035279878042961954,-0.01650030749795217,0.0034227178433219804
2013-02-05,0.010362632222059354,-0.0017325477647567311,0.0048752881861604536,-0.0037983623976536617
2013-02-06,0.0005490198591342477,0.003164043591519672,-0.0002069403178799334,0.0044178978426844175
2013-02-07,-0.0018070310558568892,-0.004360645368130633,-0.008209980089908697,0.001615764034276229
2013-02-08,0.005641994585043442,-0.0026375895772305924,-0.0011485316699664239,-0.00019389243270453082
2013-02-11,-0.0006063012476387186,-0.010741790022626319,0.013592920663504593,0.0008013292819528848
2013-02-12,0.0015940011376045504,0.000303315246834579,0.004934762298305806,-0.0031739162734820145
2013-02-13,0.0005920877747911391,-0.0027331549301568003,-0.00514087076092018,-0.003256582566098386
2013-02-14,0.0006904332650528033,-0.00579464263345475,0.003087645751025825,0.0017944502883754066
2013-02-15,-0.0010456277960129157,-0.015970681578292734,-0.01501293364634293,-0.0005520039465370387
2013-02-19,0.007309694441360648,-0.0032375032652733893,0.008310904204841485,-0.001632446524441271
2013-02-20,-0.01248171143000576,-0.016346397170893034,-0.02302324952769208,0.0005310693554640352
2013-02-21,-0.006323005465665332,0.0003802367748857449,-0.017298912814895928,0.004145339152940836
2013-02-22,0.008734213386774492,-0.0036817960734820687,0.0031187950807982645,0.0008918080527983702
2013-02-25,-0.01847927558477469,0.008738057791807918,-0.00021474058604553647,0.006608865732567769
2013-02-26,0.006090876862567818,0.018117569902100783,-0.005168562840776936,0.0015276771048916447
2013-02-27,0.012645699119019582,-0.01245966817007016,0.0014025018021541769,-0.002101516402049447
2013-02-28,-0.0008644534614576926,-0.011031030283688459,-0.007683594584634079,0.0014365923121916165
2013-03-01,0.0023211594495267107,-0.0036829650487248955,-0.014995111827605712,0.003256376085833136
2013-03-04,0.004600126548350403,0.00012719540212824398,-0.006194682963757359,-0.0021053941472516328
2013-03-05,0.009520551872499894,0.0015889665775548067,0.007737376268592833,-0.0014676106937042692
2013-03-06,0.0010839250554139923,0.0,-0.004303448182470859,-0.003907259973936379
2013-03-07,0.0018148436172067406,0.00012705483006669738,0.01241839429270808,-0.004707318272194949
2013-03-08,0.004471128712954631,0.0011423030650430377,0.004250449441196125,-0.005769245467530688
2013-03-11,0.003243818865874104,0.0007608884674095151,0.0011955940083545613,8.158730136023628e-05
2013-03-12,-0.00240614539680184,0.008645465114191175,0.00520048150280239,0.003055652212597682
2013-03-13,0.0013131891571704912,-0.002012675138656661,-0.0002161922922594428,0.0002605510941685953
2013-03-14,0.005587352158972436,0.0014469955905793697,0.005497207578950558,-0.0010007453876575583
2013-03-15,-0.0016197737499892284,0.001193820272248125,0.004504492586127284,0.0034197607191837143
2013-03-18,-0.005525570335024099,0.007569380658191349,0.0030984684606840673,0.003696321039636421
2013-03-19,-0.0024254697268757397,0.004166847778572347,-0.01699873302166033,0.004428656955857548
2013-03-20,0.006675163815817342,-0.002361159771307797,0.00864304657097481,-0.0025492085035059083
2013-03-21,-0.00831692375600479,0.003911499559245968,-0.005501358431671655,0.0005295516179983017
2013-03-22,0.0071486438032994926,-0.004720566316438024,0.013536972542625314,0.0016171287530979779
2013-03-25,-0.0033456293009468396,-0.0009966212500724936,0.011669965813414507,7.599206197829472e-05
2013-03-26,0.0077549631946354225,-0.005499280632432324,0.016008700010375243,0.0008918925117818312
2013-03-27,-0.0005885230525652929,0.006495901882504818,0.0024881362146098596,0.005075564545173692
2013-03-28,0.004048463396191693,-0.007122743230299378,0.006707640942924087,-1.7455474219166995e-05
2013-04-01,-0.004483616865356588,0.003255262103589729,-0.0016469757670014573,0.0011649931796517562
2013-04-02,0.005158933898854023,-0.015684882420190505,0.0012354860550498614,-0.0018350826405551669
2013-04-03,-0.010602133218841736,-0.014258962507669892,-0.028597288998621906,0.004537108605893818
2013-04-04,0.00404027901273718,-0.0006442053746882337,-0.012679247350333434,0.004912482855671639
2013-04-05,-0.004304145168907425,0.015093644840955989,-0.006022874635342568,0.006025899093671459
2013-04-08,0.006282958765271296,-0.002160529777127884,0.007094554864900182,-0.0034081283751889635
2013-04-09,0.0035380658065768955,0.008992493876984753,0.008957154669824163,-0.0013020796783285598
2013-04-10,0.012115443329548725,-0.01774567308034225,0.004660064035201472,-0.005215583925675978
2013-04-11,0.003545956179577203,0.0038429559959709536,-0.012011807928642426,0.0013482004795084736
2013-04-12,-0.0028407983185489982,-0.04130691814830367,-0.024027142686526837,0.006476566779215099
2013-04-15,-0.02323412455036511,-0.09820579166610166,-0.028668650393727013,0.0018086090468825327
2013-04-16,0.014205840828064531,0.019073209052712592,0.00011274458912069463,-0.001488246318509634
2013-04-17,-0.014431313685983937,-0.0033225726891608076,-0.023262176612287355,0.0014420120833922314
2013-04-18,-0.006723555969544215,0.007065164563453408,0.012040774215789973,0.0018094451109913925
2013-04-19,0.008808989051054539,0.0023679189985097437,0.0031865142536418034,-0.0015817776871006562
2013-04-22,0.00465079821542691,0.01825136820422557,0.008485653473575994,0.0005256513491453041
2013-04-23,0.010365312805553195,-0.008764563117938273,0.004720680489467277,6.738095056442987e-05
2013-04-24,6.340170072505202e-06,0.010452107037941971,0.024916852892792107,6.738095056442987e-05
2013-04-25,0.0040266145649914264,0.026620193431925898,0.023883980590501785,-0.0011228240113496655
2013-04-26,-0.001843811801517603,-0.005625365162654106,-0.006858142951388757,0.004473179618057991
2013-04-29,0.007160315369406867,0.009448922631150936,0.016000341346440905,-0.0003927769189474247
2013-04-30,0.0024818174185821107,0.003265703540304088,-0.011066307023344102,-0.0005758560119267396
2013-05-01,-0.009351472649563597,-0.017749242617428607,-0.02634441836905488,0.0033744520736306437
2013-05-02,0.009364003810320654,0.014687911508286078,0.03199926179663759,0.0008004509104166199
2013-05-03,0.010479563948170068,-0.0023191704417664383,0.017089052577182073,-0.01099005923385373
2013-05-06,0.0019059611284841793,0.0025916852087926046,0.005736085389279388,-0.0016647340625632503
2013-05-07,0.005216639159836944,-0.013095367795032509,-0.00563147694851196,-0.0010243724952756325
2013-05-08,0.004130538866697009,0.017038302086289647,0.010403755631015699,0.0021712810670831448
2013-05-09,-0.0036939180287731688,-0.003466191297197163,-0.0023833320891286647,-0.004757525034565036
2013-05-10,0.00431234377158507,-0.022027321577899883,-0.003637674577948502,-0.007817424164866004
2013-05-13,4.288844886968235e-05,-0.0016020961104556974,-0.009100034041402694,-0.0020079066728765586
2013-05-14,0.010091066969150297,-0.0068551254707998055,-0.010138423501786953,-0.0025466294834123686
2013-05-15,0.005101103490210868,-0.01999212456538757,0.0009548986590015573,0.0008918507706600714
2013-05-16,-0.0050223319854110215,-0.006753887216782495,0.009078501916825132,0.007162849442071797
2013-05-17,0.01024741198656276,-0.01613403541922942,0.008996744223558117,-0.007524521513019923
2013-05-20,-0.0007078684047074901,0.014113448217259794,0.007160332120124124,-0.0013688521416396347
2013-05-21,0.0017209046830028996,-0.004706572368188056,-0.005703291391745857,0.001978112782273256
2013-05-22,-0.008308074265778842,-0.007430698684902204,-0.019744443750102647,-0.007311770355300016
2013-05-23,-0.0029281151046065546,0.017684200980975895,-0.0003182387921745189,0.0003507688408185512
2013-05-24,-0.0005515174989882965,-0.0037425918742926,-0.0010615550180661515,0.0011624188905389127
2013-05-28,0.00632096210916,-0.005567875242675768,0.009092900392873915,-0.011032465715255282
2013-05-29,-0.007072936243165628,0.008807502165757874,-0.019985834661277124,0.0010710516159274696
2013-05-30,0.0036636251143127296,0.014414371750389066,0.0051408848621559144,8.428571716187493e-05
2013-05-31,-0.014410576921856766,-0.01348048271637925,-0.01767477171636056,-0.0034951869920198703
2013-06-03,0.005918439859741831,0.013622131324814823,0.01596405105754073,0.00277452580496264
2013-06-04,-0.005526048005605411,-0.010395975120352396,-0.0014992441635213183,-0.00018414481307445807
2013-06-05,-0.01387555454392242,0.0009301011782127944,0.004597712624205386,0.003406489955654146
2013-06-06,0.008454454144231072,0.012295330550164962,0.010822432128502868,0.0023305178905922543
2013-06-07,0.012749914526945183,-0.023369021245246202,0.013313228104022024,-0.007614607504060591
2013-06-10,-0.00034687360363694353,0.002311102594680925,-0.002711181456705347,-0.0047341769821677305
2013-06-11,-0.010205264184820706,-0.006658935530785115,-0.004080564407617615,0.0018748566188735052
2013-06-12,-0.008404776908051304,0.010690688764811718,0.005228496846273245,-0.0030346018108635057
2013-06-13,0.014676069097359523,-0.010255071542170313,0.008412628825141155,0.0050972312723273905
2013-06-14,-0.005902401062458651,0.007016610331898043,0.011925668502736464,0.004389844526428477
2013-06-17,0.007538875562715042,-0.003248982924671573,-0.0008179310654510275,-0.003941135484860884
2013-06-18,0.007760963428783185,-0.011784578876664398,0.006829503141239535,-0.0008973120689034195
2013-06-19,-0.01394830132848135,0.005109127327629359,-0.0020338076699975005,-0.011372240660275975
2013-06-20,-0.025328424392299098,-0.06597613154712167,-0.0293348482050364,-0.00945016552843309
2013-06-21,0.002666219053526042,0.004422859719569239,-0.01808710842733774,-0.00825772457599964
2013-06-24,-0.012219368959627275,-0.011524755043812007,0.015778352877825697,-0.0028849879532896515
2013-06-25,0.009452456559302824,-0.0015676440923648727,0.0014698101296826138,-0.003490783416150752
2013-06-26,0.009544789666189324,-0.036100448476660496,0.0018865984577356443,0.004494007637377225
2013-06-27,0.006180691300296637,-0.0149121576686575,0.016100093573546026,0.005032710291315496
2013-06-28,-0.004298788980467982,0.010184076226777528,-0.005061789554781093,0.0005390072740676139
2013-07-01,0.005389199609390438,0.025891654536359,0.014700859341783001,-0.0009581589608847271
2013-07-02,-0.0005450566900506715,-0.009842086910742509,0.016296738423251078,0.001949584984989026
2013-07-03,0.0008237078945754206,0.006811742623574979,0.016331765305783286,-0.002717753751746882
2013-07-05,0.01015004570322553,-0.0318079157329052,0.019368729970540954,-0.01853035153057599
2013-07-08,0.005237805213836211,0.01797580845034563,-0.0007753618416943553,0.0062231761166793385
2013-07-09,0.007203661934862993,0.00886816500649168,0.0037741312820926964,0.0014163883352577016
2013-07-10,0.00018157596462842207,0.0012032247636408755,0.028471315443939993,-0.004256240006029811
2013-07-11,0.01346321276535356,0.02587677612608541,-0.015229854780599794,0.009399526088036686
2013-07-12,0.0030817302206287422,-0.0017982934091742564,0.009864381260006994,-0.0022618672870049
2013-07-15,0.0013739351515562603,0.0046845805308430855,0.00348615562408483,0.004052028591152745
2013-07-16,-0.003715655417707353,0.005437751093870347,-0.003014317422571189,0.0022099754657986005
2013-07-17,0.0027702066483987764,-0.010044094286119076,0.004518111501212729,0.003709954577461236
2013-07-18,0.005020341712006271,0.005229242099018094,0.014544331785101505,-0.0036785889870655556
2013-07-19,0.0016087555796460151,0.006749762357370237,9.257379845450942e-05,0.0038860916221366147
2013-07-22,0.0020309625424266287,0.03278232057525443,-0.010606717917294617,0.0003629986626105252
2013-07-23,-0.001853653868336913,-0.0009732726413984594,0.002988698258430844,-0.002363218229341414
2013-07-24,-0.003818502729718176,-0.011601776086361149,-0.017308342383487663,-0.006208169786288574
2013-07-25,0.002553209985189042,0.007022378689875097,0.0009483922886834861,-0.00156036234982939
2013-07-26,0.0008279514379090358,-0.005508029892910216,-0.007517052714315575,0.004139006921443261
2013-07-29,-0.0037430341753674767,0.005056479060803198,-0.001433633664752243,-0.00200136723451086
2013-07-30,0.00037374708533377543,-0.0033177713841849865,-0.01416005151650257,-0.0014732509897515103
2013-07-31,-0.00013641851599821564,-0.008799916807399555,0.018740608464662856,0.000979195251772322
2013-08-01,0.012462588230416571,-0.0010673359258541737,0.026866171893823676,-0.011210253087391929
2013-08-02,0.0016391140879470356,-0.0003051757864609428,-0.008844231555816151,0.010701469305100889
2013-08-05,-0.0014809308775634022,-0.006122780607500822,-0.0035597684692838527,-0.003217412261445674
2013-08-06,-0.005739472830554426,-0.0150053283093321,-0.01189473575949851,-6.997992609905937e-05
2013-08-07,-0.0038131256619413634,0.0022574442286140695,-0.00887114397370592,0.0037823456559053083
2013-08-08,0.0038779210740464976,0.0189469440830079,-0.009337327316401023,0.001242188372475668
2013-08-09,-0.0035763480414265914,0.001677141163559881,0.024551069874693354,0.0007161842704257616
2013-08-12,-0.0011535858605249416,0.016468061360921382,0.0013202509314913513,-0.002086075619266592
2013-08-13,0.0027722100072677947,-0.010166133337281558,0.006762505460124579,-0.009473154142152542
2013-08-14,-0.005190063227857422,0.00964156991634102,0.00018716438689914128,0.0003689626164536413
2013-08-15,-0.01438456494796192,0.020478513413118904,0.004482250068891247,-0.0036286080273825673
2013-08-16,-0.0033100676234782966,0.007390349998876999,0.0012104592274937431,-0.006296864229557545
2013-08-19,-0.00591777795715398,-0.004017683329916366,-0.003355713574504371,-0.004636199759479649
2013-08-20,0.003813913098371202,0.005037811989806684,-0.020088356529694096,0.006178883652179317
2013-08-21,-0.005796369467346629,-0.0018223572084146156,-0.010727071047756276,-0.0034331881032072836
2013-08-22,0.008582441743413938,0.0004376508946979385,0.011298476383243106,-0.003854814935584425
2013-08-23,0.003939241910212665,0.01770981329617438,0.013147499950036945,0.007304340830807398
2013-08-26,-0.004047839230057804,-0.0019363517501069794,-0.0047094370607467795,0.0012385876422406983
2013-08-27,-0.016001539229184125,0.019619605598163226,0.02875556583536376,0.007422201252505829
2013-08-28,0.0027438773089691892,-0.0011269022179263288,0.009949389132692943,-0.0051851341579663545
2013-08-29,0.00196147664909585,-0.00430805110888155,-0.011877667398520586,0.0028044920919397423
2013-08-30,-0.0031793671926347855,-0.011961729543889632,-0.010626124486270427,0.00028298340828278475
2013-09-03,0.004155575226959307,0.0113245215459159,0.008233539085373387,-0.008453252228277997
2013-09-04,0.008084187928560027,-0.01577531939713772,-0.012142685532217534,-0.004114717299009659
2013-09-05,0.0012091315394675561,-0.012160880108594618,0.010575231741418278,-0.006931391660288058
2013-09-06,5.442965978197378e-05,0.009855849000619088,0.019735642999385128,0.003648565030390884
2013-09-09,0.009943282138970666,7.218147199861136e-05,-0.009179815949911685,0.003654071494560861
2013-09-10,0.00731894048480175,-0.016504117418558728,-0.019640088142242718,-0.0052180560976625694
2013-09-11,0.0030476346138188504,-0.00014659176849995958,0.001581746515955551,0.003478537711772145
2013-09-12,-0.0033861418278018363,-0.024868593603377676,0.009622584746808549,0.0012369674493517176
2013-09-13,0.002711001653103118,-0.01667463190592855,-0.003597618326481644,0.000891849399558891
2013-09-16,0.005677008295821295,0.007234543851109443,-0.015084110778827764,0.0021880804554038125
2013-09-17,0.0042088695965523115,-0.006394194227050676,-0.011037310286154067,0.0019298954832654282
2013-09-18,0.01210412155841567,-0.0012990114845123912,0.024826808433281222,0.012741019080724884
2013-09-19,-0.0018446541484813395,0.046026332051999574,-0.015667580699854078,-0.003369285797946615
2013-09-20,-0.007243053962847412,-0.027315828475254378,-0.01620350121408265,0.0015008359847139207
2013-09-23,-0.004730758941951407,-0.004211464098284878,-0.010467315859214565,0.001675603536081881
2013-09-24,-0.0026005214977313784,-0.008248580056451793,-0.004450463022306117,0.005434753913353897
2013-09-25,-0.0027432251543784147,0.015008407385870726,-0.004567708891375588,0.0035177279453592132
2013-09-26,0.0034793658479985723,-0.009249961668873041,0.003597603304570818,-0.0024300635348847876
2013-09-27,-0.004082121663444127,0.01111961031158426,-0.0015541142664590168,0.002204324066889582
2013-09-30,-0.0060474799811904845,-0.008930994336050269,-0.0052631788501926735,0.0004539021790448936
2013-10-01,0.007966724683406312,-0.031007268780229857,-0.0028380007464381407,-0.002604373504964192
2013-10-02,-0.0006668918703409688,0.026549534475807768,0.019987058717253703,0.0018539315714134292
2013-10-03,-0.00901997250055242,-0.0024260445347756843,-0.00761780773359888,0.0018548769414612545
2013-10-04,0.007028466704283254,-0.005862049685156023,0.005117064459426501,-0.003913930712462713
2013-10-07,-0.008542747536819384,0.011463475434532633,-0.007831021579991493,0.0016786429471056061
2013-10-08,-0.012408749931083207,-0.00045307487090617826,0.004454772929238793,-7.027010539196232e-05
2013-10-09,0.0005737417306050929,-0.013150527333181117,-0.01833300753358369,-0.001118207514849306
2013-10-10,0.02159562288283645,-0.007912504372284523,0.01368413012909464,-0.0029465040722121143
2013-10-11,0.006266595617328008,-0.022304578914430273,-0.009657252043572484,0.0003681611859693351
2013-10-14,0.004066441145288202,0.006602778534198883,0.00381556025652241,-0.000678061636769486
2013-10-15,-0.007088789613758806,-0.0026673149739631086,-0.011786842691649646,-0.0024173656252961004
2013-10-16,0.013732804307132085,0.007045038923208402,0.01061436826423634,0.0043832457919060095
2013-10-17,0.006721314413737467,0.031253706635890666,-0.01596410286657779,0.007465687666441834
2013-10-18,0.0065274054636228485,-0.006294758819145763,0.0013897102953031037,-7.256482111628669e-05
2013-10-21,9.173220960434492e-05,0.0009884999625331403,-0.015897913672055175,-0.001647671485401415
2013-10-22,0.005721116239627122,0.020164741123126717,-0.014415010931058347,0.008633948533131222
2013-10-23,-0.004735753240036722,-0.0064265469332536185,-0.009657964968377009,0.002477380055576839
2013-10-24,0.0032528385443555408,0.012145692994379509,0.002577719614957452,-0.003153704875308937
2013-10-25,0.004385214392774728,0.0016281164419824634,0.007591315356604511,0.001771768200460418
2013-10-28,0.0013288165192371082,-0.0002958322832187221,0.008446616505712434,-0.0006921760328724227
2013-10-29,0.005568661214094384,-0.0050423130348367096,-0.004876110470279471,0.0005395221108212299
2013-10-30,-0.004887849694569901,0.00282091263968276,-0.014669190080423,-0.0016580797601439027
2013-10-31,-0.0038467705679376962,-0.019008298605495355,-0.004038311488274715,-0.001216922138187326
2013-11-01,0.0028992144122090835,-0.007964543329991969,-0.018535497547168767,-0.006721916838423528
2013-11-04,0.00356419937809882,0.0011416829857315847,0.00010571406291148833,0.0016798769323971578
2013-11-05,-0.002809530848340458,-0.00503316524085573,-0.013298775318559386,-0.005134139066148657
2013-11-06,0.0042564687122874645,0.007388502478491432,0.015199317540571577,0.002028109415123574
2013-11-07,-0.013270435999594987,-0.007082720171927903,-0.006349292266776274,0.002467362559568502
2013-11-08,0.013338208792264439,-0.01843549777376907,0.004237310742296607,-0.011457330146062001
2013-11-11,0.0007226700649729523,-0.0027285146532047833,0.0056920246608020975,-0.00032555125041182863
2013-11-12,-0.0023732054456200302,-0.007758374803145784,-0.022319966538279168,-0.0013669883881946793
2013-11-13,0.008062752720499056,-0.0022051885213283384,0.00898782367595885,0.0038516070121178752
2013-11-14,0.004825596820451139,0.01401463716541329,-0.0012789931137850985,0.002111834119699874
2013-11-15,0.00421314627388103,0.0008549428585640229,0.0008528167074528525,-0.0005024061555791151
2013-11-18,-0.0037050524235047178,-0.011799392732389613,-0.008669156661324173,0.002811365428573687
2013-11-19,-0.0020450552776010156,0.0009428608914205938,0.003326692628725425,-0.002854241120886369
2013-11-20,-0.003642235996161425,-0.01224682450185366,-0.00010708209078647002,-0.006830697818600544
2013-11-21,0.008095705420756438,-0.011513699009954692,0.022356184173396798,0.0008049182934227295
2013-11-22,0.004949190500028955,0.0004020100556649808,-0.006306580786544558,0.0028913122247797595
2013-11-25,-0.001264140787239576,-0.0023339308349594745,-0.007939490486322143,0.001065660258337491
2013-11-26,0.00014979323550345924,0.00024173118194248389,-0.004367009550225731,0.004030193084588916
2013-11-27,0.002481998677461128,-0.0029041448933400105,-0.014840547974832141,-0.0033718302376211525
2013-11-29,-0.0007859984571165768,0.01028776685854993,0.0045400376247037855,-0.00032616345617138097
2013-12-02,-0.0027227235347160317,-0.02288904688035931,0.011793837450557731,-0.005092680753791275
2013-12-03,-0.003197955991893764,-0.0004910782883058573,0.023386731238291603,0.0023680228670908583
2013-12-04,-0.0013043434697870282,0.021459182938458277,0.012005899183884061,-0.0056001383046300314
2013-12-05,-0.004349015813080115,-0.012090096963768282,0.001850142480060768,-0.0017022813753531346
2013-12-06,0.011175194876876127,-0.0023542956632374157,0.002768850398918943,-0.0016995652693508937
2013-12-09,0.0018154512479506835,0.00405581331600402,-0.0031797061652145686,0.002362117487193814
2013-12-10,-0.0031847248956573537,0.021700795360903413,0.011948120769532444,0.005315853859271727
2013-12-11,-0.011381397674607108,-0.0030941548556420173,-0.010921258535936396,-0.003954831022605655
2013-12-12,-0.003777688379155819,-0.026163698079213482,0.0006155489867323283,-0.002737211055821565
2013-12-13,-0.00010141528650642329,0.0078807340994409,-0.009273652581176961,0.0008918108085252238
2013-12-16,0.006300152129396608,0.007899484106637544,0.00906853777153227,-0.0006634887887752533
2013-12-17,-0.003105805936371553,-0.011547791836537868,-0.002670799020756398,0.003055554395076406
2013-12-18,0.016510906009174597,0.003971978277199639,0.005948144071438399,-0.003513109776801889
2013-12-19,-0.0005800974283936,-0.03381505677728658,0.009869272687815567,-0.0033319577565641325
2013-12-20,0.004807155440690103,0.008416345408783776,0.005553076634659426,0.003396334272465975
2013-12-23,0.005304028886206069,-0.005575176639224466,-0.004136574790902792,-0.003503472634561663
2013-12-24,0.0029115043043059785,0.005575176639224466,0.003129236399486146,-0.00452317718546456
2013-12-26,0.004734304621132779,0.007440510666761213,0.0033204419898353876,-0.0004828229512474628
2013-12-27,-0.0003366410106071527,0.0016459554700949397,0.00770501267685475,-0.0012544363744546741
2013-12-30,-0.00017926996201467205,-0.010747458164401813,-0.010320203576343445,0.002697624032020084
2013-12-31,0.003951856349111438,-0.0009978804752162063,-0.00880085343290915,-0.004168546269782445
2014-01-02,-0.008901413016629611,0.01903718570719448,-0.030746213463139327,0.0036422545661462234
2014-01-03,-0.0003330205201601544,0.010879399570833392,-0.015628653323282116,-0.0007401901930716475
2014-01-06,-0.00251492725375968,-0.0004845937968926961,-0.0056566539756914835,0.0030431232442485415
2014-01-07,0.006063345375391549,-0.006809384421340603,0.0025654516018862594,0.0021841402097614237
2014-01-08,-0.00021223150345139885,-0.003340513526092437,-0.014408812056938558,-0.004692303459421116
2014-01-09,0.0003482485435144511,0.0032591895882276845,-0.007283016582002588,0.0026987618493676925
2014-01-10,0.0023040304904551334,0.014055079791468472,0.011498093162807699,0.00902059385348199
2014-01-13,-0.01265596645879441,0.003363290552861997,-0.009971881326981347,0.002970614968702124
2014-01-14,0.01075987611993412,-0.004567191383518576,0.008568774038073101,-0.0035166128026586797
2014-01-15,0.005152889134683036,-0.005718193646703007,0.016920535169765216,-0.0011811996268988323
2014-01-16,-0.0013480284864257897,0.001533452891411713,-0.0022324900309182993,0.0036614032942692155
2014-01-17,-0.0039027803200157862,0.009391208725446631,0.004354105090726534,0.0014980943119069167
2014-01-21,0.0027699122428179734,-0.007538048800282304,0.0065483452754468985,0.00028534644865066573
2014-01-22,0.0005747000497677845,-0.0026599368951050195,0.018152026485530826,-0.00291322423974718
2014-01-23,-0.008929324764570978,0.018868464968043064,0.006080887880907326,0.00766597468267454
2014-01-24,-0.02109642142734014,0.001503719512834678,-0.007011786908743822,0.0034150905587417126
2014-01-27,-0.0048882218533394806,-0.000712016503126911,-0.009565452077755054,-0.002583562167090258
2014-01-28,0.006121875622431716,-0.010021539139981606,0.01750163658463677,0.0018483109155640622
2014-01-29,-0.01026170390849579,0.008912959998292003,-0.0005134574293732541,0.006302551377324004
2014-01-30,0.011204044372218114,-0.01597222964778222,0.008896246912708072,-0.001462673267843315
2014-01-31,-0.006486290214249735,-0.0016919599958669096,-0.007561915132121122,0.002288484169354814
2014-02-03,-0.023096604704487156,0.01623714843165569,-0.01093242704184405,0.007730663103205254
2014-02-04,0.007612043683081993,-0.006926561928680464,0.007850490948278832,-0.0036581483321530255
2014-02-05,-0.0020302824086568805,0.004464015110304587,0.0019529719144575353,-0.0036484201718548414
2014-02-06,0.01236305445337571,0.0002385198268903821,0.004712631399574896,-0.0029432568588727936
2014-02-07,0.013214193504296645,0.004522260225517272,0.02063598396340982,0.0024625386288187187
2014-02-10,0.0015680048032544747,0.009061958358516087,0.0018005437478825215,-0.0001555147118857776
2014-02-11,0.011001375944254654,0.011930373961170027,-0.0011999513158578168,-0.003462535299322521
2014-02-12,-0.00026929864772107237,0.004022650425664409,0.004293354845501973,-0.0037136763032649656
2014-02-13,0.005793211978776469,0.003929561971428797,-0.00019932515350262747,0.0024578440887794003
2014-02-14,0.004797689385548587,0.014201945513293346,-0.0004983346425886381,-0.0007607035301520408
2014-02-18,0.001157803392558776,0.004312108113140312,0.021013916033614244,0.0031567185063773335
2014-02-19,-0.006545861773195938,-0.0030998215570825494,0.008554511801702525,-0.001892943057425302
2014-02-20,0.006013341826934138,-0.0026538288045969693,-0.0037821836070106585,-0.0016293679137884987
2014-02-21,-0.001920566673181412,0.005149612915852586,-0.007020321713534727,0.0018488690200185896
2014-02-24,0.006167455552331447,0.01081824390288677,0.00604823575033997,-0.0012820759876238774
2014-02-25,-0.0013485906767742861,0.0035057292357230097,-0.009675109494240886,0.004378077007915874
2014-02-26,2.1699742124958732e-05,-0.011081312179254788,0.007435652238008572,0.00254996893834645
2014-02-27,0.004935881408416165,0.002556603022505044,-0.001853698896499445,0.002814773646301631
2014-02-28,0.0027788242813375774,-0.007689409294796334,0.001853698896499445,-0.0012920866514749107
2014-03-03,-0.007405866200454803,0.02148684660835709,0.02245771114369255,0.004569440784395815
2014-03-04,0.015152322676142305,-0.009152135496918845,-0.015270369600041356,-0.007218303727163649
2014-03-05,-5.335274966444814e-05,0.0017923099224788075,-0.01836173175629341,-0.0005031545943443915
2014-03-06,0.001716933496856754,0.00854420326067995,0.0010836966069982523,-0.003284619109637051
2014-03-07,0.0005379445771156455,-0.010112344300665654,0.009993267013714835,-0.004488496419200104
2014-03-10,-0.00046335364121929956,0.0024631838004482987,-0.014335042250981367,0.0006313026184878943
2014-03-11,-0.005095096975215263,0.003794770385582069,-0.010837828766438129,0.0016736125418281133
2014-03-12,0.00030512432320950467,0.01752109633366583,-0.020604717946486772,0.0035903012270152457
2014-03-13,-0.011770091695883167,0.0013855260876454167,0.002140773436224208,0.006483167082244892
2014-03-14,-0.0028257664174455854,0.004943343120337396,0.007001930826417535,0.0008042034049478303
2014-03-17,0.009567717695039057,-0.004433290106901744,-0.008224624252981982,-0.0046000482181091035
2014-03-18,0.007193682245473454,-0.010176173535256794,0.016382155501493578,0.0016768408139212674
2014-03-19,-0.00615052509673486,-0.013035272285072175,0.006697738831894284,-0.007793731254246722
2014-03-20,0.006022334087521841,-0.008159051448327403,-0.009409503129044872,-0.00015041020836044093
2014-03-21,-0.0029369801166092557,0.004125263678846913,0.00030166202037662515,0.002282884113354178
2014-03-24,-0.00487658095936272,-0.01873736390623737,0.0014066051888717013,0.0015878442999750699
2014-03-25,0.004394270848822046,0.0001525762559584365,-0.004124921899149925,-6.548500520489524e-05
2014-03-26,-0.007024936954875827,-0.006119033816973207,0.010729605770930739,0.0030706583038499656
2014-03-27,-0.0019018913439774465,-0.00669728327859076,0.010122113200845995,0.0026373515106306437
2014-03-28,0.004629489243409779,-0.000695308000776329,0.0038433099341759203,-0.0033769244907134763
2014-03-31,0.00789287138479633,-0.008070837010600407,-0.0008855728784471495,-0.0008496886434119265
2014-04-01,0.007014688044213457,-0.002965315343456787,-0.01827990469885421,-0.0030193167887764597
2014-04-02,0.002849263831839366,0.008482230162754512,-0.0012038034842589695,-0.003704527284610581
2014-04-03,-0.001127085213011192,-0.00473803793516403,0.006703023013191256,0.0012388293587018981
2014-04-04,-0.012616542925314,0.014531038596461876,0.00843969138820011,0.005679548773286379
2014-04-07,-0.010808312332149406,-0.0039981225559317934,-0.006945131020621886,0.002809760279736657
2014-04-08,0.003743537980176903,0.008209622486996082,0.020887410771201154,0.0013278540826687692
2014-04-09,0.010859039341966081,-0.00244813161184787,0.010089345729125121,-0.0001551987172707601
2014-04-10,-0.021105967737387488,0.011121363653430194,-0.0019323382654432564,0.005003010447583073
2014-04-11,-0.00953205973989757,-0.00106110700643125,0.0032827714997170077,0.000891585390932387
2014-04-14,0.008183708150740543,0.006425057299722425,0.002983833838271721,-0.0016438739583681436
2014-04-15,0.0067345795177038426,-0.020707158636276368,-0.0028874230585591576,0.00106653322759767
2014-04-16,0.010433867948766107,0.002381757965860487,9.64014855693307e-05,-0.0006823102442895434
2014-04-17,0.0013629237070942324,-0.007471593527117015,0.005190830669771884,-0.007206227264239007
2014-04-21,0.0037680156555719435,-0.004183801224072248,0.0006709128816302368,0.0001079761887353564
2014-04-22,0.00408378899612849,-0.005761928644147929,-0.02169581945077148,-0.00032710279855105803
2014-04-23,-0.0022157668625224503,0.0028072193175834315,-0.006778969940602231,0.003595625783281756
2014-04-24,0.0017154882753311895,0.004893821820934008,0.004916914104932779,-6.775596809352963e-05
2014-04-25,-0.008129344743501576,0.007872803371142822,-0.013232186363482334,0.00202668171646799
2014-04-28,0.003230811162501901,-0.001384772320621508,0.002382823505823417,-0.0008537008889007828
2014-04-29,0.004749460504633873,-0.0022351732969703164,0.004353880339430738,-0.0014624174818942957
2014-04-30,0.002987549802701217,-0.0003087084588733191,-0.01532216764312544,0.004212429834024298
2014-05-01,-0.00014327174433237388,-0.009694883579778768,-0.0032134964508259145,0.003781487153550911
2014-05-02,-0.0013493550298715462,0.015083242496170435,0.0034140405363194404,0.0014173850097644143
2014-05-05,0.0018694675823400786,0.004901238540162112,-0.0028106701054664285,-0.0016474181323609901
2014-05-06,-0.009029031461991188,-0.0005348650712599934,0.0002009914845348959,0.0015049181257735373
2014-05-07,0.005600754871033509,-0.015172283080289617,0.012683014814936833,0.000541002821739784
2014-05-08,-0.001374569232786449,-0.0009316391759837117,-0.005073825837219381,-0.0009478422625022272
2014-05-09,0.0015183231948787679,-7.765998612985214e-05,-0.0026966735189475344,-0.00173339152720707
2014-05-12,0.009626256172316161,0.006426849857109396,0.005982653116633152,-0.002777351921800405
2014-05-13,0.00042166878828275856,-0.0007721412003194317,0.010974460307112466,0.0034296734532714315
2014-05-14,-0.00471208956501723,0.008537509764837026,0.006566454714567627,0.00668945633896308
2014-05-15,-0.009405904183934943,-0.009387535391780055,-0.008534929279788273,0.0037083926393987874
2014-05-16,0.003739962819000908,-0.00015459345020829574,0.005110041108276064,-0.001307379197236219
2014-05-19,0.003837414189703736,0.00030916300497541016,0.005766560232265405,-0.0014811911032997472
2014-05-20,-0.006519604608542728,0.0006182280107411842,-0.0016581146585110673,0.0024754703294160717
2014-05-21,0.00808334054774651,-0.005033892527293027,0.015786461553487285,-0.00235979131180544
2014-05-22,0.002359444194714122,0.005342863264508502,-0.003175998386264034,-0.0014789428018873126
2014-05-23,0.004239392917884999,-0.0025517499468730165,0.005862870569412593,0.001770333078316363
2014-05-27,0.005969950211528463,-0.020493443975597714,-0.002302580551281963,0.0016831642040110292
2014-05-28,-0.001114692750058488,-0.004832247220515562,-0.013441186523783344,0.007161350636584662
2014-05-29,0.0053527586573611785,-0.002385117908837664,0.008337426847988105,-0.0006973234927096052
2014-05-30,0.0018419804431015763,-0.008553609957438368,-0.008434804409430008,-0.0007847494093085255
2014-06-02,0.0007275613640587153,-0.0015265535202235725,-0.0023393895395891207,-0.00666669495099041
2014-06-03,-0.00037928846953505513,0.00048239362370416927,0.0018525080799580707,-0.0050672392792002795
2014-06-04,0.0018898766063628614,-0.00024116772390136987,-0.00019487844351573358,-0.0010350416128563653
2014-06-05,0.006504082119662691,0.007208681596943656,-0.0015600240154123313,0.002031244865602566
2014-06-06,0.004617083548019707,-0.0007185537196594538,0.0017549024589280648,-0.0010358870614793412
2014-06-09,0.0009383308564867576,0.0011175164219388023,0.016902898571965252,-0.00129699830271632
2014-06-10,-0.0002460138818793922,0.005013378348112774,-0.000574872475826993,-0.0018192823700864597
2014-06-11,-0.003543311151666728,0.0007934618850446995,0.0004790711637285838,-0.0003323761409750706
2014-06-12,-0.007114139088909788,0.010101038089279868,0.020196934100096264,0.004836270328897522
2014-06-13,0.0031296591990708222,7.849533927206664e-05,0.0035607691152081955,-0.001473153843848407
2014-06-16,0.0008363553307866312,0.0009417510338058932,-9.356097465129665e-05,0.0007163613944709203
2014-06-17,0.002170212444888797,-0.0025132136631089708,-0.00506426019152606,-0.004961532094344621
2014-06-18,0.007689243160729831,0.000550350431645974,-0.0036735254072919332,0.0037804861681276893
2014-06-19,0.0012766632951644041,0.03194264624466303,0.004331448214266231,-0.0006834918544491701
2014-06-20,0.0017285634956767382,0.0019012136171543403,0.007768318550817277,-7.087137934956984e-05
2014-06-23,-0.00013247285289885724,0.0013666761382351567,-0.010214247692115208,0.0001916012584402858
2014-06-24,-0.006456106498617942,0.0021979048502647203,-0.001319504354142076,0.0033460420371992853
2014-06-25,0.004885557422717568,0.0009836380573053916,0.004422923724582084,0.002471551043336643
2014-06-26,-0.0011795794276396876,-0.004624179680054574,-0.006216499943208831,0.003089695563539128
2014-06-27,0.001909045238083884,0.0022010744273464056,-0.0009452546016390784,-0.0005147941264834568
2014-06-30,-0.00037232599700143254,0.0021206072596671177,-0.003505238927123955,0.0015073021628503602
2014-07-01,0.006655572896822726,0.0034740428103079424,-0.00028481238692634747,-0.004023025381518504
2014-07-02,0.0006585960751230857,0.0032365590688430146,-0.008197481632545411,-0.0055817285034321954
2014-07-03,0.005464550227672227,-0.007770343387195844,-0.004028065257403846,-0.0016427357712488027
2014-07-07,-0.0039312390543235765,-0.002958039532572343,-0.005106218413426511,0.0028171268470833697
2014-07-08,-0.007073762181680543,-0.00037986705110171215,-0.0012564371558276832,0.004664871670573713
2014-07-09,0.004633516553258943,0.0059095926843788504,-0.010793051412151478,0.0016820320765217301
2014-07-10,-0.0041396283244736765,0.011192531747925116,0.006237223084127663,0.0014189061954981994
2014-07-11,0.0014698419980474497,-0.0012706592156233043,-0.02061319993841071,0.0011553909826982605
2014-07-14,0.004831860726996595,-0.02322954723047488,0.0007931182023401817,-0.0024456827958009115
2014-07-15,-0.0019339645679457007,-0.007221930704834456,-0.009458969959469599,0.00010115079463474332
2014-07-16,0.004192285009448682,0.002079685842482526,0.012328629889840848,0.0010672759410242424
2014-07-17,-0.01190460592747744,0.013072063269468082,0.019473246089297014,0.005651387977874304
2014-07-18,0.010212608899671238,-0.005712342947713722,-0.0005816710912069922,-0.000694391954585846
2014-07-21,-0.002322946423904959,0.003431319976192171,0.014057608056477378,0.0009796769960384382
2014-07-22,0.005003611167300193,-0.005801967415925979,-0.0016266993052953538,0.0008033318328079994
2014-07-23,0.0017529007770127336,-0.0012257533143538168,-0.012527825181181562,0.00027417455936669535
2014-07-24,0.00048803681255105147,-0.010712617991875284,-0.010234535840206505,-0.0038602861073550594
2014-07-25,-0.00486094604610976,0.0096388148305806,0.0001958918840019308,0.0036248548817795876
2014-07-28,0.00028811339355350185,0.00015352458617723386,-0.0041224850322549855,-0.0018388006921406473
2014-07-29,-0.004538068413713958,-0.00384379302618143,-0.006908801171295664,0.0026555872406507914
2014-07-30,6.0910919409629116e-05,-0.002622263046676565,-0.0069569410490997186,-0.0079761310521465
2014-07-31,-0.020201932155229585,-0.010558265305008696,-0.021165863004337204,-7.416218347888509e-05
2014-08-01,-0.00286321623129826,0.009553784766136886,-0.0029584405387907964,0.004588105430881187
2014-08-04,0.00716331444964613,-0.004571367029065243,0.004180091379327067,0.0013319245838634398
2014-08-05,-0.009732679197336225,-0.0028774381109641922,-0.009301479343321262,0.0008034092101316791
2014-08-06,1.563842636009838e-05,0.017524632377683425,-0.0047349454938778734,0.0008915330883013198
2014-08-07,-0.0055721154467329725,0.0031328374476986554,0.004324089727582248,0.004514682149714682
2014-08-08,0.011465422557972005,-0.0014505666252642158,0.0031797061652145686,0.0008915286548653151
2014-08-11,0.0027556250258413684,-0.0003056654798241354,0.004393817908204589,-0.00034591804222919027
2014-08-12,-0.0016379823741559107,0.00022928118583465107,-0.0072653076585451615,-0.0018454817438025197
2014-08-13,0.006684767102511202,0.003051573813724673,0.0022568084295651047,0.0026598783248173398
2014-08-14,0.004336398273697917,0.0008375342593867074,-0.020811379320600842,0.0012454289879190146
2014-08-15,-6.137480757129055e-05,-0.007180006652363069,0.018349103836743375,0.0049726054339582935
2014-08-18,0.00849548321965976,-0.005226396460265903,-0.009702747483020246,-0.0036236817387258276
2014-08-19,0.004988190179197716,-0.002005535738078379,-0.020221761241301373,-0.0014967264538093277
2014-08-20,0.0024747482825437928,-0.0013134644900674175,0.016688881825316138,-0.0017593330508900514
2014-08-21,0.002945547280270411,-0.015348416628314432,-0.022207939198136017,0.0017759797607300807
2014-08-22,-0.0019945749188226003,0.0038396979781980534,-0.003304704863394292,0.0004492042936372331
2014-08-25,0.004776353863603866,-0.0010171969619161558,-0.0032085915415711597,0.0015112618747559717
2014-08-26,0.0010505288952433744,0.0050759546353971174,0.005448463227110345,-0.0002591781432250511
2014-08-27,4.998604328498857e-05,-0.0014810965484315375,0.00021302485745788857,0.002753141223764735
2014-08-28,-0.0016913305449461902,0.0052905490415975365,0.007111485654605509,0.0024893536855272965
2014-08-29,0.003314914329020091,-0.002252789722417603,0.01480260104965403,-0.0007055630199711661
2014-09-02,-0.0005442142177027876,-0.01733724355686661,-0.03262312061243655,-0.006621755180091752
2014-09-03,-0.0007794447528013393,0.004106515517587006,0.02823670972613712,0.0008915076458927569
2014-09-04,-0.001535599204713023,-0.0029992515207100112,-0.01147445590778684,-0.003256892710386571
2014-09-05,0.005023247704959211,0.000553220793622522,-0.012357630850041268,-0.0010490388648667474
2014-09-08,-0.0030778458543165854,-0.01040318904427906,-0.006776011276136806,-0.0006074140682267082
2014-09-09,-0.006566521532684888,-0.004720874815900444,0.0009707819770330417,-0.002629904268203599
2014-09-10,0.00363944360036772,-0.002650323812478206,-0.011712549488275492,-0.0028876030656219383
2014-09-11,0.0008815167647231448,-0.0049175604164419795,0.012574731137388717,0.00036413991942166465
2014-09-12,-0.005980405492006291,-0.0060795387282084334,-0.006050857927830222,-0.007161897955479331
2014-09-15,-0.0007104037481093783,0.0030038189193488662,0.007019862987670322,0.0021185047321140823
2014-09-16,0.00745650732455605,0.0012961567218114922,0.020874018104962033,0.0002780410105331465
2014-09-17,0.0012948050790884125,-0.0006478189129381917,-0.004860010575976403,-0.000860412147487286
2014-09-18,0.00487925712733972,-0.007072972316843007,-0.014401000806856246,-0.002432402530226927
2014-09-19,-0.00047738351040305105,-0.008521069455597718,-0.0071166573897487595,0.0037842073336358134
2014-09-22,-0.008045602530218687,0.0012335020187990153,-0.009677746577172464,0.001944516162081341
2014-09-23,-0.0057932500796260555,0.00344569303731479,0.0004369774681096672,0.0028249557189137754
2014-09-24,0.007801976758654128,-0.001967556330828124,0.013452204257659695,-0.0028810168751575065
2014-09-25,-0.016300913265170358,0.002131303097120174,-0.002913769609047989,0.00520292806522777
2014-09-26,0.008539261124001385,-0.005830900435841002,0.010856259016862602,-0.002008610116491414
2014-09-29,-0.002550050856915398,0.002796534515589144,0.010951135715147942,0.003974181083659578
2014-09-30,-0.002789816544312096,-0.0057660785786319835,-0.03672405325062744,-0.0013964924034453622
2014-10-01,-0.01333710611263772,0.003381286984866172,-0.004728144369115839,0.009383764681107057
2014-10-02,5.1433282504120825e-06,-0.0003294008808820692,0.003081313881050818,-0.002994036112563852
2014-10-03,0.011103635523903144,-0.018285084652592154,-0.01405283731857132,-0.0006973234927096052
2014-10-06,-0.0015663860013983566,0.012089021785870457,0.0066637129463194,0.0020402848942208318
2014-10-07,-0.015241618619128872,0.0041349713248948206,-0.01663075226248445,0.0067454895591486895
2014-10-08,0.017310947498058837,-0.005295752834792999,-0.01748456156679712,0.0018681768115252752
2014-10-09,-0.020877848454314396,0.015885701002019914,-0.01779571999666718,0.0003587409778713136
2014-10-10,-0.01151708002621099,-0.00294404499679235,0.0005828201438360381,0.001869306686242976
2014-10-13,-0.016605033202522712,0.006774746282857791,-0.0009326397527642527,0.0019593160747706138
2014-10-14,0.001577619680866782,0.003491762624595829,-0.046553359358428636,0.007234536731468803
2014-10-15,-0.008133300726077763,0.008475653278412487,-0.0007333768863624357,0.010506456178005465
2014-10-16,0.0001449672004421032,-0.0028978331647149247,0.01118686511827427,-0.005557844894186453
2014-10-17,0.012801813377146587,-0.0017750134792242633,0.0006044491290726484,-0.004023717225253435
2014-10-20,0.009101116121280839,0.004592483646493228,-0.00048351162248216895,0.0016966468255278722
2014-10-21,0.01938537082775138,0.005611237167786776,0.001208294928896514,-0.00232427294324789
2014-10-22,-0.0073261006616123225,-0.0049683178171067155,-0.028043238482677424,-0.0017855089113141297
2014-10-23,0.012228305721599497,-0.01318100068857131,0.019310602668357824,-0.004005108769828895
2014-10-24,0.007028690175716612,0.0021953509044640995,-0.01324353153690705,0.0002682854946314716
2014-10-27,-0.0015026968788385275,-0.0017070895081285897,-0.00012347553992064775,0.0015153369001837226
2014-10-28,0.01186836456691065,8.133717526082052e-05,0.0051717659133894145,-0.0023120982824522034
2014-10-29,-0.0013863159906426503,-0.0039942195704769645,0.009534344350297985,-0.003371675584810103
2014-10-30,0.006210797247873323,-0.021632343693815947,-0.013225691234993953,0.0016916031421869706
2014-10-31,0.011663114233148697,-0.02279349106756534,-0.007175606910462484,-0.0025702482299602325
2014-11-03,-0.00011892891639941894,-0.0014526395819753901,-0.022094824742999286,-0.0010600061638948487
2014-11-04,-0.002833853252665719,-0.0017117429361119818,-0.02038919545737894,0.0006253367208678618
2014-11-05,0.005684311060805136,-0.01902513240824799,0.01911905080926246,-0.0006163152247495752
2014-11-06,0.0037684036443277336,-0.002710125789287865,-0.009834636052432622,-0.0021204258939556526
2014-11-07,0.0003495251267811028,0.023617972636309048,0.00945328755804109,0.005690254174607227
2014-11-10,0.0031153270195591887,-0.008586692128022655,-0.016020848595283965,-0.004073266054520451
2014-11-11,0.0006964516302874202,0.0027558346829366087,0.006952530924859701,5.0042031393056865e-06
2014-11-12,-0.0007013625789182854,-0.0033596312696433372,-0.009798971171186999,0.0001822621229855543
2014-11-13,0.0005297044284002794,0.001896510199365764,-0.039241460418490526,0.0011576692111662196
2014-11-14,0.0002402413485471655,0.020374963962937365,0.02146320641812416,0.0024904755883709776
2014-11-17,0.0007350887776578219,-0.0016891895908441867,-0.002376870342092552,-0.001681972322360718
2014-11-18,0.005120849353688506,0.011514142798771942,-0.01371068105710993,0.0016909185153771206
2014-11-19,-0.001502286875618708,-0.002593797781803353,-0.00040215536175747246,-0.0024787996089841793
2014-11-20,0.0019651640132032355,-0.0024326015461424433,0.013319322845826598,0.0015128816402855566
2014-11-21,0.005223212603738148,0.005694721835856953,0.012229757016640086,0.0018689133005637172
2014-11-24,0.0028599298137388374,-0.0016715423866902057,-0.009587089682750793,0.0005360506692058006
2014-11-25,-0.0011506914684167313,0.0013374369646053097,-0.022553868481226758,0.004544524495565933
2014-11-26,0.0028020524716030337,-0.0004177633099144984,-0.00541338309103967,0.002408197378025572
2014-11-28,-0.002545664637012557,-0.018045877242182762,-0.10794222428175804,0.0036627419211014045
2014-12-01,-0.0068527893448342425,0.03577186495895468,0.04218159096934304,-0.002054812618312373
2014-12-02,0.0063641667588481,-0.015555542198704586,-0.031206576888129334,-0.005871349342275073
2014-12-03,0.003757673834027031,0.007725294072399969,0.007448269506705074,-8.718722497112496e-05
2014-12-04,-0.0011625717317853557,-0.0008278146168105849,-0.0084954638209771,0.0027628776046097394
2014-12-05,0.0016638315989210284,-0.014514789852628773,-0.014625232647390796,-0.004352833398142478
2014-12-08,-0.0072830221497151015,0.0038577502784624684,-0.04329945043708516,0.004545074354507246
2014-12-09,-0.00023785182583413444,0.030337871608031364,0.012138565757894959,0.0033912913365264437
2014-12-10,-0.01648612118304893,-0.0021134584034427917,-0.04617686504584739,0.004650785210285662
2014-12-11,0.004525433971620529,-0.0030970267852454825,-0.016378856822644394,-0.0007187531300156457
2014-12-12,-0.016346465791658105,-0.002533592640363125,-0.03634909935015074,0.006818486561539556
2014-12-15,-0.00636278627172171,-0.012185272725321994,-0.03341854254025112,-0.001082687635136743
2014-12-16,-0.00852525986538133,-0.011078308205875409,0.0003576619805008008,0.004129712263700516
2014-12-17,0.020148073243295705,0.00033500075834158594,0.009608631011703395,-0.00681378081379941
2014-12-18,0.023731374885708867,0.0003347863938758522,-0.04269052236711479,-0.004915972055431793
2014-12-19,0.0045596379674188725,0.0010039934370027481,0.04357554298099808,0.0025915785251261533
2014-12-22,0.0038032224799273706,-0.01363893293205809,-0.022545276794192937,0.0013393106045008405
2014-12-23,0.0017448386297047591,-0.0015269147659973115,0.03310501021055412,-0.008375818508734346
2014-12-24,-0.00013930624107505452,-0.003742476400430128,-0.022663838145124515,-0.0005337123683986281
2014-12-26,0.0033041099821211617,0.01840650444295644,-0.020078464394917006,0.0013372667852430652
2014-12-29,0.0008614034280896021,-0.01144320240930341,-0.020676367567312504,0.003928930998539051
2014-12-30,-0.004900593034504297,0.01553413054735664,0.009468154342054724,0.001606874187357853
2014-12-31,-0.010364383561250357,-0.013674074832771055,-0.015830454044352127,0.0018761063433516416
2015-01-02,-0.00034002147313572095,0.0017722065183543023,-0.01094767136458552,0.00430067019628677
2015-01-05,-0.01844721353258727,0.014980006662454137,-0.05160295426297523,0.0076484112359255195
2015-01-06,-0.0089332546906995,0.012710656392123099,-0.04308108435596614,0.006950939470532923
2015-01-07,0.011562735844876215,-0.007160879321572722,0.014910220457776902,0.0008918359221649996
2015-01-08,0.01773016812715511,-0.0018188935745326873,0.002873552595966,-0.005512042777639381
2015-01-09,-0.008439322147078876,0.006269592809969637,-0.008852354224805126,0.0041461754799674054
2015-01-12,-0.00812661684347038,0.013640062420647858,-0.048511066043942286,0.005425278674504371
2015-01-13,-0.002581885435816389,0.0012972013624876766,-0.003914757217224896,0.0020719139088029677
2015-01-14,-0.005830028967975132,8.099451778331712e-05,0.054904117212314585,0.004896515809584325
2015-01-15,-0.00929090300456803,0.024249859450433675,-0.047089868360305154,0.005730860975503653
2015-01-16,0.013334893186267571,0.009600383272962532,0.0514121780313892,-0.0035725077665777973
2015-01-20,0.0015487524334005798,0.013457421344313936,-0.04838973638313515,0.0008009093671248415
2015-01-21,0.0047204650221894795,-0.00038641371389047663,0.029523210742563144,-0.004109632638689123
2015-01-22,0.015154313070629755,0.00539625134896049,-0.031249166202282908,-0.0038266367190840644
2015-01-23,-0.0055066562793015805,-0.006246868588578813,-0.01566955257465885,0.0072692509021554256
2015-01-26,0.0025651679986227194,-0.010264437842764984,-0.009698083913547872,-0.0009290417918393529
2015-01-27,-0.01347828781585747,0.009567905338057514,0.02363861443949755,0.0003456137573508275
2015-01-28,-0.013587502811021501,-0.004500261174159803,-0.03926394897435337,0.009313142662018766
2015-01-29,0.009489517058263175,-0.02464210405936118,0.0017981127966546495,-0.002398551987051058
2015-01-30,-0.013077099006318704,0.018870738528236508,0.08002549529245684,0.00704024132718596
2015-02-02,0.012879170000215545,-0.0018006415575539947,0.02719721866300384,0.0002499271567594298
2015-02-03,0.014336238577453031,-0.013013315577139473,0.06784904480245446,-0.009695550694122262
2015-02-04,-0.004164706572452381,0.0032495353787656,-0.09070249659475627,-0.0014790335487443974
2015-02-05,0.010238810710909263,-0.0014253298741548903,0.04104485508101963,-0.0015680164787637487
2015-02-06,-0.003424027611878877,-0.02251785941057527,0.023687103475380944,-0.011060394156592454
2015-02-09,-0.004256239310481469,0.005576467523876971,0.02238260808259085,-0.0008277382928642511
2015-02-10,0.01061897955406188,-0.007442254987159558,-0.055223986121625046,-0.0038042470236055127
2015-02-11,-2.9034010157857892e-05,-0.010283266746029085,-0.02387328223434171,0.00034985671815499723
2015-02-12,0.00959829506591614,0.0009019520901309974,0.047385155229813236,0.00025948010792916954
2015-02-13,0.004066459227779262,0.005231782127141926,0.03019750035048263,-0.003075816153177702
2015-02-17,0.0015962996977982868,-0.015115727381670219,0.014109913654156259,-0.01102649261740144
2015-02-18,-0.00031435862322926056,-0.0069773724962711725,-0.026309824801854287,0.0071894047229041184
2015-02-19,-0.0010626217157181372,0.006149283661093463,-0.01897442307126207,-0.004134670475280891
2015-02-20,0.00610784272105569,-0.0022392306033918175,-0.016157980989763843,-0.0017086775874765256
2015-02-23,-0.0003033852119855851,-0.0034099716670716873,-0.017837919241092237,0.006741631376346897
2015-02-24,0.0027549724688311628,-0.0028366649341622363,-0.0034437790427213066,0.006491689689950647
2015-02-25,-0.0007660169636025671,0.003419641802913098,0.03411127353012944,0.0017958985588940534
2015-02-26,-0.0014771186302544592,0.0071351631617018185,-0.056893185354848885,-0.004159143793963711
2015-02-27,-0.0029606830486317293,0.002477088262295979,0.03247503206989455,0.001343055574245133
2015-03-02,0.0061062381811325395,-0.004049110653326693,-0.0034222111216459794,-0.007287950314658897
2015-03-03,-0.004548872603817422,-0.0030683369818884643,0.018580102965297662,-0.0033249690356394524
2015-03-04,-0.004398161230154685,-0.002827935385908198,0.019794832107629556,-5.458651919098445e-06
2015-03-05,0.0011953652510365842,-0.003922351093294196,-0.015055528871493973,0.0010711699850507168
2015-03-06,-0.014275356362467129,-0.026950825107847187,-0.022916171163512633,-0.011326656969563694
2015-03-09,0.003936662357975962,0.00197386790380083,0.007830566812193851,0.004109547444614617
2015-03-10,-0.017106820937141443,-0.005415915948947969,-0.03479848658375273,0.006273452673062613
2015-03-11,-0.0019195206764850425,-0.00813577684056721,-0.0024881362146103037,0.001609848353435339
2015-03-12,0.012522702206037017,0.0012159324570824026,-0.02352553281389813,0.0012510026007630896
2015-03-13,-0.0060932370901962685,0.00043389596775078587,-0.04811024820898435,-0.001352364418779403
2015-03-16,0.013442909023855698,0.0006072017488047976,-0.02164194185813839,0.0013407819278173315
2015-03-17,-0.00332569770778246,-0.004344810265399346,-0.009617705986455505,0.003681834296422894
2015-03-18,0.012085101501629225,0.0026959841412743657,0.02723728923304858,0.009759706695030155
2015-03-19,-0.0048844891269501645,0.015255586684474132,-0.015798134286307608,-0.002271219030577832
2015-03-20,0.008972382193259243,0.013339824035723424,0.039255756917105256,0.0043341268685408866
2015-03-23,-0.0017472566067135986,0.0026971957568777682,0.037140675508592125,0.0014358110824574072
2015-03-24,-0.006158345701591017,0.0031095972006651706,0.0012636387353790468,0.003434999650668072
2015-03-25,-0.01466592652723886,0.004688244381404694,0.03515665640326482,-0.0037303304934142535
2015-03-26,-0.0023803307374734572,0.00649346826973396,0.04412482944724472,-0.007770753263186421
2015-03-27,0.002365760729503563,-0.004407613858515624,-0.051057976294826446,0.005417010940241824
2015-03-30,0.012162382647149528,-0.012580891750165968,-0.003895415037463046,-0.0012786481693021691
2015-03-31,-0.00883468621753103,-0.001435933541767298,-0.022435545207249774,0.0027032166447412726
2015-04-01,-0.003973254201847354,0.02091076569292838,0.05098866123470591,0.006071490583701415
2015-04-02,0.003523452303713981,-0.00597756132043159,-0.019148035743433933,-0.003189818532096386
2015-04-06,0.006587072647165293,0.014631342783434143,0.059259042126975636,7.555555729638961e-05
2015-04-07,-0.0020640327085867938,-0.006586554489200758,0.03468120231027072,0.001073430998651997
2015-04-08,0.0026789415573471587,-0.006214545543826944,-0.06822571366587837,-0.00010629163227370308
2015-04-09,0.004447575873625986,-0.007927608751493231,0.007311617395159509,-0.005621143823118367
2015-04-10,0.0051893768994561995,0.009173611346904309,0.016597051320191625,0.000710850714261827
2015-04-13,-0.004591806820961608,-0.004409447390731458,0.0052148927405824,0.0011634826121053245
2015-04-14,0.0016284322585136124,-0.005434568565282127,0.026237266589119734,0.0032502210413604617
2015-04-15,0.005134989044996097,0.007267250790277124,0.056543113506547726,0.00043829620566763794
2015-04-16,-0.0007787467579856155,-0.0029172765011287183,0.0056587188865817595,0.0020726468864768434
2015-04-17,-0.011375704189052982,0.0040818286206354415,-0.017252493715686157,0.0026200779963611183
2015-04-20,0.009192748586536403,-0.007845161517145094,0.01141645246466716,-0.004008361335514092
2015-04-21,-0.0014817025047682009,0.007845161517145094,-0.020065215509619705,-0.001827622488914606
2015-04-22,0.005074582853386467,-0.013390441663966968,0.01615546787925659,-0.004983823483345622
2015-04-23,0.002354940842552722,0.006299101033357957,0.027745446303647725,0.0023399734439855397
2015-04-24,0.0022502668247534885,-0.016205683354533207,-0.010270786363819617,0.0027954319727673035
2015-04-27,-0.0041499132407345485,0.02362951871174168,-0.0028035736415024104,-0.0005579432201448425
2015-04-28,0.002765404437345964,0.008852869596814195,0.0012275265539836155,-0.004350809672561068
2015-04-29,-0.003747348127572714,-0.003465595586137127,0.026290002804078227,-0.005505947672825558
2015-04-30,-0.010180553033248607,-0.02290880519148164,0.017765448390472116,-0.0009094491739239495
2015-05-01,0.01086377656345583,-0.006703766742857553,-0.008082204826229678,-0.006287355647827879
2015-05-04,0.00293643314776304,0.010418125460372352,-0.0037263121927280096,-0.0015290958681799648
2015-05-05,-0.011908003358530372,0.005378082159257502,0.024638826175228168,-0.0035820437979654806
2015-05-06,-0.004465681140931821,-0.002433315523068025,0.00873653906536731,-0.005618999518773118
2015-05-07,0.0037667104694749654,-0.006659125353704276,-0.03320571525929772,0.005095116681532778
2015-05-08,0.013368147987361745,0.005650406070160763,0.00760589774102538,0.003131354705357177
2015-05-11,-0.005102556456082041,-0.004974106783250498,-0.0023600717355192202,-0.010949773582301628
2015-05-12,-0.0029539964393672236,0.007913186088978286,0.025001302205416742,0.001337039143849382
2015-05-13,-0.0003050012906520294,0.02140276540104402,-0.004123717183861508,-0.0018674339777874454
2015-05-14,0.010721604261759943,0.005728798596138063,-0.010300787647772758,0.003924049211412652
2015-05-15,0.0007681188278665374,8.158275327208031e-05,-0.00317809821551851,0.008868572885831285
2015-05-18,0.003043312472570392,0.0018750657940209692,-0.004365324659889147,-0.007675367060735725
2015-05-19,-0.0006435815978420578,-0.017168880909600226,-0.03719688415672451,-0.002939251621287874
2015-05-20,-0.0009309494507938609,0.001655766550627824,0.029596125268901652,0.0010698512192064576
2015-05-21,0.002335145908745062,-0.003729337524911891,0.0290747575653878,0.005989213025292113
2015-05-22,-0.002236385149483766,-8.301206705230157e-05,-0.0166061600797498,-0.0025910451074534053
2015-05-26,-0.01033520490750206,-0.014300973526948368,-0.028706895944639044,0.007077268292168974
2015-05-27,0.009120918929109934,-0.0010955517266060255,-0.009001280626780073,0.0002640449461527034
2015-05-28,-0.00126756391748728,0.001853371357715794,0.00295168172752458,0.0005329110288055304
2015-05-29,-0.0063385151840975595,0.0010936268834482732,0.04442159281320812,0.00322744412501016
2015-06-01,0.002057343499147102,-0.000925243412143395,-0.0016597260925559354,-0.00858478134598332
2015-06-02,-0.001009105165347357,0.004868987707044248,0.017454709017374448,-0.006501247823061285
2015-06-03,0.0021166294697554378,-0.007903206348653491,-0.02680059434295501,-0.00876858981115391
2015-06-04,-0.00866056221510103,-0.008306478391888028,-0.027883469116188664,0.005335914591617649
2015-06-05,-0.001437215232732214,-0.006061379691723268,0.0192954173501656,-0.008308947417949198
2015-06-08,-0.006495560338305673,0.004613337822188868,-0.016884543263818053,0.0019542368248237755
2015-06-09,0.000418265519003036,0.003488706075129855,0.03382128277877072,-0.003086523131803833
2015-06-10,0.011970491752514079,0.007446870892936275,0.021223152732161132,-0.005277719042451487
2015-06-11,0.001737116756528323,-0.0052408836542428006,-0.01080206646371007,0.008506802438170823
2015-06-12,-0.007018874653102358,-0.0009326965120806108,-0.013418595714560055,-8.245027212303814e-05
2015-06-15,-0.004633289621772008,0.005498934994764504,-0.007365259749669839,0.0024874343370952273
2015-06-16,0.005673730515754372,-0.004057870754626158,0.007532059319889761,0.0036455400805214624
2015-06-17,0.0019776843950722878,-0.003479129092530009,-0.0008341488850076573,0.0011582256671787622
2015-06-18,0.009854000054009049,0.021111827743485634,0.008806281031160879,-0.003897877856061418
2015-06-19,-0.005317615237949269,0.0,-0.013993234210886385,0.007571430268116873
2015-06-22,0.006076367981542319,-0.014925691467098545,0.0011736055381250665,-0.008150946297544108
2015-06-23,0.0006356664251931932,-0.0063562231970246685,0.0220407966433811,-0.004237774601176629
2015-06-24,-0.007380465718305196,-0.0030653768027377737,-0.012203282562252227,0.0034610315750757507
2015-06-25,-0.0029780041565965476,-0.0009385057618116477,-0.009502441912057513,-0.0018521793107432868
2015-06-26,-0.00039015574492218263,0.0011943563947358626,-0.0011732121307170829,-0.007217421773756109
2015-06-29,-0.021086969508611553,0.0047631080335994724,-0.02204224889054629,0.012965343750329938
2015-06-30,0.002654962352467649,-0.005957464428335335,0.019355432088022262,-0.00026239185603683425
2015-07-01,0.006912096434636972,-0.0021362964757827285,-0.04312275321431258,-0.007240883581004748
2015-07-02,-0.00030807018954703835,-0.005145808953403552,-0.0005268027070233217,0.002307643367119627
2015-07-06,-0.0038692326988973846,0.008476461823922143,-0.0804380365958739,0.010327104621829057
2015-07-07,0.006062560593869115,-0.01763258994680683,-0.00381455635301009,0.0042821882320608715
2015-07-08,-0.016792964912141883,0.009414090400743369,-0.01307963026633363,0.0023209885255103305
2015-07-09,0.0022596476448200065,-0.0037032714567715175,0.02164208283872293,-0.008355459840687326
2015-07-10,0.012262986385008112,-0.0011223283049073274,-0.0007580951965908689,-0.010158370862390236
2015-07-13,0.011005268507354948,-0.002161789164397021,-0.010291703246157802,-0.0010520424066109543
2015-07-14,0.004443273236500289,-0.0016460063008070236,0.015963853634389125,0.0028381040745626175
2015-07-15,-0.0007352563007367863,-0.00530329228715587,-0.031213660039325575,0.004439405412863009
2015-07-16,0.007982733444475087,-0.0029680531118785325,-0.009773338182318625,-8.405183432134287e-05
2015-07-17,0.0011055716244507963,-0.010546766320175038,-0.0003929363098409411,0.00035932133448392386
2015-07-20,0.000770936624001628,-0.02242675870016253,-0.014647883772951786,-0.0019436691248223674
2015-07-21,-0.004270796242723307,-0.002986226185726082,0.004178676461672026,0.0029325896043737054
2015-07-22,-0.002390565020189861,-0.0109350458429196,-0.02350689840676079,0.0016909185153771206
2015-07-23,-0.005692210211379667,0.0023794058603039403,-0.015157968805435296,0.0040963199204306815
2015-07-24,-0.01076102069666085,-0.007707896950271298,-0.006418934407471433,0.0006244124946042639
2015-07-27,-0.00579175506506413,0.009990481826287478,-0.015702196576083516,0.003925725764650212
2015-07-28,0.01231007380188931,-0.00018237063843162815,0.012373024770665708,-0.0018718415686670967
2015-07-29,0.007292142927383338,-0.0032892653285676587,0.016741144721566847,-0.002490930592191522
2015-07-30,2.836690402219233e-05,-0.003942902550703842,-0.005549299082011849,0.0010696919647618592
2015-07-31,-0.002274103801051197,0.005954306837122836,-0.029278576835034542,0.00571606862354264
2015-08-03,-0.0027606939449054124,-0.005035948817229574,-0.042264407545803184,0.005012710471563787
2015-08-04,-0.0022522391669328456,0.001192538806868093,0.012540116160906667,-0.005360501505863469
2015-08-05,0.003109838185491043,-0.00459475190306069,-0.012982911631692406,-0.004986478138703317
2015-08-06,-0.007783195922561603,0.004136225578012187,-0.010912070663406492,0.0031218916130018506
2015-08-07,-0.0028790228563382314,0.0035709643265038338,-0.01784755216451428,0.005365449318677708
2015-08-10,0.01272683563202559,0.009188961461124023,0.02454249439144185,-0.005530463405911423
2015-08-11,-0.00960306468018235,0.0030744436249161566,-0.04271429043050512,0.00913908796375937
2015-08-12,0.0009496036382143913,0.013986220544715877,0.005093722596817507,0.0007122787165301092
2015-08-13,-0.0012760258683810477,-0.0066997439646439005,-0.025021759282517486,-0.005188549654865873
2015-08-14,0.00390433227435949,-0.0025127239178521776,0.0063732178242936754,-0.0005385590552864253
2015-08-17,0.005197891709402214,0.005108638645219266,-0.01493452140959528,0.004206429672865053
2015-08-18,-0.002628982935632962,-0.0013418618399914095,0.01775404708833328,-0.004024475598342061
2015-08-19,-0.008289136409596942,0.009798760247176297,-0.04364153889848987,0.006093289063533718
2015-08-20,-0.021325960454146475,0.021832461299938544,0.008298806678227688,0.0041275855374905655
2015-08-21,-0.03236924252187823,0.005707855724575772,-0.016914207023049688,0.0027822014286714874
2015-08-24,-0.04021144434651891,-0.005360973645283984,-0.056184530289637546,0.005225230342884469
2015-08-25,-0.013614249742656348,-0.01326609907875298,0.027596842292510804,-0.012109542426559707
2015-08-26,0.038291299434532355,-0.012020629120604198,-0.018226737428427953,-0.0034039496272810876
2015-08-27,0.024007254489689878,-0.0019581236090830956,0.0976626403603218,0.0004440626734550041
2015-08-28,0.0006085511568763025,0.009487946300354544,0.060624616544020515,-0.0015229709885663815
2015-08-31,-0.008427078663983956,-0.0013246789876699694,0.08435414516057671,-0.001163808493607685
2015-09-01,-0.030022649842428528,0.006254679083375514,-0.08016129725552856,0.0025919436113278856
2015-09-02,0.018127671423214586,-0.00545963957878115,0.018329122208800896,-0.001790320228430526
2015-09-03,0.0011641156994190993,-0.007800809896323813,0.010752791776261983,0.0023237599597266644
2015-09-04,-0.015448308754276496,-0.0027625341162806905,-0.01508650960101221,0.003671977673627862
2015-09-08,0.024773637197038845,-0.00017844816814349684,-0.0023915787658754795,-0.0058127809323073884
2015-09-09,-0.013995035769085007,-0.01637764802791075,-0.03974320575659629,0.0012494056611715373
2015-09-10,0.005264075444936012,0.006601325224117716,0.03930775052521396,-0.0035717510527226116
2015-09-11,0.004477006444986387,-0.005422516675857025,-0.028494409562573875,0.0035748216356192523
2015-09-14,-0.0040980412230444685,0.0037988027454547435,-0.014216668655591125,0.00035487496408160717
2015-09-15,0.012749687631433027,-0.004433305016104505,0.013319988143144723,-0.008898684052849142
2015-09-16,0.008667740715376127,0.014761656297426207,0.05582441938028504,-0.0018645453958083618
2015-09-17,-0.0025643444425602624,-0.0016989964683835623,-0.005316333454726152,0.007766756108508314
2015-09-18,-0.01629623095438415,0.01844507958106245,-0.048491726955710135,0.007886540406370322
2015-09-21,0.004555392033672945,-0.004402965995981667,0.043789832924713945,-0.007413468902701858
2015-09-22,-0.012394930019378414,-0.007174182201744372,-0.018376875481746602,0.00806770534236164
2015-09-23,-0.002050744229593171,0.005849503214074403,-0.029899298823344633,-0.001617641552264604
2015-09-24,-0.0033686518713071933,0.01942834628959389,0.00962084405113206,0.0022375324261231042
2015-09-25,-0.00046590180122052516,-0.0067832668675036345,0.01743783089266726,-0.00421038579548512
2015-09-28,-0.026001211162808957,-0.01229163851155679,-0.02818339077817189,0.006641197352908126
2015-09-29,0.0012320939129821795,-0.004338039176050579,0.017845649552449494,0.003772436245062905
2015-09-30,0.018895898603564554,-0.010345205714490824,-0.003100077551887459,-0.0004582306422984917
2015-10-01,0.0019719386783378923,-0.001166120109355795,-0.007792502239062582,0.0017024058293069362
2015-10-02,0.01421379301640524,0.020344525396983393,0.01772308716139559,0.004865736780483714
2015-10-05,0.018124593518502152,0.0008790436760319764,0.01568653978056389,-0.0059492768026567075
2015-10-06,-0.003594689344143198,0.007615313750683583,0.047904517743583064,0.001973026137475425
2015-10-07,0.008003519857552988,0.0019165012618254096,-0.014947286901606738,-0.0023478009101242357
2015-10-08,0.00877978014455838,-0.0037494475801524985,0.03332268213082612,-0.004046156713694712
2015-10-09,0.0007248485605151345,0.010082743094216085,0.004037977628147615,0.0008916732321256732
2015-10-12,0.001274664477333154,0.0074099730009873355,-0.052322542495121915,0.0008916815497715004
2015-10-13,-0.0068488236901274036,0.000772321131433884,-0.00938570530271532,0.0032321607060604727
2015-10-14,-0.004727430911938946,0.012191571448331828,-0.00042873436727974834,0.0067647384162474065
2015-10-15,0.014743551351354967,0.006587902904208853,-0.005590174098760059,-0.0037065636407783075
2015-10-16,0.004560061373696911,-0.003626441948680892,0.018795881386134194,8.027777785346621e-05
2015-10-19,0.00027050894387325997,-0.008740287853461481,-0.029417021136746158,-0.0003702360378769729
2015-10-20,-0.0014221010558941316,0.003997752165893154,-0.007436608149951507,-0.0037854705108915747
2015-10-21,-0.005842448911133502,-0.008867746141183908,-0.007713503239096475,0.0037759401528495227
2015-10-22,0.016490847012593512,-0.0008568246783458022,0.003974399171454923,0.0005311158940147372
2015-10-23,0.010969953969042656,-0.002832678595479088,-0.017337678075345142,-0.005131005844551501
2015-10-26,-0.0019149330010996835,0.003175517490032753,-0.01399885009532209,0.002331764632260293
2015-10-27,-0.0025573858650878023,-0.00017135244509436376,-0.017894461807464346,0.002784680877358704
2015-10-28,0.011770488488143549,0.008788764836116236,0.06149565445710836,-0.005667390802929227
2015-10-29,-0.0004498753806609912,-0.025729617395093385,0.002608756839993287,-0.0071620948760470985
2015-10-30,-0.004821481688424889,-0.004980961312634591,0.011441004896024953,0.0020562372312669178
2015-11-02,0.011803876338814412,-0.005005895536445593,-0.009705689586471333,-0.0031324600580281297
2015-11-03,0.0027243529250675635,-0.01920067667017289,0.037435296755023106,-0.002858004050327932
2015-11-04,-0.003551666939647369,-0.0069347342721268745,-0.0335417095960624,-0.000803819226499449
2015-11-05,-0.0011327897564985534,-0.0018996573289280505,-0.024476722958939323,-0.0012483638574673508
2015-11-06,-0.00034768178002320127,-0.015328811851509805,-0.02033816511107256,-0.007719312235649823
2015-11-09,-0.009871290656502829,0.0002758435578282814,-0.009528247775463239,-0.0007056637467774265
2015-11-10,0.0015094551534495793,0.0002756553127856165,0.007720296298707741,0.0018685694272571804
2015-11-11,-0.003233307321568901,-0.0032215041504368713,-0.029380097784395875,-0.0013272322598433892
2015-11-12,-0.01408916333663246,-0.0036018532070940523,-0.027871438048288066,0.0017798885883191387
2015-11-13,-0.011270640432154977,0.0,-0.024488999298726277,0.0035617898653770253
2015-11-16,0.014793302794234187,0.0026795140483333313,0.024249489863344742,0.0007134713063826565
2015-11-17,-0.0013402770182464607,-0.013938156030504523,-0.025969266964595672,0.0011588437588272488
2015-11-18,0.016033229877171706,9.365862579890916e-05,0.0019651647899840974,-0.00062242991202567
2015-11-19,-0.001123740328979217,0.008570903001564822,-0.005166676079709109,0.0019613858196728465
2015-11-20,0.0038029552801495115,-0.0014853099349743104,-0.003706949143293503,-0.0011574910901911552
2015-11-23,-0.0012356238416844079,-0.008958603455464065,0.03311723683299572,0.0011589960187520013
2015-11-24,0.0012212499449608671,0.007005773045099417,0.026472804397806637,0.0007132173314654409
2015-11-25,-0.00012914061496704932,-0.003543503093865752,0.003957681430403426,0.001070009131300807
2015-11-27,0.0005934415594808229,-0.013448313986904381,-0.031389050866049484,0.0007130871861701819
2015-11-30,-0.004651800139618523,0.009048221633438658,-0.0014394810104261246,0.000713007214612072
2015-12-01,0.010623938946739742,-0.001878287468333184,0.004790355226217624,0.005728210172172887
2015-12-02,-0.01105659263944947,-0.009065310104538149,-0.0467134668709992,-0.001971242127905383
2015-12-03,-0.014477826444149855,0.007089211925615402,0.028143136029437965,-0.013402444147579837
2015-12-04,0.020317856363851305,0.02124770023791367,-0.027392226369540307,0.0049869121285312235
2015-12-07,-0.007014043960397842,-0.007496888732961615,-0.05979620848982137,0.0045509696661308885
2015-12-08,-0.00651105262559426,-9.288389706618716e-05,-0.0037254754272808555,-0.0010707325614588003
2015-12-09,-0.0077690863656929565,0.0012070448032925896,-0.009374609507215581,0.0027675005938652976
2015-12-10,0.002248856578594527,-0.004184690258079549,-0.010822658012053399,-0.002676080119302788
2015-12-11,-0.019613867755815306,0.003534932823407111,-0.03150300395221928,0.009048652362583742
2015-12-14,0.004744288064068236,-0.011393542545885538,0.019185975372408404,-0.007587409134553894
2015-12-15,0.010562580105914599,-0.0016919789508067495,0.028239647477774188,-0.0037396371760643394
2015-12-16,0.014410635650770942,0.014106427960112633,-0.05023693971384713,-0.001599813554620746
2015-12-17,-0.015154776635876388,-0.02555564718998582,-0.01617744050218617,0.004459372236417068
2015-12-18,-0.017957495007106417,0.014549054313300225,-0.00631463693393286,0.0035726818470876607
2015-12-21,0.007748306727155985,0.014617897667185353,0.0002879555527228739,0.00026592730799148594
2015-12-22,0.008778095591568835,-0.006584134088143401,0.03950845914748591,-0.0036571670333488474
2015-12-23,0.012341596527553733,-0.005036876826984837,0.03694066470081525,-0.002137130680769918
2015-12-24,-0.0015999154038626173,0.007267270264383008,0.015873309106974265,0.001961634811967255
2015-12-28,-0.0021809364563063482,-0.006239207578959238,-0.0344446573848578,0.0016948683381025524
2015-12-29,0.01057366417302319,0.006517713948165138,0.028389629010435513,-0.007197190644887735
2015-12-30,-0.007243398783778332,-0.016280322728812635,-0.034111014992277866,0.0004470078185704918
2015-12-31,-0.009456485041468454,0.00018871273389731158,0.011950235778599883,0.0031179712027502014
2016-01-04,-0.015422041797806152,0.01386172479955139,-0.0075881826678951825,0.0022290418223658093
2016-01-05,0.002010204139359928,0.0030648260146568518,-0.021724960183111097,-0.0001782480707989349
2016-01-06,-0.013202163002625333,0.012440836582072734,-0.05720747353700073,0.006438583337504529
2016-01-07,-0.02398581651934517,0.014366429062977915,-0.02082171431779445,0.0022352578818226262
2016-01-08,-0.01089753744584776,-0.008977527848297306,-0.003311778123908482,0.002147154458982747
2016-01-11,0.0008529082958226297,-0.0011849327360060613,-0.05421801697291384,-0.00242185661564975
2016-01-12,0.007772514117774243,-0.009990481826287478,-0.031368758154530774,0.005112509305910576
2016-01-13,-0.02528237507790898,0.0017486769311840789,0.0013131652618674217,0.00332083864082005
2016-01-14,0.0165580609343845,-0.012584579364649962,0.023347403468672034,-0.002791109728988529
2016-01-15,-0.021835772698162614,0.01625599239180886,-0.058743401502064696,0.00593828764693479
2016-01-19,0.0005316801874286625,-0.0014669256944550568,-0.03317515727376952,-9.947177356822506e-05
2016-01-20,-0.011762766025898763,0.015657990517612852,-0.0694698415407915,0.004686067867910532
2016-01-21,0.005181988635948542,-0.007252320951077529,0.1063770000563049,-0.0030762237505796075
2016-01-22,0.020080726882213185,-0.0017302053011150065,0.0862490836403742,-0.002530173961291638
2016-01-25,-0.015761545172821023,0.008169238859200512,-0.05918882369902656,0.0024245947450544096
2016-01-26,0.014045237830368151,0.013914673700545777,0.03593202845560439,0.002607385743824774
2016-01-27,-0.01092292230052827,-0.005004904333480553,0.026668199202938947,-0.0005524327691099898
2016-01-28,0.005513350717590626,-0.0004480889181390779,0.02808493432298409,0.0015241312482974444
2016-01-29,0.02445865099455702,0.000716889661638298,0.011968955279057614,0.00496801201986911
2016-02-01,-0.00044333484554215374,0.010248273760733895,-0.06133123788768957,-0.0030867467802328354
2016-02-02,-0.018920968718231457,-0.0005320819267531363,-0.05660052614472422,0.009344393660548794
2016-02-03,0.004979620021574149,0.012342569977745299,0.0772584734078432,-0.0014691385440759746
2016-02-04,0.0015255682925232605,0.014180868884579034,-0.01750043046610239,0.0016190744376449225
2016-02-05,-0.01865415827635175,0.00017281959106441036,-0.0265148879479451,0.001528711220489732
2016-02-08,-0.014255057923056924,0.034048349299905745,-0.03962218040815513,0.010406154814490804
2016-02-09,-0.0006638406467605051,0.0006675513608165318,-0.06075093382020125,0.0006176775534713695
2016-02-10,-0.0001889681307609692,-0.0033425285262591586,-0.01769317719393504,0.00226657046859622
2016-02-11,-0.012377447329256164,0.04356709112536539,-0.046225213344471605,0.0056714229760162225
2016-02-12,0.019330015207046358,-0.00707686815854025,0.11621332959636455,-0.00943838524251708
2016-02-16,0.01638173774168461,-0.025501955096164153,-0.01368009051820085,-0.00266795442491208
2016-02-17,0.016346110625641508,0.002645682545197481,0.05428464698387536,-0.0036627002382733516
2016-02-18,-0.004676632123934432,0.012309362957954484,0.0035813357440037663,0.005552070541394909
2016-02-19,-2.603328180228459e-05,0.0035009592673835854,-0.037415424375169426,0.0010750049064435533
2016-02-22,0.014350731099076697,-0.017132288543675323,0.06022762917206137,-0.0015740278037604035
2016-02-23,-0.012532577570788739,0.010527318680876085,0.012312745754476495,0.0019894110229661125
2016-02-24,0.004429960034632252,0.013328033410348716,0.008747343382602413,0.0003434796790546393
2016-02-25,0.011284366730450301,-0.00040373049094011293,0.02821401962065684,0.0041919687789070785
2016-02-26,-0.001871865329564848,-0.014971721758396228,-0.008807981689107791,-0.005868284174109127
2016-02-29,-0.008154131091571593,0.011492953798612149,0.029161881242121268,0.0020811510868772396
2016-03-01,0.023588385401619227,-0.0029218229364778026,0.019076191417757737,-0.008483524719761427
2016-03-02,0.004085949861101668,0.008739981710060185,0.0075296711487431445,-0.0012001346503165127
2016-03-03,0.0034926343203167676,0.013048052901100782,-0.002600034779269844,0.0017114172315685445
2016-03-04,0.003300439865942195,0.009892060054906615,0.03830794735231757,-0.0047377109687020925
2016-03-07,0.0008846228008634327,-0.005290031133051265,0.05365695989094954,-0.0016480858161459482
2016-03-08,-0.011303756056006087,-0.0008711643665364477,-0.03763889176059099,0.006445097852887719
2016-03-09,0.005039672782814364,-0.0043673393804049,0.04787652881110782,-0.005370475298430804
2016-03-10,0.00015579279712252259,0.012180823359887682,-0.01182204118342689,-0.003275308229535293
2016-03-11,0.016262545588850763,-0.010511061395113153,0.017291493077611797,-0.004259383985384871
2016-03-14,-0.001261768616611647,-0.011425897862329393,-0.034887250792377866,0.0013439911841708976
2016-03-15,-0.0018386309343174645,-0.011314166048867591,-0.022851923334439306,0.0004395600405473786
2016-03-16,0.00558472788177955,-0.0008943982001952122,0.056699649189048795,0.0019784494471984807
2016-03-17,0.006573583068596456,0.02823184571645765,0.04424829824759824,0.003250341447424831
2016-03-18,0.004395967251025645,-0.008497808326042744,-0.019086519688886305,0.0029816316840301435
2016-03-21,0.0009850919042930784,-0.008007729856973178,0.011846420322660478,-0.004635805861899088
2016-03-22,-0.0008777728967723775,0.003531225454106668,0.03786098475022026,-0.001009971475808833
2016-03-23,-0.00640650953066757,-0.019823458291527984,-0.04087225253974536,0.005524631575239732
2016-03-24,-0.0003781417793762287,-0.0018812543119599567,-0.008328170054751283,-0.0021926812564744993
2016-03-28,0.0005451068880724108,-0.0012288536097644354,-0.0017755159053409741,0.0028000205808801156
2016-03-29,0.008778012054237117,0.012787754117695727,-0.02858442679176898,0.005174561202648721
2016-03-30,0.004340879993566027,-0.007065979589434335,0.0010444104428257717,-0.0013840930354910093
2016-03-31,-0.0020418423596204605,0.005932264628275341,0.0005217964585777501,0.004085729312833817
2016-04-01,0.0063109590665995086,-0.009770473814591618,-0.04126764759545454,-0.0004762086155737306
2016-04-04,-0.003213480045854311,-0.003442304239960947,-0.030075383845459047,0.0012572266522138452
2016-04-05,-0.01019629841179448,0.008502360171509515,0.005307977996896085,0.004827537215976868
2016-04-06,0.010452797932012814,-0.004814587092324629,0.05052678754169104,-0.002489277076629574
2016-04-07,-0.01204807397000529,0.011144176377580806,-0.013065155569010223,0.0059350075613286285
2016-04-08,0.0027827026046169934,0.005083360244175772,0.0639345497836552,-0.0025867579074382615
2016-04-11,-0.0027435458896043485,0.011363719796072758,0.015984340698414368,-0.0002977169809710887
2016-04-12,0.009615753881390354,0.0021462376732568345,0.04386981372958543,-0.005131691744224752
2016-04-13,0.00999006976855732,-0.01005512838417566,-0.009770120956466233,0.001805722317693491
2016-04-14,0.0001729124301323992,-0.017639464077110922,-0.006245476144559614,-0.0016634602414470642
2016-04-15,-0.0009847695761457942,0.006590460098726325,-0.02785421662855958,0.0027202399804774013
2016-04-18,0.006519725613798322,0.00040539994060484474,-0.014474967868620237,-0.0018470904656107184
2016-04-19,0.0030797379028664196,0.015603971877910183,0.032157186893782885,-0.0008418533040509287
2016-04-20,0.0007612550492348547,0.00015956521921189903,0.037036826199345896,-0.006382689337664094
2016-04-21,-0.005207562857292736,-0.003357009989702675,0.012819176321586134,-0.0013795672592376085
2016-04-22,4.785857954114903e-05,-0.01638657099171681,0.012656922802686488,-0.0015590872476693063
2016-04-25,-0.0018136896207625597,0.00826724869407336,-0.025241589413345977,-0.0011945161077391673
2016-04-26,0.001871000174236137,0.002660052989487127,0.03230556709949184,-0.002550240715704839
2016-04-27,0.0016479941117468755,0.005619345503985684,0.028870772703619707,0.006528115835604203
2016-04-28,-0.009273636061561064,0.012963993663771767,0.015324225962781046,0.0020750976587577373
2016-04-29,-0.005075949230557875,0.018554532081355823,-0.0023926191729946034,0.001802990524832573
2016-05-02,0.007779606697244645,0.004257137284213286,-0.02513912822582487,-0.004106623671432985
2016-05-03,-0.008714499388395858,-0.003094301340337502,-0.025558266667856433,0.005998247880448783
2016-05-04,-0.0059545827054732214,-0.013572675083322494,0.002973746969305413,0.0015308845327375686
2016-05-05,-0.0002390366927933485,-0.001493319222276135,0.012258971341243097,0.003452126299765502
2016-05-06,0.00316961055355236,0.01676910143887511,0.007642207442061899,-0.0028503424353944263
2016-05-09,0.0007532133076093572,-0.021341477420802057,-0.027697598983188687,0.0018058185394110348
2016-05-10,0.012406365236037331,-0.001344100753353672,0.027697598983188687,6.984126946282765e-05
2016-05-11,-0.009607522877868035,0.008430186756369196,0.034550685102904044,0.0021728149225700532
2016-05-12,-0.00016947926796451185,-0.0033792532582230805,0.010115252913625472,-0.001757892557513334
2016-05-13,-0.008514434161752682,0.001258733184715588,-0.010547975942030607,0.004831956427511868
2016-05-16,0.009748976389612807,0.0011786431028752986,0.032154417740395846,-0.004317586513095496
2016-05-17,-0.009455863552163102,0.0021963664184188048,0.012287984182705713,-0.00047842121537719983
2016-05-18,0.00020515768640194665,-0.0019608619136297634,-0.0024871048381416294,-0.010913709207698952
2016-05-19,-0.003713594522721131,-0.01542813208282734,-0.000622704322601475,0.003257344295972549
2016-05-20,0.006001459222805039,-0.001436150231157285,-0.008549730905473396,-0.0002904505372383401
2016-05-23,-0.002087636568101736,-0.0010385851367962218,0.0068872613837123176,0.0010740123159912428
2016-05-24,0.013588637533989534,-0.017903664652126672,0.011168618608886405,-0.0018353547004077223
2016-05-25,0.0069505296515837145,-0.004403876274423624,0.01914913755126868,-0.0009252646043919258
2016-05-26,-0.0002104660499284705,-0.0027828013113238015,-0.0016155461978084595,0.004352926997079326
2016-05-27,0.004277694939439414,-0.00517682794215979,-0.0030360859086706604,-0.002473084362566976
2016-05-31,-0.0010057686205895422,0.000823519736724343,-0.004673448640616584,0.0016202148828315622
2016-06-01,0.001134398653926283,-0.002390098246246808,-0.0018346790494905285,-0.0010183925997367036
2016-06-02,0.002820696166986103,-0.0017342990864133156,0.0032593195105614647,0.0032614674089218327
2016-06-03,-0.0029160622366948274,0.02473690478824775,-0.011248697265243912,0.009871432836156251
2016-06-06,0.004885328519363519,0.00362217169757173,0.02176873105772037,-0.0016708571679606371
2016-06-07,0.0012886156291971318,-0.00016066787650093062,0.013393543318857226,0.0009838209881425893
2016-06-08,0.0033041019719552978,0.012299511303835331,0.017128067719734297,0.0007090258207930452
2016-06-09,-0.0017192355978936646,0.008221312981124385,-0.01316451201543778,0.0024518479876378747
2016-06-10,-0.009217532410166207,0.002516177827683208,-0.029912933117592466,0.003834090964036062
2016-06-13,-0.008148298789709685,0.008601194468236706,-0.0038795071674950776,0.00218095101099614
2016-06-14,-0.0018005050719720472,0.0009338142093948676,-0.008010710983164415,0.0005242353737747727
2016-06-15,-0.0018424090638102797,0.0001556142495848789,-0.009948338149886382,0.0014452717963762826
2016-06-16,0.0031280931110462262,0.007978605910286873,-0.038213082512219554,0.003014985855954909
2016-06-17,-0.003263284144609635,-0.0027814092101872134,0.03758804280097605,-0.00490520384170027
2016-06-20,0.005791382778423504,-0.0019361090268663617,0.028558682765036814,-0.004706481828557563
2016-06-21,0.0027083906042095762,-0.015231694595499334,-0.010588583383082106,-0.002407449772814816
2016-06-22,-0.0016529289965756533,-0.0019696677630474113,0.0057155206683630055,0.001167446977474417
2016-06-23,0.013275567071954875,-0.005377246041874173,0.019750733230720297,-0.004870031422275208
2016-06-24,-0.036580792805582796,0.045568126625119554,-0.050547869476514684,0.014815395905099657
2016-06-27,-0.018262246511702607,0.0018921481520379757,-0.027882992724788114,0.011097085168989789
2016-06-28,0.017614121604087707,-0.005459071134537474,0.032281347059601284,-3.478074336976905e-05
2016-06-29,0.016889242971254603,0.006517130786710901,0.04154905621536642,-0.0014244017215383367
2016-06-30,0.01347386314946597,-0.004163045711472968,-0.03156761848203793,-0.0009599549301933289
2016-07-01,0.0019467062930313972,0.013784954775413638,0.013563706168404188,0.0030269707831293326
2016-07-05,-0.006871028985598215,0.014630295802076532,-0.05001572152448208,0.008349722895415463
2016-07-06,0.005338687058276115,0.006247034498574777,0.017654437936308387,-0.0016212616312656237
2016-07-07,-0.0008719578867335542,-0.0035229752607088827,-0.04948618845563768,-0.00013118585742149082
2016-07-08,0.015138186565992306,-0.0025766569730398814,0.005963583881545276,0.002011684393235022
2016-07-11,0.003402819311999039,-0.001180097201669561,-0.01441749580516749,-0.006259643129031244
2016-07-12,0.006984842307344863,-0.015544565429065571,0.0445683406770101,-0.007248845914757755
2016-07-13,0.0001347586749824714,0.006202186015081601,-0.04479174190061119,0.004231112212692634
2016-07-14,0.0052454228016962645,-0.008303129784920316,0.02056912730762095,-0.005762541766904381
2016-07-15,-0.000929379059870783,-0.0036120505371028955,0.0058932933768982565,-0.005741439193355666
2016-07-18,0.0023794618218691,0.0014313343033443005,-0.015572177056076608,0.0007081734828644948
2016-07-19,-0.0014362045004157054,0.0023308973728486393,-0.01312734685257988,0.002738736408069495
2016-07-20,0.004261208315764264,-0.009583857031749687,0.0064738947021329984,-0.0019657993010052913
2016-07-21,-0.003619069856525492,0.008832542195506221,-0.004236791477995716,0.0014462182814379617
2016-07-22,0.004543626789510036,-0.005577361821545779,-0.01259295665518012,-0.00039895314702600846
2016-07-25,-0.0030160187399292937,-0.0028761196958368984,-0.024279652640915028,-2.9898400314170058e-05
2016-07-26,0.000322732160719319,0.001060532177999285,-0.004880960324311179,0.0008002959351160435
2016-07-27,-0.0011992609468087778,0.004457397609610503,-0.023574878767412155,0.0045005398339278595
2016-07-28,0.0016049204480923507,0.004287548927691454,-0.018782126944199007,0.000430067590523069
2016-07-29,0.0016299801176575812,0.012456768592093326,0.011119261198588415,0.004975065059370444
2016-08-01,-0.0012705941474910887,0.001777532976074525,-0.03772176606890998,-0.003459382904204268
2016-08-02,-0.006381940812667075,0.009573679254285317,-0.013824602577302336,-0.0037276243473823027
2016-08-03,0.003129042716071062,-0.006101874347359093,0.032863388236076485,-0.00040073176037361545
2016-08-04,0.00021254929948888446,0.0019890781304123806,0.026584418283591926,0.003669696681498724
2016-08-05,0.008566697289380087,-0.016622543470038664,-0.0031052471823209693,-0.00722053174535414
2016-08-08,-0.0009075772915414504,-0.0022473602575390217,0.028768813201730747,-2.9366029736672932e-05
2016-08-09,0.00038971798655573764,0.004190977197580992,-0.005828201538569111,0.0035712929343071557
2016-08-10,-0.0028687970634884152,0.003950401091376676,-0.02509604668270704,0.003391221493674056
2016-08-11,0.004723415102444228,-0.0013399203995287934,0.04179017894483694,-0.0058407032963014695
2016-08-12,-0.0007963633869145781,-0.005003147538015007,0.022733417340920603,0.0054256166899930664
2016-08-15,0.0027890162945221064,0.0033631060701884152,0.027708742745671255,-0.003446930154388114
2016-08-16,-0.005494142216478259,0.0075813883174769,0.018198078475630375,-0.002058586039457655
2016-08-17,0.0018668460061554981,-0.005792418519633635,0.004498220678771148,0.0014463407643126541
2016-08-18,0.0021972016963829333,0.006310574643693556,0.03010437362345586,0.002371210229600236
2016-08-19,-0.001441309568768645,-0.008024955279562818,0.006202195442073677,-0.003810332710629854
2016-08-22,-0.0005634818833231137,-0.002016410277178693,-0.03076524369450029,0.003664514016659148
2016-08-23,0.0019498671783617638,0.00216557191257305,0.022071295572775984,-0.001230997068717487
2016-08-24,-0.005254055259671375,-0.012157711605415678,-0.02804016386331698,-0.0004919542938852864
2016-08-25,-0.0013661603966461655,-0.003252072314532839,0.011902401079790348,-0.0015973488821382808
2016-08-26,-0.0015800642387127084,0.0010599822517303181,0.006528349070219264,-0.0052680242965042244
2016-08-29,0.005214428428674367,0.0010588598789471604,-0.013950762188385646,0.006428703147900885
2016-08-30,-0.0019555914071229807,-0.00850234632726199,-0.013500710395900395,-0.0003067088041130689
2016-08-31,-0.002378691105562325,-0.003666029312142882,-0.036247740403547724,0.0002467516610722813
2016-09-01,-4.138538941145242e-05,0.004047141416004152,-0.035059381832986514,-0.00012220910999569793
2016-09-02,0.004192241599034752,0.0075162823500365405,0.029225797014757582,-0.002332018110202258
2016-09-06,0.002977242370004518,0.020438704235930416,0.008737665142461992,0.004957217790032944
2016-09-07,-0.00014639593829279818,-0.0037865995033081745,0.014834726945152088,0.00024592247741064084
2016-09-08,-0.0022254881924705927,-0.0055947329752399355,0.04554049267184057,-0.006838499485334469
2016-09-09,-0.024827742410836073,-0.005024625803116578,-0.03722350308694722,-0.0050730189890076365
2016-09-12,0.014570387233434623,-0.006865083481867096,0.008896659279461261,6.634920835494995e-05
2016-09-13,-0.014941748278211264,-0.0015151518050107171,-0.030488146089111545,-0.005603355009281142
2016-09-14,-0.0005878493998130452,0.0018935813270291035,-0.029839457199734465,0.004193322902909743
2016-09-15,0.010058516449440447,-0.006072124918748756,0.007543709566197876,-0.0012152481283069115
2016-09-16,-0.0037794277955720545,-0.005879412979798104,-0.020244562616756223,0.0002507781334932936
2016-09-19,-1.8603233825409404e-05,0.005879412979798104,0.006255098906740031,0.0005256184042713882
2016-09-20,0.0002990934842346249,0.00015221618146821214,0.003228026623571356,0.0008005903621092888
2016-09-21,0.010858000333636042,0.009997866634651409,0.042809004432630804,0.0019020588031183185
2016-09-22,0.006478751917641468,0.010122682135452976,0.021384178231518725,0.0033753602154223935
2016-09-23,-0.005753292959718159,-0.0023902560464241773,-0.04053418702543876,0.001628772610376464
2016-09-26,-0.008624850117916694,0.0018678328051375814,0.032078865331191864,0.002459269185454873
2016-09-27,0.006423495165297943,-0.010354179302007438,-0.02781641060874529,0.003108188922772253
2016-09-28,0.005282576603643285,-0.004914386241190449,0.051908755442561016,-0.0009527367069074435
2016-09-29,-0.009365127730081468,0.0017416435276524922,0.016442246158876905,0.0009849043319312928
2016-09-30,0.007936392588027807,-0.006375659049503213,0.008535491238255588,-0.004631904904962841
2016-10-03,-0.0032660231815277996,-0.0032796038609319567,0.011746650821482518,-0.0012237394484602838
2016-10-04,-0.004967881786361872,-0.03316418589365622,-0.0024615960446765506,-0.005528329198751208
2016-10-05,0.004287486231197235,-0.0008691271779577292,0.023143607049519677,-0.0029537303705213956
2016-10-06,0.00048144385260417977,-0.012246596274554378,0.012167234831145901,-0.0023085789619227653
2016-10-07,-0.0032587874416138973,-0.0007203941462403662,-0.012568689214708773,0.0006177608619905151
2016-10-11,-0.007929247380431548,0.0032774924785767823,0.019483708183113624,-0.00203174450033091
2016-10-12,0.00114593220639847,-0.00151753108679209,-0.012082955818995877,-0.0016638423248362664
2016-10-13,-0.0031040764122334252,0.003112427756607694,0.005167936850591026,0.003727705010652718
2016-10-14,0.000201584159120749,-0.0015151108775768307,-0.001785895011357841,-0.005036545657413539
2016-10-17,-0.003042618111839701,0.001036928370576895,-0.00817633150632302,0.002627576074340611
2016-10-18,0.00614150560569815,0.005089088772621153,0.006984011036023308,0.0016235151345370322
2016-10-19,0.0021895721553502057,0.005615528957908289,0.02571537452738859,-0.00020469012515652996
2016-10-20,-0.0013766711313802915,-0.0018157090665287257,-0.022935400776113113,0.0005264605867162299
2016-10-21,-8.414514015520069e-05,0.00023705220583014608,0.008293850347010245,0.0007092613767604221
2016-10-24,0.004738594647427874,-0.0030855868275567744,-0.006510785943787845,-0.0020311606537900553
2016-10-25,-0.0038049574647063267,0.00781410055123466,-0.011146639611159248,0.0005266428004995501
2016-10-26,-0.0017419279211878802,-0.005597819151719641,-0.015735623938841314,-0.0028482713091867178
2016-10-27,-0.0029911959060084925,0.002447962288740335,0.010920248200732452,-0.004749033663306608
2016-10-28,-0.003113140139625159,0.005976250792453008,-0.02072824543940932,-0.00010873423106734497
2016-10-31,-0.00012228388419810443,-0.0031409527196926135,-0.038514599650000925,0.0010740666588115054
2016-11-01,-0.006810019108735688,0.011650332541121244,-0.0040629253770112506,0.0013474812367597394
2016-11-02,-0.00654688445345375,0.01573379968826938,-0.02891187228284231,0.0019863180967653643
2016-11-03,-0.004433213022609017,-0.0036031111066421317,-0.015111405449442117,-0.001112749249040533
2016-11-04,-0.00166752027169359,0.0009212200167434403,-0.013298971066256104,0.0027173180393708207
2016-11-07,0.021980199729465077,-0.019368438629986606,0.018435767268137226,-0.004024851567797891
2016-11-08,0.003764878397158,-0.003840600616411116,0.0020028971568839538,-0.003016619712097599
2016-11-09,0.011016119879656117,-0.0006284751409726397,0.006426635205601716,-0.01880392924674007
2016-11-10,0.0019488457160949935,-0.005594731629116723,-0.013566328564366792,-0.003954203370458561
2016-11-14,-0.0015144378049809504,-0.035633359108182106,-0.030463827907250884,-0.0092846541605665
2016-11-15,0.007452955022089647,0.0022902421952748497,0.055888022788520786,-0.0013383206099264514
2016-11-16,-0.0015835165223760939,-0.0004902963078956546,-0.005252839297690937,0.001427139586480426
2016-11-17,0.004665469361198049,-0.005656004540798953,-0.003297102215364056,-0.0046280354283208995
2016-11-18,-0.002389651365549028,-0.006597962080038933,0.005926929154901117,-0.005144373860086083
2016-11-21,0.007433702070874126,0.0009097850981474309,0.03863977238614247,-0.0002621621770329694
2016-11-22,0.002163091103593473,0.0011567583114064917,0.011306592356688405,0.0016909587392181836
2016-11-23,0.0008076981569082875,-0.018249766641106113,-0.0014584791913829775,-0.0030984486690185204
2016-11-25,0.0039067456134240786,-0.00920888926738428,-0.04042238686211741,-0.0012348592572096438
2016-11-28,-0.005268389254735162,0.010469552569007945,0.021903397076683984,0.004711223916832366
2016-11-29,0.0013344023532617655,-0.0022702983658282605,-0.04008774791553149,0.0016917241305424505
2016-11-30,-0.002656930555156478,-0.014499745325127655,0.08899921200355898,-0.005754746804217057
2016-12-01,-0.003521722966763896,-0.0033366367884370973,0.03224165333645734,-0.006348636273448057
2016-12-02,0.0003969277200850385,0.007002548829521338,0.012069426670480166,0.004609346888618437
2016-12-05,0.005804426926743211,-0.0009365081756955718,0.002126232734035227,0.00036032484530332904
2016-12-06,0.003405084468874442,-0.005466382317694141,-0.016744951224909155,-0.0007013494931346656
2016-12-07,0.01307735874472371,0.0063178085079114155,-0.023039744820531727,0.004439937709742432
2016-12-08,0.0021570150168708224,-0.004435311828759225,0.021271047254543873,-0.0034466289839233206
2016-12-09,0.005921418532969902,-0.008930184786370532,0.012898358347101624,-0.006693100915085508
2016-12-12,-0.001138082290599307,0.00353005277921703,0.02549743816590677,-0.001223561467049376
2016-12-13,0.006518483201237046,-0.005861622654292908,0.0028352293680153906,-7.777405773643204e-05
2016-12-14,-0.00815029546185908,0.003969028209747982,-0.0373048182296305,-0.003768579418037386
2016-12-15,0.003875707687553742,-0.029271233629700077,-0.002746703439530762,-0.00472034003155434
2016-12-16,-0.0017521567509799496,0.0066281005113921765,0.01945586603775551,-0.0013863531222817625
2016-12-19,0.0019731727152114686,0.004569786544949217,0.004229912191052065,0.004932715925974252
2016-12-20,0.0036309124011522087,-0.007922576650851276,0.0021083019205665465,-0.0021793060304707347
2016-12-21,-0.0024603857246772165,-0.0003535971206103383,0.004965673557269401,0.0020334055733351925
2016-12-22,-0.001864711222396842,-0.0020354241577118515,0.00872537921499772,-0.0005133183712521798
2016-12-23,0.00125093253507913,0.0027424934122031175,0.0013211230385792305,0.0009793923146040246
2016-12-27,0.0022458489045487084,0.004759416916297887,0.016461296729720853,-0.0016535051491613543
2016-12-28,-0.008391640709771053,0.0018447543496460383,0.0029640600269980055,0.0051159770214933824
2016-12-29,-0.00029334773186828755,0.014809922780900209,-0.005378866916438518,0.0026542715243151552
2016-12-30,-0.0046478346968550355,-0.005549809897020808,-0.0009303049564768351,0.0028335261002016814
2017-01-03,0.008450766753157701,0.009002851929303723,-0.026215539003824784,-0.0002557965266792677
2017-01-04,0.005705963770549438,0.0029257608917383493,0.017615693496550122,-7.917968231407828e-05
2017-01-05,-0.0007709676024818535,0.013569572279167552,0.00934411612221231,0.00753774279350726
2017-01-06,0.0035107891805798985,-0.006633743360060507,0.004269210325257511,-0.004323861622933501
2017-01-09,-0.0035549054715602324,0.009849765856593251,-0.03832470113612052,0.003814732038401184
2017-01-10,0.0,0.0005912499106308644,-0.022184202295564948,-0.00017130394393198293
2017-01-11,0.002825642389102434,0.009580731125188535,0.02774991895793555,0.0008915318705405518
2017-01-12,-0.0021471123937297776,0.0027563590874688515,0.014440652491582995,0.0008915120654465628
2017-01-13,0.0018481313951461686,-0.0030072493432919956,-0.012146655440662624,-0.0015882852344427875
2017-01-17,-0.0029719144562179167,0.013874646895224885,0.0020982480173614704,0.004798698706012811
2017-01-18,0.0017622004698090166,-0.0005776842959903661,-0.027039068902061647,-0.005393698721884099
2017-01-19,-0.0036158376243191626,-0.008622907336826913,0.005661256675447923,-0.006077519322333876
2017-01-20,0.0033605840613004645,0.002827229814809762,0.02023383927821154,-0.0006075427126670214
2017-01-23,-0.002693749646070387,0.008845550963396676,0.006275609391375614,0.005756933951960026
2017-01-24,0.006543140528962432,-0.0038757736862713443,0.008118619197241994,-0.005897000135582486
2017-01-25,0.007994052795968543,-0.010799240583716951,-0.008118619197241994,-0.004472510403237732
2017-01-26,-0.0007356549352630637,-0.006536011761648197,0.019337855786455194,0.0014195505995426199
2017-01-27,-0.0008668394897410892,-0.0011776788275987826,-0.011407335064125501,0.002477674301848901
2017-01-30,-0.006027673496096675,0.004283360803183811,-0.010207973418019822,-7.769814032055409e-05
2017-01-31,-0.0008903016080328285,0.012823912008577132,0.003414273062730011,0.0029213082088739074
2017-02-01,0.0002983189881167192,-0.0024852966654380637,0.0200587786429125,-0.001929281464060289
2017-02-02,0.0005701468386902775,0.00916488760006029,-0.006330316174046224,0.00045068295409517
2017-02-03,0.007238496854554022,0.0014783584034638864,0.005401911396289094,-0.001750731564661759
2017-02-06,-0.00211759751370888,0.00939357530120244,-0.015350423251867529,0.0069923317770337985
2017-02-07,0.00022680346384529315,0.003408777957932152,-0.01597296140004989,0.0022194083351706933
2017-02-08,0.0006930821486097472,0.0027510532075201155,0.0032533180808669293,0.0034636024023247764
2017-02-09,0.005736063735960251,-0.002022081854818225,0.01253101353480135,-0.00379886193289745
2017-02-10,0.0035597068220090122,-0.0005668768500655119,0.016096185163517074,-0.0011425092618408828
2017-02-13,0.0052321335840117555,-0.008134093816161148,-0.017417807080094327,-0.002111574966544586
2017-02-14,0.003999327195672642,-0.00040844667481820807,0.0050881190530209786,-0.0030760226855749973
2017-02-15,0.0049798886657344,0.006352787968514129,-0.0016931647620426205,-0.0027175947713974765
2017-02-16,-0.0008644916015505544,0.006716090294516697,0.004696167119217609,0.004686507337333856
2017-02-17,0.0016771493272376148,-0.0019373790671677327,0.0007493614949192207,0.0023053836743688414
2017-02-21,0.006029850020069283,-8.078508906983473e-05,0.012283791710730796,-8.041290650026274e-05
2017-02-22,-0.0010827861468039046,-0.004454350349380576,-0.008732079897311618,0.000891528643794455
2017-02-23,0.00041889897125901854,0.014664634347995253,0.015920377036634292,0.002750630254313522
2017-02-24,0.0014922502320313669,0.005344891913360961,-0.00848398807204287,0.006399798007487545
2017-02-27,0.0010174652677337193,0.00039772501044499364,0.001110654651108156,-0.004513859237779807
2017-02-28,-0.002581706115194926,-0.0038247447646631016,-0.000740346441942652,0.0010688444815542574
2017-03-01,0.013581211083725009,-0.002958188183111332,-0.0033382169394648997,-0.009162941677646792
2017-03-02,-0.005877116972104801,-0.013705470631345307,-0.022924739244218895,-0.0021914264296540964
2017-03-03,0.0005037503685345612,-0.0052087888179785935,0.013592831602779132,-0.00016532697229721367
2017-03-06,-0.0032826227635656124,-0.0008163265759453253,-0.002440648258365652,-7.714412078358511e-05
2017-03-07,-0.002917625902089327,-0.007706239569881035,-0.001128481842625817,-0.0013961499473681739
2017-03-08,-0.0022868279640642086,-0.005446436678803401,-0.055322569401998756,-0.003498889104873675
2017-03-09,0.0007995756127661124,-0.005060341400330515,-0.020089064989438743,-0.003926865947730981
2017-03-10,0.00326333970585857,-0.0014149003729180265,-0.016160668722542404,0.001505308311904833
2017-03-13,0.0003665656191698119,0.0014149003729180265,-0.0018577804829509326,-0.0021731882893885257
2017-03-14,-0.003384748980891139,-0.000415921471574876,-0.014149222438759157,0.0012420528817971633
2017-03-15,0.008339879124686256,-0.0014987919775935055,0.023608455511189952,0.007755538413577625
2017-03-16,-0.0016280347991832755,0.02175971840450508,-0.002253880877583825,-0.0011310944267256564
2017-03-17,-0.0013151792642318583,0.0026870095249433845,0.0006151703192536218,0.0019479270030981152
2017-03-20,-0.002011916080379983,0.003085109794670693,-0.011546469694798223,0.0025664531964950154
2017-03-21,-0.012485594590102345,0.010081950338284962,-0.01841829075923984,0.0033643989631497078
2017-03-22,0.0018881028474631023,0.0025647791657270602,0.014678408960316247,0.003634840385254411
2017-03-23,-0.001060832144830215,-0.001922942939821759,-0.00710260238055449,-0.0018487811810414911
2017-03-24,-0.0008443522139387483,0.0010419837987623026,0.005644427072358571,0.0016877983034164494
2017-03-27,-0.0010201075858455866,0.005751791949558438,-0.005015719534077423,0.002486258361562318
2017-03-28,0.007225308829624133,-7.96396089333129e-05,0.013319643325593322,-0.0030881108812181963
2017-03-29,0.0010847362038299835,-0.0015147484528919009,0.023294870719051897,0.002131054992748252
2017-03-30,0.002930810911704995,-0.006724348370036104,0.016823953387371304,-0.002556287510457454
2017-03-31,-0.0022575939382667443,0.0018457243799128165,0.004952957278578918,0.0018649530807845157
2017-04-03,-0.0016434753080130093,0.0028021313424808625,-0.007139990568794552,0.004173314838776713
2017-04-04,0.0005593660746612272,0.0033521869446824226,0.015602115585680476,9.325396446954637e-05
2017-04-05,-0.0030595368115227117,-0.00767878952414236,0.002348851074494007,-0.000527150689761227
2017-04-06,0.0019276502937355389,0.003926778512338913,0.010695274042342717,0.001335187994106255
2017-04-07,-0.0008274724629453445,0.003194125405133086,0.01039072082665804,-0.0025636910604086367
2017-04-10,0.0006874501357838625,-0.0025545421499373333,0.01595172686204771,0.001157459520660105
2017-04-11,-0.001434908291958692,0.015938153002180933,0.006010530580521589,0.005693618739412838
2017-04-12,-0.003767037418986874,0.003220185508955531,-0.00544552861413683,0.0002689934309689773
2017-04-13,-0.006838020289804625,0.008277397941952813,0.0013171456268947779,0.005798746948533939
2017-04-17,0.008576465691107593,0.0027181315485904634,-0.010016123991877901,-0.0016932919616382508
2017-04-18,-0.002907602845833246,0.0017821296255693397,-0.004568857658892256,0.006616969694533351
2017-04-19,-0.0017178253968683777,-0.00800589317895728,-0.038312926032158856,-0.001967816136266108
2017-04-20,0.0075288503629735715,0.0003901221057365234,-0.0033759970599045452,-0.003389166814247241
2017-04-21,-0.0030396881071155235,0.0042813282190623525,-0.013014530072831043,0.0004455650725092861
2017-04-24,0.01078173658811199,-0.009051228501958164,-0.007890772266113899,-0.0031152130696037294
2017-04-25,0.006072214211751081,-0.008027172357524037,0.006680899998967149,-0.004702786350389808
2017-04-26,-0.00048582147568687617,-0.002769317802299831,0.0012098722671467499,0.001513612633252669
2017-04-27,0.0005527670002987151,0.0012669062050330027,-0.013186066095957294,0.0014251749742636398
2017-04-28,-0.001914979471489886,0.0018974031177032558,0.007324561722331424,0.0013365398946967454
2017-05-01,0.0017307918268940625,-0.010161178666199255,-0.009982799997383385,-0.0037264748550355892
2017-05-02,0.0011883435858113245,0.0014351196373922903,-0.024457183897740098,0.0026702842884016413
2017-05-03,-0.001272169395827305,-0.0069558155103681685,0.0033514871794144696,-0.0010638034621268317
2017-05-04,0.000581933287869596,-0.01609483100560194,-0.04929215577402335,-0.004074009462129429
2017-05-05,0.004080359407478085,-0.001386979488867901,0.015260831382551743,0.00044808251588609484
2017-05-08,3.744527190807645e-05,0.0004081465956584651,0.004533177347698203,-0.0020316790306048765
2017-05-09,-0.001025774556793202,-0.009017932534638007,-0.011916493062846811,-0.0026462951341950586
2017-05-10,0.001129962717449473,0.0024675122566781837,0.031115067063336,-0.000523104365700265
2017-05-11,-0.0021651513741067774,0.0044261566880958725,0.010508713369627554,0.0013338986603403098
2017-05-12,-0.0014795353407937029,0.002858428292429771,0.00020901685716090412,0.0058622671437466335
2017-05-15,0.004765142303014613,0.001955373350477352,0.020892234420862188,-0.00017347554182444726
2017-05-16,-0.0006871330369859763,0.005195680203700093,-0.003897013033205443,0.0008915397910036991
2017-05-17,-0.018345468171115265,0.018054652911816405,0.008390509663040113,0.010177902149593946
2017-05-18,0.00368003862721622,-0.0046230346493647545,0.005689891077338416,-0.001428087574751857
2017-05-19,0.00674470320820042,0.0007985945473087952,0.01966362220928941,-0.000980869529555936
2017-05-22,0.005146863296008775,0.006365900634421884,0.007916085385821336,-0.0007126777644923553
2017-05-23,0.001836185172380489,-0.004690847276664023,0.014481694826383062,-0.0026678972044890193
2017-05-24,0.0024860338045762376,-0.0019145062835237425,-0.0021394661159539474,0.001782265172007138
2017-05-25,0.004432112041977909,0.002711128616023295,-0.04908224358060442,0.0010697924071515774
2017-05-26,0.00031050178530289685,0.009352470994601347,0.018237541025644344,0.0005350055199740341
2017-05-30,-0.0012053507295339827,-0.00434834863611222,-0.0028151917031689067,0.0030345182422165796
2017-05-31,-0.00046007461995145604,0.007813483979482783,-0.027354229696533228,0.001964183366187656
2017-06-01,0.007542595584847156,-0.003938563578929077,0.0008274910567562799,-0.0017870904421920315
2017-06-02,0.00370087461804669,0.007705084616984159,-0.014580569898587914,0.005279510391885946
2017-06-05,-0.0012184071404286456,0.001956105552711307,-0.00547020757643546,-0.0019706708410844828
2017-06-06,-0.0027829086662043423,0.011734194674689391,0.01652924126224553,0.0032212902393914432
2017-06-07,0.0015670287963471807,-0.003327570358595544,-0.05261563652866119,-0.002686942255689788
2017-06-08,0.00026716903566459393,-0.010754410560722683,-0.001751354005449901,-0.0013432155647632048
2017-06-09,-0.0008303338661868054,-0.006130205206869022,0.004154426853518967,-0.0003595765287426773
2017-06-12,-0.0009792424797181454,-0.0018938097960150557,0.005440117649842868,-0.0011624992953498093
2017-06-13,0.004501358843230108,-0.00023691832720373895,0.008212651512486957,0.0006235876120848321
2017-06-14,-0.0009963269653177065,0.005514864470222314,-0.037947300425724695,0.006270203082074771
2017-06-15,-0.0022421097968399195,-0.016317271069000938,-0.006054519266934566,-0.002063057553304046
2017-06-16,0.000283599150058933,0.0014364768755275037,0.006278105634111686,0.0005333755002708381
2017-06-19,0.00831258320689443,-0.007845728356542736,-0.01214318723327823,-0.0028636261579569667
2017-06-20,-0.00671916044693166,-0.0025752076317164807,-0.022190118254213242,0.0033997442183689905
2017-06-21,-0.0005828141932715525,0.0019320762655521406,-0.016325007527136837,-9.360566558740772e-05
2017-06-22,-0.00045588597243817475,0.0033721036946667837,0.004925608599192444,0.00026457601828908247
2017-06-23,0.0015596985554084952,0.0068695659857471725,0.006297318608039948,0.000891635159902736
2017-06-26,0.0003157519397332109,-0.007912051139774334,0.008565922250416413,0.00071233602979435
2017-06-27,-0.008105586575672952,8.021469334718034e-05,0.019630865133080988,-0.005364567259191691
2017-06-28,0.008769501646550992,0.0012828542252272257,0.011238598423898516,-0.0019651068753617582
2017-06-29,-0.008637216844141982,-0.003049556093049688,0.004237736296314409,-0.0040070658482675965
2017-06-30,0.0015320576108743822,-0.002817016742802103,0.024404873864839693,-0.0030205130012028827
2017-07-03,0.0023081679791472354,-0.018547612954424864,0.022125245190447007,-0.00381034444206524
2017-07-05,0.0014522240362886407,0.0020506097083856645,-0.04208861142317444,0.00115782379247585
2017-07-06,-0.009412987306865794,0.0014737796623212063,0.008604562367964252,-0.0030958402632413223
2017-07-07,0.006382712569615201,-0.011189828782629085,-0.028748518343779228,-0.0019407008411723129
2017-07-10,0.0009273361035129213,0.002891727607337913,0.003836222274204548,0.0020433663592503964
2017-07-11,-0.0007829870660822635,0.0012367565827515747,0.01431150035359785,0.0008915330417674023
2017-07-12,0.007279050947821553,0.003701118745908616,0.009941554320983315,0.00320031708546222
2017-07-13,0.0018728294734726703,-0.001478743893978951,0.012886497644663208,-0.0017696663545433665
2017-07-14,0.004662616170009848,0.008432590518839156,0.009933121421918933,0.002668232933299497
2017-07-17,-5.291423670694684e-05,0.00504195032537158,-0.011236082991704421,0.0009804181154967975
2017-07-18,0.0005976786981110038,0.006710018850760946,0.008223397563250856,0.004187647964022988
2017-07-19,0.00535825821605318,8.055077060920013e-05,0.015398024557820467,-0.00035529723878520127
2017-07-20,-0.00015367108860697698,0.0028962994150303345,-0.007027992230494995,0.00026804886719813454
2017-07-21,-0.0003679393292088662,0.007602773309408839,-0.022040659777913696,0.0031221160195396003
2017-07-24,-0.0010643009954085514,-0.0003189732922193045,0.012376657630078114,-0.001871268988151543
2017-07-25,0.002918907519897651,-0.0017561253424647205,0.03290117931263348,-0.006301509599017044
2017-07-26,0.0002826240061200025,-0.0021593571989519944,0.017798495834202566,0.004006503325277782
2017-07-27,-0.0009731616373942487,0.008450959718898865,0.005931112853091225,-0.002396812591527666
2017-07-28,-0.001342015678115871,0.006962092067635872,0.013569791392266328,0.0019591547607705683
2017-07-31,-0.0007284108345597673,-0.0014201571050573847,0.009211100309943543,-0.00017591386920652206
2017-08-01,0.002446120774938443,0.004725906807240499,-0.02033692040522661,0.0037439618522446916
2017-08-02,0.0004925274073475094,-0.0006287743880610819,0.008708921984101003,-0.0008902242388125428
2017-08-03,-0.002186041834946195,-0.0031501048621089822,-0.011356872811955299,0.0031225862923618584
2017-08-04,0.0018873214175396669,-0.007521510961367994,0.011155232772284585,-0.003383611809598973
2017-08-07,0.0016458446442806363,-7.955307474905027e-05,-0.003839601343623933,0.0009806694634135215
2017-08-08,-0.0024173522303856387,-0.0014315812317580168,-0.004464318010155122,-0.0022232700782981035
2017-08-09,-0.00036367479271248726,0.013125811461156545,0.007900440286024768,0.0038345698137152748
2017-08-10,-0.01458021840074153,0.00837017549645136,-0.019766332912479978,0.0026778175264518013
2017-08-11,0.0012747571279874137,0.0031111483070125345,0.004722307155647254,0.0021434015187369333
2017-08-14,0.009993651246049673,-0.0027217250231359458,-0.025517400374452937,-0.002590370921986878
2017-08-15,-0.0004989323268835832,-0.008209906077677687,-0.0008408853929156024,-0.004096373610203974
2017-08-16,0.0014190955233326363,0.0025092722903705678,-0.01632603788492437,0.0036582840139286377
2017-08-17,-0.015557342487191761,0.007412353852867426,0.006604932434328248,0.002500263094145627
2017-08-18,-0.001837053661351895,-0.0005443592909450956,0.029709260160886597,0.0005340138937474702
2017-08-21,0.0011619757145657772,0.0039589398932564634,-0.023780833269383184,0.0013388727522405228
2017-08-22,0.00989169526062561,-0.004425701690303541,0.005683637288040888,-0.003037522966309651
2017-08-23,-0.0034595701326392003,0.0029526430372124324,0.01603366912425841,0.004023927819092505
2017-08-24,-0.002076616747138438,-0.001863807630716252,-0.020451454475886255,-0.0019689576520730283
2017-08-25,0.001671471668937663,0.00465297466078507,0.009234034767860333,0.002323687445406353
2017-08-28,0.00048695347329630323,0.013219738670856351,-0.027532430650355266,0.000981166529417639
2017-08-29,0.0008424667620099413,0.0025926692188278366,-0.002795423182837098,0.0021467716433944454
2017-08-30,0.0046045317880603065,-0.0038150512418457794,-0.0103896941979289,-0.0005423058854417358
2017-08-31,0.005704673584713937,0.006173075893794788,0.027257841155338358,0.0020579943714444794
2017-09-01,0.0019805780423354236,0.006286269787906917,0.001269601799831932,-0.0031384964251509524
2017-09-05,-0.007579458552145368,0.011037354562419388,0.028558458203944426,0.007907722915400405
2017-09-06,0.0031238424931441244,-0.003965383824777291,0.010222947374351143,-0.0033279427480161564
2017-09-07,-0.00017845204485311683,0.008361341114399679,-0.0014249304156401799,0.004311338170547773
2017-09-08,-0.0014899601434583687,0.0006688896405071532,-0.033346791078012306,8.178571859995525e-05
2017-09-11,0.010780975197147491,-0.011206691809561242,0.012349715457020682,-0.005656561949151995
2017-09-12,0.0033583025948829004,-0.002256488358733044,0.003322949032317446,-0.004030623425173371
2017-09-13,0.0007568342480830381,-0.003469850010435316,0.0219428409835829,-0.0020581960230788743
2017-09-14,-0.001101323850828173,0.0009817808045111676,0.011896504065800784,-9.158353608774448e-05
2017-09-15,0.0018454775461593798,-0.0032512423615180808,0.0,-0.00035939031372347354
2017-09-18,0.0014548619291288034,-0.010735988597468271,0.0004008107852571108,-0.0023209251842294908
2017-09-19,0.0011095796167319705,-7.662978472566806e-05,-0.008652842151458895,-0.0011594105222213298
2017-09-20,0.000634146702309657,0.004430569417291252,0.018621026794804596,-0.0029363626737809374
2017-09-21,-0.003050565946915107,-0.016445482919126064,0.0027733653061092767,1.3649484675760758e-06
2017-09-22,0.0006475839951667339,0.0020899215909677693,0.0021737111878179505,0.001515178583086018
2017-09-25,-0.00222452269985407,0.010384308915688756,0.03032894508561368,0.003837677483864227
2017-09-26,7.21641258953909e-05,-0.007527532775120527,-0.006532206610711633,-0.0007146744014723409
2017-09-27,0.004076822401987812,-0.010541079977072876,0.004999016762909925,-0.007018622017291207
2017-09-28,0.001203890628937998,0.001634922366573477,-0.011186192093541436,9.162698473249163e-05
2017-09-29,0.0036982630684985196,-0.003116480901819152,0.0021311021558103604,-0.0014173573525592144
2017-10-02,0.003866518829712895,-0.006890677171901949,-0.0213210294186319,-0.0008835585745241368
2017-10-03,0.0021565111846602036,-0.0009432837700495966,-0.0031683919992446796,0.000358904427975482
2017-10-04,0.0012459436611136354,0.0017287063978832506,-0.008764969195865113,0.00044762079054856875
2017-10-05,0.0056309040312934044,-0.0029878358398844895,0.016076586591024622,-0.0016806890956162545
2017-10-06,-0.00107421116523998,0.0013377544169914657,-0.029978263547305595,-0.0016781245321516368
2017-10-09,-0.001806063868014185,0.007989447326365529,0.005866324246772692,0.0008915120654465628
2017-10-10,0.0023197196304787226,0.006841829421378343,0.026668174191404326,0.001512569089273705
2017-10-11,0.0018018829296631012,-0.0037260769024234364,0.007434999574844614,9.305555669088212e-05
2017-10-12,-0.0016881771203509643,0.005815998493391206,-0.013739191166899811,0.002046162289377544
2017-10-13,0.0008777220048461487,0.006320316258744185,0.016658930971103825,0.003917814912643498
2017-10-16,0.0017492225323056942,-0.00123008823915427,0.00813009066233672,-0.0023084235984949975
2017-10-17,0.0006723529054335486,-0.013086271579829223,0.00019281226528145012,0.0008915277470625755
2017-10-18,0.0007420595113298845,-0.002419116678914257,0.0030792912006347706,-0.003545750055474334
2017-10-19,0.00032794411501058107,0.005454275534116704,-0.01451685198587338,0.0016909587392181836
2017-10-20,0.005103796185029985,-0.007409463231041968,0.0035033181302583927,-0.005219083198278706
2017-10-23,-0.003980395312996876,0.00023476714183878755,0.008319682190755184,0.0005372069061737244
2017-10-24,0.0016166008745583937,-0.0021153697891094225,0.010922781391195624,-0.0025580077119381917
2017-10-25,-0.004673955687260367,0.00031369543092374386,-0.0055423154062999025,-0.0032577413212009636
2017-10-26,0.0012701392506020426,-0.0071605730072059615,0.008776989865134421,-0.000608665484034635
2017-10-27,0.008040609979727442,0.0017357990230921772,0.023654230802155674,0.0022168051766731037
2017-10-30,-0.003197577376741201,0.004404927786188395,0.004627495401348991,0.005233332580535822
2017-10-31,0.0009440129366797834,-0.005588126504386004,0.004238457220275382,-0.0004372112640565802
2017-11-01,0.0015908441079037772,0.005588126504386004,-0.0014722459565779111,9.428571140955366e-05
2017-11-02,0.00018994776966696492,0.0006277354683383862,0.0044101813143497814,0.0026657421829645134
2017-11-03,0.0030922893263145568,-0.0066105728521330676,0.0199679618817985,0.00044788489402314274
2017-11-06,0.0012704438847759292,0.010134046656737894,0.030270460883359718,0.002135159924418958
2017-11-07,-0.00018912080508215467,-0.00446522483841072,-0.002618905245093117,0.0012470936050543546
2017-11-08,0.0014426139320606879,0.006183266004363475,-0.006841520981415883,-0.0015062952266788178
2017-11-09,-0.003768981339369759,0.0031162381684790574,0.006316862505197918,-0.00044019289926421876
2017-11-10,-0.000898046976053557,-0.010320616370499636,-0.0075497942852109645,-0.0060095664563079906
2017-11-13,0.0009831509112929737,0.003843613213939001,0.0003523637581199779,9.523809902251713e-05
2017-11-14,-0.0023122805602824315,0.0032827535277863973,-0.018851662090009214,0.0017771298242012473
2017-11-15,-0.0055409987421235485,-0.003909309122587246,-0.0066648706271745795,0.00417577819902817
2017-11-16,0.008162652782972124,0.0007048235582587381,-0.0034398954768359857,-0.0022111719673857766
2017-11-17,-0.002629416978897403,0.014301521457896982,0.025249794544190074,0.0007141670058820392
2017-11-20,0.001274869888790775,-0.016495917971793617,-0.008167642830057886,-0.0015006604494637891
2017-11-21,0.006519838879752271,0.00508668007937807,0.013106841288232474,0.0008915328854605756
2017-11-22,-0.0007505427033294154,0.008162676176656447,0.020723399054124236,0.00373380269989651
2017-11-24,0.0020539842782323348,-0.003800977739327749,0.01590185334251082,-0.0015044811291851491
2017-11-27,-0.00038433158680373225,0.005502899107364456,-0.014351863335128279,0.001157905117096297
2017-11-28,0.009800332196793882,0.000695308000776329,-0.0020671657579747205,-0.000794726096184363
2017-11-29,-0.00036929388279105524,-0.009779630834338526,-0.01197000042655283,-0.0032718181712518175
2017-11-30,0.008157586662811411,-0.0069659614591834895,0.0017437195029073038,-0.0035285355802936913
2017-12-01,-0.0020265829358052656,0.004388798311229181,0.016586404204197436,0.0049691386409423995
2017-12-04,-0.001052710549286573,-0.003525129832616436,-0.015367640352621947,-0.0014112630684904206
2017-12-05,-0.0037463905259551566,-0.01001630923867669,0.0026066173587997454,0.0021329169572923724
2017-12-06,-0.0001141121705305892,0.0009507790532286009,-0.02923257768225973,0.0024008948640273854
2017-12-07,0.002928067010109281,-0.010347938786658517,0.012960670674747377,-0.003980481193688364
2017-12-08,0.005491202035518228,-0.003687457209357703,0.01174940282044279,-0.0005252926274830204
2017-12-11,0.0031968421216959086,-0.0012053519550523362,0.010923403900339856,-8.245027212303814e-05
2017-12-12,0.0015477237220897777,-0.004189798469907302,-0.014766224711481257,-0.0014969857765635669
2017-12-13,-0.00047306897015086946,0.005555813112327002,-0.009495427870795048,0.004883095372310188
2017-12-14,-0.004079167730762556,0.006722195742235648,0.007743833906514119,0.0003592421676977719
2017-12-15,0.008934313410143169,0.0003987081752363508,0.004547818249209357,-0.000704629451791269
2017-12-18,0.005348478579596971,0.006278504505989879,-0.0024462600136896384,-0.003179991637636482
2017-12-19,-0.003235498043117957,-0.0011891079589432252,0.005234687225665446,-0.006164319780857393
2017-12-20,-0.0008282360735725192,0.004274206737060915,0.01090449701334606,-0.0028945796328905754
2017-12-21,0.001983687012658386,0.0009474013739518838,0.004637199481782872,0.0015083682904545616
2017-12-22,-0.00045827163811384963,0.006371182406176956,0.0018830889520318195,-0.0002537925495053982
2017-12-26,-0.0010589757000589728,0.006798190801191595,0.025330634470642543,0.0016851455699497364
2017-12-27,0.0007906283102423473,0.0022558637714853447,-0.005517977873040536,0.004781731003071735
2017-12-28,0.0018323190029194691,0.005501525365827931,0.003347856553545192,-0.0014935123088139148
2017-12-29,-0.005196632292747694,0.009383296909513561,0.009645809436932495,0.0024836897835115606
2018-01-02,0.008269078218397397,0.0056487954355946,-0.0008278705375657225,-0.005193536249412749
2018-01-03,0.006378433243936499,0.0019012136171543403,0.02065650718972467,0.001685934784987135
2018-01-04,0.004020542855326603,0.0024283463684655615,0.006146852988862861,-0.00043211817986945386
2018-01-05,0.007009145888585699,0.0006819141750700197,-0.009234568806432364,-0.0019290000878821008
2018-01-08,0.0016609637672972966,-0.0012884713036926954,0.004708962502550484,-0.0002540787325475751
2018-01-09,0.0013020835172978806,-0.005246580568031511,0.01972956057750963,-0.005696029020041516
2018-01-10,-0.0011128458115203799,0.004336147142567803,0.009642066579957032,-0.000250074904564689
2018-01-11,0.007009025768881294,0.0024260445347756843,0.0036115222447534734,0.0017705501130819976
2018-01-12,0.006726926399094779,0.009645929220218896,0.007806500312367959,-0.0017427252011812256
2018-01-16,-0.0035307132616031467,0.00149880121238688,-0.008904276561470859,0.0008037137244516922
2018-01-17,0.009371006206502663,0.0019450709821953183,0.003758840401134833,-0.002879346267678497
2018-01-18,-0.0016176974974735359,-0.0090090699423655,-0.0003127025893761015,-0.002785585717304207
2018-01-19,0.004375647986989861,0.004439620791428567,-0.009110993474894968,-0.0021687609390923924
2018-01-22,0.00803436438221361,-0.0007510891007012077,0.0018918931388629545,-0.0023391137428858603
2018-01-23,0.0021720049682221187,0.0036000389903172447,0.015317578637895402,0.003691405622296828
2018-01-24,-0.0005601325472319729,0.015009996047209206,0.017528114402542982,-0.002515622307249001
2018-01-25,0.0006024393988326437,0.004782409794310105,-0.0015252973064958653,0.002991770100325756
2018-01-26,0.011771638106083948,-0.007958810491319745,0.009570862972458904,-0.0034748831844679503
2018-01-30,-0.017713379090199766,-0.012058167071073989,-0.025108474523744206,-0.005463220029339622
2018-01-31,0.0004888658586947869,0.002692175985194112,0.003559600616243941,0.0006304164152638185
2018-02-01,-0.000648298352023069,0.003950401091376676,0.01639506029259774,-0.004493042504949167
2018-02-02,-0.021436680516699447,-0.00791646976522653,-0.005333438981976357,-0.006893482122747718
2018-02-05,-0.041842540938381134,-0.0005249568386131997,-0.020062330880837642,0.005316507491137017
2018-02-06,0.017290573348937244,-0.005189755905579574,-0.011918004180194508,0.0023685276966292903
2018-02-07,-0.005014138223752518,-0.010994537916590552,-0.02556455677791547,-0.006464634713066412
2018-02-08,-0.038259052245801506,0.004032760898676102,-0.010411666803414654,-0.0004924788688192914
2018-02-09,0.014825645199524118,-0.002889772982946681,-0.03240833230877893,0.0020177039669277957
2018-02-12,0.013818665678186015,0.008417731344798618,0.0015191183833396238,-0.0023083814625949025
2018-02-13,0.0026095219802773073,0.0029408644064385925,-0.0016880876595593008,0.0015842976379632427
2018-02-14,0.013313439808896987,0.02042105891521473,0.0235422823945175,-0.006180767177485855
2018-02-15,0.011996861776776058,-0.0025114686304110734,0.01213729327793267,0.002014335692019756
2018-02-16,0.00037339964992089136,0.0008132005147931665,0.005527573029119992,0.001323838964129503
2018-02-20,-0.005858517106837269,-0.01819580577798785,0.0035604701384581716,-0.0012665771541743262
2018-02-21,-0.005511664483310419,0.0009026261706850391,-0.0035604701384581716,-0.00418943872858756
2018-02-22,0.0009730774855780666,0.00045100774382689224,0.01751752541935314,0.0023578656560934437
2018-02-23,0.015901278245120665,-0.0018053446156436337,0.012349726007967021,0.004089748716855849
2018-02-26,0.011688438620627295,0.001880477512149703,0.005648855644525774,0.0011512487025388202
2018-02-27,-0.01278831144146686,-0.011488261375784958,-0.014182423958785328,-0.004111984502727849
2018-02-28,-0.011157806083656574,0.0,-0.021982416765821355,0.0035715563841603164
2018-03-01,-0.013413965854875975,-0.0096242535332145,-0.01060105672131506,0.005661189706309568
2018-03-02,0.005058785485198669,0.013872136457073303,0.004253905596111274,-0.004470645254229898
2018-03-05,0.010971617610525897,-0.0022734172079488246,0.02132207570808564,-0.0019589904338765665
2018-03-06,0.0026353829319969435,0.011690746933441076,0.00047932859806820716,0.0004597844912042878
2018-03-07,-0.00048399182571667865,-0.005715142383890814,-0.02343536664476087,-0.0004038580489010818
2018-03-08,0.004453148208884983,-0.004610897113995982,-0.016987339967843518,0.0015834190850634818
2018-03-09,0.017229546741207358,0.0018922913369374683,0.031436805947000934,-0.0023024910716968328
2018-03-12,-0.0012747973379978461,-0.0022711796760663816,-0.01102118605932656,0.0021883522174401026
2018-03-13,-0.006383910414315075,0.004914386241190449,-0.010649752944056345,0.0020166484073470747
2018-03-14,-0.005740969825188458,-0.0011319474267272867,0.004109482297893763,0.002798321167847704
2018-03-15,-0.0007822363990968029,-0.00575495710344498,0.0037658586714881537,-0.0006674751750265008
2018-03-16,0.0017019979472321367,-0.004185539229897728,0.01861952175547721,-0.0017906372836026198
2018-03-19,-0.014306040541374188,0.004185539229897728,-0.00450159563818886,0.0003725255424863656
2018-03-20,0.0014807086617194543,-0.004338127119398294,0.02136220436199654,-0.002823240313111571
2018-03-21,-0.001845692125629128,0.0072954011940575825,0.027535326737028853,-0.002300424210799607
2018-03-22,-0.02548488697285478,0.004457397609610503,-0.013439533542886295,0.0066071667880726855
2018-03-23,-0.021189807311750464,0.016966715936515442,0.02427518491394487,0.000285522679475424
2018-03-26,0.02679504070603489,0.0037725942201793927,-0.005021606852867677,-0.0010123443517855298
2018-03-27,-0.017427285645321255,-0.009719240533039297,-0.004587210563087751,0.0050578477860538686
2018-03-28,-0.0029209188994627766,-0.012830862694559464,-0.013423062994180057,0.0010653790134800623
2018-03-29,0.013675777493843633,-0.0010577275967262878,0.008660821060875179,0.0030663975003849962
2018-04-02,-0.022590682343496482,0.014484794192477501,-0.030170386953636275,0.0008916458516843603
2018-04-03,0.012535961315741417,-0.0069535041644925855,0.00790393007063539,-0.004403283457078657
2018-04-04,0.011500102346446717,0.0022483707966793887,-0.0022068009062907734,-0.00023652776984556243
2018-04-05,0.006839421401651613,-0.00864634504119266,0.002679096769840683,-0.0036979075863256255
2018-04-06,-0.02216406705706575,0.005722457733424058,-0.023567962101372686,0.0050601055928217635
2018-04-09,0.0033309949675937034,0.0032981247895707,0.021677559089645193,-0.0008441844492560143
2018-04-10,0.016588598996313486,0.004256401204820293,0.03242359511469228,-0.0008432283923690005
2018-04-11,-0.005540685772460918,0.010746814567358598,0.019799597008466563,0.0007181578072017763
2018-04-12,0.008216898697656738,-0.013432964185141394,0.0037344132000587393,-0.0036974720921185826
2018-04-13,-0.0028907998267069246,0.004770450489398392,0.004759784339583462,0.000545325713199817
2018-04-16,0.0080763368015635,0.0020056843799087787,-0.017514079347965783,-0.00014741467031473762
2018-04-17,0.010605071613866812,-0.00022269553924481045,0.004520053306543481,0.0016718276881735458
2018-04-18,0.0008310204075527849,0.0029647221128232815,0.028893107101565008,-0.00446798399284425
2018-04-19,-0.005742581795832535,-0.003261605814892654,-0.002632354581802332,-0.003937992921277188
2018-04-20,-0.008573177188352155,-0.007527591093269059,0.0013169876652412427,-0.003068234880761402
2018-04-23,5.6230111184163434e-05,-0.010679968716114097,0.0037951022429361103,-0.0017739675754954067
2018-04-24,-0.013470888006475334,0.006707153771284169,-0.013789311447073516,-0.0007411745002223919
2018-04-25,0.001835374232824094,-0.007690660944510874,0.005156639102725791,-0.003397018262044878
2018-04-26,0.010380144187376317,-0.0037155700328845853,0.0020551883922657055,0.003040094944783773
2018-04-27,0.0011130052713639316,0.0030342129414098196,-0.0013207715865348746,0.002957483255375036
2018-04-30,-0.00822119254892062,-0.0031102605435355812,0.006877926096678699,0.0019257385590409246
2018-05-01,0.0025458021710269563,-0.009465644983154498,-0.019438098363751877,-0.0033212722649276147
2018-05-02,-0.007231951201402076,-0.0009208665713247299,0.010060749213765874,0.0011500506990954496
2018-05-03,-0.00225621758506378,0.006199060002289869,0.007333561728370519,0.0016669064740911456
2018-05-04,0.012729810028334398,0.001524739240619688,0.018675908736385693,0.0002890740215270259
2018-05-07,0.003451980554990186,-0.00038096691275768535,0.014382620348668773,-0.0003995089245774765
2018-05-08,-0.00026567661173348966,-0.00015239019585600033,-0.023894201899252288,-0.001516455610546422
2018-05-09,0.009635647934868707,-0.0005336417302306273,0.02967410133083881,-0.002886082553411107
2018-05-10,0.009327011603848412,0.007218601800712321,0.0030877388841608067,0.0029560790706298773
2018-05-11,0.0017061392709614154,-0.0013637768572012376,-0.00929196708725133,0.00011789682365599134
2018-05-14,0.0008830995101263284,-0.0018971737809501121,0.0036707953616685884,-0.0019428395422488767
2018-05-15,-0.006865655043990948,-0.021187539583849002,0.004920210704387529,-0.0071490434032734996
2018-05-16,0.004052339847514297,0.0010080469002327064,0.0025210140935403302,-0.0011594249277627245
2018-05-17,-0.0008562387886099643,-0.0015513500441075578,0.0,-0.0010725496665531847
2018-05-18,-0.002635665254550723,0.0015513500441075578,-0.002941783860142877,0.0037169026072639217
2018-05-21,0.007359604547933607,0.0,0.013378113500344568,0.0002928315389306745
2018-05-22,-0.003140688592875307,0.001161935183777274,-0.0015238711000726823,0.00012162698639763725
2018-05-23,0.0032431452068992783,-0.0018596691479242367,-0.004028635419327742,0.0054430857864387365
2018-05-24,-0.002025262957722873,0.011106864926633264,-0.015854380349519914,0.0020094915403711428
2018-05-25,-0.002360003054185711,-0.0003067912135685802,-0.04084559276480437,0.004425063524682902
2018-05-29,-0.011631572511792143,-0.003535820483316243,-0.017086722681981747,0.014269428535155115
2018-05-30,0.012615875351923656,0.002153718916270364,0.021936491022714222,-0.006292251171570978
2018-05-31,-0.006903333243434062,-0.0010762796451002643,-0.01730169841417961,0.0018447966264783589
2018-06-01,0.010790799709239352,-0.004084885026490959,-0.018517704460034423,-0.006187058347456591
2018-06-04,0.004469594898352192,-0.001313863341481536,-0.016238064790579543,-0.0035017473019445266
2018-06-05,0.000702346269576104,0.0033969186184963363,0.011821687729915098,0.001667921741625054
2018-06-06,0.008530900637311767,-0.00030835151545183237,-0.012130563891592061,-0.004697287537283782
2018-06-07,-0.000714443621984806,0.001232741993757891,0.018672008471541268,0.003735377408533078
2018-06-08,0.0031210289077518993,-0.00046208842693662433,-0.003189297148578518,-0.00022804805654983988
2018-06-11,0.0010681370069400842,0.0006161331177771956,0.005461188032305664,-0.0016039577142068142
2018-06-12,0.0017418672787039569,-0.0029298778307511597,0.003925750746587298,0.00011734127052246578
2018-06-13,-0.004034254541411819,0.0013889267881950218,0.0042105141798236545,-0.0016014676723944059
2018-06-14,0.0024685005225038026,0.005459643319964513,0.0037444813059615,0.0027863571835394234
2018-06-15,-0.0010176203154941277,-0.022804078760698232,-0.027739586485863832,0.0020125532933948946
2018-06-18,-0.0021283911808867018,0.0012544894477866109,0.012069521497501512,-5.629053570223535e-05
2018-06-19,-0.00403151795139145,-0.00047023717706196067,-0.011915796200317352,0.002963947708437451
2018-06-20,0.001710690224112632,-0.003455339185167716,0.017518941736223148,-0.0029004007313940413
2018-06-21,-0.006365728843220175,-0.0031515942835920185,-0.010321893313500752,0.0027908754895540552
2018-06-22,0.0018602032551342518,0.00015787362465857768,0.04534031649466286,-0.00014384489370654276
2018-06-25,-0.013819722967770787,-0.0014212784296390168,-0.007317462573565692,0.002274445867963915
2018-06-26,0.0022021505056963875,-0.007136657182704731,0.03535462275176382,-0.00031768798551695297
2018-06-27,-0.008641586313141048,-0.0030285563284468964,0.031128249097363003,0.00470300391434188
2018-06-28,0.006159680019031555,-0.003999045403676682,0.009438478061228217,-0.001617695899535713
2018-06-29,0.0007581158875167304,0.0028010100848696595,0.009485228091107523,-6.0002917512015324e-05
2018-07-02,0.0030632608342937573,-0.009232934241235391,-0.002836102634979909,-0.001355958771189889
2018-07-03,-0.004959629280533839,0.00947259763675401,0.002701202962932747,0.0025366282367694035
2018-07-05,0.00858385674553741,0.004543890146389451,-0.01631797063820084,-6.0416429547655196e-05
2018-07-06,0.00844551760058021,-0.0023889164756205616,0.01172155410619169,0.0008917459312988256
2018-07-09,0.00878429078534193,0.003024939992369191,0.0006772153573635364,-0.0023943543829626547
2018-07-10,0.003467249318822141,-0.003423648167605542,0.003514495883497837,-0.0010094871142131466
2018-07-11,-0.007119486371916395,-0.008812040976282631,-0.05164139133061685,0.0027959737463575905
2018-07-12,0.008710991580171523,0.0017685920911132413,-0.0007106165132890752,-0.0008383674123350474
2018-07-13,0.0010786555366086858,-0.004346802680328388,0.009622265922405226,0.002017574261549052
2018-07-16,-0.0010286646208985673,-0.001210800510808241,-0.04243110907614067,-0.0022217213967637567
2018-07-17,0.0039658243434432805,-0.010065857197482764,0.00029387795937374506,-0.00040511927758271073
2018-07-18,0.002158182076737347,0.0004894760752298666,0.00993870042182099,-0.0008364605883758061
2018-07-19,-0.003960826849048971,-0.0031853862009256773,0.010128822552714745,0.0025359278665788004
2018-07-20,-0.0009488977712743818,0.005791423271754859,0.01429412578422884,-0.00402889291749118
2018-07-23,0.001836362343230924,-0.0044833985839760615,-0.03715642059626134,-0.005904464470200719
2018-07-24,0.004769518886053703,-8.168273621933508e-05,0.009236885140637696,0.0014946108363949075
2018-07-25,0.009060435070372463,0.006109251967322038,0.011319325768873512,0.0012364937049051256
2018-07-26,-0.003036902748867476,-0.004966001498039496,0.0044632937159683195,-0.003235479203735856
2018-07-27,-0.006583834644844799,-0.0022060331796796007,-0.01330458018056202,0.0014082337335664086
2018-07-30,-0.005770789315587166,-0.001063813468161534,0.020746959616493754,-0.0011717636899681732
2018-07-31,0.004872837219302539,0.0019631109320892293,-0.019728411802093504,0.0010640010909658368
2018-08-01,-0.001040893067570714,-0.004750931950486148,-0.016126994104835646,-0.003229764603131419
2018-08-02,0.004914349582208821,-0.006011999848420935,0.01903139560149203,0.0015795042929192796
2018-08-03,0.004633432065348053,0.002969299191421193,-0.006838895059814831,0.002957884803209636
2018-08-06,0.0035319826508013463,-0.004622738754922473,0.007563734568472036,0.0014087825508128748
2018-08-07,0.0028202017464860063,0.0008270615145109517,0.002315763552803496,-0.0028919276645038633
2018-08-08,-0.0002624143932949963,0.002477088262295979,-0.032770483885949275,0.00028991627069112303
2018-08-09,-0.0014427146770401578,-0.0005773983842614072,-0.0019439988598817237,0.0032181695615926408
2018-08-10,-0.007139312263245046,-0.0006603787513004278,0.01219889758010062,0.006859584279386316
2018-08-13,-0.004014037665980297,-0.01648382857584263,-0.0063784288589188165,-0.00161394187557675
2018-08-14,0.006368930016417806,0.0014259543053389834,-0.0023837322857787058,-0.001439026764794278
2018-08-15,-0.007631208581378779,-0.013077596207343056,-0.03074833275385558,0.0038331928428326344
2018-08-16,0.007888214552638217,-0.001104685378172654,0.00689811801057072,-0.001528267498837801
2018-08-17,0.003317606375262905,0.0002550676550168163,0.0068509755399226435,-5.882482898540811e-05
2018-08-20,0.002425074902128621,0.00871672139192281,0.007858535644196252,0.004443824997578876
2018-08-21,0.002066399954626874,0.004875126658373752,0.013754113929317136,-0.001704632320553172
2018-08-22,-0.0003982310542438583,0.0030977237750970943,0.007543888149947442,0.0019314012924336991
2018-08-23,-0.0016926939235348826,-0.0078043853831424315,-0.00044216639761085474,0.00028522199228363433
2018-08-24,0.006179705928285095,0.016128748439265372,0.013035693486683542,-0.00032096454623257553
2018-08-27,0.007641141407110474,0.002235707565859002,0.00218041399784763,-0.0017906372836026198
2018-08-28,0.000269242077598264,-0.0013242640321067256,-0.004949121652230382,-0.0029950749158461137
2018-08-29,0.005685242468912222,-0.0024047645277596175,0.014199070060050722,0.00011444444694216289
2018-08-30,-0.004440172044458457,-0.005661532869709163,0.01058965036875481,0.0021889805901899647
2018-08-31,0.0001344684673050267,0.0021685560260156223,-0.006426254724071434,0.0007187682217766281
2018-09-04,-0.0016556920488790539,-0.006351962565760871,0.0010023583844649409,-0.0041134749193384645
2018-09-05,-0.0028070628012661913,0.0018429166421238818,-0.016596116434816288,0.00011515872819083078
2018-09-06,-0.0036589910366187084,0.002507523830407976,-0.013920725825625091,0.0021013761738168835
2018-09-07,-0.0022157978950136936,-0.003596114122648153,-0.00029510985399738843,-0.00530932670293631
2018-09-10,0.0018960282146931462,-0.0005027868974396554,-0.0031044312470536184,0.0005472870750985951
2018-09-11,0.0037328656897148704,0.0020097347155791923,0.02500311655469112,-0.0033210630724722075
2018-09-12,0.00035660834989403867,0.007749654927954985,0.016043929941591095,0.0013221285616332361
2018-09-13,0.005268352159391476,-0.0022436966462970886,-0.025620376889111895,0.00011757936742570665
2018-09-14,0.0002754439007661702,-0.005840650729542318,0.00581483747374012,-0.0025443336726580683
2018-09-17,-0.00558529099154903,0.003925299454992093,-0.0011601770811857648,-0.00048206054981403434
2018-09-18,0.005354652867625376,-0.0024201158014891533,0.013548705345407974,-0.003906012564114116
2018-09-19,0.0012524880331721278,0.004501801970304697,0.018018565966741562,-0.0028712844452211594
2018-09-20,0.007810014185328562,0.0033217105465146446,-0.004509586021034018,0.0005499010016220461
2018-09-21,-0.0003686009370067467,-0.00832505674484274,-0.000282586132721363,0.0009777035459589208
2018-09-24,-0.0035218823140139577,0.0025882691604381947,0.018200181032296037,-0.0007333937099974842
2018-09-25,-0.0013059484931181586,0.0005834628245633411,0.002770810132323831,-0.0019277650482102887
2018-09-26,-0.0032946996811595852,-0.005012541823544048,-0.009871461349007404,0.0036320871525708765
2018-09-27,0.0027594762285110264,-0.009847279784212404,0.007655448932127662,0.0005495116245449058
2018-09-28,-6.870144138027001e-06,0.007751282370461965,0.015546811478561295,0.00012126984104277594
2018-10-01,0.003634492342198037,-0.0036996800454476286,0.027601927436662343,-0.0019308578221504732
2018-10-02,-0.0003967689102788441,0.012806242249857824,-0.000930043139437231,0.002176775349942502
2018-10-03,0.0007112667367188408,-0.0034156533069067407,0.015563493392168226,-0.008820972648777138
2018-10-04,-0.008203035421010085,-0.0009184702430271585,-0.027598962215241052,-0.0029351128229344395
2018-10-05,-0.0055433145846226495,0.0033355602664464357,0.0001344522361481637,-0.002250284773922858
2018-10-08,-0.0003951947083491447,-0.014084678619262547,-0.0006727501200671782,-0.0005509583182286182
2018-10-09,-0.0014189098341548245,0.0023612144438462934,0.008978260229211443,0.0022525378451611414
2018-10-10,-0.03341638904260158,0.0017673875050832066,-0.02416914984534735,-0.0013159720951919683
2018-10-11,-0.020787579972541437,0.028350664093339084,-0.030528206134113667,0.007973906153514157
2018-10-12,0.0141062354083763,-0.004423356219553476,0.005199858860398976,-0.0005576825414709048
2018-10-15,-0.005922482291300213,0.006790820801527708,0.006148740115728302,-0.0017488261207165626
2018-10-16,0.021267828034901015,0.0007336059237568193,0.001948495990473198,0.0007218408022563553
2018-10-17,-0.0002526942626648321,-0.0029376582988742683,-0.030636944002286448,-0.001831843561935439
2018-10-18,-0.014496490575340637,0.0022855686089613414,-0.01589626626056262,0.00046657556576162635
2018-10-19,-0.0003612351352799692,-0.000978832893209436,0.006823009791316892,-0.0018292649673091375
2018-10-22,-0.00430879709647769,-0.0033518099283380565,0.0007230519084604481,0.0002969316164265115
2018-10-23,-0.005527076180694479,0.009940661474511892,-0.040418449869593864,0.002681186838738279
2018-10-24,-0.03135077386114027,-0.004550613589319852,0.0058536660903829585,0.0037090827758116582
2018-10-25,0.01845371797871387,0.0010581845953803182,0.007603497390938685,-0.0008992644206515949
2018-10-26,-0.017479138010003226,0.002762452559275985,0.003854059178613589,0.005169993904974036
2018-10-29,-0.006581208295194152,-0.006512029524622598,-0.008170519100769269,-0.0007326579875850925
2018-10-30,0.01554532297187805,-0.0015528787665672894,-0.012911162725496084,-0.001841228458373355
2018-10-31,0.0107928787545708,-0.008460296595855787,-0.013233180572013836,-0.00405010778890308
2018-11-01,0.010502498868529386,0.019360936987836475,-0.025117583711590896,0.0014039001338320809
2018-11-02,-0.0063367210558800124,-0.004134730067067771,-0.008673069357953977,-0.0058212985420455984
2018-11-05,0.005584693697194609,-0.0008940347270804949,-0.0006337280979558102,0.0012325238152841006
2018-11-06,0.006239787744408254,-0.0048907822962700465,-0.014205001555045449,-0.0009772556338950437
2018-11-07,0.020987078560773753,0.0019591045806830465,-0.008718184497977788,0.00021248221504355458
2018-11-08,-0.0025120689884907677,-0.0026948093485055225,-0.016348247538583216,-0.00165457657738579
2018-11-09,-0.009241585915372497,-0.013584368668582592,-0.007943109029898032,0.003955522964768143
2018-11-12,-0.0198981509854681,-0.004236394117413056,-0.004328983181448365,0.0003817131258861155
2018-11-13,-0.0014830188221734986,-0.0017497173022613666,-0.0733766466202832,0.003620974275431435
2018-11-14,-0.007596188818451033,0.007228707752084063,0.010005468142514573,0.002258247405083606
2018-11-15,0.010538032742642756,0.004048441325541496,0.003726365525309916,0.0002944891272256835
2018-11-16,0.0022208375374832556,0.006574645378254473,0.0,0.003887090140760881
2018-11-19,-0.01678316123572099,0.0018821780054922854,0.005299416110705835,0.001577222525534766
2018-11-20,-0.018317995556586197,-0.0033577490512390895,-0.06045943103917173,0.0008920583659221189
2018-11-21,0.003038669310766906,0.005562881404039821,0.02221081027806049,-0.0009916616986726855
2018-11-23,-0.006576419711855408,-0.00392353677460644,-0.08019531651569967,0.0007207920393256317
2018-11-26,0.015412975845366716,-0.0006554554094462262,0.023715034135703306,-0.0014185272622988737
2018-11-27,0.003256384364612508,-0.007403176331916228,-0.0013567148736370882,0.001577286447158853
2018-11-28,0.022714051303114324,0.008386198408280698,-0.024939936316969114,0.0010634738025776139
2018-11-29,-0.0021854945453938512,0.0022080983593433245,0.022804208719982455,0.0008920360796065434
2018-11-30,0.008137547716617455,-0.003191120435707795,-0.010158330220237044,0.0020077820237699375
2018-12-03,0.010882001794362495,0.011165164989324516,0.038895939567515914,0.0019229723436046031
2018-12-04,-0.03290022883855581,0.0058181587735823825,0.005649718133442061,0.005977952265625263
2018-12-06,-0.001523387914144081,-0.0024201367564939957,-0.03361015793356703,0.004261791030342223
2018-12-07,-0.02359633545632267,0.007002381348266695,0.021518580688184574,0.0023626384144961247
2018-12-10,0.0017606032229169344,-0.0024895396566160244,-0.031080594619826485,-0.0004056418592531184
2018-12-11,-0.0003564096753061463,-0.0014482837866971465,0.012664592383991202,-0.0018728841096977123
2018-12-12,0.005404871010351364,0.002011021030000393,-0.009727702879227085,-0.002214287275176238
2018-12-13,-0.00019995031241482053,-0.0013671131226420385,0.02757333189681166,-0.0003157971383942889
2018-12-14,-0.01927121226870021,-0.004597299127495624,-0.026596307179278522,0.0018416363250206012
2018-12-17,-0.020992284828576402,0.008372311271494404,-0.026119404721089978,0.00305405385250691
2018-12-18,8.639685378852846e-05,0.0014419026574250537,-0.07577488156238932,0.002884197135862374
2018-12-19,-0.015515459175936108,0.0023188148550019605,0.020548648092337363,0.004191206904810784
2018-12-20,-0.015897809484104464,0.00914264843048418,-0.028364593213682898,-0.0008439236626223385
2018-12-21,-0.020803120498540828,-0.007785791822915833,-0.0063409179694886575,-0.00014951649368549253
2018-12-24,-0.02748657287831424,0.010867477681361315,-0.06947871700893371,0.0038481109891786405
2018-12-26,0.0484031776708056,0.0013402857721249717,0.08320295069357098,-0.0040528818657710524
2018-12-27,0.008526228968816163,0.0063617710388754745,-0.03545456843482864,0.004805747529803601
2018-12-28,-0.0012423539102313086,0.0020334556603831544,0.016011042524521457,0.0007176413081961992
2018-12-31,0.00845662586220719,-0.0012508605650429772,0.0017632364029935843,0.004467878536768762
2019-01-02,0.0012676930626263072,0.0021099145250547124,0.02457983579635048,0.002288964604717256
2019-01-03,-0.025068331818915546,0.008395609500155388,0.011748489949825469,0.009495771431218181
2019-01-04,0.033759399060347306,-0.007069439157760371,0.018306643574109938,-0.009065343651427476
2019-01-07,0.006985975995229765,0.003191361071129606,0.011608782440466037,-0.00190017246518948
2019-01-08,0.009648587336497094,-0.0028016342498524693,0.025637178907101266,-0.002853515945732373
2019-01-09,0.004089671332821787,0.004742553228195057,0.05052968028104177,-0.0009362707125030489
2019-01-10,0.004508241374462152,-0.0035742832584517714,0.004383037804186696,-0.00015272459046088447
2019-01-11,-0.0001463085444823875,0.0018664166569104523,-0.01919813228845335,0.002722018934971825
2019-01-14,-0.005271394587249567,0.0015526748231557974,-0.021156554964686602,-0.0006765686623237149
2019-01-15,0.010664618879761001,-0.0022521847725425204,0.0311855773843015,2.046744369908017e-05
2019-01-16,0.00221952052908847,0.004189644244261714,0.003830703001577618,-0.0016322626531437808
2019-01-17,0.007562730706236032,-0.0004646291352923271,-0.004598622321521528,-0.001456101140676065
2019-01-18,0.013096912839855257,-0.0075418862228433525,0.03268449167277554,-0.0029276371678485253
2019-01-22,-0.014258476827971656,0.0009360724211253668,-0.023127843960482952,0.004808257684371847
2019-01-23,0.0022004899194500993,0.000467707828643249,0.0009506462872663768,-0.002063893489643751
2019-01-24,0.0013747801109778024,-0.003122319355127523,0.009645505253166764,0.003853524605379998
2019-01-25,0.008452867700517785,0.01420559407819777,0.01048497828966699,-0.003455176899727885
2019-01-28,-0.007877775848708524,0.003846454397078425,-0.03217531417628505,0.0008916772900438406
2019-01-29,-0.0014573079351150042,0.004443374208731754,0.025072531915105944,0.0028952650217402534
2019-01-30,0.015429609891559615,0.0012987078392665552,0.01711029581667134,0.0015891254587513794
2019-01-31,0.0085606488097687,0.0074535839816558536,-0.008146659106265997,0.005351364457788378
2019-02-01,0.000898206584806438,-0.0021238927681554998,0.026961695815726827,-0.004776647984434199
2019-02-04,0.006753381117479584,-0.0019762666158227304,-0.012748250415782092,-0.0027649485915088217
2019-02-05,0.004697370437350301,-7.616332988291674e-05,-0.016633196551623985,0.00202468355593907
2019-02-06,-0.0022269157175083265,-0.0035826933617428836,0.006501341373963854,0.00010722221836211189
2019-02-07,-0.009401193202230651,-7.634929554711789e-05,-0.02569290810559899,0.0044738924567448
2019-02-08,0.0006759725660128169,0.003278510654843636,0.00151863792647422,0.001853648438595497
2019-02-11,0.000708851803818078,-0.0051131116828413425,-0.005897503446063546,-0.0024271064244872666
2019-02-12,0.01280785290283859,0.0016817917066491717,0.013079489609295614,-0.0018998940464375487
2019-02-13,0.003019431593711097,0.0012214487444177635,0.014953606712449385,-0.001983680006635024
2019-02-14,-0.0026551633836984223,-0.0007631840122668265,0.00941745146903239,0.0045603513013442835
2019-02-15,0.010820004664958027,0.006316796133235769,0.021455374016833506,-0.000680006777674901
2019-02-19,0.0014976213265915916,0.01655293261183477,0.008954214530398907,0.001765532009125633
2019-02-20,0.001775533560740783,0.002385089610256408,0.014689194812078199,-0.0005062339842453353
2019-02-21,-0.0035326693258417308,-0.014849566751192533,0.0007025099778221744,-0.0028587200350959708
2019-02-22,0.006390638694711015,0.0042974780783104904,0.005253019326333153,0.002988248963065072
2019-02-25,0.0012311044497517187,-0.002485728211593319,-0.031579683161227834,-0.0014650246377844731
2019-02-26,-0.000790769672840419,-0.0006035826876003014,0.00036043355672532584,0.0033400012157594238
2019-02-27,-0.0005441974362980773,-0.005600154350637432,0.025615036979290018,-0.00486329329659483
2019-02-28,-0.00282950759895062,-0.0037254575258760525,0.004905451223789825,-0.0014605381601745537
2019-03-01,0.006871656588713471,-0.01257108687016828,-0.02512965324095351,-0.0037155293790120812
2019-03-04,-0.003888107395255247,-0.008988108902638459,0.014058438136292928,0.002981365261856082
2019-03-05,-0.0011321734897071778,-0.002181743716337614,-0.0005302479822395512,0.00010801586839887831
2019-03-06,-0.00654547360412483,0.0022595548095685203,-0.006029458677213384,0.0027228289613182542
2019-03-07,-0.008158911138330893,-0.0008564453784476456,0.007795904517971408,0.005001382445903528
2019-03-08,-0.002133964131454391,0.01022943740470783,-0.010467587016509405,0.0010665575418992
2019-03-11,0.014559535563489767,-0.006342314567176821,0.012759365317801752,-0.001468535020913172
2019-03-12,0.0029489657278052306,0.005802499524032001,0.0014076725263905132,0.003431305946427029
2019-03-13,0.006925546757019063,0.008602826665779162,0.024147780184343937,-0.00042170217202866826
2019-03-14,-0.0008683993315958816,-0.010842488050706756,0.0059896181807630455,-0.0015575500991080208
2019-03-15,0.004972519408430465,0.006473530758076329,-0.0015367569278472715,0.003345212581520599
2019-03-18,0.0036990967989085632,-0.0011529150377436181,0.009693123965610617,-0.000685068292365851
2019-03-19,-0.00013057007992678393,0.0036079961480899314,-0.0010159393666500094,-0.0009467396560071822
2019-03-20,-0.0029486967407699183,-0.0034542348680881574,0.013461469433000417,0.0070432782510142546
2019-03-21,0.010794015494688836,0.004296773002431031,0.0025039276826950285,-7.506123475101926e-05
2019-03-22,-0.019156827134272802,0.00420216846540189,-0.015795969889808248,0.007332510956183485
2019-03-25,-0.000839372833310037,0.007822366697732619,-0.0037332678615671355,0.00318958943002554
2019-03-26,0.007157052947934339,-0.005765872414879247,0.018862111039872786,0.0006262837024649642
2019-03-27,-0.004655143276599105,-0.0033534245976776234,-0.008881479178159957,0.0036378353289682704
2019-03-28,0.0035830547152615466,-0.015463611608309336,-0.001853266661340669,-0.001233057352638443
2019-03-29,0.006711706043324384,0.0024778943384520247,0.01406587427361572,-0.002114572220003843
2019-04-01,0.011502195518044545,-0.0035639423656812497,0.02382435476489242,-0.007208919895491746
2019-04-02,1.745555485843653e-05,0.0012410609495416836,0.015946245323728903,0.0015083682904545616
2019-04-03,0.00214607242008924,-7.750345753088084e-05,-0.0019194303030447557,-0.0030667373711725744
2019-04-04,0.002082465242994047,-0.0006979909589999167,-0.005780372829000235,0.0005395900329857402
2019-04-05,0.00462571762309949,0.0010855427915750226,0.015657826754223336,0.0010676102726050623
2019-04-08,0.001046911750523627,0.0051787177938296125,0.02070986568174238,-0.0014832044394891687
2019-04-09,-0.006085976435669771,0.004921969848965091,-0.006543129437500461,0.0018599766776097098
2019-04-10,0.0034718377544997736,0.004286905162994792,0.009798679650199205,0.002037316192516454
2019-04-11,3.812234034228368e-05,-0.015783520778200888,-0.01607022273489722,-0.0022771332562454825
2019-04-12,0.006587578389545712,0.0015508688265573056,0.004863860779208196,-0.004813718501941016
2019-04-15,-0.000629567244356366,-0.0029486532746494376,-0.007698959550418216,0.0007159374167936249
2019-04-16,0.0005092283251393326,-0.01109652169596309,0.01020019047856291,-0.003314874247513917
2019-04-17,-0.0022764008207385444,-0.00031438575044795414,-0.004538067832036141,0.00010285714315989661
2019-04-18,0.0015778468242499954,-0.0002357822114547048,0.003757075202473814,0.002910349969552594
2019-04-22,0.0010115058169324342,0.001257150767118631,0.02621579568100163,-0.002526505762751433
2019-04-23,0.00880235117499506,-0.0033034095568353905,0.00909106418067207,0.0018565848294498615
2019-04-24,-0.0021941686030357843,0.004872652719190462,-0.006203267558806402,0.004321165105122779
2019-04-25,-0.00036904174027263537,0.0002352124985423032,-0.01037385829710491,-0.0009540794602095366
2019-04-26,0.0046743503233042105,0.0071074422097749945,-0.02972750026805926,0.0026517999837330913
2019-04-29,0.0010709485042346145,-0.004915203051928607,0.0031545888012711742,-0.0026235900048604947
2019-04-30,0.0009509646987915232,0.0032795166444525847,0.006435935376001289,0.0024754703294160717
2019-05-01,-0.007530445850291834,-0.001091977625139684,-0.004862394920377433,-7.632051847292605e-05
2019-05-02,-0.002126244648682274,-0.009172635638249993,-0.028548260465145248,-0.003498889104873675
2019-05-03,0.009592127478916801,0.0074542307295963894,0.00210096648462077,0.0019463590064114486
2019-05-06,-0.004481013189072236,0.0019524392904868293,0.004992382971071407,0.002828316982737535
2019-05-07,-0.01664948808890543,0.0014034376717937391,-0.013748675340272243,0.004686885522360192
2019-05-08,-0.0016067153894203656,-0.0031994842127271994,0.011658121081556061,-0.0028974330826042655
2019-05-09,-0.0030259986619283197,0.0031994842127271994,-0.006784037809451249,0.002303131997260977
2019-05-10,0.003713394069919218,0.0017125578011549791,-0.0006485232933108875,0.0002738965481061574
2019-05-13,-0.024426469138497886,0.01113788667716964,-0.010106018008326778,0.0045181178253873066
2019-05-14,0.007983987523216385,-0.004162195438771832,0.012050265756551326,-0.0011414949935839823
2019-05-15,0.005821994327722457,0.0012351199225513199,0.003877253321643792,0.0036371493425846006
2019-05-16,0.008855957116499447,-0.008755371943978574,0.013612164352495348,-0.002204369401010011
2019-05-17,-0.0058544371740438805,-0.00820477351315052,-0.0017511842850836956,0.0011570524598627828
2019-05-20,-0.00677225797540526,0.0012545877919816206,0.005402844244632554,-0.0019374535029797434
2019-05-21,0.008459949093190922,-0.0032180677080839715,-0.0017447350848538434,-0.0007873651603278683
2019-05-22,-0.0028283923638996455,0.001257052020717353,-0.025240525079747833,0.0030157088313886417
2019-05-23,-0.011985692241282209,0.008755585276167821,-0.05884540659786541,0.008717846536437583
2019-05-24,0.0013526437720372542,-0.0014020165813164454,0.012356450591235912,-0.0023945162408345083
2019-05-28,-0.008410950000260264,-0.00507912793409826,0.00866097490985851,0.005077424626834694
2019-05-29,-0.00693591016723083,0.003206741338613206,-0.005595572280696182,0.0029432510731981
2019-05-30,0.002096272674997124,0.005062907666908423,-0.03847963797237419,0.0008915802498283019
2019-05-31,-0.013283205250453456,0.014424310458736933,-0.05615063994884695,0.00770308902322244
2019-06-03,-0.0027690706543079813,0.012859147970709195,-0.004683849312426158,0.005566466444657338
2019-06-04,0.021205927081077824,0.0005291359094377057,0.004309939084677694,-0.0033256014786730652
2019-06-05,0.008128726978813283,0.003695764872375662,-0.03423687829476174,-0.000274594070963254
2019-06-06,0.00611684067600482,0.00697697917997786,0.017455125123264192,-5.435847611290042e-06
2019-06-07,0.010442979247259565,0.0026877541074794564,0.026272884815955688,0.0036781658891585794
2019-06-10,0.004649220074766092,-0.012378717355321811,-0.01361332644746982,-0.005202557694438227
2019-06-11,-0.0003499414579515303,0.0012825419568347485,0.00018778065098024044,0.00035380519247282306
2019-06-12,-0.002039657827237029,0.004137988749946864,-0.040806371594055424,0.0012504166937708785
2019-06-13,0.00408901050284971,0.005465871737307282,0.022046907478562527,0.0033177654228206854
2019-06-14,-0.0016128117861526903,0.0006718355335486592,0.004389730278371751,-9.662423513336219e-05
2019-06-17,0.0009313154323526973,-0.0010452624905257224,-0.011106931952156174,0.0007119209826835507
2019-06-18,0.009670489592970455,0.005883921663461855,0.03723384249148909,0.0024216279537563556
2019-06-19,0.0029807167930240297,-0.0014863261032118658,-0.0026008412309797,0.0028747134442938848
2019-06-20,0.009427605335873501,0.03529136934367472,0.05236234941579854,0.0026067730583205517
2019-06-21,-0.001260016279728049,0.0023663033426526425,0.013674805780867771,-0.005945175421618441
2019-06-24,-0.0017333884605870153,0.012880517986897821,0.008150590742564745,0.00431828702703592
2019-06-25,-0.00954177564038794,0.0004241309058388154,-0.0012097070998047244,0.002517076420415978
2019-06-26,-0.0012346956788036323,-0.0023350789510780956,0.026449783490568812,-0.004871158817013397
2019-06-27,0.003815885792590734,-0.002269469890296527,0.0008416671902073958,0.004050310141416914
2019-06-28,0.005740941840599589,0.0009225555241272332,-0.016285331448609774,0.0005307126262301269
2019-07-01,0.007643018610953511,-0.017243639951311174,0.010547884874873681,-0.0029831207372966644
2019-07-02,0.0029238472769890222,0.013619306155092659,-0.0492556668553501,0.005320218600080329
2019-07-03,0.007643095660683663,0.00928325833838084,0.019192422031801826,0.0021585680475095527
2019-07-05,-0.0018075342045484888,-0.014923529329707641,0.0029603534236803952,-0.008473333859718964
2019-07-08,-0.0048471730101233845,0.0002148039048739392,0.0026048730239054407,0.0013423145454142128
2019-07-09,0.0012357930584538934,0.00035784577229236447,0.0029440142689223237,-0.0017189416984728315
2019-07-10,0.0045005469360823724,0.008975680500220129,0.043977971590698495,-0.0005481696891158816
2019-07-11,0.002282619578949152,-0.0041216137849033885,-0.003813310435349493,-0.005209576715742509
2019-07-12,0.0046095343020660096,0.003979804442910684,0.00016607128259860104,0.0013405943388043928
2019-07-15,0.00017585372838446744,0.0010633396770112213,-0.010518458252944285,0.001340922811618692
2019-07-16,-0.00340958455501017,-0.0015600040469463394,-0.033450266898690906,-0.002607257285488568
2019-07-17,-0.006552665466093899,0.008549847281971168,-0.01468558157314881,0.005571186384987971
2019-07-18,0.0035755977088189894,0.003371448523743048,-0.026411234814087692,0.0021530578536254038
2019-07-19,-0.006195889464843951,-0.0007014590755680672,0.005949748555631906,-0.0008192269978702451
2019-07-22,0.002824701686249931,0.00014038257143056398,0.010549943903807701,0.0005314438408800621
2019-07-23,0.006824145139276538,-0.0036550776599471035,0.009735438054758738,-0.002705582682164359
2019-07-24,0.0046771928134763385,0.0018995209334571328,-0.015801471742906692,0.0022423182352799597
2019-07-25,-0.005276296483600618,-0.006274934527660925,0.0025022245001888876,-0.0020760626140010523
2019-07-26,0.007360535770782661,0.0032481143839335758,0.0032079924716850172,-0.0005467433048698785
2019-07-29,-0.0016174219290565617,0.0007751493255891972,0.011851172061928317,0.0024220176192596807
2019-07-30,-0.0025819853720445707,0.007089473307916094,0.0205367524640927,-0.00045816381174874796
2019-07-31,-0.010945206952139408,-0.0025211692591504686,0.009088677655820554,0.0036870913022810843
2019-08-01,-0.009039527568805994,-0.0036529377971197263,-0.08233566681117654,0.011600160056562931
2019-08-02,-0.007309388539565198,0.0172339525633447,0.031204047510570376,0.00361985568407762
2019-08-05,-0.030230182169694864,0.013057707568043142,-0.017580901108094515,0.011046483725616662
2019-08-06,0.012933023911166686,0.005311588128471989,-0.019572219337012253,-0.000296843916571968
2019-08-07,0.0007665823338589561,0.023426264124912777,-0.048519846581854154,0.0051113482131892474
2019-08-08,0.018588462466865074,-0.006389437814637411,0.02798601535337797,-0.002862155944028865
2019-08-09,-0.006638593133657444,-0.0007347130630357412,0.03662589998646526,-0.0015779612917716545
2019-08-12,-0.012393809115915033,0.005796393970688207,0.007858951241052292,0.008798106494964573
2019-08-13,0.015018346267301474,-0.0020615785564279676,0.03874443702879038,-0.003694560443184153
2019-08-14,-0.02973035245453559,0.009078670323797056,-0.0332978143142606,0.009190327291221689
2019-08-15,0.0024612366981804357,0.0024377881760617726,-0.013856161818639023,0.004867700277123752
2019-08-16,0.014323058172244885,-0.004683215342362601,0.0073166177984544944,-0.0008628917293849939
2019-08-19,0.012033175564397425,-0.008032155425562237,0.024127929121763536,-0.005371634421279232
2019-08-20,-0.007946215312115257,0.0027953104204057055,0.0023101044302071827,0.0034767903900768714
2019-08-21,0.008212979557352895,0.0,-0.011783743649515621,-0.0014129150363355767
2019-08-22,-0.0005062029592783901,-0.004863547145385283,-0.005944389920227167,-0.0029742140134007933
2019-08-23,-0.026288881122837893,0.019379505617472148,-0.021549415719023468,0.007641286863361153
2019-08-26,0.010923112730798046,-0.00019648645968040057,-0.009832168832987431,-0.0015089463292922178
2019-08-27,-0.003208321800556746,0.009585018407868517,0.023764605875437717,0.005153572379561811
2019-08-28,0.0065241515305629605,-0.0020787009701006554,0.01535570740484804,0.0022839380538900046
2019-08-29,0.01260748244109422,-0.007375322175081855,0.0165351855668181,-0.00456505139483016
2019-08-30,0.0006425807598766653,-0.004859495032714989,-0.028800857415951064,0.000985276235815052
2019-09-03,-0.006923009332685304,0.017488242652852648,-0.021277396213986055,0.0037677734200928423
2019-09-04,0.010783725278421308,0.002842211273165418,0.04211148097562445,0.0007073056311816569
2019-09-05,0.012925912921759597,-0.022769045460323767,0.000710748366717695,-0.009718794571828334
2019-09-06,0.0009101908043769313,-0.006089556358749526,0.0039000443211492097,0.0014466890129340828
2019-09-09,-9.401467889968984e-05,-0.002659222501661951,0.0232588613477418,-0.006560143398371096
2019-09-10,0.00032225242593053594,-0.007953193028797045,-0.007809097354436467,-0.007263227218241591
2019-09-11,0.007203672326387078,0.0027473300929079514,-0.029166919568548444,-0.0027674762844970995
2019-09-12,0.002875016278233389,0.002873228259018923,-0.011909196085809981,-0.005219881520593432
2019-09-13,-0.0007246768769650913,-0.005218052260891781,-0.004366055352302389,-0.010083725701218281
2019-09-16,-0.0031405129163566414,0.008149645086967361,0.136944029063085,0.005714635754411114
2019-09-17,0.002578425372462334,0.0013296990407196674,-0.05826257053110773,0.0027145820854521134
2019-09-18,0.00034263328426753503,0.0015933246639150411,-0.020945840843696217,0.0024432939919379042
2019-09-19,1.9974521929810862e-05,-0.006054761178041268,0.00034412349745771564,0.001166021699510698
2019-09-20,-0.004907599104880589,0.005922114787614063,-0.0006883654566633979,0.0018060592067076758
2019-09-23,-9.694061782816732e-05,0.010821552218634345,0.00942351253875362,0.004373330441443033
2019-09-24,-0.008451988963551926,0.0054977719571276396,-0.023290942768880107,0.0067769616620820695
2019-09-25,0.006139685241963733,-0.0181122614868352,-0.014062443351258835,-0.008806282853666197
2019-09-26,-0.0024318710096125074,0.0019255837015004218,-0.0014172160029009007,0.0043774358793219476
2019-09-27,-0.0053305345791292424,-0.005587737868885334,-0.00890319273752116,0.0009840773839275856
2019-09-30,0.005034910215249155,-0.02253200101306163,-0.0334637545595573,6.646825207604302e-05
2019-10-01,-0.01233412694541336,0.011059616136638084,-0.00835738486210369,0.0029142883225212572
2019-10-02,-0.018065404187643352,0.012739025777429802,-0.01844583746548567,0.004485532889383045
2019-10-03,0.007940304773866202,0.004055705592803882,-0.0036159260338974875,0.005605541204197386
2019-10-04,0.014116785239259855,-0.0005973679771029694,0.006840243334876206,0.0020028131822211206
2019-10-07,-0.004488352273681606,-0.005659324852886449,-0.0011368203670398813,-0.003446930154388114
2019-10-08,-0.015683159552110304,-0.000333900978963797,-0.0022774526956901298,0.0015394873578139677
2019-10-09,0.009063296514845831,0.005926847590369988,-0.0007603291577709115,-0.004729353908327029
2019-10-10,0.006395202411782819,-0.007531060731031047,0.01808979214380768,-0.006271118945436108
2019-10-11,0.010879579673789053,-0.008127734184569135,0.021247940729117953,-0.008522312800034714
2019-10-14,-0.0013880816732187995,0.006051659334595172,-0.02050123702156137,0.0018071091056866557
2019-10-15,0.009906445376488549,-0.009497243064429561,-0.014661893630863343,-0.00339972819231667
2019-10-16,-0.0020015445531935683,0.007013803030789134,0.010360820322524944,0.0021720808338229203
2019-10-17,0.002759021969774622,0.0028856502644307724,0.010625501962133743,-0.0007527005481262226
2019-10-18,-0.003927045709799515,-0.0027512835044971595,-0.002785286865243375,0.00098359565318243
2019-10-21,0.006848114105334702,-0.0039048907125396326,-0.008777671547484989,-0.00403375028442603
2019-10-22,-0.0035750492583765947,-0.00047236817986640034,0.01581866919151942,0.0022620825598772096
2019-10-23,0.0028431033458300448,0.0055189757191058675,0.03287322892655675,0.0008921520572617553
2019-10-24,0.0019186046591705974,0.006022502044865874,0.004634559449972819,-0.0005693038271332417
2019-10-25,0.004064429510655998,0.00040019716452732723,0.007618077546131197,-0.003119746088365003
2019-10-28,0.005565819916117931,-0.00635559924955853,-0.015115402302444458,-0.004655261502026381
2019-10-29,-0.0008327519564801378,-0.0020154524793500883,-0.004849591044120416,0.0017112019037280096
2019-10-30,0.0032480894008575234,0.004160767879948679,-0.008679973706581912,0.003445437991683705
2019-10-31,-0.003027438634539692,0.012114954399792488,-0.01611168236660232,0.009877373511476346
2019-11-01,0.009615930559647268,-0.0022521201719944983,0.03660492818550365,-0.0033174832688061887
2019-11-04,0.003697245805312832,0.0,0.006031597982923742,-0.00522141729098076
2019-11-05,-0.0011864027118200227,-0.018201754334461917,0.012129859964340461,-0.007196195869187466
2019-11-06,0.0007022505922886779,0.006327791120031456,-0.01549601501515685,0.004810099752899429
2019-11-07,0.0027263752442809874,-0.01760132148891813,0.014097203533174785,-0.010071040556956843
2019-11-08,0.0025574031451167656,-0.001982500969778478,0.001573567071206483,-0.0005572984467104701
2019-11-11,-0.0019643954133385932,-0.003976999709096596,-0.0066608670544283655,-0.0008281647099946679
2019-11-12,0.0015634233012633558,-0.0023387164619208534,-0.001055804662067672,0.003158933405929448
2019-11-13,0.0007112815701173503,0.00658934076646478,0.005617987036758976,0.0036177673872626057
2019-11-14,0.0008366926144560694,0.006886066178064532,-0.0061462740857187725,0.005083226996627685
2019-11-15,0.0076660287779724,-0.003062164177332072,0.016595729808258852,-0.00165670861001102
2019-11-18,0.0005030263228107401,0.00245046443238639,-0.011675692119459846,0.002441530765924595
2019-11-19,-0.0005927700996934959,0.0016303409319782247,-0.032783983221595925,0.002078300989002939
2019-11-20,-0.003763256420940664,0.0,0.03383516365075234,0.004459448956897978
2019-11-21,-0.001584006086188694,-0.006947360157733229,0.02541412929285336,-0.003034263074676703
2019-11-22,0.0021725739423761325,0.0,-0.013923754939848543,-0.00011221643439300368
2019-11-25,0.007479251887467342,-0.004452519674764233,0.0041457628268046776,0.0009834844229729375
2019-11-26,0.0021931636449394887,0.0021945374432128517,0.0068717248959808686,0.0022640781388259756
2019-11-27,0.00416573562529976,-0.00439381748560308,-0.00514932884946262,-0.002395909750486009
2019-11-29,-0.0040192862299885945,0.008359042281367302,-0.051918482495375784,-0.0007511676301751497
2019-12-02,-0.008668483693965001,-0.002254126252647204,0.014217839341871041,-0.005388108884343973
2019-12-03,-0.00666022525804344,0.010814526309483874,0.0024986518924912104,0.011701074751531737
2019-12-04,0.0063036576087700524,-0.0028453045693535017,0.04069367645989175,-0.00650071007179146
2019-12-05,0.0014991269266300122,0.00196551921359589,0.0,-0.001387833147613176
2019-12-06,0.009094246030425523,-0.012125522425176172,0.013092092988175708,-0.004021400349781384
2019-12-09,-0.003167833684475596,0.00013711159596141442,-0.0030451775065802877,0.001256216542367688
2019-12-10,-0.0010975361689826713,0.00225875501095274,0.003720640462062441,-0.0002913794927864255
2019-12-11,0.0029039375293500314,0.0046385136565483265,-0.00813569499204192,0.0039938445058682595
2019-12-12,0.00853866737555542,-0.0018392248396015276,0.0071223293879114635,-0.009633383008014482
2019-12-13,7.257915021519068e-05,0.006049724215781538,0.014926891652931928,0.007177507000485328
2019-12-16,0.007122360942542372,-0.00040668040342417555,0.00232789248905263,-0.006550326852432212
2019-12-17,0.00033523602846052825,-0.00027123977476684047,0.012051314751643005,0.0003472723675186351
2019-12-18,-0.00043239364052283236,-0.0013572206434195877,-0.00016408175339766018,-0.003095116996122686
2019-12-19,0.004449378821865579,0.0037955689629018963,0.004748284187847673,0.0015267041222967854
2019-12-20,0.004932595804334028,-0.0023705521722883205,-0.012822838773900003,-0.0007397444175419223
2019-12-23,0.0008657687142985537,0.005275305725533919,0.001322781801016859,-0.0015533441423954445
2019-12-24,-0.0001954673024684439,0.011135059860574614,0.009701632410579641,0.002342728409448757
2019-12-26,0.005115062410053994,0.0067810877844305395,0.009284205308224713,0.0005290969913529683
2019-12-27,3.3984139657050605e-05,0.0029770786135143723,0.0006483130702390483,0.002890475381587588
2019-12-30,-0.005797596079348821,0.0004622733368915277,-0.0006483130702390483,-0.0018304725925273253
2019-12-31,0.0029416906441905866,0.0032959818895559323,-0.010102724405224528,-0.0020991260708839794
2020-01-02,0.008343895362315834,0.003285154071461349,0.001963333913343135,0.003434491151595361
2020-01-03,-0.007084909364953873,0.016072149694004167,0.030107706599462603,0.008647164393291901
2020-01-06,0.003527145194272663,0.010913635018348522,0.003483240083492767,-0.002024164109818861
2020-01-07,-0.002807175084594604,0.0035692183565130264,-0.009049830586906893,-0.0013844328108392509
2020-01-08,0.004890473485641422,-0.009203710678121979,-0.0505381043360531,-0.00419520310089333
2020-01-09,0.006633214116906316,-0.0036667071971185905,-0.000839124597836971,0.0015283735899650481
2020-01-10,-0.002859262487506342,0.0037308990396738295,-0.00876903507396154,0.0030776368087332777
2020-01-13,0.006951994045934384,-0.005859816190831424,-0.01639379375615313,-0.002018782860260296
2020-01-14,-0.0015156808368956831,-0.0038824947858762116,0.0025792759447620384,0.002805133539733041
2020-01-15,0.0018684502436876471,0.006269176242541086,-0.007238883138090735,0.002808078347119097
2020-01-16,0.008331747422232638,-0.0019992755105731064,0.012206789124634021,-0.0018421761211289839
2020-01-17,0.0038547232474837045,0.006306764371860396,0.0003417129288170173,-0.0023845882041257575
2020-01-21,-0.002655500369584729,-0.0015408479920910878,-0.003422329848016936,0.006188946051749658
2020-01-22,0.0002890342966814785,-0.0007069933514571858,-0.02780850809264379,7.019841481768895e-05
2020-01-23,0.001140326193358021,0.005961700201771336,-0.02047612725216652,0.0027213735288941004
2020-01-24,-0.00908328942619363,0.004145810767128388,-0.02550696747438419,0.005478928132305994
2020-01-27,-0.015855752356843666,0.003621512391023707,-0.019566435389934522,0.007062248745216516
2020-01-28,0.01000338350035257,-0.0048316035862789874,0.006377814828272488,-0.003243968679633985
2020-01-29,-0.0008672501435853519,0.0003823495785670872,-0.002808684727281019,0.004393760540917145
2020-01-30,0.0031294569302104946,0.008689333181302494,-0.02256666214758951,0.003384880795844341
2020-01-31,-0.017864443571362187,-0.0003789638633726611,-0.011186192093541436,0.0035747631324405727
2020-02-03,0.00722842576123206,-0.0036075310705907526,-0.0285256035539323,6.031745956057594e-05
2020-02-04,0.014869315917506398,-0.017138114161284967,-0.010028162535915985,-0.0075803189901040655
2020-02-05,0.011187778658973357,0.004761622946684696,0.022719179305944692,-0.004161120076568352
2020-02-06,0.0033201550570023386,0.004675103267282488,0.003933156721114717,0.0005247641687547784
2020-02-07,-0.005415491009459927,0.002233782116915606,-0.012442168315527802,0.006148676391366869
2020-02-10,0.007299690120573743,0.0038812607041434077,-0.015016800451462586,0.002924499573825923
2020-02-11,0.001687048686003223,-0.0057956254306672506,0.007436451476786843,-0.0038996587119735204
2020-02-12,0.006441853105203066,0.0011490897071118056,0.024331129680438046,-0.0036141261940661478
2020-02-13,-0.0016317763599893453,0.0049005356127649335,0.004873779194720651,0.0012605734653876946
2020-02-14,0.0018418360984853166,0.0048134716803991395,0.012177614175192808,0.002735841255040635
2020-02-18,-0.002924213986148061,0.010871410739791365,0.0,0.003015879490687172
2020-02-19,0.004694748284284955,0.004676547883901705,0.023543933085627966,-0.0012292178676172358
2020-02-20,-0.0038228174279968385,0.005644986085864723,0.009152914653843602,0.004221305831310055
2020-02-21,-0.010573809232820253,0.0171720154941708,-0.007465464156600987,0.005065037042979619
2020-02-24,-0.034088079420440565,0.016762556388819405,-0.03721449826539658,0.008811676278094314
2020-02-25,-0.03074790437535313,-0.015364987376213612,-0.030200632384425496,0.004441852322042999
2020-02-26,-0.0037856973235292912,-0.004198505886171766,-0.023726185874671124,0.0019216015311784972
2020-02-27,-0.045168136352262245,0.0,-0.03423417996572775,0.001080402657405323
2020-02-28,-0.008272463109652683,-0.04738567874706412,-0.05074582155134344,0.016273718163503835
2020-03-02,0.04501086876941329,0.01786897945635424,0.04349940979023037,0.0037305518817124105
2020-03-03,-0.02851048492291497,0.030796353102672036,0.009155824713162453,0.007444385327526414
2020-03-04,0.04133634936063402,-0.000609161821269133,-0.00851434538637763,0.0017496497732482801
2020-03-05,-0.03451078243998218,0.015298891788606994,-0.01899058475143267,0.00632906422780215
2020-03-06,-0.017200943652385448,0.002636957249874783,-0.10608705870803803,0.021240101275759603
2020-03-09,-0.07901041294037192,0.002212030386840702,-0.2822061341074851,0.02019388844556994
2020-03-10,0.048215052425859106,-0.009239341300194326,0.09872115738496268,-0.023925801700400255
2020-03-11,-0.05010289280860558,-0.010725720864527943,-0.04099181162807364,-0.006869391079141286
2020-03-12,-0.09994485240247286,-0.03225585264372555,-0.04591375741982695,-0.0027421218138874996
2020-03-13,0.08880840694923542,-0.047416352203101475,0.007275045336675667,-0.009674142746753572
2020-03-16,-0.12765219747281709,-0.01985668052992029,-0.10036544181943174,0.02150573411289635
2020-03-17,0.05822631263569189,0.02590818443844789,-0.06291382368438381,-0.025509635847356004
2020-03-18,-0.05322227233208032,-0.03171271975140133,-0.2799200542262543,-0.02514918275216135
2020-03-19,0.004696760970401392,0.0008795472315563657,0.21357403187235047,0.013920429015690529
2020-03-20,-0.04432762405336721,0.0036454671159331653,-0.11723794117272979,0.017281869160162423
2020-03-23,-0.02973150100957689,0.05442181862869511,0.04062582195027575,0.016757499533883894
2020-03-24,0.08968323251796306,0.05777508425392419,0.027445235677843627,-0.004953399772289188
2020-03-25,0.0114689904208225,-0.016947954536260745,0.019794441852212685,-0.003984224399244122
2020-03-26,0.06054383107424677,0.010845784249569945,-0.08031493846071402,0.004539728548897588
2020-03-27,-0.03426784554162676,-0.016005198817997446,-0.04943196923707527,0.005994891840559989
2020-03-30,0.032966590569975196,-0.0011707228298982741,-0.06829576749829736,0.007658447387036372
2020-03-31,-0.01614231078841577,-0.024085506519266886,0.01922659139750582,-0.0026733766357224546
2020-04-01,-0.04514636273278683,-0.0032895230082807814,-0.008335428522575405,0.006122431192748855
2020-04-02,0.02257265705696021,0.029653536057228536,0.22048123592623003,0.0007994605564289345
2020-04-03,-0.015252860825945014,0.004908888939362477,0.11267965442350292,0.0039042045912639077
2020-04-06,0.06796824414483105,0.026159131678807235,-0.08310550551365159,-0.008568394778516139
2020-04-07,-0.0016043390483631015,-0.007301457414060408,-0.09865167844984546,-0.005747422169368847
2020-04-08,0.033489371191285144,0.00036032405214925234,0.05995231077672747,-0.0026615596765139334
2020-04-09,0.014383470303699575,0.041633439372849246,-0.09746474714550324,0.0033998653356742694
2020-04-13,-0.010156059444677012,0.004941175038212897,-0.015497338310533681,-0.001894543048042197
2020-04-14,0.03011455957230691,0.006797057351607627,-0.10829004686870647,-0.0002587497021612924
2020-04-15,-0.022276732672368738,-0.016935449293475457,-0.012006135335279833,0.011056497653356992
2020-04-16,0.005799837839541411,-0.003944735829988666,0.0,0.002834625950011642
2020-04-17,0.026440932021320585,-0.0183018209467809,-0.0839507033545317,-0.004324941566675276
2020-04-22,0.022671300582136844,0.029647891342730937,0.3196336300150673,-0.004624814998510397
2020-04-23,-0.0005395676601960275,0.002657481434712672,0.1801421346990204,0.0006056844935355497
2020-04-24,0.013822090566839584,-0.005670027160958213,0.026317339843796805,0.0016722704213924012
2020-04-27,0.014606868181735955,-0.00675322791480415,-0.281796292695216,-0.005774548091202553
2020-04-28,-0.005256170190484077,-0.0008181536244569187,-0.03503539721256699,0.004481937375738163
2020-04-29,0.026236704045073722,-0.004159457378130504,0.199196219392193,-0.0016210927969724557
2020-04-30,-0.00925514331905486,-0.011335623435517306,0.2239400270126204,0.000508918782438961
2020-05-01,-0.02846021101477625,0.0060970674430942395,0.04868908366133429,-0.0019094679076608202
2020-05-04,0.004240822578849723,0.007291162026341169,0.030373193743799654,0.000509137964704635
2020-05-05,0.008999935197779863,-0.0014657171235512578,0.18607452688142834,-0.0019073648672076943
2020-05-06,-0.00700388039904265,-0.011922512345884151,-0.023482014223039638,-0.005177482671689396
2020-05-07,0.0114389557548904,0.022079638978609317,-0.01851127924503837,0.007769127622598672
2020-05-08,0.016730795065226012,-0.00693538005000871,0.049295569647006765,-0.004896808844300972
2020-05-11,0.00013306936679136072,-0.008575158426649132,-0.02455116732729401,-0.004209590659386901
2020-05-12,-0.020713365772047965,0.005353411843932676,0.06572883376029592,0.004662103152738995
2020-05-13,-0.01761699662428029,0.005558332693372137,-0.019189927262821538,0.002830396713994901
2020-05-14,0.011458917804072044,0.014021058879757575,0.08595632988442636,0.0029304277290049157
2020-05-15,0.003918675203722799,0.008764225555300875,0.06564914584746884,-0.002006497532431654
2020-05-18,0.031015208770073244,-0.012395415869612236,0.0780804407040212,-0.009979026823057187
2020-05-19,-0.010539747711598935,0.007134611589603601,0.02114507601674198,0.003209482607838997
2020-05-20,0.016513990613415075,0.0036626025539083784,0.03000684758886729,0.003020246929250446
2020-05-21,-0.007803968309953113,-0.01734362611469109,0.012757820017576638,0.0003165830136751557
2020-05-22,0.002350945686812267,0.008161878938070188,-0.01994998984027241,0.0019595077280928864
2020-05-26,0.012214285021459936,-0.01732899474964178,0.03254720714498305,-0.003927441739005808
2020-05-27,0.014718447490315256,0.0032209918291323802,-0.04586858541796923,0.001765009395820256
2020-05-28,-0.0021101393249196576,0.0017525415832908564,0.027061113258167513,-0.0023828237513782414
2020-05-29,0.0048007935523077805,0.013680565277693013,0.051456511865436205,0.005538549661171443
2020-06-01,0.003744216478363427,0.000518044386692118,-0.0014099269653478075,-0.0013267870177696493
2020-06-02,0.008177307282400292,-0.007277016031961736,0.03792849771134854,-0.0017110411391069017
2020-06-03,0.013556670812562288,-0.016009633407297663,0.012955634043798625,-0.007758137451682729
2020-06-04,-0.0033743890836088752,0.01235124147390465,0.0032128255389749505,-0.005623231311150444
2020-06-05,0.025874012821637038,-0.025155268002861497,0.055627630641903014,-0.007981567678953876
2020-06-08,0.01196965640580494,0.013098481927345418,-0.034992009645173905,0.00194598350225772
2020-06-09,-0.007829743419721424,0.009610330246712984,0.01944829939922199,0.005302782706359651
2020-06-10,-0.0053272557351817795,-0.0008167458702272867,0.016807115050932353,0.007823251251859011
2020-06-11,-0.060752692996288715,0.010855446283994041,-0.08591001256121711,0.009211500188408016
2020-06-12,0.012976286605210774,-0.0015600795547294766,-0.002203908129980281,-0.004409502530184735
2020-06-15,0.008277860818175498,-0.005218007981163453,0.02344072010640197,-0.000261486368071457
2020-06-16,0.018784852866710722,0.005391431183017659,0.033380639266205936,-0.0051635988563028205
2020-06-17,-0.0036067962326296055,-0.00023130821343642083,-0.011003568786034812,0.0022438178232982177
2020-06-18,0.0005940434038027576,-0.002547715531949102,0.02291769772823704,0.003790522549449267
2020-06-19,-0.0056655135656740185,0.012159065950263503,0.023159193748589324,-0.00026175961059830735
2020-06-22,0.006474093296658268,0.006166825249584562,0.017703968011296478,-0.0006471208154274656
2020-06-23,0.004298169191484291,0.008728248980421682,-0.002226900704931367,-0.00045392589379555324
2020-06-24,-0.02619526559566232,-0.003561397084781426,-0.06023766956410759,0.002440562782464339
2020-06-25,0.010899827728216849,-0.0020976074000182976,0.018507055092201075,0.0009926145605474142
2020-06-26,-0.024525204274830514,0.005884713686692855,-0.005957783031278474,0.003702764224568635
2020-06-29,0.01457888811353314,0.0012967886103742998,0.030952696007242153,2.5238094348756094e-05
2020-06-30,0.015292349435755526,0.010202426588476143,-0.010890326664015682,-0.0016178522816554042
2020-07-01,0.0050095639758716,-0.011104398270962434,0.013908410725421039,-0.0027727933153271155
2020-07-02,0.004530970476816165,0.006072237805784475,0.020629582558647108,0.0012824980097566527
2020-07-06,0.015756930832163007,0.0025192455591174223,-0.0004921372423485337,-0.001420910183171145
2020-07-07,-0.010877477869643215,0.008739973459877426,-0.000246206431532503,0.003313828882642988
2020-07-08,0.0077969862634308384,0.006243658695440857,0.006869570499373534,-0.0002641653227448554
2020-07-09,-0.005659591476195658,-0.009018817348082742,-0.0317960860448947,0.004676754501736123
2020-07-10,0.010411809774444336,-0.0005559571095261617,0.023201747435225517,-0.002685057774277162
2020-07-13,-0.009406645216058607,0.0070930414866312574,-0.011159465485959252,-0.0006518998724539623
2020-07-14,0.013317300582903258,-0.0002209103260355505,0.004727025666014573,0.002446461409198396
2020-07-15,0.009041056936354153,0.0004417718614782018,0.022334952946734266,-0.001427106338577256
2020-07-16,-0.003411915214114103,-0.007035885831272459,-0.010982435186556838,0.0017684408748555585
2020-07-17,0.0028445625875832548,0.0053230498055762965,-0.003934105076816685,-0.00152415777230934
2020-07-20,0.008371797255140478,0.004194021617198729,0.005405448458504658,0.0007994636908504486
2020-07-21,0.0016776293345603932,0.014487856747344985,0.02778957864048648,0.001284082317138585
2020-07-22,0.00573063059447243,0.011709267020526326,-0.0014308983637967287,0.0011874025686519035
2020-07-23,-0.012396378412246278,0.013322162460929654,-0.020007942807407364,0.0012847239884529243
2020-07-24,-0.006209640024275487,0.00433133636651295,0.005342441533257691,-0.0006557156599783117
2020-07-27,0.007367928821482295,0.017606154822842335,0.007479768516335916,-0.0019140876972658417
2020-07-28,-0.0064944354186469155,0.007069694974014773,-0.013552907416750415,0.0027405506442271135
2020-07-29,0.01235178335174325,0.004514937092595872,0.00558863168572854,0.00021710050346145996
2020-07-30,-0.003757301763455345,-0.005749772517706475,-0.033258449281254876,0.003717143511852794
2020-07-31,0.007641236242175609,0.010499187115099673,0.008729380655565944,0.0005076700827215778
2020-08-03,0.007155362664359899,0.0016289716145934108,0.018209112245010317,-0.0026005433984614672
2020-08-04,0.0036054230261335363,0.01774595450751537,0.016685248624930704,0.004694959468143378
2020-08-05,0.006409160435516981,0.014830529962694072,0.01168204648542659,-0.0027013029234222497
2020-08-06,0.006407126020665288,0.009993726704919936,-0.00570474248600128,0.0007022278288850245
2020-08-07,0.0006328292699571136,-0.020386772968586264,-0.017554846023437598,-0.0025035659652203023
2020-08-10,0.0027384652733921655,0.007088912486167942,0.017316387652937415,-0.001142287157491673
2020-08-11,-0.008001055401377855,-0.046407138467370324,-0.007899455066354477,-0.008093805705965384
2020-08-12,0.013899502293613253,0.0011894242271690558,0.02515551662467974,-0.0011326982236795075
2020-08-13,-0.0020492726761567326,0.011203697670107537,-0.010128375153481084,-0.004404929099338316
2020-08-14,-0.00017189739627809786,-0.010118971422733658,-0.0054600339071275705,0.0007030234775961883
2020-08-17,0.002706177507423746,0.024478529714294872,0.02073103907085505,0.002537188359837297
2020-08-18,0.002300740419816094,0.007228233622484481,0.0,0.0013791143821542135
2020-08-19,-0.004414123345181764,-0.020566184811920962,0.0009322050469902088,-0.0005527043344207349
2020-08-20,0.003153654768345504,-0.012793958632575375,-0.00818618687712691,0.0030244008640677267
2020-08-21,0.0034351999829738133,0.0004135698294724932,-0.005652433157435688,0.0004124260047023212
2020-08-24,0.009993615364901842,-0.003573017054938177,0.006591332298519159,-0.0005547313771358235
2020-08-25,0.003589899745540137,-0.008282324903756688,0.01698306641838876,-0.003448615258805117
2020-08-26,0.010144001344842835,0.01500347538793445,0.000922317716120169,-0.0004553477201104175
2020-08-27,0.0016716460318093596,-0.009890547937341232,-0.008099048618543492,-0.005647816319301737
2020-08-28,0.006710002849569463,0.02213049019313118,-0.0016277109299069892,0.0016662442399662746
2020-08-31,-0.0021973751755091087,0.001525863699362695,-0.008413244359207983,0.00350120156522822
2020-09-01,0.007496831420706229,0.0003048811432240228,0.003514065067684591,0.0020552038115390758
2020-09-02,0.015249050143870235,-0.017322181174838747,-0.02966872527393738,0.0020565707868925947
2020-09-03,-0.03575759414218638,-0.003521520380874499,-0.003378366974981173,0.0028332553679583086
2020-09-04,-0.008166280754274169,-0.0019213045878458956,-0.03944308392485052,-0.009510109697864857
2020-09-08,-0.028148829086466876,0.0047188116955227954,-0.07870261890253127,0.003599002815621727
2020-09-09,0.019944760662180983,0.006034498194198434,0.03449081242937968,-0.0018045026931787734
2020-09-10,-0.017741245925396498,0.004873179121466009,-0.019907758061094682,0.0017647582765566493
2020-09-11,0.000532930158087197,-0.00842754337538043,0.0008040357813494659,0.0015723355631064432
2020-09-14,0.0126613350250242,0.007864507194070391,-0.001877021850955174,-0.0001665744437795228
2020-09-15,0.005205785930499474,0.0016371176840062063,0.027007214569933158,-0.0007455528524715525
2020-09-16,-0.00462964689215184,0.0019915248986208667,0.0479439368880179,-0.0007449099859345045
2020-09-17,-0.008447949528552101,-0.010358510867938264,0.01996864976985302,0.0003167501312226728
2020-09-18,-0.011245576947828795,0.0062177306051101056,0.003411294402750009,-0.0009373299947906588
2020-09-21,-0.011638564027299125,-0.026420463605422384,-0.0447724413879067,0.0022484700053270164
2020-09-22,0.010463016398377434,-0.0013684804683453677,0.007350105359468007,0.0007028106766739445
2020-09-23,-0.0240073389143749,-0.020594023641089976,0.008298848989760632,-0.0011321002552053155
2020-09-24,0.002983005554629159,0.004506216653220818,0.009471682479420984,0.0009926970475849191
2020-09-25,0.01585043922418805,-0.005689815487671446,-0.0014896073327479442,0.000702787349979379
2020-09-28,0.015982191853854744,0.008095526135782904,0.008658025159889782,-0.0003602590966131463
2020-09-29,-0.004824282704444016,0.01141473966161577,-0.03279797215230351,0.0017667718131444416
2020-09-30,0.008219842568379931,-0.0035962007873946433,0.02339435782299626,-0.0030634325440322204
2020-10-01,0.005278949564294422,0.011012005311719975,-0.038008120760355535,2.6865078816338192e-05
2020-10-02,-0.00962381286637104,-0.004306089358559362,-0.04408796278486182,-0.001805443962744855
2020-10-05,0.01781310900290123,0.006452168624350385,0.05691852074276804,-0.006315518554038652
2020-10-06,-0.014072064387523397,-0.0059786335451814665,0.03630382300418189,0.0019544058004940176
2020-10-07,0.01724716377024116,-0.009247826747493804,-0.017861983587245778,-0.004098319350010764
2020-10-08,0.00797821289486933,0.002650974493883851,0.030566783797948638,0.0019530327078228463
2020-10-09,0.008755095180752903,0.0162289345389528,-0.014427446083128181,-0.0009300851757564423
2020-10-12,0.016282530158324704,0.0015616869389472043,-0.02924107339524129,-0.00016131812106352054
2020-10-13,-0.006326891629163001,-0.017843559227287642,0.019340058974347762,0.00484495703385907
2020-10-14,-0.006645172084059681,0.006755025244469692,0.020680208567116498,0.0005103877232195587
2020-10-15,-0.0015289235142130764,0.0009987659359627088,-0.0019512647911748005,-0.0008377163056295408
2020-10-16,0.0001349104566301662,-0.0012617784764215045,-0.001954986355998223,-0.0012215708808696556
2020-10-19,-0.01646466351494169,0.002941783734378589,-0.0012238218462123918,-0.0016044066600603584
2020-10-20,0.004716195320000338,0.0020959973869372206,0.015311934748149625,-0.003423464496430642
2020-10-21,-0.002198114011569885,0.007405484259195738,-0.0350999424156746,-0.0017893545260038528
2020-10-22,0.005205354003491536,-0.012285488081524853,0.015123645741958569,-0.0030294735209688414
2020-10-23,0.003439838320389299,0.00047331094982627775,-0.019630421306072066,0.0007036715344856542
2020-10-26,-0.018764472985321135,0.00036794027847353306,-0.03290686158892342,0.00386998230976877
2020-10-27,-0.0030302053504467352,0.0032008935403773364,0.025855742328293463,0.0022404612636362327
2020-10-28,-0.035925542108577346,-0.01722636925734733,-0.05666797501993415,-0.0002571727325402249
2020-10-29,0.011876524939998134,-0.0056657245971063475,-0.03317327732466602,-0.005139330443156698
2020-10-30,-0.0122037134452615,0.006305149837346313,-0.010561444981961987,-0.0023574638056508357
2020-11-02,0.012242950890591686,0.006900605880378663,0.028101034340012543,0.0010865903434997069
2020-11-03,0.01764273768407776,0.009529133397826683,0.02282893447880152,-0.003118320615198229
2020-11-04,0.02180752565509181,-0.007309871629980869,0.038801942234723885,0.01098775197218665
2020-11-05,0.019273265776702075,0.02640851034903058,-0.009237956357982746,-0.0007378403141534973
2020-11-06,-0.0002877565853740549,0.0025670000104103252,-0.043467965563270816,-0.004185331711241157
2020-11-09,0.011631974746343587,-0.05106938372025738,0.08140878243594063,-0.01309664480005657
2020-11-10,-0.0014007752208673452,0.011908134809093696,0.026210923030528743,-0.0012930181706614322
2020-11-11,0.0076227283629926035,-0.00786924825179014,0.0021736550303401714,0.0013705645928058334
2020-11-12,-0.010028651547070666,0.006375091715476344,-0.00799330481621885,0.007009503898785976
2020-11-13,0.013518546706293932,0.006971252371710257,-0.024370384276141355,-0.0007285736144627247
2020-11-16,0.011580734922832292,0.0008481832770623754,0.02970634704946651,-0.0012047314694668507
2020-11-17,-0.004803443784647143,-0.0014847284088492785,0.002174705510698871,0.003285151626811244
2020-11-18,-0.011631210647481183,-0.00585419447344826,0.009369423247755027,-0.0009205567485274353
2020-11-19,0.003938675690733362,-0.006640641601906694,-0.0019147448416401147,0.0027132999526385134
2020-11-20,-0.006815737372919628,0.0061601288354316,0.00977477878754085,0.002428307620173715
2020-11-23,0.005620108181849659,-0.018758595831691594,0.02135980317969155,-0.0026449830839596297
2020-11-24,0.016032458814033035,-0.01811942127724553,0.04206595987329376,-0.002353880983765313
2020-11-25,-0.0015856747555105244,0.0004984918223982504,0.017656588612604995,0.0004171416710177041
2020-11-27,0.002394111025902035,-0.013268076746218327,-0.003945649778886562,0.003480492757767244
2020-11-30,-0.004606140636973066,-0.0034855405676799123,-0.004181774090930457,-0.00015799056292077198
2020-12-01,0.011208140661594257,0.021394779622498916,-0.01757751165344379,-0.008539782579094405
2020-12-02,0.0017895645286039041,0.006373984885256867,0.016253270144582554,-0.0012956153511130143
2020-12-03,-0.0006243520802939884,0.006061505333917694,0.007919104684766864,0.0027068189172596577
2020-12-04,0.008797463715186638,-0.000490115944199232,0.013493108899260697,-0.00462280824521534
2020-12-07,-0.0019375134389640891,0.014008950144384968,-0.0108673101282033,0.00394530849649805
2020-12-08,0.0027832711701716306,0.004822385043172339,-0.003502627333677122,0.0014672697923694045
2020-12-09,-0.007980964948473002,-0.019539712183873625,-0.001755883183688134,-0.002630085149281136
2020-12-10,-0.0012859345277718148,-0.0005452265623926422,0.027303935187085848,0.003185126764829442
2020-12-11,-0.0012657980842316618,0.0033756623773708583,-0.0044991846202502295,0.0014679507889909487
2020-12-14,-0.00436878824514686,-0.006051591403382517,0.00897829839315234,0.00013090159878319718
2020-12-15,0.012838482022218045,0.012822831309901694,0.013317969794362394,-0.0029193275769077718
2020-12-16,0.0017712256203239463,0.0020493625621478273,0.004191137019672997,0.00032260944368200337
2020-12-17,0.0057411428089828576,0.016616724168514452,0.011229082719173444,-0.0009162873670376807
2020-12-18,-0.003517296952148641,-0.0007951443811702319,0.015185965355918984,-0.0016765398666644651
2020-12-21,-0.003913928486909413,-0.0034529504777385256,-0.028089347654327135,0.0007042016281183449
2020-12-22,-0.0020752446917704503,-0.0067275473090218085,-0.015196603221750316,0.002230125605885757
2020-12-23,0.000745533271818033,0.004330039505094696,0.023124816062136233,-0.0034843752785151737
2020-12-24,0.0035303499794867577,0.002769976349497938,0.0022833556800465615,0.0026107094822683747
2020-12-28,0.00868470753841244,-0.0014373179976940875,-0.01272840596087077,-0.00043950442042689253
2020-12-29,-0.002229864827279826,0.0013308847368813659,0.007948192279145783,-0.00015348396333700757
2020-12-30,0.00134064809508061,0.005993626012460673,0.008298834341117889,0.000894796752971457
2020-12-31,0.006418204711703623,0.0011098944610656858,0.002476248261376046,0.000894837232323051
2021-01-04,-0.014864762712026192,0.026892014283006027,-0.018723274881639718,3.638888871858991e-05
2021-01-05,0.00705763138336124,0.004105306838480871,0.047369211995845095,-0.0035795700879458613
2021-01-06,0.005693603382475487,-0.023734105597418065,0.01392227645371591,-0.008203712400761128
2021-01-07,0.0147382601077517,0.0028278319590517853,0.003942460403614234,-0.0027017907741575314
2021-01-08,0.005476837393516121,-0.041752846956852,0.027361749616169995,-0.003167998601008365
2021-01-11,-0.006576327616620858,0.008415501632621947,0.00019137374682998143,-0.0025021308748153274
2021-01-12,0.0004157020305690651,-0.003628955192789718,0.018206440557430703,-0.0005206844271655171
2021-01-13,0.0022730563867252584,0.005789249861382295,-0.005653977370224883,0.0047705785994540065
2021-01-14,-0.00376051306874281,-0.0017818664700346432,0.012396850163975959,-0.0038235278604889216
2021-01-15,-0.0072160007982784435,-0.011414407787474268,-0.022846251497574244,0.0030676799391637748
2021-01-19,0.008103457635762368,0.005560388855331944,0.011771522505084508,0.0005159789098999211
2021-01-20,0.013839417376511065,0.014249727942710066,0.0048955498497216254,0.00023232934941829942
2021-01-21,0.00031667316131311907,-0.00032159925993369143,-0.0020682644866760747,-0.001750474467587625
2021-01-22,-0.0030151526629378367,-0.005159967189823256,-0.016319159084152712,0.0017449063190704852
2021-01-25,0.003609317513017629,-0.0004311576432209918,0.009520254609766354,0.00487511914878898
2021-01-26,-0.0014899431611539171,-0.0022668798944573965,-0.0030366287481196075,4.12698397560725e-05
2021-01-27,-0.026013315126100167,-0.0031388308031132794,0.004551456100212903,0.002507846271679781
2021-01-28,0.009713298778759594,-0.003801459941890073,-0.009696783427044497,-0.0040301024745702345
2021-01-29,-0.019500377654791734,0.005101511241647927,-0.002678390513029427,-0.0033594970467921074
2021-02-01,0.015924300234678057,0.0072813890080443144,0.025533273142231305,0.0015563721214944066
2021-02-02,0.013802528814311543,-0.016417375444501836,0.02234418712239572,-0.002601200445464742
2021-02-03,0.0010082606153449802,0.000928250370819228,0.016840603173096547,-0.002407967916426866
2021-02-04,0.010794847643921912,-0.023916484486412593,0.009649841221180289,-0.0007092166807877986
2021-02-05,0.0038899196077633036,0.012223053284327712,0.01096577919291164,-0.0028722710420736007
2021-02-08,0.007372107476289358,0.01152972018956877,0.019509463053031695,0.0009880337414303513
2021-02-09,-0.001114145421722057,0.0018542895508142365,0.006705077703835549,0.00032855901846828546
2021-02-10,-0.00034524452239104164,0.0028836096711604142,0.005468224362484619,0.002308888220214648
2021-02-11,0.001661074814588659,-0.008566387767498185,-0.007526525767199921,-0.0023092915801788574
2021-02-12,0.0046999709261612566,-0.001809982026078849,0.020899571536611816,-0.0039006919313458563
2021-02-16,-0.0005694345154143576,-0.013485351319986627,0.009705531576051918,-0.009208048631874218
2021-02-17,-0.0003204533489178374,-0.014629062349107436,0.017988770658914355,-0.00013541748956676317
2021-02-18,-0.004425614227242747,0.0012978130348191286,-0.010192409995839924,0.001361341169825944
2021-02-19,-0.0018566190956654793,0.0013524313819193168,-0.021376878751063977,-0.005358791932436861
2021-02-22,-0.007762892893710571,0.01725089665910584,0.037277569529027055,-0.0022754977655728725
2021-02-23,0.0012555296115266401,-0.001273809689207539,0.0029229720502677026,0.0007999109625058036
2021-02-24,0.011287667670986323,-0.004443464260402763,0.024823166784056383,-0.00245870491081959
2021-02-25,-0.024783394424172656,-0.012322324448977184,0.0048914899675640555,-0.011871258137750734
2021-02-26,-0.004761532293798609,-0.02643982642289977,-0.03247504125137546,0.005438466436206464
2021-03-01,0.023512173225693545,-0.0032458010444411656,-0.014082443543520284,0.0013570690908446803
2021-03-02,-0.008113678739508856,0.006134974480583644,-0.014785540457332047,0.002938564559677423
2021-03-03,-0.013152335894801581,-0.010323677486388405,0.025284314700625643,-0.00504130928070919
2021-03-04,-0.013508038064390604,-0.008842158417798451,0.04076982244214733,-0.0073259820983515396
2021-03-05,0.019308356338710198,-0.0012947745929183796,0.03479406611702185,-0.00030764371212876765
2021-03-08,-0.00537364322402567,-0.01202730919914341,-0.015861142198869693,-0.003806081288094559
2021-03-09,0.014055400743931301,0.022921797389634513,-0.01611689734524724,0.004679502017299347
2021-03-10,0.006012203770987767,0.00285042771679489,0.006695241667977747,0.002464944450000031
2021-03-11,0.010341825500656654,0.0004646314136564911,0.024223079382547752,-0.0005865713795543915
2021-03-12,0.001014883327531635,-0.001627084319913763,-0.0062295429183159,-0.009865214355350116
2021-03-15,0.006470939539413578,0.005451831359563286,-0.0033588004203428667,0.0026419483155746457
2021-03-16,-0.0015709169785971255,0.0009827728334723673,-0.009063681785908884,-0.0012238554326561139
2021-03-17,0.0028752446501592033,-0.002198142107380896,-0.0030912632851167743,-0.0017732635925320989
2021-03-18,-0.014870560065947558,0.003122235750465663,-0.07386982494603878,-0.008075247307456799
2021-03-19,-0.0006028856737536614,0.005297152705863617,0.023390922978548723,-0.00011426057877887532
2021-03-22,0.007000556898342225,-0.002069427911533417,0.002114355034371407,0.004469325966430617
2021-03-23,-0.007660118119334314,-0.007566879516500258,-0.06355337470977851,0.004293914542628127
2021-03-24,-0.005482336600348248,0.004743225748486957,0.057523878185677724,0.0022731357147392646
2021-03-25,0.0052265834327283045,-0.004627227810274803,-0.04376845060685586,6.404761757169451e-05
2021-03-26,0.01649441865871637,0.004223156783957904,0.04033006683703366,-0.004158327587388475
2021-03-29,-0.0008683896263868007,-0.011671575757387309,0.00963037133775213,-0.00551606512843873
2021-03-30,-0.0031628294096499587,-0.016608126836268333,-0.016542873879904718,-0.00038912915882099476
2021-03-31,0.0036159535924209507,0.017600609611378104,-0.023223822135586936,-0.0017593572049315264
2021-04-01,0.011755830427674141,0.007383082103883609,0.03797821316429939,0.006213322215719753
2021-04-05,0.0143349877622434,0.0002895613166309374,-0.04663624731148275,-0.003685372879300177
2021-04-06,-0.0009740049407973572,0.008361011659377304,0.01152751001658281,0.0059440341267115145
2021-04-07,0.001474145698107776,-0.0008042420147873486,0.007388759362158659,0.0003411873094708365
2021-04-08,0.00421175094059123,0.009551431317730064,-0.002848322025607253,0.0019959490776882325
2021-04-09,0.0076902881356879504,-0.007714103350808799,-0.004709036344145545,-0.0030551836359899013
2021-04-12,-0.00019609807474019192,-0.006965115310813452,0.0063855210529482065,-0.000759375619462159
2021-04-13,0.0032890718770630656,0.008627188966826793,0.00800804309483727,0.0048485426408227126
2021-04-14,-0.004096104320730376,-0.006492181509603512,0.048172796686320574,-0.001313997174445889
2021-04-15,0.011033101401119794,0.0174275185107291,0.00489689876893884,0.010043885017230839
2021-04-16,0.003602323390516915,0.007674101250506382,-0.005213662429376598,-0.003903754855225838
2021-04-19,-0.0053206898937574465,-0.0054108888186163995,0.003952261816502656,-0.0025154317985355903
2021-04-20,-0.006825561005078029,0.004454866391930601,-0.014942297461873366,0.003661218853889786
2021-04-21,0.009263020919853204,0.008404352241679014,-0.01761092736824299,-0.0001224924355082868
2021-04-22,-0.009253337860554822,-0.0062124714463314135,0.0013031738584805552,0.0009849259657986735
2021-04-23,0.0108694098955322,-0.0023607178798457085,0.01149157399900158,-0.0011372643744052267
2021-04-26,0.0017806845645829128,0.0012372484577465315,-0.0037081790762316658,-0.0002144534599794078
2021-04-27,-0.0002149189814453223,-0.000674660538547478,0.016500154750741736,-0.0047200153468685765
2021-04-28,-0.0008458975873963936,-0.002703340739679483,0.014511327027076248,0.0002483178134131488
2021-04-29,0.0067400415367036,-0.002880286458204928,0.01784794023211944,-0.0017733964979091258
2021-04-30,-0.007220713417121161,-0.00045252405155782327,-0.022242152794524905,0.0008924101186437906
2021-05-03,0.002744321649512216,0.013544464845169024,0.01421115561541697,0.0022736426447835414
2021-05-04,-0.0067007374898473415,-0.008746397574940445,0.018436604172652693,0.001445393650005287
2021-05-05,0.00070321644711413,0.004663019601776064,-0.0009138774338097733,0.000800342468835537
2021-05-06,0.008132299498631923,0.01744683915797829,-0.014117131715124742,0.0021846864932119204
2021-05-07,0.007346291419187523,0.008555953960273754,0.002931912300259576,-0.0014129150363355767
2021-05-10,-0.0104904805031385,0.0034890862723271354,0.0003080672203283896,-0.0022389564468262226
2021-05-11,-0.008711750141781494,-0.000871114322687383,0.005529977514751039,-0.0019595181200212897
2021-05-12,-0.021682782358302788,-0.007270798097462006,0.012180464966032645,-0.006441122252641727
2021-05-13,0.012099644578093205,0.000658223605463526,-0.03479954085411041,0.0025446199922647683
2021-05-14,0.014807778563623586,0.007701365482795097,0.023996863572300242,0.003099133727530136
2021-05-17,-0.0025332581839609958,0.01597700925187162,0.013673775804153188,-0.00039453991514874635
2021-05-18,-0.00855377238403321,0.00016065581069657497,-0.011839828833954513,-0.00011866815646935418
2021-05-19,-0.0029477518113782963,0.007201759353875126,-0.03306466947153197,-0.003693880730297143
2021-05-20,0.010499429334508648,0.00026573834868415247,-0.020892257784187684,0.004570467992265667
2021-05-21,-0.0007841880752526009,-0.002713902241079147,0.024358484926824353,0.0002486820275556911
2021-05-24,0.009862497481215371,0.004200694539000516,0.03811309289020404,0.0022735592223973736
2021-05-25,-0.002127545400828268,0.007137789140429618,0.0003027042507328659,0.004122334632824959
2021-05-26,0.0018750575506114586,0.001684515438402201,0.002116713686307392,-0.000859861678580945
2021-05-27,0.001164636089862725,-0.002949750706768839,0.009619785613413256,-0.00325040592825605
2021-05-28,0.0007685864528870212,0.0035806730456284797,-0.007959774497063421,0.002736524435274
2021-06-01,-0.0004924547586302452,0.0002102404020440929,0.020890069065199413,-0.003065289330556415
2021-06-02,0.0014458890369013488,0.0024144330207267473,0.01625814772216483,0.0022748028315254356
2021-06-03,-0.0036353030560487554,-0.019213573983194898,-0.0002906752788502942,-0.00306330549062605
2021-06-04,0.008795303383015707,0.009891119010829286,0.011702874100351757,0.0060612275716039
2021-06-07,-0.0007970562694215033,0.0036972523073179886,-0.005617578654828037,-0.000768045298251592
2021-06-08,0.00017500954944082991,-0.0024281340281699926,0.011774973168924063,0.003850995624848398
2021-06-09,-0.001825532590615353,0.0005283457753790799,-0.0012856792844759823,0.0036717125042997328
2021-06-10,0.00464145477646305,0.0005280667735245714,0.004705917148854155,0.0028410825726483675
2021-06-11,0.0019465389328079397,-0.008908706107218833,0.008781964747559101,-0.0002202628721167474
2021-06-14,0.0018135563851373604,-0.007163137661542862,-0.0004232514132960219,-0.003550857460570893
2021-06-15,-0.0020137199542773487,-0.005109598315891084,0.01734316887153753,0.00024466175578764766
2021-06-16,-0.005404703747025508,0.0026925164354798525,0.000415869949966563,-0.006395585679297132
2021-06-17,-0.00043581054367258787,-0.04718346889536029,-0.015504194797176574,0.005426549201964326
2021-06-18,-0.013211355687284154,-0.00333175014814735,0.008410457101401647,0.005719252536649036
2021-06-21,0.013905163512319518,0.007831701368744781,0.027806392060502283,-0.0030913722712806067
2021-06-22,0.005111406378990324,-0.0030915399958519885,-0.008178972782629579,0.0011709500322638448
2021-06-23,-0.0010838705186486663,0.0033721157314259287,0.00027376861460837176,-0.0013306053971425694
2021-06-24,0.005794429545916913,-0.0037663122158093643,0.003005893961120165,5.9007936053805884e-05
2021-06-25,0.0033250631646861706,0.0005630313834590339,0.01017993139952278,-0.004467144859919178
2021-06-28,0.0023122888604731884,0.0016871946194525478,-0.015514727879787138,0.005434254510855434
2021-06-29,0.0002772977426861445,-0.00948512454602124,0.0009596229601500639,-0.00012661547549279665
2021-06-30,0.0013272784229076962,0.00452796776501696,0.006691699240879423,0.0034926606214663158
2021-07-01,0.005208041432254618,0.002875900975945811,0.023672955947228402,-0.0033702052187922407
2021-07-02,0.007472095894691222,0.003765608592876113,-0.0009309089249587288,0.004609135074977435
2021-07-06,-0.002023902770021735,0.006096058971481355,-0.024104053108866985,0.0057392026804199605
2021-07-07,0.003353346553662817,0.00445063321581074,-0.01607516652991059,0.00463037423465212
2021-07-08,-0.008597881009555053,-0.0010552467875140081,0.010197215221300127,0.003139427689354013
2021-07-09,0.01121482590241385,0.005762440859236939,0.02196691878118706,-0.006287899404345803
2021-07-12,0.003445232695593603,-0.0024892835423582227,-0.0061886259232695195,-0.0005985168005358448
2021-07-13,-0.003523011181165714,0.002157750367033806,0.015400391919102141,-0.004778840654632914
2021-07-14,0.001164256565468591,0.008201066475029606,-0.028577261903654616,0.0055561912166330815
2021-07-15,-0.0032675735627449853,0.002244902250705394,-0.020445466154863645,0.005570433632864393
2021-07-16,-0.007567415006812794,-0.0076313331571569165,0.002230532553620712,-0.000228988162748915
2021-07-19,-0.015996781399984172,-0.003201619485909468,-0.07802551974330907,0.011244358089158012
2021-07-20,0.015048806004799076,0.0012156445618103362,0.014943494266210777,-0.0025830202028974463
2021-07-21,0.008208041662143728,-0.004427479639319998,0.04183015958012426,-0.006596433388472944
2021-07-22,0.00201463920924283,0.0011640986772754047,0.022643545813575194,0.001455630551485742
2021-07-23,0.0100943323862559,-0.0019964378645118686,0.0022224766612248814,-0.0019144667964364039
2021-07-26,0.00237936692272811,-0.0014999993148858692,-0.0022224766612248814,0.0009870633692892704
2021-07-27,-0.004723583382176599,0.00044469393150237124,-0.003622212470221875,0.003990417629276563
2021-07-28,-0.00018627923155278836,0.0,0.010274984303148216,-0.0024802619722684625
2021-07-29,0.0041973318452726005,0.017462614454720082,0.016848605384812032,-0.0006990559058573778
2021-07-30,-0.005420713608261352,-0.01020919782220897,0.004472382630526184,0.0028637771643184088
2021-08-02,-0.00184450567006067,0.003029721145291653,-0.037053957733289344,0.006165165300944625
2021-08-03,0.008169961338918341,-0.004409907432068039,-0.009871813057557688,-0.00014157721314633851
2021-08-04,-0.004643150661296502,0.0002209713408758418,-0.0347521965655595,-0.0007056941769260062
2021-08-05,0.005987485990420538,-0.00298707183632807,0.013698768963243069,-0.003051252459655089
2021-08-06,0.0016738645485290249,-0.025302169337170888,-0.011793069447452176,-0.0067797858836869465
2021-08-09,-0.0009403502649565354,-0.021014711060311164,-0.026715679005755888,-0.002470812049131337
2021-08-10,0.0009921869538640493,0.003128456464730256,0.026862155336878857,-0.002279938899951074
2021-08-11,0.0012749307180150993,0.012416792738750182,0.013959788687986752,0.0012668067858743802
2021-08-12,0.00413780773547856,-0.0008001511567643504,-0.0023131955716575447,-0.003487684206042862
2021-08-13,0.001606016320923942,0.014868869094078363,-0.009452464799585059,0.006599381555930835
2021-08-16,0.002617422261993241,0.006569223434738092,-0.016945833890281925,0.0037992344448306127
2021-08-17,-0.007085743507136755,-0.0010638733336794104,-0.010457289678278414,-4.3812876207391426e-05
2021-08-18,-0.010806652845255726,-0.0019065919740288706,-0.017115106040668238,-0.0013543418105003858
2021-08-19,0.0012559032561583194,-0.000786133143328982,-0.027411712265815957,0.0029572630322211284
2021-08-20,0.008108603890741861,0.00044931419327998157,-0.02174514615558376,-0.0016369515343644815
2021-08-23,0.008487667984411473,0.01238783291725376,0.05190286025784374,0.0005185186504988449
2021-08-24,0.0014946188019617779,0.0013300957751090081,0.02853477158933604,-0.003223958982243086
2021-08-25,0.0022176574032517493,-0.009683432986546947,0.012067838663122998,-0.004799777484701952
2021-08-26,-0.005841949827603443,0.00223438820984434,-0.013846184528889971,5.3253968556721994e-05
2021-08-27,0.0087690715404527,0.013522720423364554,0.01938955769773454,0.0028561839413885947
2021-08-30,0.004297324106874001,-0.004192402233391235,0.006814107280795234,0.0025781925768714096
2021-08-31,-0.001350026915892144,0.00331126130365611,-0.010311602357339744,-0.0017249309602750896
2021-09-01,0.00031164006095174557,-0.0010473937325583549,0.0013129528517472622,0.0002387015899885033
2021-09-02,0.002838605754405421,-0.0024297457991773186,0.020205646059582527,0.0007998056960499589
2021-09-03,-0.00033508726118114396,0.01219933438580334,-0.010051735327239797,-0.002563385782328296
2021-09-07,-0.0034013524523217598,-0.019301359933995066,-0.013659068006801611,-0.004418959964865818
2021-09-08,-0.0013194368138158552,-0.0028997250439291022,0.013803409387297627,0.003414106412068573
2021-09-09,-0.004616247150002195,0.0037346122321668673,-0.016880546957262155,0.0033251919304392334
2021-09-10,-0.007752552286277137,-0.00434907227353154,0.022922834884966825,-0.003866739296210622
2021-09-13,0.0022739003463705387,0.0013401970011459596,0.010415956866150822,0.001640567702261878
2021-09-14,-0.005763213966258007,0.007062031376286804,0.00014196489289464154,0.004451655323568594
2021-09-15,0.008438294222079534,-0.006838828378295858,0.030057501878528292,-0.0024730031830364615
2021-09-16,-0.001552344712765219,-0.021314620752901803,0.0,-0.002468443001984688
2021-09-17,-0.009152630275798046,-0.0029680108385328197,-0.008853279317054152,-0.0035802216262863368
2021-09-20,-0.017123077726381553,0.007063155449170466,-0.02361982826817499,0.005754504416814948
2021-09-21,-0.0008126886585468895,0.008027603161512964,0.00383382288529166,-0.001348663640161413
2021-09-22,0.009474585224218401,0.00039403900726320273,0.023392141440261582,-0.0010672584108954279
2021-09-23,0.012061680369937378,-0.016457073725568705,0.014705131988040243,-0.006826339987420913
2021-09-24,0.0014599428113637458,0.0011437069101942754,0.009234181254130114,-0.004580467695045048
2021-09-27,-0.0027802439201884965,0.00017147117355520436,0.019675312985898863,-0.002164825937873147
2021-09-28,-0.020574317739892933,-0.008147357577374947,-0.002122808744394078,-0.004560107425156964
2021-09-29,0.0015679543362843162,-0.008272426561606316,-0.006128437460249714,-0.0005855555515056114
2021-09-30,-0.011981202945015923,0.01944380650125943,0.002669118726309705,0.001169991698302018
2021-10-01,0.011425952113334858,0.0009679989072592932,0.011265091582320252,0.004692612294144501
2021-10-04,-0.013070952048643392,0.005222509201740166,0.022672052455314784,-0.00012656636715465552
2021-10-05,0.010469517498600922,-0.003743821789051971,0.016736226260983145,-0.004376598247367778
2021-10-06,0.004094399349623856,0.0005113629953221732,-0.019187081246777815,0.0005228101457241455
2021-10-07,0.008264039225066355,-0.001477930901064184,0.01117333563200873,-0.004273213586348248
2021-10-08,-0.0019155566024213755,-0.000910577464654061,0.013320785770737587,-0.0030672743105215968
2021-10-11,-0.006889441644339911,-0.000968454449424172,0.014637131338218978,-0.0007643543066842716
2021-10-12,-0.002419705686554252,0.0021065641406039504,0.0014892376733053325,0.0031976276171615465
2021-10-13,0.003017955870230793,0.019933037412386057,-0.002483201499114074,0.002924299053739734
2021-10-14,0.016919162285711664,0.00167112342901099,0.010757384938741232,0.002834982197977244
2021-10-15,0.00743252063718991,-0.01655527628627862,0.011859069754950546,-0.005194129371228076
2021-10-18,0.003369087801804227,-0.0013589483086544618,0.0019427356878063406,-0.0006746281837244861
2021-10-19,0.007366142784235308,0.0027726159189187527,0.006287767248904785,-0.004624406800782338
2021-10-20,0.003657333598560797,0.0081040596104609,0.010909460858902875,-2.7026254170603223e-05
2021-10-21,0.002991393168359835,-0.0016268056619157534,-0.01646972040377115,-0.0036037325847636027
2021-10-22,-0.0010731292246628499,0.007996267631640741,0.01515729872583016,0.001994611074049171
2021-10-25,0.004736959440853283,0.005830920310793353,0.0,0.0019038230005345924
2021-10-26,0.0018181414322437917,-0.007391618953336732,0.010569534538419134,0.0015365987746967296
2021-10-27,-0.005064370371105298,0.0028964946878655695,-0.02378927321801605,0.008380449033622374
2021-10-28,0.009781288424184353,0.0020558146825893076,0.0018129441767182897,-0.003535915915409301
2021-10-29,0.0019474372317169752,-0.010377806530908806,0.009135802798019732,0.0010772095519868878
2021-11-01,0.0017984589459025813,0.006763378213492821,0.00572729580185527,-0.001597596813242575
2021-11-02,0.0036736071203886667,-0.0035716453755405553,-0.0016670566381833396,0.0024625541072252834
2021-11-03,0.00644049461288887,-0.014131911060620617,-0.03702556776440247,-0.0027036008694220877
2021-11-04,0.004173222342817695,0.016533033964661215,-0.025679410373699696,0.00514612188893539
2021-11-05,0.0037258500452850285,0.012966339059569343,0.030737042071998566,0.006646509431830619
2021-11-08,0.0008873940607010411,0.00603767125981669,0.008088324419384563,-0.0040147154242210605
2021-11-09,-0.0035049109263987077,0.0015310188776389566,0.02673571089110105,0.006095319725975568
2021-11-10,-0.008259842163861109,0.009462262540359312,-0.033963083312826825,-0.01175186179552795
2021-11-11,0.0005507883329887164,0.00840792702102,0.0030688050995824057,6.190475963410877e-05
2021-11-12,0.0071966975641295505,0.0025194048720464934,-0.009853453732612039,-0.0019655139840331934
2021-11-15,-1.0739878016252646e-05,-0.0009641397790911554,0.0011133339296822697,-0.0037077170106816423
2021-11-16,0.003857779057126365,-0.006720997509486182,-0.0014847208572588144,-0.0009466220885295421
2021-11-17,-0.0026050154828958227,0.008648283108735555,-0.030168219030816346,0.0028264024705718428
2021-11-18,0.003379064740171245,-0.004663986413491195,0.008260852906700755,0.0014454850949552837
2021-11-19,-0.0013996446049873157,-0.005279926579310867,-0.0375262089554429,0.004958681753314616
2021-11-22,-0.003202258316960638,-0.024719596086009155,0.008505141650638315,-0.008122853103095337
2021-11-23,0.001655761383194232,-0.01253672917798454,0.02254523832105626,-0.0037893672136054073
2021-11-24,0.0022912237766679056,0.00033634689746619983,-0.0014022643738220708,0.0020870970674744583
2021-11-26,-0.022987011159321113,0.0006724229725980635,-0.139985179881994,0.015162407719236489
2021-11-29,0.013113836082823127,-0.0016818032430743202,0.026069476951239068,-0.004376322054306896
2021-11-30,-0.019143381187848973,-0.0048933268890927195,-0.05540235037902086,0.008134988101100882
2021-12-01,-0.01188554145795706,0.004500457702866889,-0.00926003748343529,0.0008929207200237311
2021-12-02,0.014094638396057846,-0.011800393739535231,0.014083678040478276,-0.0012420844272096785
2021-12-03,-0.008484455141738678,0.01202489953057917,-0.0036155185499371356,0.009852017523614136
2021-12-06,0.011662599309685717,-0.002528446353358582,0.04759639747281241,-0.008396066983872947
2021-12-07,0.02049560318625332,0.002865076323460336,0.03617753821695757,-0.004204258164255291
2021-12-08,0.0030805355865854978,0.00044870938953955886,0.004293304160383649,-0.0026236931775636615
2021-12-09,-0.007206988232523415,-0.004946636746660182,-0.019819185201463085,0.0020971043199135954
2021-12-10,0.009503769118209604,0.004666234090445087,0.010237740696854125,-0.0001261734955894404
2021-12-13,-0.009178158342793452,0.001905203055442506,-0.005316146485581541,0.006097463180428694
2021-12-14,-0.0074987228546241624,-0.008940945262644107,-0.007886219462695188,-0.0012431430953320228
2021-12-15,0.016216267351891744,-0.004415545712583402,0.001977393068239408,-0.002260805970754799
2021-12-16,-0.008781863311112303,0.019105998391674817,0.021082728611518498,0.0038672875932457373
2021-12-17,-0.010340964584054646,0.003999601595126023,-0.021223872138086186,0.0019164990437292393
2021-12-20,-0.011453398323256536,-0.005615079468241468,-0.03782170802322238,-0.0015240552936681973
2021-12-21,0.01762175538519628,-0.0032387379200198296,0.04148422979704236,-0.006240523814256139
2021-12-22,0.010128728029126677,0.007633384981113878,0.022797753185247238,0.002841286546585129
2021-12-23,0.006204412685251626,0.005314436655822874,0.014056850467597748,-0.0032748061428984477
2021-12-27,0.013744051573606697,-0.0017130253953698826,0.02383614151683311,0.0011708088863757397
2021-12-28,-0.0010106653988870562,0.00116075276468397,0.0054108169469753165,5.876983915056502e-05
2021-12-29,0.0014009134018575509,-0.0028213310498177435,0.007604523314618028,-0.005666146779586926
2021-12-30,-0.002994233841905114,0.004201441162821951,0.005600800287199448,0.0026503725974939135
2021-12-31,-0.0026296343734735217,0.008131493091743103,-0.023391326877737484,0.00033757185914513356
2022-01-03,0.006353824170387767,-0.015495623073023879,0.011501253639260689,-0.010604807719417996
2022-01-04,-0.0006298202522039276,0.008081062124172256,0.011890073238476795,-0.003605538141279941
2022-01-05,-0.019583264304500858,0.00582641985579091,0.011108363136662192,-0.0033223407644393604
2022-01-06,-0.000964233740180731,-0.0198716998297801,0.020469860184824107,-0.0024929999183571864
2022-01-07,-0.004058441082335662,0.004629536082466856,-0.007072491673356218,-0.00339972819231667
2022-01-10,-0.0014420705375393084,0.0007787864912476294,-0.00852799858316633,-0.00075083187855421
2022-01-11,0.00911828645239865,0.01116956659235857,0.03750828867967382,0.003177951546907363
2022-01-12,0.002813792014666916,0.00471775287160181,0.017332280137976497,0.0019905616982221156
2022-01-13,-0.014346029234399538,-0.0032891160891033167,-0.0063121918290258705,0.0013502157071731032
2022-01-14,0.0008196442695904693,-0.002584024988407485,0.020490013259388817,-0.005499651436488946
2022-01-18,-0.018559105398008313,-0.002314788905823484,0.01902569187968073,-0.008378042479050087
2022-01-19,-0.009736790941460072,0.01685213955594911,0.0177509015490509,0.0035326998746104043
2022-01-20,-0.011098742304332276,-0.00032557824789059,-0.0006901824544431889,-0.00047343826594367297
2022-01-21,-0.01909599532463524,-0.005824228438788381,-0.020461096599159845,0.007931950454343296
2022-01-24,0.0027679047582704897,0.005389914964327502,-0.021728392549470676,0.0011666375838160293
2022-01-25,-0.012246590556866721,0.005954976611818985,0.027116704640271827,-0.004309745578909164
2022-01-26,-0.0014977569258860512,-0.012382674325461807,0.02023775378949466,-0.005839134023232332
2022-01-27,-0.005398635199970414,-0.020203808692924596,-0.008507729721423551,0.003808854108839676
2022-01-28,0.024055967914735632,-0.004695120268888964,0.0024217169663280913,0.002352356523249434
2022-01-31,0.01870982622298456,0.005642617008804862,0.015202919797498993,7.071428355716523e-05
2022-02-01,0.00683956034831823,0.0029483228634132885,0.0005670022584096657,-0.0015698551763186036
2022-02-02,0.009378400448323276,0.004931386829102102,0.0006800996329197062,0.0031756019955148447
2022-02-03,-0.02469347172011993,-0.003432787411576932,0.022518114077128004,-0.005482009200661415
2022-02-04,0.005143678439862853,0.001994667998608257,0.02234730943178942,-0.009253606230733876
2022-02-07,-0.003708580927828109,0.007719491459363681,-0.01078263323438744,0.0013451279277932173
2022-02-08,0.008366113466633962,0.0032901982304380795,-0.021696656728566133,-0.0033605663732059064
2022-02-09,0.014412842079265076,0.004697138876945672,0.0033516179804982116,0.002341312299951124
2022-02-10,-0.01828182448505622,0.0005447513489835742,0.002450637187107141,-0.009112153690546665
2022-02-11,-0.019151682638085532,0.0025020941289906062,0.03519875113453885,0.006953381049030497
2022-02-14,-0.003847990755629027,0.014668053542140846,0.025033134093715326,-0.003622493598454516
2022-02-15,0.015643717646064204,-0.007091439946204758,-0.03615814800191064,-0.004331937415871796
2022-02-16,0.0008808197202831991,0.008268451050257752,0.017122088870282326,-9.886541674174589e-05
2022-02-17,-0.021400504136936505,0.01617686277440189,-0.020494746753687565,0.006857786258049281
2022-02-18,-0.007191961663865598,-0.0011054540785266909,-0.007548057873018266,0.003699736007335966
2022-02-22,-0.010194735435016256,0.003942497337925843,0.013957251893741862,-0.0013707553392547885
2022-02-23,-0.01858373574878769,0.001625023629923561,-0.0027107634288379145,-0.0025423358402745983
2022-02-24,0.014846105252724229,0.008293621186042266,0.007679439608249794,0.0008014036394085161
2022-02-25,0.022126080551265304,-0.020254641338243395,-0.013232310870709085,-0.0014568142971183931
2022-02-28,-0.0024455914631271725,0.00681479925805295,0.044105220361855935,0.013449894167383597
2022-03-01,-0.015594467786611332,0.022386274771780457,0.07727442881735058,0.012160193615200383
2022-03-02,0.01847104678065037,-0.011130495531632256,0.06721837068148417,-0.014284952725382818
2022-03-03,-0.005268520744245109,0.007003374578962607,-0.026849098470408173,0.0019837561074995047
2022-03-04,-0.007965684543002283,0.015745908688366228,0.07175678422710519,0.011052160123904605
2022-03-07,-0.029962586814415104,0.01454940988733533,0.031651452689499315,-0.002398551987051058
2022-03-08,-0.007260043975698238,0.022906282220362506,0.03538004098974756,-0.010918451830565556
2022-03-09,0.02537359812214035,-0.02692659011377163,-0.1292674886756897,-0.006800935189897366
2022-03-10,-0.0043010499202473795,0.00612449262362702,-0.024964042155666277,-0.005603857043659536
2022-03-11,-0.013046278933238398,-0.007737189270017986,0.030743124297906377,0.0007112659626080886
2022-03-14,-0.007448675095533375,-0.011719169211707126,-0.0595447565606646,-0.01210500371632952
2022-03-15,0.021182629724146196,-0.01599785965743994,-0.06590501300543394,-0.0017051787736232734
2022-03-16,0.02213692164839287,-0.01068692564005147,-0.014623213380847488,-0.0024168973940853415
2022-03-17,0.01227220506870097,0.01771427625221378,0.08023696196850416,-0.0002706163091322418
2022-03-18,0.01159481441188781,-0.007182949353329526,0.016564261512939105,0.004027559934019565
2022-03-21,-0.00043475485430199967,0.00020743851021265414,0.06847066206454233,-0.014745774268482177
2022-03-22,0.01124069955407414,-0.004104660928568649,-0.0032160167302421883,-0.005044327261906764
2022-03-23,-0.012348630252494885,0.00824416808200823,0.027969515972833925,0.004711011524694541
2022-03-24,0.014242012281618699,0.012826608725130306,-0.022793295530145308,-0.0016818439498924157
2022-03-25,0.005053380704236332,-0.003984235085693122,0.013790929343949543,-0.013199345003294312
2022-03-28,0.007119551020043247,-0.007294465566171304,-0.07225922808623242,0.0014203598550798977
2022-03-29,0.012182044101392009,-0.01433193903268748,-0.01636574344035413,0.006907823332607161
2022-03-30,-0.0063135889990899585,0.011182017436005331,0.03376725486989951,0.0038173630941238704
2022-03-31,-0.0157763352268816,0.00808717487165822,-0.07249690607595749,0.002845126581279522
2022-04-01,0.003404420961462762,-0.015562693516429249,-0.010122884331710047,-0.004334561418040494
2022-04-04,0.00805838253213409,0.005249070482197915,0.03960035793359484,-0.0029990781004420814
2022-04-05,-0.012631159074006248,-0.0032709080317570027,-0.012863164190395793,-0.012540053688603645
2022-04-06,-0.009764433912478054,-0.00234295785350902,-0.057839376275845567,-0.004537139156807211
2022-04-07,0.004244365552036555,0.007995486299765986,-0.0020805643145935804,-0.0036518109663411093
2022-04-08,-0.002654546675552538,0.004025358538915391,0.022956418542896984,-0.005206001401838792
2022-04-11,-0.01702133458469568,0.001389677377058085,-0.0412418992938095,-0.0057066354109756605
2022-04-12,-0.003423300530453588,0.014196912221042801,0.06477709331057291,0.004896294789348298
2022-04-13,0.011112603268902177,0.004502815262256377,0.035639618181054544,0.003421041754315835
2022-04-14,-0.012218480383507924,-0.005111464112836472,0.025569546315068692,-0.012100077215731827
2022-04-18,-0.00020488927240691623,0.00607012833134668,0.011712368128923956,-0.0028263829429333682
2022-04-19,0.015930044749387307,-0.0138122712855413,-0.05362580575520681,-0.004283252905478459
2022-04-20,-0.0006186664061829106,-0.0017399709321992418,0.0018508840086477463,0.006431806178387842
2022-04-21,-0.014862855551310616,-0.0037976152973984156,0.010070782421812474,-0.006524291281074672
2022-04-22,-0.02813207637736781,-0.0071725709734078436,-0.01671078637261747,0.001064431925673989
2022-04-25,0.0056817651441125605,-0.01976951018774109,-0.03519628301880129,0.007041949665386046
2022-04-26,-0.028550008928597492,0.004321976524201965,0.0315647066403244,0.004800157971314279
2022-04-27,0.0020958490249647355,-0.00818529630107978,0.0031415665430554185,-0.0038744239541305746
2022-04-28,0.024445655340832317,0.0014835623851352508,0.032214223637917705,-0.003777301957897189
2022-04-29,-0.03695915978469522,0.010847972444223863,-0.006379437576433666,-0.0019581586349266666
2022-05-02,0.005659199293818418,-0.025192920384565554,0.00457444546990704,-0.009243992438748502
2022-05-03,0.004825465075359858,0.0037527518532813886,-0.02659367127486867,0.003215339479170709
2022-05-04,0.029425221557326964,-0.0009636752202482057,0.05138599605893379,0.0038238494592541753
2022-05-05,-0.036300677564099715,0.0037423192566450325,0.004165365195665238,-0.012632868733840275
2022-05-06,-0.005690384413952643,0.0038346613166861943,0.013851476016464304,-0.004741825034403723
2022-05-09,-0.03256151953960362,-0.012893727062383675,-0.06278487953283118,0.0038863422984412883
2022-05-10,0.002454881760408867,-0.009304882483388788,-0.03283503479939398,0.007507147544351736
2022-05-11,-0.01660023209569772,0.0068788090723765904,0.057932164334348,0.006323560145683603
2022-05-12,-0.0012968049941122217,-0.015667781369351985,0.003965244774492227,0.009124492570499942
2022-05-13,0.023589267956868554,-0.009032901296614604,0.04026026789661241,-0.010049993057594781
2022-05-16,-0.003954208517722435,0.0033693177472660096,0.03302627070805553,0.005125647402102089
2022-05-17,0.019968919581462075,0.0025882941096000422,-0.01588731946396127,-0.0077097720737959435
2022-05-18,-0.041233809291247425,-0.0012657478221989038,-0.025317854976180776,0.00719655063723764
2022-05-19,-0.005850864777348974,0.013836280412999002,0.02362601145887755,0.0027947661505313844
2022-05-20,0.0001461310919914638,0.00032587437499831395,0.00904907045525949,0.006012336767612901
2022-05-23,0.018384995412059624,0.0032523878632941816,-0.02630790935383498,-0.006113229315299676
2022-05-24,-0.008153950903556861,0.009318889191803237,-0.004726031501443018,0.008713167826729809
2022-05-25,0.009406385648931703,-0.010185211745309175,0.005088654250673841,0.001065577874127403
2022-05-26,0.019688166007719943,0.0006498122657294658,0.03351168714147423,-0.0004991017177351338
2022-05-27,0.024441130195821614,0.002108862996304417,0.008553057673427844,0.001239592487078238
2022-05-31,-0.006294135193666506,-0.00465626052750423,-0.0034822141011021657,-0.008628196835418406
2022-06-01,-0.007510905041154814,0.0003256091489705071,0.0051320424603567005,-0.007380853643667125
2022-06-02,0.018263225415545037,0.012507549362994475,0.013871764903703898,0.001668122756366146
2022-06-03,-0.01648240560981762,-0.011368949980496978,0.016968252652057814,-0.0036695022454322408
2022-06-06,0.003132489407036587,-0.0033654014737374283,-0.003117521523109623,-0.0068228797000883315
2022-06-07,0.009478331531719064,0.0045027059219524546,0.007650019638471228,0.005794009603280325
2022-06-08,-0.010852623040154441,0.0023787784288540337,0.022359302629648248,-0.004768124708994528
2022-06-09,-0.024086457665156047,-0.0016753458803275834,-0.004925701342088473,-0.0011646493405308984
2022-06-10,-0.0295424148114094,0.012203441973600349,-0.006937049589774702,-0.009419913461499634
2022-06-13,-0.039539931990040245,-0.023517775330388346,0.0021523364093152253,-0.017579429254085722
2022-06-14,-0.0037808180394893753,-0.010171909010297853,-0.016676781015592113,-0.00967477175516132
2022-06-15,0.014487058836534672,0.003200206190689947,-0.03091095469468641,0.007547274094178806
2022-06-16,-0.03305220711384038,0.01660781266368705,0.019579834081810965,0.007575748139268642
2022-06-17,0.0021984473410121552,-0.005487192637812832,-0.07073164458114967,0.005900319132942561
2022-06-21,0.02418247496067316,-0.0005449294523733883,0.009899758176057816,-0.005621364803292149
2022-06-22,-0.0013024200953584142,-0.0001634968281960525,-0.04114211488052,0.012993928985786225
2022-06-23,0.009487072485557135,-0.004699515565206092,-0.018246308799802158,0.007654064688391429
2022-06-24,0.0301055397299006,0.00043811886075140194,0.03162287297550925,-0.004741267494995993
2022-06-27,-0.0029774998903402405,-0.0030706694898494646,0.01795708204970392,-0.0057428718808181225
2022-06-28,-0.02034867314949551,-0.0018689673378133875,0.01979012243106304,-0.0008929953375442313
2022-06-29,-0.0007119988201722549,-0.0020929997061278627,-0.017875382060949185,0.009782984576836991
2022-06-30,-0.008797866246368358,-0.005307091775333284,-0.03730595569997597,0.010523855175304634
2022-07-01,0.0104985112966407,-0.0028864583859107285,0.02493240999635926,0.007281965606231781
2022-07-05,0.001582875106192816,-0.02083933914969993,-0.08594716213403952,0.007047103894980782
2022-07-06,0.003566795705065573,-0.015386252486003116,-0.00979658621931545,-0.008854462748392201
2022-07-07,0.0148537231809307,0.001727712914113333,0.04174316196018779,-0.008036146972219138
2022-07-08,-0.0008306163961275814,0.001552365510466558,0.019854136318212312,-0.007824345249085488
2022-07-11,-0.01159441766052538,-0.006108458837355002,-0.006702481878399169,0.009569811051224416
2022-07-12,-0.009286868497493828,-0.003880322870210229,-0.08257577818875106,0.0029573828991021414
2022-07-13,-0.004466864111815738,0.006305098165451106,0.0047882543377104625,0.004774889881298162
2022-07-14,-0.0030031388127653713,-0.017274371209107464,-0.005414468324593358,-0.004701445012829946
2022-07-15,0.01901923165863373,-0.0012327780896654872,0.018721109458313734,0.0027016569699934373
2022-07-18,-0.008398742485836053,0.003986361713753439,0.050062926236642546,-0.002464103988135148
2022-07-19,0.027253517643730518,0.00046797429465961216,0.01566614332926708,-0.00494251880388959
2022-07-20,0.005878493941057883,-0.006159280360534147,-0.018985450651782365,-0.0013369423725866198
2022-07-21,0.009813066689504879,0.007736953992707463,-0.059531231518497485,0.010984547453731092
2022-07-22,-0.009376287293813235,0.00837264308512431,-0.017273411057041166,0.011134764294285561
2022-07-25,0.0013143029733058142,-0.0047009608311539,0.020899402933721944,-0.0030941079486430613
2022-07-26,-0.011610342599263745,-0.0007565681663264101,-0.017946992435663667,0.0029746893667516546
2022-07-27,0.025820048778628646,0.0008147256292714289,0.023721448475201967,0.004720473663037202
2022-07-28,0.012060319791912022,0.01798634584799874,-0.008674196952688007,0.004730503800129803
2022-07-29,0.014107775781754484,0.007172964446712449,0.022560478659059413,0.003514095585139519
2022-08-01,-0.002827076544916096,0.003454221019279835,-0.04915023087638559,0.0032560475519166337
2022-08-02,-0.006684688378872039,0.0011863935181128937,0.005629017955736337,-0.011634342065578115
2022-08-03,0.015517456270091046,-0.007424009432775769,-0.040636609818898606,-0.0004996603167013649
2022-08-04,-0.0007776424495844481,0.017200480453950284,-0.023661848262321428,0.006389523736899041
2022-08-05,-0.0016270690189177373,-0.008760642024044252,0.00529430932646946,-0.014083056725251293
2022-08-08,-0.0012383171221213018,0.007809700130070318,0.019469936478044403,0.006626053095430296
2022-08-09,-0.004257744235927063,0.004021425813642843,-0.002868832742896288,-0.00266492323235466
2022-08-10,0.021067158460407853,0.0008914506924311283,0.0156775704894363,0.0010652955616755621
2022-08-11,-0.0007057229222020567,-0.0032912335706649642,0.02587781784259402,-0.00869381727142025
2022-08-12,0.017174046951492272,0.004960590165981493,-0.024138919071270415,0.0034875321241550268
2022-08-15,0.003961684056234205,-0.009608985203733766,-0.029533746260804072,0.0051436088582551415
2022-08-16,0.0018739228259470053,-0.004613789368584698,-0.032741413194471214,-0.0027467930010871993
2022-08-17,-0.007264114867647109,-0.0073015195437200475,0.018094880294427185,-0.005842424435551798
2022-08-18,0.0022669896063849393,-0.0028444665106128753,0.026763809900088198,0.0012373717535099841
2022-08-19,-0.012983928713039106,-0.00439640617260828,0.002978946849800934,-0.009247500148520502
2022-08-22,-0.0216323664664948,-0.007812525766742517,-0.005966794345088289,-0.0039943289216253005
2022-08-23,-0.0022403704344373665,0.007354692223818127,0.038162966495077555,-0.001334937477272041
2022-08-24,0.0029119166987232603,0.0005723115660449807,0.012193349847795076,-0.004319403578349674
2022-08-25,0.013993241836107728,0.005648226308946569,-0.025293518473556986,0.006981834364740529
2022-08-26,-0.03426857631703939,-0.01236490425398351,0.005819619101838924,-0.0006511834976135386
2022-08-29,-0.006688675197326077,0.000287960382690855,0.0415696678121682,-0.006282952277800424
2022-08-30,-0.011089416492115589,-0.007746165501607116,-0.05694623706893953,0.00012341269424983434
2022-08-31,-0.007847738208154098,-0.0060535122831444355,-0.023070688339442036,-0.0018380965720368528
2022-09-01,0.002991752267195835,-0.009503252799611062,-0.033381873195454936,-0.0110600233111159
2022-09-02,-0.010794552570724036,0.007750199166291161,0.0029974904989016338,0.006251823242750267
2022-09-06,-0.004103464690896175,-0.0055129013074628475,0.00011504468313017213,-0.012282804050456217
2022-09-07,0.018174848666170362,0.008724489039539485,-0.058540522658338645,0.006487387870690843
2022-09-08,0.006588966880441305,-0.004264925533493447,0.019338268114405643,-0.0021551780530608723
2022-09-09,0.015156014981211996,0.004789420573202641,0.038165848176740624,-0.002319872027924728
2022-09-12,0.010528651483996398,0.006910009010536733,0.011342252148776488,-0.0033257608854107227
2022-09-13,-0.044199163031974464,-0.01345741421463753,-0.005368694493483872,-0.004911585987669498
2022-09-14,0.003381289078845384,-0.004997805493332841,0.01331159985383934,0.0009770427056195097
2022-09-15,-0.011382272168150465,-0.018501955762986633,-0.038949558065144885,-0.003809412742243696
2022-09-16,-0.007208049775663028,0.0037756940386222126,0.00011752701128919796,0.0010610242269939328
2022-09-19,0.00683369772470499,-0.0032954882641922367,0.007258317187514685,-0.0033829899944742715
2022-09-20,-0.011336114736598901,-0.00390872152890509,-0.01504325473076129,-0.006622921664016733
2022-09-21,-0.017264674098507626,0.0029480059385473822,-0.018042122862901522,0.005248820919746449
2022-09-22,-0.008463293830454077,0.003717743202048318,0.006609354365198605,-0.016277939968134734
2022-09-23,-0.017382828767329883,-0.015379814777475964,-0.05857558023383547,0.0010597528106552657
2022-09-26,-0.010394360890281007,-0.013461623673599377,-0.02611919234912019,-0.014737992125970222
2022-09-27,-0.0021226109548244665,0.0020922483593892593,0.023066558752073085,-0.006889365376526064
2022-09-28,0.0194811441811531,0.02050515912687434,0.0454482382692154,0.021634532854103584
2022-09-29,-0.021352794823098264,-0.0011449724954992746,-0.011262184668438202,-0.003329061405795645
2022-09-30,-0.015181351546209143,0.0023487766438892166,-0.021653477678323263,-0.004555810229951027
2022-10-03,0.02555457753092938,0.018180693033650996,0.050771073840549796,0.012872515159338495
2022-10-04,0.030125341416800566,0.016520558026137167,0.03397328773398023,0.002976674640498822
2022-10-05,-0.0020199875589383964,-0.0056518438412807015,0.014230278023360299,-0.01160172025813278
2022-10-06,-0.010297922911394863,0.00017523692601439933,0.007831545794454442,-0.005374783590113453
2022-10-07,-0.02840319653147816,-0.006564674728268827,0.04628362113309947,-0.004534716905872
2022-10-10,-0.007520673133653233,-0.01971674459509032,-0.01643397886739084,-0.0002569257024969792
2022-10-11,-0.006540518412323948,0.006814074389340341,-0.01972580384098155,-0.004027600268856212
2022-10-12,-0.0032961996501654767,-0.005016375012451668,-0.02355450181873575,0.003195665941059479
2022-10-13,0.025634259307631524,-0.00017965381824769366,0.020864845764892337,-0.003942479490903437
2022-10-14,-0.02394712074452876,-0.017091365852745177,-0.040069462590208715,-0.004582802790495285
2022-10-17,0.02613552455756185,0.009276477868507271,-0.0017536863808924608,-0.00024933350596362453
2022-10-18,0.01136276820708737,-0.004839694866963562,-0.031378845070331174,0.0015493274190766476
2022-10-19,-0.006694455239685482,-0.013123948476875036,0.032431461577801635,-0.010323381304965271
2022-10-20,-0.007982686738765565,0.0020256268035838687,0.00501371410091167,-0.007842483041412343
2022-10-21,0.023447759860447448,0.012310443033820562,-0.01087539538753024,0.0012196992689684943
2022-10-24,0.011811940205111782,-0.001394095969132536,-0.0055415010306631984,-0.0015305194332718803
2022-10-25,0.01613577001587352,0.002483779957048071,0.008711036333179045,0.01041570061406545
2022-10-26,-0.007415140398988385,0.0067534934731101615,0.029904715494257772,0.007760817167704641
2022-10-27,-0.006101185053184466,-0.0019851715705820894,0.013221257423768229,0.006555733057281721
2022-10-28,0.024328036770855377,-0.01278687607064466,-0.013335040893947436,-0.005809126350684784
2022-10-31,-0.007482327030336577,-0.002259168215868357,-0.015708661539025393,-0.0052982575101503115
2022-11-01,-0.00410966372035837,0.0055472576754134195,0.021041416099027543,0.0022006014280503746
2022-11-02,-0.025319843737483083,0.00042541173173926694,0.018277093719872184,-0.00040987807594091504
2022-11-03,-0.010642422531956797,-0.011243566259036442,-0.0205429219986506,-0.005121452437398829
2022-11-04,0.013526823285562983,0.027397283330208744,0.049130385441120694,-0.002432992836975659
2022-11-07,0.009568061679360085,0.002388773903899022,-0.00889376456758395,-0.004528374041257981
2022-11-08,0.0055822828287599435,0.02101238604477107,-0.03187870588315622,0.007318235067009054
2022-11-09,-0.020996784712302485,-0.0011688389084403283,-0.035256046258361984,-0.0018653905556155013
2022-11-10,0.05395251566479686,0.023235395651179047,0.007428930025776381,0.026704478658426487
2022-11-11,0.009198312304770084,0.008929872470112343,0.02838927312141326,0.0014719415376940848
2022-11-14,-0.008975940544917904,0.004294263372938367,-0.03535226354107923,-0.004127871068803975
2022-11-15,0.008675376414668534,0.00011279993292134805,0.012153577652508574,0.005602005781115563
2022-11-16,-0.008286283111873516,-0.0004511383955572157,-0.015419723215384984,0.009030021786152732
2022-11-17,-0.0030941046442301,-0.00690474813130848,-0.04724908064135658,-0.006713522922962749
2022-11-18,0.004747295648158456,-0.005067351765360328,-0.019293172593227048,-0.0033968132761713057
2022-11-21,-0.0038912498002758866,-0.008311170299650783,-0.004380189254110434,-0.0004256517254154107
2022-11-22,0.013488606269829617,0.000517895339190666,0.015185673806176858,0.0056939911191538715
2022-11-23,0.005897266041737126,0.0037896091787743558,-0.03789231118961123,0.004461395442246695
2022-11-25,-0.0002830842622021379,0.004802492929498747,-0.021528566505445212,0.001391912081847037
2022-11-28,-0.015564696794065469,-0.007557185534083466,0.012506665173971143,-0.0008488305504009083
2022-11-29,-0.001593133701623728,0.00475852916155084,0.012352178622964338,-0.00357723193361233
2022-11-30,0.030478643521295368,-0.0013736405532718265,0.02960853898325677,0.0038810492450679682
2022-12-01,-0.000868009829606109,0.031070118388379697,0.008283389778253714,0.014700616398368664
2022-12-02,-0.0011953746637622942,-0.0028912731689034743,-0.01538489189690484,0.002066055836247024
2022-12-05,-0.01805624963097152,-0.015996748721573084,-0.038880723953062635,-0.007613361843803272
2022-12-06,-0.014503869422986426,0.0010744618189315602,-0.03545814375496281,0.007341898083250003
2022-12-07,-0.0018641072533824854,0.009114472318120903,-0.030632749756287048,0.008974092028541353
2022-12-08,0.007493634413933137,0.0017905836665894626,-0.0076671881430039335,-0.0068201732682554
2022-12-09,-0.00737671946421159,0.005241466558799424,-0.006176359536017806,-0.006206746118600795
2022-12-12,0.014178307299649973,-0.009836314542059021,0.029823995623774024,-0.0035242125704841834
2022-12-13,0.007263223255456808,0.018585013105521853,0.029889156256413862,0.009356750994021392
2022-12-14,-0.0060711166238363035,-0.003534561790434765,0.024760541980726636,-2.8583563035759106e-05
2022-12-15,-0.0252374779018254,-0.01690561044591643,-0.01525550380977947,0.004589342226811771
2022-12-16,-0.011200239946012047,0.007176555247797367,-0.024203304811225124,-0.0025459114269756173
2022-12-19,-0.009048328941103634,-0.0012857697271355661,0.012041910372351694,-0.008121695880759278
2022-12-20,0.0010368006978893618,0.015651375902693054,0.01189852620001286,-0.008408546488217365
2022-12-21,0.014758548669055571,0.0,0.02850309055409994,0.0001461904767959837
2022-12-22,-0.014557142498146547,-0.016042989850930667,-0.010271024405837714,0.0013923702670135818
2022-12-23,0.005850952271915233,0.00496806645959591,0.026362555091380635,-0.006639665775335026
2022-12-27,-0.0040578440346585865,0.010468993076298005,-0.0003771296793377843,-0.008822991911907127
2022-12-28,-0.012093470442948728,-0.0038093315032527997,-0.007192910089678151,-0.0020663650296126154
2022-12-29,0.017310634314993578,0.0063957738601461145,-0.007117436711298275,0.004439645362394389
2022-12-30,-0.002543975646110752,0.00010988743391848743,0.023447444636044423,-0.0034662049333091024
2023-01-03,-0.004008572481273731,0.01093086280425215,-0.04237547001737596,0.007255689400953571
2023-01-04,0.007510694562139264,0.007095546441984624,-0.054630716854441985,0.00711543751509994
2023-01-05,-0.011713869136457333,-0.009762524397120664,0.01133043125657096,-0.0007644088696108923
2023-01-06,0.022583835589031764,0.015896470099271198,0.0013564635509055734,0.012753101351996147
2023-01-09,-0.0007679273259917352,0.004549233258291707,0.011590434949835249,0.0044937509119699365
2023-01-10,0.006953997970594372,-0.0005875467452387539,0.0065443371219586766,-0.008520593201586367
2023-01-11,0.012767571192293659,0.0016016233411999536,0.030029147061982897,0.005741123910733797
2023-01-12,0.0034100849120424215,0.011087365667616034,0.012580341889957936,0.008958045201445403
2023-01-13,0.003988892144656475,0.012008862043122903,0.018578748863303574,-0.005053712080132354
2023-01-17,-0.0020325554309970073,-0.005855345730477524,0.003999001742649888,-0.0018676051894775487
2023-01-18,-0.015684966977744352,-0.0014691611288526474,-0.008768651100673708,0.013624062732951685
2023-01-19,-0.0076676719018120565,0.009251314471137917,0.010637713060058118,-0.0017181832638906397
2023-01-20,0.01874167355235201,0.002234663176594154,0.012125807213962503,-0.007158287593437164
2023-01-23,0.011811315951328893,0.0003632807471509736,0.003805383434663412,-0.0032919040175252577
2023-01-24,-0.0007117563642928815,0.0035224324574505417,-0.018424082115101825,0.004837761430334374
2023-01-25,-0.0001817415734652883,0.0037676113849673953,0.0002496165799490413,0.0007251150473425113
2023-01-26,0.010947708029114267,-0.006252753139314393,0.010672732119007655,-0.00246020955495121
2023-01-27,0.0024917340217047723,-0.00025922182084059386,-0.01655401310600002,-0.001953647748135744
2023-01-30,-0.01305356931529289,-0.0029598625643068033,-0.022592644641995285,-0.0026177735352752255
2023-01-31,0.014536304416418844,0.00342642612465216,0.012374989769701195,0.0019811307404732723
2023-02-01,0.010398056296885727,-0.0008814202993878695,-0.03168733664749546,0.011252350309962193
2023-02-02,0.014592384626853416,-0.005983212723418951,-0.006960516716146614,0.00021900636301785636
2023-02-03,-0.010408592637284997,-0.028261842553797045,-0.03336543063000175,-0.011239090613289737
2023-02-06,-0.006159393193939877,0.0017698252343860688,0.00976280595859702,-0.008348086377495371
2023-02-07,0.012790364037398305,0.002942831061813145,0.040071460668805514,-0.003178098289962051
2023-02-08,-0.011142573012412171,0.003040771209810167,0.017094456827861038,0.0018917820821196913
2023-02-09,-0.008869009831038,-0.005983602271623312,-0.005238671219238711,-0.0023456818550647283
2023-02-10,0.0021928557092181222,-0.0018234933150136357,0.02104278018052952,-0.0049031497981216815
2023-02-13,0.011383569951155081,-0.005868606069231674,0.0052545869349556185,0.002386450129819872
2023-02-14,-0.00028045385549368973,0.0011333148745897859,-0.013568070603816373,-0.003491627749547112
2023-02-15,0.002769337533075955,-0.010737074621895104,-0.005962608707683614,-0.003811498952061112
2023-02-16,-0.013884689204880729,0.0042435453113469634,-0.0012732173583041018,-0.0026497541882967456
2023-02-17,-0.002771242172283195,-0.0008689852683101407,-0.027774201576087343,0.0013890850459300753
2023-02-21,-0.02024478397347096,-0.004028983707237366,-0.0023605607785119886,-0.010253539816233065
2023-02-22,-0.001574795485643321,-0.0005457026056294723,-0.029447290678574767,0.002782901322438732
2023-02-23,0.005315278263237744,-0.007671270496651061,0.01928548423873444,0.0037740817455739393
2023-02-24,-0.010593464619775617,-0.005073326778902931,0.012260391013708904,-0.005583128507422319
2023-02-27,0.0030682925395524308,0.004523120437649908,-0.008421094365324677,0.002372473614394175
2023-02-28,-0.0030406198309478327,0.0065279171634005095,0.017940672597551277,0.000648175387406983
2023-03-01,-0.0047364642034928295,0.004800056571569122,0.008271979013679598,-0.006223448963104862
2023-03-02,0.007553593731197239,-0.002288054619760338,0.006031474201232179,-0.006277563705045387
2023-03-03,0.016018749176483382,0.0077148874232912945,0.019260562517824376,0.009088477484925844
2023-03-06,0.0006869307788477386,0.00010827646049538231,0.009741538036617925,-0.0013973629596114629
2023-03-07,-0.015445590479263416,-0.018570635571812488,-0.03645046952900799,0.0008129135745867267
2023-03-08,0.0014137941356029415,-0.0006618172911645459,-0.011929577890763987,7.587258607627694e-05
2023-03-09,-0.018631857945480945,0.009115987157307437,-0.012337765260806322,0.004342513411137232
2023-03-10,-0.014583969436067434,0.01771777214751502,0.012598579694905965,0.019237908818062924
2023-03-13,-0.0015109018407386543,0.026341694156229778,-0.02482299637797336,0.015212356839298821
2023-03-14,0.016342388235363714,-0.002881167105143412,-0.04750090381919492,-0.0100942595830098
2023-03-15,-0.007005363929353692,0.010645072763327157,-0.05356111183001655,0.012378291395254638
2023-03-16,0.01740957624903139,-0.003952561643726149,0.010885630715347538,-0.007619201805862017
2023-03-17,-0.011080621273952929,0.026127822516268218,-0.02383709953048818,0.01613832140544719
2023-03-20,0.0088788696359412,0.004760658443617949,0.013395073691869541,-0.007075601686186595
2023-03-21,0.012898647518557738,-0.02103618451687428,0.024678224358261502,-0.010278210672000855
2023-03-22,-0.016600248639841553,0.004530510589810355,0.022392715694534715,0.009021948452855717
2023-03-23,0.0029800838691826925,0.023855366038062265,-0.013346817995684823,0.008048847004379444
2023-03-24,0.005623963084302019,-0.005885513691906041,-0.010056067246045686,0.0023258116374987245
2023-03-27,0.0016455995637674192,-0.015097478869044778,0.049985705057509655,-0.012245626922838131
2023-03-28,-0.0015750832883885124,0.010191690210183069,0.005342104401159453,-0.002866102341371366
2023-03-29,0.014136870775047328,-0.0031992150318798096,-0.003146964770220251,-2.5570068133645404e-05
2023-03-30,0.0056989991994829126,0.00719650032383079,0.019004257140161407,0.0013948429134927778
2023-03-31,0.014333327782036775,-0.005722573380642082,0.017329084862010014,0.004916868258657897
2023-04-03,0.0036920225658025885,0.007538817015696253,0.06088112219194386,0.005517871968494095
2023-04-04,-0.0058138397451621415,0.019121386856435052,0.0035995932923826857,0.007988379711824443
2023-04-05,-0.0024954816571209903,-0.0006430347062673647,-0.0012397531256915784,0.004364450868495806
2023-04-06,0.0035727731328023538,-0.0044634074749696495,0.0011158185926500863,4.578555965875274e-05
2023-04-10,0.000995807017009298,-0.011397298492928698,-0.01196722229656011,-0.01055152354586045
2023-04-11,-4.135333298194155e-05,0.007862066660321076,0.022199720539117784,-0.0014611458464910503
2023-04-12,-0.004143456323461692,0.003038065675473156,0.020997231721795018,0.0012294147355051224
2023-04-13,0.013175510497831056,0.015004488526765059,-0.013299657230972706,-0.0024670186343701147
2023-04-14,-0.002071517584578686,-0.01934033210150421,0.004372037329607892,-0.005720203393465199
2023-04-17,0.003300703582615583,-0.004003608688523563,-0.020692441123898675,-0.005614367390126868
2023-04-18,0.0008548548034656989,0.0065974216321089685,0.00037106536196596096,0.0017284529463766475
2023-04-19,-8.426554794027652e-05,-0.0060960930887574705,-0.02124810476439265,-0.0023587242684589456
2023-04-20,-0.005970335188310472,0.006195695166984372,-0.02390657403234986,0.0049070131948434695
2023-04-21,0.0009027812573005889,-0.014095679073773404,0.007476211896136675,-0.0019462900798312877
2023-04-24,0.000851216778272601,0.004837975290906016,0.011364476033946858,0.004745302546565476
2023-04-25,-0.01593718381857734,0.002460408684692439,-0.021691185064036667,0.010157964552687757
2023-04-26,-0.003848583503344827,-0.004171199318677488,-0.03660310303301095,-0.0028907751644629055
2023-04-27,0.019377193402696946,0.002112926265503745,0.006172018364703824,-0.007894112008874892
2023-04-28,0.008219331313243927,0.00010047797590040375,0.02666116251206674,0.006520977363357574
2023-05-01,-0.0003861810485101813,-0.0033723203832884963,-0.014694506066871504,-0.010045227526632354
2023-05-02,-0.0116539066805732,0.015459208663897606,-0.05431690462630723,0.011483380612909001
2023-05-03,-0.007022908054892696,0.007074123181844527,-0.043640250492054555,0.003166274739532267
2023-05-04,-0.007244913455062729,0.009517819252434556,-0.0005832738089583955,0.004522589059967512
2023-05-05,0.018306166381879763,-0.015054141436917412,0.03974788991781164,-0.007845516833767949
2023-05-08,0.00045202648488285035,0.004401928245986397,0.025191744981273523,-0.006139078818410245
2023-05-09,-0.004589938949060013,0.004873807724603552,0.007489589201697733,0.0001397222185891772
2023-05-10,0.004473942241913775,-0.0028032335667189656,-0.01572469062037385,0.00702880317174078
2023-05-11,-0.001698064889705364,-0.007811791440417437,-0.023566520582778416,0.0036722830174314527
2023-05-12,-0.001584561589439204,-9.92510545323455e-05,-0.011780731088235186,-0.005403595125042747
2023-05-15,0.002953797680316228,0.00173589628215165,0.015161461989485758,-0.0036304808388781533
2023-05-16,-0.006398107681917509,-0.01477661441479139,-0.003521874427818261,-0.0032869423866497805
2023-05-17,0.011820688622071529,-0.003880014587497982,0.027421875320501776,-0.002529069972238077
2023-05-18,0.009400723063727412,-0.01229313026079737,-0.013408193192320006,-0.0054297640145041055
2023-05-19,-0.0014469138806756376,0.01128287607105527,-0.004323241524432753,-0.003506573004257797
2023-05-22,0.0001550226798023857,-0.0019728866112096455,0.006130642152662347,-0.002091173257850498
2023-05-23,-0.011285468768283735,-0.001216064382496107,0.012698663238921881,0.001889774366660133
2023-05-24,-0.0073455126783059654,-0.004879037635298289,0.019423261561333227,-0.001593673525479152
2023-05-25,0.008719456079012033,-0.01008742680002861,-0.034346874029264285,-0.0076893737965204965
2023-05-26,0.01296468093164016,0.0005145091760763165,0.011626377853486858,0.00048139165597695094
2023-05-30,1.6603130665870935e-05,0.0071244116218895925,-0.045177585296412914,0.009275835618737956
2023-05-31,-0.006127358186214238,0.0030087604621398256,-0.01992072842377901,0.005388855335741497
2023-06-01,0.00980621508585422,0.007153928630061479,0.029092466561862373,0.0025607473123377884
2023-06-02,0.014429812390106989,-0.013026835665023384,0.02312567005336863,-0.00674485654902375
2023-06-05,-0.002005591490657821,0.0028641465728220794,0.005698864041843166,-1.9502092094364365e-05
2023-06-06,0.0023511302338512508,0.0038231217714592702,-0.005698864041843166,-0.00035117876956515276
2023-06-07,-0.003819293926420997,-0.011667932951336724,0.010951810218261748,-0.006875466276167352
2023-06-08,0.006169571607523849,0.01070077784000123,-0.017244174573166404,0.005952875765723593
2023-06-09,0.0011474010230507758,-0.0007132429056664336,-0.01583523480218929,-0.0024185417071386286
2023-06-12,0.009277974981754866,-0.003522608540492911,-0.044438740090224194,-0.0015052428292480404
2023-06-13,0.006908570725908447,-0.005487371483662962,0.03369288097774703,-0.0059478231685955955
2023-06-14,0.000819089980126364,0.005487371483662962,-0.016704601798410934,0.003702738572955848
2023-06-15,0.012104580493589978,0.0012777594632122913,0.0338430471338933,0.005783745288193789
2023-06-16,-0.0036783764677519315,0.00030640701670581194,0.01629243932063762,-0.003241772533585288
2023-06-20,-0.004746353835235695,-0.011762134766635235,-0.01799315889506481,0.003463006923673127
2023-06-21,-0.005259086366924848,-0.001137278422884691,0.02838754272677768,0.000645142729661738
2023-06-22,0.003703930387334964,-0.010712581726706638,-0.04252959469990003,-0.006126429002147179
2023-06-23,-0.007688288056503012,0.003340482534468947,-0.005047944078748756,0.005118491135081898
2023-06-26,-0.0044969343631322545,0.002394076127153255,0.003031823224082686,0.0018059023978862355
2023-06-27,0.011390733524182295,-0.005055096516834112,-0.024368402149869794,-0.0039036975428853133
2023-06-28,-0.000354139388390351,-0.0008885614102558392,0.027103519547670096,0.004958427654283009
2023-06-29,0.004463568114490002,-0.001622451046078055,0.0043035937272328795,-0.011708756478177162
2023-06-30,0.0121943502618862,0.006213645369454568,0.011103299539925615,0.003039587544531698
2023-07-03,0.0011699930926720725,0.0003122596035431968,-0.012105801508016434,-0.003058931638834163
2023-07-05,-0.0019702580976126427,-0.0010933672637802871,0.0282544571938681,-0.006978590807023919
2023-07-06,-0.007954061175894367,-0.0056944618118119905,0.00013931521652299494,-0.007676510203029027
2023-07-07,-0.002869212795733489,0.009126768323334922,0.028286899130277376,-0.0005737097151775369
2023-07-10,0.0024021386106269915,-0.0006231570554220411,-0.01184900149194501,0.003756988889072112
2023-07-11,0.0067195839982545635,0.003267408839185748,0.024896482365693196,0.0022867068229668777
2023-07-12,0.007383905235389676,0.012810414334619935,0.012219545827685252,0.00995237273908536
2023-07-13,0.008434482989626346,0.0015324108197862785,0.014937376716626538,0.008423875800503597
2023-07-14,-0.0010249321969073577,0.00045927816023461077,-0.019303353554000147,-0.004634325225643996
2023-07-17,0.0038479695744211284,-0.003936082358077186,-0.016982378389891473,0.001967952987119294
2023-07-18,0.007092066941428499,0.012622280219577675,0.02134835522726508,0.0008114315092049518
2023-07-19,0.002355134827233485,0.00015174290459807338,-0.005294539567524126,0.004041192029502238
2023-07-20,-0.006779827396258042,-0.004663169815610324,0.003709088729944021,-0.009072949168829177
2023-07-21,0.0003240420146131129,-0.002034278228195241,0.018861102278281194,0.0015538175952277773
2023-07-24,0.004026038496874662,-0.0020384249531293364,0.021437162555230316,-0.0014942371275083154
2023-07-25,0.0028107195758391157,0.0009177681383585323,0.01123961339214219,-0.004362703353484502
2023-07-26,-0.00015545097867608604,0.003459707764402964,-0.010731729729881678,0.005178424931185274
2023-07-27,-0.0064453930551966465,-0.012007399562659948,0.016491814562992424,-0.013001891733660363
2023-07-28,0.009829375810433305,0.007680922504029297,0.0060995458759762755,0.0036800164076893076
2023-07-31,0.0014676354365690258,0.0051387711460533225,0.015026778429613863,0.0009766904652042504
2023-08-01,-0.0026686453076827377,-0.01523861007706806,-0.005270592453453737,-0.007345973116725307
2023-08-02,-0.01393620063833545,-0.0017018269642496975,-0.023375487751982504,-0.0020383973394460094
2023-08-03,-0.0025512254502917386,-0.0027911448212778467,0.02558516577812764,-0.008830820453625042
2023-08-04,-0.005314169373939137,0.003926017871570764,0.015453207943668446,0.010682158985120992
2023-08-07,0.008983618964856888,-0.003149921596682148,-0.010682272518840463,-0.001305003708206776
2023-08-08,-0.004227205100058029,-0.004873518808943267,0.01188896357162239,0.004407853922232445
2023-08-09,-0.007063619102046559,-0.00453182240469463,0.01769115419565015,0.0013036944060778413
2023-08-10,0.0002506825210808472,-0.0005222204866965896,-0.018897845248432077,-0.005378824288258499
2023-08-11,-0.0010702648992282349,-0.0007838424255561804,0.0044576032105352326,-0.006974675240403076
2023-08-14,0.005734004879418109,-0.0012031118637709781,-0.008207653636332246,-0.0011311607809622903
2023-08-15,-0.011618139396096794,-0.004248505321848839,-0.018593860122390282,-0.002826980156363036
2023-08-16,-0.00758408179262382,-0.0033696785716195166,-0.02007925112993547,-0.0028201619782510057
2023-08-17,-0.00774281137752908,-0.006348891838211301,0.012643369992997755,-0.003858782752928818
2023-08-18,-0.00014871788395787178,0.001060951786911346,0.01064103846235831,0.004775148863465371
2023-08-21,0.006855634859800119,0.003810171935338502,-0.006544430041808269,-0.007149791160973304
2023-08-22,-0.002781331046545432,0.0016360008536020487,-0.004594317974920159,0.0012989865358023175
2023-08-23,0.010984330710790857,0.011586265785144434,-0.01833760382286176,0.010699046533944052
2023-08-24,-0.013549353984007695,-0.0001564098483353149,0.0020261328906361342,-0.0028244132685956995
2023-08-25,0.0066955010602960385,-0.0037082411186100117,0.009818794333739334,-0.0001552095002598
2023-08-28,0.006245078594195874,0.003551870450309913,0.0033764384300072336,0.002353236119860441
2023-08-29,0.014404068712057239,0.009651369784435815,0.013146725055070974,0.007482031144079936
2023-08-30,0.003825854181192412,0.004019820260444895,0.005774247736830773,0.0004887609185833307
2023-08-31,-0.0015982129743399298,-0.0031423581073140028,0.024205466734826153,0.002198205227518828
2023-09-01,0.0017975127655187606,0.0008252180232357631,0.022698761459047923,-0.006323806672305252
2023-09-05,-0.004202997821382226,-0.007035775353867457,0.013237529032624096,-0.007501733943741101
2023-09-06,-0.006996014491431168,-0.004214024777917658,0.009757277178098711,-0.0016043614094749191
2023-09-07,-0.003216433115733608,-0.0003128457579775201,-0.007683062332156432,0.002592434047737215
2023-09-08,0.0014256060622575006,0.0004692637581014125,0.0073403170700308,0.0003305713355379482
2023-09-11,0.006700951498135765,0.0025509680494888443,-0.0025171777234120896,-0.0022500149448645658
2023-09-12,-0.005712169023004421,-0.006258821711374374,0.01760103856922335,0.002107575484450092
2023-09-13,0.0012408621175339363,-0.0011517503252713723,-0.0036084805448579615,0.0013809451859559364
2023-09-14,0.008394585533666898,0.0004713280283201726,0.018357433089449593,-0.0029760445600060708
2023-09-15,-0.01223414584249305,0.007147147489058092,0.006742887206266701,-0.002566864055209199
2023-09-18,0.0007210276941744809,0.004046513576602351,0.007791608294717811,0.00041306658876338854
2023-09-19,-0.002153327361533286,0.000258832666126807,-0.003065542232370433,-0.0035240260231119767
2023-09-20,-0.009439204206291407,0.007014664451038044,-0.01013892518999615,0.0014595484495986135
2023-09-21,-0.016536918318488247,-0.013661993139932882,-0.007225883702320246,-0.0102933471815366
2023-09-22,-0.0022982374027602503,0.003225343940292724,0.004452879835824319,0.0035400766098262725
2023-09-25,0.004014994203807021,-0.004580980852414207,-0.0038951523946915145,-0.008108220316304912
2023-09-26,-0.014844165482264415,-0.008488367011878495,0.007885852891051037,-0.001093350896811346
2023-09-27,0.00022928777229402897,-0.015270736211994596,0.03575108748920641,-0.00521422910192234
2023-09-28,0.005875877143001418,-0.006002135474614256,-0.02125330795910152,0.002487608109405288
2023-09-29,-0.0027132596482903892,-0.006633460391606505,-0.010082257120324734,0.0020914185723467766
2023-10-02,7.936440615274876e-05,-0.009842104245886496,-0.021937311039610385,-0.008522188703989703
2023-10-03,-0.013839395863447734,-0.0029551953045938717,0.004605497105124812,-0.009176831832824599
2023-10-04,0.008077047607828902,-0.003348786103829049,-0.05778490630519073,0.005478842128724981
2023-10-05,-0.0013048811469964505,-0.001045376798357367,-0.02293985990456182,0.0016098674736135527
2023-10-06,0.01174564209396145,0.007458615173471905,0.0058147148857052855,-0.005088816255942849
2023-10-09,0.0062840681193883086,0.010490108470350812,0.042448843526906366,-0.0008332382958807387
2023-10-10,0.005194476099985579,0.006198645369742017,-0.004757723350522269,0.011440780715330744
2023-10-11,0.004283819500095376,0.006320685606707954,-0.02927157376628209,0.004952192759676524
2023-10-12,-0.006266024940655868,-0.0018706079095984762,-0.00697111232142511,-0.009062404122336654
2023-10-13,-0.005031495660219321,0.030607901744664545,0.05605216933477308,0.006771209992839474
2023-10-16,0.010538642302590162,-0.003274031158004398,-0.011815437062472789,-0.006374592360082812
2023-10-17,-9.824987944462293e-05,0.0008324968566677526,0.0,-0.010411842249189836
2023-10-18,-0.01349040825115111,0.016813236521731945,0.018974120503322922,-0.00427073294742863
2023-10-19,-0.008519032328058174,0.006677383090401889,0.011818507052563376,-0.006356490738630773
2023-10-20,-0.012665149196156023,0.007137632114180725,-0.006961657770482077,0.005204398734639952
2023-10-23,-0.0016869920654354331,-0.003132240155776067,-0.037424043305457566,0.0069502291618229834
2023-10-24,0.007239523519629643,-0.0006580360180041822,-0.020682649969345768,3.4881875295895524e-05
2023-10-25,-0.014443434657238186,0.004597000160346809,0.019512255690981917,-0.008635206111192343
2023-10-26,-0.011903081205584698,0.001561189672271368,-0.0258614688619776,0.0086765134743444
2023-10-27,-0.004811838578621774,0.0007042731011219772,0.02761659159195151,0.00019226189643617659
2023-10-30,0.011938474300286828,0.0038144875229857433,-0.038491536178239194,-0.0021599902745496782
2023-10-31,0.006454084821687189,-0.005525708674736229,-0.015796580982288866,0.00019345238095238096
2023-11-01,0.010451194990192647,-0.00322901508803497,-0.007184401086049341,0.006963998081813922
2023-11-02,0.018682938934086124,0.0034304981256063627,0.024801720920969217,0.00969120836637578
2023-11-03,0.009349883544551574,0.002967000466915337,-0.023931889330452094,0.009020482236818868
2023-11-06,0.0017514577241009022,-0.004983536766927976,0.0038430290287170266,-0.00805627696184027
2023-11-07,0.002836093401711537,-0.0074967054908094966,-0.04362531181365625,0.007423838283701963
2023-11-08,0.001004411032420549,-0.007809573743291942,-0.026720657915963564,0.004008488777025105
2023-11-09,-0.00811669069906884,0.00648670524396433,0.005427908124148395,-0.0083082031721353
2023-11-10,0.01549575927077207,-0.016218778932181266,0.018704362473102698,0.0003424224413403414
2023-11-13,-0.0008361884413705667,0.006652779492156036,0.014025887336881482,-0.00013363550800155524
2023-11-14,0.01889537047457779,0.008343430595057377,0.0,0.015471268847674137
2023-11-15,0.001595738207846864,-0.0008669641439551512,-0.020656536355641464,-0.007314072908867567
2023-11-16,0.0011897193967129738,0.012069136779111034,-0.050291447777469855,0.007382406542592926
2023-11-17,0.001281227937178997,-0.0011600298000509213,0.04019625542750305,0.0004965791994372246
2023-11-20,0.007363103793794679,-0.00197005821614038,0.022282492152545963,0.0016984485507939406
2023-11-21,-0.002022975931756932,0.010862615061766334,0.0021883020161750366,0.0004959805691058127
2023-11-22,0.004052905094313886,-0.003959222486664693,-0.008652448763583287,0.0003356232074522976
2023-11-24,0.000596695609644371,0.0054086303844140815,-0.02044093137429659,-0.004300577264584161
2023-11-27,-0.001956069316898734,0.004783316372956037,-0.009042618774556921,0.006837580779765644
2023-11-28,0.0009796385280509412,0.013772846290545537,0.02049391495704711,0.004437837485937364
2023-11-29,-0.0009466966151023826,0.003621431258757468,0.018798724434829772,0.005417408195746309
2023-11-30,0.003776931264994232,-0.004406156206906431,-0.02470547613007046,-0.006341688792502473
2023-12-01,0.0058565589538464025,0.01601359308208572,-0.02519628598623136,0.010362409532908375
2023-12-04,-0.005423188063826245,-0.022906437155783443,-0.01400333908378304,-0.004831496155043045
2023-12-05,-0.0005690315939350654,-0.0027704839468052356,-0.00990653695719157,0.009657082059990432
2023-12-06,-0.003913851944943758,0.00592740683335613,-0.041502109910038776,0.004229606325781226
2023-12-07,0.007936610684822654,-0.0002955253604053354,-0.0005767145110153749,-0.0004865029681310494
2023-12-08,0.004087134146503857,-0.015689699243871758,0.026892237675278707,-0.009208581811445515
2023-12-11,0.003916813547780507,-0.010210610339417947,0.001262663597626279,0.000653388490936028
2023-12-12,0.004588812795692121,-0.00010109265866642403,-0.038738483117218614,0.0028395690492238937
2023-12-13,0.013558345175020747,0.0022726708042304367,0.012456716677692548,0.014287685550614614
2023-12-14,0.0026435651851546282,0.0238764749712157,0.029920708641966165,0.008609383839465008
2023-12-15,-7.625240044895065e-05,-0.004492380744304469,-0.0020977774791575143,0.000320043874682002
2023-12-18,0.004518122263400315,0.002569588413335211,0.014454746526187279,-0.0019745384271958265
2023-12-19,0.00584926745082015,0.005953704386447711,0.013296079590339183,0.0027830081482826505
2023-12-20,-0.01479314796530673,-0.001915109913170454,0.010564892523759362,0.0038566102247871805
2023-12-21,0.01024876930727281,0.002258433605997645,-0.004456179539259253,-0.001243153644233502
2023-12-22,0.0016586821527599938,0.008788749383461969,-0.004476125993481794,-0.00042051705540330605
2023-12-26,0.004222761046978718,0.0005345192470835869,0.026958008447507176,0.0013879398629646335
2023-12-27,0.0014294356164228361,0.01144910069616678,-0.019508890795290057,0.008165851477552954
2023-12-28,0.00037010611032783913,-0.0038500458433423645,-0.032083969530532386,-0.004873072675789772
2023-12-29,-0.002830477036734891,-0.005560539696971567,-0.0016733390980192553,-0.0011638364316384512
2024-01-02,-0.005676660799721844,0.0009692741355236123,-0.017884082702065207,-0.006404177016914463
2024-01-03,-0.008048618327197943,-0.014736982781769825,0.03243224969365954,0.0033594659836205945
2024-01-04,-0.0034342716633180004,0.003974050443616761,-0.007039776591817315,-0.006715453376825619
2024-01-05,0.0018240216394342923,4.895124937753792e-05,0.02219262473481276,-0.004002776893306325
2024-01-08,0.01401594543635376,-0.007766098913480235,-0.042059056051780175,0.0034303560587016953
2024-01-09,-0.001478993852318311,-9.866823194570884e-05,0.020558744884156432,-0.0012298044819597958
2024-01-10,0.005649980650495934,-0.0023221142671951966,-0.012116228070753188,-0.0007385568238256675
2024-01-11,-0.0006712808369613299,-0.0036669527431483218,0.009066160142918278,0.004497860075052804
2024-01-12,0.0007506937530337154,0.01595695140328246,0.009122436117268151,0.00237058907082794
2024-01-16,-0.0037383190523563314,-0.010165310319773191,-0.003859927259520113,-0.009296732850951998
2024-01-17,-0.005632731271107971,-0.011617081726108758,0.002207451692810558,-0.003092260786621763
2024-01-18,0.008766720726242738,0.007957865627687077,0.020731842895027164,-0.0029223582821138287
2024-01-19,0.012238308232548789,0.003905977358156676,-0.009085399046793619,2.0879639051282327e-06
2024-01-22,0.002191921187231216,-0.00331164630117442,0.02395805985137134,0.0043966613806818875
2024-01-23,0.0029171153407645534,0.0019289741822801076,-0.010965604213236446,-0.003735139776409692
2024-01-24,0.000811598976216743,-0.0048543422138758174,0.00963467369566473,-0.002753745238574288
2024-01-25,0.005246578134979529,0.0014885385122536121,0.029782513692604873,0.0039027666485365238
2024-01-26,-0.0006519977554262368,-4.957016344508958e-05,0.00836719194948543,-0.0021076443614723244
2024-01-29,0.007528365505246271,0.004156315901078678,-0.015892877310340836,0.005781568543524112
2024-01-30,-0.0006008303969800011,0.003105999442301055,0.013454289960908028,0.002771138724867141
2024-01-31,-0.016236851740732305,0.008284516486208204,-0.0256407779573653,0.007694615235132554
2024-02-01,0.012416286114049768,0.0022431851049438123,-0.02712799220968254,0.008716494093195063
2024-02-02,0.01062777072263188,-0.008265936631712378,-0.02108224463230446,-0.013722646633922298
2024-02-05,-0.0031914247092839076,-0.005120905671782694,0.006893726576010728,-0.010465575192838745
2024-02-06,0.0023077459317484283,0.0043347927263059916,0.007255816521489322,0.006189012838946046
2024-02-07,0.008207682594008503,0.00034398171225102914,0.007474425755050085,-0.0014641934317635922
2024-02-08,0.0005704205400913764,-0.0014751441294391654,0.03145249377319104,-0.004702299706363936
2024-02-09,0.005725917128794222,-0.0043890601064937584,0.008101378780224877,-0.001211912771651076
2024-02-12,-0.0009494041426520994,-0.0025238650815326835,0.0010406066744543807,0.001382379792885304
2024-02-13,-0.013768609419845035,-0.012615124246704745,0.012274907944354041,-0.01142952619504267
2024-02-14,0.009534168304217161,-0.0013054709316033808,-0.015921679161541746,0.004126202813938555
2024-02-15,0.005804372674040437,0.00591121182520471,0.017974226785918646,0.002351449927098771
2024-02-16,-0.0048150435759612975,0.004684094906416192,0.014756706567403022,-0.004265038099724447
2024-02-20,-0.006023426465818105,0.007922794599725336,-0.01283619478373943,0.0017840863172543977
2024-02-21,0.001263401495103622,-0.002568005317217903,-0.003459502921188573,-0.0038547895514016908
2024-02-22,0.020902888666403996,-0.0012865403339379355,0.008944564222842288,1.0636808973415767e-05
2024-02-23,0.0003478870265016809,0.009314324420003572,-0.027338940164422176,0.005581286220974594
2024-02-26,-0.0037939392446677545,-0.004966682111914089,0.014149700208427873,-0.002973911456895788
2024-02-27,0.0017048955387206632,0.0027076939620034324,0.016491276620095974,-0.0011178744310290393
2024-02-28,-0.0016595313211116292,-0.0004917629801584056,-0.0041929014273733856,0.003479358139023552
2024-02-29,0.00521547045579851,0.006227470697706572,-0.0035714167278451114,0.0019466046125203931
2024-03-01,0.007975936433387787,0.01993965913984308,0.02161493552946414,0.0060043908301801036
2024-03-04,-0.0011939745749618424,0.014650906546489928,-0.015500321222901015,-0.0029892130933649374
2024-03-05,-0.010245406275918967,0.00743325261566774,-0.007521181992922621,0.006827309292790246
2024-03-06,0.0051279328530018375,0.007843566350875797,0.012461958518869665,0.0028486576214964325
2024-03-07,0.010251402284984223,0.0035744768391499093,-0.002530647324635815,0.0011396084817145548
2024-03-08,-0.006549922992050483,0.009500646655496325,-0.011724336602441099,0.0004065847116530929
2024-03-11,-0.001122868268028654,0.0017884952401807652,-0.0010260592127862012,-0.0010579524260601833
2024-03-12,0.011139512586668232,-0.01017766419787769,-0.004759192874690399,-0.003975732929956665
2024-03-13,-0.0019263840021217504,0.006919166252700393,0.027468711760172404,-0.002832264931505994
2024-03-14,-0.0028752210514948473,-0.005716363815521319,0.01913340619143611,-0.008376415801932017
2024-03-15,-0.006504022859738612,-0.0026386845425951932,-0.002711045610756635,-0.000312870782306052
2024-03-18,0.006298184238481497,0.0015747582428708995,0.02051855427951299,-0.0027247586612941578
2024-03-19,0.005633253044342368,-0.0020384080923117054,0.009025874969929681,0.0036379236843579804
2024-03-20,0.008864765516360507,0.0007416687251717846,-0.02167812289445159,0.002107096278474331
2024-03-21,0.003231309094529067,0.011289662615765472,-0.007496202357380355,0.00033094799330243775
2024-03-22,-0.0014031718343261446,-0.011196893703512067,-0.005442220602357217,0.0044573560960841805
2024-03-25,-0.0030596403820322138,0.007708478525095153,0.01623851331766346,-0.002659475101803773
2024-03-26,-0.0028037219828060955,0.0003678047123045758,-0.004034904322067767,0.0017047236925404642
2024-03-27,0.008593595582706115,0.006870990033479352,-0.003313548720420556,0.0032456071459714335
2024-03-28,0.0011158627007610278,0.01215977082804276,0.022125868956703876,-0.0006429749516968477
2024-04-01,-0.002015614526957421,0.008576849575533174,0.0064717498702835385,-0.009731160850190036
2024-04-02,-0.007265388203672174,0.010895049405067248,0.017055991293518424,-0.0027202637466463815
2024-04-03,0.0010905275233383804,0.01466413556445989,0.00328290570716927,0.0009769327825157577
2024-04-04,-0.012411035619262378,-0.0024436447730247224,0.013486962431429106,0.003878159389104611
2024-04-05,0.011038050135699251,0.015993363911781522,0.003688849418979956,-0.0053686382792861075
2024-04-08,-0.00037470119004190394,0.002576546332762497,-0.0055383012907208595,-0.0035112675017395134
2024-04-09,0.0014444494736345348,0.005047944048811814,-0.013981317374481605,0.004834727411193898
2024-04-10,-0.00950198183221218,-0.005948917440644408,0.01143264568113267,-0.015266299702503436
2024-04-11,0.007417221983342159,0.01075919796756164,-0.013899686155501634,-0.0010915442392269343
2024-04-12,-0.014657587802247463,0.0005943121990892308,0.007499531492312528,0.00632786136121061
2024-04-15,-0.012094195787460293,0.004066120662028716,-0.0029227821040329616,-0.010055117323807376
2024-04-16,-0.002058624527503383,0.010511806622644393,-0.0005856186910557781,-0.0022720526901037577
2024-04-17,-0.005797375076005196,-0.008021081390408469,-0.03177890888493984,0.0060674948526264795
2024-04-18,-0.0022106017004848155,0.004459451082454713,0.00048362852018968283,-0.004732206569118307
2024-04-19,-0.00879712965405588,0.006735379565596666,0.004943592704170108,0.0027246327424063923
2024-04-22,0.008693351156837892,-0.02798980048135924,-0.0034942010280367697,-0.0004517095790657783
2024-04-23,0.011893566567723113,-0.0019313725586949104,0.006136859871728184,0.0021696178977276825
2024-04-24,0.00021298737793173927,-0.0013756724603899428,-0.006619787763345819,-0.004096601071882599
2024-04-25,-0.004586934270118803,0.00227748579311271,0.009135802798019732,-0.004083483534047156
2024-04-26,0.010157381332325244,0.0021438073190775953,0.0033448697098901192,0.0031163144448173195
2024-04-29,0.0031734080766394612,0.004529666146779299,-0.014656692597929677,0.004551503618195662
2024-04-30,-0.015855551118928446,-0.023292979548680037,-0.008507549595007546,-0.005513091580914088
2024-05-01,-0.0034413534856305716,0.003702659409149156,-0.036417375411537556,0.00741651650156042
2024-05-02,0.009087024725083381,-0.00030438616232419946,-0.000633150419681705,0.0020914832442840603
2024-05-03,0.012478557659509448,-8.696932457219475e-05,-0.010696604611133864,0.0058484677515733535
2024-05-06,0.010273173691247806,0.009782399430942057,0.004725760595284179,0.0010570491702916324
2024-05-07,0.0013425282288253015,-0.0027605894071447423,-0.0012751003018784957,0.0022570873969738753
2024-05-08,-5.835635194628708e-06,-0.000691260612883049,0.00775247740240026,-0.002138538704913287
2024-05-09,0.005078032639108443,0.007964395898362397,0.003412379582464986,0.003618830430418629
2024-05-10,0.0016480400801661688,0.014980894748722662,-0.01269697063562969,-0.004212637450074548
2024-05-13,-0.00024133317386620945,-0.01326717176702008,0.010929077949739963,0.002016240951036083
2024-05-14,0.004826148527454777,0.007378135479852332,-0.014000560976655585,0.003058820542926657
2024-05-15,0.011647827787300002,0.014888214910603992,0.007788110021032857,0.007329244240896806
2024-05-16,-0.002083837474089023,-0.0036487767790971404,0.007601786273661482,-0.001513208457997805
2024-05-17,0.0011640956878942177,0.013438686241467934,0.010421265723094209,-0.00327165910745273
2024-05-20,0.0009159703084904436,0.0089556950387788,-0.0032527803713788828,-0.0011855856835193046
2024-05-21,0.002498749766893127,-0.0050251162420584805,-0.006789927983864352,0.00201943729682025
2024-05-22,-0.002709791209351664,-0.01351119128257583,-0.02155286414589508,-0.0014262512039590759
2024-05-23,-0.007408162283471853,-0.022946670318134466,-0.009065031477321739,-0.0031004998012732184
2024-05-24,0.006976649076673169,-0.0010712373814989462,0.010996921124401204,0.0008171266613256204
2024-05-28,0.00024877090688590897,0.009684975081007074,0.026786756378970544,-0.005797073985189397
2024-05-29,-0.007394317215743129,-0.0063464816760836484,-0.007544339248005905,-0.006326252863972861
2024-05-30,-0.0059929575357529075,0.001110289464387293,-0.016800695999504178,0.005756383632649513
2024-05-31,0.007995824231928239,-0.008573073570683043,-0.011878845804019988,0.00337131250260548
2024-06-03,0.0011154602235343702,0.010151150585457458,-0.03664184346355892,0.0091605851733291
2024-06-04,0.0015016810037842276,-0.009032443941432433,-0.013155424182365927,0.005484147295733173
2024-06-05,0.011778015849955636,0.012223460620860216,0.011132340007921293,0.003961581871699003
2024-06-06,-0.0001998366016362496,0.006858019711762253,0.019784141207532357,0.0008154652693806836
2024-06-07,-0.0011158420502788147,-0.027849130615993367,-0.0002648169491052954,-0.011762457682656678
2024-06-10,0.002577529978241344,0.001083916970968879,0.028839985781384136,-0.00294173695817535
2024-06-11,0.0027067148552095688,-8.664897474286448e-05,0.002056074519455109,0.0053893724010198665
2024-06-12,0.008467720241887022,0.012275377571111079,0.007672652323998719,0.00896054200780299
2024-06-13,0.002341911437117261,-0.015444010517410511,0.001527530140252864,0.00477750691085438
2024-06-14,-0.00039393828099854034,0.013472849167638579,-0.0021647146502488113,0.0021912575840934046
2024-06-17,0.007635164372320702,-0.008182999621581644,0.02368173270151175,-0.005156808982017106
2024-06-18,0.0025181541815175734,0.007753980763100188,0.015318370591335118,0.005186021211476269
2024-06-20,-0.002529127395412445,0.009991179448078924,0.007328706088144621,-0.002820932732439845
2024-06-21,-0.0015633517188238244,-0.016016849994939797,-0.017679954670203557,-7.34298952757913e-05
2024-06-24,-0.003069879155868094,0.005854053366742384,0.011086512827385597,0.0008959992369010166
2024-06-25,0.003925873679182956,-0.005767631906511639,-0.009848601417631109,0.0009768498509098711
2024-06-26,0.0015711962247202393,-0.007539420565480626,0.0008656365268331356,-0.006112652135654879
2024-06-27,0.0009069098567984213,0.010943747042885477,0.0103296090759315,0.0024289623022783467
2024-06-28,-0.004092013462368982,0.0013756724603899428,-0.0024497433826136117,-0.004252908650138977
2024-07-01,0.0026719909814296727,-4.2898852745665295e-05,0.022314730893051582,-0.010693551815342085
2024-07-02,0.006176205771184939,-0.001978281967874196,-0.006859641948525841,0.0036204530858155
2024-07-03,0.005071562269533203,0.015717436587046052,0.01283837572594937,0.006686231674115985
2024-07-05,0.0054339743609688185,0.012088663472560768,-0.008620666262815213,0.006870377268101138
2024-07-08,0.0010161824764054472,-0.014039925027510058,-0.0100309234759548,0.00041162379320184753
2024-07-09,0.0007407974780644366,0.0020784035788130595,-0.01123742298134811,-0.0023287666863057556
2024-07-10,0.010156314878106087,0.005113741630379032,0.008439837303350295,0.001783897767197268
2024-07-11,-0.008801649969266023,0.017881513074974542,0.006313817339399286,0.007216859948455439
2024-07-12,0.00550186402496422,-0.00041416442919572916,-0.00497487718457279,0.0004904312176691948
2024-07-15,0.002822216423354007,0.0036800068503834993,-0.0036558097911436604,-0.003068195602695729
2024-07-16,0.0063690499714521565,0.016171314917782453,-0.0141393083402237,0.005196142740256574
2024-07-17,-0.014025441523644488,-0.0030911330198239995,0.02554990555897696,0.0018702150954203758
2024-07-18,-0.007847112145350721,-0.0012228428297103022,-0.00036215102259085086,-0.0033191910430208195
2024-07-19,-0.007165879226405991,-0.02323049125293153,-0.03301929291921013,-0.0038748361147142698
2024-07-22,0.010734217246220368,-0.0014621412526549804,-0.004377450337009314,-0.0015273703774850269
2024-07-23,-0.0015593176939461273,0.005253774082549789,-0.035987036715088294,0.0018663421553895333
2024-07-24,-0.023421242222893213,0.003611515541423138,0.008152711246338207,-0.0036218493067588834
2024-07-25,-0.005155889019716753,-0.025771655108934866,0.008853621226170283,0.0025927403058911545
2024-07-26,0.01102942040957089,0.011877017079959806,-0.014410891435045592,0.004703408382285539
2024-07-29,0.0008129795718279098,-0.0011350772219733685,-0.017651057634833656,0.0019499565805939077
2024-07-30,-0.004972514361366365,0.01158449309631493,-0.014348515000907724,0.003007629912035637
2024-07-31,0.01566998070191694,0.008899986305409335,0.04167269848409472,0.0029295720467690987
2024-08-01,-0.013788123791989904,0.003496866671419241,-0.020750402038848037,0.011049051245013082
2024-08-02,-0.018552906608553243,-0.00382663413501394,-0.037246526920984735,0.015352314564116497
2024-08-05,-0.03042704139239305,-0.009943322792610232,-0.007920213535323128,0.000728755532364171
2024-08-06,0.010300849493599884,-0.005260032745344034,0.0035581604246184284,-0.008316317599293136
2024-08-07,-0.007764715388770327,0.0005857822224362152,0.02735475291781775,-0.006396320814171698
2024-08-08,0.022781139590899002,0.013173648862206733,0.012680120334173317,-0.002213840997847728
2024-08-09,0.004660798434381164,0.004078923886462249,0.008495037712886067,0.004667847550632983
2024-08-12,4.3033051721153015e-05,0.012381322610815815,0.04105103282825873,0.0028662936173419746
2024-08-13,0.016707233419049672,0.0017447607257965458,-0.021590373742851554,0.004848696664372077
2024-08-14,0.003816436561198344,-0.011129137775199638,-0.01764025786340273,0.002791952889650038
2024-08-15,0.016004489931304988,0.005600503269123536,0.015212363125069572,-0.008545545660502763
2024-08-16,0.0019878023683954638,0.0183780434367522,-0.01950842936361674,0.0029500851585101775
2024-08-19,0.009675327436177383,0.0012798782157226185,-0.03019695357839325,0.0022115373628427996
2024-08-20,-0.001986527237608726,0.0037900744796477426,-0.004447171575921338,0.004194943709645171
2024-08-21,0.004230714721005668,-0.001155506040310783,-0.028912071948662188,0.003457085422378127
2024-08-22,-0.00897294225665668,-0.011830186756921712,0.014903019205474877,-0.006763537816082218
2024-08-23,0.011417937401663636,0.011830186756921712,0.024622451234376896,0.004692038290293359
2024-08-26,-0.003158710169605783,0.0037007061988525436,0.034026222936781814,-0.0007562180626041157
2024-08-27,0.0015939251127239373,-0.0006754281156968744,-0.024715209335050226,-0.0010847777369980848
2024-08-28,-0.005993900794734941,-0.0059796869427115595,-0.013462411477556557,-0.0005070110332678325
2024-08-29,-3.937984343771461e-05,0.009827580801596625,0.018480975585486448,-0.0019869699330338593
2024-08-30,0.01004245707914464,-0.012710561536922071,-0.031582987731720635,-0.003459339946949101
2024-09-03,-0.021377963372398057,-0.00156516135352458,-0.04462491355686993,0.005674336475491132
2024-09-04,-0.0016038290273812095,0.0014046919562069604,-0.016339756459788468,0.006436162350984553
2024-09-05,-0.0030225810146742305,0.00719312592470267,-0.0007227383460923775,0.003214160752851532
2024-09-06,-0.01741094450742331,-0.007152981683502091,-0.021635156991438365,0.0018892159275487824
2024-09-09,0.011513534435817263,0.003323146311661418,0.015251812532925513,0.001225770165665374
2024-09-10,0.004462699977795026,0.00418819534666337,-0.04403506466059692,0.004388419987878835
2024-09-11,0.010608555649842089,-7.95920572214115e-05,0.023449106693669286,-0.000437333817253258
2024-09-12,0.007467352156803386,0.015444721969290143,0.02436286739070148,-0.002096943023686233
2024-09-13,0.005393142234355608,0.011729349341313977,-0.004650490701332721,0.002640671266551601
2024-09-16,0.0012558408673104537,-0.0003487790851908201,0.020758923822648434,0.0025597354212813276
2024-09-17,0.0002645150938960228,-0.00625883189495724,0.015572315146450855,-0.0016032319098537038
2024-09-18,-0.0029006587083131308,0.002492660431349769,-0.0039408744496371995,-0.0034250460653010087
2024-09-19,0.016834356892726277,0.006707160271704815,0.014559871958021553,-0.004407322127017031
2024-09-20,-0.0019429136300157523,0.012250735192204765,-0.0004170262146345749,0.0011425043258093935
2024-09-23,0.0028053344257124024,0.0025160495810210293,-0.02178728969472221,-0.0007628344756823996
2024-09-24,0.0025080311033462976,0.009360187860914415,0.016769149514566983,0.0003967995175459363
2024-09-25,-0.0018629832062124763,0.0030129580442377346,-0.026479354040803038,-0.0035699673554370555
2024-09-26,0.004030542158199424,0.004015674633472521,-0.029413947297257437,-0.0006758361981791272
2024-09-27,-0.0012540029000724928,-0.009634583484436021,0.007508348000242471,0.0036261647763031583
2024-09-30,0.004227603658440771,-0.003105809232568646,-0.00014671267121890708,-0.004226021429977031
2024-10-01,-0.009367848694454395,0.011766153885765185,0.024059184564979574,0.0050348735320132725
2024-10-02,0.00013838132698751338,-0.007602005078805263,0.0038590291938218613,-0.003321153898841659
2024-10-03,-0.0016828286544594562,0.003770601213994418,0.05021569050716046,-0.0052026285210633
2024-10-04,0.008930255699185707,-0.00426184375335481,0.009048588790040668,-0.01056692858815574
2024-10-07,-0.009632263829388421,-0.0003780289545414206,0.03643489329725291,-0.0035164786724088152
2024-10-08,0.009642706804694257,-0.011331369029671912,-0.047384615071751846,-0.00041162549782387846
2024-10-09,0.0070882310169952945,-0.0034476188142322783,-0.004495639157300779,-0.0026107265303371738
2024-10-10,-0.0020722685059819668,0.005586857750537355,0.03501599503871056,-0.0021986425668081497
2024-10-11,0.006033608707298299,0.014020160169732065,-0.0038306753550028105,0.0020363657579387444
2024-10-14,0.007678114574593664,-0.003694371660486695,-0.023161832450448117,-0.0018726756793319968
2024-10-15,-0.007638566037513783,0.005123138471504696,-0.04501833368193964,0.005059032418894833
2024-10-16,0.004668232782780279,0.0047232152458107635,-0.0026956452410500376,0.0019575320509600197
2024-10-17,-0.00017117512853737082,0.006337393065017238,0.003969929843791853,-0.0063509748967255876
2024-10-18,0.003963686942773492,0.008400127613583663,-0.020731272950514246,0.0020363657579387444
2024-10-21,-0.0018244327564183038,0.0034579737223614515,0.019173521255787307,-0.008671978880062957
2024-10-22,-0.00047496666719659686,0.007718602631014093,0.02145191051924833,-0.0016151108205449745
2024-10-23,-0.009233824267679935,-0.010918677200948856,-0.018480152964078123,-0.0029039742961918637
2024-10-24,0.002143473130557183,0.007523937915991041,-0.008229249128125282,0.0035692403561914067
2024-10-25,-0.0002994920131857981,0.0021914615637026458,0.022399983188136297,-0.0024205114889972452
2024-10-28,0.0026479346267329618,0.0007294212625952312,-0.06325767149745243,-0.003542917274096811
2024-10-29,0.0016128259449015303,0.009253781457163157,-0.002526164855852997,0.0004924844628710904
2024-10-30,-0.003305691672489175,0.007234316137240349,0.020616273238773353,0.0008153730101411032
2024-10-31,-0.018790134928744706,-0.018166509123427765,0.00942926421915935,-0.0012823840642854725
2024-11-01,0.004084158004525662,0.0001095688511387749,0.0033152567667684707,-0.006016959426191349
2024-11-04,-0.0028160448131906435,-0.000913292083431827,0.028094971727140816,0.004361702220866097
2024-11-05,0.012191031029562538,0.0015338367843664713,0.0072493924953977995,0.0017835587293717117
2024-11-06,0.02498128095718677,-0.026888192891822982,-0.004175888887395729,-0.010803337282985078
2024-11-07,0.007403754173996191,0.0114797401905804,0.009302367042198334,0.0070119166190633665
2024-11-08,0.003749794035718068,-0.004047575121093772,-0.027744576093622797,0.0029919408734612064
2024-11-11,0.0009685941909562956,-0.02880152636562716,-0.03381331188501857,9.774606972978904e-06
2024-11-12,-0.002896851476936746,-0.0042984220607173995,0.0011751151308629915,-0.009758506150624525
2024-11-13,0.0002322007641417656,-0.007411997718866026,0.004540433309838221,-0.0013442365466719776
2024-11-14,-0.006068108582244491,-0.004894201906120443,0.003937825382706706,0.00282097450214201
2024-11-15,-0.013291430866793519,-0.0009739185590538213,-0.024758122586162834,-0.0006255985223819706
2024-11-18,0.003910159746206787,0.017348790536743763,0.0314316815457234,0.0012977703426879318
2024-11-19,0.003955750520596268,0.006300496006653944,0.0033200423491468456,0.002984995391151573
2024-11-20,2.195062133480974e-05,0.007999532098494022,-0.00752204667821843,-0.001991027134998755
2024-11-21,0.00532625184428781,0.00898457118513818,0.017702062836089993,-0.001907193555813941
2024-11-22,0.003461959591536612,0.01404698113449765,0.01613165616169976,0.0019394732757263518
2024-11-25,0.003015927820126052,-0.034959481903407585,-0.032817831932857366,0.011879186355506235
2024-11-26,0.005705697155262257,0.0013366177677767155,-0.0024690419843933498,-0.0028121558282026924
2024-11-27,-0.003808481083577675,0.007452166991227749,-0.0007272590783866661,0.005019309847307568
2024-11-29,0.005592120396801903,0.006456666117156118,-0.010532590263325758,0.005356103886501981
2024-12-02,0.0024454638805817552,-0.008352473231235003,0.0014694855729144862,-0.0012920215507706725
2024-12-03,0.00045134724202178234,0.003712425318383339,0.02666057579336023,-0.002017359818827906
2024-12-04,0.00603318162813693,0.0034349746546977755,-0.020220236738356157,0.003652801541711733
2024-12-05,-0.0018715258393822154,-0.010302322170882228,-0.0035077185456158233,0.00016587300906105646
2024-12-06,0.0024923453675373963,0.004558239129528907,-0.016236609142369574,0.002519627424635351
2024-12-09,-0.0061631672852264785,0.009917986338086493,0.017260969981989227,-0.003722173212269209
2024-12-10,-0.0029682843142797566,0.012196028210302856,0.003212526021897588,-0.0016130210298643253
2024-12-11,0.008132626411368804,0.013330075570755717,0.024482856092888028,-0.0038673653223720485
2024-12-12,-0.005428731461464054,-0.01708120714353356,-0.0038486866287925636,-0.004096638701566446
2024-12-13,-2.6466989371698446e-05,-0.011790161839593694,0.017975210387811913,-0.005843736675989068
2024-12-16,0.0037921550087851585,-0.0017334660635324184,-0.008169085303321388,0.00033501499817256523
2024-12-17,-0.003871479480656248,-0.002643606002823873,-0.00894951991231352,0.0011375544738203944
2024-12-18,-0.029936505304517524,-0.0029918795594436887,0.007109371433892342,-0.008528514590256515
2024-12-19,-0.0008654867505377695,-0.016945362817807563,-0.009538091283001648,-0.005867613950601772
2024-12-20,0.010810479402397988,0.013982491661312046,-0.006457718771803123,0.003848787322973678
2024-12-23,0.007260849585616569,-0.006258330803748713,-0.003172334679828026,-0.005778601792684633
2024-12-24,0.010982233165126587,0.002943239744862325,0.012344072817911389,0.0008182749339146273
2024-12-26,-0.00040574108825808253,0.0071499690974858865,-0.006870850439029574,0.0011364092672849913
2024-12-27,-0.011117304964912478,-0.008219261513672471,0.01397820105183989,-0.0029929613482504733
2024-12-30,-0.010759673941729275,-0.004250136932791193,0.005508869073121758,0.0060771357474666545
2024-12-31,-0.00429400645898248,0.00882471041177979,0.010230673798029777,-0.0020467810538858724
2025-01-02,-0.0022263631494485736,0.011232867866452168,0.01946897596799868,2.241274614857189e-05
2025-01-03,0.012517356707824945,-0.005241401391996803,0.01128575241491081,-0.0014870151252209599
2025-01-06,0.005522766496818932,-0.002498429500501942,-0.005423027593439933,-0.0015637612698122159
2025-01-07,-0.011166021516636704,0.006912096917742971,0.00933641113600725,-0.004959881225052637
2025-01-08,0.0015591440938305112,0.0029316900271956214,-0.01260435887354916,-0.000605027172812096
2025-01-10,-0.015531637650232355,0.016378553361117376,0.0433719323301931,-0.006352187504439363
2025-01-13,0.0015742043780537784,-0.013006500709167312,0.028961416755598712,-0.001934721371325293
2025-01-14,0.0011456233341640143,0.0014950479331172772,-0.01688883153575027,0.001371564121856012
2025-01-15,0.018147132504516605,0.01298719552681149,0.03224858479460391,0.010886916046780909
2025-01-16,-0.002114924340865798,0.012420208736854121,-0.01713752375435096,0.003917181977441946
2025-01-17,0.009941478308393314,-0.0007648764771968075,-0.010219852162403065,-5.545716420514083e-05
2025-01-21,0.008730009440595765,0.0038913914786418147,-0.025884229863912367,0.002966722825734784
2025-01-22,0.006119181086994274,0.004563111323177438,-0.005947244685811981,-0.0018045629649556085
2025-01-23,0.005299419459529275,-0.001627280754371796,-0.010929066086830197,-0.0029100084896668613
2025-01-24,-0.002859215984466701,0.005125977145750582,0.0005359179363271238,0.0011361403997490968
2025-01-27,-0.014688059032112122,-0.014434155176814123,-0.020159046665649605,0.007995225727344261
2025-01-28,0.009175644177716435,0.010646340249542696,0.008166623519532124,-0.0016517001249106566
2025-01-29,-0.0046898760569202835,0.0008309575316065576,-0.0157116955833283,-0.0001378192107672979
2025-01-30,0.005261548152180495,0.01927775634758344,0.001513596515076543,0.0036109559066786817
2025-01-31,-0.005059603990266837,-0.0037263817408135225,-0.0027537477775538832,-0.00435561010941461
2025-02-03,-0.007637690729495716,0.007580052840268081,0.008648621033832349,0.0022522998789615773
2025-02-04,0.007198907403029864,0.006822415916365898,-0.006307531016771506,0.002573362422956491
2025-02-05,0.0039010539156141277,0.006393163440626459,-0.02323903673808303,0.007469603131542476
2025-02-06,0.003637674355266185,-0.00544735525046125,-0.005930519651741406,-0.0012653910591149654
2025-02-07,-0.009509845693660424,0.003948792974386883,0.00550809086907833,-0.003577591955355258
2025-02-10,0.006690112295453687,0.016258833046569166,0.018420834822808096,-0.0003010192148853635
2025-02-11,0.00033952514367463493,-0.000617851606475206,0.013732706945136286,-0.0033275281945411316
2025-02-12,-0.002727583189647831,-0.0012024393787539722,-0.02695576734257976,-0.007749721048975479
2025-02-13,0.010372313214235263,0.005792712774394637,-0.0011215734948457623,0.00911284236803448
2025-02-14,-7.194639557361882e-05,-0.014562544873085947,-0.00774492439283847,0.004415585705196435
2025-02-18,0.0024420036555508062,0.016508834966771246,0.015569437709031853,-0.005557375877478485
2025-02-19,0.0023741488668242994,-0.004170300117599446,0.005551735704513838,0.0008975096052341495
2025-02-20,-0.004343604884288865,0.0070314990870450345,0.004419282092243293,0.0029735921616128383
2025-02-21,-0.01721139667253979,-0.0008166266630071917,-0.030358324246371637,0.006588437119347279
2025-02-24,-0.004981493566251771,0.003500064634192057,0.004252244899221935,0.002341540613074876
2025-02-25,-0.004690715138396584,-0.014831760871325095,-0.025354028412746032,0.007830631997061636
2025-02-26,0.0001360150295841578,0.004225883232117589,-0.004507423868616911,0.004128906107161963
2025-02-27,-0.015991742678524545,-0.011586370186079442,0.024898684414305094,-0.0027345460429788124
2025-02-28,0.01572978042066353,-0.016224097946285987,-0.008421951647283876,0.004536081864059005
2025-03-03,-0.017753402648310157,0.018649013437515016,-0.02012663812526405,0.004301515575819662
2025-03-04,-0.012310288231505595,0.006689961266387101,-0.0016101973239743828,-0.0022621830047485332
2025-03-05,0.011097472528735608,0.0019570989537598393,-0.028983296211349874,-0.004272573822117844
2025-03-06,-0.01797967710745496,0.00044584057237084807,0.0007537959571211061,-0.0015241867221440374
2025-03-07,0.005505435045455087,-0.0040884898428901195,0.010194995310435218,-0.0023260572256728665
2025-03-10,-0.02734354178842935,-0.004727634903136213,-0.01518030411088045,0.00858716797334242
2025-03-11,-0.00759664691853601,0.0075466519578206714,0.0033262991469502623,-0.0058802085190611956
2025-03-12,0.004874967940491359,0.00895433027112258,0.02135525494073498,-0.00224530959895345
2025-03-13,-0.013988366806465535,0.015261784579634785,-0.016837129109330107,0.0037215169316629115
2025-03-14,0.021042905953198243,0.0034120428795940683,0.009421998029068845,-0.002569256735001129
2025-03-17,0.006395634974605713,0.0018350159457281023,0.005936519653962691,0.0003320662470828957
2025-03-18,-0.010710667074320668,0.01163211640533568,-0.010113118438230373,0.002187363723831978
2025-03-19,0.01074060817295397,0.0002634836739012769,0.003878896794933695,0.002188791675900694
2025-03-20,-0.00218728351378239,0.0013496266707839766,0.016246088036584005,0.002028351113579425
2025-03-21,0.0008243136078327495,-0.0071969043937123445,0.0002929052742830507,-0.0013666896765704725
2025-03-24,0.017492117128638185,-0.0016911295043424701,0.012082566886560286,-0.00618804167670149
2025-03-25,0.0015730954906540973,0.003511749378260376,-0.0015929423376386254,0.002105252161049353
2025-03-26,-0.011219640357598593,-0.0009264629905239019,0.00937621753636364,-0.0023226751363483065
2025-03-27,-0.003312461007132228,0.012925489441903082,0.0038689830258036295,-0.0023177841767437076
2025-03-28,-0.019934601126852414,0.00855750550209855,-0.008041363887377528,0.009379811631462686
2025-03-31,0.005523240357645065,0.011692288048193333,0.030107395982433616,0.0008960282139355989
2025-04-01,0.003774104555212432,-0.0012497066576351301,-0.003924961698320573,0.007471425393738448
2025-04-02,0.006705661429483811,0.006710576935194723,0.0071374195712401445,-0.003074636038691816
2025-04-03,-0.049605911828995986,-0.013757020186499602,-0.06868416857286341,0.011663376389004703
2025-04-04,-0.06160906189823123,-0.02782959105342009,-0.07697291776429882,0.005888006280499334
2025-04-07,-0.002334194605962736,-0.020358542145218372,-0.021029398155769208,-0.013636546989629123
2025-04-08,-0.015825083277055896,0.005777286422797623,-0.01862373261662853,-0.008473369776652641
2025-04-09,0.09089487983303712,0.029247416271417137,0.04544366963540547,-0.010898250235321608
2025-04-10,-0.03522060702411167,0.031781399464090754,-0.037253103871513815,0.0006559502358182984
2025-04-11,0.017930380835776916,0.02101247097035497,0.023526631030738265,-0.007730183434291484
2025-04-14,0.007913319326343426,-0.005414639755736417,0.00048766610077244366,0.010541785277308412
2025-04-15,-0.0017292752253013077,0.0043278349931821225,-0.003255691419577822,0.003473539959064368
2025-04-16,-0.022663253964902097,0.032973254571937005,0.018417311552441085,0.0037209025170040384
2025-04-17,0.0013259586237737153,-0.005395442489893654,0.03476557838103833,-0.004174971894499481
2025-04-21,-0.02384964833401959,0.029041937846947974,-0.02504824830480956,-0.005601093620305735
2025-04-22,0.024806952125450366,-0.0015865736672466824,0.01931131106134476,0.0014587131772048477
2025-04-23,0.016523864366879693,-0.03729596062718876,-0.0322353259480499,0.00033465668838618737
2025-04-24,0.020056628082583572,0.016857972511505892,0.008316063471168533,0.006780498481587179
2025-04-25,0.007346084795701202,-0.014997891910233818,0.0036563038861121555,0.003318809296263151
2025-04-28,0.0006405015390011926,0.015147940676364158,-0.015511644237856004,0.004214817462963936
2025-04-29,0.005785641545557496,-0.004119486550148821,-0.026620353701971133,0.003653696696784193
2025-04-30,0.0014788972519319543,-0.0041668132169281336,-0.03726300009744943,-0.00015867270637544078
2025-05-01,0.006279345716452056,-0.02916553616172557,0.0175398721772968,-0.004200288091225563
2025-05-02,0.014619191109114027,0.006799232227836072,-0.016166449969052366,-0.007157600753415716
2025-05-05,-0.00640204702931868,0.024270706904035322,-0.02010117633128594,-0.001517304780965437
2025-05-06,-0.007722985278391548,0.029781859324396365,0.03373231650728492,0.0029917499363135733
2025-05-07,0.004336938106709098,-0.008832939557882113,-0.01741253381123009,0.002833473444892851
2025-05-08,0.005783021147466982,-0.025398132101866366,0.03119425942023213,-0.007700087939097756
2025-05-09,-0.0007117341348763517,0.011700918988175601,0.018358253241505196,1.294952697549682e-05
2025-05-12,0.03203997667701941,-0.035211223370302136,0.01512593360017167,-0.006384875773859219
2025-05-13,0.007222059020246974,0.006284573623098311,0.027385844879860066,-0.0031756882262135864
2025-05-14,0.0010238912422764201,-0.01834461239329066,-0.008200592311149002,-0.0021330967473780606
2025-05-15,0.004123817438756561,0.012277391287756956,-0.024526397124652988,0.006018919514789389
2025-05-16,0.00698084936809984,-0.012088782158285127,0.014020094966140206,0.0012973941893300181
2025-05-19,0.0008757295660490882,0.014631561796194958,0.0031953525790582304,-0.0025408310417840457
2025-05-20,-0.003887777069571996,0.01579340480163438,-0.0020758051911764497,-0.0003017700115547603
2025-05-21,-0.01626671926775991,0.00880180490270277,-0.01595138422208553,-0.008959208641562225
2025-05-22,-0.00044497002242138706,-0.005150277910233925,-0.006027531981941614,0.003605918207307798
2025-05-23,-0.00673089959147255,0.02142543450396417,0.005377638928633743,0.0036911835713444472
2025-05-27,0.020252580802184283,-0.01936212440612195,-0.010455893316601461,0.006184154625043802
2025-05-28,-0.005586802576445393,-0.0016685124798723194,0.015481459149985888,-0.0032600244359069315
2025-05-29,0.004003170870632289,0.007109715550713602,-0.0146606557241995,0.004423447838735393
2025-05-30,-8.118845699556232e-05,-0.008537804000789961,-0.002464434201306709,0.0008166637963061463
2025-06-02,0.004093651490626016,0.024537666358952492,0.028061196054028237,-0.0035030726099305382
2025-06-03,0.005783533535369756,-0.006070768059981191,0.01413506243041951,0.00033699427552563103
2025-06-04,7.368474471824982e-05,0.00693075011258415,-0.008870664547419693,0.007808753332352736
2025-06-05,-0.005291357978697064,-0.0067815164251037174,0.008239635722055105,-0.0021532997699889376
2025-06-06,0.010228196215376073,-0.008391573926159523,0.018914247203200674,-0.00907997669877787
2025-06-09,0.000919525186391823,0.002825074432685426,0.01093410553760954,0.0024158351208411056
2025-06-10,0.0054680125416464165,-0.003366964044300147,-0.004759317319035894,0.0008171906207958555
2025-06-11,-0.002747660318286549,0.00012048613043802447,0.04763159863056643,0.005147095957058126
2025-06-12,0.0038151330716758025,0.01778563010253542,-0.0016153995491636763,0.004595220604418731
2025-06-13,-0.011360668590102208,0.014768122634468028,0.07008969602291071,-0.005194353725993215
2025-06-16,0.009348823148188856,-0.01019402159970717,-0.016718962337807675,-0.0020645193959744094
2025-06-17,-0.008387259723644291,-0.002889521305021958,0.04188593780488681,0.004910080405903671
2025-06-18,-0.00030928803471930166,0.0009444399210654097,0.004000579549590988,-0.00014650109415824834
2025-06-20,-0.002181035215588878,-0.006422120861074632,-0.0027986835739328697,0.0019410020557500862
2025-06-23,0.009560655071259916,0.0028461738938609926,-0.0895745972529296,0.0046015552738050735
2025-06-24,0.01106032861695816,-0.018013675886811242,-0.06233202246291203,0.0023479729230588063
2025-06-25,-3.286108348987682e-06,0.0029197688926849708,0.008507985708414267,0.00017035715163700164
2025-06-26,0.007988131032517387,0.001921720031074159,0.004917030567026082,0.003401097314162718
2025-06-27,0.005205399256150045,-0.018101974273061927,0.0042826433009324205,-0.002250793495016481
2025-06-30,0.005151137506128833,0.006303198845365898,-0.006277231686631524,0.004455362084703975
2025-07-01,-0.0011191571098798647,0.012758252337171427,0.005208289105660846,-0.0015284215031442028
2025-07-02,0.004733874306490193,0.0033808726417756674,0.030100091680430374,-0.0032170692188799497
2025-07-03,0.00830437821066532,-0.0049104542360627335,-0.006693918018056522,-0.0042516510856079855
2025-07-07,-0.007893368104245013,0.00018003346824535527,0.013785148304748418,-0.003597786395544193
2025-07-08,-0.0007161432504698695,-0.00759129785975432,0.005871167894201612,-0.0014284607262787543
2025-07-09,0.006043802776780183,0.0013900517720006889,0.0007314084547864752,0.006046088808774633
2025-07-10,0.002742441072925317,0.001749828380560814,-0.02682632301637433,-0.00014934746087285714
2025-07-11,-0.0033029717732251385,0.01156847445274245,0.02784948612237681,-0.005996133730612054
2025-07-14,0.0014064243309359625,-0.0013417817890850614,-0.021709389666200174,-0.0001448888066842224
2025-07-15,-0.003964145065671332,-0.006495750023280067,-0.0068915136248062225,-0.004775628315102301
2025-07-16,0.003188568525382962,0.006794079381101881,-0.0021068389445204616,0.0028977935001527925
2025-07-17,0.005359380240012257,-0.0037055602760016626,0.01732426359757877,-0.000462883822632153
2025-07-18,-9.049030280827708e-05,0.003854691586395731,-0.0029656691622079734,0.0026594987805531193
2025-07-21,0.0013981570056724735,0.014478602877328939,-0.002081157234508524,0.004994347602224974
2025-07-22,0.000637328496667422,0.010904801640990058,-0.014841707006914895,0.0030695993227973298
2025-07-23,0.007781532145703096,-0.013200213092494195,-0.014605448906322316,-0.004000764878202988
2025-07-24,0.0006979799969322187,-0.006829222657993128,0.011883119516578056,-0.0014292752375372503
2025-07-25,0.003966451001680582,-0.011036651923321372,-0.013263325783737123,0.0019405087817556633
2025-07-28,0.0001768424712675909,-0.007496505723880276,0.02350901306179054,-0.0025501649712044165
2025-07-29,-0.0029638301974674874,0.0043120472958140255,0.036790494628085035,0.007417626833852974
2025-07-30,-0.001250213938510214,-0.008339380490784976,0.011349894423839935,-0.0035216440544632533
2025-07-31,-0.0037016620463745653,-0.0007892237945714697,-0.01062767223144423,0.0014593075389457092
2025-08-01,-0.01612138718556899,0.016413806676874643,-0.028261640065498028,0.011498101698517147
2025-08-04,0.014629564491414726,0.007943973509988211,-0.015566859688174617,0.001786930644349469
2025-08-05,-0.0048697037804625865,0.0022201510582657846,-0.017193230128598636,0.0004906000133142641
2025-08-06,0.007255522219853816,-0.0005619433653798467,-0.01250892960569061,-0.0017749666293468064
2025-08-07,-0.0007977981718276794,0.005987967888746226,-0.007330570262490177,-0.0017718168776904857
2025-08-08,0.007769454816388688,0.011346160259979143,0.0,-0.003137970359109794
2025-08-11,-0.0025072683938844875,-0.025324517441946526,0.0012515335842291364,0.0011383305751084588
2025-08-12,0.011281559075170478,-0.0012534156557428844,-0.012428397727227036,-0.0014427323277848075
2025-08-13,0.0032248733840454236,0.0029220752624805613,-0.00826577022677899,0.004615789779403832
2025-08-14,0.00030304487855481455,-0.00702134686423328,0.020694167954006026,-0.004265542595511873
2025-08-15,-0.0029013399163648756,0.0002398515522887834,-0.0183028123262563,-0.0026463503965785022
2025-08-18,-0.0001007682577363056,-0.0012898149154132454,0.009824178912883674,-0.0008738155620352905
2025-08-19,-0.005875329112207339,-0.005507846531910943,-0.01701559258507146,0.0033148073963881765
2025-08-20,-0.00243463063226379,0.009013401028552082,0.013698854347058642,0.0006543260696939982
2025-08-21,-0.004012219728950939,-0.0019460210593322813,0.00489232214518065,-0.0025654976210550897
2025-08-22,0.015072285158778342,0.011175298783646426,0.002201595311539961,0.005823604172834484
2025-08-25,-0.004275512539646087,-0.00017778178522931398,0.017749230996228604,-0.0010411804593829278
2025-08-26,0.004125473710116623,0.004377165544111605,-0.024210522845626414,0.0015423819523309216
2025-08-27,0.0023881304533031056,0.0047106015210278684,0.01412898724012468,0.001785485735855241
2025-08-28,0.0031517474414659574,0.00795743201556931,0.00699027232038496,0.0026775207703915276
2025-08-29,-0.006418740402791556,0.012135375150160499,-0.009175032640841074,-0.0014504655534946277
2025-09-02,-0.006946350061031836,0.02155825335719186,0.024383834944995186,-0.0038659660728465515
2025-09-03,0.0050871123029416765,0.012264609179004182,-0.025008946927815856,0.005511119685579017
2025-09-04,0.008311847102874026,-0.007654710471889814,-0.0076893540974172225,0.003004433351288895
2025-09-05,-0.003170172669936022,0.013205346467746182,-0.025689496168026515,0.00749333052366967
2025-09-08,0.0021037644508883346,0.006867801411635455,0.006283745775436778,0.003425170673910669
2025-09-09,0.0026845470300731478,0.001428283558452037,0.005925275537221886,-0.0021204793578305553
2025-09-10,0.002979028229397329,8.235294082759026e-05,0.016469051678726032,0.003590146545642084
2025-09-11,0.008450087623094404,-0.0018405871036470955,-0.020629091857852444,0.0018759808188886368
2025-09-12,-0.0004828778814278678,0.0034311001737599156,0.005117549967248891,-0.00391664480852172
2025-09-15,0.004695577726559819,0.008947642619622442,0.009683393717559774,0.0023649704259291904
2025-09-16,-0.0012887604333311486,0.0018178977764957693,0.019089884130282897,0.0008133084179841694
2025-09-17,-0.000970639078245128,-0.0019265078645300804,-0.007311125238423699,-0.003913143778131486
2025-09-18,0.0047776878367074005,-0.010402140797461712,-0.007522419841541783,-0.0021159956042997377
2025-09-19,0.00487352393748175,0.007600662414638748,-0.014099233791081467,-0.0026795260130537497
2025-09-22,0.004400350714762524,0.018672448725780555,-0.0006383804178620167,-0.0001605525054982988
2025-09-23,-0.005517351828739692,0.0106100063895056,0.012217533366822408,0.0020339948880353023
2025-09-24,-0.002850677165294968,-0.012911648948104926,0.0246118037305445,-0.002028367220140239
2025-09-25,-0.005021648742527418,0.0012852605029394226,-0.00015379713413476992,-0.0018625092787124267
2025-09-26,0.005884489130414394,0.010223498096001649,0.011323729841388186,-0.0010497968722814658
2025-09-29,0.0026320772599124354,0.012006108728817466,-0.03515110555871015,0.0039015060631710473
2025-09-30,0.004082503613508592,0.005194719543135662,-0.017167832772092773,-0.00040390630667589826
2025-10-01,0.0033941541712234624,0.0069276125174813075,-0.009504705681003145,0.0035808811279150602
2025-10-02,0.0006181636213824504,-0.007214077634015936,-0.02126694342912927,0.0016283453432154582
2025-10-03,6.551065686721813e-05,0.010647104699776477,0.006592006795596461,-0.0023577643968533714
2025-10-06,0.003639959282761396,0.017294429424653757,0.013217089862355813,-0.003324786960519408
2025-10-07,-0.0038186877068522307,0.007091447444070198,0.0006482080298395587,0.003009222271987756
2025-10-08,0.005810748494187834,0.01663399490752049,0.013196195725421411,1.2417708863795154e-06
2025-10-09,-0.002759373980278923,-0.024282758867578025,-0.01676648878307585,-0.0013784655062187108
2025-10-10,-0.027485975439899946,0.0074726695710456426,-0.04335861936876739,0.008075414469025339
2025-10-13,0.015478263036934337,0.03283124863445863,0.009967142850277888,0.0001607539729466514
2025-10-14,-0.0015655514969434847,0.007299414410764982,-0.01336851958276597,0.0025292166266434072
2025-10-15,0.00401791850342903,0.009187545165353583,-0.007352350820426068,-0.001798232428185331
2025-10-16,-0.006314280275143247,0.024430461884398014,-0.013998351393044395,0.005890137718273485
2025-10-17,0.005256873944526674,-0.02132293911227734,0.0013913364167024156,-0.0023758262021695213
2025-10-20,0.010615724136144422,0.03436764429162409,-0.00034765266341718615,0.001877060034863393
2025-10-21,3.269591641696934e-05,-0.05906203554004996,0.005202009939038632,0.0020419493508307975
2025-10-22,-0.00535183477474277,-0.010649268655763322,0.011692022927642043,0.000976689789435015
2025-10-23,0.005810479862013551,0.019854040473195056,0.054714799651833346,-0.00295123852294673
2025-10-24,0.007871361975244184,-0.0017225098547726247,-0.004704379077171694,-0.000332244404504513
2025-10-27,0.012215141327379442,-0.02869549076685729,-0.0030941906387402796,0.00015861111027853827
2025-10-28,0.0022853305022305648,-0.008960778782098444,-0.019101516385149786,0.001304145512061803
2025-10-29,-4.357920473374577e-05,0.0044025782667436175,0.005471256513851053,-0.005956552219063157
2025-10-30,-0.009954191424535352,0.004408297096620828,0.001486991652024372,-0.002687651627876768
2025-10-31,0.002614500917884399,-0.0047849023856940676,0.006746218098866663,-0.0004884519502981252
2025-11-03,0.0017192339969174242,0.004534952377444057,0.0011472540064279002,-0.0002439739307891942
2025-11-04,-0.0118062503923273,-0.013236252040330854,-0.008058556254023408,0.0015468347947103546
2025-11-05,0.0036468976756882654,0.00822408713420586,-0.015979083336420175,-0.005355282987113913
2025-11-06,-0.011241134514722972,-0.00010053679233301693,-0.0028563939556933704,0.00537398974046661
2025-11-07,0.0012610463474942435,0.004887656635851556,0.005370036298004699,0.00016242063234722803
2025-11-10,0.015283626703501696,0.02771651588616919,0.006339712003289755,-0.0012201178464367939
2025-11-11,0.0020731999523917466,-0.0012167524528550189,0.015020499160101508,-0.0006497419599340607
2025-11-12,0.0006293191259452158,0.023487483855552327,-0.042673573823432065,0.004646028414515706
2025-11-13,-0.01669545163092856,-0.004170992761121539,0.0034135030196003058,-0.0036605723071165704
2025-11-14,-0.000501851471272019,-0.02400255533201623,0.02357410971397922,-0.0027591482020752757
2025-11-17,-0.009204497894303998,-0.004732790864801828,-0.003000007336277477,0.0013831155834899158
2025-11-18,-0.008290709844169797,-0.0017221023533426916,0.013759053702353086,0.0009767277773229982
2025-11-19,0.003746807737265101,0.004029960569868152,-0.02163510994555029,-0.0006487177527297447
2025-11-20,-0.015689726116315583,-0.005212559145508777,-0.00505987320180612,0.002360195954372354
2025-11-21,0.009775103041592459,0.00496729278207475,-0.018430521854432058,0.003667799637846908
2025-11-24,0.015348818899081351,0.0037215603622993143,0.013344916077058677,0.0022014222701880475
2025-11-25,0.009020886000833173,0.011493193638319354,-0.015241315375265962,0.0031032263015536663
2025-11-26,0.006882969436150077,0.006261760929431759,0.012007018164935879,0.00048586552823658575
2025-11-28,0.005340487341136679,0.012667816416398026,-0.0017065241030111977,-0.0013934848128095327
2025-12-01,-0.0053375487460556315,0.004965958221291089,0.013065435111999868,-0.006269525172123026
2025-12-02,0.0024542211959364124,-0.01250914319860641,-0.011529464955218671,0.000976747373926315
2025-12-03,0.0029753605210860457,0.003028826217303049,0.005272592755580341,0.0025265734819315835
2025-12-04,0.0010797387119740876,0.002972265169354671,0.012139710922111746,-0.003986929125953051
2025-12-05,0.0019347688846789168,0.0002611600889661503,0.006847687085183907,-0.0023545467464015524
2025-12-08,-0.003483315331648029,-0.0061189240409387224,-0.020175545371656334,-0.002511477117018768
2025-12-09,-0.0008767431610134935,0.004646239333865765,-0.010757400115354088,-0.0009688330967121967
2025-12-10,0.006726880659140733,-0.002451547168984547,0.0035986515765413785,0.0019506016845204047
2025-12-11,0.0020771919837176966,0.021010239753042725,-0.01482020281145946,0.0020329400326377666
2025-12-12,-0.01072091345855597,0.003401069596485229,-0.002781640379193817,-0.0041284930513281175
2025-12-15,-0.0015978388918362896,0.001533693992035623,-0.010852529776578024,0.0011389211064217156
2025-12-16,-0.0023867640084400676,-0.0005110078294485731,-0.02765809692763188,0.0028446364700780115
2025-12-17,-0.011659856611370145,0.009939980130427628,0.012049389096968177,2.3254230429573337e-06
2025-12-18,0.007902951520478041,-0.0018418331441374391,0.003747045135042093,0.0030102529646551445
2025-12-19,0.008779407421830143,0.005033950243312546,0.009041783349827526,-0.002677409580975065
2025-12-22,0.006415870575560589,0.018896813791641875,0.02354688883455225,-0.0012949860420409553
2025-12-23,0.004540067046789886,0.008557909489308457,0.006358003178000615,0.0001654365138402061
2025-12-24,0.00321630434470066,-0.0004908198003832354,-0.0005140511397669911,0.0028457962710953856
2025-12-26,-0.0003044098771098902,0.01076627799557528,-0.027979873619687012,0.00016412699033343603
2025-12-29,-0.003498162923936121,-0.04608798173882889,0.023341943080538385,0.0017901523327945874
2025-12-30,-0.0013766142506543844,0.01035063040454176,-0.0022408190917246884,-0.0009741143011247094
2025-12-31,-0.007384867434248932,-0.010235032825324453,-0.009187940147118212,-0.0025129922995053167
2026-01-02,0.0018929140261167987,-0.0025926392560808864,-0.0017430451682214354,-0.0017793565959452326
2026-01-05,0.006334024511051695,0.027997669976116413,0.01729548483172305,0.0019505555701033745
2026-01-06,0.006177592003892229,0.010158128512449238,-0.020615691035027695,-0.0009694925971559171
2026-01-07,-0.0034458535710086835,-0.007367304357957849,-0.02015625809381838,0.003495645381343601
2026-01-08,7.654532942247272e-05,8.998553214389915e-05,0.031123332186465902,-0.0034825795418871896
2026-01-09,0.006454611138320132,0.009082749101681387,0.023272793047802054,0.001139037644185781
2026-01-12,0.0015763900591814206,0.025071135876622463,0.006407053978540134,-0.0011308548284633215
2026-01-13,-0.001941005588207645,-0.0032848475449700487,0.027353574534645375,0.0014635188696685197
2026-01-14,-0.005347633584134925,0.008051610829708622,0.01412703396697701,0.0026829573955578527
2026-01-15,0.0025766039204437874,-0.0021638942125949967,-0.04670433555197562,-0.001458301298502074
2026-01-16,-0.0006425086684505033,-0.006062117977439385,0.004214791804453277,-0.0055754555669809665
2026-01-20,-0.020842460953261366,0.03663229347491992,0.015027858954032247,-0.004990815631837921
2026-01-21,0.011521117633559896,0.015055377008504678,0.004629617750091519,0.003562699279488152
2026-01-22,0.005472500707902839,0.0158104443373972,-0.021004244868480626,0.0004918797577864242
2026-01-23,0.0003268164274814467,0.01363711384202837,0.028400133096568858,0.000976850731792491
2026-01-26,0.004993594260159995,0.0205856563735356,-0.007230904537314231,0.002272214230772194
2026-01-27,0.004073587840441206,3.931395514733538e-05,0.02861515863927,-0.000641678225678257
2026-01-28,-8.172639170034302e-05,0.04271712307880904,0.013057505660454716,-0.0020941242016636603
2026-01-29,-0.0012934674424620596,0.0031638076649489477,0.03436549212071238,0.0021095124852539815
2026-01-30,-0.004311179414457911,-0.12065691771157461,-0.0032151767555852473,-0.0009636576996992281
2026-02-02,0.005376785277363183,-0.019579885886258808,-0.048222923222733804,-0.002574903705419012
2026-02-03,-0.008439495590662816,0.05905437776175937,0.01707260785760667,0.00025032350367722406
2026-02-04,-0.005085300155014849,0.003399746124372882,0.03007628847793775,8.892640835017593e-05
2026-02-05,-0.012326677853831569,-0.012063365980342411,-0.02881143722543822,0.005430369724701787
2026-02-06,0.019504344282200492,0.018303568705588802,0.004099632377315032,0.0004908798558644875
2026-02-09,0.004680117860122124,0.019936415005194164,0.012665345977460163,0.0008147477764426963
2026-02-10,-0.003309182284509049,-0.009368841148209128,-0.006234457955889283,0.004306770255586217
2026-02-11,-4.895726995002292e-05,0.013458784179659844,0.010420783126097177,-0.0018625092787124267
2026-02-12,-0.015784941386117524,-0.0295960488695588,-0.028086840962171955,0.00569718955631457
2026-02-13,0.0004989646444464313,0.0197679406777862,0.0007953430347287238,0.004076591275372483
2026-02-17,0.001030790630656142,-0.028088975078812695,-0.008944278652807114,0.00048717723532114217
2026-02-18,0.005550636821135768,0.020994975203205257,0.04486324018953347,-0.002038251735583599
2026-02-19,-0.002826115391535211,-0.00212802171371429,0.018842645884022957,0.0004877285800826097
2026-02-20,0.0069157557021739535,0.0166218560578546,-0.0006023327334538919,-0.0007339143140128824
2026-02-23,-0.01043995947145504,0.028334005840505938,-0.0012057549749364682,0.00481577486689957
2026-02-24,0.007622488962383045,-0.009439844361432748,-0.01030781192656427,-0.00016664284234601748
2026-02-25,0.008103433970129359,0.009766362602618983,-0.003204872515121693,-0.0010634708863610507
2026-02-26,-0.0053800269955672775,-0.005759467061588808,-0.0032151767555852473,0.0026929975175814806
2026-02-27,-0.004348795128036542,0.010377723577647657,0.02737821485519465,0.004664306866232222
2026-03-02,0.0003982754131346411,0.012142763938335577,0.06092309289771958,-0.0068575466296037805
2026-03-03,-0.009488908731311696,-0.03595919039300277,0.045690012514804756,-0.0004916889475747805
2026-03-04,0.007726125740148859,0.002503089586967988,0.0013403849037709747,-0.0017936394001235238
2026-03-05,-0.005662707772703612,-0.010780211536408402,0.08162810767543593,-0.005196207194644627
2026-03-06,-0.013365720432496175,0.015825837818907118,0.11518738775741966,0.0012205783299754876
2026-03-09,0.008269871665389061,-0.010666682586894183,0.04169285009042234,-7.968270089486312e-05
2026-03-10,-0.0021374025058875645,0.026781469772137356,-0.12720525452225395,0.00016412699033343603
2026-03-11,-0.0008379521856358707,-0.011984310631174111,0.04452994754458839,-0.005663686886634415
2026-03-12,-0.015344808189492909,-0.010035890037832118,0.09275420294240799,-0.005077818634589536
2026-03-13,-0.0060775463985027756,-0.01245058143707567,0.03065448512993285,-0.0007981702446642141
2026-03-16,0.010079909746819382,-0.01164597843805737,-0.054224812860235616,0.0054282404696558055
2026-03-17,0.0024911493849533173,0.001400700579186065,0.028571856562604303,0.001624816700538543
2026-03-18,-0.013700999383731371,-0.022466059027850704,0.0011426855349121467,-0.004435644528968556
2026-03-19,-0.0027525826238985474,-0.06096332512532143,-0.0018705222749133554,-0.0016055227584465118
2026-03-20,-0.015253934307770223,-0.006607801222591192,0.02242200603663136,-0.008655815366635176
2026-03-23,0.011388109095072707,-0.03706475965408629,-0.10941449620742727,0.004760116170253248
2026-03-24,-0.0037495954593200764,-0.001090554444362013,0.04677272417601852,-0.004481431455599357
2026-03-25,0.005404493759948892,0.033637840062541,-0.0222267736598889,0.005324845160272787
2026-03-26,-0.017559440961209205,-0.03906243403134724,0.0450292909571548,-0.006880431076042483
2026-03-27,-0.01686323194605066,0.02627723788244829,0.05317547684867918,-0.0017459174364896678
2026-03-30,-0.003953553833357049,0.007540510335148909,0.03199954952394801,0.008057613210641896
2026-03-31,0.02871489330980026,0.026512431127411418,-0.014687427840108569,0.002669156115008883
2026-04-01,0.007142945003758783,0.028758841078818875,-0.012506311955777782,-0.00047302093526475084
2026-04-02,0.001120248136237123,-0.02792007119110096,0.10801378517299653,0.0006545682915805427
2026-04-06,0.004417013131604364,0.0011387268075573331,0.007769654882380905,-0.001598754102814694
2026-04-07,0.00075896003312792,6.448275631143474e-05,0.004792281843498891,-0.00047132833975223624
2026-04-08,0.024772038357184556,0.01964639155775494,-0.17929817736150344,0.004364604225301227
2026-04-09,0.0061510668695135,0.00895028757749472,0.03599305696745514,9.025022557388145e-06
2026-04-10,-0.0011391696991402966,-0.006342909169259059,-0.01337196468262647,-0.0017621034832934876
2026-04-13,0.010121875493741328,-0.004103411668916479,0.025659492283050866,0.001783257724906022
2026-04-14,0.011713988916143947,0.01726741870353088,-0.08199593092107804,0.003481502082329766
2026-04-15,0.007944144911565587,-0.0051948168771041026,0.00010957042512149684,-0.0019281545240143086
2026-04-16,0.0026065558152854607,-0.0030463223435290843,0.03656716117278602,-0.0020049547841927335
2026-04-17,0.01196855392873708,0.014974913312608251,-0.12157895370705951,0.005261058157083948
2026-04-20,-0.0023771959102507623,-0.01055451509881955,0.06643745763583109,-0.00015464088151118953
2026-04-21,-0.0063684535808530285,-0.02276798934293467,0.02773366560148549,-0.003217232877714159
2026-04-22,0.010405756011536482,0.007231599660171284,0.008968689946172503,9.072433549548867e-06
2026-04-23,-0.004141432170939652,-0.00580655654933615,0.030615170317221718,-0.0021640018103055397
2026-04-24,0.0079420679176323,0.0036488801351293176,-0.015243364256781078,0.0012186634888566642
2026-04-27,0.001231618000550938,-0.009981227996584963,0.02065388904815446,-0.0019205906234706796
2026-04-28,-0.004906187868796152,-0.018107931619109507,0.03627496556401333,-0.0012747445493181775
2026-04-29,-0.0003992517435129628,-0.010134994038567768,0.06723674016293035,-0.0049556396761085445
2026-04-30,0.010186184168105683,0.015175128715867459,-0.017079892294339594,0.0024220437053886486
2026-05-01,0.0029240496865217125,0.0032883457514998327,-0.030242362934846057,0.0011376377024623322
