Date,^GSPC,^TNX
1990-01-03,-0.002588887687124064,0.04999971389770508
1990-01-04,-0.008650296055993323,-0.009999752044677734
1990-01-05,-0.009804141692825397,0.009999752044677734
1990-01-08,0.004504310201034478,0.030000686645507812
1990-01-09,-0.011856704505531113,0.0
1990-01-10,-0.006629090560708484,0.009999275207519531
1990-01-11,0.0035065603506980736,0.010000228881835938
1990-01-12,-0.024984613692642377,0.06000041961669922
1990-01-16,0.0024093780623131167,0.09999942779541016
1990-01-17,-0.009879918554625,-0.010000228881835938
1990-01-18,0.002338722921569669,0.13000011444091797
1990-01-19,0.0028345944519934108,-0.05999946594238281
1990-01-22,-0.026198947489202595,0.010000228881835938
1990-01-23,0.003716013541803065,-0.010000228881835938
1990-01-24,-0.004079282843832743,0.11999988555908203
1990-01-25,-0.012737543749253177,0.039999961853027344
1990-01-26,-0.0008590501550180818,0.06999969482421875
1990-01-29,-0.001843243489425106,0.010000228881835938
1990-01-30,-0.0068499793942251586,0.010000228881835938
1990-01-31,0.01871040568044169,-0.07999992370605469
1990-02-01,-0.0008815664136561097,-0.010000228881835938
1990-02-02,0.006457419815749432,0.07999992370605469
1990-02-05,0.002806383085365738,0.029999732971191406
1990-02-06,-0.006621246572370509,0.039999961853027344
1990-02-07,0.01233037830250261,-0.049999237060546875
1990-02-08,-0.002369872732644218,-0.030000686645507812
1990-02-09,0.0019802691082437818,-0.17999935150146484
1990-02-12,-0.010667597447360677,0.08999919891357422
1990-02-13,0.0028437546803772307,-0.049999237060546875
1990-02-14,0.0029863550353752544,0.009999275207519531
1990-02-15,0.00863704507734031,0.07000064849853516
1990-02-16,-0.006500864332275036,-0.010000228881835938
1990-02-20,-0.014318208763167917,0.19999980926513672
1990-02-21,-0.0009760449936129234,0.0
1990-02-22,-0.006030295585176759,-0.07999992370605469
1990-02-23,-0.004770396969847823,-0.010000228881835938
1990-02-26,0.013847895933975174,-0.06999969482421875
1990-02-27,0.004826003878662277,-0.05000019073486328
1990-02-28,0.0049233802470034504,0.10000038146972656
1990-03-01,0.0025577420311284627,0.07999992370605469
1990-03-02,0.008379824925953905,-0.05000019073486328
1990-03-05,-0.005378982350854322,0.1099996566772461
1990-03-06,0.012476534311659293,-0.05999946594238281
1990-03-07,-0.0029041641489939707,-0.010000228881835938
1990-03-08,0.009804800205341913,-0.010000228881835938
1990-03-09,-0.006900636056347942,0.07999992370605469
1990-03-12,0.0021874698207575705,-0.01999950408935547
1990-03-13,-0.00791506162679223,0.09999942779541016
1990-03-14,0.0025859247947037645,-0.07999992370605469
1990-03-15,0.003555911539258716,0.010000228881835938
1990-03-16,0.01129455894932807,-0.06999969482421875
1990-03-19,0.004726885293452554,0.0
1990-03-20,-0.005721783053358465,-0.05000019073486328
1990-03-21,-0.00537206703983184,0.010000228881835938
1990-03-22,-0.011992468133292356,-0.020000457763671875
1990-03-23,0.00454741765627098,-0.009999275207519531
1990-03-26,0.0012150958252865607,-0.010000228881835938
1990-03-27,0.011397043215822578,0.010000228881835938
1990-03-28,0.0014630580517600578,-0.010000228881835938
1990-03-29,-0.0035442601870920853,0.09000015258789062
1990-03-30,-0.0024973382444333225,0.049999237060546875
1990-04-02,-0.0036543427665174377,0.0
1990-04-03,0.014479844532569786,-0.01999950408935547
1990-04-04,-0.0074482790546310795,-0.07999992370605469
1990-04-05,-0.001055954302148443,0.01999950408935547
1990-04-06,-0.0019095624738643124,-0.009999275207519531
1990-04-09,0.003786074166960418,0.029999732971191406
1990-04-10,0.002048497159433005,0.010000228881835938
1990-04-11,-0.00043858505047733587,0.029999732971191406
1990-04-12,0.00705269987076651,0.010000228881835938
1990-04-16,0.0011609506855663199,0.039999961853027344
1990-04-17,-0.00017405227649991417,0.09000015258789062
1990-04-18,-0.011555399924562337,0.08999919891357422
1990-04-19,-0.0077489078012131785,0.010000228881835938
1990-04-20,-0.00882345932802231,0.07999992370605469
1990-04-23,-0.012219277571262843,0.029999732971191406
1990-04-24,-0.0020864598954934976,0.020000457763671875
1990-04-25,0.0050423980017546555,0.010000228881835938
1990-04-26,0.0026769386076725965,0.05999946594238459
1990-04-27,-0.011510264331761277,-0.009999275207521308
1990-04-30,0.005121929368641531,-0.020000457763671875
1990-05-01,0.004373771345364652,0.03999996185302912
1990-05-02,0.0066894223009486,0.010000228881834161
1990-05-03,0.0032534803957426917,-0.05000019073486328
1990-05-04,0.008368519466587898,-0.19999980926513672
1990-05-07,0.006304104094008167,0.029999732971191406
1990-05-08,0.004336781104194998,-0.029999732971191406
1990-05-09,0.0024821529002432285,0.039999961853027344
1990-05-10,0.0027961280607469163,-0.06000041961669922
1990-05-11,0.02351288968226939,-0.17999935150146484
1990-05-14,0.007782140442055052,-0.030000686645507812
1990-05-15,-0.0013257585443584574,0.039999961853027344
1990-05-16,-0.0007906443620191439,0.030000686645507812
1990-05-17,0.001326806467015551,0.009999275207519531
1990-05-18,0.00047951214109875906,0.06000041961669922
1990-05-21,0.009429754658811795,-0.010000228881835938
1990-05-22,0.0012003761199519403,-0.09000015258789062
1990-05-23,0.002396523098952663,-0.039999961853027344
1990-05-24,-0.0024522929047092745,0.020000457763671875
1990-05-25,-0.01074364011406903,0.05999946594238281
1990-05-29,0.016973989425201452,-0.029999732971191406
1990-05-30,0.0005820888609919805,-0.039999961853027344
1990-05-31,0.001024874098881412,-0.01999950408935547
1990-06-01,0.005328613601665921,-0.16000080108642578
1990-06-04,0.011607637580731911,0.0
1990-06-05,-0.0020706760142417124,0.030000686645507812
1990-06-06,-0.00459274503129059,-0.010000228881835938
1990-06-07,-0.004971779877737781,0.0
1990-06-08,-0.012301716466684987,0.0
1990-06-11,0.008107364402307304,0.01999950408935547
1990-06-12,0.01269455715062584,0.0
1990-06-13,-0.0036928336154185004,-0.07999992370605469
1990-06-14,-0.005496029315560591,-0.01999950408935547
1990-06-15,2.7582330525355303e-05,0.07999992370605469
1990-06-18,-0.01675527522886977,0.039999961853027344
1990-06-19,0.004445373433132893,0.010000228881835938
1990-06-20,0.001755940293652003,0.039999961853027344
1990-06-21,0.003807820666775541,-0.029999732971191406
1990-06-22,-0.014080435413872827,-0.010000228881835938
1990-06-25,-0.008816840567769546,0.06999969482421875
1990-06-26,-0.0007098542306769318,-0.01999950408935547
1990-06-27,0.008710510494430501,-0.039999961853027344
1990-06-28,0.006986826873646379,-0.05000019073486328
1990-06-29,0.0010898740244202898,-0.039999961853027344
1990-07-02,0.004236640308839412,0.0
1990-07-03,0.0017229269418974624,-0.030000686645507812
1990-07-05,-0.012516957702700893,0.020000457763671875
1990-07-06,0.007674090955199553,0.09000015258789062
1990-07-09,0.003064257299768336,0.05999946594238281
1990-07-10,-0.008463616302477384,0.0
1990-07-11,0.01320874340968281,0.0
1990-07-12,0.01158720872242025,-0.06999969482421875
1990-07-13,0.00510405780102996,-0.05000019073486328
1990-07-16,0.00445499508089231,-0.010000228881835938
1990-07-17,-0.0038834575425994444,0.0
1990-07-18,-0.009019625028416911,0.06000041961669922
1990-07-19,0.0030156178530260647,0.010000228881835938
1990-07-20,-0.010207459378304584,-0.030000686645507812
1990-07-23,-0.01757560150485382,0.0
1990-07-24,0.0013500521870772886,0.05000019073486328
1990-07-25,0.003647147416301344,-0.039999961853027344
1990-07-26,-0.0033099404013618994,0.0
1990-07-27,-0.006964153611749957,-0.06999969482421875
1990-07-30,0.005952105417352804,-0.07999992370605469
1990-07-31,0.0016861212901622125,0.01999950408935547
1990-08-01,-0.0017704977377501763,-0.06999969482421875
1990-08-02,-0.011428633664150034,0.11999988555908203
1990-08-03,-0.01901434678946856,0.020000457763671875
1990-08-06,-0.030710926890868073,0.2799997329711914
1990-08-07,0.0011953320279518564,0.06999969482421875
1990-08-08,0.010457980484701146,-0.009999275207519531
1990-08-09,0.004688257913786131,-0.1100006103515625
1990-08-10,-0.013087604221652782,0.020000457763671875
1990-08-13,0.009846474346139722,0.029999732971191406
1990-08-14,0.001621923011994042,-0.05000019073486328
1990-08-15,0.0019721336824396474,-0.01999950408935547
1990-08-16,-0.02281304308707721,0.11999988555908203
1990-08-17,-0.013813881981230125,0.039999961853027344
1990-08-20,0.0020721682069719805,0.010000228881835938
1990-08-21,-0.020450685710146743,0.029999732971191406
1990-08-22,-0.016635454451110476,0.06999969482421875
1990-08-23,-0.0304380081475637,0.09000015258789062
1990-08-24,0.014388311510428409,0.05000019073486328
1990-08-27,0.03137943687156852,-0.15000057220458984
1990-08-28,-0.0003111674430211764,0.039999961853027344
1990-08-29,0.008830029980512855,-0.09999942779541016
1990-08-30,-0.017048199608291625,0.01999950408935547
1990-08-31,0.01200758628306442,0.0
1990-09-04,0.0016417529725130109,0.039999961853027344
1990-09-05,0.004015629935807397,-0.039999961853027344
1990-09-06,-0.012189103867242146,-0.01999950408935547
1990-09-07,0.009132491354861827,-0.029999732971191406
1990-09-10,-0.005488096552328514,0.039999961853027344
1990-09-11,-0.0018360791426781375,-0.020000457763671875
1990-09-12,0.004661433469926202,-0.010000228881835938
1990-09-13,-0.012133883438955273,0.0
1990-09-14,-0.005727992561029183,0.05000019073486328
1990-09-17,0.0029625060354847577,0.029999732971191406
1990-09-18,0.0026086005527821143,0.0
1990-09-19,-0.006297249908016944,-0.01999950408935547
1990-09-20,-0.016304000745069658,0.029999732971191406
1990-09-21,-0.0005138203626380289,0.07999992370605469
1990-09-24,-0.021854747659359575,0.05000019073486328
1990-09-25,0.011977016440241961,-0.01999950408935547
1990-09-26,-0.010435143829654159,-0.020000457763671875
1990-09-27,-0.013497874505227436,-0.09000015258789062
1990-09-28,0.016737851347812693,-0.09000015258789062
1990-10-01,0.02863370483289973,-0.1099996566772461
1990-10-02,0.000856904015893889,-0.020000457763671875
1990-10-03,-0.012160816460474955,0.020000457763671875
1990-10-04,0.004134052427438917,-0.039999961853027344
1990-10-05,-0.003812953999585922,-0.020000457763671875
1990-10-09,-0.020759726499916198,0.18000030517578125
1990-10-10,-0.015557932575040567,0.06000041961669922
1990-10-11,-0.016548244179829474,0.029999732971191406
1990-10-12,0.015349030615209536,-0.07999992370605469
1990-10-15,0.010609164107627578,-0.039999961853027344
1990-10-16,-0.014315605712640789,-0.010000228881835938
1990-10-17,-0.0005354158068620052,-0.029999732971191406
1990-10-18,0.023094427455885302,-0.05000019073486328
1990-10-19,0.021805466654927663,-0.09000015258789062
1990-10-22,0.007269972405536507,0.010000228881835938
1990-10-23,-0.007654152793941549,0.01999950408935547
1990-10-24,0.000768115613914766,0.010000228881835938
1990-10-25,-0.00780385995413635,-0.039999961853027344
1990-10-26,-0.017760100981523586,0.010000228881835938
1990-10-29,-0.009330872985370497,0.06999969482421875
1990-10-30,0.007195438731985249,0.0
1990-10-31,-0.00019734091711143265,-0.05000019073486328
1990-11-01,0.009885154855078682,-0.07999992370605469
1990-11-02,0.015609466282790585,0.0
1990-11-05,0.008747869538569653,-0.06999969482421875
1990-11-06,-0.009485710962576555,0.020000457763671875
1990-11-07,-0.018166668050348278,0.049999237060546875
1990-11-08,0.005214886166086785,0.010000228881835938
1990-11-09,0.019731887065780995,-0.09000015258789062
1990-11-13,0.012448564078312074,-0.11999988555908203
1990-11-14,0.008557045764614024,-0.010000228881835938
1990-11-15,-0.010605367429784351,0.010000228881835938
1990-11-16,0.0003154070295119382,-0.06999969482421875
1990-11-19,0.006976118699554057,0.05000019073486328
1990-11-20,-0.012700080312411544,-0.039999961853027344
1990-11-21,0.0022808677955508116,-0.039999961853027344
1990-11-23,-0.0029470737936314606,0.009999275207519531
1990-11-26,0.004464799382481566,-0.009999275207519531
1990-11-27,0.005010950426709293,0.009999275207519531
1990-11-28,-0.00047164183616654753,0.020000457763671875
1990-11-29,-0.00482368864899918,0.01999950408935547
1990-11-30,0.018164058393911553,-0.05999946594238281
1990-12-03,0.005817583128444603,-0.039999961853027344
1990-12-04,0.006918314803886716,-0.020000457763671875
1990-12-05,0.010879797744977715,-0.039999961853027344
1990-12-06,-0.0025797251798849175,0.020000457763671875
1990-12-07,-0.004019393704870922,-0.15000057220458984
1990-12-10,0.0034722702497660407,-0.04999971389770508
1990-12-11,-0.0074772208136506535,-0.039999961853027344
1990-12-12,0.011422081665502404,-0.03000020980834961
1990-12-13,-0.0025776130751147264,0.07000017166137695
1990-12-14,-0.007681057636116151,0.07000017166137695
1990-12-17,-0.0024508875543789443,-0.029999732971191406
1990-12-18,0.012285425669562144,-0.030000686645507812
1990-12-19,0.00045444730524657473,0.010000228881835938
1990-12-20,-0.00024235852116571976,0.05000019073486328
1990-12-21,0.004925463278857123,0.05999946594238281
1990-12-24,-0.005592113478890326,0.09000015258789062
1990-12-26,0.002875559172625941,-0.05000019073486328
1990-12-27,-0.007767728779013439,-0.039999961853027344
1990-12-28,0.0013089381616193663,0.030000686645507812
1990-12-31,0.004552774411664018,-0.06000041961669922
1991-01-02,-0.011482267674415958,-0.1100001335144043
1991-01-03,-0.014004820279171604,-0.039999961853027344
1991-01-04,-0.0028308916167194553,0.09000062942504883
1991-01-07,-0.01747262582095921,0.1099996566772461
1991-01-08,-0.0017133885844708985,0.029999732971191406
1991-01-09,-0.010887905092441308,0.09000015258789062
1991-01-10,0.009712253585176356,-0.09000015258789062
1991-01-11,0.002223108754055403,0.039999961853027344
1991-01-14,-0.008730128557931316,0.029999732971191406
1991-01-15,0.003960340999245027,-0.009999275207519531
1991-01-16,0.0077473076712468725,0.01999950408935547
1991-01-17,0.03664205842453594,-0.18999958038330078
1991-01-18,0.012905388705675591,-0.020000457763671875
1991-01-22,-0.01186925666160743,0.039999961853027344
1991-01-23,0.005770513273633426,-0.029999732971191406
1991-01-24,0.013744806202015347,-0.039999961853027344
1991-01-25,0.003845897363702555,0.06000041961669922
1991-01-28,-0.00011905533285538894,0.0
1991-01-29,-0.0005655928910419661,-0.010000228881835938
1991-01-30,0.014983678403361012,0.0
1991-01-31,0.008819603427714817,-0.020000457763671875
1991-02-01,-0.0025619534459968563,-0.11999988555908203
1991-02-04,0.015302830237533982,-0.029999732971191406
1991-02-05,0.008347714004680817,-0.03000020980834961
1991-02-06,0.019201800672739466,-0.059999942779541016
1991-02-07,-0.004338210020972788,0.03000020980834961
1991-02-08,0.007906552452273452,-0.05000019073486328
1991-02-11,0.025360887073571092,0.010000228881835938
1991-02-12,-0.00839146878306618,0.0
1991-02-13,0.009584534152269342,0.0
1991-02-14,-0.013092729322875307,0.019999980926513672
1991-02-15,0.013201141813902417,-0.019999980926513672
1991-02-19,0.0008938102955093896,0.019999980926513672
1991-02-20,-0.011572154325958373,0.039999961853027344
1991-02-21,-0.0004657200342741419,0.039999961853027344
1991-02-22,0.0018614132563188335,0.029999732971191406
1991-02-25,0.004393495656802138,0.0
1991-02-26,-0.012190796153758399,0.05000019073486328
1991-02-27,0.013496865642139255,0.019999980926513672
1991-02-28,-0.0018235546550622317,0.04000043869018555
1991-03-01,0.009219887578006514,0.09999942779541016
1991-03-04,-0.0030819561222301672,0.0
1991-03-05,0.01981169220502199,-0.039999961853027344
1991-03-06,-0.001461004609168981,0.029999732971191406
1991-03-07,-0.000691441788308822,-0.039999961853027344
1991-03-08,-0.0025570464743447374,0.06000041961669922
1991-03-11,-0.005321563927470407,-0.06999969482421875
1991-03-12,-0.007887072242824367,0.029999732971191406
1991-03-13,0.012194640798670164,-0.06999969482421875
1991-03-14,-0.002860716359325721,0.0
1991-03-15,0.00024092502581218866,0.07999992370605469
1991-03-18,-0.00396945947699745,0.049999237060546875
1991-03-19,-0.014945422764636618,0.10000038146972656
1991-03-20,0.0036215123709606445,-0.05000019073486328
1991-03-21,-0.0036488178140610117,-0.039999961853027344
1991-03-22,0.002452183385712736,-0.029999732971191406
1991-03-25,0.006374478987451582,0.0
1991-03-26,0.017343260872650923,0.0
1991-03-27,-0.0025277248798891705,-0.05000019073486328
1991-03-28,-0.0003464164111113277,-0.029999732971191406
1991-04-01,-0.01050219556219556,0.01999950408935547
1991-04-02,0.02184426852911603,-0.039999961853027344
1991-04-03,-0.0014767091887435413,0.020000457763671875
1991-04-04,0.0021878897410054776,-0.05000019073486328
1991-04-05,-0.011680250947873283,-0.010000228881835938
1991-04-08,0.008753188055362848,-0.009999752044677734
1991-04-09,-0.013560086789432546,0.04999971389770508
1991-04-10,-0.00109816048534217,0.07000064849853516
1991-04-11,0.01193442597745964,-0.010000228881835938
1991-04-12,0.007308421428120049,-0.1100001335144043
1991-04-15,0.0020746302658292137,-0.03000020980834961
1991-04-16,0.016727520783625494,0.019999980926513672
1991-04-17,0.007274485696993516,-0.019999980926513672
1991-04-18,-0.00510976896561921,0.07000064849853516
1991-04-19,-0.011026900300018738,0.07999992370605469
1991-04-22,-0.008495117144375897,0.049999237060546875
1991-04-23,0.0021239995274102696,-0.029999732971191406
1991-04-24,0.0026160219346786917,-0.05999946594238281
1991-04-25,-0.009212568196122817,0.009999275207519531
1991-04-26,-0.0006066730761222772,-0.009999275207519531
1991-04-29,-0.014242642320182242,0.009999275207519531
1991-04-30,0.0044859692740102375,-0.049999237060546875
1991-05-01,0.01310186992139517,-0.010000228881835938
1991-05-02,0.0006045674386321309,-0.04000043869018555
1991-05-03,0.0007355613945554396,0.07000017166137695
1991-05-06,-0.0018925493109707148,0.010000228881835938
1991-05-07,-0.007288068357148347,0.010000228881835938
1991-05-08,0.0031488652151248075,-0.020000457763671875
1991-05-09,0.012444999343987462,-0.01999950408935547
1991-05-10,-0.019790128903149906,0.09999942779541016
1991-05-13,0.0027110170258577426,-0.05000019073486328
1991-05-14,-0.013736592209284915,0.07000064849853516
1991-05-15,-0.008241140909512445,-0.010000228881835938
1991-05-16,0.009773810375295788,-0.010000228881835938
1991-05-17,0.0005372484011161305,-0.039999961853027344
1991-05-20,-0.0002954754937283255,0.020000457763671875
1991-05-21,0.008212684241358126,-0.039999961853027344
1991-05-22,0.0022354011180505395,0.0
1991-05-23,-0.0032750105723646783,0.039999961853027344
1991-05-24,0.00672472157653381,0.0
1991-05-28,0.01171948219729213,-0.030000686645507812
1991-05-29,0.002223023658947554,0.0
1991-05-30,0.01083474817420882,-0.049999237060546875
1991-05-31,0.0073894057792429635,0.039999961853027344
1991-06-03,-0.004550751659971652,0.07999992370605469
1991-06-04,-0.0008249738267682716,0.0
1991-06-05,-0.0068579230323146945,0.049999237060546875
1991-06-06,-0.003798504548425896,0.039999961853027344
1991-06-07,-0.01100845185335686,0.06000041961669922
1991-06-10,-0.0022690916109553427,0.0
1991-06-11,0.0065295523968833535,0.0
1991-06-12,-0.011614210009915027,0.06999969482421875
1991-06-13,0.002598535131158819,-0.01999950408935547
1991-06-14,0.01226461204611251,-0.05000019073486328
1991-06-17,-0.005666192920195101,0.010000228881835938
1991-06-18,-0.004059496671568574,0.01999950408935547
1991-06-19,-0.009287828240734264,0.010000228881835938
1991-06-20,0.0008794475938227464,-0.029999732971191406
1991-06-21,0.006187166147290313,0.01999950408935547
1991-06-24,-0.01819227011003388,0.010000228881835938
1991-06-25,-0.0007821264071461442,0.0
1991-06-26,0.0025328814300538127,0.0
1991-06-27,0.007533642235588722,-0.010000228881835938
1991-06-28,-0.00869148194967373,-0.07999992370605469
1991-07-01,0.018049322187985162,0.020000457763671875
1991-07-02,-0.0011914699732349376,0.010000228881835938
1991-07-03,-0.011028387524113725,-0.010000228881835938
1991-07-05,0.0020069313460737703,0.07999992370605469
1991-07-08,0.010265816933316962,0.0
1991-07-09,-0.004853844472838986,0.01999950408935547
1991-07-10,-0.000984226000052324,-0.009999275207519531
1991-07-11,0.003268223074311294,-0.05000019073486328
1991-07-12,0.0086633192163168,-0.039999961853027344
1991-07-15,0.0056121373758806214,0.0
1991-07-16,-0.0022253516120374073,0.010000228881835938
1991-07-17,-0.0009440316113416003,0.029999732971191406
1991-07-18,0.010932213784181855,0.010000228881835938
1991-07-19,-0.0029885906986946154,-0.030000686645507812
1991-07-22,-0.003493671464473991,0.0
1991-07-23,-0.009077830598358538,0.030000686645507812
1991-07-24,-0.0020578820295877875,-0.07000064849853516
1991-07-25,0.006108436023610331,-0.039999961853027344
1991-07-26,-7.87483230837438e-05,0.0
1991-07-29,0.00581092950108264,0.0
1991-07-30,0.0091968032662324,0.010000228881835938
1991-07-31,0.0028921779157871086,-0.010000228881835938
1991-08-01,-0.0017808127967118281,0.0
1991-08-02,0.00015497238708483962,-0.1399993896484375
1991-08-05,-0.005490522298109646,-0.020000457763671875
1991-08-06,0.014336047947722363,-0.07000017166137695
1991-08-07,-0.0001536075149752847,-0.039999961853027344
1991-08-08,-0.0031799540224666245,0.05000019073486328
1991-08-09,-0.005666936499255648,0.0
1991-08-12,0.002322146500849165,-0.03000020980834961
1991-08-13,0.004115036248078852,-0.039999961853027344
1991-08-14,0.000718387713682489,-0.08999967575073242
1991-08-15,-0.0014630017842618415,0.019999980926513672
1991-08-16,-0.009678619203682182,0.0
1991-08-19,-0.023910293313729625,-0.010000228881835938
1991-08-20,0.007831741258125469,-0.019999980926513672
1991-08-21,0.02898829980955675,-0.009999752044677734
1991-08-22,0.0018927523825125192,-0.019999980926513672
1991-08-23,0.007231162904666633,0.09999990463256836
1991-08-26,-0.0008121807412964088,0.029999732971191406
1991-08-27,-0.0020078758858304013,-0.019999980926513672
1991-08-28,0.009066839457637421,-0.06999969482421875
1991-08-29,-0.00042872596975573884,-0.08000040054321289
1991-08-30,-0.0026266173781186453,0.08000040054321289
1991-09-03,-0.008329357775883395,-0.010000228881835938
1991-09-04,-0.005574587876152393,0.0
1991-09-05,-0.002130602531952519,0.019999980926513672
1991-09-06,-0.00010281800958633625,-0.06999969482421875
1991-09-09,-0.0013630430702020746,-0.03000020980834961
1991-09-10,-0.010373535369410547,0.0
1991-09-11,0.0013772464555978914,0.009999752044677734
1991-09-12,0.00582578715234483,-0.06999969482421875
1991-09-13,-0.009728586544217599,-0.010000228881835938
1991-09-16,0.005692991330987773,-0.029999732971191406
1991-09-17,-0.0007260626284635308,-0.010000228881835938
1991-09-18,0.003728455556478494,0.0
1991-09-19,0.001601020657512997,-0.009999752044677734
1991-09-20,0.0009284981944208681,-0.039999961853027344
1991-09-23,-0.005169038518943125,-0.019999980926513672
1991-09-24,0.004627486550950799,0.009999752044677734
1991-09-25,-0.0021430353963758364,0.019999980926513672
1991-09-26,-0.0010086108433569052,-0.019999980926513672
1991-09-27,-0.0015277164768123797,-0.07000017166137695
1991-09-30,0.005066159273503068,-0.019999980926513672
1991-10-01,0.003448969675504898,-0.019999980926513672
1991-10-02,-0.0024181382267549623,0.019999980926513672
1991-10-03,-0.009809477779791465,0.0
1991-10-04,-0.008410437748098687,-0.07999992370605469
1991-10-07,-0.004600731085936616,0.010000228881835938
1991-10-08,0.0030782965151967545,0.029999732971191406
1991-10-09,-0.010218383045254242,0.08000040054321289
1991-10-10,0.00990303233043388,0.06999969482421875
1991-10-11,0.0023622699018313043,-0.09000015258789062
1991-10-15,0.02475334754338121,-0.029999732971191406
1991-10-16,0.004567385322072681,-0.010000228881835938
1991-10-17,-0.0022427738116110874,0.10000038146972656
1991-10-18,0.0014787656307273522,-0.019999980926513672
1991-10-21,-0.006338545530995887,0.08999967575073242
1991-10-22,-0.005630927034096622,0.05000019073486328
1991-10-23,0.000283630126032719,0.019999980926513672
1991-10-24,-0.0074255398202369705,-0.039999961853027344
1991-10-25,-0.002261872856114344,0.029999732971191406
1991-10-28,0.013751901562607749,-0.029999732971191406
1991-10-29,0.00501927295153326,-0.1399998664855957
1991-10-30,0.0037733471525127626,-0.03000020980834961
1991-10-31,-0.0012986320962040665,-0.010000228881835938
1991-11-01,-0.002883513371574331,0.010000228881835938
1991-11-04,-0.002661231193940239,0.019999980926513672
1991-11-05,-0.004030884785926503,0.059999942779541016
1991-11-06,0.003236273892225583,-0.04999971389770508
1991-11-07,0.009570183643159424,-0.08000040054321289
1991-11-08,-0.00211028810601821,-0.019999980926513672
1991-11-12,0.009751417929862782,-0.039999961853027344
1991-11-13,0.0016873728939303945,0.039999961853027344
1991-11-14,-0.0006544748683676715,-0.059999942779541016
1991-11-15,-0.037271710917136325,-0.019999980926513672
1991-11-18,0.00682417454948947,0.0
1991-11-19,-0.015222685028647653,0.039999961853027344
1991-11-20,-0.0023484795650521306,0.010000228881835938
1991-11-21,0.004033801819966598,0.009999752044677734
1991-11-22,-0.010367675111431218,0.05000019073486328
1991-11-25,-0.0021291813516937097,0.009999752044677734
1991-11-26,0.0069560752000716874,-0.029999732971191406
1991-11-27,-0.0037375391771474753,0.0
1991-11-29,-0.003538284260507396,-0.039999961853027344
1991-12-02,0.01633615329462934,-0.059999942779541016
1991-12-03,-0.0011543168548131533,-0.039999961853027344
1991-12-04,-0.0023388947557991813,-0.1100001335144043
1991-12-05,-0.007076291239588528,0.039999961853027344
1991-12-06,0.004520864309110806,0.05000019073486328
1991-12-09,-0.0022182229447667012,-0.04000043869018555
1991-12-10,-0.0009522214732333723,-0.009999752044677734
1991-12-11,-0.0005293321665087447,0.009999752044677734
1991-12-12,0.010141609704579224,-0.029999732971191406
1991-12-13,0.0076238939273460815,0.029999732971191406
1991-12-16,-2.6035570781957063e-05,-0.009999752044677734
1991-12-17,-0.004483848132055712,-0.03000020980834961
1991-12-18,0.0019316148909380715,0.010000228881835938
1991-12-19,-0.00250658609740384,-0.07999992370605469
1991-12-20,0.01174715817891947,-0.1400003433227539
1991-12-23,0.02495472688427025,-0.08999967575073242
1991-12-24,0.006305313277771063,0.0
1991-12-26,0.013703809173503778,-0.03000020980834961
1991-12-27,0.003993583864493111,-0.029999732971191406
1991-12-30,0.02113034588493612,-0.059999942779541016
1991-12-31,0.00468616904510899,-0.05000019073486328
1992-01-02,0.0004075350364809438,0.07000017166137695
1992-01-03,0.004972485878160349,0.06999969482421875
1992-01-06,-0.0032963242625045908,-0.029999732971191406
1992-01-07,-0.0013407337011575038,-0.059999942779541016
1992-01-08,0.0016756729403404336,0.009999752044677734
1992-01-09,-0.001172705395703133,0.019999980926513672
1992-01-10,-0.006028477802319188,0.059999942779541016
1992-01-13,-0.0018325857833900727,0.07000017166137695
1992-01-14,0.014614903782615762,0.1100001335144043
1992-01-15,0.0007845522343856715,0.019999980926513672
1992-01-16,-0.006102661715988944,0.07999992370605469
1992-01-17,0.001553021957868772,-0.039999961853027344
1992-01-21,-0.014961122605858357,-0.059999942779541016
1992-01-22,0.013216823002870193,0.059999942779541016
1992-01-23,-0.007610291184233731,0.1099996566772461
1992-01-24,0.0012523953511198727,0.05000019073486328
1992-01-27,-0.0011801047794666175,-0.010000228881835938
1992-01-28,-7.229057165325514e-05,-0.07999992370605469
1992-01-29,-0.011196034037499913,0.09000015258789062
1992-01-30,0.0031145063683997165,0.059999942779541016
1992-01-31,-0.0069234707544643115,0.0
1992-02-03,0.001833046674832417,0.05000019073486328
1992-02-04,0.010493446377285665,-0.07000017166137695
1992-02-05,-2.41872333752724e-05,-0.07999992370605469
1992-02-06,-4.830247586529168e-05,-0.010000228881835938
1992-02-07,-0.006618954652370945,0.0
1992-02-10,0.006498077621887255,0.010000228881835938
1992-02-11,-2.4118154174246342e-05,0.019999980926513672
1992-02-12,0.008111816334293032,0.07000017166137695
1992-02-13,-0.008281028548573488,0.09999990463256836
1992-02-14,-0.002929160585724233,0.009999752044677734
1992-02-18,-0.012441323613750832,0.059999942779541016
1992-02-19,0.0021578274936642217,-0.04999971389770508
1992-02-20,0.013720133742783247,-0.010000228881835938
1992-02-21,-0.005985505519319645,0.039999961853027344
1992-02-24,0.0020395693765964396,0.019999980926513672
1992-02-25,-0.004424299330730186,-0.029999732971191406
1992-02-26,0.011867404445073504,-0.1100001335144043
1992-02-27,-0.0035938359909399864,0.019999980926513672
1992-02-28,-0.0028067506520157437,-0.07999992370605469
1992-03-02,-0.0006059504338669086,0.1100001335144043
1992-03-03,0.0009693297441639714,0.04999971389770508
1992-03-04,-0.008562701768128456,0.0
1992-03-05,-0.006913090924792975,0.08000040054321289
1992-03-06,-0.005105152694664383,-0.03000020980834961
1992-03-09,0.001902029893435575,-0.059999942779541016
1992-03-10,0.004137484490565058,0.009999752044677734
1992-03-11,-0.007053785035081361,0.08000040054321289
1992-03-12,-0.00034652968099191384,0.1099996566772461
1992-03-13,0.004816384307268606,0.09000015258789062
1992-03-16,0.0013543414726848724,-0.019999980926513672
1992-03-17,0.007818885916420548,-0.07000017166137695
1992-03-18,-0.0010503895681699404,0.0
1992-03-19,0.001587383961180855,-0.04999971389770508
1992-03-20,0.0036536395402144706,0.06999969482421875
1992-03-23,-0.003385213216397176,-0.019999980926513672
1992-03-24,-0.0025159059388935034,-0.08999967575073242
1992-03-25,-0.0033317421297898164,0.0
1992-03-26,0.0008339580766882904,0.039999961853027344
1992-03-27,-0.010747454638839748,-0.03000020980834961
1992-03-30,-0.0012399257633211036,0.0
1992-03-31,0.0017107007836774102,0.0
1992-04-01,0.0013367873461804791,-0.07999992370605469
1992-04-02,-0.009270283568126203,0.009999752044677734
1992-04-03,0.0026182617262771046,-0.04999971389770508
1992-04-06,0.010010759876907471,-0.010000228881835938
1992-04-07,-0.018740046553786804,0.0
1992-04-08,-0.00898360127188269,0.03000020980834961
1992-04-09,0.015444164748342537,-0.09000015258789062
1992-04-10,0.009069158333849359,0.019999980926513672
1992-04-13,0.004417688091179706,-0.039999961853027344
1992-04-14,0.015419387607725099,0.019999980926513672
1992-04-15,0.009388568770224204,0.019999980926513672
1992-04-16,-0.0005766778136155892,0.07999992370605469
1992-04-20,-0.01418536013415661,0.1400003433227539
1992-04-21,0.0001950589680150827,-0.010000228881835938
1992-04-22,-0.0010974971604422734,-0.009999752044677734
1992-04-23,0.004358387091598637,0.019999980926513672
1992-04-24,-0.0062879910460251764,-0.039999961853027344
1992-04-27,-0.0013944900685149975,0.04999971389770508
1992-04-28,0.0016144950581216122,-0.029999732971191406
1992-04-29,0.007087832463858135,0.029999732971191406
1992-04-30,0.007086195266444939,0.010000228881835938
1992-05-01,-0.005849133018635655,-0.05000019073486328
1992-05-04,0.010561452506634872,0.019999980926513672
1992-05-05,-0.00016793361171441035,-0.019999980926513672
1992-05-06,-0.00011992800819538019,-0.09999990463256836
1992-05-07,-0.0022578853387225095,0.029999732971191406
1992-05-08,0.000480783014238817,-0.07999992370605469
1992-05-11,0.0058475554399146645,-0.009999752044677734
1992-05-12,-0.005270818145870493,-0.039999961853027344
1992-05-13,0.0003842823932824757,-0.019999980926513672
1992-05-14,-0.007979881667007582,0.0
1992-05-15,-0.00740991515227396,-0.059999942779541016
1992-05-18,0.0066107938918378295,0.0
1992-05-19,0.008586843542735423,-0.08000040054321289
1992-05-20,-0.0023564030746854314,0.05000019073486328
1992-05-21,-0.0067392578041056694,0.1399998664855957
1992-05-22,0.003435639871497642,-0.039999961853027344
1992-05-26,-0.006323962233103053,0.1100001335144043
1992-05-27,0.0018456251137504154,-0.019999980926513672
1992-05-28,0.011026584526566019,-0.07999992370605469
1992-05-29,-0.0033409497287246737,-0.03000020980834961
1992-06-01,0.00468380536514168,0.059999942779541016
1992-06-02,-0.00914784388134926,-0.039999961853027344
1992-06-03,0.0026325567805818295,-0.009999752044677734
1992-06-04,-0.003213112778164273,0.0
1992-06-05,0.0005322138045178448,-0.03000020980834961
1992-06-08,-0.0002903237292342098,0.0
1992-06-09,-0.008015364040324435,0.019999980926513672
1992-06-10,-0.006876237018968112,0.019999980926513672
1992-06-11,0.004410120635157888,-0.019999980926513672
1992-06-12,0.0017342781664506646,-0.039999961853027344
1992-06-15,0.0012926012834757472,-0.009999752044677734
1992-06-16,-0.004813048913420381,-0.04000043869018555
1992-06-17,-0.014952528651845931,-0.009999752044677734
1992-06-18,-0.003237019605426994,-0.039999961853027344
1992-06-19,0.006736095356795424,0.04999971389770508
1992-06-22,-0.0006691353634122876,0.0
1992-06-23,0.0015852937197573524,0.010000228881835938
1992-06-24,-0.0004951532651107371,-0.05000019073486328
1992-06-25,-0.0017844785847858091,-0.059999942779541016
1992-06-26,0.0008183222913409338,0.010000228881835938
1992-06-29,0.013515857433862521,-0.03000020980834961
1992-06-30,-0.0019581632933363124,0.019999980926513672
1992-07-01,0.01154671697504206,-0.039999961853027344
1992-07-02,-0.0026920913059997886,-0.1700000762939453
1992-07-06,0.005014502485465755,-0.029999732971191406
1992-07-07,-0.011373130307046786,-0.03000020980834961
1992-07-08,0.002733563924799398,0.039999961853027344
1992-07-09,0.009581551175386949,0.0
1992-07-10,0.0009410246890659835,0.019999980926513672
1992-07-13,0.0006027800468064726,0.039999961853027344
1992-07-14,0.006750365191641627,0.0
1992-07-15,-0.0013895557306993211,-0.06999969482421875
1992-07-16,0.0010543527136128716,-0.03000020980834961
1992-07-17,-0.004608999035424333,0.03000020980834961
1992-07-20,-0.004509442823034782,0.0
1992-07-21,2.4192494368691086e-05,-0.010000228881835938
1992-07-22,-0.006863253320097407,-0.039999961853027344
1992-07-23,0.0027946068065247687,-0.13000011444091797
1992-07-24,-0.0011654538834191541,0.010000228881835938
1992-07-27,-0.00014577728608067275,-0.039999961853027344
1992-07-28,0.014426179519290372,-0.059999942779541016
1992-07-29,0.011217794259136049,-0.03000020980834961
1992-07-30,0.00399457457867225,0.09000015258789062
1992-07-31,0.0006838056358660083,0.029999732971191406
1992-08-03,0.0020723071008816873,0.0
1992-08-04,-0.0017187855242379868,-0.059999942779541016
1992-08-05,-0.005126661612871786,-0.019999980926513672
1992-08-06,-0.0037969767391512477,0.010000228881835938
1992-08-07,-0.004073984341790293,-0.07999992370605469
1992-08-10,0.0012883421396159278,-0.05000019073486328
1992-08-11,-0.0012406231353310204,-0.019999980926513672
1992-08-12,-0.002677238122018366,-0.019999980926513672
1992-08-13,-0.00011965815476600028,0.07000017166137695
1992-08-14,0.00520509421597648,-0.019999980926513672
1992-08-17,0.001974631173449204,0.029999732971191406
1992-08-18,0.0014250575114562736,-0.07999992370605469
1992-08-19,-0.007504219463904782,-0.010000228881835938
1992-08-20,0.00016739153173706,-0.009999752044677734
1992-08-21,-0.008186248251700334,0.07000017166137695
1992-08-24,-0.010005303727942838,0.14999961853027344
1992-08-25,0.0021645434141399633,0.05000019073486328
1992-08-26,0.004605458075521263,-0.05000019073486328
1992-08-27,4.833868608322689e-05,-0.039999961853027344
1992-08-28,0.003162834623090305,-0.009999752044677734
1992-08-31,-0.0019544628740568726,-0.010000228881835938
1992-09-01,0.004915100919972382,-0.059999942779541016
1992-09-02,0.004580077834758001,-0.019999980926513672
1992-09-03,0.0,0.0
1992-09-04,-0.0021555930476768737,-0.1399998664855957
1992-09-08,-0.0063498004523605545,-0.1100001335144043
1992-09-09,0.004622018190716837,0.019999980926513672
1992-09-10,0.008585450174333431,0.0
1992-09-11,-0.0008815066984251274,0.059999942779541016
1992-09-14,0.013470056553379628,-0.04999971389770508
1992-09-15,-0.013017319434947439,0.07999992370605469
1992-09-16,0.0003573328614674409,0.009999752044677734
1992-09-17,2.3764357861111307e-05,-0.009999752044677734
1992-09-18,0.00711865012201951,0.009999752044677734
1992-09-21,-0.0018696161279150303,0.010000228881835938
1992-09-22,-0.011915115288050337,0.07999992370605469
1992-09-23,0.0007188952520920111,0.039999961853027344
1992-09-24,0.00246437845237768,-0.059999942779541016
1992-09-25,-0.009894163663926037,-0.07000017166137695
1992-09-28,0.005463481610315846,-0.039999961853027344
1992-09-29,0.00043193751594738927,0.0
1992-09-30,0.0023963587534083786,0.0
1992-10-01,-0.003620666604877698,-0.1399998664855957
1992-10-02,-0.014079305712171752,0.03000020980834961
1992-10-05,-0.007090132547881822,-0.020000457763671875
1992-10-06,-0.0009573849112678445,0.06000041961669922
1992-10-07,-0.007221831671646584,0.15999984741210938
1992-10-08,0.00862074304390692,-0.05000019073486328
1992-10-09,-0.012561699008126759,0.1100001335144043
1992-10-13,0.016355811181194113,-0.009999752044677734
1992-10-14,0.0001710269726533653,0.0
1992-10-15,0.0005617079796156332,0.019999980926513672
1992-10-16,0.005186732771580438,0.06999969482421875
1992-10-19,0.007862531374621007,0.09000015258789062
1992-10-20,0.00120415202944546,0.1700000762939453
1992-10-21,0.0004572037276906471,-0.059999942779541016
1992-10-22,-0.0018541959017861487,-0.06000041961669922
1992-10-23,-0.0019300073372576776,0.09000015258789062
1992-10-26,0.009756637871588758,0.0
1992-10-27,0.0007888282837127392,-0.04999971389770508
1992-10-28,0.003911227370418047,-0.019999980926513672
1992-10-29,0.0017360031880411242,-0.05000019073486328
1992-10-30,-0.005193314511426905,0.09000015258789062
1992-11-02,0.009674100285603338,0.07999992370605469
1992-11-03,-0.006716738857758919,-0.010000228881835938
1992-11-04,-0.006714308058381135,0.019999980926513672
1992-11-05,0.002944549409317432,-0.019999980926513672
1992-11-06,-0.001818379726715058,0.09999990463256836
1992-11-09,0.0024158012783939142,0.03000020980834961
1992-11-10,7.166369158539965e-05,-0.09000015258789062
1992-11-12,0.010101216143991287,-0.11999988555908203
1992-11-13,-0.0010410564000942202,0.03000020980834961
1992-11-16,-0.0041513030176290044,0.07999992370605469
1992-11-17,-0.0033573546456100445,-0.039999961853027344
1992-11-18,0.008502443066674914,-0.07999992370605469
1992-11-19,0.001795665382713807,0.029999732971191406
1992-11-20,0.007150804631741892,0.03000020980834961
1992-11-23,-0.0035925201511446403,0.019999980926513672
1992-11-24,0.005793313444739212,-0.039999961853027344
1992-11-25,0.003734933041773303,0.019999980926513672
1992-11-27,0.002257524002500233,0.08999967575073242
1992-11-30,0.00276259865759787,0.019999980926513672
1992-12-01,-0.001322323556881777,-0.009999752044677734
1992-12-02,-0.0020681200325052274,-0.010000228881835938
1992-12-03,4.6496890555580705e-05,-0.019999980926513672
1992-12-04,0.004988568864656706,-0.06999969482421875
1992-12-07,0.007493953510272711,-0.059999942779541016
1992-12-08,0.0038518738426054355,-0.05000019073486328
1992-12-09,-0.0030711345239300414,0.03000020980834961
1992-12-10,-0.0023210187214317557,0.009999752044677734
1992-12-11,-0.0020958899279435173,0.03000020980834961
1992-12-14,-0.0020541097749902093,0.029999732971191406
1992-12-15,-0.0006239563242598223,0.0
1992-12-16,-0.0024303459867187627,-0.059999942779541016
1992-12-17,0.009020197833264021,0.0
1992-12-18,0.013345560073579676,-0.009999752044677734
1992-12-21,-0.0013151922915319858,-0.05000019073486328
1992-12-22,-0.0008853808006543673,-0.059999942779541016
1992-12-23,-0.0029112736567915576,0.029999732971191406
1992-12-24,0.0016840928983814507,0.010000228881835938
1992-12-28,-0.0014108115234119367,0.029999732971191406
1992-12-29,-0.0026677541471205046,-0.029999732971191406
1992-12-30,0.0019160505869866284,-0.010000228881835938
1992-12-31,-0.007112458083810225,0.019999980926513672
1993-01-04,-0.0007576406328571039,-0.09999990463256836
1993-01-05,-0.0023915950861796986,0.010000228881835938
1993-01-06,0.0004143191800540791,0.019999980926513672
1993-01-07,-0.008760479089547246,0.13000011444091797
1993-01-08,-0.00390803539034934,-0.010000228881835938
1993-01-11,0.0044186686174452205,-0.039999961853027344
1993-01-12,0.00020881062669086958,0.009999752044677734
1993-01-13,0.004606093802181022,-0.009999752044677734
1993-01-14,0.00669761795254864,-0.059999942779541016
1993-01-15,0.0027717468641439424,-0.05000019073486328
1993-01-19,-0.004631523426875894,-0.009999752044677734
1993-01-20,-0.004052992918582632,0.019999980926513672
1993-01-21,0.004879956172578304,-0.010000228881835938
1993-01-22,0.0014226600255264898,-0.029999732971191406
1993-01-25,0.008903004603387998,-0.09000015258789062
1993-01-26,-0.0001363642828957623,0.019999980926513672
1993-01-27,-0.004191124875303487,-0.019999980926513672
1993-01-28,0.0012546469190075626,-0.039999961853027344
1993-01-29,0.00027351184719570654,-0.05000019073486328
1993-02-01,0.008487490611096327,-0.009999752044677734
1993-02-02,6.778849151878319e-05,0.07999992370605469
1993-02-03,0.010452524305979871,-0.010000228881835938
1993-02-04,0.005263372081938833,-0.059999942779541016
1993-02-05,-0.001402363950425034,-0.06999969482421875
1993-02-08,-0.002408588719298166,0.04999971389770508
1993-02-09,-0.005642818331482502,0.039999961853027344
1993-02-10,0.002018988564446822,-0.009999752044677734
1993-02-11,0.003199485109387723,-0.03000020980834961
1993-02-12,-0.006904037832465626,-0.019999980926513672
1993-02-16,-0.02429283829607698,-0.009999752044677734
1993-02-17,-0.0014068471898713852,-0.059999942779541016
1993-02-18,-0.003236234738748678,-0.1100001335144043
1993-02-19,0.005357255082470758,-0.019999980926513672
1993-02-22,0.0023462597281316278,-0.059999942779541016
1993-02-23,-0.0010114534734730896,-0.1700000762939453
1993-02-24,0.013863909161424992,0.09000015258789062
1993-02-25,0.0033287725281985203,0.019999980926513672
1993-02-26,0.0023483923168825527,0.0
1993-03-01,-0.0030946728286780356,-0.09000015258789062
1993-03-02,0.013237451236460807,0.009999752044677734
1993-03-03,0.0030318268878648524,-0.06999969482421875
1993-03-04,-0.004282882778445796,-0.05000019073486328
1993-03-05,-0.002753398150129094,0.07000017166137695
1993-03-08,0.019094308774065816,-0.05000019073486328
1993-03-09,-0.0006819803447406514,0.059999942779541016
1993-03-10,0.004238348591361074,0.059999942779541016
1993-03-11,-0.0057359321849954625,-0.009999752044677734
1993-03-12,-0.008610566621374716,0.15000009536743164
1993-03-15,0.0035506020932158933,0.059999942779541016
1993-03-16,-0.00013291439852292086,-0.1100001335144043
1993-03-17,-0.006802439496595092,-0.039999961853027344
1993-03-18,0.007953867840772233,-0.09000015258789062
1993-03-19,-0.0037913332826109425,0.019999980926513672
1993-03-22,-0.0028918841956739882,0.010000228881835938
1993-03-23,-0.0002673568823672312,-0.05000019073486328
1993-03-24,-0.00153875888274424,0.039999961853027344
1993-03-25,0.0062517529844585695,0.03000020980834961
1993-03-26,-0.006899201894603024,0.1100001335144043
1993-03-29,0.006655169575119579,-0.03000020980834961
1993-03-30,0.0026586014286191784,-0.039999961853027344
1993-03-31,-0.0006639542276261068,0.010000228881835938
1993-04-01,-0.0030378542224793748,0.029999732971191406
1993-04-02,-0.01998512863383528,0.09999990463256836
1993-04-05,0.0020369232845371954,-0.029999732971191406
1993-04-06,-0.0025581651105266445,-0.05000019073486328
1993-04-07,0.003552498499486134,-0.009999752044677734
1993-04-08,-0.002012310933906747,-0.10000038146972656
1993-04-12,0.014670956215528719,-0.04999971389770508
1993-04-13,0.0018939746678867664,0.009999752044677734
1993-04-14,-0.0012473774405465932,-0.029999732971191406
1993-04-15,-0.0005796931612467304,-0.019999980926513672
1993-04-16,0.0012035763753175388,0.009999752044677734
1993-04-19,-0.00330212481313108,-0.019999980926513672
1993-04-20,-0.005288139413933024,0.0
1993-04-21,-0.0033080970443473134,-0.009999752044677734
1993-04-22,-0.009444211665164737,-0.010000228881835938
1993-04-23,-0.005544841193281691,0.039999961853027344
1993-04-26,-0.008017755955270545,0.05000019073486328
1993-04-27,0.010257679585060409,0.07999992370605469
1993-04-28,2.2782891136330363e-05,0.010000228881835938
1993-04-29,0.0019842992247900426,-0.04000043869018555
1993-04-30,0.0029576118563259257,0.06000041961669922
1993-05-03,0.005143588135795518,-0.09000015258789062
1993-05-04,0.0035870956447583424,-0.039999961853027344
1993-05-05,0.0010578823881139954,0.009999752044677734
1993-05-06,-0.002838496239511379,-0.039999961853027344
1993-05-07,-0.0021455391750162534,0.03000020980834961
1993-05-10,0.0011071850787791604,-0.03000020980834961
1993-05-11,0.003516838481613327,0.0
1993-05-12,0.000989703744233239,0.07000017166137695
1993-05-13,-0.012601496606306384,0.059999942779541016
1993-05-14,0.0007510021383181353,0.010000228881835938
1993-05-17,0.001841050524755694,0.039999961853027344
1993-05-18,-0.00011351961049577142,0.07999992370605469
1993-05-19,0.01633121448849728,-0.039999961853027344
1993-05-20,0.006724860565197055,-0.019999980926513672
1993-05-21,-0.01059769194514626,0.06999969482421875
1993-05-24,0.004833097367658468,0.0
1993-05-25,0.0018955373858311475,0.010000228881835938
1993-05-26,0.010174192085687928,-0.05000019073486328
1993-05-27,-0.0022741054617174683,-0.009999752044677734
1993-05-28,-0.004919135125861729,0.04999971389770508
1993-06-01,0.008052927691969636,-0.08999967575073242
1993-06-02,4.4111430051785305e-05,-0.010000228881835938
1993-06-03,-0.0030011185546445773,-0.039999961853027344
1993-06-04,-0.00538474008132539,0.09000015258789062
1993-06-07,-0.005279867720148879,-0.03000020980834961
1993-06-08,-0.006678668945665933,0.010000228881835938
1993-06-09,0.002403188920531818,-0.019999980926513672
1993-06-10,-0.0008976927189321415,0.0
1993-06-11,0.004212241512145276,-0.10000038146972656
1993-06-14,0.0010055794646914862,0.0
1993-06-15,-0.0032215568989908405,-0.009999752044677734
1993-06-16,0.0025959591301667473,0.0
1993-06-17,0.0024777982198926907,-0.03000020980834961
1993-06-18,-0.010894317389084307,0.039999961853027344
1993-06-21,0.005708541319334515,-0.04999971389770508
1993-06-22,-0.0006501340741369432,-0.010000228881835938
1993-06-23,-0.006163395094440638,0.0
1993-06-24,0.007709532763589877,-0.029999732971191406
1993-06-25,0.0021918797999349593,-0.039999961853027344
1993-06-28,0.009450289781936405,-0.039999961853027344
1993-06-29,-0.0025705326963176844,-0.010000228881835938
1993-06-30,-0.0003550823629607791,0.010000228881835938
1993-07-01,-0.003357259083800024,0.0
1993-07-02,-0.007107270665395404,-0.039999961853027344
1993-07-06,-0.009940694562158292,0.039999961853027344
1993-07-07,0.003166478409297291,0.0
1993-07-08,0.013034898162465502,-0.019999980926513672
1993-07-09,-0.0011821117559991379,-0.019999980926513672
1993-07-12,0.0019396624889171932,-0.010000228881835938
1993-07-13,-0.001984270866698168,0.03000020980834961
1993-07-14,0.004431217984289582,-0.06000041961669922
1993-07-15,-0.001912566719408204,0.0
1993-07-16,-0.007754491444782019,-0.009999752044677734
1993-07-19,0.0006279548518266509,0.0
1993-07-20,0.0028656494962362444,0.039999961853027344
1993-07-21,-0.00029067934833726383,0.07999992370605469
1993-07-22,-0.005988607884807706,0.07000017166137695
1993-07-23,0.005809723033110004,0.04999971389770508
1993-07-26,0.004441008044261174,-0.019999980926513672
1993-07-27,-0.0018945234651095433,-0.009999752044677734
1993-07-28,-0.0023452157796919337,-0.019999980926513672
1993-07-29,0.006797186545465017,-0.09000015258789062
1993-07-30,-0.004697372447474812,0.019999980926513672
1993-08-02,0.004497467206909356,0.019999980926513672
1993-08-03,-0.00195682813444531,-0.019999980926513672
1993-08-04,-0.0016261361125256002,0.039999961853027344
1993-08-05,-0.0009145029599384458,-0.009999752044677734
1993-08-06,0.00122654266436939,0.0
1993-08-09,0.004536384383305503,-0.039999961853027344
1993-08-10,-0.002821666657063737,0.0
1993-08-11,0.002244623724568129,-0.07000017166137695
1993-08-12,-0.0033354860225136562,0.019999980926513672
1993-08-13,0.0026249001510150194,-0.05000019073486328
1993-08-16,0.004963867361034602,-0.039999961853027344
1993-08-17,0.001656525413118004,0.019999980926513672
1993-08-18,0.006401472896177651,-0.009999752044677734
1993-08-19,0.0008547878923872432,-0.05000019073486328
1993-08-20,-0.0005916984026397287,-0.029999732971191406
1993-08-23,-0.002040823321773466,-0.010000228881835938
1993-08-24,0.009923530675475689,-0.059999942779541016
1993-08-25,0.0007827283180992239,-0.029999732971191406
1993-08-26,0.001975756798136885,-0.09000015258789062
1993-08-27,-0.0010850930788155466,0.059999942779541016
1993-08-30,0.002948671639017242,-0.039999961853027344
1993-08-31,0.003587416976918334,0.009999752044677734
1993-09-01,-0.0008848586777778777,0.010000228881835938
1993-09-02,-0.004002398420232645,-0.05000019073486328
1993-09-03,8.672623262651058e-05,-0.09999990463256836
1993-09-07,-0.006131403047763939,-0.07999992370605469
1993-09-08,-0.004086667514559217,0.0
1993-09-09,0.0018596649437379043,0.11999988555908203
1993-09-10,0.009181764674952575,-0.059999942779541016
1993-09-13,0.000736098104942684,-0.029999732971191406
1993-09-14,-0.004685686220990526,0.1099996566772461
1993-09-15,0.0036896671419306415,0.019999980926513672
1993-09-16,-0.004712153666933894,-0.019999980926513672
1993-09-17,-0.0013068329285106373,0.010000228881835938
1993-09-20,-0.008272465623294423,0.039999961853027344
1993-09-21,-0.004625505132311858,0.04999971389770508
1993-09-22,0.0071495655429965055,-0.019999980926513672
1993-09-23,0.003369979387399802,-0.029999732971191406
1993-09-24,-0.0002403079687525178,0.0
1993-09-27,0.00907086245980171,-0.11999988555908203
1993-09-28,-0.0005848158844461437,-0.019999980926513672
1993-09-29,-0.003081495108378185,0.06999969482421875
1993-09-30,-0.0025678824695347657,0.05000019073486328
1993-10-01,0.0051075542193066426,-0.059999942779541016
1993-10-04,0.00013005909040764152,0.0
1993-10-05,-0.000303475471279846,0.009999752044677734
1993-10-06,-0.0009979434878966131,0.0
1993-10-07,-0.003391597275747671,-0.019999980926513672
1993-10-08,0.002457896146125904,-0.06999969482421875
1993-10-12,0.0017581319767669967,0.009999752044677734
1993-10-13,0.0008020618525632628,0.0
1993-10-14,0.011504772861186119,-0.039999961853027344
1993-10-15,0.005703161712438565,-0.039999961853027344
1993-10-18,-0.002238900192776505,0.07999992370605469
1993-10-19,-0.004793240390965181,0.0
1993-10-20,-0.00030030491289068095,-0.009999752044677734
1993-10-21,-0.001524585026825953,0.08999967575073242
1993-10-22,-0.004501254373472818,0.07000017166137695
1993-10-25,0.00200550638587238,0.04999971389770508
1993-10-26,0.00021534859735883316,-0.039999961853027344
1993-10-27,0.000667443733115114,0.010000228881835938
1993-10-28,0.006692917377447927,-0.03000020980834961
1993-10-29,0.00021372351656534505,-0.021999835968017578
1993-11-01,0.0027110249837845046,0.17199993133544922
1993-11-02,-0.0014079479598141376,0.046000003814697266
1993-11-03,-0.011637804415695285,0.0
1993-11-04,-0.01201522076292516,0.05900001525878906
1993-11-05,0.004536280422730243,0.06300020217895508
1993-11-08,0.0013916028506590905,-0.05900001525878906
1993-11-09,0.0002607059350623331,-0.046000003814697266
1993-11-10,0.00733733001906689,0.05800008773803711
1993-11-12,0.0035948707853519224,-0.03800010681152344
1993-11-15,-0.003530181298321722,0.020999908447265625
1993-11-16,0.006426722602041579,-0.037000179290771484
1993-11-17,-0.004143621839954648,-0.004999637603759766
1993-11-18,-0.0025634740421125457,0.07199954986572266
1993-11-19,-0.002202477650342871,0.13500022888183594
1993-11-22,-0.007529357995395003,0.034999847412109375
1993-11-23,0.004129709157556505,-0.07699966430664062
1993-11-24,0.0028806625907407124,0.029999732971191406
1993-11-26,0.0015128533065418281,-0.06799983978271484
1993-11-29,-0.0025082258280937353,-0.017000198364257812
1993-11-30,-0.0002381434286213846,0.06300020217895508
1993-12-01,0.0002165384145929039,-0.012000083923339844
1993-12-02,0.0026377760226816704,-0.005000114440917969
1993-12-03,0.003836274741234824,0.005000114440917969
1993-12-06,0.0033070897624316586,-0.10199975967407227
1993-12-07,0.0007072881251151131,-0.004000186920166016
1993-12-08,-0.0010074513718070222,-0.005000114440917969
1993-12-09,-0.004535384232139172,-0.028999805450439453
1993-12-10,-0.0005387292669878363,0.05099964141845703
1993-12-13,0.0038080132114250986,0.05500030517578125
1993-12-14,-0.005685046149832118,0.029999732971191406
1993-12-15,-0.0026381272274322853,0.012000083923339844
1993-12-16,0.003242615115315317,0.013000011444091797
1993-12-17,0.0065396450011805385,-0.029999732971191406
1993-12-20,-0.0011370559414594084,0.021999835968017578
1993-12-21,-0.0011813743824768963,0.026000022888183594
1993-12-22,0.004331930905911996,-0.10699987411499023
1993-12-23,0.00012837821310096587,-0.03399991989135742
1993-12-27,0.006738347777232256,-0.004000186920166016
1993-12-28,0.0008497130387974394,0.007999897003173828
1993-12-29,-0.0007647546326952082,0.008999824523925781
1993-12-30,-0.004131033581437293,0.09300041198730469
1993-12-31,-0.004684054759713341,-0.004000186920166016
1994-01-03,-0.0021676595847806013,0.10400009155273438
1994-01-04,0.0031105152672576963,-0.026000022888183594
1994-01-05,0.00141255351342906,0.0039997100830078125
1994-01-06,-0.0009200952506835947,-0.059999942779541016
1994-01-07,0.005933719597535969,-0.14999961853027344
1994-01-10,0.01136314736144417,-0.034000396728515625
1994-01-11,-0.002401484487165817,0.0
1994-01-12,8.437950895956448e-05,-0.06699991226196289
1994-01-13,-0.003591680064778835,0.1100001335144043
1994-01-14,0.005151064670927852,0.06400012969970703
1994-01-18,-0.0013907112940660937,-0.03000020980834961
1994-01-19,0.00010539833147049649,0.007999897003173828
1994-01-20,0.001432713868522839,-0.04199981689453125
1994-01-21,-0.0005475619011878763,0.013000011444091797
1994-01-24,-0.005809732283987401,0.012000083923339844
1994-01-25,-0.0022271701061127303,0.034999847412109375
1994-01-26,0.004829901177171969,-0.005000114440917969
1994-01-27,0.008103123708274929,-0.04699993133544922
1994-01-28,0.0034528402895661614,-0.05499982833862305
1994-01-31,0.006060505584239095,0.020999908447265625
1994-02-01,-0.004140513961939263,0.07700014114379883
1994-02-02,0.004950000529458265,0.0
1994-02-03,-0.0026799541470605703,0.0429997444152832
1994-02-04,-0.02293580744837609,0.13000011444091797
1994-02-07,0.004142049937494008,0.021999835968017578
1994-02-08,-0.001506182812494039,0.04400014877319336
1994-02-09,0.0036447694837162814,-0.026000022888183594
1994-02-10,-0.008155501107392382,-0.024000167846679688
1994-02-11,0.002662096575910766,-0.03299999237060547
1994-02-14,0.00010637553917725029,0.012000083923339844
1994-02-15,0.004858090758239619,-0.015999794006347656
1994-02-16,0.0005712825195773874,0.007999897003173828
1994-02-17,-0.00519550370679589,0.10900020599365234
1994-02-18,-0.005650141146482213,0.09299993515014648
1994-02-22,0.00802855622330334,-0.03800010681152344
1994-02-23,-0.001634536305455292,0.08500003814697266
1994-02-24,-0.01375494725984261,0.07800006866455078
1994-02-25,0.0038910919975654323,-0.009000301361083984
1994-02-28,0.002293176815348019,-0.0429997444152832
1994-03-01,-0.005796645951560819,0.13000011444091797
1994-03-02,0.0007963306682592375,0.008999824523925781
1994-03-03,-0.003880041466992168,0.05200004577636719
1994-03-04,0.0037294151956341892,0.021999835968017578
1994-03-07,0.0046584390409432075,-0.055999755859375
1994-03-08,-0.0022084267380284572,0.05200004577636719
1994-03-09,0.0025296231310134587,0.008999824523925781
1994-03-10,-0.006788725245567839,0.10599994659423828
1994-03-11,0.005460401285525052,-0.021999835968017578
1994-03-14,0.002034658379761467,0.026999950408935547
1994-03-15,-0.0008133666391980654,-0.02200031280517578
1994-03-16,0.005147227071519822,-0.07999992370605469
1994-03-17,0.003147825589782549,0.005000114440917969
1994-03-18,0.0003397249673016134,0.0970001220703125
1994-03-21,-0.005363974115450532,0.05800008773803711
1994-03-22,0.0005547170839372839,-0.10200023651123047
1994-03-23,-0.0005547170839372839,-0.01699972152709961
1994-03-24,-0.008982903773745221,0.1509995460510254
1994-03-25,-0.00815205570032873,0.023000240325927734
1994-03-28,-0.0012600461827609877,0.01399993896484375
1994-03-29,-0.01648290193473656,0.0950002670288086
1994-03-30,-0.015434140887344405,0.06399965286254883
1994-03-31,0.0004936526295731269,0.009000301361083984
1994-04-04,-0.015485904575365694,0.37799978256225586
1994-04-05,0.021123168767291034,-0.20200014114379883
1994-04-06,-0.0005355573971277394,-0.046000003814697266
1994-04-07,0.006296433454401118,-0.05499982833862305
1994-04-08,-0.008418942648553696,0.0840001106262207
1994-04-11,0.006176344393934663,-0.023000240325927734
1994-04-12,-0.005125674857937135,-0.059999942779541016
1994-04-13,-0.0029312027376553473,0.06500005722045898
1994-04-14,0.0002688544451086017,0.046000003814697266
1994-04-15,-0.00044817650561501665,-0.013000011444091797
1994-04-18,-0.008372396059577625,0.16900014877319336
1994-04-19,0.000180829582061115,-0.032000064849853516
1994-04-20,-0.0013115142407755798,-0.043000221252441406
1994-04-21,0.015202034136506448,-0.15799999237060547
1994-04-22,-0.0024543858187442424,0.028000354766845703
1994-04-25,0.01128471577842749,-0.05500030517578125
1994-04-26,-0.001857207967906227,-0.0279998779296875
1994-04-28,-0.006148923354864166,0.18699979782104492
1994-04-29,0.004022177484958256,0.01900005340576172
1994-05-02,0.004668479198312703,0.043000221252441406
1994-05-03,2.20953937652979e-05,0.03399991989135742
1994-05-04,-0.0028958242034633486,0.024000167846679688
1994-05-05,-0.0007529539401085472,-0.043000221252441406
1994-05-06,-0.007918185299239155,0.24100017547607422
1994-05-09,-0.01235776373014641,0.14099979400634766
1994-05-10,0.00830777660057791,-0.1939997673034668
1994-05-11,-0.010186047577722235,0.13100004196166992
1994-05-12,0.005105993178450063,-0.06400012969970792
1994-05-13,0.0008785202380643398,-0.07100009918212713
1994-05-16,0.0007876745149477671,-0.0450000762939462
1994-05-17,0.010919055440192338,-0.14599990844726562
1994-05-18,0.009567559829149808,-0.07000017166137695
1994-05-19,0.006130760720700401,-0.0689997673034668
1994-05-20,-0.0034233026997432248,0.06500005722045898
1994-05-23,-0.0037880527438893807,0.16699981689453125
1994-05-24,0.0035461878645337563,-0.031000137329101562
1994-05-25,0.0033583937388845797,-0.03099966049194336
1994-05-26,0.001576530270727794,-0.031000137329101562
1994-05-27,0.0005905336370775061,0.020999908447265625
1994-05-31,-0.001816501565247819,0.04500007629394531
1994-06-01,0.0024723079919803936,-0.04500007629394531
1994-06-02,4.367846713915213e-05,-0.04799985885620117
1994-06-03,0.005404382370144845,-0.09600019454956055
1994-06-06,-0.002720320252369568,-0.07399988174438477
1994-06-07,-0.0014611729483862135,0.04699993133544922
1994-06-08,-0.002512907700338296,0.009000301361083984
1994-06-09,0.0017487605731352218,0.013000011444091797
1994-06-10,0.0017675979796738517,0.055999755859375
1994-06-13,0.0009370380336966022,0.039999961853027344
1994-06-14,0.007097361250607115,-0.06599998474121094
1994-06-15,-0.0038137596396712325,0.08800029754638672
1994-06-16,0.002861682434318169,-0.018000125885009766
1994-06-17,-0.007562087472298806,0.06099987030029297
1994-06-20,-0.006499429059920736,0.026999950408935547
1994-06-21,-0.009130904432829823,0.05800008773803711
1994-06-22,0.0038698455339352122,-0.09800004959106445
1994-06-23,-0.007665739972166463,-0.021999835968017578
1994-06-24,-0.015306859925012795,0.11499977111816406
1994-06-27,0.01013368782465296,-0.048999786376953125
1994-06-28,-0.002775954294633287,0.09399986267089844
1994-06-29,0.0034911024319042028,-0.01399993896484375
1994-06-30,-0.0075345482400068775,0.0989999771118164
1994-07-01,0.004334848367611777,-0.008999824523925781
1994-07-05,0.0003808842125918588,-0.02200031280517578
1994-07-06,-0.0005377932552592668,0.004000186920166016
1994-07-07,0.0050306977466298974,-0.026999950408935547
1994-07-08,0.0026059572167396183,0.1269998550415048
1994-07-11,-0.00331990870694554,0.05499982833862216
1994-07-12,-0.00024550027547931563,-0.046000003814697266
1994-07-13,0.0017397487528620914,-0.01399993896484375
1994-07-14,0.010375406439758095,-0.16699981689453125
1994-07-15,0.0016527654388625024,0.0
1994-07-18,0.0023312543336571068,-0.048999786376953125
1994-07-19,-0.0029920730933641337,-0.05800008773803711
1994-07-20,-0.00499190237542102,0.10199975967407227
1994-07-21,0.002233949364901733,0.026999950408935547
1994-07-22,0.0011040941283528838,0.018000125885009766
1994-07-25,0.00251281799220493,-0.026999950408935547
1994-07-26,-0.0019612277257463617,0.008999824523925781
1994-07-27,-0.0017440160585540099,0.06800031661987305
1994-07-28,0.003683207733858218,-0.05000019073486328
1994-07-29,0.008811058715585851,-0.17500019073486328
1994-08-01,0.005983025977035261,0.018000125885009766
1994-08-02,-0.00097662085185668,-0.026999950408935547
1994-08-03,0.0019305970986209786,-0.004000186920166016
1994-08-04,-0.006631580079518251,0.018000125885009766
1994-08-05,-0.0028618520500769407,0.15700006484985352
1994-08-08,0.0017487125506825407,0.0
1994-08-09,6.551310509372854e-05,0.04500007629394531
1994-08-10,0.00518389861206181,0.0
1994-08-11,-0.003089675691548166,0.04199981689453125
1994-08-12,0.006646269191210585,-0.07599973678588867
1994-08-15,-0.0015381600024566566,0.017999649047851562
1994-08-16,0.008162073932682645,-0.11599969863891602
1994-08-17,0.00034402730589366826,-0.034999847412109375
1994-08-18,-0.004308772726362875,0.13299989700317383
1994-08-19,0.0011004570235835232,-0.005000114440917969
1994-08-22,-0.002937335484632264,0.04500007629394531
1994-08-23,0.004725799719114576,-0.03600025177001953
1994-08-24,0.009683622111847257,-0.07599973678588867
1994-08-25,-0.002027536889654513,0.07599973678588867
1994-08-26,0.012146073167438765,-0.039999961853027344
1994-08-29,0.0016659997276793348,0.004000186920166016
1994-08-30,0.0031136519393495377,-0.04500007629394531
1994-08-31,-0.0012190868955519463,-0.026000022888183594
1994-09-01,-0.004891070399651198,0.008999824523925781
1994-09-02,-0.004617918698137657,0.02200031280517578
1994-09-06,0.0018454587402620959,0.05699968338012695
1994-09-07,-0.0018454587402620959,0.032000064849853516
1994-09-08,0.00455451711003807,0.0
1994-09-09,-0.01053853703160712,0.14400005340576172
1994-09-12,-0.004216663648126229,0.01399993896484375
1994-09-13,0.0027846016983170685,-0.01900005340576172
1994-09-14,0.002755452461020269,-0.03099966049194336
1994-09-15,0.012738506647528958,-0.05500030517578125
1994-09-16,-0.007653303988766957,0.16900014877319336
1994-09-19,-0.0007218299638429571,-0.032000064849853516
1994-09-20,-0.016035326775049263,0.03600025177001953
1994-09-21,-0.004108900363910983,0.04199981689453125
1994-09-22,-0.0004118267491319827,-0.009999752044677734
1994-09-23,-0.003474661088540998,0.009999752044677734
1994-09-26,0.002498657169268448,0.004000186920166016
1994-09-27,0.002665556803295388,0.03299999237060547
1994-09-28,0.006020168561695627,-0.037000179290771484
1994-09-29,-0.005609036885275032,0.06400012969970703
1994-09-30,0.001016273896879305,-0.018000125885009766
1994-10-03,-0.0020985485335032195,0.051000118255615234
1994-10-04,-0.015606035194229761,0.0279998779296875
1994-10-05,-0.0023565599688541994,0.07000017166137695
1994-10-06,-0.002561055170605897,0.004999637603759766
1994-10-07,0.0060388978130987425,-0.06999969482421875
1994-10-11,0.023217718689440225,-0.059999942779541016
1994-10-12,-0.0006872566919202683,0.05099964141845703
1994-10-13,0.004971845099992045,-0.05099964141845703
1994-10-14,0.002796482814050094,-0.03299999237060547
1994-10-17,-0.00029851960395177457,0.009999752044677734
1994-10-18,-0.0027759147456229982,0.01399993896484375
1994-10-19,0.0055867154078903525,0.037000179290771484
1994-10-20,-0.007320239400085526,0.131999969482421
1994-10-21,-0.004207170031246044,0.0
1994-10-24,-0.008771667681502393,0.04699993133545011
1994-10-25,0.001517872311347368,0.029000282287597656
1994-10-26,0.0023589176011009627,0.0
1994-10-27,0.006957734794863946,0.0
1994-10-28,0.016858241676905195,-0.06599998474121094
1994-10-31,-0.0030016995384904988,0.0
1994-11-01,-0.008354891110470497,0.09999990463256836
1994-11-02,-0.004085880808031739,0.03399991989135742
1994-11-03,0.0029965003401324353,0.01900005340576172
1994-11-04,-0.012105212091743311,0.06799983978271484
1994-11-07,0.0017074809134918212,0.008999824523925781
1994-11-08,0.00555601948003126,-0.037999629974365234
1994-11-09,-0.0005370281065166793,-0.062000274658203125
1994-11-10,-0.002215600014654484,0.03900003433227539
1994-11-11,-0.004359444514258293,0.01900005340576172
1994-11-14,0.007949292462188673,-0.055999755859375
1994-11-15,-0.0021695686765941247,-0.032000064849853516
1994-11-16,0.0012679233241312815,0.0689997673034668
1994-11-17,-0.0044124261208198234,0.05099964141845703
1994-11-18,-0.004540365155531134,-0.008999824523925781
1994-11-21,-0.00689308417847645,0.01300048828125
1994-11-22,-0.018076410248980324,-0.032000064849853516
1994-11-23,-0.00035555580042156976,-0.18400001525878906
1994-11-25,0.0052315870821972865,-0.013000011444091797
1994-11-28,0.004125981013535451,0.08599996566772461
1994-11-29,0.002221438118156449,0.06500005722045898
1994-11-30,-0.0032568542321254057,-0.051000118255615234
1994-12-01,-0.010569422752729096,0.02299976348876953
1994-12-02,0.00970940295829692,-0.11899995803833008
1994-12-05,4.416300403953244e-05,0.031000137329101562
1994-12-06,-0.00046340473751183,-0.10400009155273438
1994-12-07,-0.004157677601331677,0.0820002555847168
1994-12-08,-0.012892177112272307,0.008999824523925781
1994-12-09,0.003384051462554716,-0.03200006484985263
1994-12-12,0.0056000275441165925,0.06300020217895419
1994-12-13,0.001511733418494643,-0.026999950408935547
1994-12-14,0.010650638398673529,-0.0410003662109375
1994-12-15,0.0008128992069833529,0.004000186920166904
1994-12-16,0.007569974047488159,0.023000240325926846
1994-12-19,-0.001941692397314121,-0.005000114440917969
1994-12-20,-0.00177046756107746,0.005000114440917969
1994-12-21,0.005476073226533984,-0.014000415802001953
1994-12-22,0.00015230738075544537,0.0410003662109375
1994-12-23,0.0003262474604950327,0.0
1994-12-27,0.005724865865152751,-0.0820002555847168
1994-12-28,-0.0034874151696886457,0.0409998893737793
1994-12-29,0.0006724902405919053,0.013000011444091797
1994-12-30,-0.004128519203415948,0.028000354766845703
1995-01-03,-0.0003484476321231611,0.04999971389770508
1995-01-04,0.003478958399728782,-0.06399965286254883
1995-01-05,-0.0008034203181006561,0.05499982833862305
1995-01-06,0.0007383039616737364,-0.018000125885009766
1995-01-09,0.0003255393890180258,0.032000064849853516
1995-01-10,0.001842812247422998,-0.059999942779541016
1995-01-11,-4.329719010165434e-05,-0.046000003814697266
1995-01-12,-4.329906482958279e-05,0.018000125885009766
1995-01-13,0.009335858707109956,-0.11400032043457031
1995-01-16,0.007291428337115491,0.0
1995-01-17,0.001426360727186271,0.004000186920166016
1995-01-18,-0.0007235812552845999,0.01399993896484375
1995-01-19,-0.0058932531018518475,0.018000125885009766
1995-01-20,-0.004658038972170431,0.09200000762939453
1995-01-23,0.002235136408933691,0.01399993896484375
1995-01-24,8.581922480388471e-05,0.02299976348876953
1995-01-25,0.0033858751097648465,-0.059999942779541016
1995-01-26,0.0018808351138108748,-0.04199981689453125
1995-01-27,0.004410330413175956,-0.1269998550415039
1995-01-30,-0.004004701984228198,0.017999649047851562
1995-01-31,0.004068474219667273,-0.04099988937377841
1995-02-01,-4.2557622280448015e-05,0.045000076293944424
1995-02-02,0.005067949740135802,0.032000064849853516
1995-02-03,0.012318295291448678,-0.21300029754638672
1995-02-06,0.005188689851421735,0.05000019073486328
1995-02-07,-0.0006861418963639565,0.004000186920166016
1995-02-08,0.0007900309824897533,0.0
1995-02-09,-0.002080343580214361,0.06099987030029297
1995-02-10,0.0026412723133217852,0.046000003814697266
1995-02-13,0.00039456022003925284,-0.023000240325927734
1995-02-14,0.0018668205246843428,-0.09099960327148438
1995-02-15,0.004115487841413135,-0.062000274658203125
1995-02-16,0.0014023939539251629,-0.053999900817871094
1995-02-17,-0.0067205248691522,0.031000137329101562
1995-02-21,0.0015549039571469692,0.013000011444091797
1995-02-22,0.004856447579582479,-0.11100006103515625
1995-02-23,0.00378608307790973,0.008999824523925781
1995-02-24,0.00246145168066203,-0.005000114440917969
1995-02-27,-0.008848497663382027,-0.08899974822998047
1995-02-28,0.007372391392027389,-0.026000022888183594
1995-03-01,-0.003576466725737859,0.004000186920166016
1995-03-02,-0.0010712809576958193,0.07499980926513672
1995-03-03,0.0005976169142893895,0.06699991226196289
1995-03-06,0.0004325038965902195,0.04400014877319336
1995-03-07,-0.007253991541450233,0.031000137329101562
1995-03-08,0.0021134614520619266,-0.07600021362304688
1995-03-09,4.137227216371997e-05,-0.07499980926513672
1995-03-10,0.01317960045489297,-0.06200027465820224
1995-03-13,0.0009799320339549666,-0.04400014877319425
1995-03-14,0.005778653328698979,-0.0969996452331543
1995-03-15,-0.002051260903037644,0.0
1995-03-16,0.007150915721044093,-0.03900003433227539
1995-03-17,0.00022198410145435332,0.06500005722045898
1995-03-20,0.0012504804333550723,0.008999824523925781
1995-03-21,-0.0021589929805596597,0.03900003433227539
1995-03-22,0.0012112283026874948,0.04400014877319336
1995-03-23,0.000564729996369806,0.007999897003173828
1995-03-24,0.010071081683695304,-0.11800003051757812
1995-03-27,0.004441508155907492,-0.05299997329711914
1995-03-28,0.001390093928962166,0.10899972915649414
1995-03-29,-0.0015491230438167136,0.0
1995-03-30,-0.0017904273980606789,0.018000125885009766
1995-03-31,-0.003011199022126654,0.03000020980834961
1995-04-03,0.0022742083118458822,-0.057000160217285156
1995-04-04,0.0067322621552481365,-0.026000022888183594
1995-04-05,0.0006529755391548875,0.0
1995-04-06,0.001008212908264916,-0.031000137329101562
1995-04-07,0.0006716580113614867,0.017000198364257812
1995-04-10,0.0011643554878855156,0.004000186920166016
1995-04-11,-0.002923365057895033,-0.02200031280517578
1995-04-12,0.0032388981186493027,-0.026000022888183594
1995-04-13,0.004053522884240657,-0.04799985885620117
1995-04-17,-0.00610623953540923,0.020999908447265625
1995-04-18,-0.0015027383265397987,0.0
1995-04-19,-0.0008907971283553806,0.013000011444091797
1995-04-20,0.0007325113108835879,-0.034999847412109375
1995-04-21,0.00631299161738319,-0.005000114440917969
1995-04-24,0.008615895381055338,-0.007999897003173828
1995-04-25,-0.0015415549936692585,0.0
1995-04-26,0.001092934233096976,0.007999897003173828
1995-04-27,0.0017345668147186188,0.031000137329101562
1995-04-28,0.002256306110918871,0.020999908447265625
1995-05-01,-0.0008746848243230687,0.026000022888183594
1995-05-02,0.0011659974672708628,-0.04799985885620117
1995-05-03,0.010856434603802256,-0.08300018310546875
1995-05-04,0.00011526687489560317,-0.10799980163574219
1995-05-05,-0.0008071472792181567,-0.16700029373168945
1995-05-08,0.007355842669937829,0.007999897003173828
1995-05-09,-0.000763755204768124,-0.09299993515014648
1995-05-10,0.0015268111333366363,0.05500030517578125
1995-05-11,1.908930956773247e-05,0.03699970245361328
1995-05-12,0.002247777338872936,-0.007999897003173828
1995-05-15,0.004158409636382032,-0.04799985885620117
1995-05-16,0.0008523524047943098,-0.06500005722045898
1995-05-17,-0.0021226911422091987,-0.026000022888183594
1995-05-18,-0.014312555140920225,0.07800006866455078
1995-05-19,-0.0007509162941383707,-0.005000114440917969
1995-05-22,0.008553659335900576,0.013000011444091797
1995-05-23,0.009389566058753296,-0.06099987030029297
1995-05-24,3.775727556831754e-05,-0.12400007247924805
1995-05-25,-3.775727556831754e-05,-0.04699993133544922
1995-05-26,-0.009389566058753296,0.007999897003173828
1995-05-30,-0.00013369999245327335,-0.09399986267089844
1995-05-31,0.018581788668994292,-0.008000373840332031
1995-06-01,0.00016865059995030407,-0.10099983215332031
1995-06-02,-0.0018386130296779157,-0.10500001907348633
1995-06-05,0.005785873145544684,-0.020999908447265625
1995-06-06,-9.333481718520886e-05,0.017000198364257812
1995-06-07,-0.004528927392920323,0.08299970626831055
1995-06-08,-0.0014641841245790488,0.04200029373168945
1995-06-09,-0.008318476389765905,0.17799997329711914
1995-06-12,0.005553370689736603,-0.013000011444091797
1995-06-13,0.009691401330399252,-0.24100017547607422
1995-06-14,0.0007831703798064638,0.004000186920166016
1995-06-15,0.0012109362311285565,0.028999805450439453
1995-06-16,0.005032782695747251,0.03800010681152344
1995-06-19,0.00993502236452315,-0.08800029754638672
1995-06-20,-0.00044026829756038666,0.03299999237060547
1995-06-21,-0.0018366153338380542,-0.024999618530273438
1995-06-22,0.012949410547118845,-0.10000038146972656
1995-06-23,-0.0024709497035306782,0.029000282287597656
1995-06-26,-0.010202708544587047,0.04500007629394531
1995-06-27,-0.003129166540302819,0.04199981689453125
1995-06-28,0.004231191878233176,-0.03800010681152344
1995-06-29,-0.0015799844750166159,0.15600013732910156
1995-06-30,0.0016167350929467972,-0.04699993133544922
1995-07-03,0.0042863979717315814,0.0
1995-07-05,0.0003106554682412721,-0.02500009536743164
1995-07-06,0.01222259115035218,-0.13499975204467773
1995-07-07,0.004286913359834443,-0.02500009536743164
1995-07-10,0.0014727674741115138,0.0039997100830078125
1995-07-11,-0.004334607676688584,0.0670003890991211
1995-07-12,0.010953142409540817,0.0
1995-07-13,0.00019607154084333445,-0.017000198364257812
1995-07-14,-0.001980543496484799,0.06300020217895508
1995-07-17,0.0050417546364887045,0.06699991226196289
1995-07-18,-0.007599081785041761,0.05499982833862305
1995-07-19,-0.013484559472374258,0.1550002098083496
1995-07-20,0.004635501826791177,-0.005000114440917969
1995-07-21,0.0001445447666537092,0.08699989318847656
1995-07-24,0.005422233083177019,-0.057000160217285156
1995-07-25,0.007998344163947735,-0.026000022888183594
1995-07-26,0.0009085334920886368,0.05200004577636719
1995-07-27,0.0064073513178515284,-0.04699993133544922
1995-07-28,-0.0040597105824931035,0.0560002326965332
1995-07-31,-0.001546672056059073,-0.043000221252441406
1995-08-01,-0.004314855377406168,0.059999942779541016
1995-08-02,-0.0015021405021098388,-0.059999942779541016
1995-08-03,-8.945960994655167e-05,0.07800006866455078
1995-08-04,0.0003399913085404549,-0.034999847412109375
1995-08-07,0.0019482687995937553,-0.017000198364257812
1995-08-08,0.0006425900105853088,-0.005000114440917969
1995-08-09,-0.00121416433726651,0.026000022888183594
1995-08-10,-0.004045996597667134,0.037000179290771484
1995-08-11,-0.004206569193951459,0.07299995422363281
1995-08-14,0.008306106836594829,-0.007999897003173828
1995-08-15,-0.0020924132656920946,0.0
1995-08-16,0.0025031990584549746,-0.04400014877319336
1995-08-17,-0.0016621709055453238,0.031000137329101562
1995-08-18,0.0003041251001532075,-0.005000114440917969
1995-08-21,-0.001969063418368222,-0.03399991989135742
1995-08-22,0.0025232588990071747,0.03000020980834961
1995-08-23,-0.0042627270858695,0.020999908447265625
1995-08-24,0.0005742101605914485,-0.09000015258789062
1995-08-25,0.0047245043300891965,-0.10699987411499023
1995-08-28,-0.0018764028689641776,-0.05200004577636719
1995-08-29,0.001697890971129823,0.029999732971191406
1995-08-30,0.0016414786617309218,-0.03399991989135742
1995-08-31,0.0017100502619173952,-0.051000118255615234
1995-09-01,0.0034822582845075445,-0.06299972534179688
1995-09-05,0.009408558311804427,-0.04699993133544922
1995-09-06,0.0017554027538508876,0.005000114440917969
1995-09-07,0.00021043284593957878,0.03299999237060547
1995-09-08,0.0041821188538069265,0.03299999237060547
1995-09-11,0.002145459104326619,-0.012000083923339844
1995-09-12,0.004520159744577867,-0.07200002670288086
1995-09-13,0.003912493233253933,0.02500009536743164
1995-09-14,0.008327730641203068,-0.10400009155273438
1995-09-15,-0.0004456190077313238,0.03299999237060547
1995-09-18,-0.000994676542607209,0.06199979782104492
1995-09-19,0.002450779973160344,-0.03299999237060547
1995-09-20,0.004389542654640088,-0.03800010681152344
1995-09-21,-0.006445767153083537,0.10500001907348633
1995-09-22,-0.0021807973622811616,0.03299999237060547
1995-09-25,0.00013754076607774834,-0.0039997100830078125
1995-09-26,-0.0006877881052718138,0.029999732971191406
1995-09-27,-0.0006365781671870963,0.012000083923339844
1995-09-28,0.00827835014667766,-0.012000083923339844
1995-09-29,-0.0024951682840761436,-0.10199975967407227
1995-10-02,-0.00461356339742558,-0.013000011444091797
1995-10-03,0.0010653337667951845,-0.029000282287597656
1995-10-04,-0.0014951861837566582,-0.029999732971191406
1995-10-05,0.0019930153560654418,-0.01600027084350586
1995-10-06,-0.00024034374089865196,-0.008999824523925781
1995-10-10,-0.00856889349513068,0.004000186920166016
1995-10-11,0.003353565645012324,0.012000083923339844
1995-10-12,0.006261983063589938,-0.029000282287597656
1995-10-13,0.0023981245534407947,-0.10799980163574219
1995-10-16,-0.0025180876602179936,0.015999794006347656
1995-10-17,0.006411319201368393,-0.012000083923339844
1995-10-18,0.0011241048460908232,0.024000167846679688
1995-10-19,0.005449549429392242,-0.007999897003173828
1995-10-20,-0.00541547073191051,0.05800008773803711
1995-10-23,-0.0040937940946799145,0.03299999237060547
1995-10-24,0.0025264275978083006,-0.0540003776550293
1995-10-25,-0.0069631978299788955,-0.004999637603759766
1995-10-26,-0.009920802372805682,0.05900001525878906
1995-10-27,0.005153920105994025,-0.026000022888183594
1995-10-30,0.0061051614983549385,0.0
1995-10-31,-0.003004938942820168,-0.021000385284423828
1995-11-01,0.004666602113008622,-0.0409998893737793
1995-11-02,0.00937022423059286,-0.05900001525878906
1995-11-03,0.0014403863184195842,0.012000083923339844
1995-11-06,-0.0035791923049464103,0.02500009536743164
1995-11-07,-0.003643264206353969,0.03299999237060547
1995-11-08,0.009150959020873373,-0.07000017166137695
1995-11-09,0.0026160808044890516,0.04900026321411133
1995-11-10,-0.0009107052542516314,0.03299999237060547
1995-11-13,-0.0007088200071727613,-0.029000282287597656
1995-11-14,-0.005094857545744347,-0.0039997100830078125
1995-11-15,0.00789362889372125,0.028999805450439453
1995-11-16,0.0056744964558461675,-0.06699991226196289
1995-11-17,0.0045598168061928845,-0.017000198364257812
1995-11-20,-0.005380542647201558,0.017000198364257812
1995-11-21,0.005663774331747362,0.019999980926513672
1995-11-22,-0.0030700915087713554,-0.008999824523925781
1995-11-24,0.0026201376763683726,-0.029000282287597656
1995-11-27,0.002247645804331455,-0.026000022888183594
1995-11-28,0.008495053943690323,0.005000114440917969
1995-11-29,0.001960320563002327,-0.03800010681152344
1995-11-30,-0.00374279216648965,-0.09200000762939453
1995-12-01,0.0026559761296898188,-0.0409998893737793
1995-12-04,0.010977798306364583,-0.08599996566772461
1995-12-05,0.006496904426808392,0.032000064849853516
1995-12-06,0.004039234531576064,0.01699972152709961
1995-12-07,-0.006486874924441999,0.04500007629394531
1995-12-08,0.002123775932992622,0.01600027084350586
1995-12-11,0.0032983684915199873,-0.03299999237060547
1995-12-12,-0.0011951712723599073,0.01699972152709961
1995-12-13,0.004691735242333017,0.019999980926513672
1995-12-14,-0.007702251991020148,0.004000186920166016
1995-12-15,-0.0009405252628758021,0.0039997100830078125
1995-12-18,-0.0155830796808889,0.10100030899047852
1995-12-19,0.008402161706756672,-0.10900020599365234
1995-12-20,-0.009836909620882572,0.007999897003173828
1995-12-21,0.007480922108210386,0.009000301361083984
1995-12-22,0.002388702372253526,-0.05900001525878906
1995-12-26,0.003832788522325714,-0.012000083923339844
1995-12-27,0.0003744073686258176,-0.03299999237060547
1995-12-28,-0.0006674548272691538,-0.02500009536743164
1995-12-29,0.002942967981677036,-0.04500007629394531
1996-01-02,0.007762864492984356,0.012000083923339844
1996-01-03,0.0009500855934145847,-0.020999908447265625
1996-01-04,-0.00584333644394075,0.05299997329711914
1996-01-05,-0.001603989629402669,0.05800008773803711
1996-01-08,0.0028336198396852197,-0.004000186920166016
1996-01-09,-0.014675621542775907,0.0
1996-01-10,-0.018163856202040307,0.06599998474121094
1996-01-11,0.007009897470153348,0.017000198364257812
1996-01-12,-0.001461195582211694,-0.004000186920166016
1996-01-16,0.010956531638776745,-0.09599971771240234
1996-01-17,-0.003407955699786136,-0.0989999771118164
1996-01-18,0.0030791721083129886,-0.0410003662109375
1996-01-19,0.005884969214859481,-0.0009999275207519531
1996-01-22,0.002562797401865602,0.07400035858154297
1996-01-23,-0.0009950275827357302,0.046000003814697266
1996-01-24,0.011632731372278826,-0.04200029373168945
1996-01-25,-0.00473730270078665,0.08699989318847656
1996-01-26,0.007411273142910346,-0.053999900817871094
1996-01-29,0.004173857689270477,0.046000003814697266
1996-01-30,0.009455101624457285,-0.05800008773803711
1996-01-31,0.00927211506836123,-0.03299999237060547
1996-02-01,0.003829021001664046,0.019999980926513672
1996-02-02,-0.004112059497124676,0.0410003662109375
1996-02-05,0.008753045831763728,0.037999629974365234
1996-02-06,0.0076101882736061555,-0.024999618530273438
1996-02-07,0.005554417808489198,0.0039997100830078125
1996-02-08,0.0094028482186026,-0.0009999275207519531
1996-02-09,0.00045714516112749237,-0.007999897003173828
1996-02-12,0.007709766470100909,-0.053999900817871094
1996-02-13,-0.0014221346851783778,-0.029000282287597656
1996-02-14,-0.007491912611887308,0.046000003814697266
1996-02-15,-0.006519281925069009,0.07800006866455078
1996-02-16,-0.005141282604525621,0.05900001525878906
1996-02-20,-0.011376477472832214,0.24100017547607422
1996-02-21,0.011561643699606883,-0.017000198364257812
1996-02-22,0.016466078841211207,-0.06400012969970703
1996-02-23,0.00033390251440579277,0.05500030517578125
1996-02-26,-0.013165110437642014,0.029999732971191406
1996-02-27,-0.004962685237932973,0.05200004577636719
1996-02-28,-0.0038545086820480634,0.059999942779541016
1996-02-29,-0.006722830451105111,0.005000114440917969
1996-03-01,0.006133273396279115,-0.13399982452392578
1996-03-04,0.009944649472616973,-0.07200002670288086
1996-03-05,0.007622845058024907,0.04699993133544922
1996-03-06,-0.0057960203106173225,0.08599996566772461
1996-03-07,0.0025275154315744786,0.020999908447265625
1996-03-08,-0.03131207759703347,0.35200023651123047
1996-03-11,0.010239456620876553,-0.10700035095214844
1996-03-12,-0.004588481352536533,0.03600025177001953
1996-03-13,0.002288986795939252,-0.005000114440917969
1996-03-14,0.003626658795488069,0.01399993896484375
1996-03-15,0.0008734268104584331,0.10300016403198242
1996-03-18,0.01734098781096627,-0.031000137329101562
1996-03-19,-0.001472042759168346,-0.026999950408935547
1996-03-20,-0.002627429346688359,-0.06699991226196289
1996-03-21,-0.0012161274276625278,-0.057000160217285156
1996-03-22,0.002200311207628758,0.039999961853027344
1996-03-25,-0.0008918812606948379,-0.0839996337890625
1996-03-26,0.004497275891120367,0.004999637603759766
1996-03-27,-0.006237150729026197,0.07999992370605469
1996-03-28,4.6275451623500885e-05,0.09300041198730469
1996-03-29,-0.005315055982821448,-0.0710000991821289
1996-04-01,0.012669182013611113,-0.026000022888183594
1996-04-02,0.002337726040819277,-0.0710000991821289
1996-04-03,0.0009457344852137339,0.018000125885009766
1996-04-04,-3.052362724442759e-05,0.0710000991821289
1996-04-08,-0.01787601687017215,0.2849998474121094
1996-04-09,-0.0031870984661210855,-0.059999942779541016
1996-04-10,-0.013624214101609411,0.06399965286254883
1996-04-11,-0.003668928013614625,0.0560002326965332
1996-04-12,0.00872325564571863,-0.17299985885620117
1996-04-15,0.009036909852965458,-0.03600025177001953
1996-04-16,0.003899079549508855,-0.0039997100830078125
1996-04-17,-0.00526969716076664,0.048999786376953125
1996-04-18,0.003112310203705171,0.051000118255615234
1996-04-19,0.0022659195543468513,-0.04500007629394531
1996-04-22,0.004362102072562379,-0.04500007629394531
1996-04-23,0.005679257342419142,0.026999950408935547
1996-04-24,-0.0021663679372325717,0.05900001525878906
1996-04-25,0.004144179943483373,-0.013000011444091797
1996-04-26,0.0009033351264573497,-0.021999835968017578
1996-04-29,0.001070572859608987,0.04999971389770508
1996-04-30,1.5301592047656243e-05,0.06400012969970703
1996-05-01,0.0006266043065572546,0.03299999237060547
1996-05-02,-0.01725829764953879,0.16700029373168945
1996-05-03,-0.0027237158754926938,0.0429997444152832
1996-05-06,-0.001278823858286593,-0.03699970245361328
1996-05-07,-0.003987258174647401,0.008999824523925781
1996-05-08,0.010147955206270431,-0.051000118255615234
1996-05-09,0.0010385642011261353,0.03399991989135742
1996-05-10,0.010250371845556216,-0.09100008010864258
1996-05-13,0.014342484967398761,-0.03399991989135742
1996-05-14,0.006163737465869623,-0.059999942779541016
1996-05-15,-0.00027045826883309587,-0.013000011444091797
1996-05-16,-0.0008569799768283204,0.059999942779541016
1996-05-17,0.0060880672007277425,-0.04799985885620117
1996-05-20,0.006318741911343295,-0.03399991989135742
1996-05-21,-0.0005795553186311864,0.02500009536743164
1996-05-22,0.008377871609558163,-0.017000198364257812
1996-05-23,-0.0035734639415894165,0.0560002326965332
1996-05-24,0.0037061559096160934,-0.03500032424926758
1996-05-28,-0.009298717137330215,0.017000198364257812
1996-05-29,-0.006417148154214125,0.10799980163574219
1996-05-30,0.005628463785121163,-0.007999897003173828
1996-05-31,-0.003848421503253263,0.08699989318847656
1996-06-03,-0.0021544030693156913,0.017000198364257812
1996-06-04,0.007282317323433318,-0.018000125885009766
1996-06-05,0.00870472540517575,-0.026000022888183594
1996-06-06,-0.00800609989812262,-0.06999969482421875
1996-06-07,0.0004158953312973779,0.17100000381469727
1996-06-10,-0.0017094765682834634,0.039999961853027344
1996-06-11,-0.001771984547338512,0.021999835968017578
1996-06-12,-0.0028805666885469705,0.034999847412109375
1996-06-13,-0.001675435932121161,-0.013000011444091797
1996-06-14,-0.003103997016938642,-0.06599998474121094
1996-06-17,-0.0010368104368803088,-0.048999786376953125
1996-06-18,-0.004671390261810515,0.026000022888183594
1996-06-19,-0.00015101823938135084,0.039999961853027344
1996-06-20,0.00021140071305048025,0.008999824523925781
1996-06-21,0.00713361229543974,-0.018000125885009766
1996-06-24,0.003009605887482003,-0.01699972152709961
1996-06-25,-0.0005533340892460714,-0.031000137329101562
1996-06-26,-0.006137100650969174,0.0
1996-06-27,0.00624182130188089,-0.07999992370605469
1996-06-28,0.003106406567987108,-0.10500001907348633
1996-07-01,0.007797976347130309,0.013000011444091797
1996-07-02,-0.0033642660393740087,0.06199979782104492
1996-07-03,-0.0017978488341547916,-0.03099966049194336
1996-07-05,-0.02249992899469344,0.29199981689453125
1996-07-08,-0.007481102521201599,0.0
1996-07-09,0.003381077060418569,-0.04500007629394531
1996-07-10,0.001998761067063093,-0.07200002670288086
1996-07-11,-0.015963733575099504,-0.043999671936035156
1996-07-12,0.0008050710839153652,-0.05200004577636719
1996-07-15,-0.02569129267916903,0.03900003433227539
1996-07-16,-0.002273132106076936,-0.06500005722045898
1996-07-17,0.009030212809783222,0.013000011444091797
1996-07-18,0.014855889001001543,-0.1119999885559082
1996-07-19,-0.007533459694385236,0.06399965286254883
1996-07-22,-0.007795655884438091,0.05200004577636719
1996-07-23,-0.010946968587004058,-0.029999732971191406
1996-07-24,-0.00035096480623408866,0.0689997673034668
1996-07-25,0.0071870027914098245,-0.013000011444091797
1996-07-26,0.007466143857701724,-0.01399993896484375
1996-07-29,-0.007878177608901638,0.07899999618530273
1996-07-30,0.0068712002255510995,-0.043999671936035156
1996-07-31,0.007355688093838353,-0.0820002555847168
1996-08-01,0.01561309431746416,-0.1640000343322754
1996-08-02,0.01900228697180406,-0.13199996948242188
1996-08-05,-0.003417219086324863,0.017000198364257812
1996-08-06,0.003251187170407732,0.020999908447265625
1996-08-07,0.00268362711936021,0.007999897003173828
1996-08-08,-0.002366605648104425,0.017000198364257812
1996-08-09,-0.0007398731642620504,-0.06800031661987305
1996-08-12,0.005527729828817662,-0.013000011444091797
1996-08-13,-0.00840145697694794,0.08900022506713867
1996-08-14,0.0027982254385428007,0.0
1996-08-15,0.0003474081282632824,0.0429997444152832
1996-08-16,0.004414341833896884,-0.06499958038330078
1996-08-19,0.0020573747516445806,0.029999732971191406
1996-08-20,-0.0013360876816097544,0.0
1996-08-21,-0.0009317910930546347,0.03000020980834961
1996-08-22,0.008399802862346206,0.007999897003173828
1996-08-23,-0.005457045812236494,0.09000015258789062
1996-08-26,-0.00473364872930393,0.09099960327148438
1996-08-27,0.0037887098808999653,-0.026000022888183594
1996-08-28,-0.002388845614680335,0.017000198364257812
1996-08-29,-0.011208583506279624,0.06599998474121094
1996-08-30,-0.008263488959881826,0.08699989318847656
1996-09-03,0.004178409168485331,-0.043999671936035156
1996-09-04,0.0013584590372754946,0.034999847412109375
1996-09-05,-0.009455620763463735,0.03599977493286133
1996-09-06,0.009562397030283165,-0.039999961853027344
1996-09-09,0.012247799188495279,-0.039999961853027344
1996-09-10,7.530720446613515e-05,0.03500032424926758
1996-09-11,0.0052138315651948375,0.004999637603759766
1996-09-12,0.005782903471831524,-0.06199979782104492
1996-09-13,0.013893873075425667,-0.1399998664855957
1996-09-16,0.00504208048815169,-0.013000011444091797
1996-09-17,-0.0015216373174844477,0.08299970626831055
1996-09-18,-0.0021548249221696736,0.02200031280517578
1996-09-19,0.0022426729367603926,0.029999732971191406
1996-09-20,0.005883142463193103,-0.01699972152709961
1996-09-23,-0.0008009389864200855,-0.018000125885009766
1996-09-24,-0.0012681314716243008,-0.06599998474121094
1996-09-25,0.00032087694653437637,-0.0560002326965332
1996-09-26,4.3695385502751094e-05,-0.04799985885620117
1996-09-27,0.0004810569573177048,0.03000020980834961
1996-09-30,0.0016599902353204854,0.03099966049194336
1996-10-01,0.002542848278511478,-0.06999969482421875
1996-10-02,0.007128984317072096,-0.03900003433227539
1996-10-03,-0.0017738529360915578,0.0
1996-10-04,0.012451377810851483,-0.12900018692016602
1996-10-07,0.002676546041876726,0.05200004577636719
1996-10-08,-0.003846230652522209,0.007999897003173828
1996-10-09,-0.005581924067616484,0.02200031280517578
1996-10-10,-0.0030617839999544927,0.055999755859375
1996-10-11,0.008672193754103219,-0.05200004577636719
1996-10-15,0.002722341149919316,0.0
1996-10-16,0.0026154840790217904,0.018000125885009766
1996-10-17,0.0036559728362250965,-0.06500005722045898
1996-10-18,0.0054027357866131,-0.017000198364257812
1996-10-21,-0.0013655977823106014,0.021000385284423828
1996-10-22,-0.0046313581622570155,0.04699993133544922
1996-10-23,0.0009902283864287043,-0.004000186920166016
1996-10-24,-0.0070661230932724806,0.017000198364257812
1996-10-25,-0.0019526593890120125,-0.03399991989135742
1996-10-28,-0.005235350989647891,0.013000011444091797
1996-10-29,0.006062517073963214,-0.1550002098083496
1996-10-30,-0.0008556412037892258,-0.004000186920166016
1996-10-31,0.006215477572608208,-0.034999847412109375
1996-11-01,-0.0021291099259839186,0.013000011444091797
1996-11-04,0.004197044002153483,-0.020999908447265625
1996-11-05,0.010430372074586636,-0.06800031661987305
1996-11-06,0.014526972649003156,0.008000373840332031
1996-11-07,0.004214182200171557,-0.03800010681152344
1996-11-08,0.004347004508774788,0.012000083923339844
1996-11-12,-0.0017255920706524819,-0.0840001106262207
1996-11-13,0.002149679844722918,0.017000198364257812
1996-11-14,0.0064757793988095,-0.046000003814697266
1996-11-15,0.002361711629635721,0.024999618530273438
1996-11-18,-0.0008137248590616153,0.01600027084350586
1996-11-19,0.006949761795969955,-0.029000282287597656
1996-11-20,0.0024090275226447133,-0.037999629974365234
1996-11-21,-0.0016143303393922892,0.0039997100830078125
1996-11-22,0.008018897459044716,0.007999897003173828
1996-11-25,0.01102450966907842,-0.013000011444091797
1996-11-26,-0.0014144276781058451,0.0
1996-11-27,-0.0012707445437092346,0.004000186920166016
1996-11-29,0.0026719497188567587,-0.07899999618530273
1996-12-02,-0.0006078594876077759,0.012000083923339844
1996-12-03,-0.011004560847281297,-0.007999897003173828
1996-12-04,-0.004258873839466659,0.053999900817871094
1996-12-05,-0.0009667411024505412,0.10899972915649414
1996-12-06,-0.00644219718792538,0.034000396728515625
1996-12-09,0.013643701841282052,-0.04700040817260742
1996-12-10,-0.0029653821988908646,0.009000301361083984
1996-12-11,-0.009151626086437936,0.14400005340576172
1996-12-12,-0.015551006806926893,0.029999732971191406
1996-12-13,-0.0009053502729949869,-0.06399965286254883
1996-12-16,-0.010568432419876927,0.04699993133544922
1996-12-17,0.006993708902772511,0.03399991989135742
1996-12-18,0.007546791626866778,0.04400014877319336
1996-12-19,0.019251974630350333,-0.10000038146972656
1996-12-20,0.00416155146057573,-0.0039997100830078125
1996-12-23,-0.002607335709411629,-0.009000301361083984
1996-12-24,0.005487575242437259,0.005000114440917969
1996-12-26,0.006357625569798131,0.004000186920166016
1996-12-27,0.0012825128029998467,-0.05200004577636719
1996-12-30,-0.0038923982466023688,0.0039997100830078125
1996-12-31,-0.01754370349139922,0.12100028991699219
1997-01-02,-0.0050481994790461115,0.11700010299682617
1997-01-03,0.014841649418814384,-0.026000022888183594
1997-01-06,-0.0005081366032078094,0.021999835968017578
1997-01-07,0.007435613433972144,0.034999847412109375
1997-01-08,-0.006419679852334603,0.013000011444091797
1997-01-09,0.008568101404922146,-0.06099987030029297
1997-01-10,0.006141300365015923,0.10099983215332031
1997-01-13,1.31793280635506e-05,-0.0039997100830078125
1997-01-14,0.012235377899262545,-0.09299993515014648
1997-01-15,-0.00216133978277977,0.0
1997-01-16,0.0033182473242359123,0.048999786376953125
1997-01-17,0.008305759532583501,-0.031000137329101562
1997-01-21,0.00840344929198622,-0.034999847412109375
1997-01-22,0.004474350018382367,0.034999847412109375
1997-01-23,-0.011088537293479916,0.03500032424926758
1997-01-24,-0.009095171411983571,0.048999786376953125
1997-01-27,-0.007163634136078123,0.04400014877319336
1997-01-28,0.0,-0.034999847412109375
1997-01-29,0.009730005965880473,-0.018000125885009766
1997-01-30,0.014993803013969575,-0.02200031280517578
1997-01-31,0.002534488107991173,-0.07899999618530273
1997-02-03,0.0007247898657656293,-0.06599998474121094
1997-02-04,0.0032107202279201275,-0.008999824523925781
1997-02-05,-0.014009415741268683,0.008999824523925781
1997-02-06,0.0023998459349741097,0.017000198364257812
1997-02-07,0.011989585001423997,-0.06099987030029297
1997-02-10,-0.005244495996344689,0.004999637603759766
1997-02-11,0.005282528224333838,0.004000186920166016
1997-02-12,0.016554413935318202,0.013000011444091797
1997-02-13,0.011210378387312758,-0.10500001907348633
1997-02-14,-0.004122732347687119,-0.04699993133544922
1997-02-18,0.009613739680816913,0.004000186920166016
1997-02-19,-0.004666062649961056,0.01699972152709961
1997-02-20,-0.011997992699852134,0.0560002326965332
1997-02-21,-0.0012837936624485735,0.007999897003173828
1997-02-24,0.010558095047922933,0.029999732971191406
1997-02-25,0.002157418268479816,0.005000114440917969
1997-02-26,-0.007850689121408294,0.16900014877319336
1997-02-27,-0.013256461944521014,0.008999824523925781
1997-02-28,-0.005359779221720373,-0.026000022888183594
1997-03-03,0.005661581602861787,0.02200031280517578
1997-03-04,-0.00549720260781239,0.026000022888183594
1997-03-05,0.01386135670613875,-0.004000186920166016
1997-03-06,-0.004286024120068177,0.026000022888183594
1997-03-07,0.007994870584354885,-0.05299997329711914
1997-03-10,0.010725354863837744,-0.004000186920166016
1997-03-11,-0.002843093239616401,0.009000301361083984
1997-03-12,-0.008764622743737682,0.026000022888183594
1997-03-13,-0.018446786946199722,0.1289997100830078
1997-03-14,0.004561727718855657,-0.026999950408935547
1997-03-17,0.003197272567469156,0.01399993896484375
1997-03-18,-0.007632386403615854,0.013000011444091797
1997-03-19,-0.004938285466966619,0.01399993896484375
1997-03-20,-0.0039785250700878905,0.0
1997-03-21,0.001850903572130136,0.004000186920166016
1997-03-24,0.00862238004294369,-0.021999835968017578
1997-03-25,-0.0023038660522125554,0.039999961853027344
1997-03-26,0.0018106105583344245,0.03599977493286133
1997-03-27,-0.02124882752971935,0.09999990463256836
1997-03-31,-0.021895074219032473,0.023000240325927734
1997-04-01,0.0033229012286630777,-0.026999950408935547
1997-04-02,-0.012624813215305508,-0.018000125885009766
1997-04-03,0.0002799490480107636,-0.008999824523925781
1997-04-04,0.010051691068614588,0.05499982833862305
1997-04-07,0.005565668186074291,-0.05000019073486328
1997-04-08,0.00522165784419748,0.032000064849853516
1997-04-09,-0.007231245665296981,0.0
1997-04-10,-0.0029756940951504163,0.004000186920166016
1997-04-11,-0.02766237883992506,0.0689997673034668
1997-04-14,0.008208549020105593,0.0010004043579101562
1997-04-15,0.014668741236983251,-0.09600019454956055
1997-04-16,0.011605674270145805,0.018000125885009766
1997-04-17,-0.0023077564943241313,-0.0410003662109375
1997-04-18,0.005981272042004271,-0.021999835968017578
1997-04-21,-0.007820820040728371,0.03600025177001953
1997-04-22,0.018554507480724958,-0.031000137329101562
1997-04-23,-0.0012529899306032988,0.0409998893737793
1997-04-24,-0.003184868192287915,0.0409998893737793
1997-04-25,-0.007562429200959286,0.018000125885009766
1997-04-28,0.009867958581018854,-0.026999950408935547
1997-04-29,0.026919086950791815,-0.15000009536743164
1997-04-30,0.009138943749607442,-0.048999786376953125
1997-05-01,-0.0035127858507291165,-0.02200031280517578
1997-05-02,0.01792159837871754,-0.01399993896484375
1997-05-05,0.021080838430922455,-0.013000011444091797
1997-05-06,-0.0030517417976998473,-0.0039997100830078125
1997-05-07,-0.014774714856905291,0.07599973678588867
1997-05-08,0.005672820840037396,-0.018000125885009766
1997-05-09,0.005495344549491854,-0.055999755859375
1997-05-12,0.015495538541533627,-0.017000198364257812
1997-05-13,-0.005422559892361178,0.06500005722045898
1997-05-14,0.0034867342720596994,-0.026000022888183594
1997-05-15,0.006961059522659241,-0.017999649047851562
1997-05-16,-0.014513041470778809,0.034999847412109375
1997-05-19,0.004233292139232958,0.0039997100830078125
1997-05-20,0.010018357570843683,-0.0039997100830078125
1997-05-21,-0.0027483466286062352,0.034999847412109375
1997-05-22,-0.0044059540225740434,0.017000198364257812
1997-05-23,0.013514348079924687,-0.013000011444091797
1997-05-27,0.0031589929199418165,0.05299997329711914
1997-05-28,-0.0029465169177091965,0.0
1997-05-29,-0.0037013266605905315,-0.04400014877319336
1997-05-30,0.004963507427112823,-0.07499980926513672
1997-06-02,-0.002266020807144997,-0.017000198364257812
1997-06-03,-0.00104029338466205,-0.029999732971191406
1997-06-04,-0.0063716721073889815,-0.005000114440917969
1997-06-05,0.00394408409818503,-0.004000186920166016
1997-06-06,0.01713886350676397,-0.11700010299682617
1997-06-09,0.0056946013400871465,0.048000335693359375
1997-06-10,0.002731252373978421,0.012000083923339844
1997-06-11,0.004957225487180139,-0.008000373840332031
1997-06-12,0.015847196114797235,-0.07799959182739258
1997-06-13,0.01104286753663164,-0.051000118255615234
1997-06-16,0.000705030739569068,-0.026000022888183594
1997-06-17,0.0005815049975570474,0.026000022888183594
1997-06-18,-0.006010722349261144,-0.03000020980834961
1997-06-19,0.009994199453799979,0.0
1997-06-20,0.0007903667395634528,-0.026000022888183594
1997-06-23,-0.022596799034720227,0.03399991989135742
1997-06-24,0.01996734603093664,0.008000373840332031
1997-06-25,-0.0082338593718978,0.034999847412109375
1997-06-26,-0.005990978007072378,0.04699993133544922
1997-06-27,0.00408813221922788,-0.034999847412109375
1997-06-30,-0.002437288947225724,0.055999755859375
1997-07-01,0.006632288680877174,-0.06399965286254883
1997-07-02,0.014484448271776529,-0.03500032424926758
1997-07-03,0.014157630719942915,-0.11499977111816406
1997-07-07,-0.00516093114959304,-0.03800010681152344
1997-07-08,0.007154772867478343,0.007999897003173828
1997-07-09,-0.01227643243564902,-0.02500009536743164
1997-07-10,0.006852256232178,0.008000373840332031
1997-07-11,0.0031685650277530897,-0.021000385284423828
1997-07-14,0.0018528142901335087,0.017000198364257812
1997-07-15,0.008003778695074182,0.007999897003173828
1997-07-16,0.011630616113065706,-0.06299972534179688
1997-07-17,-0.00533139200011945,-0.0009999275207519531
1997-07-18,-0.017662389395393774,0.05099964141845703
1997-07-21,-0.0025817033594943695,0.020999908447265625
1997-07-22,0.022784840116899296,-0.1099996566772461
1997-07-23,0.002758581753143474,-0.020999908447265625
1997-07-24,0.003985374736333647,0.013000011444091797
1997-07-25,-0.0016071716821661752,0.028999805450439453
1997-07-28,-0.002495645407508462,-0.026000022888183594
1997-07-29,0.006216916295215036,-0.05000019073486328
1997-07-30,0.010556527672285654,-0.046000003814697266
1997-07-31,0.0021189765162601404,-0.037999629974365234
1997-08-01,-0.007541630700295343,0.17599964141845703
1997-08-04,0.0033307783770579746,0.034000396728515625
1997-08-05,0.0021758982477484423,0.007999897003173828
1997-08-06,0.008312960259286406,-0.017000198364257812
1997-08-07,-0.009552735027023473,0.018000125885009766
1997-08-08,-0.01873004683382451,0.14099979400634766
1997-08-11,0.003699494220415822,-0.013000011444091797
1997-08-12,-0.011236825492783709,0.02200031280517578
1997-08-13,-0.004879520267233595,-0.03000020980834961
1997-08-14,0.002978142587287458,-0.0819997787475586
1997-08-15,-0.02625072320878008,-0.013000011444091797
1997-08-18,0.012882759933403598,-0.04699993133544922
1997-08-19,0.014707928479539945,0.0039997100830078125
1997-08-20,0.01430307645307316,0.02200031280517578
1997-08-21,-0.015340343813394774,0.06399965286254883
1997-08-22,-0.0016336885186953864,0.07299995422363281
1997-08-25,-0.003666549611046399,0.018000125885009766
1997-08-26,-0.007789731227795471,-0.008999824523925781
1997-08-27,0.0007444958125768508,-0.004000186920166016
1997-08-28,-0.01103807277665414,-0.07800006866455078
1997-08-29,-0.004658562186928172,0.03900003433227539
1997-09-02,0.030773394154381073,-0.034999847412109375
1997-09-03,0.00030178099370026246,0.008999824523925781
1997-09-04,0.003238783931430511,0.013000011444091797
1997-09-05,-0.001957081941001526,0.026000022888183594
1997-09-08,0.0023115445465968776,-0.026000022888183594
1997-09-09,0.00259540787754009,0.009000301361083984
1997-09-10,-0.01575070008426671,0.01699972152709961
1997-09-11,-0.00703205772162363,0.03000020980834961
1997-09-12,0.012327895075400441,-0.0950002670288086
1997-09-15,-0.004490975210344139,-0.013000011444091797
1997-09-16,0.027738302409293425,-0.17100000381469727
1997-09-17,-0.0027956797986403714,-0.007999897003173828
1997-09-18,0.004538970679076826,0.004000186920166016
1997-09-19,0.003393439613233795,-0.013000011444091797
1997-09-22,0.005162800331762085,-0.029000282287597656
1997-09-23,-0.0036699982754226923,0.03299999237060547
1997-09-24,-0.007857004169097515,-0.046000003814697266
1997-09-25,-0.006980523870772082,0.07999992370605469
1997-09-26,0.007763706694840167,-0.04199981689453125
1997-09-29,0.008553962661126846,0.007999897003173828
1997-09-30,-0.006376885348138295,0.026000022888183594
1997-10-01,0.008545788662355669,-0.08099985122680664
1997-10-02,0.005271819629659724,-0.02500009536743164
1997-10-03,0.004746860055092839,-0.005000114440917969
1997-10-06,0.00790621237325162,-0.04199981689453125
1997-10-07,0.010665751339265839,-0.028999805450439453
1997-10-08,-0.009484136331471937,0.14799976348876953
1997-10-09,-0.003312009139174954,0.007999897003173828
1997-10-10,-0.003757245021099642,0.05500030517578125
1997-10-14,0.00340692731332215,-0.07600021362304688
1997-10-15,-0.004710813044136231,0.03399991989135742
1997-10-16,-0.010900820460122418,-0.013000011444091797
1997-10-17,-0.011677471461919886,0.06400012969970703
1997-10-20,0.012054249832476494,-0.013000011444091797
1997-10-21,0.01729399425563294,-0.004000186920166016
1997-10-22,-0.0039057114880298727,-0.013000011444091797
1997-10-23,-0.018550108152736833,-0.09799957275390625
1997-10-24,-0.00956498782874693,-0.017000198364257812
1997-10-27,-0.07112747282045273,-0.10099983215332031
1997-10-28,0.04988691536939793,0.06699991226196289
1997-10-29,-0.0029223137632987672,-0.06300020217895508
1997-10-30,-0.016984872949445062,-0.06699991226196289
1997-10-31,0.012033365809406504,-0.017000198364257812
1997-11-03,0.026296145994861853,0.07500028610229492
1997-11-04,0.0018832504901009628,0.04199981689453125
1997-11-05,0.0021236840924796496,-0.0039997100830078125
1997-11-06,-0.005029791037181042,-0.043000221252441406
1997-11-07,-0.011278376046065297,-0.0039997100830078125
1997-11-10,-0.006902404105233018,0.020999908447265625
1997-11-12,-0.016606003306846695,-0.020999908447265625
1997-11-13,0.011741420730290386,-0.02500009536743164
1997-11-14,0.012672190613441714,-0.013000011444091797
1997-11-17,0.019045185543016707,-0.013000011444091797
1997-11-18,-0.008458875407656663,0.0
1997-11-19,0.0067558986546609745,-0.03299999237060547
1997-11-20,0.01511919989676258,0.02500009536743164
1997-11-21,0.004276694017896432,-0.021000385284423828
1997-11-24,-0.017196347704707016,0.046000003814697266
1997-11-25,0.004374232330712324,-0.013000011444091797
1997-11-26,0.0008620495206512757,0.013000011444091797
1997-11-28,0.003943299103142728,0.0
1997-12-01,0.02007143926092958,-0.004999637603759766
1997-12-02,-0.003175041158971048,0.0
1997-12-03,0.005224705178314082,-0.021000385284423828
1997-12-04,-0.0037644030509058624,0.009000301361083984
1997-12-05,0.01092561056827357,0.05800008773803711
1997-12-08,-0.0014444228103860368,0.05099964141845703
1997-12-09,-0.006730833304406936,-0.0039997100830078125
1997-12-10,-0.006157650635921108,-0.04699993133544922
1997-12-11,-0.015431016718054025,-0.08000040054321289
1997-12-12,-0.0016244445352038284,-0.07999992370605469
1997-12-15,0.010434260139550844,0.03399991989135742
1997-12-16,0.004815056595955269,-0.004999637603759766
1997-12-17,-0.0025858784740169227,0.029999732971191406
1997-12-18,-0.010662093067034029,-0.04199981689453125
1997-12-19,-0.008958629922710237,-0.03800010681152344
1997-12-22,0.007282384809487397,0.0
1997-12-23,-0.015395249405191436,0.007999897003173828
1997-12-24,-0.006870301158669712,0.008000373840332031
1997-12-26,0.0040232133884430255,0.007999897003173828
1997-12-29,0.017875239692640932,0.013000011444091797
1997-12-30,0.018179631895408832,0.037999629974365234
1997-12-31,-0.00042243910600792134,-0.04699993133544922
1998-01-02,0.004739208571065134,-0.0839996337890625
1998-01-05,0.0020798316118284532,-0.15700006484985352
1998-01-06,-0.0107942190785284,-0.02500009536743164
1998-01-07,-0.0026727911849651065,0.053999900817871094
1998-01-08,-0.008281094439770875,-0.06199979782104492
1998-01-09,-0.03011257228471287,-0.08599996566772461
1998-01-12,0.012341491885369926,-0.009000301361083984
1998-01-13,0.013651952368056719,0.029000282287597656
1998-01-14,0.0060940759384351395,0.039999961853027344
1998-01-15,-0.00755505805843093,0.020999908447265625
1998-01-16,0.01127488552782463,0.05299997329711914
1998-01-20,0.017617978359757203,0.03299999237060547
1998-01-21,-0.007992181839634682,-0.020999908447265625
1998-01-22,-0.008035847083912806,0.007999897003173828
1998-01-23,-0.005675185523039694,0.15000009536743164
1998-01-26,-0.0006685832202206754,-0.06699991226196289
1998-01-27,0.01253411542805516,0.06699991226196289
1998-01-28,0.008672121117151654,-0.004000186920166016
1998-01-29,0.008181576712973815,-0.12199974060058594
1998-01-30,-0.0053006944704376835,-0.04500007629394531
1998-02-02,0.02118621769274842,0.04500007629394531
1998-02-03,0.004712857938926618,-0.012000083923339844
1998-02-04,0.0008942565086442755,0.0039997100830078125
1998-02-05,-0.003342601133200951,0.05000019073486328
1998-02-06,0.008849307694583253,0.0030002593994140625
1998-02-09,-0.0017003085629641035,0.037999629974365234
1998-02-10,0.008148851133957358,-0.01699972152709961
1998-02-11,0.000980863425170675,-0.05000019073486328
1998-02-12,0.0040408095815802625,-0.04799985885620117
1998-02-13,-0.0039623653009579485,-0.05000019073486328
1998-02-17,0.0026139798640150147,-0.04500007629394531
1998-02-18,0.009071275967001746,0.04500007629394531
1998-02-19,-0.0036886088773417924,0.020999908447265625
1998-02-20,0.005750280494436488,0.028000354766845703
1998-02-23,0.003792852045866546,0.046000003814697266
1998-02-24,-0.0073282638456726445,0.10399961471557617
1998-02-25,0.011902916882147174,-0.057999610900878906
1998-02-26,0.005517418953412623,0.024999618530273438
1998-02-27,0.0006386260262338794,-0.024999618530273438
1998-03-02,-0.0015641237627415094,0.08699989318847656
1998-03-03,0.004114905335403485,0.051000118255615234
1998-03-04,-0.004468117592430154,-0.004000186920166016
1998-03-05,-0.011794244610813465,0.017000198364257812
1998-03-06,0.01974474417398131,-0.05500030517578125
1998-03-09,-0.00320672268386879,-0.05499982833862305
1998-03-10,0.011282522332134448,-0.004000186920166016
1998-03-11,0.0039573654942186565,-0.03699970245361328
1998-03-12,0.0013562291766433532,-0.06300020217895508
1998-03-13,-0.0012251955686197746,0.017000198364257812
1998-03-16,0.009926179937639112,-0.04200029373168945
1998-03-17,0.0010926710629410863,0.020999908447265625
1998-03-18,0.004681577019141514,0.012000083923339844
1998-03-19,0.0038799738681367657,0.013000011444091797
1998-03-20,0.008607156101883007,-0.013000011444091797
1998-03-23,-0.0032897179770490226,0.0
1998-03-24,0.009176854561395942,0.0
1998-03-25,-0.0033701828178092086,0.06300020217895508
1998-03-26,-0.0010260040307601415,0.03399991989135742
1998-03-27,-0.0048811770008274635,0.012000083923339844
1998-03-30,-0.0016810714499460033,0.03399991989135742
1998-03-31,0.007424840636846675,-0.04199981689453125
1998-04-01,0.005792155514956043,-0.05900001525878906
1998-04-02,0.010645642302887559,-0.05800008773803711
1998-04-03,0.0023988324330987965,-0.09200000762939453
1998-04-06,-0.0011763809375162637,0.04199981689453125
1998-04-07,-0.010605502326394678,0.020999908447265625
1998-04-08,-0.007145493637570333,0.0540003776550293
1998-04-09,0.008154398309531352,0.0039997100830078125
1998-04-13,-0.0008828321616185519,0.07500028610229492
1998-04-14,0.005446180289909286,-0.03299999237060547
1998-04-15,0.0031944855514280945,-0.021000385284423828
1998-04-16,-0.010011264264059072,-0.020999908447265625
1998-04-17,0.01304424061267806,0.004000186920166016
1998-04-20,0.0008280503800364158,0.051000118255615234
1998-04-21,0.0026840815995958778,0.037999629974365234
1998-04-22,0.0034290108291710197,0.004000186920166016
1998-04-23,-0.009741853510779386,0.004000186920166016
1998-04-24,-0.010487222144482722,-0.021000385284423828
1998-04-27,-0.019467982130385586,0.1360001564025879
1998-04-28,-0.001317020607896069,0.004000186920166016
1998-04-29,0.008725915772180848,0.004999637603759766
1998-04-30,0.015528083793938663,-0.13199996948242188
1998-05-01,0.008285793681354292,-0.013000011444091797
1998-05-04,0.0009540017884690499,0.0
1998-05-05,-0.005872410988041921,0.03000020980834961
1998-05-06,-0.00952976095926239,-0.02500009536743164
1998-05-07,-0.008890751578197964,0.0
1998-05-08,0.011800724999689649,0.03800010681152344
1998-05-11,-0.001354536531398054,0.07200002670288086
1998-05-12,0.008234298397074014,-0.08099985122680664
1998-05-13,0.002747587485140812,-0.021000385284423828
1998-05-14,-0.0013325914310087228,-0.0009999275207519531
1998-05-15,-0.007762506740857766,0.004000186920166016
1998-05-18,-0.0026281058913859567,-0.0409998893737793
1998-05-19,0.003340414329032093,0.01699972152709961
1998-05-20,0.00856159258578959,-0.046000003814697266
1998-05-21,-0.003957603590010628,0.0409998893737793
1998-05-22,-0.0037481732181996463,-0.015999794006347656
1998-05-26,-0.01492431952578599,-0.05000019073486328
1998-05-27,-0.0016375432475763674,-0.028999805450439453
1998-05-28,0.0049044957728581196,0.02500009536743164
1998-05-29,-0.006196297997339784,-0.02500009536743164
1998-06-01,0.00014669922572796423,-0.02500009536743164
1998-06-02,0.002051086045000261,0.029000282287597656
1998-06-03,-0.009641831601278739,0.007999897003173828
1998-06-04,0.011113448516807622,0.02500009536743164
1998-06-05,0.017232387271670646,-0.012000083923339844
1998-06-08,0.0016684629568830545,0.0039997100830078125
1998-06-09,0.002408154199354584,0.0
1998-06-10,-0.005496075330094108,-0.07399988174438477
1998-06-11,-0.016041301135142128,-0.06999969482421875
1998-06-12,0.0038843589223178654,-0.021000385284423828
1998-06-15,-0.020066354570696276,-0.039999961853027344
1998-06-16,0.009775515500527021,0.06100034713745117
1998-06-17,0.017788795468876017,0.09799957275390625
1998-06-18,-0.0006686215989955002,-0.03699970245361328
1998-06-19,-0.005183445061271108,-0.03299999237060547
1998-06-22,0.0023231400286585213,-0.007999897003173828
1998-06-23,0.014649139146961865,-0.013000011444091797
1998-06-24,0.011889851508435356,0.013000011444091797
1998-06-25,-0.0031827797950176873,0.007999897003173828
1998-06-26,0.0034651584377778377,-0.017000198364257812
1998-06-29,0.004657368532824613,0.017000198364257812
1998-06-30,-0.0040927426868977435,-0.02500009536743164
1998-07-01,0.012898963120825613,-0.007999897003173828
1998-07-02,-0.0018649532223191656,-0.02500009536743164
1998-07-06,0.00947150834027699,-0.019999980926513672
1998-07-07,-0.0023096320253523928,0.024000167846679688
1998-07-08,0.010098981590267009,0.015999794006347656
1998-07-09,-0.006727034302130619,-0.0279998779296875
1998-07-10,0.004967871307878902,0.012000083923339844
1998-07-13,0.0007383370209179674,0.04499959945678711
1998-07-14,0.010577334272467098,0.024000167846679688
1998-07-15,-0.002354965565923628,-0.004000186920166016
1998-07-16,0.007783599963787857,0.017000198364257812
1998-07-17,0.0023283962171536388,0.012000083923339844
1998-07-20,-0.0022355067127604045,-0.03299999237060547
1998-07-21,-0.016201846788077567,-0.029000282287597656
1998-07-22,-0.0008500872296774986,0.008000373840332031
1998-07-23,-0.02112209760736139,-0.01600027084350586
1998-07-24,0.0009208733681322911,0.012000083923339844
1998-07-27,0.005655410677353423,0.012000083923339844
1998-07-28,-0.014955233243861166,0.02500009536743164
1998-07-29,-0.004460340725784384,0.03299999237060547
1998-07-30,0.015642946415526993,-0.021000385284423828
1998-07-31,-0.01968583665547463,0.004000186920166016
1998-08-03,-0.007371011599112798,-0.048999786376953125
1998-08-04,-0.0369177562202756,-0.017000198364257812
1998-08-05,0.008646296935802766,-0.007999897003173828
1998-08-06,0.007553904491176766,0.012000083923339844
1998-08-07,-0.00016525663580857497,-0.04500007629394531
1998-08-10,-0.005808693186120983,0.012000083923339844
1998-08-11,-0.013159339209899201,-0.037000179290771484
1998-08-12,0.014155902910775175,0.02500009536743164
1998-08-13,-0.008623838491522484,0.03699970245361328
1998-08-14,-0.011377080685558205,-0.037999629974365234
1998-08-17,0.019493580921087883,0.0039997100830078125
1998-08-18,0.016046980767630892,0.013000011444091797
1998-08-19,-0.0028554101812190424,0.007999897003173828
1998-08-20,-0.005900552277608995,-0.03699970245361328
1998-08-21,-0.009535965852258244,-0.05800008773803711
1998-08-24,0.006361308453741721,-0.028999805450439453
1998-08-25,0.004319110386110658,-0.04900026321411133
1998-08-26,-0.007955830107004402,-0.04799985885620117
1998-08-27,-0.039125141250914375,-0.08900022506713867
1998-08-28,-0.014929713822340318,-0.020999908447265625
1998-08-31,-0.07043757403011419,-0.04799985885620117
1998-09-01,0.03790279144574882,0.0039997100830078125
1998-09-02,-0.0038090972982987026,0.04000043869018555
1998-09-03,-0.008333605357160323,-0.0560002326965332
1998-09-04,-0.00855767307536226,-0.020999908447265625
1998-09-08,0.04964596826288936,0.032000064849853516
1998-09-09,-0.01700819403479592,-0.09600019454956055
1998-09-10,-0.026189717274469615,-0.19700002670288086
1998-09-11,0.029028048068248324,0.08599996566772461
1998-09-14,0.020267690172915742,0.023000240325927734
1998-09-15,0.007700611637287302,0.0279998779296875
1998-09-16,0.007488587608029285,-0.024000167846679688
1998-09-17,-0.02578192616417141,-0.08299970626831055
1998-09-18,0.0011967197696254317,-0.09000015258789062
1998-09-21,0.0037182282544643286,-0.019999980926513672
1998-09-22,0.0055904058679017155,0.05499982833862305
1998-09-23,0.03479819873966683,-0.05499982833862305
1998-09-24,-0.022165062381048983,-0.051000118255615234
1998-09-25,0.0019449668405435716,-0.03099966049194336
1998-09-28,0.0037640879780642678,0.010999679565429688
1998-09-29,0.0003147033039567759,-0.02299976348876953
1998-09-30,-0.030989454165847086,-0.15400028228759766
1998-10-01,-0.03057040967000102,-0.10599994659423828
1998-10-02,0.016300051704454255,-0.023999691009521484
1998-10-05,-0.014102544152375884,-0.13100004196166992
1998-10-06,-0.0040239981866578844,0.0709996223449707
1998-10-07,-0.014228488867208178,0.17300033569335938
1998-10-08,-0.01164706580432906,0.1529998779296875
1998-10-09,0.025672391405781703,0.2259998321533203
1998-10-13,0.010519524784546874,-0.04799985885620117
1998-10-14,0.01072837414750527,-0.1679997444152832
1998-10-15,0.0408820220825481,0.0039997100830078125
1998-10-16,0.008489058176277986,-0.14300012588500977
1998-10-19,0.005635225750718398,0.01900005340576172
1998-10-20,0.0014485489317479505,0.0840001106262207
1998-10-21,0.00561427063191644,0.031000137329101562
1998-10-22,0.007968703893705964,0.03099966049194336
1998-10-23,-0.007267962509418524,0.08100032806396484
1998-10-26,0.0015398136969979603,0.034999847412109375
1998-10-27,-0.006530510523017341,-0.10899972915649414
1998-10-28,0.0025780096944245656,-0.012000083923339844
1998-10-29,0.016564837523497467,-0.07000017166137695
1998-10-30,0.011663585180563985,0.09600019454956055
1998-11-02,0.011699999569477981,0.14099979400634766
1998-11-03,-0.0006839418074626735,-0.004000186920166016
1998-11-04,0.007024063837971717,0.13900041580200195
1998-11-05,0.013478380938426682,-0.06100034713745117
1998-11-06,0.00629494375002615,0.10400009155273438
1998-11-09,-0.009519278631659134,-0.055999755859375
1998-11-10,-0.0017179333855059653,-0.048000335693359375
1998-11-12,-0.009412628624203556,-0.04799985885620117
1998-11-13,0.007158801917899638,0.03600025177001953
1998-11-16,0.008976067913417651,0.03199958801269531
1998-11-17,0.0030326732315568705,0.012000083923339844
1998-11-18,0.004518822248639864,-0.007999897003173828
1998-11-19,0.007078554998324549,0.004000186920166016
1998-11-20,0.009446795276986109,-0.03600025177001953
1998-11-23,0.02097222153293732,0.019999980926513672
1998-11-24,-0.004402816500464368,0.012000083923339844
1998-11-25,0.003274462097856201,-0.019999980926513672
1998-11-27,0.0045897533914240896,-0.019999980926513672
1998-11-30,-0.02436490555095272,-0.07600021362304688
1998-12-01,0.009962008449167392,-0.06699991226196289
1998-12-02,-0.003434887437109957,-0.09100008010864258
1998-12-03,-0.018187867738286734,-0.0039997100830078125
1998-12-04,0.02286420815018886,0.0429997444152832
1998-12-07,0.009270727704162596,0.0710000991821289
1998-12-08,-0.005335371872924988,-0.08300018310546875
1998-12-09,0.0017844413568681716,-0.04699993133544922
1998-12-10,-0.01572942115348841,-0.026999950408935547
1998-12-11,0.0012352167733764574,0.0820002555847168
1998-12-14,-0.021893190219834047,-0.026999950408935547
1998-12-15,0.018776353801127854,0.0429997444152832
1998-12-16,-0.0007656798144983767,-0.04799985885620117
1998-12-17,0.015406501072019019,-0.01100015640258789
1998-12-18,0.00679902517770703,0.01100015640258789
1998-12-21,0.012388901093157045,0.05499982833862305
1998-12-22,0.0006066967123663503,0.06400012969970703
1998-12-23,0.02053440866502587,0.09100008010864258
1998-12-24,-0.0018494466977960755,0.06500005722045898
1998-12-28,-0.0006363015303989528,-0.07700014114379883
1998-12-29,0.013229283877656428,-0.06799983978271484
1998-12-30,-0.00798795101261085,-0.05900001525878906
1998-12-31,-0.0021941477091553807,-0.004000186920166016
1999-01-04,-0.0009197014504946921,0.03900003433227539
1999-01-05,0.013490591255994389,0.05200004577636719
1999-01-06,0.021898866924010996,-0.007999897003173828
1999-01-07,-0.0020534338738205093,0.043999671936035156
1999-01-08,0.004212473487898549,0.07700014114379883
1999-01-11,-0.008830379176363756,0.032000064849853516
1999-01-12,-0.019470210263938803,-0.06400012969970703
1999-01-13,-0.00413110626354829,-0.08899974822998047
1999-01-14,-0.018156449144760778,-0.10700035095214844
1999-01-15,0.02530837716962875,0.05500030517578125
1999-01-19,0.007005302808144265,0.032000064849853516
1999-01-20,0.0036833002601852627,0.043999671936035156
1999-01-21,-0.017225028921485475,-0.055999755859375
1999-01-22,-0.008104657830394046,-0.059999942779541016
1999-01-25,0.0071488158823624914,0.023999691009521484
1999-01-26,0.01474519058296142,0.028000354766845703
1999-01-27,-0.007325288236186722,-0.008000373840332031
1999-01-28,0.017699961257013008,-0.007999897003173828
1999-01-29,0.011214234148275715,-0.012000083923339844
1999-02-01,-0.005202480245368513,0.09200000762939453
1999-02-02,-0.008686487156186473,0.039999961853027344
1999-02-03,0.007955620207956038,0.037000179290771484
1999-02-04,-0.018710639354908132,0.06500005722045898
1999-02-05,-0.007307402027969978,0.04500007629394531
1999-02-08,0.0035196942224908767,-0.008000373840332031
1999-02-09,-0.022465184925835935,-0.03299999237060547
1999-02-10,0.0060745887986755065,0.009000301361083984
1999-02-11,0.024613861438468554,0.007999897003173828
1999-02-12,-0.01925051195228278,0.14400005340576172
1999-02-16,0.009498445388233634,-0.024000167846679688
1999-02-17,-0.014469586685446956,-0.04999971389770508
1999-02-18,0.010766728028575479,0.04999971389770508
1999-02-19,0.0015666802366620658,0.03299999237060547
1999-02-22,0.026218407475634642,-0.04500007629394531
1999-02-23,-0.00075488806543067,0.062000274658203125
1999-02-24,-0.01407778085890854,0.0840001106262207
1999-02-25,-0.006716254612827655,0.13100004196166992
1999-02-26,-0.00538794751178262,-0.021000385284423828
1999-03-01,-0.0017538340747185188,0.1119999885559082
1999-03-02,-0.008660904159637717,-0.0429997444152832
1999-03-03,0.0017935364465930803,0.034999847412109375
1999-03-04,0.015309483472933039,0.02500009536743164
1999-03-05,0.022862771259932302,-0.08500003814697266
1999-03-08,0.0056758888239540894,-0.03800010681152344
1999-03-09,-0.0022555605772875964,-0.10599994659423828
1999-03-10,0.005454530788180811,0.017000198364257812
1999-03-11,0.008388521949355798,0.007999897003173828
1999-03-12,-0.002384079845827891,-0.046000003814697266
1999-03-15,0.00973933486948475,-0.020999908447265625
1999-03-16,-0.0006733941255374631,-0.03299999237060547
1999-03-17,-0.0065740646521090795,0.02500009536743164
1999-03-18,0.014328823416334124,-0.021000385284423828
1999-03-19,-0.013196724322540376,0.04699993133544922
1999-03-22,-0.0017563685553438901,0.046000003814697266
1999-03-23,-0.02725291833816179,-0.007999897003173828
1999-03-24,0.005097315942202307,-0.029999732971191406
1999-03-25,0.01672843829704629,0.04699993133544922
1999-03-26,-0.005589231934668426,-0.004000186920166016
1999-03-29,0.021111706427015875,0.059999942779541016
1999-03-30,-0.007215912139311165,-0.06799983978271484
1999-03-31,-0.011116726708976898,0.043000221252441406
1999-04-01,0.005697472232138345,0.037999629974365234
1999-04-05,0.020958091279579705,-0.08899974822998047
1999-04-06,-0.002447874066151101,-0.06300020217895508
1999-04-07,0.006805885283715618,0.004000186920166016
1999-04-08,0.012797477296876636,-0.10500001907348633
1999-04-09,0.0032462580933021457,0.01699972152709961
1999-04-12,0.007595238080975619,0.004000186920166016
1999-04-13,-0.006505632243595905,0.05900001525878906
1999-04-14,-0.015965933063986526,0.013000011444091797
1999-04-15,-0.004216795807645113,0.03800010681152344
1999-04-16,-0.0029146078293305067,0.055999755859375
1999-04-19,-0.022634852550357465,-0.037999629974365234
1999-04-20,0.012860203295938177,-0.034000396728515625
1999-04-21,0.022670663304898753,0.0
1999-04-22,0.01684674875227099,0.10200023651123047
1999-04-23,-0.0014508177395207156,0.0009999275207519531
1999-04-26,0.0023483210033230506,-0.026000022888183594
1999-04-27,0.0020273028322108644,-0.004000186920166016
1999-04-28,-0.008762977894183344,0.034000396728515625
1999-04-29,-0.005999170215245542,-0.051000118255615234
1999-04-30,-0.005713140073082101,0.15999984741210938
1999-05-03,0.014462203465726908,0.009000301361083984
1999-05-04,-0.016846785798959374,0.04799985885620117
1999-05-05,0.011428483375267362,-0.021999835968017578
1999-05-06,-0.011390909885871103,0.1099996566772461
1999-05-07,0.009674867446208602,0.039999961853027344
1999-05-10,-0.0035005071207461214,-0.020999908447265625
1999-05-11,0.011358020792021861,0.057000160217285156
1999-05-12,0.006170032696192429,-0.013000011444091797
1999-05-13,0.002606613461244578,-0.1680002212524414
1999-05-14,-0.022001662681522483,0.21300029754638672
1999-05-17,0.0012624270109213853,0.046000003814697266
1999-05-18,-0.004616905093739909,0.01199960708618164
1999-05-19,0.00814931176423972,-0.06599998474121094
1999-05-20,-0.004025278475426219,-0.013000011444091797
1999-05-21,-0.006399072465026023,-0.06599998474121094
1999-05-24,-0.01793036430661843,-0.023999691009521484
1999-05-25,-0.017174926393975554,-0.013000011444091797
1999-05-26,0.015727421058767455,0.05800008773803711
1999-05-27,-0.018058062469889613,0.07499980926513672
1999-05-28,0.01581756128506928,-0.0009999275207519531
1999-06-01,-0.005839511317436319,0.1549997329711914
1999-06-02,0.0004249006955214796,0.017000198364257812
1999-06-03,0.003646374260635632,0.005000114440917969
1999-06-04,0.021475394566335737,0.020999908447265625
1999-06-07,0.005085910951653894,-0.013000011444091797
1999-06-08,-0.012964763781468491,0.021999835968017578
1999-06-09,0.000993986059152796,0.03800010681152344
1999-06-10,-0.012069808923771852,0.059999942779541016
1999-06-11,-0.007071143040317196,0.0820002555847168
1999-06-14,0.00027823449308783665,-0.03000020980834961
1999-06-15,0.005518004479872829,-0.008999824523925781
1999-06-16,0.022230990537223327,-0.020999908447265625
1999-06-17,0.0071078114374296675,-0.16200017929077148
1999-06-18,0.002191746195194355,0.046000003814697266
1999-06-21,0.0045768284971901,0.0689997673034668
1999-06-22,-0.009773322849407684,0.03900003433227539
1999-06-23,-0.002113158985480368,0.07299995422363281
1999-06-24,-0.013047427449105697,0.026000022888183594
1999-06-25,-0.0003572441021963968,-0.01699972152709961
1999-06-28,0.012121022848068819,-0.053999900817871094
1999-06-29,0.014984607301878228,-0.032000064849853516
1999-06-30,0.015608805716027518,-0.11600017547607422
1999-07-01,0.0059920214973248065,0.03000020980834961
1999-07-02,0.007402157771673856,-0.017000198364257812
1999-07-06,-0.002230728812995686,0.043000221252441406
1999-07-07,0.005560392122590407,0.026000022888183594
1999-07-08,-0.001032112561432541,-0.06000041961669922
1999-07-09,0.006333784708250079,-0.008999824523925781
1999-07-12,-0.0029832191235446004,-0.10199975967407227
1999-07-13,-0.003967489197649776,-0.029000282287597656
1999-07-14,0.00330260402861704,0.029000282287597656
1999-07-15,0.008155890919212538,-0.012000083923339844
1999-07-16,0.006477206990358475,-0.03800010681152344
1999-07-19,-0.007875703414583768,-0.020999908447265625
1999-07-20,-0.021941843610886025,-0.020999908447265625
1999-07-21,0.0015890813170722495,0.020999908447265625
1999-07-22,-0.013371243055213533,0.11899995803833008
1999-07-23,-0.0029655377703274866,0.059999942779541016
1999-07-26,-0.006788159172238295,0.017000198364257812
1999-07-27,0.011126770288035992,-0.04700040817260742
1999-07-28,0.0018767112528959018,-0.013000011444091797
1999-07-29,-0.018009446622056835,0.07700014114379883
1999-07-30,-0.009221946500845846,0.04400014877319336
1999-08-02,-0.0005043130449928768,0.0039997100830078125
1999-08-03,-0.004429807593360202,0.031000137329101562
1999-08-04,-0.012826081416618784,0.004000186920166016
1999-08-05,0.006399317113168657,-0.069000244140625
1999-08-06,-0.01026781926387077,0.13000011444091797
1999-08-09,-0.001916785725288861,0.11100006103515625
1999-08-10,-0.012693877071883186,0.026000022888183594
1999-08-11,0.015871136398255103,-0.034999847412109375
1999-08-12,-0.002899916576591721,-0.04200029373168945
1999-08-13,0.022485195038618677,-0.09200000762939453
1999-08-16,0.0023246381362689306,-0.008999824523925781
1999-08-17,0.010011571309322953,-0.09200000762939453
1999-08-18,-0.008457329722050488,-0.007999897003173828
1999-08-19,-0.0069642622799426235,0.01699972152709961
1999-08-20,0.00978883071666381,-0.013000011444091797
1999-08-23,0.01750988305564949,0.013000011444091797
1999-08-24,0.0024084934704982075,-0.046000003814697266
1999-08-25,0.013324865075026615,-0.11999988555908203
1999-08-26,-0.014418231364249579,0.020999908447265625
1999-08-27,-0.010139253358819822,0.10300016403198242
1999-08-30,-0.01814972576308005,0.09999990463256836
1999-08-31,-0.002730257575912276,0.03800010681152344
1999-09-01,0.00804076939795273,-0.005000114440917969
1999-09-02,-0.009025834048821402,0.03800010681152344
1999-09-03,0.028495963076088593,-0.12900018692016602
1999-09-07,-0.005015384658162425,0.053999900817871094
1999-09-08,-0.004675972904129466,-0.01699972152709961
1999-09-09,0.002607919339470577,0.03800010681152344
1999-09-10,0.002963711472935948,-0.0670003890991211
1999-09-13,-0.005586524745354815,0.017000198364257812
1999-09-14,-0.005849820587068066,0.04199981689453125
1999-09-15,-0.013804494827150293,-0.020999908447265625
1999-09-16,0.00038689129809554856,-0.03800010681152344
1999-09-17,0.012766338892618023,-0.03699970245361328
1999-09-20,8.2356725965127e-05,0.04799985885620117
1999-09-21,-0.02115017180339951,0.020999908447265625
1999-09-22,0.0022383149337876773,-0.007999897003173828
1999-09-23,-0.02323601604254044,-0.06299972534179688
1999-09-24,-0.002384929255193846,-0.11300039291381836
1999-09-27,0.004647286724841493,0.07899999618530273
1999-09-28,-0.0008654088169075536,0.0540003776550293
1999-09-29,-0.010844706781671931,0.07599973678588867
1999-09-30,0.011242389187543722,-0.06299972534179688
1999-10-01,7.803303465880873e-05,0.10099983215332031
1999-10-04,0.01684343173599867,-0.051000118255615234
1999-10-05,-0.0024942932488229985,0.08500003814697266
1999-10-06,0.018312150674930194,0.013000011444091797
1999-10-07,-0.005872050327386802,0.0
1999-10-08,0.013852790916515367,-0.008999824523925781
1999-10-12,-0.0173499704900566,0.03399991989135742
1999-10-13,-0.02115840887007181,0.055999755859375
1999-10-14,-0.0016582562614466667,0.043000221252441406
1999-10-15,-0.028458994906729984,-0.09000015258789062
1999-10-18,0.005372679839536154,0.043000221252441406
1999-10-19,0.00571664006551309,0.055999755859375
1999-10-20,0.022041552856145508,0.013000011444091797
1999-10-21,-0.004523892513874195,0.004000186920166016
1999-10-22,0.013956299800217842,0.008999824523925781
1999-10-25,-0.006180485319521978,0.013000011444091797
1999-10-26,-0.009101043991847746,0.02200031280517578
1999-10-27,0.011479077413535599,-0.04400014877319336
1999-10-28,0.03465855271483598,-0.07700014114379883
1999-10-29,0.015148023486425188,-0.10300016403198242
1999-11-01,-0.006485040254346153,0.043000221252441406
1999-11-02,-0.0047226849470876076,-0.026000022888183594
1999-11-03,0.0053207238192332085,-0.020999908447265625
1999-11-04,0.005674173198502608,-0.0560002326965332
1999-11-05,0.005554589386682629,-0.037999629974365234
1999-11-08,0.00493589426926988,0.029999732971191406
1999-11-09,-0.00855493171153121,0.012000083923339844
1999-11-10,0.005973517744238599,0.03399991989135742
1999-11-12,0.016320950321171424,-0.06799983978271484
1999-11-15,-0.0011969711701498298,0.0039997100830078125
1999-11-16,0.018249074190172188,0.03500032424926758
1999-11-17,-0.006613032287464016,0.07200002670288086
1999-11-18,0.0100365703882348,0.026000022888183594
1999-11-19,-0.00206533506980211,0.0
1999-11-22,-0.0007457481795087872,0.034999847412109375
1999-11-23,-0.011537530577172106,-0.008999824523925781
1999-11-24,0.008817332783512377,0.0
1999-11-26,-0.0003246363055122714,0.029999732971191406
1999-11-29,-0.00622426850730573,0.08300018310546875
1999-11-30,-0.01353018912954429,-0.026000022888183594
1999-12-01,0.006323025202648047,0.029999732971191406
1999-12-02,0.008066332496512452,0.031000137329101562
1999-12-03,0.0170708628492795,-0.06099987030029297
1999-12-06,-0.0069803462396516025,-0.02200031280517578
1999-12-07,-0.009998256005148143,-0.0429997444152832
1999-12-08,-0.003761074425701061,0.034999847412109375
1999-12-09,0.0030085339378871367,-0.013000011444091797
1999-12-10,0.006321847247124701,-0.05200004577636719
1999-12-13,-0.0012852411880537318,0.021000385284423828
1999-12-14,-0.008550981318123263,0.11399984359741211
1999-12-15,0.007214596966662157,0.03900003433227539
1999-12-16,0.0038487770588533365,0.05299997329711914
1999-12-17,0.0015846133539838547,-0.007999897003173828
1999-12-20,-0.0020711097329932926,0.05299997329711914
1999-12-21,0.010759339419193381,0.017999649047851562
1999-12-22,0.0018817880884061111,0.018000125885009766
1999-12-23,0.015346779945799582,0.018000125885009766
1999-12-27,-0.0008506368397673825,-0.008999824523925781
1999-12-28,0.0003842913987881502,0.03199958801269531
1999-12-29,0.0039710346642038985,-0.03099966049194336
1999-12-30,0.0006899139182063863,-0.018000125885009766
1999-12-31,0.003258684246994825,0.06699991226196289
2000-01-03,-0.009594994700275805,0.11299991607666016
2000-01-04,-0.03909917534093754,-0.06299972534179688
2000-01-05,0.0019203379615859717,0.11399984359741211
2000-01-06,0.0009552217400567997,-0.05000019073486328
2000-01-07,0.026729949729870306,-0.04499959945678711
2000-01-10,0.01112782487313968,0.053999900817871094
2000-01-11,-0.013148576788903021,0.10599994659423828
2000-01-12,-0.004396019678609697,0.032000064849853516
2000-01-13,0.012096245165417407,-0.07800006866455078
2000-01-14,0.010614763497340363,0.055999755859375
2000-01-18,-0.006855516976735032,0.07400035858154297
2000-01-19,0.0005221568736217819,-0.023000240325927734
2000-01-20,-0.007120612569861073,0.023000240325927734
2000-01-21,-0.0029165681339531346,0.03299999237060547
2000-01-24,-0.02802258422845938,-0.0970001220703125
2000-01-25,0.00604648360304072,0.0
2000-01-26,-0.0042216197666675725,-0.004000186920166016
2000-01-27,-0.003946204024482647,0.005000114440917969
2000-01-28,-0.0278408127297336,-0.037000179290771484
2000-01-31,0.024904850529124722,0.01900005340576172
2000-02-01,0.010571740915406913,-0.04999971389770508
2000-02-02,-0.00011356385074723363,-0.01900005340576172
2000-02-03,0.011185347697919568,-0.1230001449584961
2000-02-04,-0.00042113303572222094,0.04200029373168945
2000-02-07,-9.127601431657695e-05,0.11399984359741211
2000-02-08,0.012198493672594068,-0.032000064849853516
2000-02-09,-0.021035117059751585,0.07000017166137695
2000-02-10,0.003620242852776734,-0.013000011444091797
2000-02-11,-0.02119229898918995,-0.03500032424926758
2000-02-14,0.002030886853549241,-0.0819997787475586
2000-02-15,0.008674947553079626,0.013000011444091797
2000-02-16,-0.010309372816680096,-0.005000114440917969
2000-02-17,0.0004250581374742879,0.021999835968017578
2000-02-18,-0.03084710308169214,-0.08599996566772461
2000-02-22,0.004506673481115442,-0.14099979400634766
2000-02-23,0.006281139106337541,0.08500003814697266
2000-02-24,-0.005349730316245527,-0.08099985122680664
2000-02-25,-0.014940089385435229,-0.005000114440917969
2000-02-28,0.010957078745979842,0.07299995422363281
2000-02-29,0.013535073096646144,-0.005000114440917969
2000-03-01,0.009302114728481747,-0.029999732971191406
2000-03-02,0.0018617281349939674,0.01699972152709961
2000-03-03,0.0196428537973814,-0.02500009536743164
2000-03-06,-0.012776701994210882,0.03800010681152344
2000-03-07,-0.0259652971202895,-0.026000022888183594
2000-03-08,0.008140128606934027,-0.007999897003173828
2000-03-09,0.025279570403423435,-0.03399991989135742
2000-03-10,-0.0047340549396848175,0.046000003814697266
2000-03-13,-0.008241305233129381,-0.02500009536743164
2000-03-14,-0.017843727175415935,-0.06400012969970703
2000-03-15,0.023982619773033065,-0.021999835968017578
2000-03-16,0.04654577885905109,-0.03800010681152344
2000-03-17,0.0041054613147588626,-0.04999971389770508
2000-03-20,-0.005367830413634422,-0.017000198364257812
2000-03-21,0.025244513080496134,-0.03399991989135742
2000-03-22,0.004521628609460926,-0.017000198364257812
2000-03-23,0.01764249804450202,-0.04999971389770508
2000-03-24,7.200798340623038e-05,0.10399961471557617
2000-03-27,-0.0023596196528954394,0.021000385284423828
2000-03-28,-0.010641384406600451,-0.02500009536743164
2000-03-29,0.0005238551715320838,-0.020999908447265625
2000-03-30,-0.013749849620433352,-0.0840001106262207
2000-03-31,0.0071387626855159425,-0.04200029373168945
2000-04-03,0.004919225661762283,-0.03699970245361328
2000-04-04,-0.007491613948027442,-0.14499998092651367
2000-04-05,-0.004936119081060397,0.0409998893737793
2000-04-06,0.009348563512983077,0.03299999237060547
2000-04-07,0.00994809529485785,-0.06599998474121094
2000-04-10,-0.007872111321383102,-0.057000160217285156
2000-04-11,-0.0025756625353894336,0.08500003814697266
2000-04-12,-0.022522936175410457,0.09100008010864258
2000-04-13,-0.01833818082166072,-0.053999900817871094
2000-04-14,-0.06004509752202303,-0.028999805450439453
2000-04-17,0.03254811081334008,0.10699987411499023
2000-04-18,0.02826029680070441,0.053999900817871094
2000-04-19,-0.009856908381935092,-0.0710000991821289
2000-04-20,0.004940641519007194,0.013000011444091797
2000-04-24,-0.0032677404242180685,-0.0009999275207519531
2000-04-25,0.03273429354099022,0.13000011444091797
2000-04-26,-0.011196539243597314,0.013000011444091797
2000-04-27,0.0026863820339739775,0.10500001907348633
2000-04-28,-0.008562610676304594,-0.020999908447265625
2000-05-01,0.010833162628903992,0.0409998893737793
2000-05-02,-0.01506953153292745,0.05699968338012695
2000-05-03,-0.02180150116391033,0.09100008010864258
2000-05-04,-0.003915527488209669,0.043000221252441406
2000-05-05,0.016227264098327865,0.06099987030029297
2000-05-08,-0.005922700590194729,0.05299997329711914
2000-05-09,-0.008482924072715115,-0.03599977493286133
2000-05-10,-0.02081505404713546,-0.08700037002563477
2000-05-11,0.01774410644515001,-0.029999732971191406
2000-05-12,0.009297324968962073,0.09100008010864258
2000-05-15,0.02185713743258244,-0.03900003433227539
2000-05-16,0.009375105396317807,-0.057000160217285156
2000-05-17,-0.012519718264096369,0.06099987030029297
2000-05-18,-0.00734148957518066,0.08300018310546875
2000-05-19,-0.021279500834298304,-0.034999847412109375
2000-05-22,-0.004437836972821962,-0.09100008010864258
2000-05-23,-0.01936208355910285,0.026000022888183594
2000-05-24,0.018169184098520752,0.013000011444091797
2000-05-25,-0.012609113327973986,-0.08699989318847656
2000-05-26,-0.002536655984128444,-0.05200004577636719
2000-05-30,0.031733002241273844,0.04699993133544922
2000-05-31,-0.001301402293099052,-0.0820002555847168
2000-06-01,0.019663269874029332,-0.08999967575073242
2000-06-02,0.01944645689642055,-0.04700040817260742
2000-06-05,-0.006540169012008157,-0.04699993133544922
2000-06-06,-0.006692993404042724,0.026000022888183594
2000-06-07,0.00923126844668154,-0.013000011444091797
2000-06-08,-0.006607485476626707,-0.008999824523925781
2000-06-09,-0.0032344716999075374,0.007999897003173828
2000-06-12,-0.007544052283805058,-0.03800010681152344
2000-06-13,0.01608021221744238,0.026000022888183594
2000-06-14,0.0007483708834081781,-0.059999942779541016
2000-06-15,0.0055538912368469084,-0.0039997100830078125
2000-06-16,-0.009697050911418259,-0.06800031661987305
2000-06-19,0.014601399132715187,0.020999908447265625
2000-06-20,-0.006786129112328787,0.02500009536743164
2000-06-21,0.002152263211684158,0.08100032806396484
2000-06-22,-0.018388167747017903,0.01699972152709961
2000-06-23,-0.007395562633629282,0.06400012969970703
2000-06-26,0.00954862659674216,-0.0820002555847168
2000-06-27,-0.0032761480918894748,-0.01699972152709961
2000-06-28,0.002939316191940655,0.026000022888183594
2000-06-29,-0.008580674562089108,-0.07299995422363281
2000-06-30,0.008429461805284255,-0.013000011444091797
2000-07-03,0.010218521276462056,-0.03800010681152344
2000-07-05,-0.015989296173298584,-0.004000186920166016
2000-07-06,0.007192881877199575,0.05500030517578125
2000-07-07,0.01514554576421645,-0.03399991989135742
2000-07-10,-0.0022203475506827886,0.028999805450439453
2000-07-11,0.0035582718183686524,0.021999835968017578
2000-07-12,0.008097454201545062,0.029000282287597656
2000-07-13,0.0019539359429652237,-0.08500003814697266
2000-07-14,0.009408493660190587,0.10199975967407227
2000-07-17,0.00033770226184515195,0.05200004577636719
2000-07-18,-0.011151059456170564,-0.005000114440917969
2000-07-19,-0.007917525979241447,0.009000301361083984
2000-07-20,0.009141859569358424,-0.13700008392333984
2000-07-21,-0.01033695083770958,-0.013000011444091797
2000-07-24,-0.010799908298472438,0.02500009536743164
2000-07-25,0.006928073285986436,-0.004000186920166016
2000-07-26,-0.015067422285769183,0.0
2000-07-27,-0.0019297112785032766,-0.020999908447265625
2000-07-28,-0.02072203561206809,0.02500009536743164
2000-07-31,0.0076752506202932835,0.0039997100830078125
2000-08-01,0.0050681161728078905,-0.037999629974365234
2000-08-02,0.0004171131882033663,-0.02200031280517578
2000-08-03,0.009587663196747975,-0.02500009536743164
2000-08-04,0.007113753399429434,-0.0429997444152832
2000-08-07,0.011141175706899986,0.04699993133544922
2000-08-08,0.002349738799249046,-0.03399991989135742
2000-08-09,-0.006719350214888564,-0.005000114440917969
2000-08-10,-0.008605221070946634,-0.15899991989135742
2000-08-11,0.007905641586007484,0.037000179290771484
2000-08-14,0.013309295881220429,-0.01600027084350586
2000-08-15,-0.0047916950366238,0.029000282287597656
2000-08-16,-0.0030901815782691244,0.01699972152709961
2000-08-17,0.010900919209479554,-0.013000011444091797
2000-08-18,-0.0029118370302700924,-0.03800010681152344
2000-08-21,0.0051885713435426695,0.005000114440917969
2000-08-22,-0.0009007013479402914,-0.008999824523925781
2000-08-23,0.005219522441311852,-0.037000179290771484
2000-08-24,0.00155266819140909,-0.008999824523925781
2000-08-25,-0.0012340004855380116,0.005000114440917969
2000-08-28,0.005058718739777035,0.04499959945678711
2000-08-29,-0.00281091354259555,0.04200029373168945
2000-08-30,-0.004813399257303175,-0.007999897003173828
2000-08-31,0.009992625399822153,-0.0710000991821289
2000-09-01,0.0020339099284436557,-0.053999900817871094
2000-09-05,-0.009042823704100478,0.007999897003173828
2000-09-06,-0.009888926610033266,0.028999805450439453
2000-09-07,0.006852001412039677,0.037000179290771484
2000-09-08,-0.005345346736805645,-0.02500009536743164
2000-09-11,-0.0035123438910495963,0.03399991989135742
2000-09-12,-0.004893586227538549,0.012000083923339844
2000-09-13,0.001968414752187009,-0.04199981689453125
2000-09-14,-0.0027244377678341536,0.046000003814697266
2000-09-15,-0.010221718934521284,0.05900001525878906
2000-09-18,-0.014637860201736963,0.037999629974365234
2000-09-19,0.010597786475540438,-0.020999908447265625
2000-09-20,-0.005880712886378703,0.04200029373168945
2000-09-21,-0.0015790410644251907,-0.021000385284423828
2000-09-22,-0.00022781526774195981,-0.04199981689453125
2000-09-25,-0.006711091870693409,0.004000186920166016
2000-09-26,-0.008247833681979344,-0.034000396728515625
2000-09-27,-0.0004485382054495446,0.021000385284423828
2000-09-28,0.02199161923055115,-0.008000373840332031
2000-09-29,-0.015047975625221532,-0.03399991989135742
2000-10-02,-0.00019495624296883562,0.04200029373168945
2000-10-03,-0.006825788097503782,0.04699993133544922
2000-10-04,0.005495008622973252,0.02500009536743164
2000-10-05,0.0013656262308234801,-0.03800010681152344
2000-10-06,-0.01918332936055034,-0.03800010681152344
2000-10-09,-0.004951921445981,0.0
2000-10-10,-0.010763632361505238,-0.020999908447265625
2000-10-11,-0.016303582750874845,-0.02500009536743164
2000-10-12,-0.025840455121106665,-0.05499982833862305
2000-10-13,0.0328364074237788,0.0
2000-10-16,0.0003273812619370986,0.024999618530273438
2000-10-17,-0.018094977455258565,-0.07499980926513672
2000-10-18,-0.005824440440587608,-0.007999897003173828
2000-10-19,0.034153361859011966,-0.005000114440917969
2000-10-20,0.0058657403979829326,-0.015999794006347656
2000-10-23,-0.0008235903082569607,-0.0540003776550293
2000-10-24,0.0016822131789222539,0.0410003662109375
2000-10-25,-0.024054449199317318,0.06299972534179688
2000-10-26,-0.0003371386620436567,-0.013000011444091797
2000-10-27,0.011035028060663699,0.03800010681152344
2000-10-30,0.013735586682098067,0.017000198364257812
2000-10-31,0.02174013303587774,0.028999805450439453
2000-11-01,-0.0057391558171620005,-0.020999908447265625
2000-11-02,0.004983253778123142,0.0039997100830078125
2000-11-03,-0.0011418559823157537,0.06400012969970703
2000-11-06,0.003847665526959254,0.051000118255615234
2000-11-07,-0.0002234215047760557,0.004000186920166016
2000-11-08,-0.015902322423897886,-0.009000301361083984
2000-11-09,-0.006506714376939726,-0.04199981689453125
2000-11-10,-0.02470013662903181,-0.013000011444091797
2000-11-13,-0.01083460772864786,-0.03399991989135742
2000-11-14,0.023181365705911894,-0.017000198364257812
2000-11-15,0.004948225879737755,-0.046000003814697266
2000-11-16,-0.012664390190451513,-0.028999805450439453
2000-11-17,-0.0033576006531061964,0.024999618530273438
2000-11-20,-0.018522173223761484,-0.029999732971191406
2000-11-21,0.0035167569862348813,-0.004000186920166016
2000-11-22,-0.018721674274733147,-0.06699991226196289
2000-11-24,0.01457164447068493,0.029000282287597656
2000-11-27,0.005351664138538936,0.0039997100830078125
2000-11-28,-0.009593904031944156,-0.03699970245361328
2000-11-29,0.004361503727298377,-0.046000003814697266
2000-11-30,-0.02031031130031291,-0.10400009155273438
2000-12-01,0.00021293546845591038,0.07399988174438477
2000-12-04,0.007378255132535649,0.008999824523925781
2000-12-05,0.03818333720268008,-0.09200000762939453
2000-12-06,-0.018387672115670384,-0.11100006103515625
2000-12-07,-0.005870059698294128,-0.019999980926513672
2000-12-08,0.01941505438901192,0.04500007629394531
2000-12-11,0.007497925487985668,0.01600027084350586
2000-12-12,-0.006556658664757187,-0.017000198364257812
2000-12-13,-0.008194382562942693,-0.06500005722045898
2000-12-14,-0.014113896457878639,-0.06500005722045898
2000-12-15,-0.021696411279964245,-0.03699970245361328
2000-12-18,0.008038303521842316,-0.019999980926513672
2000-12-19,-0.013042648854882266,0.0279998779296875
2000-12-20,-0.031796126791936885,-0.10900020599365234
2000-12-21,0.007969797433424297,-0.05200004577636719
2000-12-22,0.024094350723485647,-0.020999908447265625
2000-12-26,0.0070503894398150635,0.019999980926513672
2000-12-27,0.010385518018904527,0.06400012969970703
2000-12-28,0.003980214127301984,0.0279998779296875
2000-12-29,-0.010502971973431308,-0.0039997100830078125
2001-01-02,-0.028432334521416358,-0.19300031661987305
2001-01-03,0.04888407020840102,0.18000030517578125
2001-01-04,-0.010608546388113815,-0.0840001106262207
2001-01-05,-0.026592838065874425,-0.06500005722045898
2001-01-08,-0.001919652639159608,-0.051000118255615234
2001-01-09,0.0038049412487950462,0.0670003890991211
2001-01-10,0.009540727652518122,0.11999988555908203
2001-01-11,0.010264836357197993,0.032000064849853516
2001-01-12,-0.006252376353325317,0.11399984359741211
2001-01-16,0.0061243011332487995,0.004000186920166016
2001-01-17,0.0021233583977826598,-0.07800006866455078
2001-01-18,0.0138193907796893,-0.06100034713745117
2001-01-19,-0.004036364104246459,0.07899999618530273
2001-01-22,0.00026810157382772815,0.04700040817260742
2001-01-23,0.012947319312043959,0.05299997329711914
2001-01-24,0.0028627202794231366,0.028999805450439453
2001-01-25,-0.004989365901461262,-0.03299999237060547
2001-01-26,-0.0018876292301248654,-0.017000198364257812
2001-01-29,0.00678170005523171,0.04200029373168945
2001-01-30,0.006983436422109968,-0.08300018310546875
2001-01-31,-0.005635564807286109,-0.03299999237060547
2001-02-01,0.005446274059599077,-0.11800003051757812
2001-02-02,-0.017628461911447957,0.07700014114379883
2001-02-05,0.0035802417417487575,0.007999897003173828
2001-02-06,-0.0015148687589014997,0.04900026321411133
2001-02-07,-0.008443690523646907,-0.01600027084350586
2001-02-08,-0.006254170660763947,-0.07999992370605469
2001-02-09,-0.013425265966796829,-0.08300018310546875
2001-02-12,0.011757894931235136,0.032000064849853516
2001-02-13,-0.008689772585959155,0.019999980926513672
2001-02-14,-0.0021861950632109384,0.037000179290771484
2001-02-15,0.008090730929249723,0.07299995422363281
2001-02-16,-0.019086287083199593,-0.08500003814697266
2001-02-20,-0.017508953990654774,0.004000186920166016
2001-02-21,-0.018680859586075904,0.032000064849853516
2001-02-22,-0.0019537369511644087,0.024999618530273438
2001-02-23,-0.005570924750843531,-0.07399988174438477
2001-02-26,0.0173387691915714,-0.04400014877319336
2001-02-27,-0.007689396127662285,-0.07999992370605469
2001-02-28,-0.014412471713944441,-0.04799985885620117
2001-03-01,0.0010398636283408536,-0.05200004577636719
2001-03-02,-0.005695982258483667,0.08699989318847656
2001-03-05,0.0058410324552022885,0.019999980926513672
2001-03-06,0.009931120882614941,0.008000373840332031
2001-03-07,0.006431629893613788,-0.05200004577636719
2001-03-08,0.002255951040818438,-0.032000064849853516
2001-03-09,-0.02507572532394242,0.04400014877319336
2001-03-12,-0.044140782944437795,-0.012000083923339844
2001-03-13,0.01471963013954003,0.012000083923339844
2001-03-14,-0.02618189309370944,-0.08000040054321289
2001-03-15,0.005854125517359421,-0.04699993133544922
2001-03-16,-0.019819182794658552,-0.05200004577636719
2001-03-19,0.017473135776606696,0.06300020217895508
2001-03-20,-0.024372000192959042,-0.024000167846679688
2001-03-21,-0.018086277265972228,-0.02299976348876953
2001-03-22,-0.004071995565796627,-0.059999942779541016
2001-03-23,0.019713495936903414,0.09099960327148438
2001-03-26,0.011219200545692587,0.048000335693359375
2001-03-27,0.025253479371825094,0.1359996795654297
2001-03-28,-0.024733008530898992,-0.01199960708618164
2001-03-29,-0.004641060904985395,-0.008000373840332031
2001-03-30,0.010726709139390778,-0.04799985885620117
2001-04-02,-0.012540239994866198,0.0560002326965332
2001-04-03,-0.03499847502245146,-0.03600025177001953
2001-04-04,-0.0029053253613930963,-0.012000083923339844
2001-04-05,0.042752912917390695,0.039999961853027344
2001-04-06,-0.020185948377773322,-0.08899974822998047
2001-04-09,0.008084625839360982,0.032000064849853516
2001-04-10,0.0267062185920377,0.16199970245361328
2001-04-11,-0.002133421718970574,0.0410003662109375
2001-04-12,0.014991393552336696,0.03699970245361328
2001-04-16,-0.003232889182608112,0.12900018692016602
2001-04-17,0.010229948339487649,-0.08699989318847656
2001-04-18,0.038153225098812804,-0.07000017166137695
2001-04-19,0.012464721753517871,0.11499977111816406
2001-04-20,-0.008579449399816141,0.03000020980834961
2001-04-23,-0.015093460052377772,-0.07499980926513672
2001-04-24,-0.012236023629358606,0.0
2001-04-25,0.01581516957967999,0.06599998474121094
2001-04-26,0.0046848539046004944,-0.062000274658203125
2001-04-27,0.014898371931206356,0.12100028991699219
2001-04-30,-0.002869191603225296,0.024999618530273438
2001-05-01,0.013498341704494266,-0.04999971389770508
2001-05-02,0.0007815020952044449,-0.004000186920166016
2001-05-03,-0.014984400130627407,-0.08299970626831055
2001-05-04,0.014337158275437467,-0.017000198364257812
2001-05-07,-0.0024504585894220554,0.020999908447265625
2001-05-08,-0.0018299600937474736,0.012000083923339844
2001-05-09,-0.004497819936253755,-0.048999786376953125
2001-05-10,-0.0002867586514847531,0.10399961471557617
2001-05-11,-0.007605458332040627,0.21200037002563477
2001-05-14,0.0026056399843490397,-0.06800031661987305
2001-05-15,0.0004161909984876644,0.06400012969970703
2001-05-16,0.028055524579750468,-0.013000011444091797
2001-05-17,0.0027200539227152376,0.0
2001-05-18,0.002689432355071908,-0.07600021362304688
2001-05-21,0.01602466408472214,-0.004999637603759766
2001-05-22,-0.0026313325125482123,0.013000011444091797
2001-05-23,-0.015648195622524064,-0.008000373840332031
2001-05-24,0.003191051471414852,0.09800004959106445
2001-05-25,-0.011886310588375082,-0.0039997100830078125
2001-05-29,-0.007824599921463005,0.021999835968017578
2001-05-30,-0.015779356558458524,-0.004000186920166016
2001-05-31,0.006182367657796561,-0.08999967575073242
2001-06-01,0.003854657622684776,-0.05900001525878906
2001-06-04,0.0050953447410035935,-0.03000020980834961
2001-06-05,0.012906511100564622,-0.06299972534179688
2001-06-06,-0.010604671061964943,0.0039997100830078125
2001-06-07,0.005441677248723131,0.03000020980834961
2001-06-08,-0.009441752309570894,0.03800010681152344
2001-06-11,-0.008391059924567124,-0.046000003814697266
2001-06-12,0.0011632044010099207,-0.04700040817260742
2001-06-13,-0.011411763938773412,0.017000198364257812
2001-06-14,-0.017656559095685864,-0.04199981689453125
2001-06-15,-0.004527114710082714,0.013000011444091797
2001-06-18,-0.004895136092087249,0.013000011444091797
2001-06-19,0.003428243907660722,-0.013000011444091797
2001-06-20,0.008671049944743991,-0.029000282287597656
2001-06-21,0.011300126024453405,-0.020999908447265625
2001-06-22,-0.009494963212735463,-0.053999900817871094
2001-06-25,-0.005523858751956823,0.007999897003173828
2001-06-26,-0.001511042458997025,0.09200000762939453
2001-06-27,-0.004687374320122117,0.008999824523925781
2001-06-28,0.012415694507143193,0.09300041198730469
2001-06-29,-0.0014853191132644383,0.06399965286254883
2001-07-02,0.010028092604268402,-0.05900001525878906
2001-07-03,-0.001837202816089345,0.04699993133544922
2001-07-05,-0.01239778139926706,0.034000396728515625
2001-07-06,-0.023778751934215414,-0.03800010681152344
2001-07-09,0.006855443542898243,-0.03399991989135742
2001-07-10,-0.01450263574356292,-0.06800031661987305
2001-07-11,-0.001134746938680209,0.013000011444091797
2001-07-12,0.023414984234096714,-0.05499982833862305
2001-07-13,0.006221636236981354,0.004000186920166016
2001-07-16,-0.010942533714402458,-0.05900001525878906
2001-07-17,0.009921915461124975,0.0039997100830078125
2001-07-18,-0.005557044822974255,-0.09200000762939453
2001-07-19,0.006034581514543724,0.017000198364257812
2001-07-20,-0.003437981475594931,0.007999897003173828
2001-07-23,-0.01650406859088971,-0.004000186920166016
2001-07-24,-0.016405470991123217,-0.020999908447265625
2001-07-25,0.01595194629485519,0.020999908447265625
2001-07-26,0.010395313211513546,0.04200029373168945
2001-07-27,0.002399496805140622,-0.053999900817871094
2001-07-30,-0.0010786253410532964,0.0
2001-07-31,0.005555192543405418,-0.05900001525878906
2001-08-01,0.003872904176774661,0.028999805450439453
2001-08-02,0.003956163689383452,0.05900001525878906
2001-08-03,-0.005256489848173729,0.03399991989135742
2001-08-06,-0.011487473565710893,0.017000198364257812
2001-08-07,0.0032600773504194436,-0.004000186920166016
2001-08-08,-0.01748001494926754,-0.11800003051757812
2001-08-09,-8.447593748162063e-05,-0.026000022888183594
2001-08-10,0.005670733575997566,-0.012000083923339844
2001-08-13,0.0009490058013961189,-0.055999755859375
2001-08-14,-0.003835177286675595,0.007999897003173828
2001-08-15,-0.007366529506445119,0.024000167846679688
2001-08-16,0.003085178882578532,-0.0560002326965332
2001-08-17,-0.016803443148875274,-0.09499979019165039
2001-08-20,0.008091365281536866,0.05499982833862305
2001-08-21,-0.012153030103248419,-0.019999980926513672
2001-08-22,0.006932045817424459,0.019999980926513672
2001-08-23,-0.0027671176371324435,-0.019999980926513672
2001-08-24,0.01946366775472086,0.03600025177001953
2001-08-27,-0.004839056824065935,0.019999980926513672
2001-08-28,-0.015123798461059046,-0.0840001106262207
2001-08-29,-0.011211856303304124,-0.0710000991821289
2001-08-30,-0.017150151901287103,0.004000186920166016
2001-08-31,0.004021844613325776,0.034999847412109375
2001-09-04,-0.0005647553909984282,0.16300010681152344
2001-09-05,-0.0010597093809190383,-0.012000083923339844
2001-09-06,-0.02264473935775957,-0.11100006103515625
2001-09-07,-0.018812873731180346,-0.059999942779541016
2001-09-10,0.006206646640061209,0.03900003433227539
2001-09-17,-0.05046795662810677,-0.2239999771118164
2001-09-18,-0.005821884809079414,0.09399986267089844
2001-09-19,-0.016243709423848784,-0.023999691009521484
2001-09-20,-0.031552519767185316,0.04699993133544922
2001-09-21,-0.01921774389727915,-0.03900003433227539
2001-09-24,0.03824259274960706,0.010999679565429688
2001-09-25,0.008751278426766262,0.0
2001-09-26,-0.005180039919528312,-0.06299972534179688
2001-09-27,0.011423625360937883,-0.07800006866455078
2001-09-28,0.021685156359093405,0.015999794006347656
2001-10-01,-0.002298538239235981,-0.03199958801269531
2001-10-02,0.012230430935282754,-0.031000137329101562
2001-10-03,0.019731262404343752,-0.053999900817871094
2001-10-04,-0.002474451049697457,0.04999971389770508
2001-10-05,0.001634742837950398,-0.0039997100830078125
2001-10-08,-0.0083794472000287,0.0
2001-10-09,-0.005369934018738753,0.06999969482421875
2001-10-10,0.022679118421755184,0.015000343322753906
2001-10-11,0.015093852667844132,0.07499980926513672
2001-10-12,-0.0052807960630048,-0.005000114440917969
2001-10-15,-0.0015310059614019877,-0.051000118255615234
2001-10-16,0.00691201783328399,-0.03900003433227539
2001-10-17,-0.018808418954138872,-0.007999897003173828
2001-10-18,-0.007904203580732627,0.0
2001-10-19,0.004546964493033379,0.03900003433227539
2001-10-22,0.015180281992005717,0.004000186920166016
2001-10-23,-0.004708742850334957,0.031000137329101562
2001-10-24,0.00038702834498138827,-0.051000118255615234
2001-10-25,0.013627706761264236,-0.04699993133544922
2001-10-26,0.004100354664347883,-0.01600027084350586
2001-10-29,-0.02410654604527096,-0.053999900817871094
2001-10-30,-0.01731496004026223,-0.05499982833862305
2001-10-31,-9.44509056299836e-06,-0.1490001678466797
2001-11-01,0.02268876010742016,-0.046000003814697266
2001-11-02,0.0028554117779924226,0.12900018692016602
2001-11-05,0.014283100883702993,-0.05000019073486328
2001-11-06,0.014421656876812072,-0.026999950408935547
2001-11-07,-0.002738616513563663,-0.06799983978271484
2001-11-08,0.002452618222911873,0.10199975967407227
2001-11-09,0.0015811866117161344,0.004000186920166016
2001-11-12,-0.0017690231948774837,0.006999969482421875
2001-11-13,0.018393206188873634,0.053999900817871094
2001-11-14,0.001859400777162179,0.14699983596801758
2001-11-15,0.0009021694267561386,0.21300029754638672
2001-11-16,-0.003147866632490448,0.15700006484985352
2001-11-19,0.010839936279118945,-0.12900018692016602
2001-11-20,-0.007324400212031179,0.11299991607666016
2001-11-21,-0.004939282246342103,0.0970001220703125
2001-11-23,0.011637895729166736,0.02500009536743164
2001-11-26,0.00613590694733368,0.01199960708618164
2001-11-27,-0.0068663628661314036,-0.05299997329711914
2001-11-28,-0.018420008155056955,-0.0039997100830078125
2001-11-29,0.010296585725125595,-0.19000005722045898
2001-11-30,-0.000657995796888855,-0.012000083923339844
2001-12-03,-0.00841649215393847,-0.0409998893737793
2001-12-04,0.013100837071863936,-0.05500030517578125
2001-12-05,0.02207283660109205,0.25300025939941406
2001-12-06,-0.002780809995694966,0.10199975967407227
2001-12-07,-0.007559921671188796,0.14499998092651367
2001-12-10,-0.015995192716303563,-0.01199960708618164
2001-12-11,-0.002784784846049604,-0.05900001525878906
2001-12-12,0.00027261187630323036,-0.10300016403198242
2001-12-13,-0.015679766197094658,0.11600017547607422
2001-12-14,0.0033088196236992218,0.0709996223449707
2001-12-17,0.009984817742794583,0.11300039291381836
2001-12-18,0.007517827232349283,-0.1420001983642578
2001-12-19,0.005792881874600475,-0.09600019454956055
2001-12-20,-0.008412407306602532,0.013000011444091797
2001-12-21,0.004341671186717022,0.029000282287597656
2001-12-24,-0.0002096405663660761,0.053999900817871094
2001-12-26,0.004115027177954644,0.046000003814697266
2001-12-27,0.006728843741586665,-0.08300018310546875
2001-12-28,0.0033561402487247705,0.012000083923339844
2001-12-31,-0.011208002315409082,-0.07499980926513672
2002-01-02,0.005723683319385664,0.125
2002-01-03,0.009138209660629393,-0.037000179290771484
2002-01-04,0.006193921832063687,0.020999908447265625
2002-01-07,-0.006520083881542682,-0.0839996337890625
2002-01-08,-0.003594821341844856,0.0
2002-01-09,-0.004810291761542018,0.004999637603759766
2002-01-10,0.0012199164384814054,-0.09999990463256836
2002-01-11,-0.009512981955861477,-0.10299968719482422
2002-01-14,-0.006295913875495884,0.008999824523925781
2002-01-15,0.00681076545850523,-0.037000179290771484
2002-01-16,-0.016378520405579522,0.008000373840332031
2002-01-17,0.009980500536555859,0.09399986267089844
2002-01-18,-0.009971623285767173,-0.04500007629394531
2002-01-22,-0.0073612279647568,0.012000083923339844
2002-01-23,0.00789328604523476,0.09999990463256836
2002-01-24,0.003512738978946217,0.028999805450439453
2002-01-25,0.0009976074738462515,0.04200029373168945
2002-01-28,-0.00019411976604111203,0.007999897003173828
2002-01-29,-0.029030147003949125,-0.10400009155273438
2002-01-30,0.011679180242277099,-0.0039997100830078125
2002-01-31,0.014823542663659595,0.053999900817871094
2002-02-01,-0.0071035641868597565,-0.046000003814697266
2002-02-04,-0.025048237435489895,-0.08300018310546875
2002-02-05,-0.0040467007733511196,0.029000282287597656
2002-02-06,-0.0059902823008499695,0.0039997100830078125
2002-02-07,-0.003087303473981784,0.0020003318786621094
2002-02-08,0.014749394743924782,-0.05200004577636719
2002-02-11,0.014238313259156143,0.019999980926513672
2002-02-12,-0.004000961905916256,0.06799983978271484
2002-02-13,0.009892228247223578,0.03599977493286133
2002-02-14,-0.0018165896617015065,-0.043999671936035156
2002-02-15,-0.011077834836375366,-0.09600019454956055
2002-02-19,-0.019054196735831752,0.019999980926513672
2002-02-20,0.013423280246380287,-0.0039997100830078125
2002-02-21,-0.015631871250006313,-0.008000373840332031
2002-02-22,0.008190626166710402,-0.043999671936035156
2002-02-25,0.017815553217048752,0.023999691009521484
2002-02-26,-4.5113215472625257e-05,0.06400012969970703
2002-02-27,0.0004596193974730767,-0.06799983978271484
2002-02-28,-0.002851220621874262,0.012000083923339844
2002-03-01,0.022381936598485197,0.1119999885559082
2002-03-04,0.019303840181350118,0.0279998779296875
2002-03-05,-0.006695693009898918,0.008999824523925781
2002-03-06,0.014405318712671367,0.024000167846679688
2002-03-07,-0.004508009010616654,0.17999982833862305
2002-03-08,0.0058315898377703235,0.10400009155273438
2002-03-11,0.003386783532077331,0.004000186920166016
2002-03-12,-0.002296691228401926,-0.01600027084350586
2002-03-13,-0.00990665447403849,-0.04199981689453125
2002-03-14,-0.0009101583595807483,0.13399982452392578
2002-03-15,0.011314362422678137,-0.03299999237060547
2002-03-18,-0.0005232085840543022,-0.05900001525878906
2002-03-19,0.004058494213817099,0.020999908447265625
2002-03-20,-0.015882290455984105,0.07200002670288086
2002-03-21,0.0015094650990494785,-0.013000011444091797
2002-03-22,-0.004247963704122171,0.005000114440917969
2002-03-25,-0.014759697779003211,0.017000198364257812
2002-03-26,0.005831686535412217,-0.07200002670288086
2002-03-27,0.005334904674459295,-0.004000186920166016
2002-03-28,0.0024520914651455783,0.07600021362304688
2002-04-01,-0.0007410649888486276,0.021999835968017578
2002-04-02,-0.008566626285035461,-0.07999992370605469
2002-04-03,-0.010043569573342737,-0.06300020217895508
2002-04-04,0.000834857900930075,-0.013000011444091797
2002-04-05,-0.0032102055853968636,-0.06199979782104492
2002-04-08,0.0022776129022021863,0.02500009536743164
2002-04-09,-0.006678303392647855,-0.02500009536743164
2002-04-10,0.011270938001751496,0.013000011444091797
2002-04-11,-0.02397439130394652,-0.020999908447265625
2002-04-12,0.0066104620733282715,-0.046000003814697266
2002-04-15,-0.007643797235957983,-0.029000282287597656
2002-04-16,0.02314838607707781,0.05000019073486328
2002-04-17,-0.0020404620978355936,0.04199981689453125
2002-04-18,-0.0014218595665962397,-0.0039997100830078125
2002-04-19,0.0006223869243324742,-0.02500009536743164
2002-04-22,-0.015531067125200693,-0.020999908447265625
2002-04-23,-0.006220616291123804,-0.004000186920166016
2002-04-24,-0.007128188767791421,-0.07000017166137695
2002-04-25,-0.001519746686291512,-0.0039997100830078125
2002-04-26,-0.01398679014478077,-0.03299999237060547
2002-04-29,-0.010150566091620128,0.0409998893737793
2002-04-30,0.010707956512110428,-0.007999897003173828
2002-05-01,0.008819512806963026,-0.03299999237060547
2002-05-02,-0.0017502398058626412,0.0409998893737793
2002-05-03,-0.010315249832961726,-0.037000179290771484
2002-05-06,-0.019529343513434938,0.017000198364257812
2002-05-07,-0.003025512886755344,-0.006000041961669922
2002-05-08,0.03681774841373464,0.13700008392333984
2002-05-09,-0.01465427862416746,-0.023000240325927734
2002-05-10,-0.016936513417259214,-0.059999942779541016
2002-05-13,0.01838005104159901,0.09299993515014648
2002-05-14,0.020923086996845974,0.07400035858154297
2002-05-15,-0.0056756001071534,-0.04200029373168945
2002-05-16,0.006540958248933748,-0.06500005722045898
2002-05-17,0.007583408730941876,0.0540003776550293
2002-05-20,-0.013382198218289787,-0.05200004577636719
2002-05-21,-0.01105105727304867,-0.0410003662109375
2002-05-22,0.005669727159328453,-0.04799985885620117
2002-05-23,0.01013240920708025,0.04799985885620117
2002-05-24,-0.012160276727985142,-0.009999752044677734
2002-05-28,-0.00858977328215893,-0.004000186920166016
2002-05-29,-0.006432644922662156,-0.05699968338012695
2002-05-30,-0.0028138383387537047,-0.04500007629394531
2002-05-31,0.0023266549682814386,0.01100015640258789
2002-06-03,-0.025107789182229112,-0.0030002593994140625
2002-06-04,9.50114139808278e-06,-0.0279998779296875
2002-06-05,0.008811046396816735,0.028999805450439453
2002-06-06,-0.019961702247038637,-0.03099966049194336
2002-06-07,-0.0015753499911639324,0.051999568939208984
2002-06-10,0.003119088855631169,-0.018999576568603516
2002-06-11,-0.01676865547158357,-0.05200004577636719
2002-06-12,0.006549180408375044,-0.0410003662109375
2002-06-13,-0.010542916396382829,-0.0429997444152832
2002-06-14,-0.0022708696241418025,-0.10099983215332031
2002-06-17,0.028287545124793922,0.04999971389770508
2002-06-18,0.0009356736295860202,-0.007999897003173828
2002-06-19,-0.01667412532821988,-0.12200021743774414
2002-06-20,-0.013522535074270259,0.10000038146972656
2002-06-21,-0.017189664118057557,-0.0710000991821289
2002-06-24,0.0036127274125172804,0.08899974822998047
2002-06-25,-0.01684258719901699,-0.0029997825622558594
2002-06-26,-0.00267736268376062,-0.13400030136108398
2002-06-27,0.017422542621820192,0.10300016403198242
2002-06-28,-0.0008280978782515547,0.01399993896484375
2002-07-01,-0.02161974107826481,-0.008999824523925781
2002-07-02,-0.021453911953627447,-0.07500028610229492
2002-07-03,0.006203716192900721,0.004000186920166016
2002-07-05,0.036071515478413474,0.11999988555908203
2002-07-08,-0.01225853344212613,-0.05200004577636719
2002-07-09,-0.02502963938534286,-0.0709996223449707
2002-07-10,-0.03455214429668363,-0.0950002670288086
2002-07-11,0.0074682403370207595,-0.028999805450439453
2002-07-12,-0.006469202376314875,-0.02200031280517578
2002-07-15,-0.003762288280677595,0.026000022888183594
2002-07-16,-0.018682461584746513,0.08800029754638672
2002-07-17,0.005644765501472193,-0.04400014877319336
2002-07-18,-0.02739036837838249,-0.05499982833862305
2002-07-19,-0.03910728154332688,-0.04500007629394531
2002-07-22,-0.0334644140885656,-0.09800004959106445
2002-07-23,-0.02738876469731455,-0.0409998893737793
2002-07-24,0.055744300086780996,-0.023000240325927734
2002-07-25,-0.005647683762642686,-0.014999866485595703
2002-07-26,0.016742769572254623,-0.020999908447265625
2002-07-29,0.05266657592569235,0.1659998893737793
2002-07-30,0.004240359807040406,0.04799985885620117
2002-07-31,0.009744307372802297,-0.11599969863891602
2002-08-01,-0.030019871177998425,-0.06400012969970703
2002-08-02,-0.023352863334736185,-0.1399998664855957
2002-08-05,-0.03489795780402094,-0.023000240325927734
2002-08-06,0.029479733821624166,0.13100004196166992
2002-08-07,0.01981244982962771,-0.07700014114379883
2002-08-08,0.03219840356906545,0.1230001449584961
2002-08-09,0.003505866125042445,-0.14799976348876953
2002-08-12,-0.00534090877956217,-0.05000019073486328
2002-08-13,-0.02191346763415858,-0.10099983215332031
2002-08-14,0.039265920092593554,-0.05299997329711914
2002-08-15,0.011492831297458928,0.09999990463256836
2002-08-16,-0.001592216077143327,0.15399980545043945
2002-08-19,0.023337417055441456,-0.01900005340576172
2002-08-20,-0.014056487627908787,-0.13899993896484375
2002-08-21,0.012645977349959203,0.031000137329101562
2002-08-22,0.01395379153683507,0.09999990463256836
2002-08-23,-0.022947514412120285,-0.06199979782104492
2002-08-26,0.007507436073546536,-0.02200031280517578
2002-08-27,-0.013947765903818521,0.07600021362304688
2002-08-28,-0.018298242149143995,-0.06400012969970703
2002-08-29,-7.627441196333962e-05,-0.057000160217285156
2002-08-30,-0.0018866996968505134,-0.023999691009521484
2002-09-03,-0.042423394299954786,-0.15700006484985352
2002-09-04,0.017365041581542506,-0.026999950408935547
2002-09-05,-0.01607887688452969,-0.04299998283386186
2002-09-06,0.016660707232348138,0.1259996891021724
2002-09-09,0.010062013388429492,0.01100015640258789
2002-09-10,0.007304693315016486,-0.05900001525878906
2002-09-11,-0.0001429386881355299,0.07000017166137695
2002-09-12,-0.025096553340929972,-0.09100008010864258
2002-09-13,0.0032644727782571437,-0.06699991226196245
2002-09-16,0.001448673175396209,-0.026000022888184038
2002-09-17,-0.01992557915594695,-0.01100015640258789
2002-09-18,-0.004658693507558098,-0.013999938964844194
2002-09-19,-0.030525863220725924,-0.06900000572204545
2002-09-20,0.0024515853332545134,-0.00399994850158647
2002-09-23,-0.013924436611466362,-0.09500002861022994
2002-09-24,-0.017435555345741705,-0.03500008583068848
2002-09-25,0.024558931297823605,0.11300015449523926
2002-09-26,0.018045985962022115,0.006999969482421431
2002-09-27,-0.032791012662390706,-0.07700014114379838
2002-09-30,-0.014720340855098435,-0.08199977874755815
2002-10-01,0.0392428179562998,0.09199976921081499
2002-10-02,-0.023870046023859004,0.0010001659393310547
2002-10-03,-0.010881373553520035,-0.016000032424926758
2002-10-04,-0.022686560504886266,0.0009999275207519531
2002-10-07,-0.01929610693916839,-0.05499982833862305
2002-10-08,0.016757188425779113,0.00599980354309082
2002-10-09,-0.027666132898148454,-0.0559999942779541
2002-10-10,0.03436830556488868,0.07500004768371582
2002-10-11,0.038315153254171896,0.15799999237060547
2002-10-14,0.007299819005761599,-0.0019998550415039062
2002-10-15,0.04624935832453225,0.18499994277954102
2002-10-16,-0.024408403565706394,0.037999868392944336
2002-10-17,0.0220567494723376,0.10200023651123047
2002-10-18,0.005885741408169665,-0.0020003318786621094
2002-10-21,0.017185412864054506,0.08700037002563477
2002-10-22,-0.01068237956569984,0.03099966049194336
2002-10-23,0.00669547543513449,-0.015999794006347656
2002-10-24,-0.015337878307867037,-0.09399986267089844
2002-10-25,0.0170214757071383,-0.04700040817260742
2002-10-28,-0.008300430148164395,-0.010999679565429688
2002-10-29,-0.009117697116715284,-0.15000009536743164
2002-10-30,0.009656784918520955,0.032000064849853516
2002-10-31,-0.005572877593899683,-0.05500006675720259
2002-11-01,0.017014841320024843,0.06599998474121138
2002-11-04,0.008168854113023372,0.06800007820129395
2002-11-05,0.007720479968744698,0.03599977493286133
2002-11-06,0.009102088239079542,-0.046000003814697266
2002-11-07,-0.023117399785440362,-0.1529998779296875
2002-11-08,-0.008801746066798621,-0.029999971389770508
2002-11-11,-0.020950197181330843,0.0
2002-11-12,0.007685622502779488,-0.0009999275207519531
2002-11-13,-0.0004757719240151559,-0.013000011444091353
2002-11-14,0.024335194203291444,0.18299984931945756
2002-11-15,0.006129777692192917,0.03000020980834961
2002-11-18,-0.010463120579778717,-0.032000064849853516
2002-11-19,-0.004028712996013262,-0.03900003433227539
2002-11-20,0.01922874440126776,0.09499979019165039
2002-11-21,0.021224757871395994,0.06800031661987305
2002-11-22,-0.0034436602808645134,0.032000064849853516
2002-11-25,0.00249005435622518,0.008999824523925781
2002-11-26,-0.021190490158846664,-0.10500001907348633
2002-11-27,0.02760165899942635,0.1810002326965332
2002-11-29,-0.002730403650863522,-0.04700040817260742
2002-12-02,-0.0019028551594493237,0.006000041961669922
2002-12-03,-0.01485520513320715,0.01399993896484375
2002-12-04,-0.0034487671121796737,-0.06099987030029297
2002-12-05,-0.012093615806548108,-0.05800008773803711
2002-12-06,0.006245957444590999,-0.020999908447265625
2002-12-09,-0.022425997271028564,-0.0429997444152832
2002-12-10,0.013860905064269069,-0.0010004043579101562
2002-12-11,0.0005637304640710994,-0.05499982833862305
2002-12-12,-0.0037419694595453024,0.012000083923339844
2002-12-13,-0.013511798295627209,0.055999755859375
2002-12-16,0.023247089835741086,0.06800031661987305
2002-12-17,-0.008172621845138117,-0.01600027084350586
2002-12-18,-0.013232375286256648,-0.059999942779541016
2002-12-19,-0.007739264971933224,-0.10500001907348633
2002-12-20,0.012932702768406301,0.004000186920166016
2002-12-23,0.0018068812749731933,0.01399993896484375
2002-12-24,-0.0054865453122330266,-0.03099989891052246
2002-12-26,-0.00315352973785199,-0.02200007438659668
2002-12-27,-0.016158384433054174,-0.10100007057189941
2002-12-30,0.004547549304138698,-0.029000043869018555
2002-12-31,0.0004888474701409962,0.03400015830993652
2003-01-02,0.03266077974182302,0.21399998664855957
2003-01-03,-0.00048415228310449976,0.006000041961669922
2003-01-06,0.02222553665158511,0.0279998779296875
2003-01-07,-0.00656612949267199,-0.0409998893737793
2003-01-08,-0.014185718611711806,-0.04400014877319336
2003-01-09,0.01920060580196381,0.16699981689453125
2003-01-10,0.0,0.004000186920166016
2003-01-13,-0.0014132879115829056,-0.024000167846679688
2003-01-14,0.005812929118617305,-0.0429997444152832
2003-01-15,-0.014530931016390802,-0.013000011444091797
2003-01-16,-0.003950196888387936,-0.004000186920166016
2003-01-17,-0.014116164167858436,-0.05299997329711914
2003-01-21,-0.015826902386451458,-0.025999784469604492
2003-01-22,-0.010487202275180962,-0.06599998474121138
2003-01-23,0.010171737971112371,0.02399992942810103
2003-01-24,-0.02966925270955567,-0.04399991035461426
2003-01-27,-0.01629178385249297,0.053999900817871094
2003-01-28,0.012966029443826521,0.020999908447265625
2003-01-29,0.006756085188474259,0.05500006675720215
2003-01-30,-0.023114366731580738,-0.042999982833862305
2003-01-31,0.013044896679016205,-0.015000104904175249
2003-02-03,0.005384559885174944,0.017000198364258257
2003-02-04,-0.014187950142553696,-0.06100010871887207
2003-02-05,-0.005449845022301503,0.06999993324279785
2003-02-06,-0.006469515204080345,-0.0559999942779541
2003-02-07,-0.010144971214752552,-0.02099990844726607
2003-02-10,0.007540552236936726,0.052999973297119585
2003-02-11,-0.008131296944902111,-0.019999980926513672
2003-02-12,-0.012768117118207023,-0.04500007629394576
2003-02-13,-0.0016014154192465213,-0.04099988937377885
2003-02-14,0.021208134445614313,0.08099985122680708
2003-02-18,0.019311856336077682,-0.003999948501587358
2003-02-19,-0.007121386071816893,-0.06699991226196289
2003-02-20,-0.00954695895454094,-0.03500008583068848
2003-02-21,0.013137558748210765,0.046999931335448775
2003-02-24,-0.01855173338904237,-0.04899978637695268
2003-02-25,0.007168735061912734,-0.03600001335144043
2003-02-26,-0.01322855528630118,-0.03500008583068848
2003-02-27,0.011689063978691294,-0.020999908447265625
2003-02-28,0.004611454575361051,-0.0559999942779541
2003-03-03,-0.00756588106589362,-0.019999980926513672
2003-03-04,-0.015475933472307801,-0.031000137329101562
2003-03-05,0.009516714495285683,-0.02500009536743164
2003-03-06,-0.009382919685982927,0.03200006484985307
2003-03-07,0.008225461554721925,-0.03200006484985307
2003-03-10,-0.026169211215295363,-0.046000003814697266
2003-03-11,-0.008394475599231122,0.012000083923339844
2003-03-12,0.004311775502897852,0.003000020980834961
2003-03-13,0.03387670793320652,0.1430001258850102
2003-03-14,0.0016454721021226248,-0.025000095367432085
2003-03-17,0.03481355607000225,0.10899996757507324
2003-03-18,0.004233119365493643,0.0820000171661377
2003-03-19,0.008698862860554435,0.06699991226196245
2003-03-20,0.001886007082036123,0.04100012779235884
2003-03-21,0.022716697858611745,0.08899974822998047
2003-03-24,-0.03586707149377233,-0.1219997406005855
2003-03-25,0.012087773698510773,-0.012000083923340288
2003-03-26,-0.005490935416151643,-0.01699995994567871
2003-03-27,-0.0016451166510629278,-0.017999887466430664
2003-03-28,-0.005796738526806067,-0.03000020980834961
2003-03-31,-0.01790102880395139,-0.07299995422363281
2003-04-01,0.012070492085123341,0.003999948501587358
2003-04-02,0.025780778962753104,0.10500001907348588
2003-04-03,-0.005064468234289521,-0.016000032424926758
2003-04-04,0.0027345352829826197,0.0280001163482666
2003-04-07,0.0012281436508096988,0.06999993324279785
2003-04-08,-0.0018655403207805676,-0.07799983024597168
2003-04-09,-0.014103460334560225,-0.03500008583068803
2003-04-10,0.0064343262346184815,0.032999992370605025
2003-04-11,-0.0037704131013800435,0.04699993133544922
2003-04-14,0.019310213177267777,0.039999961853027344
2003-04-15,0.006283682258609424,-0.04999995231628418
2003-04-16,-0.01231155944986817,-0.03299999237060547
2003-04-17,0.015416286256904499,0.01900005340576172
2003-04-21,-0.0017585310235839202,0.02200007438659668
2003-04-22,0.02147160231061207,0.003999948501587358
2003-04-23,0.008358949618775036,0.011999845504760298
2003-04-24,-0.008293119512326363,-0.08999991416931152
2003-04-25,-0.013943123165727656,-0.01900005340576172
2003-04-28,0.017677552473808866,0.014000177383423296
2003-04-29,0.003273896797780118,0.02899980545043901
2003-04-30,-0.0010029039411492136,-0.07199978828430131
2003-05-01,-0.0006764001600840785,-0.0010001659393314988
2003-05-02,0.014926813678559192,0.05700016021728471
2003-05-05,-0.0038026246923319462,-0.02600002288818315
2003-05-06,0.008425928003602756,-0.07899999618530273
2003-05-07,-0.0051180303952298445,-0.11500000953674316
2003-05-08,-0.010108768772651544,-0.022000074386596236
2003-05-09,0.014177391736409639,0.019999980926513228
2003-05-12,0.012456789129321244,-0.05200004577636674
2003-05-13,-0.0029776250785520375,-0.016000032424927202
2003-05-14,-0.003210026745469108,-0.08599996566772461
2003-05-15,0.00783689004237953,0.0
2003-05-16,-0.002506646213160657,-0.07500004768371538
2003-05-19,-0.025233601618066537,-0.00999999046325728
2003-05-20,-0.0011301702506951727,-0.07799983024597168
2003-05-21,0.004004022944009478,0.016000032424926758
2003-05-22,0.009109164321114527,-0.051000118255615234
2003-05-23,0.001447625419073617,-0.006000041961669922
2003-05-27,0.019377706387686544,0.06800007820129395
2003-05-28,0.0018270496802683667,0.029999971389770508
2003-05-29,-0.003762715392624294,-0.09200000762939453
2003-05-30,0.014582939974266296,0.010999917984008789
2003-06-02,0.003532574646307296,0.07899999618530273
2003-06-03,0.004704529108941813,-0.08699989318847656
2003-06-04,0.014996698227585092,-0.051000118255615234
2003-06-05,0.003946639276501074,0.040000200271606445
2003-06-06,-0.0024065989201966786,0.020999908447265625
2003-06-09,-0.012048908121465196,-0.07299995422363281
2003-06-10,0.009088363673824595,-0.08500003814697266
2003-06-11,0.01275286015862065,-0.006000041961669922
2003-06-12,0.001032098751345245,-0.019999980926513672
2003-06-13,-0.009964276289371021,-0.06399989128112793
2003-06-16,0.022138103847667345,0.06599998474121094
2003-06-17,0.0009097933052535367,0.09599995613098145
2003-06-18,-0.0015530571085644596,0.09399986267089844
2003-06-19,-0.0153535449329949,-0.018999814987182617
2003-06-20,0.000994770179439719,0.05499982833862305
2003-06-23,-0.014211309324765331,-0.08099985122680664
2003-06-24,0.0018421528232437367,-0.04999995231628418
2003-06-25,-0.008301180320273716,0.095999956130981
2003-06-26,0.010708159797851557,0.17299985885620162
2003-06-27,-0.00978584874828492,0.04700016975402832
2003-06-30,-0.0017634218900370868,-0.05299997329711914
2003-07-01,0.007992609360683467,0.02099990844726518
2003-07-02,0.011568537660243017,-0.013000011444091353
2003-07-03,-0.008133604913024506,0.11899995803833008
2003-07-07,0.018813461400528197,0.05200004577636719
2003-07-08,0.003399210064133129,0.026000022888184038
2003-07-09,-0.005601870071837212,-0.02699995040893599
2003-07-10,-0.013571901198706549,-0.029000043869018555
2003-07-11,0.009502600460288058,-0.03699994087219238
2003-07-14,0.005714271995591602,0.07399988174438521
2003-07-15,-0.0034326599813585545,0.20000004768371538
2003-07-16,-0.006347400891690391,0.03099989891052246
2003-07-17,-0.012511471261658969,0.009000062942504439
2003-07-18,0.011736573725128707,0.015000104904175249
2003-07-21,-0.014725556198844636,0.20499968528747559
2003-07-22,0.009466693661066117,-0.023999691009521484
2003-07-23,0.0005058885609230401,-0.04799985885620117
2003-07-24,-0.00711603279408024,0.06499958038330078
2003-07-25,0.017250531155822202,0.01100015640258789
2003-07-28,-0.0021651703840603886,0.10599994659423828
2003-07-29,-0.007291793872162167,0.11399984359741211
2003-07-30,-0.0018110751722160146,-0.08299970626831055
2003-07-31,0.002851662708710734,0.15899991989135742
2003-08-01,-0.01031237687616482,-0.05900001525878906
2003-08-04,0.0027203518276346372,-0.09499979019165039
2003-08-05,-0.017821303454707227,0.12099981307983398
2003-08-06,0.001676545338155755,-0.1529998779296875
2003-08-07,0.007253254530505515,-0.05900001525878906
2003-08-08,0.0035558923770215856,0.059999942779541016
2003-08-11,0.0030640720105878927,0.0819997787475586
2003-08-12,0.009903932637191915,-0.01399993896484375
2003-08-13,-0.006401977186592411,0.20300006866455078
2003-08-14,0.006563557693260336,0.026000022888183594
2003-08-15,0.00016149279264876526,-0.05800008773803711
2003-08-18,0.009113770757476658,-0.05099964141845703
2003-08-19,0.0026072622855481953,-0.09600019454956055
2003-08-20,-0.002047275905895596,0.059999942779541016
2003-08-21,0.002964741838713536,0.06599998474121094
2003-08-22,-0.010228880904442406,-0.04799985885620117
2003-08-25,0.0006543529758005207,0.06799983978271484
2003-08-26,0.003034465555052712,-0.0409998893737793
2003-08-27,6.019258383282988e-05,0.04999971389770508
2003-08-28,0.0060511867440373734,-0.10599994659423828
2003-08-29,0.005142098324289357,0.024000167846679688
2003-09-02,0.013773597519418423,0.14699983596801758
2003-09-03,0.004179191612316835,-0.0019998550415039062
2003-09-04,0.0016550661733827354,-0.08599996566772461
2003-09-05,-0.006421496186531428,-0.15899991989135742
2003-09-08,0.00998532414989306,0.034999847412109375
2003-09-09,-0.008244148822647013,-0.018000125885009766
2003-09-10,-0.012044843941237282,-0.10199975967407227
2003-09-11,0.0054258423214115226,0.06500005722045898
2003-09-12,0.002171959268530088,-0.06500005722045898
2003-09-15,-0.0037571915703331626,-0.024000167846679688
2003-09-16,0.014196937414540756,0.046000003814697266
2003-09-17,-0.0032598598619451025,-0.09999990463256836
2003-09-18,0.013178265159724312,-0.006999969482421875
2003-09-19,-0.003160018833651357,-0.021999835968017578
2003-09-22,-0.0130931987562235,0.07899999618530273
2003-09-23,0.006053113846697045,-0.026999950408935547
2003-09-24,-0.019280353601833333,-0.07899999618530273
2003-09-25,-0.006071601170082985,-0.03299999237060547
2003-09-26,-0.006419680828853025,-0.07900047302246094
2003-09-29,0.009713459459884888,0.0540003776550293
2003-09-30,-0.010596635023889966,-0.1400001049041748
2003-10-01,0.022094147775449713,-0.005000114440917969
2003-10-02,0.001981908137683952,0.07699990272521973
2003-10-03,0.009375252697306102,0.18600034713745117
2003-10-06,0.004360049641707775,-0.04400014877319336
2003-10-07,0.004726112646978642,0.09299993515014648
2003-10-08,-0.00527728332014199,-0.0019998550415039062
2003-10-09,0.0047767784577343875,0.059999942779541016
2003-10-10,-0.0006451513014180676,-0.053999900817871094
2003-10-13,0.006998091228799019,0.006999969482421875
2003-10-14,0.003943050577315255,0.09499979019165039
2003-10-15,-0.002595096212524517,0.04699993133544922
2003-10-16,0.0031570888837366695,0.05800008773803711
2003-10-17,-0.010290175994217776,-0.06699991226196289
2003-10-20,0.005144068370009691,-0.007999897003173828
2003-10-21,0.0012914040875635635,-0.01399993896484375
2003-10-22,-0.015093832405615792,-0.09300041198730469
2003-10-23,0.0033040915774726898,0.043000221252441406
2003-10-24,-0.004712310410105225,-0.10400009155273438
2003-10-27,0.002155270305799206,0.05299997329711914
2003-10-28,0.015073083026474698,-0.07599973678588867
2003-10-29,0.0012601522252628783,0.08599996566772461
2003-10-30,-0.0011169605573737584,0.06400012969970703
2003-10-31,0.0035945212652261915,-0.03800010681152344
2003-11-03,0.007877881670352416,0.06699991226196289
2003-11-04,-0.00546334874797072,-0.06300020217895508
2003-11-05,-0.001368076530603446,0.04500007629394531
2003-11-06,0.005915092101423269,0.06800031661987305
2003-11-07,-0.004585031069093581,0.03199958801269531
2003-11-10,-0.005808631916206508,0.010000228881835938
2003-11-12,0.01084720639897796,-0.04799985885620117
2003-11-13,-0.00011336657034988207,-0.14100027084350586
2003-11-14,-0.007644395575324481,-0.03800010681152344
2003-11-17,-0.006418393523646593,-0.04499959945678711
2003-11-18,-0.009125168321115318,-0.021000385284423828
2003-11-19,0.007984205998369909,0.06800031661987305
2003-11-20,-0.008467811760956678,-0.08100032806396484
2003-11-21,0.0015756987213180196,-0.006999969482421875
2003-11-24,0.01609716545185602,0.08000040054321289
2003-11-25,0.0017189789642211295,-0.0410003662109375
2003-11-26,0.004317433443866925,0.0560002326965332
2003-11-28,-0.00023622234445586088,0.07800006866455078
2003-12-01,0.01120148181010272,0.07200002670288086
2003-12-02,-0.003276021552697017,-0.012000083923339844
2003-12-03,-0.001773538053813084,0.029999732971191406
2003-12-04,0.004675677049765348,-0.0409998893737793
2003-12-05,-0.0077139024374535126,-0.15399980545043945
2003-12-08,0.00732127228293411,0.06299972534179688
2003-12-09,-0.008565518753596457,0.07400035858154297
2003-12-10,-0.001066429727051954,-0.034000396728515625
2003-12-11,0.01141648824688879,-0.07999992370605469
2003-12-12,0.002731540835871904,0.004000186920166016
2003-12-15,-0.005695125452045424,0.03299999237060547
2003-12-16,0.006616359448139875,-0.0409998893737793
2003-12-17,0.0012548517363963896,-0.04500007629394531
2003-12-18,0.011728728082732509,-0.048000335693359375
2003-12-19,-0.0004775553026359347,-0.007999897003173828
2003-12-22,0.003923645732691661,0.031000137329101562
2003-12-23,0.002814195063169045,0.10500001907348633
2003-12-24,-0.001808152247175343,-0.0820002555847168
2003-12-26,0.0016895297846311053,-0.03900003433227539
2003-12-29,0.012324587594046754,0.0820002555847168
2003-12-30,0.0001442321103111155,0.048999786376953125
2003-12-31,0.0020526387198920304,-0.021999835968017578
2004-01-02,-0.0030986004243986898,0.11600017547607422
2004-01-05,0.012319150312860572,0.01399993896484375
2004-01-06,0.0012913129621026087,-0.1100001335144043
2004-01-07,0.00236436742089019,-0.031000137329101562
2004-01-08,0.0049508241414217835,0.0030002593994140625
2004-01-09,-0.008927335654944635,-0.16300010681152344
2004-01-12,0.0047752694673972584,-0.0029997825622558594
2004-01-13,-0.0053459264910831195,-0.05500030517578125
2004-01-14,0.008260369092161213,-0.041999816894531694
2004-01-15,0.0013524704065490667,-0.01500010490417436
2004-01-16,0.006848898375875656,0.042999982833862305
2004-01-20,-0.0009303402187708087,0.043000221252441406
2004-01-21,0.00774147868719588,-0.019999980926513672
2004-01-22,-0.0032118355848940183,-0.06800007820129395
2004-01-23,-0.00209136199188098,0.0969998836517334
2004-01-26,0.012033603951130623,0.07399988174438477
2004-01-27,-0.009845993791705254,-0.05299997329711914
2004-01-28,-0.013703063806122628,0.10800027847290039
2004-01-29,0.004976612278462689,0.0019998550415039062
2004-01-30,-0.002631052074532292,-0.05900001525878906
2004-02-02,0.0036445708176024993,0.013000011444091797
2004-02-03,0.0006780459980966214,-0.051000118255615234
2004-02-04,-0.008406502013905914,0.024000167846679688
2004-02-05,0.001835783517288192,0.04999971389770508
2004-02-06,0.012477361864295489,-0.08499956130981445
2004-02-09,-0.0025847643015683985,-0.024000167846679688
2004-02-10,0.00501454239472654,0.037000179290771484
2004-02-11,0.010610936569045215,-0.08100032806396484
2004-02-12,-0.0048920811078110304,0.037000179290771484
2004-02-13,-0.005483169493579965,-0.010000228881835938
2004-02-17,0.009709935073014542,0.0
2004-02-18,-0.004478543257261158,0.0009999275207519531
2004-02-19,-0.004141055198370047,0.0030002593994140625
2004-02-20,-0.0025751688577333454,0.046000003814697266
2004-02-23,-0.0027307313371940367,-0.04799985885620117
2004-02-24,-0.0016666300221777064,-0.021000385284423828
2004-02-25,0.004012760212373401,-0.01399993896484375
2004-02-26,0.001083632919439026,0.031000137329101562
2004-02-27,2.612155982539832e-05,-0.06200003623962358
2004-03-01,0.00958761030217481,0.008000135421752486
2004-03-02,-0.005960786977165178,0.053999900817871094
2004-03-03,0.0016782131095398611,0.01399993896484375
2004-03-04,0.003330560153750106,-0.031000137329101562
2004-03-05,0.0017216463364899681,-0.1979997158050537
2004-03-08,-0.008385277334636676,-0.055000066757201704
2004-03-09,-0.005787281873593564,-0.0569999217987065
2004-03-10,-0.014740971479313636,0.015999794006347656
2004-03-11,-0.015340969821738604,0.012000083923339844
2004-03-12,0.01238251136070545,0.013000011444091797
2004-03-15,-0.01445375536163862,0.007999897003173384
2004-03-16,0.005606722104589679,-0.07999992370605424
2004-03-17,0.0116809035743346,-0.004999876022338867
2004-03-18,-0.0012733832323759131,0.06599998474121094
2004-03-19,-0.01123609969031758,0.03900003433227495
2004-03-22,-0.013042208225710006,-0.06400012969970703
2004-03-23,-0.0013246611737711689,-0.013000011444091353
2004-03-24,-0.002397858840762268,0.003000020980835405
2004-03-25,0.016232870745707118,0.025000095367431197
2004-03-26,-0.0010191750233872199,0.10399985313415527
2004-03-29,0.012920796755778952,0.04700016975402832
2004-03-30,0.00402764693878499,0.011999845504760298
2004-03-31,-0.0007012565260868797,-0.0650000572204581
2004-04-01,0.0052782054676123735,0.061000108718871626
2004-04-02,0.00847858992829753,0.24199986457824707
2004-04-05,0.007642651144618817,0.07999992370605469
2004-04-06,-0.002096734294799063,-0.048999786376953125
2004-04-07,-0.006667598441335798,-0.004000186920166016
2004-04-08,-0.0010615462722602942,0.03000020980834961
2004-04-12,0.005147705540932357,0.03299999237060547
2004-04-13,-0.013857368818181115,0.1100001335144043
2004-04-14,-0.001124992893466903,0.04199981689453125
2004-04-15,0.0005936366181584773,0.023000240325927734
2004-04-16,0.005098440128641357,-0.05299997329711914
2004-04-19,0.0010658431120758038,0.019999980926513672
2004-04-20,-0.01567925402692172,0.0429997444152832
2004-04-21,0.0052982333088866795,0.007999897003173828
2004-04-22,0.01399311509629797,-0.05200004577636719
2004-04-23,0.0005875142056135374,0.08100032806396484
2004-04-26,-0.004454890241813558,-0.01900005340576172
2004-04-27,0.002269450876466017,-0.029000282287597656
2004-04-28,-0.01389078927221199,0.06300020217895508
2004-04-29,-0.007619783185308648,0.07299995422363281
2004-04-30,-0.005933742694366195,-0.03900003433227539
2004-05-03,0.009160426362305962,0.0
2004-05-04,0.0018417722884791488,0.04200029373168945
2004-05-05,0.0017669881618616046,0.0279998779296875
2004-05-06,-0.006745694593364604,0.031000137329101562
2004-05-07,-0.013820537754799744,0.1639995574951172
2004-05-10,-0.010595625144377507,0.015000343322753906
2004-05-11,0.007633200039919963,-0.013000011444091797
2004-05-12,0.0016692238134483617,0.028999805450439453
2004-05-13,-0.0007659026155675264,0.053999900817871094
2004-05-14,-0.0006751305105909822,-0.06299972534179688
2004-05-17,-0.01064325670081434,-0.08900022506713867
2004-05-18,0.0067935991497689585,0.037000179290771484
2004-05-19,-0.002577723776330032,0.05800008773803711
2004-05-20,0.00046824439086989855,-0.07600021362304688
2004-05-21,0.004004235965336278,0.046000003814697266
2004-05-24,0.0016902707190888933,-0.024000167846679688
2004-05-25,0.015975285169238518,-0.015999794006347656
2004-05-26,0.0016965004687508056,-0.05299997329711914
2004-05-27,0.005670376762131113,-0.08300018310546875
2004-05-28,-0.0005352241592584406,0.0670003890991211
2004-06-01,0.00046380490403130636,0.048999786376953125
2004-06-02,0.003374641288739433,0.026000022888183594
2004-06-03,-0.007449948642333837,-0.018000125885009766
2004-06-04,0.005234151229251083,0.062000274658203125
2004-06-07,0.015838313508713675,-0.009000301361083984
2004-06-08,0.0015421099089785173,0.006000041961669922
2004-06-09,-0.009544871132276533,0.0409998893737793
2004-06-10,0.004533048431152764,-0.020999908447265625
2004-06-14,-0.009886126422388841,0.07899999618530273
2004-06-15,0.0059540073625825585,-0.18400001525878906
2004-06-16,0.0013683523556657917,0.046000003814697266
2004-06-17,-0.0013329830973702883,-0.039999961853027344
2004-06-18,0.002620097582005876,0.018000125885009766
2004-06-21,-0.004167161717527179,-0.019999980926513672
2004-06-22,0.003629594705708783,0.01399993896484375
2004-06-23,0.008470668230836864,-0.006000041961669922
2004-06-24,-0.002985093589967569,-0.05200004577636719
2004-06-25,-0.005467927269987349,-0.0009999275207519531
2004-06-28,-0.0009525423036746972,0.09399986267089844
2004-06-29,0.002511490979225428,-0.043999671936035156
2004-06-30,0.00407548505074562,-0.07800006866455078
2004-07-01,-0.010485715738500545,-0.05299997329711914
2004-07-02,-0.003158326739292505,-0.10599994659423828
2004-07-06,-0.00818177743456694,0.021999835968017578
2004-07-07,0.0018974785253469406,-0.007999897003173828
2004-07-08,-0.008278583129612826,-0.0020003318786621094
2004-07-09,0.0033305218812769155,-0.0039997100830078125
2004-07-12,0.0013828527936485813,-0.023000240325927734
2004-07-13,0.0007087173291013826,0.03600025177001953
2004-07-14,-0.003296533558214243,0.005000114440917969
2004-07-15,-0.004309911715561832,0.0009999275207519531
2004-07-16,-0.004800493678889239,-0.12400007247924805
2004-07-19,-0.00044498248075353075,0.0
2004-07-20,0.007033089079844679,0.08699989318847656
2004-07-21,-0.013430125117174008,0.03900003433227539
2004-07-22,0.0027022739357747128,-0.02500009536743164
2004-07-23,-0.009747965503678735,-0.029999732971191406
2004-07-26,-0.0019628946327880925,0.0429997444152832
2004-07-27,0.009876632902611426,0.11999988555908203
2004-07-28,0.0005388315533858545,-0.009999752044677734
2004-07-29,0.004563169830571034,-0.012000083923339844
2004-07-30,0.0011715070503042213,-0.09800004959106445
2004-08-02,0.004437751914569965,-0.019999980926513672
2004-08-03,-0.006282051661861132,-0.03299999237060547
2004-08-04,-0.0009643151419913565,0.006999969482421875
2004-08-05,-0.016455019335206877,-0.028999805450439453
2004-08-06,-0.015601766647242776,-0.1810002326965332
2004-08-09,0.001174155597206017,0.02500009536743164
2004-08-10,0.012890470057400627,0.043000221252441406
2004-08-11,-0.0030164814361448578,-0.012000083923339844
2004-08-12,-0.011743885362887063,-0.02500009536743164
2004-08-13,0.0014756076020079334,-0.037000179290771484
2004-08-16,0.01356267759792118,0.04500007629394531
2004-08-17,0.00219337465367353,-0.05200004577636719
2004-08-18,0.012366556279306273,0.021000385284423828
2004-08-19,-0.003604159986895894,-0.01600027084350586
2004-08-20,0.006503548950728799,0.019999980926513672
2004-08-23,-0.0024338073383418646,0.04799985885620117
2004-08-24,0.0004652536013960429,0.004000186920166016
2004-08-25,0.007968622154363558,-0.021999835968017578
2004-08-26,0.00011764881995546261,-0.03399991989135742
2004-08-27,0.0024222544933447665,0.0
2004-08-30,-0.00781182714507711,-0.03900003433227539
2004-08-31,0.004620130653679055,-0.0560002326965332
2004-09-01,0.0015112496841505063,-0.008999824523925781
2004-09-02,0.011150113177674115,0.0709996223449707
2004-09-03,-0.004193715276342047,0.09900045394897461
2004-09-07,0.00686381575577677,-0.04700040817260742
2004-09-08,-0.004495982352485939,-0.08299970626831055
2004-09-09,0.0018884263357170639,0.03599977493286133
2004-09-10,0.004941399647369948,-0.01900005340576172
2004-09-13,0.0016889976651999206,-0.028999805450439453
2004-09-14,0.0022270132083050953,-0.018000125885009766
2004-09-15,-0.007079640999059222,0.037000179290771484
2004-09-16,0.0027898291075070247,-0.10100030899047852
2004-09-17,0.004484853518629706,0.05800008773803711
2004-09-20,-0.00564266533821467,-0.0689997673034668
2004-09-21,0.006307014161339275,-0.020999908447265625
2004-09-22,-0.014035871953931967,-0.04800009727478027
2004-09-23,-0.004680710946743716,0.03899979591369629
2004-09-24,0.0015776642335421087,0.0030002593994140625
2004-09-27,-0.005954007917979176,-0.03400015830993652
2004-09-28,0.005909032301848249,0.015000104904174805
2004-09-29,0.004260939723815582,0.07800006866455078
2004-09-30,-0.00019744751784855907,0.028999805450439453
2004-10-01,0.015066573183751153,0.07200002670288086
2004-10-04,0.003238272074267634,-0.018000125885009766
2004-10-05,-0.0006080792108065225,0.0
2004-10-06,0.006650556912394023,0.051000118255615234
2004-10-07,-0.010032225687499619,0.019999980926513672
2004-10-08,-0.007555120625711176,-0.11100006103515625
2004-10-11,0.00200308985233022,0.0
2004-10-12,-0.0022705154376954084,-0.03099966049194336
2004-10-13,-0.007327233030814284,-0.024000167846679688
2004-10-14,-0.009346270507340826,-0.06300020217895508
2004-10-15,0.004440372959781058,0.03800010681152344
2004-10-18,0.00523807880716376,0.0
2004-10-19,-0.009732889155441349,-0.014999866485595703
2004-10-20,0.00038973733491598495,-0.04700016975402832
2004-10-21,0.002560873759713367,0.006000041961669922
2004-10-22,-0.009762908943220516,-0.013000011444091353
2004-10-25,-0.000858182409063879,-0.013000011444092241
2004-10-26,0.014769741930592772,0.018000125885009766
2004-10-27,0.012797064995696772,0.0989997386932373
2004-10-28,0.0018109742197855994,-0.007999897003173828
2004-10-29,0.0024450410800191946,-0.051000118255615234
2004-11-01,0.0002743019680115921,0.06100034713745117
2004-11-02,4.4270037300897513e-05,-0.015000343322753906
2004-11-03,0.01111816790588982,-0.004999637603759766
2004-11-04,0.01602735788842402,-0.0020003318786621094
2004-11-05,0.0038662497727957046,0.11800003051757812
2004-11-08,-0.001098238049090483,0.029000282287597656
2004-11-09,-0.0006956368150783376,0.0029997825622558594
2004-11-10,-0.0010055238556958557,0.034999847412109375
2004-11-11,0.009048162623097156,0.0
2004-11-12,0.009068467860586793,-0.05499982833862305
2004-11-15,-0.00030404423918106716,-0.007999897003173828
2004-11-16,-0.00710401631603208,0.018000125885009766
2004-11-17,0.005523022908413999,-0.06400012969970703
2004-11-18,0.0013613312059481686,-0.026999950408935547
2004-11-19,-0.011224162226075585,0.07899999618530273
2004-11-22,0.0058784317577789125,-0.031000137329101562
2004-11-23,-0.0002549073039972427,0.01900005340576172
2004-11-24,0.004087060812071108,0.01100015640258789
2004-11-26,0.0007528429313090612,0.0429997444152832
2004-11-29,-0.0034559102806417386,0.09200000762939453
2004-11-30,-0.004038451679006627,0.0279998779296875
2004-12-01,0.014840559419618593,0.017000198364257812
2004-12-02,-0.0008733586513249847,0.021999835968017578
2004-12-03,0.0007055115897305342,-0.1269998550415039
2004-12-06,-0.0007726851828824266,-0.03000020980834961
2004-12-07,-0.011135114976820404,-0.012999534606933594
2004-12-08,0.00486475889723792,-0.09300041198730469
2004-12-09,0.005421426409419006,0.026999950408935547
2004-12-10,-0.0010432184818744972,-0.004999637603759766
2004-12-13,0.008949775217870659,-0.005000114440917969
2004-12-14,0.0039132719874022115,-0.01900005340576172
2004-12-15,0.0019426064338468052,-0.055999755859375
2004-12-16,-0.0020839216956991535,0.10899972915649414
2004-12-17,-0.007516488640847641,0.021999835968017578
2004-12-20,0.00037681164753955443,-0.007999897003173828
2004-12-21,0.008999624816466323,-0.03099966049194336
2004-12-22,0.003411979436247492,0.03299999237060547
2004-12-23,0.00046291574579715444,0.01699972152709961
2004-12-27,-0.004314584720309433,0.07299995422363281
2004-12-28,0.00712852916653528,0.0
2004-12-29,-7.423837018549762e-05,0.031000137329101562
2004-12-30,8.248673778865623e-05,-0.05900001525878906
2004-12-31,-0.0013440735740735121,-0.04699993133544922
2005-01-03,-0.008152562047846423,0.0039997100830078125
2005-01-04,-0.01174000438471623,0.06300020217895508
2005-01-05,-0.0036344391932798814,-0.006000041961669922
2005-01-06,0.003499726889388377,-0.005000114440917969
2005-01-07,-0.0014321956835940952,0.013000011444091797
2005-01-10,0.0034169283837073294,-0.006999969482421875
2005-01-11,-0.0061182454723818225,-0.03399991989135742
2005-01-12,0.003973499066449726,-0.007999897003173828
2005-01-13,-0.008667580994090152,-0.04900026321411133
2005-01-14,0.005986604031937404,0.029000282287597656
2005-01-18,0.009628270925436055,-0.020999908447265625
2005-01-19,-0.009535422983763198,-0.008000373840332031
2005-01-20,-0.00781344168486342,-0.021999835968017578
2005-01-21,-0.0064354793204568495,-0.02299976348876953
2005-01-24,-0.003534023051619428,-0.019999980926513672
2005-01-25,0.0039963298516152435,0.06699991226196289
2005-01-26,0.004832419632938567,0.0029997825622558594
2005-01-27,0.00040883799571478363,0.014999866485595703
2005-01-28,-0.0027196826787090345,-0.0689997673034668
2005-01-31,0.008424693022827334,-0.005000114440917969
2005-02-01,0.006867267158630064,0.0030002593994140625
2005-02-02,0.003172929099699573,0.0039997100830078125
2005-02-03,-0.0027694655050192196,0.023000240325927734
2005-02-04,0.010982520503199034,-0.09000015258789062
2005-02-07,-0.0010895591835762275,-0.020999908447265625
2005-02-08,0.00048259010452955664,-0.014999866485595703
2005-02-09,-0.008612258457473487,-0.06000018119812012
2005-02-10,0.004202617764653027,0.09599995613098145
2005-02-11,0.00690175020517092,0.021999835968017578
2005-02-14,0.0006966508245467296,-0.021999835968017578
2005-02-15,0.003294334262128551,0.02500009536743164
2005-02-16,0.00018175942364706543,0.059999942779541016
2005-02-17,-0.007954922070865678,0.026999950408935547
2005-02-18,0.0006992897479056737,0.07500028610229492
2005-02-22,-0.014611959979604627,0.024999618530273438
2005-02-23,0.005591699832857344,-0.01699972152709961
2005-02-24,0.007862777725995862,0.013000011444091797
2005-02-25,0.00926377760227215,-0.009000301361083984
2005-02-28,-0.006434901002669413,0.08700037002563477
2005-03-01,0.005642127938093822,0.013000011444091797
2005-03-02,-0.00027273661810500727,0.006999969482421875
2005-03-03,0.00032225292897436475,0.0039997100830078125
2005-03-04,0.009578361866919849,-0.07299995422363281
2005-03-07,0.002606869420683111,-0.006000041961669922
2005-03-08,-0.00481034052782725,0.0710000991821289
2005-03-09,-0.010237345322318347,0.13899993896484375
2005-03-10,0.00185409754498167,-0.05499982833862305
2005-03-11,-0.007612148101110883,0.07599973678588867
2005-03-14,0.005608866091689535,-0.01900005340576172
2005-03-15,-0.0075522539304397895,0.026000022888183594
2005-03-16,-0.008114700226149019,-0.023999691009521484
2005-03-17,0.0017996327677858304,-0.048000335693359375
2005-03-18,-0.00047056258537558904,0.0410003662109375
2005-03-21,-0.00494643360273983,0.01399993896484375
2005-03-22,-0.010248546209256304,0.08500003814697266
2005-03-23,0.0006996454255911999,-0.0030002593994140625
2005-03-24,-0.0009471067214326112,-0.015999794006347656
2005-03-28,0.002438493140166642,0.03299999237060547
2005-03-29,-0.0076251791810113545,-0.03299999237060547
2005-03-30,0.013678629731370684,-0.03299999237060547
2005-03-31,-0.0006943847521814206,-0.062000274658203125
2005-04-01,-0.0065178809492634215,-0.04499959945678711
2005-04-04,0.0027244773167245384,0.004999637603759766
2005-04-05,0.004470842785568863,0.01399993896484375
2005-04-06,0.0022658872536416297,-0.03399991989135742
2005-04-07,0.0059532330669584965,0.03600025177001953
2005-04-08,-0.008380014491591758,0.01900005340576172
2005-04-11,8.474198803121169e-06,-0.046000003814697266
2005-04-12,0.005529884802783158,-0.08500003814697266
2005-04-13,-0.011831325505628598,0.01399993896484375
2005-04-14,-0.010052134263021983,-0.01600027084350586
2005-04-15,-0.016861861962765623,-0.08699989318847656
2005-04-18,0.002936282269934587,-0.021999835968017578
2005-04-19,0.005916292813629376,-0.046000003814697266
2005-04-20,-0.013343570060666998,0.007999897003173828
2005-04-21,0.01954398680302205,0.08900022506713867
2005-04-22,-0.006773139368705827,-0.04500007629394531
2005-04-25,0.008624972960832977,-0.004000186920166016
2005-04-26,-0.008876748450907357,0.01600027084350586
2005-04-27,0.003942496392165928,-0.03000020980834961
2005-04-28,-0.011445623573941965,-0.06400012969970703
2005-04-29,0.011851956462206381,0.028000354766845703
2005-05-02,0.004579598925333883,-0.007000446319580078
2005-05-03,-0.0008522166554065791,-0.007999897003173828
2005-05-04,0.012393051560347423,0.0
2005-05-05,-0.002572113341297033,-0.023999691009521484
2005-05-06,-0.0010921846046327843,0.10399961471557617
2005-05-09,0.00637396617240249,0.012000083923339844
2005-05-10,-0.01076315086971924,-0.055999755859375
2005-05-11,0.004184280247109484,-0.019999980926513672
2005-05-12,-0.010083888412137476,-0.018000125885009766
2005-05-13,-0.004590579075785861,-0.06300020217895508
2005-05-16,0.010035599091202663,0.004000186920166016
2005-05-17,0.006933254635373309,-0.007999897003173828
2005-05-18,0.009968895481321738,-0.04900026321411133
2005-05-19,0.004645135445231929,0.039999961853027344
2005-05-20,-0.0015123150380107475,0.017000198364257812
2005-05-23,0.0038436362656391054,-0.05299997329711914
2005-05-24,0.0001758518415968524,-0.034999847412109375
2005-05-25,-0.0034058760803965527,0.034999847412109375
2005-05-26,0.006374531317727694,0.008999824523925781
2005-05-27,0.0009681474365530462,-0.007999897003173828
2005-05-31,-0.006091379853433665,-0.06699991226196289
2005-06-01,0.008956805725931716,-0.0989999771118164
2005-06-02,0.0017203908245111421,-0.01699995994567871
2005-06-03,-0.006890819980251095,0.08899998664855957
2005-06-06,0.0012450150268454863,-0.01700019836425737
2005-06-07,-0.00020878831693149635,-0.05099987983703702
2005-06-08,-0.0021655874330352987,0.029000043869019
2005-06-09,0.005226267957247899,0.024999856948852095
2005-06-10,-0.002350998409680116,0.08200001716613814
2005-06-13,0.002259309081521721,0.03900003433227539
2005-06-14,0.0025700096198280065,0.0409998893737793
2005-06-15,0.002215253311708132,-0.012000083923339844
2005-06-16,0.0036235262503510057,-0.03899955749511719
2005-06-17,0.004942512444624292,0.0019998550415039062
2005-06-20,-0.0007069167302180546,0.02500009536743164
2005-06-21,-0.0020496200337474235,-0.0540003776550293
2005-06-22,0.00022246809127945966,-0.10399985313415527
2005-06-23,-0.010892156085218652,0.014000177383422852
2005-06-24,-0.007657968670772064,-0.04500007629394531
2005-06-27,-0.0007387984219393573,-0.012000083923340288
2005-06-28,0.009096068495660248,0.07400012016296431
2005-06-29,-0.0014324616711682836,0.01399993896484375
2005-06-30,-0.007126235441052842,-0.04500007629394531
2005-07-01,0.0026071140527266223,0.10399985313415527
2005-07-05,0.00879385280379541,0.05000019073486328
2005-07-06,-0.008375334165638293,-0.024000167846679688
2005-07-07,0.0024490496555653607,-0.043999671936035156
2005-07-08,0.011611381797824727,0.07800006866455078
2005-07-11,0.006235331585299875,-0.006999969482421875
2005-07-12,0.0022689745298754005,0.03899955749511719
2005-07-13,0.0008833189083850002,0.02200031280517578
2005-07-14,0.0026206023564183667,0.01699972152709961
2005-07-15,0.001157132095024771,-0.004999637603759766
2005-07-18,-0.0055450532453322765,0.04799985885620117
2005-07-19,0.006708890992641159,-0.03399991989135742
2005-07-20,0.004747306199091916,-0.012000083923339844
2005-07-21,-0.006628063888680202,0.10500001907348633
2005-07-22,0.005396819235281569,-0.05900001525878906
2005-07-25,-0.003776351891557894,0.024000167846679688
2005-07-26,0.0017315779350903782,-0.008000373840332031
2005-07-27,0.004562502872514251,0.02200031280517578
2005-07-28,0.005587520020418069,-0.06500005722045898
2005-07-29,-0.007700039576875817,0.08999967575073242
2005-08-01,0.0009474855123388082,0.03299999237060547
2005-08-02,0.007074137786164059,0.017000198364257812
2005-08-03,0.0007392405265855828,-0.03599977493286133
2005-08-04,-0.0074006171302292145,0.018999576568603516
2005-08-05,-0.007667679991179455,0.07300043106079102
2005-08-08,-0.002686241126164113,0.026999950408935547
2005-08-09,0.0067223446107131934,-0.02500009536743164
2005-08-10,-0.001828889635260289,0.009999752044677734
2005-08-11,0.007037130459695895,-0.06999969482421875
2005-08-12,-0.006012532273180327,-0.09600019454956055
2005-08-15,0.002824363312543099,0.032000064849853516
2005-08-16,-0.011845866793172455,-0.0429997444152832
2005-08-17,0.0007378519836267472,0.04599952697753906
2005-08-18,-0.0010002794289762917,-0.05699968338012695
2005-08-19,0.0005658202672567114,-0.005000114440917969
2005-08-22,0.0016547775416793087,0.007999897003173828
2005-08-23,-0.003394403944288804,-0.032000064849853516
2005-08-24,-0.006592036186235717,-0.007999897003173828
2005-08-25,0.0022956866031229595,-0.01900005340576172
2005-08-26,-0.00601458676680533,0.029000282287597656
2005-08-29,0.005940377442203548,-0.01600027084350586
2005-08-30,-0.0031974340479843377,-0.08299970626831055
2005-08-31,0.009815803774647414,-0.07000017166137695
2005-09-01,0.0010319829623908205,-0.0009999275207519531
2005-09-02,-0.0029266553741287282,0.009999752044677734
2005-09-06,0.012539882199711805,0.0560002326965332
2005-09-07,0.002405079165706425,0.05299997329711914
2005-09-08,-0.0038005591470122724,0.0009999275207519531
2005-09-09,0.007933192791395705,-0.015999794006347656
2005-09-12,-0.0007412627537384253,0.046000003814697266
2005-09-13,-0.0075736739218887905,-0.03500032424926758
2005-09-14,-0.0032866794553649825,0.034000396728515625
2005-09-15,0.0004643355066029642,0.046000003814697266
2005-09-16,0.008257581395948677,0.04799985885620117
2005-09-19,-0.00558139144080716,-0.014999866485595703
2005-09-20,-0.007894521231179397,-0.004000186920166016
2005-09-21,-0.009162993799830765,-0.05499982833862305
2005-09-22,0.003645671793169214,-0.012000083923339844
2005-09-23,0.0005514969302318207,0.07200002670288086
2005-09-26,0.00027970136111754584,0.046000003814697266
2005-09-27,2.4702356686390203e-05,0.006999969482421875
2005-09-28,0.0010112684622161083,-0.03900003433227539
2005-09-29,0.008827817434815088,0.026999950408935547
2005-09-30,0.0009200158851507823,0.03900003433227539
2005-10-03,-0.0017186718302033555,0.05800008773803711
2005-10-04,-0.010019853743549412,-0.010000228881835938
2005-10-05,-0.014999041934533608,-0.014999866485595703
2005-10-06,-0.004104085030943061,0.005000114440917969
2005-10-07,0.0036944438643393696,-0.005000114440917969
2005-10-11,-0.009266000600645974,0.02299976348876953
2005-10-12,-0.006086612731748708,0.057000160217285156
2005-10-13,-0.0007135959085546872,0.03399991989135742
2005-10-14,0.008233895771379451,0.01600027084350586
2005-10-17,0.0029705697541047016,-0.0020003318786621094
2005-10-18,-0.010100380589755709,-0.007999897003173828
2005-10-19,0.014845038560093116,-0.018000125885009766
2005-10-20,-0.015133641676906784,-0.0039997100830078125
2005-10-21,0.001518558511770074,-0.069000244140625
2005-10-24,0.016637869183025344,0.0560002326965332
2005-10-25,-0.002370669386531965,0.06199979782104492
2005-10-26,-0.0043217880969663724,0.08300018310546875
2005-10-27,-0.010530482171556166,-0.03299999237060547
2005-10-28,0.0164138857010121,0.008999824523925781
2005-10-31,0.007150528449828997,-0.007999897003173828
2005-11-01,-0.003527311213989748,0.018000125885009766
2005-11-02,0.009927610493678962,0.03299999237060547
2005-11-03,0.004255094722213748,0.03399991989135742
2005-11-04,0.00016398908743919804,0.013000011444091797
2005-11-07,0.002185918605323245,-0.018000125885009766
2005-11-08,-0.0034571122587987446,-0.07399988174438477
2005-11-09,0.001689099138900474,0.07000017166137695
2005-11-10,0.008410797282881077,-0.0710000991821289
2005-11-14,0.0022721039842270585,0.039999961853027344
2005-11-15,-0.0038574498246255473,-0.04699993133544922
2005-11-16,0.0017884187466492563,-0.07299995422363281
2005-11-17,0.00936954388568445,-0.02500009536743164
2005-11-18,0.004391670522725377,0.0429997444152832
2005-11-21,0.005257415724038594,-0.0409998893737793
2005-11-22,0.00507139571731674,-0.03299999237060547
2005-11-23,0.0034667880268317575,0.046000003814697266
2005-11-25,0.0020837896481920026,-0.0429997444152832
2005-11-28,-0.008544215188562632,-0.02500009536743164
2005-11-29,1.5920484558229475e-05,0.07599973678588867
2005-11-30,-0.006382253629955592,0.018000125885009766
2005-12-01,0.012083804199622072,0.020999908447265625
2005-12-02,0.00032407321906280373,-0.0019998550415039062
2005-12-05,-0.0023662766825758297,0.04799985885620117
2005-12-06,0.0012748372766697713,-0.07299995422363281
2005-12-07,-0.005021653100799384,0.023000240325927734
2005-12-08,-0.0012175898629092075,-0.05299997329711914
2005-12-09,0.002806947864745446,0.07299995422363281
2005-12-12,0.0008413831540163841,0.009999752044677734
2005-12-13,0.00553829531298522,-0.012000083923339844
2005-12-14,0.004180778582454359,-0.08500003814697266
2005-12-15,-0.0014153110273094072,0.018000125885009766
2005-12-16,-0.0028523458839302407,-0.019999980926513672
2005-12-19,-0.005856130419100047,-0.006000041961669922
2005-12-20,-0.00023817746484766644,0.024000167846679688
2005-12-21,0.002513505394688309,0.019999980926513672
2005-12-22,0.004211895217280492,-0.05299997329711914
2005-12-23,0.0004257673621061997,-0.05299997329711914
2005-12-27,-0.009599309229902708,-0.03900003433227539
2005-12-28,0.0012963761684554598,0.03699970245361328
2005-12-29,-0.002984969814583849,-0.0019998550415039062
2005-12-30,-0.004898703356058576,0.01900005340576172
2006-01-03,0.01629696434137884,-0.02500009536743164
2006-01-04,0.003665964386255993,-0.01399993896484375
2006-01-05,1.572045804820732e-05,0.0
2006-01-06,0.009355518384217554,0.023000240325927734
2006-01-09,0.0036496959962182274,0.0
2006-01-10,-0.0003566756223527534,0.048999786376953125
2006-01-11,0.00347549747694309,0.03000020980834961
2006-01-12,-0.006294004875159409,-0.048000335693359375
2006-01-13,0.0012044488366580453,-0.059999942779541016
2006-01-17,-0.0036412090379522866,-0.018000125885009766
2006-01-18,-0.0039049429830875226,0.008000373840332031
2006-01-19,0.005548253263319758,0.03900003433227539
2006-01-20,-0.018496322409991883,-0.018000125885009766
2006-01-23,0.0018452837666602662,-0.004000186920166016
2006-01-24,0.002402548411444272,0.03299999237060547
2006-01-25,-0.0017222182116816143,0.08900022506713867
2006-01-26,0.00720890753548975,0.043999671936035156
2006-01-27,0.007734014372505094,-0.019999980926513672
2006-01-30,0.0011444316179671787,0.032000064849853516
2006-01-31,-0.003983980099300233,-0.007999897003173828
2006-02-01,0.0018575363851853766,0.03399991989135742
2006-02-02,-0.009102005775588395,0.0
2006-02-03,-0.005373019460362727,-0.0279998779296875
2006-02-06,0.0007828949730752655,0.012000083923339844
2006-02-07,-0.008127666010111056,0.021999835968017578
2006-02-08,0.008625561733288656,0.0279998779296875
2006-02-09,-0.0014785903687126734,-0.053999900817871094
2006-02-10,0.002536747815165441,0.039999961853027344
2006-02-13,-0.0032650225045891546,0.0020003318786621094
2006-02-14,0.009982823043985789,0.03099966049194336
2006-02-15,0.003498276451836979,-0.007999897003173828
2006-02-16,0.00730140853907546,-0.009999752044677734
2006-02-17,-0.0016611026418837938,-0.05500030517578125
2006-02-21,-0.003275892937653957,0.02200031280517578
2006-02-22,0.007485389902520012,-0.032000064849853516
2006-02-23,-0.0037822795497417516,0.03599977493286133
2006-02-24,0.0012727006703121546,0.0
2006-02-27,0.0036306217950352604,0.023000240325927734
2006-02-28,-0.010455326977436563,-0.043000221252441406
2006-03-01,0.008227392693299862,0.04200029373168945
2006-03-02,-0.0016276486762221154,0.048999786376953125
2006-03-03,-0.001482733095977018,0.046000003814697266
2006-03-06,-0.006992821869927113,0.053999900817871094
2006-03-07,-0.0018636453428637623,-0.0019998550415039062
2006-03-08,0.002027887120115146,-0.0019998550415039062
2006-03-09,-0.004892776729698234,-0.004000186920166016
2006-03-10,0.007197621493559403,0.02500009536743164
2006-03-13,0.0021125777270372126,0.019999980926513672
2006-03-14,0.01034245657662236,-0.07899999618530273
2006-03-15,0.004260755580596687,0.034999847412109375
2006-03-16,0.0017711864963931845,-0.08500003814697266
2006-03-17,0.0014698453814148138,0.0279998779296875
2006-03-20,-0.001661386180892066,-0.017999649047851562
2006-03-21,-0.006033101043218636,0.06099987030029297
2006-03-22,0.006002514715950369,-0.01399993896484375
2006-03-23,-0.0025856323775030887,0.03599977493286133
2006-03-24,0.0009827977455314496,-0.06399965286254883
2006-03-27,-0.0010289384550095093,0.026000022888183594
2006-03-28,-0.006458998725721976,0.07699966430664062
2006-03-29,0.0074419354889663225,0.032000064849853516
2006-03-30,-0.0020283315831610693,0.04500007629394531
2006-03-31,-0.004146253429841984,-0.0019998550415039062
2006-04-03,0.0022679734297250675,0.020999908447265625
2006-04-04,0.006237198100456531,-0.0019998550415039062
2006-04-05,0.004301841324002353,-0.03299999237060547
2006-04-06,-0.0019232391163139795,0.053999900817871094
2006-04-07,-0.010397352959045314,0.06999969482421875
2006-04-10,0.0008641538115483627,0.0
2006-04-11,-0.007781154126378809,-0.03099966049194336
2006-04-12,0.001204066548337046,0.043999671936035156
2006-04-13,0.0007760240055052492,0.059999942779541016
2006-04-17,-0.0029443507331157193,-0.028999805450439453
2006-04-18,0.016933204646026212,-0.03299999237060547
2006-04-19,0.0020250765018055006,0.053999900817871094
2006-04-20,0.0011672489722762691,0.01100015640258789
2006-04-21,-0.00013720890486812465,-0.026999950408935547
2006-04-24,-0.0024204455810252767,-0.026999950408935547
2006-04-25,-0.004881512597334492,0.08599996566772461
2006-04-26,0.0028153702971467354,0.03399991989135742
2006-04-27,0.00329615768053948,-0.020999908447265625
2006-04-28,0.0006793149699388934,-0.015000343322753906
2006-05-01,-0.004144087356689141,0.062000274658203125
2006-05-02,0.006125912703045522,-0.020999908447265625
2006-05-03,-0.0038835036433493286,0.03399991989135742
2006-05-04,0.0031522329368360857,0.006000041961669922
2006-05-05,0.010242666122685762,-0.04200029373168945
2006-05-08,-0.0008300387341275695,0.01100015640258789
2006-05-09,0.00036227674930611187,0.006000041961669922
2006-05-10,-0.0017296437236282713,0.0
2006-05-11,-0.012880674678358517,0.03000020980834961
2006-05-12,-0.011304817461097016,0.03099966049194336
2006-05-15,0.00252153078440287,-0.03299999237060547
2006-05-16,-0.0018712312726290037,-0.04799985885620117
2006-05-17,-0.016984493982545423,0.04799985885620117
2006-05-18,-0.006721550408602006,-0.07999992370605469
2006-05-19,0.004128357614962219,-0.01900005340576172
2006-05-22,-0.0039224146258121095,-0.018000125885009766
2006-05-23,-0.00435947761064881,0.03000020980834961
2006-05-24,0.0015824032180074,-0.032000064849853516
2006-05-25,0.011305940311311602,0.039999961853027344
2006-05-26,0.005703043365720362,-0.021999835968017578
2006-05-30,-0.01597655965752054,0.03399991989135742
2006-05-31,0.00807920002841378,0.026999950408935547
2006-06-01,0.012223327369857984,-0.005000114440917969
2006-06-02,0.0019503332475387936,-0.11399984359741211
2006-06-05,-0.017960022017338595,0.032000064849853516
2006-06-06,-0.0011387773107429666,-0.019999980926513672
2006-06-07,-0.006111091377008826,0.019999980926513672
2006-06-08,0.001416048446351681,-0.03399991989135742
2006-06-09,-0.004485655970165148,-0.01100015640258789
2006-06-12,-0.011937217492592467,0.006000041961669922
2006-06-13,-0.011173845930323445,-0.026000022888183594
2006-06-14,0.005175884782161688,0.08900022506713867
2006-06-15,0.02101275473961728,0.04799985885620117
2006-06-16,-0.0036846514409676345,0.029999732971191406
2006-06-19,-0.009158607467732338,0.017000198364257812
2006-06-20,-8.071577966006771e-06,0.012000083923339844
2006-06-21,0.009693820144399012,-0.0019998550415039062
2006-06-22,-0.005284643397793332,0.0429997444152832
2006-06-23,-0.0008834791118985663,0.03000020980834961
2006-06-26,0.0048576550206700375,0.010999679565429688
2006-06-27,-0.009125527128600375,-0.028999805450439453
2006-06-28,0.0054724496476818985,0.034999847412109375
2006-06-29,0.02133576918516411,-0.04500007629394531
2006-06-30,-0.0020998596049777163,-0.06199979782104492
2006-07-03,0.007834128700747733,0.013000011444091797
2006-07-05,-0.0072752524377062144,0.07600021362304688
2006-07-06,0.0024911088267076664,-0.04200029373168945
2006-07-07,-0.006772833620934726,-0.05299997329711914
2006-07-10,0.0014687073896704206,-0.0019998550415039062
2006-07-11,0.004008311513638674,-0.03000020980834961
2006-07-12,-0.010928527604668226,0.0
2006-07-13,-0.013051548192745344,-0.028999805450439453
2006-07-14,-0.004906305775686626,-0.012000083923339844
2006-07-17,-0.0013841973303625466,0.009999752044677734
2006-07-18,0.0019179767067623033,0.06100034713745117
2006-07-19,0.01838506433120468,-0.0710000991821289
2006-07-20,-0.008513649549338531,-0.031000137329101562
2006-07-21,-0.007102058166950975,0.017000198364257812
2006-07-24,0.01648845488001527,-0.0009999275207519531
2006-07-25,0.006300915845494082,0.020999908447265625
2006-07-26,-0.000378342531320186,-0.029000282287597656
2006-07-27,-0.00410813762499096,0.004000186920166016
2006-07-28,0.012078516199717448,-0.05000019073486328
2006-07-31,-0.001479342153265506,-0.0019998550415039062
2006-08-01,-0.004506237112435585,-0.005000114440917969
2006-08-02,0.005093535034171204,-0.021999835968017578
2006-08-03,0.0022363911697382832,-0.009999752044677734
2006-08-04,-0.0007110670028831478,-0.05000019073486328
2006-08-07,-0.00281000823887112,0.019999980926513672
2006-08-08,-0.0033683722592652288,0.0019998550415039062
2006-08-09,-0.004358771040950948,0.01399993896484375
2006-08-10,0.004618338861988924,-0.009999752044677734
2006-08-11,-0.003994465346949028,0.039999961853027344
2006-08-14,0.0011597632270490266,0.03399991989135742
2006-08-15,0.013603517555473843,-0.06999969482421875
2006-08-16,0.007632783631721374,-0.06000041961669922
2006-08-17,0.0015811787974744362,-0.0039997100830078125
2006-08-18,0.003708062857582739,-0.032000064849853516
2006-08-21,-0.0036772042352293255,-0.01600027084350586
2006-08-22,0.001001353353987433,-0.007999897003173828
2006-08-23,-0.004498760349020969,0.007999897003173828
2006-08-24,0.0023715801088535216,-0.015999794006347656
2006-08-25,-0.0007487739494989043,-0.012000083923339844
2006-08-28,0.005152416785938918,0.006000041961669922
2006-08-29,0.001918605642752702,-0.01399993896484375
2006-08-30,0.0008353349096585916,-0.019999980926513672
2006-08-31,-0.0011881457810911655,-0.031000137329101562
2006-09-01,0.005499463994836695,-0.006000041961669922
2006-09-05,0.0017071408854656411,0.05500030517578125
2006-09-06,-0.00994072887125963,0.019999980926513672
2006-09-07,-0.004810584977398058,-0.006000041961669922
2006-09-08,0.003779516785635373,-0.024000167846679688
2006-09-11,0.00047720196512379687,0.0279998779296875
2006-09-12,0.010304209566623257,-0.026000022888183594
2006-09-13,0.0038539093735430185,-0.007999897003173828
2006-09-14,-0.0013589062077690173,0.028000354766845703
2006-09-15,0.002564555076311592,0.004999637603759766
2006-09-18,0.0011511637573802247,0.012000083923339844
2006-09-19,-0.002683048555375933,-0.07299995422363281
2006-09-20,0.005706071034442317,-0.007999897003173828
2006-09-21,-0.005410119989902817,-0.08100032806396484
2006-09-22,-0.002468846273337988,-0.05099964141845703
2006-09-25,0.008776510314246089,-0.04200029373168945
2006-09-26,0.00749611473321643,0.03000020980834961
2006-09-27,0.0001795702412179523,0.008999824523925781
2006-09-28,0.0017118783965646145,0.032000064849853516
2006-09-29,-0.002265672135254526,0.006999969482421875
2006-10-02,-0.003396884177234938,-0.014999866485595703
2006-10-03,0.00209350097587091,-0.0019998550415039062
2006-10-04,0.011988301577432026,-0.051000118255615234
2006-10-05,0.002234222484696069,0.0429997444152832
2006-10-06,-0.0026860986533590037,0.08800029754638672
2006-10-10,0.0028339374804433604,0.05200004577636719
2006-10-11,-0.0025672362166977436,0.03599977493286133
2006-10-12,0.009495869261272993,-0.006000041961669922
2006-10-13,0.0020451465739919072,0.028000354766845703
2006-10-16,0.002515881363473582,-0.018000125885009766
2006-10-17,-0.0036661643184787707,-0.010000228881835938
2006-10-18,0.0012821218580674199,-0.01399993896484375
2006-10-19,0.0008488942862783233,0.021999835968017578
2006-10-20,0.001199034115850317,-0.0019998550415039062
2006-10-23,0.00613345645545138,0.04200029373168945
2006-10-24,0.00026138930469166155,-0.0020003318786621094
2006-10-25,0.0035077336032669493,-0.051000118255615234
2006-10-26,0.004950744808795093,-0.051999568939208984
2006-10-27,-0.008487547836852016,-0.046000003814697266
2006-10-30,0.00042833398938313394,-0.0020003318786621094
2006-10-31,7.175734218378693e-06,-0.06699991226196289
2006-11-01,-0.007378624253349564,-0.04500007629394531
2006-11-02,-0.00034374185976648874,0.03500032424926758
2006-11-03,-0.0022257092668214185,0.11899995803833008
2006-11-06,0.011282575026933195,-0.006000041961669922
2006-11-07,0.002215243341597173,-0.05000019073486328
2006-11-08,0.0020805082697785693,-0.026000022888183594
2006-11-09,-0.005347249472951177,0.0
2006-11-10,0.0018628886470652972,-0.04699993133544922
2006-11-13,0.002545832920179514,0.01900005340576172
2006-11-14,0.006336282710039498,-0.037000179290771484
2006-11-15,0.0024015981817582244,0.04699993133544922
2006-11-16,0.0022816083299046497,0.04000043869018555
2006-11-17,0.0010281771629614411,-0.048000335693359375
2006-11-20,-0.0004996617758044053,-0.012000083923339844
2006-11-21,0.001648093909236259,-0.01699972152709961
2006-11-22,0.0023353687840490522,-0.010000228881835938
2006-11-24,-0.0036622353406023933,-0.019999980926513672
2006-11-27,-0.013647789970176127,-0.009999752044677734
2006-11-28,0.0034384721766231863,-0.029000282287597656
2006-11-29,0.009159499819873851,0.012000083923339844
2006-11-30,0.0008214137907014418,-0.06299972534179688
2006-12-01,-0.002802695817625711,-0.03299999237060547
2006-12-04,0.008845949539756148,0.007999897003173828
2006-12-05,0.0039945196949666695,0.008999824523925781
2006-12-06,-0.0013155652358047831,0.03900003433227539
2006-12-07,-0.003978450122079202,0.0019998550415039062
2006-12-08,0.0018103015833679237,0.069000244140625
2006-12-11,0.0022672409790365222,-0.032000064849853516
2006-12-12,-0.0010479222212120831,-0.028999805450439453
2006-12-13,0.001168167687964683,0.08599996566772461
2006-12-14,0.008651922436739845,0.017999649047851562
2006-12-15,0.0011217745187641626,0.0020003318786621094
2006-12-18,-0.0032355684964722187,-0.010000228881835938
2006-12-19,0.0021559249845939377,0.012000083923339844
2006-12-20,-0.0014180155098069136,-0.004000186920166016
2006-12-21,-0.003680717164277425,-0.046000003814697266
2006-12-22,-0.005330432553268594,0.07500028610229492
2006-12-26,0.004342830626287153,-0.020999908447265625
2006-12-27,0.006990781099262655,0.05099964141845703
2006-12-28,-0.001479876542664904,0.03600025177001953
2006-12-29,-0.00452330262961631,0.019999980926513672
2007-01-03,-0.001199388642525001,-0.046000003814697266
2007-01-04,0.0012275324972153001,-0.046000003814697266
2007-01-05,-0.006103167832470113,0.0279998779296875
2007-01-08,0.0022178570774977757,0.01399993896484375
2007-01-09,-0.0005168094993655004,-0.0039997100830078125
2007-01-10,0.0019384718073371943,0.026000022888183594
2007-01-11,0.006319861629223489,0.05499982833862305
2007-01-12,0.00484142709305857,0.03399991989135742
2007-01-16,0.0008174608723257037,-0.019999980926513672
2007-01-17,-0.0008943374184005037,0.03600025177001953
2007-01-18,-0.0029751613757573736,-0.03600025177001953
2007-01-19,0.0028912815542447845,0.021999835968017578
2007-01-22,-0.005291886366783238,-0.01399993896484375
2007-01-23,0.0035357071117871897,0.04500007629394531
2007-01-24,0.008465536428397868,0.006000041961669922
2007-01-25,-0.011333787730706923,0.057000160217285156
2007-01-26,-0.0012086595354299234,0.012000083923339844
2007-01-29,-0.0010975508115658172,0.013000011444091797
2007-01-30,0.0057554986076455705,-0.017000198364257812
2007-01-31,0.006571245841596962,-0.048999786376953125
2007-02-01,0.005339451523831862,0.010999679565429688
2007-02-02,0.0016930162521955339,-0.009999752044677734
2007-02-05,-0.0009670748024879217,-0.01900005340576172
2007-02-06,0.0006977639370155941,-0.043000221252441406
2007-02-07,0.0013940689469249534,-0.019999980926513672
2007-02-08,-0.0011799630061508637,-0.014999866485595703
2007-02-09,-0.007102376113371278,0.053999900817871094
2007-02-12,-0.003266712097896196,0.019999980926513672
2007-02-13,0.007568774732917838,0.010000228881835938
2007-02-14,0.007615012063125093,-0.0840001106262207
2007-02-15,0.00103705549945321,-0.024000167846679688
2007-02-16,-0.0008721613605295886,-0.015999794006347656
2007-02-20,0.002840277783406897,-0.010000228881835938
2007-02-21,-0.0014054379715542353,0.012000083923339844
2007-02-22,-0.0008579243533688441,0.03800010681152344
2007-02-23,-0.0035700389567878688,-0.05200004577636719
2007-02-26,-0.001254893239734045,-0.04699993133544922
2007-02-27,-0.035342660843101115,-0.11800003051757812
2007-02-28,0.005545484952733659,0.037000179290771484
2007-03-01,-0.0025978059772997497,0.006000041961669922
2007-03-02,-0.011468261829749693,-0.0410003662109375
2007-03-05,-0.009452209514841492,0.0030002593994140625
2007-03-06,0.015374780717887226,0.009999752044677734
2007-03-07,-0.0024683144867996276,-0.03099966049194336
2007-03-08,0.007101347730783303,0.01199960708618164
2007-03-09,0.0006773922729204074,0.08000040054321289
2007-03-12,0.0026766986224968647,-0.03600025177001953
2007-03-13,-0.020578575507405716,-0.05800008773803711
2007-03-14,0.006668880164959035,0.026999950408935547
2007-03-15,0.0036769799595122166,0.01399993896484375
2007-03-16,-0.003835655701215579,0.009000301361083984
2007-03-19,0.010835569042727755,0.026000022888183594
2007-03-20,0.006313481911504049,-0.024000167846679688
2007-03-21,0.01693664320298005,-0.028999805450439453
2007-03-22,-0.00034848304730772384,0.0710000991821289
2007-03-23,0.001093791602759353,0.023999691009521484
2007-03-26,0.0009674345258661177,-0.026000022888183594
2007-03-27,-0.006203560368759575,0.02500009536743164
2007-03-28,-0.007997684815493677,0.007999897003173828
2007-03-29,0.00373274851668981,0.012000083923339844
2007-03-30,-0.0011746852375145167,0.015999794006347656
2007-04-02,0.002593696866817652,-0.005999565124511719
2007-04-03,0.009237307072510248,0.021999835968017578
2007-04-04,0.0011121987409170586,-0.012000083923339844
2007-04-05,0.003045313970392094,0.021999835968017578
2007-04-09,0.000588550367099927,0.0710000991821289
2007-04-10,0.0026132260269688956,-0.020999908447265625
2007-04-11,-0.006594524912467037,0.014999866485595703
2007-04-12,0.006187116686112937,-0.0019998550415039062
2007-04-13,0.0034819311653260243,0.024000167846679688
2007-04-16,0.01059854287315698,-0.026000022888183594
2007-04-17,0.0021430131114730244,-0.04699993133544922
2007-04-18,0.0006929527910060074,-0.034000396728515625
2007-04-19,-0.0012027736577708836,0.01600027084350586
2007-04-20,0.009218086660296443,0.0019998550415039062
2007-04-23,-0.0023066444703703226,-0.021999835968017578
2007-04-24,-0.0003512055496237565,-0.0279998779296875
2007-04-25,0.01008803370270872,0.023999691009521484
2007-04-26,-0.0007827245066183153,0.03800010681152344
2007-04-27,-0.00012050497563276252,0.01399993896484375
2007-04-30,-0.007861748709062866,-0.06799983978271484
2007-05-01,0.0026476879873138515,0.012000083923339844
2007-05-02,0.006451588538502584,0.0039997100830078125
2007-05-03,0.004315751619413,0.0279998779296875
2007-05-04,0.0021475870756333393,-0.03399991989135742
2007-05-07,0.002560437459192322,-0.0039997100830078125
2007-05-08,-0.001166651195633861,-0.0020003318786621094
2007-05-09,0.003218216510912697,0.034000396728515625
2007-05-10,-0.014054581884655803,-0.020000457763671875
2007-05-11,0.009595315462487264,0.02200031280517578
2007-05-14,-0.001794584178452574,0.019999980926513672
2007-05-15,-0.0013048345448343213,0.021999835968017578
2007-05-16,0.008589542804573469,-0.0039997100830078125
2007-05-17,-0.0009184441716891811,0.04799985885620117
2007-05-18,0.006588724214163122,0.04799985885620117
2007-05-21,0.0015420549373725834,-0.015999794006347656
2007-05-22,-0.0006427745534312024,0.0429997444152832
2007-05-23,-0.0012079608910857687,0.028000354766845703
2007-05-24,-0.009749940652955758,-0.0020003318786621094
2007-05-25,0.0054378686345302185,0.004000186920166016
2007-05-29,0.0015689722581671006,0.020999908447265625
2007-05-30,0.007951907673130698,-0.004000186920166016
2007-05-31,0.0002548407492426463,0.012000083923339844
2007-06-01,0.003730063260024785,0.06599998474121094
2007-06-04,0.0018468998282514804,-0.026999950408935547
2007-06-05,-0.0053614161226649415,0.04699993133544922
2007-06-06,-0.008903259242367234,-0.006000041961669922
2007-06-07,-0.017725961545528968,0.12900018692016602
2007-06-08,0.011306236827796745,0.01900005340576172
2007-06-11,0.0009612543562846909,0.01900005340576172
2007-06-12,-0.010739177694170543,0.11100006103515625
2007-06-13,0.015070095861530852,-0.048000335693359375
2007-06-14,0.004804742099216774,0.017000198364257812
2007-06-15,0.00650555553085308,-0.046000003814697266
2007-06-18,-0.0012141056212540136,-0.028999805450439453
2007-06-19,0.001729278410380175,-0.0560002326965332
2007-06-20,-0.013694428381801238,0.037000179290771484
2007-06-21,0.006161392441565994,0.039999961853027344
2007-06-22,-0.01297968982743214,-0.02500009536743164
2007-06-25,-0.0032130603124347346,-0.059999942779541016
2007-06-26,-0.0032434502628655437,0.02299976348876953
2007-06-27,0.008968996323784673,-0.03099966049194336
2007-06-28,-0.000418323007465915,0.04799985885620117
2007-06-29,-0.0015685867913806106,-0.08500003814697266
2007-07-02,0.010639364857749634,-0.034999847412109375
2007-07-03,0.003573857444480133,0.05200004577636719
2007-07-05,0.0003475294310435473,0.09399986267089844
2007-07-06,0.0032985507214169374,0.051000118255615234
2007-07-09,0.0009209018855544926,-0.03600025177001953
2007-07-10,-0.014287024725469166,-0.12099981307983398
2007-07-11,0.005705104242657022,0.04199981689453125
2007-07-12,0.018875707510562556,0.03600025177001953
2007-07-13,0.0030966084377510583,-0.009000301361083984
2007-07-16,-0.0019213166689402428,-0.06599998474121094
2007-07-17,-9.682461363347272e-05,0.037000179290771484
2007-07-18,-0.0020674598107692788,-0.06799983978271484
2007-07-19,0.004459094012305265,0.017999649047851562
2007-07-20,-0.012296153790126496,-0.07200002670288086
2007-07-23,0.004857468831634293,0.008000373840332031
2007-07-24,-0.02000316145961012,-0.020000457763671875
2007-07-25,0.004654761912206595,-0.039999961853027344
2007-07-26,-0.023615148318428147,-0.1269998550415039
2007-07-27,-0.016120829482687782,0.01100015640258789
2007-07-30,0.010201791310726627,0.015999794006347656
2007-07-31,-0.012727292908787824,-0.03299999237060547
2007-08-01,0.007216566833712967,-0.012000083923339844
2007-08-02,0.00434981680259483,-0.006000041961669922
2007-08-03,-0.026945788416662175,-0.05299997329711914
2007-08-06,0.023864080164867296,0.031000137329101562
2007-08-07,0.00614047465454437,0.012000083923339844
2007-08-08,0.013973752789071092,0.11700010299682617
2007-08-09,-0.030098066707581417,-0.07000017166137695
2007-08-10,0.0003784657249807921,-0.01399993896484375
2007-08-13,-0.0004954108659971368,0.0019998550415039062
2007-08-14,-0.01832339549898787,-0.046000003814697266
2007-08-15,-0.014005458249530811,-0.026000022888183594
2007-08-16,0.0032435209838830303,-0.10599994659423828
2007-08-17,0.02426956652251988,0.07299995422363281
2007-08-20,-0.00026968281529970994,-0.03900003433227539
2007-08-21,0.001085465275582287,-0.043999671936035156
2007-08-22,0.011644820880578166,0.029999732971191406
2007-08-23,-0.0010728917937870008,-0.0019998550415039062
2007-08-24,0.011469018050260793,0.014999866485595703
2007-08-27,-0.00853995191309842,-0.03699970245361328
2007-08-28,-0.023752942896165585,-0.06599998474121094
2007-08-29,0.021685050980904563,0.02299976348876953
2007-08-30,-0.004189774778312838,-0.051000118255615234
2007-08-31,0.011154303290853207,0.03500032424926758
2007-09-04,0.010413809077047809,0.020999908447265625
2007-09-05,-0.011567773631410816,-0.08500003814697266
2007-09-06,0.004242872517798091,0.026999950408935547
2007-09-07,-0.017053037079487687,-0.13199996948242188
2007-09-10,-0.0012736238921533527,-0.04400014877319336
2007-09-11,0.013540236395020777,0.039999961853027344
2007-09-12,4.76161521048013e-05,0.04400014877319336
2007-09-13,0.008384316153809301,0.07399988174438477
2007-09-14,0.00020217561760205172,-0.019999980926513672
2007-09-17,-0.005133568991712245,0.007999897003173828
2007-09-18,0.02878958164080636,0.010000228881835938
2007-09-19,0.00606795976423502,0.04400014877319336
2007-09-20,-0.0067459384752552864,0.14799976348876953
2007-09-21,0.004598464335745511,-0.039999961853027344
2007-09-24,-0.005270307770365967,-0.007999897003173828
2007-09-25,-0.0003426885186383899,-0.010000228881835938
2007-09-26,0.005396714632314392,0.006000041961669922
2007-09-27,0.0038994820691842236,-0.04699993133544922
2007-09-28,-0.0030279997338542586,0.006000041961669922
2007-10-01,0.013202159881824826,-0.021999835968017578
2007-10-02,-0.0002650794533760603,-0.028000354766845703
2007-10-03,-0.00456224853726539,0.014000415802001953
2007-10-04,0.0021087267359831685,-0.020000457763671875
2007-10-05,0.009514881229474526,0.11700010299682617
2007-10-08,-0.0032216979939061474,-0.0019998550415039062
2007-10-09,0.008063646659191015,0.013000011444091797
2007-10-10,-0.0017137979492956035,-0.004000186920166016
2007-10-11,-0.00517180929399963,0.012000083923339844
2007-10-12,0.004742959110705769,0.0279998779296875
2007-10-15,-0.008416732385427395,-0.01399993896484375
2007-10-16,-0.006594866980536018,-0.017999649047851562
2007-10-17,0.0017598467546102725,-0.10900020599365234
2007-10-18,-0.0007529463052931007,-0.043000221252441406
2007-10-19,-0.02594931140710255,-0.10199975967407227
2007-10-22,0.003791176519172268,-0.007999897003173828
2007-10-23,0.00876433943198407,0.012000083923339844
2007-10-24,-0.002444407502362189,-0.07400035858154297
2007-10-25,-0.0009767946012351203,0.021000385284423828
2007-10-26,0.013693456876032073,0.03699970245361328
2007-10-29,0.0037057710835721736,-0.006000041961669922
2007-10-30,-0.00648437228933485,0.0
2007-10-31,0.011920661356755069,0.09200000762939453
2007-11-01,-0.026778888689809044,-0.11399984359741211
2007-11-02,0.0008018866808869873,-0.07000017166137695
2007-11-05,-0.004967093437072023,0.026999950408935547
2007-11-06,0.011977204894451532,0.03900003433227539
2007-11-07,-0.02980972636157464,-0.02299976348876953
2007-11-08,-0.0005761784748674614,-0.06100034713745117
2007-11-09,-0.01439006181201119,-0.04799985885620117
2007-11-12,-0.010038452592368685,-0.01399993896484375
2007-11-13,0.02867778438776103,0.04500007629394531
2007-11-14,-0.007094477743350147,0.013000011444091797
2007-11-15,-0.013300488548972034,-0.1100001335144043
2007-11-16,0.005216680351984415,-0.008999824523925781
2007-11-19,-0.01761448208061811,-0.0710000991821289
2007-11-20,0.004476163998967664,-0.02500009536743164
2007-11-21,-0.01605507806431916,-0.029999732971191406
2007-11-23,0.016749426122977695,-0.012000083923339844
2007-11-26,-0.023512966551297865,-0.16500020027160645
2007-11-27,0.014819795556490156,0.0970001220703125
2007-11-28,0.0281596233998318,0.08100008964538574
2007-11-29,0.000476361425262084,-0.08500003814697266
2007-11-30,0.00774018490674333,0.031999826431274414
2007-12-03,-0.005904735888844215,-0.07699990272521973
2007-12-04,-0.006561737772241116,-0.006000041961669478
2007-12-05,0.0150759150455686,0.02200007438659579
2007-12-06,0.01492497250929059,0.086999893188477
2007-12-07,-0.0017795035510106416,0.12199997901916504
2007-12-10,0.007481894107170817,0.029000282287597656
2007-12-11,-0.02559587137042474,-0.15900015830993652
2007-12-12,0.006031879025493403,0.08600020408630371
2007-12-13,0.001223575520302056,0.09399986267089844
2007-12-14,-0.013841622651711738,0.06199979782104492
2007-12-17,-0.015134854466995584,-0.03900003433227539
2007-12-18,0.006260159463819193,-0.07299995422363281
2007-12-19,-0.0013617568126456092,-0.04999971389770508
2007-12-20,0.004888236191244566,-0.04400014877319336
2007-12-21,0.016532422665618718,0.1420001983642578
2007-12-24,0.008044560385114252,0.043999671936035156
2007-12-26,0.0008083090331476583,0.069000244140625
2007-12-27,-0.014385263354659727,-0.0820002555847168
2007-12-28,0.001502640562007329,-0.10299968719482422
2007-12-31,-0.006875168311073487,-0.06100034713745117
2008-01-02,-0.014543083003997204,-0.13399982452392534
2008-01-03,0.0,0.0
2008-01-04,-0.024857970223955306,-0.04699993133544966
2008-01-07,0.003218075231744777,-0.01500010490417436
2008-01-08,-0.018522757462586803,0.000999927520751065
2008-01-09,0.013532109841889017,-0.04900002479553178
2008-01-10,0.00791671189712595,0.09600019454956055
2008-01-11,-0.013688651328566337,-0.07700014114379883
2008-01-14,0.01081197664888034,-0.01699995994567871
2008-01-15,-0.025240900594804216,-0.09200000762939409
2008-01-16,-0.005627885721787962,0.010999917984008789
2008-01-17,-0.02952417654491235,-0.0719997882843022
2008-01-18,-0.006063769329588631,0.007999897003173828
2008-01-22,-0.011147057387661974,-0.1640000343322754
2008-01-23,0.02121552966457596,-0.05799984931945801
2008-01-24,0.010012438257545497,0.21399998664855957
2008-01-25,-0.015999239008266386,-0.0559999942779541
2008-01-28,0.01739613041048127,0.0019998550415039062
2008-01-29,0.006140880526634085,0.07200002670288086
2008-01-30,-0.004775378708849587,0.07500004768371626
2008-01-31,0.016633152629791148,-0.09400010108947754
2008-02-01,0.01216321916738039,-0.039000034332275835
2008-02-04,-0.010517990019449641,0.04299998283386186
2008-02-05,-0.03251847341534386,-0.05599999427795321
2008-02-06,-0.00765284938923827,0.027000188827514204
2008-02-07,0.007854842639588355,0.1219999790191646
2008-02-08,-0.0042125802217771735,-0.08200001716613725
2008-02-11,0.005871726706863534,-0.03600001335144043
2008-02-12,0.0072396273807111555,0.06099987030029297
2008-02-13,0.013512358038407335,0.015000104904174805
2008-02-14,-0.013512358038407335,0.12400007247924805
2008-02-15,0.0008373973796755863,-0.03800010681152344
2008-02-19,-0.0008966759003650182,0.09500002861022949
2008-02-20,0.008306277988261002,0.04200005531311035
2008-02-21,-0.012950864527482508,-0.13300013542175293
2008-02-22,0.007849720529112147,0.006000041961669922
2008-02-25,0.013718145806112858,0.11199998855590776
2008-02-26,0.006894091743070874,-0.04200005531310991
2008-02-27,-0.0009198674497632453,-0.00999999046325728
2008-02-28,-0.00898209299043451,-0.13499999046325684
2008-02-29,-0.027463395019370118,-0.18099999427795366
2008-03-03,0.0005334101903082811,0.0
2008-03-04,-0.003453585425228667,0.04500007629394531
2008-03-05,0.005224655309318038,0.11400008201599121
2008-03-06,-0.022259858524764198,-0.0710000991821289
2008-03-07,-0.008445928205016884,-0.08100008964538574
2008-03-10,-0.015584285792662023,-0.10299992561340332
2008-03-11,0.03645713261332961,0.15799999237060547
2008-03-12,-0.009036278359461747,-0.11299991607666016
2008-03-13,0.005113823424050423,0.05099987983703613
2008-03-14,-0.021002274391494602,-0.11299991607666016
