Date,^GSPC,^TNX
1962-01-03,0.002392825032566215,-0.029999732971191406
1962-01-04,-0.006912602476476515,-0.040000200271606445
1962-01-05,-0.013970230146346019,0.029999971389770508
1962-01-08,-0.007782153276818526,0.010000228881835938
1962-01-09,0.00043391594475483686,0.019999980926513672
1962-01-10,-0.0027514670977550892,0.019999980926513672
1962-01-11,0.005927923911206001,0.009999752044677734
1962-01-12,0.003453706958299385,0.0
1962-01-15,-0.002013221672285681,0.019999980926513672
1962-01-16,-0.0057745435939215994,0.03000020980834961
1962-01-17,-0.010917933669071012,-0.010000228881835938
1962-01-18,0.001024061171976065,-0.009999752044677734
1962-01-19,0.005250130361249106,0.0
1962-01-22,0.000872311187308128,-0.019999980926513672
1962-01-23,-0.007585691354528024,0.019999980926513672
1962-01-24,0.001609490557214599,-0.010000228881835938
1962-01-25,-0.0007313060912075287,0.010000228881835938
1962-01-26,-0.003223936373733416,0.0
1962-01-29,-0.003381547434640808,0.009999752044677734
1962-01-30,0.003968501477475073,-0.009999752044677734
1962-01-31,0.009780359631363034,-0.010000228881835938
1962-02-01,0.006082651671983186,-0.009999752044677734
1962-02-02,0.007909661192237571,-0.010000228881835938
1962-02-05,0.0010022149514377077,-0.009999752044677734
1962-02-06,0.0011441911023704066,-0.010000228881835938
1962-02-07,0.0065536506610328615,0.010000228881835938
1962-02-08,0.002269556465098077,0.0
1962-02-09,-0.0014178149325774214,-0.019999980926513672
1962-02-13,-0.00042583423089315176,-0.019999980926513672
1962-02-14,-0.0004259073016275039,0.0
1962-02-15,0.004533865854002173,-0.010000228881835938
1962-02-16,-0.0021227140502020347,0.0
1962-02-19,-0.0025530889865423845,-0.009999752044677734
1962-02-20,0.003544343215938106,0.039999961853027344
1962-02-21,-0.004823444721083092,-0.019999980926513672
1962-02-23,-0.0022778487766386135,-0.010000228881835938
1962-02-26,-0.005717590037174425,-0.019999980926513672
1962-02-27,0.001861758532712976,0.010000228881835938
1962-02-28,0.0010010683079544336,-0.010000228881835938
1962-03-01,0.003424630495469927,-0.019999980926513672
1962-03-02,-0.0005698672989629117,0.0
1962-03-05,-0.002140280758142765,0.019999980926513672
1962-03-06,-0.0032907012372929145,0.010000228881835938
1962-03-07,-0.0012905477822293676,-0.010000228881835938
1962-03-08,0.007149015042348772,-0.019999980926513672
1962-03-09,0.0032714021998421217,-0.019999980926513672
1962-03-12,-0.0002840028865804811,-0.019999980926513672
1962-03-13,0.002836838047767465,-0.019999980926513228
1962-03-14,0.004381396074193411,0.009999990463256392
1962-03-15,0.002113037275536911,0.029999971389770508
1962-03-16,-0.0016900724753492469,0.0
1962-03-19,-0.0012695391606252215,-0.029999971389770508
1962-03-20,-0.002685250841746978,-0.019999980926513228
1962-03-21,-0.0021251197303966407,-0.050000190734863725
1962-03-22,-0.0015612891893796998,-0.029999971389770952
1962-03-23,0.000709910188207985,0.03999996185302779
1962-03-26,-0.007980626270614799,0.020000219345092773
1962-03-27,-0.002722294773715994,0.00999999046325728
1962-03-28,0.004866246506852967,0.0
1962-03-29,-0.0004284009868182892,0.0
1962-03-30,-0.006592157254257103,-0.04000020027160689
1962-04-02,-0.0025914252576333396,0.0
1962-04-03,-0.008105489256445608,-0.029999971389770952
1962-04-04,-0.004661329714575224,-0.049999952316283736
1962-04-05,0.006113640493067507,0.05999994277954057
1962-04-06,-0.0010164403665493538,-0.029999971389770064
1962-04-09,-0.00772878514227493,0.019999980926513228
1962-04-10,0.0036531056760908953,0.0
1962-04-11,-0.0021901723750579194,0.03999996185302779
1962-04-12,-0.007483009267596152,-0.009999990463256836
1962-04-13,0.0,-0.00999999046325728
1962-04-16,-0.004428096560348926,-0.019999980926513672
1962-04-17,0.004428096560348926,-0.009999990463256392
1962-04-18,0.005434325221663094,-0.009999990463256836
1962-04-19,0.004676315861170011,0.009999990463256836
1962-04-23,-0.0008751103348769718,0.039999961853027344
1962-04-24,-0.0010219680561824873,0.009999990463256836
1962-04-25,-0.011015753752615431,0.010000228881835938
1962-04-26,-0.009795210733907211,0.009999990463256836
1962-04-27,-0.01124871202099964,-0.03000020980834961
1962-04-30,-0.016117198212715067,0.0
1962-05-01,0.007026134032042997,-0.00999999046325728
1962-05-02,0.004404303982623148,0.00999999046325728
1962-05-03,0.008149772382338938,0.0
1962-05-04,-0.004368477578487351,0.009999990463256836
1962-05-07,-0.0033268022493242455,-0.009999990463256836
1962-05-08,-0.012958463330123848,-0.00999999046325728
1962-05-09,-0.01406182531643907,-0.029999971389770064
1962-05-10,-0.010795730783568658,0.009999990463256392
1962-05-11,-0.014577950450005872,-0.009999990463256392
1962-05-14,0.007157039667564646,0.029999971389770064
1962-05-15,0.01868336702893192,0.019999980926514116
1962-05-16,-0.00031120524272409966,-0.009999990463256836
1962-05-17,-0.005304167599230247,0.009999990463256836
1962-05-18,-0.0017221234839510657,0.06000018119812012
1962-05-21,-0.00361038838940253,0.009999990463256836
1962-05-22,-0.019852950892011556,-0.009999990463256836
1962-05-23,-0.019927747892286796,-0.019999980926513228
1962-05-24,-0.008050674884768405,-0.009999990463256836
1962-05-25,-0.019152849764937585,-0.019999980926514116
1962-05-28,-0.06908898349248194,-0.010000228881835938
1962-05-29,0.04543838129057498,0.020000219345092773
1962-05-31,0.026337419004430984,0.00999999046325728
1962-06-01,-0.004201333723986345,-0.00999999046325728
1962-06-04,-0.0361805529245629,-0.009999990463256836
1962-06-05,0.005224658987921238,0.009999990463256836
1962-06-06,0.014143038455664225,0.0
1962-06-07,0.0001712841198138193,-0.020000219345092773
1962-06-08,0.0008557850086887697,-0.009999990463256836
1962-06-11,-0.010836969660764417,0.009999990463256836
1962-06-12,-0.025929966153602102,-0.009999990463256836
1962-06-13,-0.01502174440417825,0.009999990463256836
1962-06-14,-0.021306426486496832,0.030000209808350053
1962-06-15,0.028308868095129114,-0.00999999046325728
1962-06-18,-0.0026874101947900186,0.019999980926514116
1962-06-19,-0.0035945538034694025,0.019999980926513228
1962-06-20,-0.013778356811566361,-0.009999990463256392
1962-06-21,-0.021962655197115932,-0.019999980926513672
1962-06-22,-0.017126603685988506,0.0
1962-06-25,-0.004375533279751043,0.049999952316283736
1962-06-26,-0.0024816480722669176,0.019999980926513672
1962-06-27,0.005337389418486271,-0.009999990463256836
1962-06-28,0.0338318669588662,0.019999980926513672
1962-06-29,0.006229411003185081,0.019999980926513672
1962-07-02,0.020071202746871464,0.0
1962-07-03,0.011215089606324113,0.0
1962-07-05,0.005648729692632415,0.0
1962-07-06,-0.011329616796542652,0.019999980926513672
1962-07-09,0.006742415124819878,0.03000020980834961
1962-07-10,0.011428722653138657,-0.03000020980834961
1962-07-11,0.009223049419598617,-0.029999971389770508
1962-07-12,0.0051831360233389745,0.009999990463256836
1962-07-13,-0.0034523933339523083,0.0
1962-07-16,0.0,0.010000228881835938
1962-07-17,-0.018323574286836397,0.019999980926513672
1962-07-18,-0.010267359070922133,-0.010000228881835938
1962-07-19,0.003906902644768451,0.0
1962-07-20,0.0068887176225889135,-0.009999752044677734
1962-07-23,-0.0001760784473647803,-0.010000228881835938
1962-07-24,-0.007776614435076823,0.010000228881835938
1962-07-25,0.0017727087498426997,0.009999752044677734
1962-07-26,0.0054756186362743264,-0.009999752044677734
1962-07-27,0.00754588647774046,0.009999752044677734
1962-07-30,0.010953792108985283,0.010000228881835938
1962-07-31,0.006892974154886211,0.009999752044677734
1962-08-01,-0.008277328585822197,-0.009999752044677734
1962-08-02,0.003974766196406243,-0.03000020980834961
1962-08-03,0.0024117047260157065,0.010000228881835938
1962-08-06,-0.00638647092242195,0.0
1962-08-07,-0.006776142469821167,0.009999752044677734
1962-08-08,0.0026116096079293882,-0.009999752044677734
1962-08-09,0.0010427768467549114,-0.020000219345092773
1962-08-10,-0.00034747147585889593,0.0
1962-08-13,0.0013891620716810493,0.0
1962-08-14,0.010700808463221634,-0.009999990463256836
1962-08-15,0.007013968502269208,0.0
1962-08-16,-0.00034101377813477995,-0.019999980926513672
1962-08-17,0.006289845455363263,0.0
1962-08-20,0.006082137666451715,-0.019999980926513672
1962-08-21,-0.00421977171871557,0.0
1962-08-22,0.011101877862822462,0.009999990463256836
1962-08-23,-0.0013391032577549922,0.0
1962-08-24,-0.002012055160268922,0.0
1962-08-27,-0.0005036950282795161,0.0
1962-08-28,-0.012844495002558354,0.009999990463256836
1962-08-29,-0.002213727038925306,0.0
1962-08-30,0.0003408975273790915,-0.009999990463256836
1962-08-31,0.007470300097585536,0.009999990463256836
1962-09-04,-0.009517365468980188,0.0
1962-09-05,-0.007542072779738618,0.009999990463256836
1962-09-06,0.00412091378864865,0.019999980926513672
1962-09-07,0.0003426496089051767,0.020000219345092773
1962-09-10,0.0011983172490541705,-0.010000228881835938
1962-09-11,0.0023923351900974055,0.0
1962-09-12,0.00425786216547408,0.0
1962-09-13,-0.0023821584951893016,-0.009999990463256836
1962-09-14,0.0032315467608992066,0.0
1962-09-17,0.00322120206376475,0.0
1962-09-18,-0.0008467200827499965,-0.009999990463256836
1962-09-19,-0.0013561286477044021,0.009999990463256836
1962-09-20,-0.006979343022439188,-0.009999990463256836
1962-09-21,-0.014626472438950877,0.0
1962-09-24,-0.018544925477124607,-0.009999990463256836
1962-09-25,0.0058103520435475176,-0.009999990463256836
1962-09-26,-0.014322542671059146,-0.009999990463256836
1962-09-27,-0.006790609749973697,0.0
1962-09-28,0.00892544297079123,-0.009999990463256836
1962-10-01,-0.013958686994412162,-0.009999990463256836
1962-10-02,0.010932930743479119,-0.009999990463256392
1962-10-03,0.0010689716711516084,-0.019999980926513672
1962-10-04,0.009569467188893732,0.0
1962-10-05,0.006504355011793805,0.019999980926513672
1962-10-08,0.0,0.009999990463256392
1962-10-09,0.002275332522631679,0.019999980926513672
1962-10-10,0.0006990722877153743,-0.019999980926513672
1962-10-11,-0.0033249210766568282,0.009999990463256836
1962-10-15,0.003848871463932646,0.0
1962-10-16,-0.003323109711466543,0.0
1962-10-17,-0.00333425665344933,0.0
1962-10-18,-0.009714802877362594,-0.019999980926513228
1962-10-19,-0.013401433446308175,-0.03999996185302779
1962-10-22,-0.011397700454231163,0.029999971389770952
1962-10-23,-0.02711087933379286,0.029999971389770064
1962-10-24,0.031649327791082094,0.0
1962-10-25,-0.009463227465094981,0.0
1962-10-26,-0.0027464580444327424,-0.009999990463256836
1962-10-29,0.021404776615624677,-0.009999990463256392
1962-10-30,0.01460919763859092,0.0
1962-10-31,-0.00035380254253336574,0.0
1962-11-01,0.010559733416361183,0.0
1962-11-02,0.010969050070070985,-0.009999990463256836
1962-11-05,0.010335983180208785,0.0
1962-11-07,0.006150721899921052,0.0
1962-11-08,-0.006664972014410964,-0.009999990463256836
1962-11-09,0.007856557755827609,-0.00999999046325728
1962-11-13,0.011502161949136003,0.00999999046325728
1962-11-14,0.011703874932631031,0.009999990463256836
1962-11-15,-0.003163219569568554,0.0
1962-11-16,0.003163219569568554,0.019999980926513228
1962-11-19,-0.005667629004982189,0.0
1962-11-20,0.010476541581566856,0.0
1962-11-21,0.005937682033525071,-0.009999990463256392
1962-11-23,0.01193311305551692,0.0
1962-11-26,-0.002929217764783054,0.009999990463256392
1962-11-27,0.0060118619841649235,-0.009999990463256392
1962-11-28,0.006297952095875026,0.0
1962-11-29,0.0046575354149238635,0.0
1962-11-30,-0.0024063784465537807,0.0
1962-12-03,-0.005152985680725308,0.009999990463256392
1962-12-04,0.011237889565003378,0.009999990463256836
1962-12-05,-0.003999045598896522,-0.009999990463256836
1962-12-06,0.008618006048438431,-0.009999990463256392
1962-12-07,0.0020636735061536626,-0.009999990463256836
1962-12-10,-0.012606899658812232,-0.009999990463256836
1962-12-11,0.0008026204299449446,-0.00999999046325728
1962-12-12,0.004962016926115531,-0.009999990463256836
1962-12-13,-0.0033587060834827653,0.0
1962-12-14,0.0024002176247126528,-0.010000228881835938
1962-12-17,-0.0032015517203562993,-0.019999980926514116
1962-12-18,-0.004821597903643671,-0.019999980926513672
1962-12-19,0.008182991991236399,0.009999990463256836
1962-12-20,0.0038277217524020912,-0.009999990463256836
1962-12-21,-0.0028694473138122234,-0.019999980926513228
1962-12-24,-0.00015962834705618434,-0.019999980926513672
1962-12-26,0.006207730001220213,0.0
1962-12-27,-0.0014291412046221197,0.019999980926513672
1962-12-28,0.0004765871794445431,0.029999971389770064
1962-12-31,0.002221155797515806,0.009999990463256836
1963-01-02,-0.006518821985435963,-0.029999971389770064
1963-01-03,0.01629658081933183,-0.009999990463256836
1963-01-04,0.006413726133274622,0.029999971389770064
1963-01-07,-0.00015585975604182067,-0.009999990463256836
1963-01-08,0.009622844924646046,-0.019999980926513228
1963-01-09,-0.002319672154421859,0.009999990463256836
1963-01-10,0.0018561915744124136,-0.009999990463256836
1963-01-11,0.0021611523120776965,-0.009999990463256836
1963-01-14,0.005382534893411339,0.009999990463256836
1963-01-15,-0.0013812655035740917,-0.009999990463256836
1963-01-16,-0.006780769478249127,0.0
1963-01-17,0.007087843242860714,0.019999980926513672
1963-01-18,0.0007674477039190108,0.019999980926513228
1963-01-21,0.0015330138648934621,0.009999990463256836
1963-01-22,0.002448037645688572,0.00999999046325728
1963-01-23,0.0027468397867789207,0.0
1963-01-24,0.001979101669051353,0.0
1963-01-25,0.0025821867664204134,-0.00999999046325728
1963-01-28,0.004842620002853515,0.00999999046325728
1963-01-29,-0.00015089464426409904,0.0
1963-01-30,-0.005754178165634727,0.0
1963-01-31,0.00530101182665188,0.009999990463256836
1963-02-01,0.001660261718804179,0.010000228881835938
1963-02-04,-0.002113518210713927,0.009999990463256836
1963-02-05,-0.000907129774140536,0.00999999046325728
1963-02-06,0.004377048884641077,0.009999990463256836
1963-02-07,-0.003469919110500541,0.0
1963-02-08,0.0,0.0
1963-02-11,-0.0062153771188109275,0.009999990463256836
1963-02-13,0.005913130394736399,0.0
1963-02-14,0.003018824152878352,-0.009999990463256836
1963-02-15,0.0009039649157704943,0.0
1963-02-18,0.001654901163132827,0.0
1963-02-19,-0.004822187015797397,0.019999980926513228
1963-02-20,-0.005604727549219035,0.009999990463256836
1963-02-21,0.001366168529612466,0.009999990463256836
1963-02-25,-0.007002602737317787,0.0
1963-02-26,0.0001527860112515711,0.0
1963-02-27,-0.007050904021822291,0.0
1963-02-28,-0.011137024682223107,-0.009999990463256836
1963-03-01,-0.0029597722722218833,-0.009999990463256836
1963-03-04,0.009625951489572238,-0.009999990463256392
1963-03-05,0.00030892388949244065,0.0
1963-03-06,0.001697671732068251,-0.009999990463256836
1963-03-07,0.006302436666227429,0.009999990463256836
1963-03-08,0.0010720529811143464,0.0
1963-03-11,0.002751458472576296,0.0
1963-03-12,0.0024393369672024434,0.0
1963-03-13,0.0036480583066849093,0.0
1963-03-14,-0.0047145579372056545,0.0
1963-03-15,0.005017905064299555,0.0
1963-03-18,-0.004865445094485388,0.0
1963-03-19,-0.002136091561279585,0.0
1963-03-20,0.007304791791283627,0.0
1963-03-21,-0.0015174278722627221,0.0
1963-03-22,0.005150025998402086,0.009999990463256392
1963-03-25,0.0003020640934741081,0.009999990463256836
1963-03-26,0.0028655843533664793,0.019999980926513672
1963-03-27,0.004207982996822679,0.0
1963-03-28,-0.0015008028108631777,0.0
1963-03-29,-0.0001502386201233108,-0.009999990463256836
1963-04-01,0.004197259694210587,0.0
1963-04-02,-0.0001496317845361972,0.009999990463256836
1963-04-03,0.007749730057107662,0.0
1963-04-04,0.007247984796764584,-0.009999990463256836
1963-04-05,0.006317516256463485,0.0
1963-04-08,0.0035087444155541547,0.019999980926513672
1963-04-09,-0.001022117313187465,0.009999990463256836
1963-04-10,-0.002340150771243721,0.019999980926513672
1963-04-11,0.007004198138358397,0.0
1963-04-15,0.00464239497797081,0.010000228881835938
1963-04-16,0.0007234761699246306,-0.010000228881835938
1963-04-17,-0.003187040573814137,0.0
1963-04-18,-0.0004353643465950796,-0.009999990463256836
1963-04-19,0.0049233224342071225,-0.019999980926513672
1963-04-22,0.0010106070532529543,0.0
1963-04-23,0.0033133463216650227,0.0
1963-04-24,0.0027289416060396476,-0.009999990463256836
1963-04-25,0.0005735720628230467,-0.009999990463256836
1963-04-26,-0.0008605362410030182,0.0
1963-04-29,-0.000717551848667064,0.0
1963-04-30,0.002151331356160746,0.0
1963-05-01,0.0024325427141143052,-0.009999990463256836
1963-05-02,0.002854246965746654,0.0
1963-05-03,-0.0019971389333646172,-0.009999990463256836
1963-05-06,-0.0071654076818497,-0.009999990463256392
1963-05-07,-0.0012951910438365744,-0.009999990463256836
1963-05-08,0.008175013991730928,0.009999990463256836
1963-05-09,0.004844642368252217,0.009999990463256392
1963-05-10,0.0024135480565163903,0.0
1963-05-13,-0.0005672806695793398,-0.009999990463256392
1963-05-14,-0.0038382912681997894,-0.009999990463256836
1963-05-15,0.003128575101040809,0.0
1963-05-16,-0.0025590048764998485,-0.009999990463256836
1963-05-17,0.0005692459989594667,0.019999980926513672
1963-05-20,-0.004705917148854155,0.009999990463256392
1963-05-21,0.002569598946166707,-0.009999990463256392
1963-05-22,0.0,0.0
1963-05-23,-0.0005704637367571763,0.009999990463256392
1963-05-24,-0.001141904689347939,0.019999980926513672
1963-05-27,-0.0021444557097733963,0.0
1963-05-28,0.002001707628076055,0.009999990463256836
1963-05-29,0.0045603568527878835,0.0
1963-05-31,0.006660567448483867,0.0
1963-06-03,-0.0015548890839367502,0.019999980926513672
1963-06-04,0.00014137501797506502,0.0
1963-06-05,-0.0024073958251200622,0.0
1963-06-06,0.0007087102775766851,0.009999990463256836
1963-06-07,-0.0024114936478403237,0.0
1963-06-10,-0.0066975839998697495,0.0
1963-06-11,0.001285937693898731,-0.009999990463256836
1963-06-12,0.0054116463059710185,0.009999990463256836
1963-06-13,-0.0025597325721840036,0.0
1963-06-14,0.00028469024378807717,0.0
1963-06-17,-0.0042796507300693065,0.009999990463256836
1963-06-18,0.0010002101002362096,0.0
1963-06-19,0.0009992106795380096,0.0
1963-06-20,-0.001141958761235351,0.0
1963-06-21,0.0034221887115304384,0.0
1963-06-24,-0.0007120406544247615,0.0
1963-06-25,-0.0022817470702873877,0.0
1963-06-26,-0.009035518377108254,0.0
1963-06-27,-0.004910523429508373,0.0
1963-06-28,0.004334058307907895,0.0
1963-07-01,-0.007379070216398276,0.010000228881835938
1963-07-02,0.008675567361250636,0.019999980926513672
1963-07-03,0.006886732407094698,0.0
1963-07-05,0.003995421581884706,0.009999752044677734
1963-07-08,-0.00685917750811349,0.010000228881835938
1963-07-09,0.004292509872990458,-0.010000228881835938
1963-07-10,-0.002143951733136973,-0.009999752044677734
1963-07-11,-0.001861758532712976,0.009999752044677734
1963-07-12,-0.00172170408768757,-0.009999752044677734
1963-07-15,-0.006338287612529747,-0.010000228881835938
1963-07-16,-0.0008673928573612599,0.0
1963-07-17,-0.00304192434082573,0.010000228881835938
1963-07-18,-0.006403783305475308,-0.010000228881835938
1963-07-19,-0.002046177173945729,0.0
1963-07-22,-0.006605483808374224,0.0
1963-07-23,0.00014729601452678764,0.0
1963-07-24,0.005433526996717397,-0.009999752044677734
1963-07-25,-0.0002929052742830507,0.0
1963-07-26,0.0040935550299705525,-0.020000219345092773
1963-07-29,0.0018948661640081355,0.0
1963-07-30,0.008266303487425297,0.009999990463256836
1963-07-31,-0.001589949228967491,0.0
1963-08-01,-0.0008682715439647382,-0.009999990463256836
1963-08-02,0.003324471550238961,0.0
1963-08-05,0.005898816132170026,0.0
1963-08-06,0.006577076804709314,0.009999990463256836
1963-08-07,-0.0029972061056842136,0.010000228881835938
1963-08-08,0.0008572305200615915,-0.010000228881835938
1963-08-09,0.006548161673491926,0.0
1963-08-12,0.0015594102712794822,0.010000228881835938
1963-08-13,0.0028293211903074322,0.009999752044677734
1963-08-14,0.003947541825685796,0.0
1963-08-15,0.004352377038912891,-0.009999752044677734
1963-08-16,0.0015398703135316438,-0.010000228881835938
1963-08-19,-0.0006995791547685926,-0.009999990463256836
1963-08-20,-0.0008402911587630513,0.0
1963-08-21,-0.0012616016118656148,0.009999990463256836
1963-08-22,0.003500668656456263,0.0
1963-08-23,0.0030705008913471943,0.0
1963-08-26,0.0020881405210513293,0.0
1963-08-27,-0.005438304112422188,0.0
1963-08-28,0.007244449088085858,0.0
1963-08-29,0.0016643934878670663,0.010000228881835938
1963-08-30,0.0047006353564089665,0.009999752044677734
1963-09-03,0.0022045153330498835,0.010000228881835938
1963-09-04,-0.00027535130305800237,0.009999752044677734
1963-09-05,0.004943715257770265,0.039999961853027344
1963-09-06,-0.002194236565061125,0.010000228881835938
1963-09-09,-0.003575777570317129,0.0
1963-09-10,0.005632989183087744,0.0
1963-09-11,0.0028729630804837925,0.0
1963-09-12,-0.0006832309508624235,0.0
1963-09-13,0.00027332754555242644,0.0
1963-09-16,-0.0013675942446331746,0.0
1963-09-17,0.0006840830819170307,0.0
1963-09-18,-0.004385967586168604,-0.010000228881835938
1963-09-19,0.00575262724141723,0.0
1963-09-20,0.0010920261626017336,-0.009999752044677734
1963-09-23,-0.004649317308678569,0.0
1963-09-24,0.004649317308678569,0.009999752044677734
1963-09-25,-0.0056092035058847856,0.0
1963-09-26,-0.008542388175525772,0.0
1963-09-27,-0.0019390504076373105,-0.009999752044677734
1963-09-30,-0.00597930339465691,0.0
1963-10-01,0.007226327709171088,0.0
1963-10-02,0.0011071386224950075,0.0
1963-10-03,0.007303811996942855,0.0
1963-10-04,0.00027452832441188235,0.009999752044677734
1963-10-07,-0.0020611691336629434,0.0
1963-10-08,-0.0013764417489268155,0.010000228881835938
1963-10-09,-0.010105931116810574,0.009999752044677734
1963-10-10,0.004581033934341505,0.0
1963-10-11,0.0009690552143322151,0.0
1963-10-14,0.00041511252937187493,0.0
1963-10-15,0.0013821490929766256,0.010000228881835938
1963-10-16,0.007842094039017589,0.0
1963-10-17,0.003966372003879393,0.009999752044677734
1963-10-18,0.0008186322990164641,0.0
1963-10-21,0.0008179626883029201,0.0
1963-10-22,-0.005740048279832877,-0.009999752044677734
1963-10-23,0.0005481079306610681,0.009999752044677734
1963-10-24,0.0038282625594172615,-0.009999752044677734
1963-10-25,0.009912544365644926,0.009999752044677734
1963-10-28,0.006330429966968865,0.0
1963-10-29,-0.0002686218914105254,0.010000228881835938
1963-10-30,-0.008903283190853983,0.009999752044677734
1963-10-31,0.002841475115295644,0.010000228881835938
1963-11-01,-0.002435070201421752,0.0
1963-11-04,-0.005160316800925102,0.0
1963-11-06,-0.008751586195681504,0.019999980926513672
1963-11-07,0.0034277130752551344,0.0
1963-11-08,0.004097848317480057,-0.010000228881835938
1963-11-12,-0.001773617354221102,0.0
1963-11-13,0.0008189675156655696,-0.009999752044677734
1963-11-14,-0.004649953294364906,-0.03000020980834961
1963-11-15,-0.008258801147987604,-0.009999752044677734
1963-11-18,-0.007213190409038894,0.0
1963-11-19,0.0009740443710253288,-0.010000228881835938
1963-11-20,0.009137486210918588,-0.009999752044677734
1963-11-21,-0.013039369240498644,0.009999752044677734
1963-11-22,-0.028466158970924305,-0.009999752044677734
1963-11-26,0.03902173624016303,-0.010000228881835938
1963-11-27,-0.0017976531963554976,0.0
1963-11-29,0.013472891921397334,0.0
1963-12-02,0.0058547418193706235,0.010000228881835938
1963-12-03,-0.0005431954748820189,0.009999752044677734
1963-12-04,0.00244200769973002,0.0
1963-12-05,0.00648294709254138,0.010000228881835938
1963-12-06,-0.0037766268465286856,0.0
1963-12-09,-0.000540699063928507,-0.010000228881835938
1963-12-10,0.00040552592533682486,0.0
1963-12-11,-0.0012170714635351132,0.019999980926513672
1963-12-12,0.00013533774297691537,0.0
1963-12-13,0.002027356175197781,0.010000228881835938
1963-12-16,0.0032354502769509352,0.019999980926513672
1963-12-17,0.005904402678011067,0.0
1963-12-18,-0.0014728611345384834,0.0
1963-12-19,-0.0030865719924708657,-0.010000228881835938
1963-12-20,-0.0016142422974718684,0.010000228881835938
1963-12-23,-0.006347529345641867,0.0
1963-12-24,0.0021654313973975547,0.0
1963-12-26,0.004720468296888214,0.0
1963-12-27,0.0016133741716739536,0.0
1963-12-30,0.0016106730621361365,-0.010000228881835938
1963-12-31,0.006150562273405491,0.0
1964-01-02,0.005450378004795198,0.0
1964-01-03,0.0009275783436253349,0.010000228881835938
1964-01-06,0.002249100253556513,0.009999752044677734
1964-01-07,0.00026432706787460347,-0.009999752044677734
1964-01-08,0.00408725670992105,0.029999732971191406
1964-01-09,0.0036774244429622627,0.0
1964-01-10,-0.0005245334031593885,0.0
1964-01-13,-0.0002623198648974423,0.0
1964-01-14,0.0018350953893904176,0.0
1964-01-15,0.003660118848101135,0.0
1964-01-16,-0.0011749637288334114,-0.009999752044677734
1964-01-17,0.0001305532860076397,0.0
1964-01-20,-0.001961089669332061,-0.010000228881835938
1964-01-21,0.0027445495327347302,0.0
1964-01-22,0.0053367653984564,0.0
1964-01-23,0.0007785824490706972,0.0
1964-01-24,0.0002594587933728576,0.019999980926513672
1964-01-27,-0.00038911445878930806,0.0
1964-01-28,0.0002593934769610229,-0.009999752044677734
1964-01-29,-0.006114651638188917,0.0
1964-01-30,0.0009130594447848139,-0.010000228881835938
1964-01-31,0.0044231107886893994,-0.009999752044677734
1964-02-03,-0.0009090279679693225,0.0
1964-02-04,-0.0011700224692292593,0.0
1964-02-05,-0.0016923424691563937,0.0
1964-02-06,0.0023425349704648823,-0.010000228881835938
1964-02-07,0.003244438625779722,0.0
1964-02-10,-0.0016857586899279298,0.0
1964-02-11,0.003627400925772406,0.0
1964-02-13,0.0024539219790167266,-0.009999752044677734
1964-02-14,-0.0005160424131656072,0.0
1964-02-17,-0.0002582195979972113,0.0
1964-02-18,0.00012911813366844882,0.009999752044677734
1964-02-19,0.0010321485737607716,0.0
1964-02-20,0.00090223235105924,0.0
1964-02-24,0.0007726665859584259,0.010000228881835938
1964-02-25,0.0,0.0
1964-02-26,0.0024429769485729835,0.0
1964-02-27,-0.0032156435345314094,0.019999980926513672
1964-02-28,0.002316309084285706,0.009999752044677734
1964-03-02,0.002182682567545946,-0.009999752044677734
1964-03-03,0.0032012319558205604,0.009999752044677734
1964-03-04,-0.0019195287101929637,0.010000228881835938
1964-03-05,-0.0001281257467509178,0.0
1964-03-06,0.0031975471102239084,0.0
1964-03-09,0.0002554171686375284,0.009999752044677734
1964-03-10,0.003313723525123713,0.0
1964-03-11,0.004570283766907934,0.010000228881835938
1964-03-12,0.0016453194095360502,0.0
1964-03-13,0.000758406788100352,0.009999752044677734
1964-03-16,0.0,-0.009999752044677734
1964-03-17,0.00227187155921893,0.009999752044677734
1964-03-18,0.0007561129502953179,0.010000228881835938
1964-03-19,-0.001008245629983584,0.009999752044677734
1964-03-20,-0.0048035091714950795,0.010000228881835938
1964-03-23,0.00012672963370974344,0.0
1964-03-24,-0.0017752907092827286,0.010000228881835938
1964-03-25,0.0024086014846540493,0.0
1964-03-26,0.002655360689956865,-0.010000228881835938
1964-03-30,-0.0006316308070735133,0.0
1964-03-31,-0.0020237298828833516,-0.019999980926513672
1964-04-01,0.003286496509265824,0.0
1964-04-02,0.0057883526342479286,0.009999752044677734
1964-04-03,0.0030068363180539848,0.010000228881835938
1964-04-06,0.0010001776542454266,0.0
1964-04-07,-0.0035052463146456603,0.0
1964-04-08,0.00012542650169322656,-0.03000020980834961
1964-04-09,-0.0006271941593469776,0.0
1964-04-10,0.0018803080460987331,0.0
1964-04-13,-0.001002403711325428,0.010000228881835938
1964-04-14,0.002754148314131122,0.009999752044677734
1964-04-15,0.0012493564561522064,-0.009999752044677734
1964-04-16,0.001372520209962147,0.0
1964-04-17,0.004354670688860196,0.009999752044677734
1964-04-20,-0.0006209630849678405,0.0
1964-04-21,0.0004967823661523596,-0.009999752044677734
1964-04-22,-0.0006210402253490344,0.0
1964-04-23,-0.0013675717142342947,0.0
1964-04-24,-0.007868613186133189,0.0
1964-04-27,-0.00502831392226355,0.0
1964-04-28,0.006907444126897033,0.0
1964-04-29,-0.002506324363980461,-0.010000228881835938
1964-04-30,-0.0030158086410185803,0.0
1964-05-01,0.008895618350623025,0.0
1964-05-04,0.0037351021124978345,0.0
1964-05-05,0.005082081425777041,0.0
1964-05-06,0.0022230503281681635,0.0
1964-05-07,0.001109721682136744,0.0
1964-05-08,-0.0018501580913516946,-0.019999980926513672
1964-05-11,-0.0012353117466963326,-0.009999752044677734
1964-05-12,0.0032087171539672,0.0
1964-05-13,-0.0023438293056941006,0.0
1964-05-14,-0.001359459013140274,0.0
1964-05-15,0.002963670545708119,0.0
1964-05-18,-0.004696551138545502,0.0
1964-05-19,-0.005216732210866937,0.0
1964-05-20,0.004473175889851966,0.009999752044677734
1964-05-21,0.0034653347638569088,0.0
1964-05-22,-0.002597874621725005,0.0
1964-05-25,-0.002108076884288934,-0.009999752044677734
1964-05-26,-0.0021124353573780397,0.0
1964-05-27,-0.0016183912923404264,0.009999752044677734
1964-05-28,0.0013696149436981386,-0.009999752044677734
1964-06-01,-0.003240308552902249,0.0
1964-06-02,-0.005131150340337065,0.0
1964-06-03,-0.00263834679478947,0.0
1964-06-04,-0.010369335644798916,0.0
1964-06-05,0.004439077435150374,-0.010000228881835938
1964-06-08,-0.0048204744235951225,0.0
1964-06-09,0.006337960167402734,-0.009999752044677734
1964-06-10,0.0037836222246472317,0.0
1964-06-11,0.0036439181485494743,0.009999752044677734
1964-06-12,-0.001631894937168532,0.0
1964-06-15,0.00463750592730694,0.0
1964-06-16,0.0053626155552022325,0.0
1964-06-17,0.005086494870157665,0.0
1964-06-18,-0.00024748320986756056,-0.009999752044677734
1964-06-19,0.0012369926606066173,-0.010000228881835938
1964-06-22,0.0027160661228284866,-0.009999752044677734
1964-06-23,-0.0042006977146735736,0.0
1964-06-24,0.003584023189088903,0.0
1964-06-25,0.001848789939086437,0.0
1964-06-26,0.0030737099605451235,0.0
1964-06-29,0.0022072394842247434,0.0
1964-06-30,0.0006122947744984231,0.0
1964-07-01,0.007074855136968594,0.0
1964-07-02,0.004003181676844214,0.0
1964-07-06,0.004589993305630813,0.009999752044677734
1964-07-07,0.001685724475095185,-0.009999752044677734
1964-07-08,0.0,0.0
1964-07-09,0.0012023383886337058,0.029999732971191406
1964-07-10,0.001680867103750927,0.010000228881835938
1964-07-13,-0.000600024645195596,0.0
1964-07-14,-0.0030053518724146855,0.0
1964-07-15,0.0033653732431870864,0.0
1964-07-16,0.0035932852105595714,0.0
1964-07-17,0.004413997541974801,0.009999752044677734
1964-07-20,-0.00321912972432159,0.010000228881835938
1964-07-21,-0.0023911650525434425,-0.010000228881835938
1964-07-22,-0.00023948608702095697,0.010000228881835938
1964-07-23,-0.00047896151972892653,-0.010000228881835938
1964-07-24,-0.00023965822767646472,0.0
1964-07-27,-0.004563443146183843,0.0
1964-07-28,-0.002772295592364138,0.0
1964-07-29,0.0008445400301910766,0.0
1964-07-30,0.0020480481174853793,-0.009999752044677734
1964-07-31,0.0010826243807455782,0.0
1964-08-03,-0.0021663301870278318,0.0
1964-08-04,-0.01260929559631574,0.0
1964-08-05,0.0015848495489843017,0.0
1964-08-06,-0.009178306292433547,-0.010000228881835938
1964-08-07,0.006372623063465532,0.010000228881835938
1964-08-10,-0.000977778510473648,0.0
1964-08-11,-0.00024454742636770277,0.009999752044677734
1964-08-12,0.005002097075901268,0.0
1964-08-13,0.002916583553614238,-0.009999752044677734
1964-08-14,-0.0007283951185153015,0.0
1964-08-17,0.00012145147590736372,0.0
1964-08-18,0.00048556586300829707,0.0
1964-08-19,-0.000971367614767793,0.0
1964-08-20,-0.004626785904832786,0.0
1964-08-21,0.0015852360093662199,0.0
1964-08-24,-0.0019514096866881658,0.0
1964-08-25,-0.005754545456263749,0.009999752044677734
1964-08-26,-0.0014745977728178872,0.0
1964-08-27,0.004661979505370617,0.0
1964-08-28,0.003543298040577625,0.010000228881835938
1964-08-31,-0.001953315637702069,0.0
1964-09-01,0.004268020253152649,0.0
1964-09-02,0.001580610154670481,0.009999752044677734
1964-09-03,0.0030326948385166475,0.0
1964-09-04,0.0024196065277415357,0.0
1964-09-08,0.001328269314514685,0.0
1964-09-09,0.002169724801122541,0.0
1964-09-10,0.0006018106941079182,0.0
1964-09-11,0.004202930038506025,0.0
1964-09-14,-0.002759895314766503,0.0
1964-09-15,-0.0026471104265830547,0.0
1964-09-16,0.002887368065326079,-0.009999752044677734
1964-09-17,0.006585703689721889,-0.010000228881835938
1964-09-18,-0.0037065571302177247,0.0
1964-09-21,0.004541626599408488,-0.009999752044677734
1964-09-22,0.00035766056174857397,0.0
1964-09-23,0.0002384299426925196,0.0
1964-09-24,0.001071959318035276,0.0
1964-09-25,0.0024968693266318454,0.0
1964-09-28,0.0008309062821423296,-0.019999980926513672
1964-09-29,-0.0004747319852294041,0.009999752044677734
1964-09-30,-0.0007124754991574278,0.0
1964-10-01,-0.00118861862147579,0.0
1964-10-02,0.003324614499431,0.0
1964-10-05,0.004494357143522976,0.019999980926513672
1964-10-06,0.000589902124318975,-0.009999752044677734
1964-10-07,0.0001179566720690417,0.0
1964-10-08,0.0028261660139694555,0.0
1964-10-09,0.0021144175963687672,0.0
1964-10-13,-0.0030556156782575172,0.0
1964-10-14,-0.0020029246041497473,0.0
1964-10-15,-0.006389052881027091,0.009999752044677734
1964-10-16,0.006860706172162168,0.010000228881835938
1964-10-19,0.0011781159805472896,0.0
1964-10-20,0.0029392766926035208,-0.010000228881835938
1964-10-21,-0.0009396504288776697,-0.009999752044677734
1964-10-22,-0.0018818640210662707,0.0
1964-10-23,0.0023517996033675104,0.0
1964-10-26,-0.0016456967408906564,0.0
1964-10-27,0.0,-0.010000228881835938
1964-10-28,-0.0036536967292475353,-0.009999752044677734
1964-10-29,0.00047221006848818803,-0.010000228881835938
1964-10-30,0.0015330771370747343,0.0
1964-11-02,0.0037638211111516995,-0.009999752044677734
1964-11-04,-0.00046971484657643003,0.0
1964-11-05,0.00023492979676387193,0.0
1964-11-06,0.0008216408929948571,0.0
1964-11-09,-0.00046943920785036397,0.0
1964-11-10,-0.004116998181526554,-0.010000228881835938
1964-11-12,0.004116998181526554,-0.019999980926513672
1964-11-13,0.0002347023823840999,0.010000228881835938
1964-11-16,0.00515045548991111,0.0
1964-11-17,0.004426815858573185,0.009999752044677734
1964-11-18,0.0022061250330089877,0.0
1964-11-19,-0.00046404774815744787,-0.009999752044677734
1964-11-20,0.0011596716439612464,0.0
1964-11-23,-0.003250511119289534,0.04999971389770508
1964-11-24,-0.0031444344057973694,0.0
1964-11-25,-0.003388458061314381,0.010000228881835938
1964-11-27,-0.00328252075842439,0.0
1964-11-30,-0.00872756436343991,0.009999752044677734
1964-12-01,-0.010359027097003093,0.0
1964-12-02,0.002868387984118037,-0.009999752044677734
1964-12-03,0.004643687416054476,-0.010000228881835938
1964-12-04,0.0020174239344257217,0.0
1964-12-07,-0.0002370956026069848,-0.009999752044677734
1964-12-08,-0.00392089645620608,-0.010000228881835938
1964-12-09,-0.006449334649561322,0.0
1964-12-10,-0.00011985065580422116,-0.009999752044677734
1964-12-11,0.002513396249822719,0.0
1964-12-14,-0.002513396249822719,0.009999752044677734
1964-12-15,-0.002759895314766503,0.010000228881835938
1964-12-16,0.003957573344346876,0.009999752044677734
1964-12-17,0.004180340092508672,0.0
1964-12-18,0.00463761321099021,0.010000228881835938
1964-12-21,0.0010671292750101813,-0.010000228881835938
1964-12-22,-0.0005926788465178134,0.0
1964-12-23,-0.0021367565298593405,0.010000228881835938
1964-12-24,0.0,0.0
1964-12-28,-0.0009511572524747436,0.0
1964-12-29,-0.0030974785366213453,0.0
1964-12-30,0.005829598228405786,0.009999752044677734
1964-12-31,0.005323845051590226,0.010000228881835938
1965-01-04,-0.006154554078918295,-0.010000228881835938
1965-01-05,0.004737589046372115,0.0
1965-01-06,0.003067512331951683,0.0
1965-01-07,0.004349142832581698,0.0
1965-01-08,0.0012893468023511545,0.0
1965-01-11,0.00035133546706056507,0.0
1965-01-12,0.0024559872218778978,-0.009999752044677734
1965-01-13,0.002682949776566801,0.0
1965-01-14,0.0,0.0
1965-01-15,0.004301113941695078,0.0
1965-01-18,0.003242606017160199,0.0
1965-01-19,0.0016173685780449532,-0.010000228881835938
1965-01-20,-0.00034634624876339615,0.0
1965-01-21,-0.0009242356631933291,-0.009999752044677734
1965-01-22,0.0025395514938990615,0.0
1965-01-25,0.0013825203542721098,0.009999752044677734
1965-01-26,0.0009206195086344238,0.010000228881835938
1965-01-27,0.0033300932866788813,0.0
1965-01-28,0.0028618872534611484,0.0
1965-01-29,0.0009140105897031958,0.0
1965-02-01,0.0002284375084800061,0.009999752044677734
1965-02-02,-0.0003425886913017706,0.0
1965-02-03,0.0009132801356424025,0.0
1965-02-04,-0.0006849036756184645,0.010000228881835938
1965-02-05,-0.003202550813598215,0.009999752044677734
1965-02-08,-0.0039027135331553,-0.009999752044677734
1965-02-09,0.0033297111441603633,0.0
1965-02-10,-0.008981048196146979,0.0
1965-02-11,-0.010697755148780352,0.0
1965-02-15,0.006176801614035554,0.009999752044677734
1965-02-16,-0.004658230513108208,-0.009999752044677734
1965-02-17,0.0011665712609394419,0.0
1965-02-18,0.003259302258940444,0.0
1965-02-19,0.0018576114796138299,0.009999752044677734
1965-02-23,0.004975426045950471,-0.009999752044677734
1965-02-24,0.00609861836987502,0.009999752044677734
1965-02-25,0.0003440818997866302,-0.009999752044677734
1965-02-26,0.0026341807656047322,0.009999752044677734
1965-03-01,-0.002060915600779367,0.0
1965-03-02,0.001717739037522037,0.019999980926513672
1965-03-03,-0.0016031079433842521,-0.009999752044677734
1965-03-04,-0.003213946412866875,-0.010000228881835938
1965-03-05,-0.002071588939003277,0.010000228881835938
1965-03-08,0.0003455483355612188,0.0
1965-03-09,-0.0016136401173261206,0.0
1965-03-10,-0.0017318196670608188,0.0
1965-03-11,0.004151304454389049,-0.010000228881835938
1965-03-12,0.00356094291056408,0.0
1965-03-15,0.000343924105673743,-0.009999752044677734
1965-03-16,-0.001261692126215408,0.0
1965-03-17,-0.0012632860044314853,-0.010000228881835938
1965-03-18,-0.002416144435802181,0.0
1965-03-19,0.00034550855916748446,0.0
1965-03-22,-0.00011509767895834244,-0.009999752044677734
1965-03-23,0.001150995441199676,0.0
1965-03-24,0.001838824053370658,-0.010000228881835938
1965-03-25,-0.0028747218156119914,0.010000228881835938
1965-03-26,-0.007397160572899075,0.009999752044677734
1965-03-29,-0.0019740838224402424,0.0
1965-03-30,0.0019740838224402424,0.0
1965-03-31,-0.0004640669147013554,0.0
1965-04-01,0.0018552420627555577,0.0
1965-04-02,0.0024298430968867635,0.0
1965-04-05,0.0,0.0
1965-04-06,-0.00034674657353139793,0.0
1965-04-07,0.000577902944439046,0.0
1965-04-08,0.0056454767438260944,-0.009999752044677734
1965-04-09,0.005956451145896935,0.009999752044677734
1965-04-12,0.004330546742849606,0.0
1965-04-13,0.001136475542407922,0.0
1965-04-14,0.002269083678672068,-0.009999752044677734
1965-04-15,-0.0010204245820188973,0.009999752044677734
1965-04-19,0.004075637962348999,0.010000228881835938
1965-04-20,-0.0005651020256944861,0.0
1965-04-21,-0.0018103199194037245,0.0
1965-04-22,0.005421243484978078,0.0
1965-04-23,0.001125728773100576,0.0
1965-04-26,0.00011252895797841944,0.0
1965-04-27,0.0016860738622774818,0.0
1965-04-28,-0.000449347517352372,0.0
1965-04-29,-0.0007868228889504891,0.0
1965-04-30,0.0020220216308564076,0.0
1965-05-03,0.0013457750591454598,0.0
1965-05-04,0.0031330312154862483,-0.010000228881835938
1965-05-05,0.002231860617104786,0.0
1965-05-06,0.002338130416445594,0.0
1965-05-07,-0.0007787695351737511,0.0
1965-05-10,-0.0021168166753557927,0.0
1965-05-11,-0.0012276169861635822,0.0
1965-05-12,0.00434564590185893,0.0
1965-05-13,0.0036623336349705937,0.010000228881835938
1965-05-14,-0.0018849944434649046,0.0
1965-05-17,-0.006234684641293953,0.0
1965-05-18,-0.000893875266832822,0.009999752044677734
1965-05-19,0.002344656773258791,0.0
1965-05-20,-0.005479441922680017,0.0
1965-05-21,-0.004833374265825974,0.0
1965-05-24,-0.007464450806184075,0.0
1965-05-25,0.005772862839584114,0.0
1965-05-26,-0.003391698217767747,0.0
1965-05-27,-0.005223206100618327,0.0
1965-05-28,0.0065812316189548525,0.010000228881835938
1965-06-01,0.003387189111669464,0.0
1965-06-02,-0.018543332146228053,0.0
1965-06-03,-0.0021839748245682244,0.0
1965-06-04,0.0024136450071097215,0.0
1965-06-07,-0.0026438702653655,0.0
1965-06-08,-0.010994809695533014,0.0
1965-06-09,-0.010411270077042012,0.0
1965-06-10,-0.003651974969979044,0.0
1965-06-11,0.004592288030952574,0.0
1965-06-14,-0.013126193055466473,-0.019999980926513672
1965-06-15,0.0056972940758832635,0.0
1965-06-16,0.008368239135589484,0.0
1965-06-17,0.0063180382381000655,0.0
1965-06-18,-0.004676201406755176,0.0
1965-06-21,-0.0034038801240647842,-0.010000228881835938
1965-06-22,0.0018794323717035155,0.0
1965-06-23,-0.00635746106709334,0.0
1965-06-24,-0.013196418557445355,-0.009999752044677734
1965-06-25,-0.006001698661639132,0.0
1965-06-28,-0.017733965538757168,0.0
1965-06-29,0.009877589942408171,0.009999752044677734
1965-06-30,0.02053755027228643,0.0
1965-07-01,0.004270476209121021,0.0
1965-07-02,0.008017023333590778,0.010000228881835938
1965-07-06,-0.0019983056525170184,0.0
1965-07-07,-0.003772251347047728,0.0
1965-07-08,0.008467664743297298,-0.010000228881835938
1965-07-09,0.0037405034574007345,0.010000228881835938
1965-07-12,-0.00023333305693196138,0.0
1965-07-13,-0.0011677500653055617,0.0
1965-07-14,0.0032661455628764102,0.0
1965-07-15,-0.0017483718237798485,-0.010000228881835938
1965-07-16,-0.0003500236737910001,0.0
1965-07-19,-0.0007005042090701963,0.0
1965-07-20,-0.012692545524394028,0.0
1965-07-21,-0.005693329921522938,0.0
1965-07-22,-0.002620311445689083,0.0
1965-07-23,0.002620311445689083,0.0
1965-07-26,-0.00023788535372393227,0.0
1965-07-27,-0.0021438824190553873,0.0
1965-07-28,0.001905849668728976,0.0
1965-07-29,0.007705586457400493,0.010000228881835938
1965-07-30,0.006708666293090637,0.009999752044677734
1965-08-02,0.0019921278137928766,0.0
1965-08-03,0.00046817552552536057,0.0
1965-08-04,0.0038540407536551413,0.010000228881835938
1965-08-05,0.0,0.0
1965-08-06,0.003258454859113691,0.009999752044677734
1965-08-09,-0.002442845210615552,0.0
1965-08-10,0.00011648676464570684,0.0
1965-08-11,0.0030231942425418268,0.010000228881835938
1965-08-12,0.0028983848237649212,0.0
1965-08-13,0.004504765381626363,0.0
1965-08-16,0.0011518787713047374,0.010000228881835938
1965-08-17,0.0019550137371178167,0.009999752044677734
1965-08-18,-0.0005746486638456005,-0.009999752044677734
1965-08-19,-0.0023017267573344213,0.0
1965-08-20,-0.0011528531618800741,0.0
1965-08-23,-0.0015007781496532147,0.0
1965-08-24,0.0017314199371858408,0.009999752044677734
1965-08-25,0.0011525874495843524,-0.009999752044677734
1965-08-26,0.0037942194048765643,0.009999752044677734
1965-08-27,0.0006882822326783611,0.0
1965-08-30,0.00011469682322040597,0.0
1965-08-31,-0.00045877872300703615,0.0
1965-09-01,0.0,0.010000228881835938
1965-09-02,0.005491414758092006,0.0
1965-09-03,0.004666743827240971,-0.010000228881835938
1965-09-07,0.0034010128562140807,0.0
1965-09-08,0.003389485162526462,0.0
1965-09-09,0.0025907727652167978,0.0
1965-09-10,0.0025841636106775923,0.010000228881835938
1965-09-13,0.002913105778143965,0.0
1965-09-14,-0.003923534901599801,0.0
1965-09-15,0.005488648629974335,0.0
1965-09-16,0.005569804069399886,-0.010000228881835938
1965-09-17,0.00033327493774670813,0.0
1965-09-20,0.0003330792068059196,0.0
1965-09-21,-0.003001884219630213,0.010000228881835938
1965-09-22,0.004554845011810471,0.009999752044677734
1965-09-23,-0.003998235076279499,0.010000228881835938
1965-09-24,0.0017789201395466137,0.009999752044677734
1965-09-27,0.0069741234596900625,0.0
1965-09-28,-0.0024298799063933174,0.019999980926513672
1965-09-29,-0.004544243553296745,0.03000020980834961
1965-09-30,-0.0006667136597444667,-0.010000228881835938
1965-10-01,-0.0006671584634228012,0.010000228881835938
1965-10-04,0.0020002262677198956,-0.010000228881835938
1965-10-05,0.006087069042886917,-0.019999980926513672
1965-10-06,-0.0009935016415827391,-0.009999752044677734
1965-10-07,-0.0007734345891119432,-0.010000228881835938
1965-10-08,0.004191460516039136,0.010000228881835938
1965-10-11,0.005707449023932831,-0.010000228881835938
1965-10-13,-0.0003284594068366786,-0.009999752044677734
1965-10-14,-0.0016434989453761872,0.009999752044677734
1965-10-15,0.0020813373601020757,0.03000020980834961
1965-10-18,0.00327765021671933,0.0
1965-10-19,0.0013080745748572653,0.009999752044677734
1965-10-20,-0.0002179352036231208,0.010000228881835938
1965-10-21,0.0017418212660542665,0.009999752044677734
1965-10-22,0.00043498167569566704,-0.009999752044677734
1965-10-25,-0.0033760466088512686,0.019999980926513672
1965-10-26,0.0057649454639534525,0.0
1965-10-27,0.003356672411891637,0.009999752044677734
1965-10-28,-0.003248195252784747,0.010000228881835938
1965-10-29,0.002274811007470845,0.009999752044677734
1965-11-01,-0.002057891984757809,0.019999980926513672
1965-11-03,0.0008669579091113988,0.0
1965-11-04,0.0016236571040506576,0.0
1965-11-05,-0.0009738283191182973,0.0
1965-11-08,-0.001516786694043759,0.019999980926513672
1965-11-09,-0.0032580724497250912,0.019999980926513672
1965-11-10,-0.0010883596302733167,-0.009999752044677734
1965-11-12,0.007810010428614511,-0.019999980926513672
1965-11-15,0.000863961621170084,0.009999752044677734
1965-11-16,-0.0023777960859501235,-0.009999752044677734
1965-11-17,0.002053887645081076,0.009999752044677734
1965-11-18,-0.004112085158540779,0.0
1965-11-19,0.00021681278590435227,0.010000228881835938
1965-11-22,-0.006526001876346221,-0.010000228881835938
1965-11-23,0.0015265447413934652,0.0
1965-11-24,0.0017418212660542665,0.0
1965-11-26,0.0009783806541543427,0.0
1965-11-29,-0.0025022667165854884,0.010000228881835938
1965-11-30,-0.002071888180376291,0.019999980926513672
1965-12-01,-0.0012014704081408922,0.039999961853027344
1965-12-02,-0.003174442126985255,0.0
1965-12-03,0.0006575795940424456,0.0
1965-12-06,-0.007478318492433189,0.09000015258789062
1965-12-07,0.00879226534947275,-0.019999980926513672
1965-12-08,-0.0012043644249244423,0.009999752044677734
1965-12-09,0.0030627762391670643,0.0
1965-12-10,0.0026178624501778103,0.0
1965-12-13,0.00032673069505051444,0.05000019073486328
1965-12-14,0.0005442863627100891,0.019999980926513672
1965-12-15,0.0015225603190902604,0.0
1965-12-16,0.0010861965209034707,-0.010000228881835938
1965-12-17,-0.0004343204686438895,-0.009999752044677734
1965-12-20,-0.004680793364411073,-0.039999961853027344
1965-12-21,0.003920299076949796,0.029999732971191406
1965-12-22,0.003038513185956937,0.010000228881835938
1965-12-23,-0.0010841119047642067,0.0
1965-12-27,-0.007294200341129375,-0.03000020980834961
1965-12-28,0.00010928310833691057,-0.009999752044677734
1965-12-29,0.0030544235036229495,0.009999752044677734
1965-12-30,0.004238899899556614,0.010000228881835938
1965-12-31,0.0024915071151605517,0.019999980926513672
1966-01-03,-0.0027084139753696945,-0.019999980926513672
1966-01-04,0.0008675106811208977,0.019999980926513672
1966-01-05,0.0063745700807746886,-0.019999980926513672
1966-01-06,0.002259148816839307,-0.03000020980834961
1966-01-07,0.0008593108194281385,0.0
1966-01-10,0.0020378881956224504,0.010000228881835938
1966-01-11,0.000856825892640245,-0.010000228881835938
1966-01-12,-0.002357999093717922,-0.039999961853027344
1966-01-13,0.0018225485201925906,0.019999980926513672
1966-01-14,0.0014984417787280435,0.010000228881835938
1966-01-17,0.002883503337237414,0.019999980926513672
1966-01-18,0.0019177537448085147,0.0
1966-01-19,-0.0027712073552468297,0.0
1966-01-20,-0.0035284915055271426,-0.010000228881835938
1966-01-21,0.0011775477384174948,-0.009999752044677734
1966-01-24,0.00256435511160813,0.009999752044677734
1966-01-25,0.0014928494078798593,0.010000228881835938
1966-01-26,-0.0015995900988965417,0.0
1966-01-27,-0.0003202090018143977,0.019999980926513672
1966-01-28,-0.003850690591642447,0.019999980926513672
1966-01-31,-0.004618949263126559,0.039999961853027344
1966-02-01,-0.007782071134328383,0.0
1966-02-02,0.004006666384416491,0.009999752044677734
1966-02-03,0.001296066132223217,0.0
1966-02-04,0.006562345085705523,0.010000228881835938
1966-02-07,0.003532186753528066,0.019999980926513672
1966-02-08,-0.0004274156981098898,-0.010000228881835938
1966-02-09,0.005436765219288375,0.019999980926513672
1966-02-10,-0.002448196744507136,0.04000043869018555
1966-02-11,-0.00021321970370635768,0.07999992370605469
1966-02-14,-0.0029892067178503012,0.009999752044677734
1966-02-15,-0.003856465585500679,0.010000228881835938
1966-02-16,-0.0001072774834680601,0.009999752044677734
1966-02-17,-0.005381564815518658,-0.009999752044677734
1966-02-18,-0.0027016819816330084,0.019999980926513672
1966-02-21,-0.005860673349105561,0.019999980926513672
1966-02-23,-0.004254158329373148,0.0
1966-02-24,-0.006470428434997899,0.009999752044677734
1966-02-25,0.002746801723477965,0.039999961853027344
1966-02-28,0.0008774055266425052,0.05000019073486328
1966-03-01,-0.012798096900760392,-0.009999752044677734
1966-03-02,-0.010155726339752036,-0.010000228881835938
1966-03-03,0.003583025778209681,0.0
1966-03-04,-0.00257404157692509,-0.019999980926513672
1966-03-07,-0.013538078569040657,-0.019999980926513672
1966-03-08,0.0015889163333655532,-0.03000020980834961
1966-03-09,0.00880663682020355,0.0
1966-03-10,0.0,0.019999980926513672
1966-03-11,-0.0012372827838138534,0.010000228881835938
1966-03-14,-0.01131874016304213,-0.019999980926513672
1966-03-15,-0.005707778152463483,-0.03000020980834961
1966-03-16,0.005821626382995326,-0.009999752044677734
1966-03-17,0.003522102837115959,-0.039999961853027344
1966-03-18,0.004074715502762061,-0.019999980926513672
1966-03-21,0.007539541539054895,-0.03000020980834961
1966-03-22,0.0029105823973409883,-0.029999732971191406
1966-03-23,-0.003695640443607928,-0.05000019073486328
1966-03-24,0.0017935624553748752,0.03000020980834961
1966-03-25,0.002795953255065875,0.059999942779541016
1966-03-28,0.0008930769673680672,-0.010000228881835938
1966-03-29,-0.0039130924179779925,-0.009999752044677734
1966-03-30,-0.005504061930859727,-0.10000038146972656
1966-03-31,0.005055957877055484,0.010000228881835938
1966-04-01,0.007925464954202432,-0.010000228881835938
1966-04-04,0.009075874961383512,-0.009999752044677734
1966-04-05,0.0060416004419154845,-0.03000020980834961
1966-04-06,0.002734184529122885,0.05000019073486328
1966-04-07,0.0021820276819282114,0.019999980926513672
1966-04-11,0.0003268731034076211,0.0
1966-04-12,-0.003711027739056405,0.0
1966-04-13,0.000983703760792487,0.009999752044677734
1966-04-14,0.003598518952885321,0.020000457763671875
1966-04-15,0.0013052880868720251,0.009999752044677734
1966-04-18,-0.004466925043650427,-0.009999752044677734
1966-04-19,-0.0001092234360582367,0.0
1966-04-20,0.005554080512167658,0.039999961853027344
1966-04-21,0.0036856013306962865,-0.03000020980834961
1966-04-22,-0.0016243604209726925,0.0
1966-04-25,-0.002061240909723594,0.010000228881835938
1966-04-26,-0.0009779320324589946,0.009999752044677734
1966-04-27,-0.0025033561649010494,-0.009999752044677734
1966-04-28,-0.0068894677328730225,0.0
1966-04-29,-0.0007684252731969821,0.009999752044677734
1966-05-02,-0.0017585851258941076,0.010000228881835938
1966-05-03,-0.011618421722725536,0.009999752044677734
1966-05-04,-0.005132783975255073,0.0
1966-05-05,-0.01646776541022099,0.0
1966-05-06,-0.0010241107910387015,-0.019999980926513672
1966-05-09,-0.0174556186560606,-0.039999961853027344
1966-05-10,0.008765939979138437,0.0
1966-05-11,0.0017210895352146593,0.019999980926513672
1966-05-12,-0.011530163034603191,0.0
1966-05-13,-0.00885273243406104,0.0
1966-05-16,-0.01247953007975866,0.0
1966-05-17,-0.009283646829041814,-0.019999980926513672
1966-05-18,0.017659783309142973,0.0
1966-05-19,-0.0011755744139128055,0.0
1966-05-20,0.004810847289162368,0.0
1966-05-23,0.00897281153066487,0.019999980926513672
1966-05-24,0.006590758851252154,0.019999980926513672
1966-05-25,0.0034514882178999784,-0.009999752044677734
1966-05-26,0.0,0.019999980926513672
1966-05-27,0.0029816780571403356,0.009999752044677734
1966-05-31,-0.013836316480431599,-0.009999752044677734
1966-06-01,-0.00034835720077097676,-0.010000228881835938
1966-06-02,-0.0016273325878248812,-0.019999980926513672
1966-06-03,0.001162637918111109,0.010000228881835938
1966-06-06,-0.007464455064381426,0.009999752044677734
1966-06-07,-0.006930968572786078,0.019999980926513672
1966-06-08,0.0011781159805472896,0.019999980926513672
1966-06-09,0.0066889845575346385,0.0
1966-06-10,0.01093418393991108,0.0
1966-06-13,0.004501645277739108,0.0
1966-06-14,0.0027601841752114,0.0
1966-06-15,-0.003912505933648447,-0.039999961853027344
1966-06-16,-0.003002336312518672,0.019999980926513672
1966-06-17,0.0004624917963242936,-0.009999752044677734
1966-06-20,-0.0003468267373252232,-0.039999961853027344
1966-06-21,0.002655994682163154,-0.010000228881835938
1966-06-22,0.0016132682874125948,0.010000228881835938
1966-06-23,-0.004038061180150265,0.009999752044677734
1966-06-24,0.0009244492247031388,0.03000020980834961
1966-06-27,-0.005791745477516486,0.029999732971191406
1966-06-28,-0.004774433082415541,0.059999942779541016
1966-06-29,-0.009499837635972952,0.010000228881835938
1966-06-30,-0.0014151269774531627,0.06999969482421875
1966-07-01,0.010214385894657951,0.019999980926513672
1966-07-05,0.0024499701235436433,-0.029999732971191406
1966-07-06,0.014345432073969988,-0.010000228881835938
1966-07-07,0.003668884009321971,0.0
1966-07-08,0.0026287615542885945,0.019999980926513672
1966-07-11,-0.0018279870775241847,0.06000041961669922
1966-07-12,-0.006539341995325465,0.019999980926513672
1966-07-13,-0.006698191120530161,0.019999980926513672
1966-07-14,0.006007372904826447,0.029999732971191406
1966-07-15,0.0029902510372092905,-0.009999752044677734
1966-07-18,-0.001034112431363532,-0.05000019073486328
1966-07-19,-0.00761596150487609,-0.009999752044677734
1966-07-20,-0.009543830307284118,-0.010000228881835938
1966-07-21,0.00011687431349649557,0.019999980926513672
1966-07-22,-0.0012869946287130674,-0.019999980926513672
1966-07-25,-0.01867227234263602,-0.03000020980834961
1966-07-26,-0.001552019457478515,0.0
1966-07-27,0.004767607800514995,0.0
1966-07-28,-0.0039316407427794076,0.04000043869018555
1966-07-29,-0.0020314062539821265,0.019999980926513672
1966-08-01,-0.015550924515077114,0.0
1966-08-02,0.0002430062273273137,-0.010000228881835938
1966-08-03,0.009910640439089846,0.019999980926513672
1966-08-04,0.009336897740955585,0.010000228881835938
1966-08-05,0.0008336771125021514,0.0
1966-08-08,-0.0029806281381379307,0.009999752044677734
1966-08-09,-0.0031093320859296725,0.019999980926513672
1966-08-10,-0.004561799710410597,0.0
1966-08-11,-0.0010835367191832646,0.010000228881835938
1966-08-12,0.0018051816751363248,0.0
1966-08-15,-0.005183548650117054,0.039999961853027344
1966-08-16,-0.013506327398130402,0.029999732971191406
1966-08-17,-0.005527892646540522,0.059999942779541016
1966-08-18,-0.012644232148449674,0.05000019073486328
1966-08-19,-0.006759330953247655,0.019999980926513672
1966-08-22,-0.01748435364530021,-0.019999980926513672
1966-08-23,-0.0016629009867967781,0.039999961853027344
1966-08-24,0.012215434787065327,0.03000020980834961
1966-08-25,-0.012855801746824547,0.029999732971191406
1966-08-26,-0.0213641048898765,0.09000015258789062
1966-08-29,-0.02491191307164886,0.03000020980834961
1966-08-30,0.017687831791594277,-0.03000020980834961
1966-08-31,0.016213716471860984,-0.11999988555908203
1966-09-01,0.007751957319062086,-0.059999942779541016
1966-09-02,-0.003610096598863244,-0.07000017166137695
1966-09-06,-0.005959327037269979,-0.039999961853027344
1966-09-07,-0.007695809596865111,0.009999752044677734
1966-09-08,-0.004198926030831274,-0.019999980926513672
1966-09-09,0.00315082126914934,-0.009999752044677734
1966-09-12,0.02101248124436328,0.009999752044677734
1966-09-13,0.0052486329786090025,-0.019999980926513672
1966-09-14,0.01028904058562663,0.05000019073486328
1966-09-15,0.011934122960925997,0.039999961853027344
1966-09-16,-0.001124557717772312,-0.010000228881835938
1966-09-19,-0.0050131893489338,0.08000040054321289
1966-09-20,-0.006934345782876328,-0.05000019073486328
1966-09-21,-0.016970127582882633,-0.059999942779541016
1966-09-22,0.002955393794920269,-0.059999942779541016
1966-09-23,-0.003470272377982475,0.019999980926513672
1966-09-26,0.0024432911646439237,0.0
1966-09-27,0.0030776872867379623,-0.039999961853027344
1966-09-28,-0.01275705554793305,-0.039999961853027344
1966-09-29,-0.010429022451931225,-0.10000038146972656
1966-09-30,0.0032707559476286008,0.03000020980834961
1966-10-03,-0.021920804360513912,0.059999942779541016
1966-10-04,0.002666627556738632,-0.019999980926513672
1966-10-05,-0.005474291395962005,-0.009999752044677734
1966-10-06,-0.008605665130233753,-0.019999980926513672
1966-10-07,-0.011545202649346997,-0.010000228881835938
1966-10-10,0.018006333238337113,0.03000020980834961
1966-10-11,0.005085729331658406,0.0
1966-10-13,0.026088379259525674,0.019999980926513672
1966-10-14,-0.003778764279649849,-0.010000228881835938
1966-10-17,0.011293723574462788,-0.019999980926513672
1966-10-18,0.01549821699863596,-0.05000019073486328
1966-10-19,-0.008039311338078114,0.010000228881835938
1966-10-20,-0.002694295230353916,0.019999980926513672
1966-10-21,0.0044864025293218646,-0.07999992370605469
1966-10-24,0.0029371801544080256,0.0
1966-10-25,0.00610227367637961,0.0
1966-10-26,0.008581580816531265,0.019999980926513672
1966-10-27,0.008134723599176219,0.029999732971191406
1966-10-28,0.0001245654237287397,-0.019999980926513672
1966-10-31,-0.0004986402100426446,0.0
1966-11-01,0.00757721321304583,0.019999980926513672
1966-11-02,0.0008658507198147092,0.05000019073486328
1966-11-03,-0.003964322648619678,0.019999980926513672
1966-11-04,0.003098471928804969,0.05000019073486328
1966-11-07,-0.0009903950445160348,0.0
1966-11-09,0.008019213834301375,0.009999752044677734
1966-11-10,0.00624736700533024,0.05000019073486328
1966-11-14,-0.006370187365987157,0.019999980926513672
1966-11-15,0.003924936777209176,0.019999980926513672
1966-11-16,0.008289701057593746,0.009999752044677734
1966-11-17,-0.006944045381349184,0.010000228881835938
1966-11-18,-0.006623364067841031,-0.010000228881835938
1966-11-21,-0.014502960237749107,-0.04999971389770508
1966-11-22,-0.00525787620137752,0.029999732971191406
1966-11-23,0.006755103555417641,0.019999980926513672
1966-11-25,0.007947383185451073,0.010000228881835938
1966-11-28,-0.0017330951572924747,-0.039999961853027344
1966-11-29,-0.0035995932923826857,-0.039999961853027344
1966-11-30,0.0003729568043162601,-0.03000020980834961
1966-12-01,-0.004609677632512188,-0.029999732971191406
1966-12-02,0.0006241236411197448,-0.059999942779541016
1966-12-05,0.001371835517264941,0.029999732971191406
1966-12-06,0.007449730204041494,0.010000228881835938
1966-12-07,0.010826937652341329,0.0
1966-12-08,0.004030069842928086,0.029999732971191406
1966-12-09,0.0010962463678083623,-0.04999971389770508
1966-12-12,0.010415506698810972,-0.12000036239624023
1966-12-13,-0.0032582740175275404,-0.06999969482421875
1966-12-14,-0.0010885163533549402,-0.03000020980834961
1966-12-15,-0.0121744869602054,-0.06999969482421875
1966-12-16,-0.0007351741312016102,0.019999980926513672
1966-12-19,-0.0038072528751342816,-0.06000041961669922
1966-12-20,-0.003821709228410519,-0.029999732971191406
1966-12-21,0.005174314592692575,-0.03000020980834961
1966-12-22,0.003802116416552259,0.019999980926513672
1966-12-23,-0.0026967559339903246,-0.009999752044677734
1966-12-27,-0.005785714633579353,0.039999961853027344
1966-12-28,-0.004826435805268758,-0.07000017166137695
1966-12-29,-0.00298171246832446,0.019999980926513672
1966-12-30,-0.0004978334189669198,-0.019999980926513672
1967-01-03,0.000622181871207772,0.05000019073486328
1967-01-04,0.00211279265839881,-0.039999961853027344
1967-01-05,0.012951095761079223,-0.019999980926513672
1967-01-06,0.0070827238982031915,0.009999752044677734
1967-01-09,0.007636830394818439,0.07000017166137695
1967-01-10,0.0,-0.019999980926513672
1967-01-11,0.007938502923511948,-0.15000009536743164
1967-01-12,0.005257539038179715,0.010000228881835938
1967-01-13,0.0073616469744939295,-0.039999961853027344
1967-01-16,-0.002606033522681628,-0.020000457763671875
1967-01-17,0.010970329191963835,0.020000457763671875
1967-01-18,0.006431678087545301,0.019999980926513672
1967-01-19,0.00034961575078096274,0.04999971389770508
1967-01-20,0.002908839108332728,0.019999980926513672
1967-01-23,0.0037110061900076374,0.0
1967-01-24,0.001388117580012782,0.05000019073486328
1967-01-25,-0.007658469316027983,-0.03000020980834961
1967-01-26,-0.0004660482019787082,-0.11999988555908203
1967-01-27,0.004070553983996028,-0.03000020980834961
1967-01-30,0.005786383218397972,0.010000228881835938
1967-01-31,-0.0005771691800413592,0.039999961853027344
1967-02-01,-0.002080448094631926,0.0
1967-02-02,0.003465042106480354,-0.009999752044677734
1967-02-03,0.007237635581291535,0.009999752044677734
1967-02-06,-0.0020625686724482506,0.010000228881835938
1967-02-07,-0.0026417446083266682,0.009999752044677734
1967-02-08,0.008816731763147345,0.0
1967-02-09,-0.004112418482372426,-0.009999752044677734
1967-02-10,0.0030858547415970605,0.059999942779541016
1967-02-14,0.0061433746067978134,0.04999971389770508
1967-02-15,0.0011335126702372023,0.05000019073486328
1967-02-16,-0.004655615507353161,-0.019999980926513672
1967-02-17,0.0003413801375611314,0.009999752044677734
1967-02-20,-0.005590725512001349,0.019999980926513672
1967-02-21,-0.0006867939919938948,0.010000228881835938
1967-02-23,0.0012586604393725054,0.029999732971191406
1967-02-24,-0.00045743207927007035,-0.009999752044677734
1967-02-27,-0.010927865837708772,-0.010000228881835938
1967-02-28,0.0036942976531051386,0.0
1967-03-01,0.010317660376705007,-0.059999942779541016
1967-03-02,0.0054595602636888785,-0.029999732971191406
1967-03-03,0.0014734743390816263,-0.010000228881835938
1967-03-06,-0.0021543456607560074,-0.009999752044677734
1967-03-07,0.0006808713216743811,-0.010000228881835938
1967-03-08,0.001246874057894587,0.010000228881835938
1967-03-09,0.0029412028325248585,-0.039999961853027344
1967-03-10,0.004058179552838048,0.009999752044677734
1967-03-13,-0.005188361348527515,-0.019999980926513672
1967-03-14,-0.0009051005438243109,-0.029999732971191406
1967-03-15,0.009462771556346894,-0.04000043869018555
1967-03-16,0.010040176962683667,-0.039999961853027344
1967-03-17,0.0017744671990973515,0.019999980926513672
1967-03-20,-0.000554203977648271,-0.019999980926513672
1967-03-21,-0.002219722905077326,0.06000041961669922
1967-03-22,0.002773926882725597,0.009999752044677734
1967-03-23,0.007616378030214754,-0.019999980926513672
1967-03-27,-0.0007700313105507561,0.019999980926513672
1967-03-28,0.0004401024839113532,0.0
1967-03-29,-0.0019819462358716677,0.0
1967-03-30,-0.00033077670632675193,-0.019999980926513672
1967-03-31,-0.005527930239025203,0.0
1967-04-03,-0.010700047609048191,0.0
1967-04-04,-0.00022410224423019542,-0.010000228881835938
1967-04-05,0.0063683773469707106,0.010000228881835938
1967-04-06,0.001669187758358781,-0.010000228881835938
1967-04-07,-0.006469646896193559,-0.009999752044677734
1967-04-10,-0.012612810855274326,0.019999980926513672
1967-04-11,0.007226763693310545,0.010000228881835938
1967-04-12,-0.001125728773100576,0.0
1967-04-13,0.00763020211463683,0.029999732971191406
1967-04-14,0.010784486356334888,0.019999980926513672
1967-04-17,0.007052364101618025,0.05000019073486328
1967-04-18,0.008637247313289187,0.019999980926513672
1967-04-19,0.0008705313904098233,0.0
1967-04-20,0.0018473046940528093,0.0
1967-04-21,0.0020606529457936062,0.029999732971191406
1967-04-24,0.003460956134643034,0.019999980926513672
1967-04-25,0.00527646574869145,0.03000020980834961
1967-04-26,-0.0009671087479539153,0.019999980926513672
1967-04-27,0.008456946405197563,0.0
1967-04-28,0.0021297482010496083,0.05000019073486328
1967-05-01,-0.001810016993714747,-0.010000228881835938
1967-05-02,-0.00181321764707576,-0.019999980926513672
1967-05-03,0.002558968139360296,0.0
1967-05-04,0.0043563371811110585,0.010000228881835938
1967-05-05,0.001271485075132972,0.009999752044677734
1967-05-08,0.0014813185068680568,0.059999942779541016
1967-05-09,-0.0104156893941596,0.039999961853027344
1967-05-10,-0.0026745135394730113,0.0
1967-05-11,0.004275811208572122,-0.029999732971191406
1967-05-12,-0.00288411926914911,-0.019999980926513672
1967-05-15,-0.008271213837653058,0.039999961853027344
1967-05-16,0.0046273992574583644,0.009999752044677734
1967-05-17,-0.003872644834542527,0.010000228881835938
1967-05-18,-0.0026981830982064636,0.0
1967-05-19,-0.004983749083278255,0.009999752044677734
1967-05-22,-0.004354001985880096,0.05000019073486328
1967-05-23,-0.004811324845507947,0.0
1967-05-24,-0.011576150776749117,-0.010000228881835938
1967-05-25,0.011137592341302849,-0.009999752044677734
1967-05-26,-0.0023055296789680213,-0.059999942779541016
1967-05-29,-0.005400415283670412,-0.019999980926513672
1967-05-31,-0.015704460811337917,-0.03000020980834961
1967-06-01,0.0128271402662552,0.0
1967-06-02,-0.004888382481558651,0.010000228881835938
1967-06-05,-0.015262338690347654,0.029999732971191406
1967-06-06,0.020150721171906305,-0.009999752044677734
1967-06-07,0.007508043205972648,0.0
1967-06-08,0.0053754487380555105,0.019999980926513672
1967-06-09,0.0017489732651938539,0.029999732971191406
1967-06-12,0.0052288066944088385,0.05000019073486328
1967-06-13,0.006281855592689567,0.009999752044677734
1967-06-14,-0.0023781355454346453,0.07000017166137695
1967-06-15,0.0009735123078087327,0.0
1967-06-16,0.0005404859028805831,0.05000019073486328
1967-06-19,-0.00032422349705463205,0.0
1967-06-20,-0.00032432865202469685,0.06999969482421875
1967-06-21,-0.00303234375986694,0.0
1967-06-22,-0.0024976472757760604,-0.009999752044677734
1967-06-23,0.0003261268615943891,0.009999752044677734
1967-06-26,-0.003920726124063911,0.019999980926513672
1967-06-27,-0.00371702989844902,0.05000019073486328
1967-06-28,0.00010946286416491091,-0.03000020980834961
1967-06-29,-0.005050505844097941,0.019999980926513672
1967-06-30,-0.002314168060642885,0.019999980926513672
1967-07-03,0.0029744364306143467,0.0
1967-07-05,0.004937706171864953,-0.04999971389770508
1967-07-06,-0.0004379342686648968,-0.059999942779541016
1967-07-07,0.00404353036878824,0.039999961853027344
1967-07-10,0.003918592143794086,0.009999752044677734
1967-07-11,0.004660500390740729,-0.06999969482421875
1967-07-12,-0.0008654460616099868,-0.03000020980834961
1967-07-13,0.0002163904683207818,0.019999980926513672
1967-07-14,0.003456470298896619,0.0
1967-07-17,0.00010784555884768565,0.010000228881835938
1967-07-18,0.008053734807097257,0.06999969482421875
1967-07-19,0.001603008888877433,0.019999980926513672
1967-07-20,0.0021333015903000074,0.019999980926513672
1967-07-21,0.002022486633559417,0.0
1967-07-24,-0.0033018888340521357,0.03000020980834961
1967-07-25,-0.005241553316865044,0.0
1967-07-26,0.008756059304601216,0.0
1967-07-27,0.0030784050809593566,-0.03000020980834961
1967-07-28,0.0014827305445068717,-0.019999980926513672
1967-07-31,0.0027478577760069456,-0.019999980926513672
1967-08-01,0.006522248427510036,0.019999980926513672
1967-08-02,0.004289789779552855,0.03000020980834961
1967-08-03,-0.0012536056348917413,-0.010000228881835938
1967-08-04,0.0017755309282856402,0.06000041961669922
1967-08-07,-0.0026121951556810075,0.039999961853027344
1967-08-08,0.001150212997562683,-0.019999980926513672
1967-08-09,0.0009400568647244256,-0.010000228881835938
1967-08-10,-0.0026135606658987953,0.010000228881835938
1967-08-11,-0.003985711724978636,0.009999752044677734
1967-08-14,-0.005374396557781935,0.0
1967-08-15,0.0013726548392627436,0.0
1967-08-16,-0.002324040679080319,-0.009999752044677734
1967-08-17,0.0008456941145871255,0.0
1967-08-18,0.0015838821644011958,0.0
1967-08-21,-0.005607577331989688,0.019999980926513672
1967-08-22,-0.00542585662244921,0.0
1967-08-23,-0.0013877478018642364,0.009999752044677734
1967-08-24,-0.005570494114858882,0.0
1967-08-25,-0.004198288137934547,0.010000228881835938
1967-08-28,-0.0006474324147518473,-0.03000020980834961
1967-08-29,0.0025873005820775674,-0.019999980926513672
1967-08-30,0.002043587100287958,0.010000228881835938
1967-08-31,0.006105741186018143,-0.010000228881835938
1967-09-01,0.0004270864424578136,-0.019999980926513672
1967-09-05,0.005641600795531332,-0.03000020980834961
1967-09-06,0.0019088055279450344,-0.019999980926513672
1967-09-07,-0.0006358367976577739,0.0
1967-09-08,0.00031796893488245104,0.06000041961669922
1967-09-11,0.0019057740413073176,0.019999980926513672
1967-09-12,0.004748565363975388,0.009999752044677734
1967-09-13,0.01047239670763922,-0.019999980926513672
1967-09-14,0.0021853288278803618,0.010000228881835938
1967-09-15,0.0007273829712817204,0.009999752044677734
1967-09-18,0.0026971192947939926,0.010000228881835938
1967-09-19,-0.0037363885300614186,0.04999971389770508
1967-09-20,-0.00041602617843494727,-0.009999752044677734
1967-09-21,0.00642891840370563,0.019999980926513672
1967-09-22,0.0025806465934916645,0.0
1967-09-25,0.0060640131245293105,0.019999980926513672
1967-09-26,-0.00854128380846575,-0.010000228881835938
1967-09-27,0.0003099848004550765,0.0
1967-09-28,0.0,-0.009999752044677734
1967-09-29,-0.0008268923577583465,-0.05000019073486328
1967-10-02,-0.004040821869985223,0.039999961853027344
1967-10-03,0.003420243049857774,0.0
1967-10-04,-0.0022788617549833745,0.019999980926513672
1967-10-05,0.0024857378481897285,0.0
1967-10-06,0.006084729404538969,0.0
1967-10-09,0.0025671318150752853,0.019999980926513672
1967-10-10,-0.0068948645010609155,0.03000020980834961
1967-10-11,-0.004865115890194893,0.0
1967-10-13,-0.0038467868957443585,0.029999732971191406
1967-10-16,-0.007843177461025697,0.019999980926513672
1967-10-17,-0.0026281224062696396,0.019999980926513672
1967-10-18,0.0026281224062696396,0.03000020980834961
1967-10-19,0.0018879836202536637,0.010000228881835938
1967-10-20,-0.0005241135531912633,-0.010000228881835938
1967-10-23,-0.004413143413649401,0.039999961853027344
1967-10-24,-0.00570284493474027,0.0
1967-10-25,0.0010585210776330456,0.010000228881835938
1967-10-26,0.004433722035309451,0.009999752044677734
1967-10-27,0.00021060182179777343,-0.009999752044677734
1967-10-30,-0.0017918125367932802,0.029999732971191406
1967-10-31,-0.015843787561045986,0.039999961853027344
1967-11-01,-0.006343808818666474,0.059999942779541016
1967-11-02,-0.003998954323846782,0.010000228881835938
1967-11-03,-0.00608298175350086,0.039999961853027344
1967-11-06,-0.0032739898159706016,0.019999980926513672
1967-11-08,-0.003723626711519934,-0.03000020980834961
1967-11-09,0.004925276292290448,0.04000043869018555
1967-11-10,0.006746519191159095,0.04999971389770508
1967-11-13,-0.0026061244348829504,0.039999961853027344
1967-11-14,-0.0063263935818733685,-0.059999942779541016
1967-11-15,0.004040439496170833,-0.029999732971191406
1967-11-16,0.009112629072215661,-0.06000041961669922
1967-11-17,0.0023730053512469595,0.03000020980834961
1967-11-20,-0.01268513959051365,0.09999990463256836
1967-11-21,0.015697176958651582,-0.1399998664855957
1967-11-22,0.005890277290174772,-0.010000228881835938
1967-11-24,0.002665957280739484,0.08000040054321289
1967-11-27,0.0028712376135731077,-0.019999980926513672
1967-11-28,0.0033923461086970974,-0.1100001335144043
1967-11-29,-0.00021164948388996407,0.019999980926513672
1967-11-30,-0.0049875544326347665,0.06999969482421875
1967-12-01,0.005305052229693352,0.04000043869018555
1967-12-04,0.00632911900665345,-0.019999980926513672
1967-12-05,0.0013660999504025995,-0.020000457763671875
1967-12-06,0.004296082751610086,-0.04999971389770508
1967-12-07,-0.0011508147046637163,0.019999980926513672
1967-12-08,-0.0011521406051606675,0.009999752044677734
1967-12-11,-0.0031488996410962145,0.019999980926513672
1967-12-12,-0.001157109554514868,0.010000228881835938
1967-12-13,0.0034672396627026814,-0.039999961853027344
1967-12-14,0.0013626634305596852,-0.010000228881835938
1967-12-15,-0.0046194564184167675,0.010000228881835938
1967-12-18,-0.0027397503175716764,-0.03000020980834961
1967-12-19,-0.0014783465644931937,-0.019999980926513672
1967-12-20,0.005480088283012385,-0.039999961853027344
1967-12-21,0.0024142742951518414,0.019999980926513672
1967-12-22,-0.0018889743328331932,0.05000019073486328
1967-12-26,0.0006301080569368622,-0.05000019073486328
1967-12-27,0.0068002721246518405,0.0
1967-12-28,-0.00020859512216109266,0.059999942779541016
1967-12-29,0.006030397035702073,0.0
1968-01-02,-0.0037387166504245783,-0.06999969482421875
1968-01-03,-0.00458862463494647,0.0
1968-01-04,-0.0032455408332596747,-0.11999988555908203
1968-01-05,0.006063811803598718,-0.03000020980834961
1968-01-08,0.007062766031763701,0.019999980926513672
1968-01-09,-0.0012427792079607869,0.019999980926513672
1968-01-10,0.00020719763222221133,-0.059999942779541016
1968-01-11,0.0010355815757385756,0.0
1968-01-12,0.0010344313746362133,-0.03000020980834961
1968-01-15,-0.0031065889404642277,0.059999942779541016
1968-01-16,-0.006242201716982976,0.03000020980834961
1968-01-17,-0.001880292061726685,-0.039999961853027344
1968-01-18,-0.0008368392991666695,0.07000017166137695
1968-01-19,-0.0033542977205067714,0.039999961853027344
1968-01-22,-0.012786131881764362,0.019999980926513672
1968-01-23,-0.003942624451494403,-0.05000019073486328
1968-01-24,-0.0052454810459332535,0.0
1968-01-25,0.0013943787528862828,-0.039999961853027344
1968-01-26,0.00160636068260267,0.010000228881835938
1968-01-29,-0.0010706476030390988,0.0
1968-01-30,-0.0049398628132104605,0.0
1968-01-31,-0.007022138027414471,0.009999752044677734
1968-02-01,0.0034632037076258726,0.039999961853027344
1968-02-02,-0.003138031300121469,0.0
1968-02-05,-0.004344461029054614,0.019999980926513672
1968-02-06,0.00032648178555660934,0.010000228881835938
1968-02-07,0.001739465904036841,-0.019999980926513672
1968-02-08,-0.012680493899586587,0.009999752044677734
1968-02-09,-0.011507107535515537,-0.009999752044677734
1968-02-13,-0.008830336416732365,-0.039999961853027344
1968-02-14,0.011941436473819955,-0.010000228881835938
1968-02-15,0.0017734837273550852,-0.029999732971191406
1968-02-16,-0.0037723773046405285,-0.010000228881835938
1968-02-19,0.0038830523150208407,0.03000020980834961
1968-02-20,0.010245204773789318,0.009999752044677734
1968-02-21,0.0,0.0
1968-02-23,-0.003843396587474679,0.019999980926513672
1968-02-26,-0.007842301038389898,0.019999980926513672
1968-02-27,0.0038735976263746252,0.0
1968-02-28,-0.004983089285023112,-0.009999752044677734
1968-02-29,-0.008025023127163244,-0.010000228881835938
1968-03-01,-0.002801593117154333,0.0
1968-03-04,-0.013444279205052645,0.010000228881835938
1968-03-05,-0.00227735180340094,0.019999980926513672
1968-03-06,0.017403545668205567,0.019999980926513672
1968-03-07,-0.0017941657824991353,0.059999942779541016
1968-03-08,-0.0007859394768621186,0.07999992370605469
1968-03-11,0.012279664220320896,0.0
1968-03-12,0.0011089611158361379,0.039999961853027344
1968-03-13,-0.0022190686490564104,0.07000017166137695
1968-03-14,-0.019176355488093044,0.08999967575073242
1968-03-15,0.00879273827785454,-0.1099996566772461
1968-03-18,0.005484348381869175,-0.07999992370605469
1968-03-19,-0.006719685869684078,0.009999752044677734
1968-03-20,-0.00011231675875578162,-0.039999961853027344
1968-03-21,-0.007331841617983947,0.03000020980834961
1968-03-22,0.0010183462027502088,-0.020000457763671875
1968-03-25,-0.0010183462027502088,0.0
1968-03-26,0.006769725356445377,0.04000043869018555
1968-03-27,0.008175232728508952,0.0
1968-03-28,-0.001004340491714828,0.0
1968-03-29,0.007008954155359071,-0.019999980926513672
1968-04-01,0.024963047987746734,-0.12000036239624023
1968-04-02,0.0017285660131722835,-0.019999980926513672
1968-04-03,0.008919535018069524,-0.13000011444091797
1968-04-04,0.00395062306585281,0.03000020980834961
1968-04-05,-0.005878234533535753,0.0
1968-04-08,0.01763747433096441,0.019999980926513672
1968-04-10,0.007554345433185894,-0.009999752044677734
1968-04-11,0.008949077663883642,0.009999752044677734
1968-04-15,0.0006213500625618096,0.059999942779541016
1968-04-16,0.000310609275657292,0.019999980926513672
1968-04-17,0.001964481960545328,0.0
1968-04-18,0.0027851302062504857,0.019999980926513672
1968-04-19,-0.012750946147489728,0.12000036239624023
1968-04-22,-0.0055448045432582305,0.019999980926513672
1968-04-23,0.013546138523952145,-0.05000019073486328
1968-04-24,0.003100089502989789,-0.010000228881835938
1968-04-25,-0.003100089502989789,0.0
1968-04-26,0.0060877898620397275,-0.009999752044677734
1968-04-29,0.007787744401579033,0.019999980926513672
1968-04-30,-0.005219293795037494,0.009999752044677734
1968-05-01,0.005219293795037494,-0.009999752044677734
1968-05-02,0.0063084776255939445,0.03000020980834961
1968-05-03,0.0007098334819595209,0.039999961853027344
1968-05-06,-0.003147103603788004,-0.019999980926513672
1968-05-07,0.0055767247368834205,0.009999752044677734
1968-05-08,0.00010112871924228273,0.010000228881835938
1968-05-09,-0.0052712161021268855,-0.010000228881835938
1968-05-10,0.0011173815037590629,0.0
1968-05-13,-0.003152146132742395,0.0
1968-05-14,-0.0007131546629413066,0.03000020980834961
1968-05-15,-0.0005097410899459476,0.029999732971191406
1968-05-16,-0.004804028507371605,0.05000019073486328
1968-05-17,-0.007197943141377117,0.019999980926513672
1968-05-20,-0.004654826932754652,0.039999961853027344
1968-05-21,0.004964363942020711,0.059999942779541016
1968-05-22,0.002575860465141133,0.0
1968-05-23,-0.0021632672131550734,-0.039999961853027344
1968-05-24,0.0018545266249541115,-0.019999980926513672
1968-05-27,-0.001648333149685044,-0.039999961853027344
1968-05-28,0.006474560214258851,0.019999980926513672
1968-05-29,0.0030683814700749323,0.009999752044677734
1968-05-31,0.007731494689216412,-0.08999967575073242
1968-06-03,0.013187864869580679,-0.07000017166137695
1968-06-04,0.0038927972416251677,-0.009999752044677734
1968-06-05,-0.004893382431120585,0.029999732971191406
1968-06-06,0.007579592812226643,0.019999980926513672
1968-06-07,0.006141016949793077,-0.009999752044677734
1968-06-10,0.0013815575399789282,-0.019999980926513672
1968-06-11,0.0024622063060455446,-0.010000228881835938
1968-06-13,-0.0040412420552167205,-0.029999732971191406
1968-06-14,-0.0011859152314945831,-0.04000043869018555
1968-06-17,-0.009937476465604611,-0.009999752044677734
1968-06-18,-0.0013991546662328602,0.0
1968-06-20,0.015087177217554704,-0.09000015258789062
1968-06-21,-0.008408799111679244,-0.019999980926513672
1968-06-24,-0.0026859431055612504,0.010000228881835938
1968-06-25,-0.003092710169065427,0.029999732971191406
1968-06-27,-0.0009996848930908797,0.010000228881835938
1968-06-28,-0.004008839959662502,-0.010000228881835938
1968-07-01,-0.0018092305883898874,-0.019999980926513672
1968-07-02,0.0034146496865625764,-0.039999961853027344
1968-07-03,0.011662288067299187,-0.009999752044677734
1968-07-08,0.010155362094054432,-0.039999961853027344
1968-07-09,0.002840780744652882,-0.019999980926513672
1968-07-11,0.001563836019687237,0.009999752044677734
1968-07-12,-0.000488478032487194,0.010000228881835938
1968-07-15,-0.0007819570511520268,0.029999732971191406
1968-07-16,-0.005491337494976989,0.010000228881835938
1968-07-18,-0.0025597582906566885,-0.010000228881835938
1968-07-19,-0.00970788554785873,-0.029999732971191406
1968-07-22,-0.011311970547227546,-0.08000040054321289
1968-07-23,-0.0012088522276840763,-0.06999969482421875
1968-07-25,-0.012883735231894455,-0.010000228881835938
1968-07-26,0.004075753542785776,0.019999980926513672
1968-07-29,-0.007041151795839085,0.019999980926513672
1968-07-30,0.0009211970370648359,0.0
1968-08-01,-0.0047174643162417595,-0.029999732971191406
1968-08-02,-0.006704182081993082,-0.039999961853027344
1968-08-05,0.002274150510412909,0.029999732971191406
1968-08-06,0.004121608400625476,0.010000228881835938
1968-08-08,-0.002161708428225495,-0.010000228881835938
1968-08-09,-0.00030918607641439166,0.019999980926513672
1968-08-12,0.010255448083218432,0.03000020980834961
1968-08-13,0.005291521868096893,0.009999752044677734
1968-08-15,-0.00467955165281797,0.019999980926513672
1968-08-16,0.006200788461322659,-0.029999732971191406
1968-08-19,0.003237555380853685,0.009999752044677734
1968-08-20,-0.0004041313018463555,0.0
1968-08-22,-0.0026308033128401576,0.07000017166137695
1968-08-23,-0.00010126659785569814,-0.03000020980834961
1968-08-26,0.0025299815531383274,-0.009999752044677734
1968-08-27,-0.0013148409764029978,0.0
1968-08-29,-0.0007086783029706112,-0.03000020980834961
1968-08-30,0.0012146028568986722,-0.009999752044677734
1968-09-03,0.00464224351460274,-0.010000228881835938
1968-09-04,0.007023174860820269,0.019999980926513672
1968-09-05,0.007172786683985244,0.03000020980834961
1968-09-06,0.004555807585536087,0.019999980926513672
1968-09-09,0.000296462074454773,0.009999752044677734
1968-09-10,-0.0049514854914649575,0.020000457763671875
1968-09-12,-0.0020870240009323027,-0.020000457763671875
1968-09-13,0.0033767434203397784,-0.009999752044677734
1968-09-16,0.0037604918762141892,-0.019999980926513672
1968-09-17,0.002564883905574966,0.0
1968-09-19,0.0008862705736794041,-0.03000020980834961
1968-09-20,0.0006888789863443989,0.019999980926513672
1968-09-23,0.005689021693085827,0.0
1968-09-24,0.0034174566681164364,-0.009999752044677734
1968-09-26,-0.002244409148685733,0.009999752044677734
1968-09-27,-0.0004886212263643941,0.010000228881835938
1968-09-30,0.0035125474484862806,0.029999732971191406
1968-10-01,0.0018489028040749034,0.0
1968-10-03,0.0034937982662288647,0.010000228881835938
1968-10-04,0.004735889227071688,0.019999980926513672
1968-10-07,-9.644796711416603e-05,0.03000020980834961
1968-10-08,0.0003856625243301437,0.019999980926513672
1968-10-10,-0.004347173448894459,0.039999961853027344
1968-10-11,-0.0010655361079940917,0.0
1968-10-14,0.001355926499737592,0.009999752044677734
1968-10-15,0.0020304487132616345,0.03000020980834961
1968-10-17,0.004625654916538657,-0.07000017166137695
1968-10-18,0.007757521558848346,-0.009999752044677734
1968-10-21,0.0016204967172663842,0.009999752044677734
1968-10-22,-0.004008386487749149,0.0
1968-10-24,-0.00700548300317827,0.03000020980834961
1968-10-25,0.003460882342831262,-0.010000228881835938
1968-10-28,-0.0028831872405481462,0.010000228881835938
1968-10-29,-0.005791507122952844,0.009999752044677734
1968-10-31,0.001064298942114128,-0.009999752044677734
1968-11-01,-0.0033903853994718958,0.0
1968-11-04,0.00038805701202004883,0.019999980926513672
1968-11-06,0.0016475089540097798,-0.010000228881835938
1968-11-07,0.0022247275284890122,0.010000228881835938
1968-11-08,0.004338372240658472,0.019999980926513672
1968-11-12,0.006424779249317503,0.029999732971191406
1968-11-13,0.004862889266761705,-0.019999980926513672
1968-11-14,0.0006656178323432016,0.0
1968-11-15,0.00549818280331138,0.019999980926513672
1968-11-18,0.0013226208037346865,0.03000020980834961
1968-11-19,0.002074896747759958,0.029999732971191406
1968-11-21,-0.0016029249432385484,-0.009999752044677734
1968-11-22,0.0031092673507462365,0.009999752044677734
1968-11-25,0.0016918915564616555,0.010000228881835938
1968-11-26,0.007298607857875616,0.010000228881835938
1968-11-27,0.004650738454918368,0.0
1968-11-29,0.005644771353316536,0.019999980926513672
1968-12-02,-0.0023095764680540753,0.1099996566772461
1968-12-03,-0.0009253827235546908,0.07000017166137695
1968-12-05,-0.0032453872663289474,-0.03000020980834961
1968-12-06,0.002411894843336704,-0.019999980926513672
1968-12-09,-0.002504724516472656,0.010000228881835938
1968-12-10,-0.002511084961695609,0.009999752044677734
1968-12-12,-0.0006520394728033452,0.010000228881835938
1968-12-13,0.0024197511516792503,-0.010000228881835938
1968-12-16,-0.004471810659029352,0.03000020980834961
1968-12-17,-0.0041167236995907075,0.009999752044677734
1968-12-19,0.002902193222802829,0.10000038146972656
1968-12-20,-0.005906959091229069,0.06999969482421875
1968-12-23,-0.010683129520158374,0.09000015258789062
1968-12-24,-0.0016171054077638303,0.039999961853027344
1968-12-26,0.0010466779496294265,-0.09999990463256836
1968-12-27,-0.0039068482043713715,0.029999732971191406
1968-12-30,-0.009015068323634523,0.010000228881835938
1968-12-31,0.0005778441606967277,-0.05000019073486328
1969-01-02,0.0006737542438406408,-0.11999988555908203
1969-01-03,0.0005771215927987683,-0.029999732971191406
1969-01-06,-0.014724635405076292,0.029999732971191406
1969-01-07,-0.012273706878579205,0.09999990463256836
1969-01-08,-0.004157991933189997,-0.04999971389770508
1969-01-09,0.004157991933189997,-0.05000019073486328
1969-01-10,-0.002869167571426523,-0.009999752044677734
1969-01-13,-0.004866651677910561,0.009999752044677734
1969-01-14,0.0068462321586588715,0.0
1969-01-15,0.0048336024383983656,-0.019999980926513672
1969-01-16,0.00549557369574849,-0.039999961853027344
1969-01-17,-0.0014690911662462725,-0.010000228881835938
1969-01-20,-0.003337881911686935,-0.019999980926513672
1969-01-21,-0.0005902536870010522,0.019999980926513672
1969-01-22,0.003438008420210359,0.06000041961669922
1969-01-23,0.004402892883225817,-0.010000228881835938
1969-01-24,-0.0004882872256963822,-0.009999752044677734
1969-01-27,0.0001953733044617323,0.019999980926513672
1969-01-28,9.767234007185266e-05,0.019999980926513672
1969-01-29,0.0009759757879095332,0.039999961853027344
1969-01-30,0.0003901386425697595,0.04999971389770508
1969-01-31,0.004475577356570781,0.05000019073486328
1969-02-03,-0.0011656411780496256,0.029999732971191406
1969-02-04,0.00029151916685421497,-0.019999980926513672
1969-02-05,0.0027168538536708198,-0.009999752044677734
1969-02-06,0.003289196839847186,0.009999752044677734
1969-02-07,-9.660632880681419e-05,-0.059999942779541016
1969-02-11,0.0011584396160380095,-0.039999961853027344
1969-02-13,0.0005786801706353373,-0.009999752044677734
1969-02-14,-0.0009646776193630302,0.019999980926513672
1969-02-17,-0.011356570990644244,0.029999732971191406
1969-02-18,-0.010204178958674426,0.019999980926513672
1969-02-19,-0.007423938959149723,0.039999961853027344
1969-02-20,-0.00858118017528664,0.03000020980834961
1969-02-24,-0.011996740937616934,-0.010000228881835938
1969-02-25,-0.006307835661299777,0.019999980926513672
1969-02-26,0.004785363615241955,0.0
1969-02-27,-0.0031537496445217528,0.03000020980834961
1969-02-28,-0.0001019222133820108,-0.009999752044677734
1969-03-03,0.0025444012199171695,-0.010000228881835938
1969-03-04,0.00950945411821369,-0.010000228881835938
1969-03-05,0.003919006091487098,0.0
1969-03-06,-0.01018104813889753,0.020000457763671875
1969-03-07,-0.000506667583677789,0.009999752044677734
1969-03-10,0.003440565415225194,0.0
1969-03-11,0.003328144215863027,0.03000020980834961
1969-03-12,-0.0027221536124786283,0.009999752044677734
1969-03-13,-0.006685637280551049,0.010000228881835938
1969-03-14,-0.003971688003711726,-0.010000228881835938
1969-03-17,0.002547772078798083,0.039999961853027344
1969-03-18,0.0024397477424189518,0.0
1969-03-19,0.007283807941846021,-0.029999732971191406
1969-03-20,0.006330061507700435,-0.010000228881835938
1969-03-21,-0.0021055714523923186,-0.019999980926513672
1969-03-24,-0.0013056523243966112,-0.009999752044677734
1969-03-25,0.0016067854347410204,0.019999980926513672
1969-03-26,0.007298165024343106,0.019999980926513672
1969-03-27,0.00704751631002587,0.009999752044677734
1969-03-28,0.004047225907214624,-0.029999732971191406
1969-04-01,-0.0008870445281763395,-0.05000019073486328
1969-04-02,-0.006330381172796606,0.0
1969-04-03,-0.0009927378416376698,0.010000228881835938
1969-04-07,-0.007877598864439506,0.019999980926513672
1969-04-08,0.002499626372994612,-0.03000020980834961
1969-04-09,0.008749283002703834,-0.059999942779541016
1969-04-10,0.005232834268649178,-0.010000228881835938
1969-04-11,0.0009842370072927764,-0.029999732971191406
1969-04-14,-0.0007873421386381807,-0.09000015258789062
1969-04-15,-0.0003939036567706111,0.05000019073486328
1969-04-16,-0.00890391263868029,-0.010000228881835938
1969-04-17,0.001489514488525856,0.03000020980834961
1969-04-18,0.004554003436368248,0.029999732971191406
1969-04-21,-0.00673937457237983,-0.019999980926513672
1969-04-22,0.0021853711360115824,-0.019999980926513672
1969-04-23,0.00019847477274392844,0.0
1969-04-24,0.004651798283198616,0.019999980926513672
1969-04-25,0.004433768358698131,0.010000228881835938
1969-04-28,0.003042923168515621,0.039999961853027344
1969-04-29,0.0074212052085504965,0.019999980926513672
1969-04-30,0.008717621183824242,-0.010000228881835938
1969-05-01,-0.0017374550818569645,0.05000019073486328
1969-05-02,0.004722652107799874,-0.019999980926513672
1969-05-05,0.003551405006406938,-0.039999961853027344
1969-05-06,0.004683828817239721,0.029999732971191406
1969-05-07,-0.001813606591822392,0.0
1969-05-08,0.00409973699135513,-0.019999980926513672
1969-05-09,-0.0004758070230161948,0.03000020980834961
1969-05-12,-0.0015242801869916889,0.039999961853027344
1969-05-13,0.004281003136037853,-0.019999980926513672
1969-05-14,0.007754245229501855,-0.010000228881835938
1969-05-15,-0.0029244413546924974,0.020000457763671875
1969-05-16,0.0008499359961682273,0.04999971389770508
1969-05-19,-0.009198312484786086,0.05000019073486328
1969-05-20,-0.008899157296559324,0.0
1969-05-21,0.0041245111539263135,0.0
1969-05-22,0.0012435765089300332,0.0
1969-05-23,-9.56272908476663e-05,0.019999980926513672
1969-05-26,-0.00220144363517516,0.059999942779541016
1969-05-27,-0.0075987564628254844,0.09999990463256836
1969-05-28,-0.0029976095148391835,0.019999980926513672
1969-05-29,0.0019349555868917179,0.0
1969-06-02,-0.005038737784877512,0.0
1969-06-03,-0.003016057045754472,-0.009999752044677734
1969-06-04,-0.0003898344925747921,0.009999752044677734
1969-06-05,0.0016557666271559413,-0.019999980926513672
1969-06-06,-0.006247573761307912,-0.019999980926513672
1969-06-09,-0.009049892571260543,0.07000017166137695
1969-06-10,-0.007737354325060508,-0.03000020980834961
1969-06-11,-0.01373656841775972,0.0
1969-06-12,-0.008007755473742328,-0.019999980926513672
1969-06-13,0.003961199455132736,-0.029999732971191406
1969-06-16,-0.003350785782349597,-0.020000457763671875
1969-06-17,-0.0037703489196081463,0.03000020980834961
1969-06-18,-0.0014303168925682286,0.010000228881835938
1969-06-19,-0.0058446688624167464,0.039999961853027344
1969-06-20,-0.005879029944060754,0.019999980926513672
1969-06-23,-0.004561903282432667,0.009999752044677734
1969-06-24,0.011263320526735399,0.03000020980834961
1969-06-25,-0.0031904267856086577,0.0
1969-06-26,0.0024708945046398867,-0.010000228881835938
1969-06-27,0.0008223027526961246,0.039999961853027344
1969-06-30,0.0038966133351570065,0.07000017166137695
1969-07-01,0.0037795922704830787,0.019999980926513672
1969-07-02,0.00873013961829372,0.019999980926513672
1969-07-03,0.00674893680930122,-0.019999980926513672
1969-07-07,-0.0058397450778748805,0.010000228881835938
1969-07-08,-0.014238027101594497,0.029999732971191406
1969-07-09,-0.0077117242105329,0.03000020980834961
1969-07-10,-0.015604186820612043,-0.039999961853027344
1969-07-11,0.004080564407617615,-0.1400003433227539
1969-07-14,-0.012820621100368967,0.05000019073486328
1969-07-15,-0.0032841301458255145,0.029999732971191406
1969-07-16,0.009925141663970294,-0.04999971389770508
1969-07-17,0.006075244658622303,0.019999980926513672
1969-07-18,-0.008494678440276182,0.009999752044677734
1969-07-22,-0.015175123849155092,-0.039999961853027344
1969-07-23,-0.0042862677902482105,0.019999980926513672
1969-07-24,-0.003442340800734023,0.019999980926513672
1969-07-25,-0.008006160808109009,0.010000228881835938
1969-07-28,-0.020300236349664047,0.019999980926513672
1969-07-29,-0.008125101381752486,-0.010000228881835938
1969-07-30,0.0050164191819561665,0.0
1969-07-31,0.020907468245138006,-0.059999942779541016
1969-08-01,0.01770148068928723,0.0
1969-08-04,-0.005148604736915807,-0.029999732971191406
1969-08-05,0.004506507572023644,-0.03000020980834961
1969-08-06,0.005444891494450488,0.019999980926513672
1969-08-07,0.0007450343200465781,0.010000228881835938
1969-08-08,-0.0005320643160917626,0.009999752044677734
1969-08-11,-0.0061933120719306345,0.05000019073486328
1969-08-12,-0.00784996090108514,0.009999752044677734
1969-08-13,0.0007554060361849579,0.0
1969-08-14,0.006880261636571738,-0.019999980926513672
1969-08-15,0.007046080982418879,0.0
1969-08-18,0.006045515530433754,-0.019999980926513672
1969-08-19,0.005273161360490164,-0.009999752044677734
1969-08-20,0.0,0.009999752044677734
1969-08-21,0.0029408568825752823,0.019999980926513672
1969-08-22,0.005960175586361416,0.03000020980834961
1969-08-25,-0.010374710521412034,0.009999752044677734
1969-08-26,-0.006658559106816675,0.04000043869018555
1969-08-27,0.0020127641848928235,0.029999732971191406
1969-08-28,0.004224333366937394,0.039999961853027344
1969-08-29,0.006512656859743338,0.0
1969-09-02,0.00031404113126676236,0.039999961853027344
1969-09-03,-0.005878639079917036,0.07000017166137695
1969-09-04,-0.00824622927882146,0.019999980926513672
1969-09-05,-0.005962513081092524,0.029999732971191406
1969-09-08,-0.010089196453631821,0.04000043869018555
1969-09-09,0.00730872047881892,0.009999752044677734
1969-09-10,0.016673244987780222,-0.019999980926513672
1969-09-11,-0.007717918889836639,0.03000020980834961
1969-09-12,-0.0009557098472514625,0.029999732971191406
1969-09-15,0.007830785975268206,0.010000228881835938
1969-09-16,0.0008428427618198953,0.04999971389770508
1969-09-17,-0.002003003283438609,0.0
1969-09-18,0.0014763198605169947,0.13000011444091797
1969-09-19,0.003051198216240003,0.010000228881835938
1969-09-22,0.004611629729595279,-0.019999980926513672
1969-09-23,0.0,0.0
1969-09-24,-0.0013603021538415305,0.009999752044677734
1969-09-25,-0.007673379426482718,0.03000020980834961
1969-09-26,-0.0064573662157707545,0.09999990463256836
1969-09-29,-0.007997056754992293,0.04999971389770508
1969-09-30,-0.003109431611229674,0.06000041961669922
1969-10-01,-0.006464212398300084,0.009999752044677734
1969-10-02,0.007751990176552148,-0.07000017166137695
1969-10-03,-0.0005363452607403119,-0.06999969482421875
1969-10-06,0.002036714134111328,-0.03000020980834961
1969-10-07,-0.0031104323408843726,-0.039999961853027344
1969-10-08,-0.0045219519492203375,-0.019999980926513672
1969-10-09,0.0038772328191321037,0.010000228881835938
1969-10-10,0.005680906962567178,-0.08000040054321289
1969-10-14,0.022615350948685276,-0.11999988555908203
1969-10-15,0.0002090092229138918,0.019999980926513672
1969-10-16,0.00676770257055459,-0.07999992370605469
1969-10-17,-0.0011420922963205626,-0.05000019073486328
1969-10-20,0.0020755190823020797,-0.15999984741210938
1969-10-21,0.007642274920145908,-0.059999942779541016
1969-10-22,0.006460617116328393,0.03000020980834961
1969-10-23,-0.003789269164554021,0.09999990463256836
1969-10-24,0.0067492193608771345,0.0
1969-10-27,-0.0015299255658396405,0.029999732971191406
1969-10-28,-0.0031692256844459976,0.07000017166137695
1969-10-29,-0.008741826618627435,0.0
1969-10-30,0.0012388021394844628,-0.039999961853027344
1969-10-31,0.0019582839385501316,-0.019999980926513672
1969-11-03,0.00030883593839003964,-0.039999961853027344
1969-11-05,0.005031047743847772,0.06999969482421875
1969-11-06,0.00030719143830637563,0.04000043869018555
1969-11-07,0.006022617769067651,-0.020000457763671875
1969-11-10,0.0007121389324984406,0.0
1969-11-12,-0.004484794375327894,0.07000017166137695
1969-11-13,-0.004812883455336703,0.059999942779541016
1969-11-14,-0.003599145002665338,-0.039999961853027344
1969-11-17,-0.006822395919226842,0.05000019073486328
1969-11-18,-0.00020751319726208806,0.08999967575073242
1969-11-19,-0.005096457663233522,0.03000020980834961
1969-11-20,-0.010376885073064557,0.059999942779541016
1969-11-21,-0.006235859733894955,-0.029999732971191406
1969-11-24,-0.011516461737118178,-0.010000228881835938
1969-11-25,-0.0032226413310016966,0.010000228881835938
1969-11-26,0.0035443268217436597,0.019999980926513672
1969-11-28,0.005772957365645759,-0.010000228881835938
1969-12-01,-0.006309130073391067,0.0
1969-12-02,-0.006133334838807514,0.059999942779541016
1969-12-03,-0.01085197826595774,0.039999961853027344
1969-12-04,0.0032679269263189425,-0.039999961853027344
1969-12-05,-0.0023954017436382813,0.0
1969-12-08,-0.009749839193857746,0.05000019073486328
1969-12-09,-0.0031974588916332536,0.09999990463256836
1969-12-10,-0.0007733491226300515,0.09000015258789062
1969-12-11,0.00044191477109034594,0.029999732971191406
1969-12-12,0.003198601136620738,-0.019999980926513672
1969-12-15,-0.0029776326972958955,0.03000020980834961
1969-12-16,-0.009098028861963314,0.08999967575073242
1969-12-17,-0.005812717884272622,0.04000043869018555
1969-12-18,0.01568358359656674,0.04999971389770508
1969-12-19,0.00846201710841843,-0.019999980926513672
1969-12-22,-0.008793147735570273,-0.029999732971191406
1969-12-23,-0.0038714551322529545,0.059999942779541016
1969-12-24,0.010473574921661566,0.06999969482421875
1969-12-26,0.007756624738340712,-0.019999980926513672
1969-12-29,-0.006989210407994939,0.18000030517578125
1969-12-30,0.0038282625594172615,-0.08000040054321289
1969-12-31,0.005009256847348098,-0.08999967575073242
1970-01-02,0.010158981283890256,-0.019999980926513672
1970-01-05,0.004934034323096803,0.019999980926513672
1970-01-06,-0.006871396951146913,0.07999992370605469
1970-01-07,-0.002049096910377912,0.029999732971191406
1970-01-08,0.0005396692421371085,-0.029999732971191406
1970-01-09,-0.0030257076954862683,-0.09999990463256836
1970-01-12,-0.007604649178862388,-0.039999961853027344
1970-01-13,0.0023962676377937697,-0.010000228881835938
1970-01-14,-0.0029416226857179595,0.05000019073486328
1970-01-15,0.00032726536044336285,-0.010000228881835938
1970-01-16,-0.008324277449978545,-0.09999990463256836
1970-01-19,-0.014066761773615433,-0.059999942779541016
1970-01-20,0.0020057985531272138,0.029999732971191406
1970-01-21,0.0013349108446041313,-0.029999732971191406
1970-01-22,0.0010000997372650033,-0.019999980926513672
1970-01-23,-0.007468940080531006,0.019999980926513672
1970-01-26,-0.01351833779439282,0.019999980926513672
1970-01-27,-0.006257434599342915,-0.010000228881835938
1970-01-28,-0.009517895527352493,0.0
1970-01-29,-0.012755257032746492,0.07000017166137695
1970-01-30,-0.007849677725575432,-0.019999980926513672
1970-02-02,0.008549602599452477,-0.09999990463256836
1970-02-03,0.011824815071626915,-0.07000017166137695
1970-02-04,-0.0061268187277514485,-0.07999992370605469
1970-02-05,-0.003950235636282606,-0.05000019073486328
1970-02-06,0.0049933367037349186,-0.08999967575073242
1970-02-09,0.007845895672106806,-0.07999992370605469
1970-02-10,-0.010513685417969931,0.039999961853027344
1970-02-11,0.009708859930638525,0.009999752044677734
1970-02-13,-0.004611508266174624,-0.17999982833862305
1970-02-16,-0.0008091982865687797,0.019999980926513672
1970-02-17,-0.0011571219970303304,-0.019999980926513672
1970-02-18,0.012312446696835622,-0.03000020980834961
1970-02-19,0.0036529685194928163,-0.029999732971191406
1970-02-20,0.003071811297208349,0.029999732971191406
1970-02-24,-0.0004545042265515775,0.019999980926513672
1970-02-25,0.015338077148524754,-0.09999990463256836
1970-02-26,-0.00504906484403822,-0.09999990463256836
1970-02-27,0.006726465596958775,-0.039999961853027344
1970-03-02,0.002343610084972525,0.04999971389770508
1970-03-03,0.005779767844811268,0.039999961853027344
1970-03-04,-0.0021079770040550727,-0.019999980926513672
1970-03-05,-0.00044435587627322803,0.010000228881835938
1970-03-06,-0.006241633626895116,-0.019999980926513672
1970-03-09,-0.010452472587114237,0.029999732971191406
1970-03-10,0.0027078642392694974,0.05000019073486328
1970-03-11,-0.0006762574397516374,0.07000017166137695
1970-03-12,-0.004067349429029754,0.04999971389770508
1970-03-13,-0.005335175992245311,0.07000017166137695
1970-03-16,-0.010871502908329944,0.009999752044677734
1970-03-17,0.00436277664943141,0.12000036239624023
1970-03-18,0.0028599229855377217,-0.07999992370605469
1970-03-19,-0.001371773731459136,-0.21000003814697266
1970-03-20,-0.004126560408328039,-0.010000228881835938
1970-03-23,-0.0008043631190970402,-0.009999752044677734
1970-03-24,0.011316409113963921,-0.03000020980834961
1970-03-25,0.02014125229755237,-0.059999942779541016
1970-03-26,0.0016695594084579213,0.019999980926513672
1970-03-30,-0.003230311056515056,0.07000017166137695
1970-03-31,0.0,0.029999732971191406
1970-04-01,0.004897087681731804,-0.039999961853027344
1970-04-02,-0.0031135216784097253,0.039999961853027344
1970-04-03,-0.004464808457235847,0.059999942779541016
1970-04-06,-0.007072690139914961,0.03000020980834961
1970-04-07,-0.0027076448719185464,0.009999752044677734
1970-04-08,-0.00033895012163220883,-0.009999752044677734
1970-04-09,0.0004519366960433757,0.009999752044677734
1970-04-10,-0.0032811130984509163,-0.009999752044677734
1970-04-13,-0.006822842972963095,0.029999732971191406
1970-04-14,-0.008594563936264343,0.019999980926513672
1970-04-15,-0.0018430604247701154,0.05000019073486328
1970-04-16,-0.009848942372974179,0.07000017166137695
1970-04-17,-0.002448256426348827,0.059999942779541016
1970-04-20,0.0018659324610279526,0.039999961853027344
1970-04-21,-0.00525676790273355,0.059999942779541016
1970-04-22,-0.013085959212090437,0.1100001335144043
1970-04-23,-0.01470345950609353,0.029999732971191406
1970-04-24,-0.0032567941027830116,0.07999992370605469
1970-04-27,-0.015953545358646792,0.019999980926513672
1970-04-28,-0.014716180658326472,0.05000019073486328
1970-04-29,0.019003545360253504,-0.009999752044677734
1970-04-30,-0.0035511079480077257,0.039999961853027344
1970-05-01,-0.0009817649550178942,0.029999732971191406
1970-05-04,-0.025746085072615443,0.09000015258789062
1970-05-05,-0.00974881768562863,-0.019999980926513672
1970-05-06,0.011007927290697772,-0.059999942779541016
1970-05-07,0.004519789281991038,-0.039999961853027344
1970-05-08,-0.004897346125008362,-0.039999961853027344
1970-05-11,-0.010630370447680448,0.039999961853027344
1970-05-12,-0.00958780134217907,0.019999980926513672
1970-05-13,-0.017101073808582612,0.009999752044677734
1970-05-14,-0.014345134183754382,0.010000228881835938
1970-05-15,0.019168225666549965,-0.03000020980834961
1970-05-18,0.0007798981073285915,-0.029999732971191406
1970-05-19,-0.01968309205775931,0.0
1970-05-20,-0.026045270016257227,0.04999971389770508
1970-05-21,-0.018671505883069095,0.05000019073486328
1970-05-22,0.0012464004883216973,0.08999967575073242
1970-05-25,-0.028072018778686036,0.15999984741210938
1970-05-26,-0.013759699361585831,0.07000064849853516
1970-05-27,0.049003127375989664,-0.19999980926513672
1970-05-28,0.024970818435723352,-0.04000043869018555
1970-05-29,0.025669607305911946,-0.03000020980834961
1970-06-01,0.016711228861227667,-0.1099996566772461
1970-06-02,0.0,-0.059999942779541016
1970-06-03,0.008697935824543812,-0.019999980926513672
1970-06-04,-0.014883467620871116,0.039999961853027344
1970-06-05,-0.015502198689151925,0.07999992370605469
1970-06-08,0.0015742197571153582,0.009999752044677734
1970-06-09,-0.0005244646152373633,-0.009999752044677734
1970-06-10,-0.010149650512694564,-0.010000228881835938
1970-06-11,-0.013740046835511777,0.05000019073486328
1970-06-12,-0.0076855999845353296,0.059999942779541016
1970-06-15,0.009430281147445818,0.0
1970-06-16,0.020832700076750754,-0.1100001335144043
1970-06-17,-0.001971759092644909,0.03000020980834961
1970-06-18,0.006688138878360839,0.0
1970-06-19,0.007033122208931708,0.0
1970-06-22,-0.005335475674895562,-0.039999961853027344
1970-06-23,-0.02483611453685519,-0.07000017166137695
1970-06-24,-0.010623389059418287,-0.05000019073486328
1970-06-25,0.0006756595038437396,0.020000457763671875
1970-06-26,-0.007458105359124723,0.019999980926513672
1970-06-29,-0.007925729226649914,-0.019999980926513672
1970-06-30,-0.0023349803649539425,-0.08000040054321289
1970-07-01,0.0030207521963960815,-0.039999961853027344
1970-07-02,-0.00027429415196333906,-0.08999967575073242
1970-07-06,-0.01575705598671462,-0.06000041961669922
1970-07-07,-0.007691743594939737,-0.029999732971191406
1970-07-08,0.02454531603004284,0.029999732971191406
1970-07-09,0.014416101371827139,0.0
1970-07-10,0.005252175619096633,0.05000019073486328
1970-07-13,0.001342364007149932,0.010000228881835938
1970-07-14,-0.0017453838323246984,-0.019999980926513672
1970-07-15,0.010825433880262025,-0.04000043869018555
1970-07-16,0.014646867151638432,-0.029999732971191406
1970-07-17,0.017529581041262787,-0.010000228881835938
1970-07-20,0.0012863196005961086,0.010000228881835938
1970-07-21,-0.010467208524433502,-0.010000228881835938
1970-07-22,0.0006492490542955309,-0.019999980926513672
1970-07-23,0.012513886171830357,-0.1099996566772461
1970-07-24,-0.00231036305474408,0.019999980926513672
1970-07-27,-0.002186894389425653,0.019999980926513672
1970-07-28,0.0015441402965379325,0.04999971389770508
1970-07-29,0.0034658179444644333,-0.019999980926513672
1970-07-30,0.0003843287367732984,-0.009999752044677734
1970-07-31,-0.00025617016172141405,0.0
1970-08-03,-0.013284601259933915,0.009999752044677734
1970-08-04,0.002204861788749568,0.010000228881835938
1970-08-05,-0.00012958652674033289,0.019999980926513672
1970-08-06,-0.0012964927621359479,0.009999752044677734
1970-08-07,0.0025913068069991496,0.019999980926513672
1970-08-10,-0.014073751465129902,0.05000019073486328
1970-08-11,-0.004999316580099666,0.039999961853027344
1970-08-12,-0.005289638511079886,0.019999980926513672
1970-08-13,-0.00878945639023243,0.019999980926513672
1970-08-14,0.005602231033427607,0.09000015258789062
1970-08-17,0.0019932439494141363,0.039999961853027344
1970-08-18,0.01148293649857024,-0.03000020980834961
1970-08-19,0.009924371818020639,-0.029999732971191406
1970-08-20,0.011369596369816826,-0.010000228881835938
1970-08-21,0.01782580404023637,-0.039999961853027344
1970-08-24,0.021844469013067247,-0.11999988555908203
1970-08-25,0.0016039098167066612,-0.019999980926513672
1970-08-26,0.0011088073196079407,-0.010000228881835938
1970-08-27,-0.0016020368536322493,0.03000020980834961
1970-08-28,0.009574134353190544,0.009999752044677734
1970-08-31,-0.004162130785093865,0.0
1970-09-01,-0.007016705310855187,-0.019999980926513672
1970-09-02,0.0001235518064142127,0.010000228881835938
1970-09-03,0.013860967518502854,0.0
1970-09-04,0.00897417496708286,-0.010000228881835938
1970-09-08,0.0025320937263657584,0.03000020980834961
1970-09-09,-0.0030151382335716903,0.039999961853027344
1970-09-10,-0.005936147445223305,-0.019999980926513672
1970-09-11,0.0026695027588878872,-0.019999980926513672
1970-09-14,-0.0054681095996693685,-0.019999980926513672
1970-09-15,-0.00868877868097151,-0.019999980926513672
1970-09-16,0.005271238698349556,-0.059999942779541016
1970-09-17,0.006094606802725444,-0.07999992370605469
1970-09-18,0.004002210468924794,-0.010000228881835938
1970-09-21,-0.00863068697571645,-0.019999980926513672
1970-09-22,-0.0006106497161519897,-0.009999752044677734
1970-09-23,0.0006106497161519897,-0.04000043869018555
1970-09-24,-0.003056797499205288,0.020000457763671875
1970-09-25,0.014226005979104173,0.019999980926513672
1970-09-28,0.012954502808928403,0.029999732971191406
1970-09-29,-0.0005960905044410936,-0.009999752044677734
1970-09-30,0.005233152188132806,-0.010000228881835938
1970-10-01,0.00023717996482464088,0.0
1970-10-02,0.009912801854176756,-0.029999732971191406
1970-10-05,0.015265664061438144,0.0
1970-10-06,0.004384928028574819,-0.020000457763671875
1970-10-07,0.00046046870871396806,-0.009999752044677734
1970-10-08,-0.010877247504039289,0.019999980926513672
1970-10-09,-0.010173684469058308,0.0
1970-10-13,-0.012061211320244958,0.0
1970-10-14,0.0015453778149838726,0.05000019073486328
1970-10-15,0.005448948256544739,0.0
1970-10-16,-0.004380552152796646,0.009999752044677734
1970-10-19,-0.013498350462231912,0.039999961853027344
1970-10-20,0.005875643273212994,0.019999980926513672
1970-10-21,0.00023914252470191855,0.05000019073486328
1970-10-22,-0.003352570275658273,0.039999961853027344
1970-10-23,0.004666468580385441,-0.019999980926513672
1970-10-26,-0.005506347410761059,0.0
1970-10-27,-0.002283180847189037,-0.019999980926513672
1970-10-28,0.003722580737301584,-0.039999961853027344
1970-10-29,-0.0008393752449169511,-0.07000017166137695
1970-10-30,-0.0013204564663791274,0.019999980926513672
1970-11-02,0.0031182818851194227,-0.09000015258789062
1970-11-04,0.010482493191692477,-0.009999752044677734
1970-11-05,-0.0034423551020879017,-0.03000020980834961
1970-11-06,0.0014258883927231736,-0.04999971389770508
1970-11-09,0.005328888800406162,-0.09000015258789062
1970-11-10,0.0014162960850914175,0.0
1970-11-12,-0.0075766833438377645,-0.029999732971191406
1970-11-13,-0.009312373402649676,-0.03000020980834961
1970-11-16,-0.0015605895050860852,-0.039999961853027344
1970-11-17,0.002759324625174031,-0.03000020980834961
1970-11-18,-0.00818000827795462,-0.06999969482421875
1970-11-19,0.0014484340886768976,-0.1400003433227539
1970-11-20,0.009722185860760568,-0.23999977111816406
1970-11-23,0.006191930308276916,-0.15999984741210938
1970-11-24,0.00638980905915254,0.12999963760375977
1970-11-25,0.003649825297384446,0.03000020980834961
1970-11-27,0.009823538053183256,0.0
1970-11-30,0.014671281041132467,0.009999752044677734
1970-12-01,0.003091595469729924,-0.009999752044677734
1970-12-02,0.011480684326610202,-0.07000017166137695
1970-12-03,0.004735583969799784,-0.09999990463256836
1970-12-04,0.006279428086921612,-0.09999990463256836
1970-12-07,0.005351220716621086,0.059999942779541016
1970-12-08,-0.005239421284174206,0.019999980926513672
1970-12-09,0.0007820758343859424,0.05000019073486328
1970-12-10,0.00423490274462246,0.0
1970-12-11,0.0037740522841485102,-0.03000020980834961
1970-12-14,-0.0051094087742828975,-0.04999971389770508
1970-12-15,-0.0015602297203951565,0.029999732971191406
1970-12-16,0.0006689436860058962,0.0
1970-12-17,0.0035603029488342486,0.010000228881835938
1970-12-18,0.001997119304005146,0.029999732971191406
1970-12-21,-0.003108337023149943,0.11999988555908203
1970-12-22,0.001111217719144797,0.07000017166137695
1970-12-23,0.0006661214723608921,0.05000019073486328
1970-12-24,0.005644441291098978,-0.039999961853027344
1970-12-28,0.005283399583520421,0.009999752044677734
1970-12-29,0.010809795745585049,0.019999980926513672
1970-12-30,0.002061240909723594,-0.04999971389770508
1970-12-31,-0.0013013245343529434,-0.010000228881835938
1971-01-04,-0.010911182809496545,-0.039999961853027344
1971-01-05,0.007105813005015449,0.009999752044677734
1971-01-06,0.005973359252473998,0.0
1971-01-07,0.00032478514864209274,-0.019999980926513672
1971-01-08,-0.0020587839782741923,-0.009999752044677734
1971-01-11,-0.0022804926847150853,-0.05000019073486328
1971-01-12,0.008013013588854534,-0.039999961853027344
1971-01-13,-0.0017271556880258387,-0.059999942779541016
1971-01-14,0.0025896161685263763,-0.07000017166137695
1971-01-15,0.0024753359813844966,0.0
1971-01-18,0.0040764364305792,-0.059999942779541016
1971-01-19,0.0037399035232921207,0.010000228881835938
1971-01-20,0.0002132520320410336,-0.019999980926513672
1971-01-21,0.004362444109968777,-0.059999942779541016
1971-01-22,0.007298861546718882,-0.03000020980834961
1971-01-25,0.00420700593383927,-0.009999752044677734
1971-01-26,0.0032482615297810824,0.019999980926513672
1971-01-27,-0.007349854211613938,0.019999980926513672
1971-01-28,0.003366649128260235,-0.010000228881835938
1971-01-29,0.007012412238419863,0.010000228881835938
1971-02-01,0.005616249066926926,0.0
1971-02-02,0.00010372969995930958,0.019999980926513672
1971-02-03,0.0020718639004853046,0.0
1971-02-04,-0.00010343603461659967,-0.010000228881835938
1971-02-05,0.0032032841000297907,0.0
1971-02-08,0.005350322984498668,-0.009999752044677734
1971-02-09,0.0006155641174068194,-0.019999980926513672
1971-02-10,-0.0012314290488149027,0.009999752044677734
1971-02-11,0.00532519706277057,0.0
1971-02-16,0.007630906155281281,0.03000020980834961
1971-02-17,-0.004673448640616584,0.0
1971-02-18,-0.0065386359604016064,0.0
1971-02-19,-0.008440603010401837,0.009999752044677734
1971-02-22,-0.01059966951962732,0.03000020980834961
1971-02-23,0.0038579383849066673,0.029999732971191406
1971-02-24,0.006638412720684883,-0.019999980926513672
1971-02-25,0.0023748859800667432,-0.04999971389770508
1971-02-26,-0.00216818096879301,0.029999732971191406
1971-03-01,0.0025806465934916645,-0.019999980926513672
1971-03-02,-0.00020617221147745113,-0.029999732971191406
1971-03-03,-0.00030945608089094634,-0.039999961853027344
1971-03-04,0.009955449853505272,0.0
1971-03-05,0.010564918768223741,-0.019999980926513672
1971-03-08,0.004235139704260149,-0.04000043869018555
1971-03-09,0.0008046855446082191,-0.08999967575073242
1971-03-10,-0.001609942297778666,-0.09999990463256836
1971-03-11,0.0009058970551052425,-0.1100001335144043
1971-03-12,0.0018094124961178792,0.029999732971191406
1971-03-15,0.011384179234267933,-0.019999980926513672
1971-03-16,0.004952466585666393,-0.019999980926513672
1971-03-17,-0.0008895995948332569,-0.06999969482421875
1971-03-18,0.0006920043084628347,-0.059999942779541016
1971-03-19,-0.001780418878825074,-0.039999961853027344
1971-03-22,-0.003868470630041365,-0.09000015258789062
1971-03-23,-0.0033848112426078103,-0.039999961853027344
1971-03-24,-0.0066032859014200085,0.029999732971191406
1971-03-25,-0.00010040793123877734,0.019999980926513672
1971-03-26,0.0034074631290774704,0.05000019073486328
1971-03-29,0.0008000983801546013,0.059999942779541016
1971-03-30,0.00229670434854512,-0.039999961853027344
1971-03-31,0.0004985334145164444,0.03000020980834961
1971-04-01,0.0007972280668502307,0.04999971389770508
1971-04-02,0.0016919453802559659,0.019999980926513672
1971-04-05,0.002284613446413175,0.03000020980834961
1971-04-06,0.007118183390571353,-0.03000020980834961
1971-04-07,0.0046194117037057225,-0.019999980926513672
1971-04-08,0.0011759616810973483,0.039999961853027344
1971-04-12,0.0076105235666856785,0.1100001335144043
1971-04-13,0.0009715934235527968,-0.010000228881835938
1971-04-14,0.003779983934878217,0.05000019073486328
1971-04-15,0.0014499871739239723,0.03000020980834961
1971-04-16,-0.0002898292865358698,0.019999980926513672
1971-04-19,0.005012099865565389,0.059999942779541016
1971-04-20,-0.003853212749228341,0.08999967575073242
1971-04-21,-0.0024158102151208283,0.07000017166137695
1971-04-22,0.0019330853691412742,-0.019999980926513672
1971-04-23,0.004720450860830283,-0.009999752044677734
1971-04-26,-0.0010577491004601924,-0.010000228881835938
1971-04-27,0.00623407668331577,0.0
1971-04-28,0.0017195295716687653,-0.010000228881835938
1971-04-29,-0.0013371481813617692,0.08000040054321289
1971-04-30,-0.006520306196447834,0.009999752044677734
1971-05-03,-0.00636941006388092,0.07000017166137695
1971-05-04,0.004829060915955807,0.09999990463256836
1971-05-05,-9.637362097514313e-05,0.010000228881835938
1971-05-06,-0.0053137211807099405,0.019999980926513672
1971-05-07,-0.0034934591539901305,-0.03000020980834961
1971-05-10,-0.004970064588099454,-0.03000020980834961
1971-05-11,0.0025368550240241206,0.04000043869018555
1971-05-12,0.00272478539035248,0.08999967575073242
1971-05-13,-0.002042892684027464,0.11999988555908203
1971-05-14,-0.0046852536010630885,0.019999980926513672
1971-05-17,-0.014982997209385118,0.08000040054321289
1971-05-18,0.0013894343906608597,0.07999992370605469
1971-05-19,0.0023773945021776655,-0.05000019073486328
1971-05-20,0.0023717559000902,-0.1100001335144043
1971-05-21,-0.0031636180816372317,0.04000043869018555
1971-05-24,-0.008552166596024868,-0.04000043869018555
1971-05-25,-0.00661321085315425,-0.04999971389770508
1971-05-26,0.001205617735293707,-0.07000017166137695
1971-05-27,-0.001909592158266804,-0.019999980926513672
1971-05-28,0.002311167475521181,0.03000020980834961
1971-06-01,0.005704861705155828,-0.019999980926513672
1971-06-02,0.007556231530585045,-0.12000036239624023
1971-06-03,0.0004951532651107371,-0.04999971389770508
1971-06-04,0.0028668983907831347,0.07000017166137695
1971-06-07,-0.0020752684408407163,0.07999992370605469
1971-06-08,-0.007646099097150305,0.039999961853027344
1971-06-09,-0.0002990756136700412,0.059999942779541016
1971-06-10,0.003483788658511955,0.039999961853027344
1971-06-11,0.004263556179692429,0.019999980926513672
1971-06-14,-0.008445561355308051,0.13000011444091797
1971-06-15,0.0009972921307737082,0.09999990463256836
1971-06-16,0.001991605437125621,-0.05000019073486328
1971-06-17,-0.0001989517805824903,0.0
1971-06-18,-0.015340941256458684,-0.09999990463256836
1971-06-21,-0.011176690741369733,-0.04999971389770508
1971-06-22,-0.002865103873389785,0.08999967575073242
1971-06-23,0.008367470495758589,-0.009999752044677734
1971-06-24,-0.0028493598944878684,0.0
1971-06-25,-0.0014276913819504244,0.009999752044677734
1971-06-28,-0.0025545408614799925,0.019999980926513672
1971-06-29,0.010989140343652615,0.03000020980834961
1971-06-30,-0.001215094809501771,0.029999732971191406
1971-07-01,0.010882834679041942,-0.009999752044677734
1971-07-02,0.0,0.0
1971-07-06,-0.00020042741346681936,-0.010000228881835938
1971-07-07,0.0028027923755526984,-0.019999980926513672
1971-07-08,0.00299426739807096,0.010000228881835938
1971-07-09,0.003482131615180961,0.009999752044677734
1971-07-12,0.0012902314532645676,-0.07999992370605469
1971-07-13,-0.01317910146300072,0.010000228881835938
1971-07-14,-0.0028180249886498032,-0.010000228881835938
1971-07-15,0.0006045094248952054,-0.009999752044677734
1971-07-16,-0.0017137780238503098,0.06999969482421875
1971-07-19,-0.0018178181570460694,0.05000019073486328
1971-07-20,0.003934425147417819,-0.010000228881835938
1971-07-21,-0.0004028289665214402,0.0
1971-07-22,-0.0017137780238503098,0.09000015258789062
1971-07-23,-0.001716720101756053,0.05000019073486328
1971-07-26,-0.008118606032621045,0.019999980926513672
1971-07-27,-0.003674979776245202,0.04999971389770508
1971-07-28,-0.007287680086058401,0.039999961853027344
1971-07-29,-0.010875896438242272,-0.06999969482421875
1971-07-30,-0.004592855834707699,-0.03000020980834961
1971-08-02,0.003967816123464196,0.010000228881835938
1971-08-03,-0.015225756820589353,0.04999971389770508
1971-08-04,-0.006581793840439332,-0.019999980926513672
1971-08-05,0.0021278543275817796,-0.029999732971191406
1971-08-06,0.0016990942307915091,0.0
1971-08-09,-0.007668598933121551,0.019999980926513672
1971-08-10,0.00010693469029110503,0.009999752044677734
1971-08-11,0.011902401079789904,-0.029999732971191406
1971-08-12,0.014056628302756558,-0.059999942779541016
1971-08-13,-0.0032343661629621323,-0.12000036239624023
1971-08-16,0.03157886080262795,-0.26999998092651367
1971-08-17,0.012377473515814863,-0.1099996566772461
1971-08-18,-0.013998913490172349,0.04999971389770508
1971-08-19,-0.004472408422936169,-0.009999752044677734
1971-08-20,0.0017303497033829274,0.029999732971191406
1971-08-23,0.009312732153708758,0.1100001335144043
1971-08-24,0.01152030288832595,-0.09999990463256836
1971-08-25,9.961790727874842e-05,0.019999980926513672
1971-08-26,-0.0016945510862500512,-0.03000020980834961
1971-08-27,0.0023914468522061583,-0.039999961853027344
1971-08-30,-0.009600140869237883,-0.009999752044677734
1971-08-31,-0.004935773053010628,-0.039999961853027344
1971-09-01,0.00040384569792095704,-0.06000041961669922
1971-09-02,0.002218202361710553,-0.04999971389770508
1971-09-03,0.014001643908039263,-0.05000019073486328
1971-09-07,0.0045580645247795815,-0.04999971389770508
1971-09-08,0.0018765852118409754,0.009999752044677734
1971-09-09,-0.005342777998261106,0.05000019073486328
1971-09-10,-0.003777013540047669,-0.010000228881835938
1971-09-13,-0.003491434319853326,0.07999992370605469
1971-09-14,-0.00732166523793687,-0.019999980926513672
1971-09-15,0.004319230463886825,-0.009999752044677734
1971-09-16,-0.0011030736794035434,-0.03000020980834961
1971-09-17,0.0030056672085265745,-0.009999752044677734
1971-09-20,-0.0028050387071170135,0.019999980926513672
1971-09-21,-0.0034167852858928427,0.019999980926513672
1971-09-22,-0.008796327158393069,0.019999980926513672
1971-09-23,-0.0009144422073115166,0.009999752044677734
1971-09-24,-0.0023405671802327888,-0.039999961853027344
1971-09-27,-0.00541451767442247,-0.029999732971191406
1971-09-28,0.0026597919193180886,-0.010000228881835938
1971-09-29,0.00020435460879841827,-0.039999961853027344
1971-09-30,0.004484259621965414,-0.07999992370605469
1971-10-01,0.005981707675369208,0.0
1971-10-04,0.0028262740137394715,-0.019999980926513672
1971-10-05,-0.001008455856693402,0.03000020980834961
1971-10-06,0.007138210407259926,-0.03000020980834961
1971-10-07,0.002001571443932093,-0.010000228881835938
1971-10-08,-0.0066205081001360355,-0.029999732971191406
1971-10-12,0.0021112870070583156,-0.059999942779541016
1971-10-13,-0.0054380891284440125,-0.019999980926513672
1971-10-14,-0.009129719977429396,0.019999980926513672
1971-10-15,-0.003470770542821633,0.019999980926513672
1971-10-18,-0.004509615542306555,0.04999971389770508
1971-10-19,-0.0036017376406718427,0.010000228881835938
1971-10-20,-0.014015266664388015,-0.039999961853027344
1971-10-21,-0.0005229077427157947,-0.039999961853027344
1971-10-22,-0.00031384401140766016,0.019999980926513672
1971-10-26,-0.008722685137613873,-0.010000228881835938
1971-10-27,-0.010078024664950114,0.03000020980834961
1971-10-28,0.0018108997646058,-0.019999980926513672
1971-10-29,0.002869487796643533,-0.03000020980834961
1971-11-01,-0.015291965166081667,-0.06999969482421875
1971-11-03,0.02248244004999922,-0.08000040054321289
1971-11-04,-0.0012651846040441228,0.0
1971-11-05,-0.0034874733476817354,0.0
1971-11-08,-0.0007413259051691767,0.05000019073486328
1971-11-09,0.0007413259051691767,0.0
1971-11-10,-0.011178009686309665,0.05000019073486328
1971-11-11,-0.013906340321691246,-0.03000020980834961
1971-11-12,0.0,-0.019999980926513672
1971-11-15,-0.003370907204081952,0.0
1971-11-16,0.009755134180052139,-0.009999752044677734
1971-11-17,0.001508939621190919,-0.010000228881835938
1971-11-18,-0.0077846780560957285,0.019999980926513672
1971-11-19,-0.005660150619196003,0.019999980926513672
1971-11-22,-0.00899128522194026,0.03000020980834961
1971-11-23,-0.006963247118261684,0.06999969482421875
1971-11-24,0.0018837410830627732,0.059999942779541016
1971-11-26,0.017666565499946607,-0.009999752044677734
1971-11-29,0.015862228157014435,0.009999752044677734
1971-11-30,0.006189925814497066,-0.019999980926513672
1971-12-01,0.015309432466259487,-0.009999752044677734
1971-12-02,0.004182292786286013,-0.019999980926513672
1971-12-03,0.01264922266701074,-0.019999980926513672
1971-12-06,-0.005682666769637912,0.0
1971-12-07,0.0037232497377166496,0.039999961853027344
1971-12-08,0.0005159752643200122,0.0
1971-12-09,0.0004126358227933835,0.019999980926513672
1971-12-10,0.007500711777529645,-0.010000228881835938
1971-12-13,0.002862097160305943,-0.029999732971191406
1971-12-14,-0.003066891104494651,0.039999961853027344
1971-12-15,0.008868135694712898,0.019999980926513672
1971-12-16,0.012104212293246874,-0.010000228881835938
1971-12-17,0.005200054442279445,-0.019999980926513672
1971-12-20,0.012784484935904672,0.039999961853027344
1971-12-21,0.0024588160162277717,0.03000020980834961
1971-12-22,-0.006109022214439541,0.010000228881835938
1971-12-23,-0.004358192767837998,-0.04000043869018555
1971-12-27,0.00208239541633759,-0.059999942779541016
1971-12-28,0.009857152558139681,-0.04999971389770508
1971-12-29,0.0025470442970716434,0.039999961853027344
1971-12-30,-0.004215902216527567,0.0
1971-12-31,0.0030411321424006488,-0.010000228881835938
1972-01-03,-0.0041224850322549855,0.05000019073486328
1972-01-04,0.0041224850322549855,-0.010000228881835938
1972-01-05,0.009456577901363339,-0.019999980926513672
1972-01-06,0.004356927822668055,-0.009999752044677734
1972-01-07,-0.00038651961906044363,-0.019999980926513672
1972-01-10,-0.0014507621405677185,-0.019999980926513672
1972-01-11,0.003188888329299644,0.019999980926513672
1972-01-12,-0.0005790888851926468,0.0
1972-01-13,-0.005808889322456601,-0.019999980926513672
1972-01-14,0.0038763642996162417,-0.010000228881835938
1972-01-17,0.002993846111554177,0.039999961853027344
1972-01-18,0.003369496362601865,0.03000020980834961
1972-01-19,-0.0016352218147703823,0.039999961853027344
1972-01-20,0.0,0.019999980926513672
1972-01-21,-0.0022165067513526537,0.009999752044677734
1972-01-24,-0.010474364259216884,0.03000020980834961
1972-01-25,0.0012665978752188778,0.0
1972-01-26,-0.0019492886407830312,-0.009999752044677734
1972-01-27,0.009708814126960341,0.039999961853027344
1972-01-28,0.006356600913335342,0.029999732971191406
1972-01-31,-0.002114380549851802,0.010000228881835938
1972-02-01,0.0006732358348378042,0.0
1972-02-02,0.006421011673521271,-0.010000228881835938
1972-02-03,-0.0003821987012475603,0.0
1972-02-04,0.002100251089000693,0.0
1972-02-07,-0.003056350922568285,0.010000228881835938
1972-02-08,0.001911286413335489,0.019999980926513672
1972-02-09,0.007703734751454583,0.009999752044677734
1972-02-10,0.000378831928831147,-0.009999752044677734
1972-02-11,-0.004841652893393444,0.009999752044677734
1972-02-14,-0.004674072490455927,-0.019999980926513672
1972-02-15,0.004198102260037473,0.0
1972-02-16,0.005601761270900951,-0.019999980926513672
1972-02-17,-0.0002841381470890525,-0.019999980926513672
1972-02-18,-0.002940179153889666,0.0
1972-02-22,9.500058177813742e-05,0.0
1972-02-23,0.0008543821535802465,0.010000228881835938
1972-02-24,0.0006640392669128303,0.0
1972-02-25,0.006898892045207994,-0.010000228881835938
1972-02-28,9.419537701660374e-05,-0.019999980926513672
1972-02-29,0.0035720779625680876,0.0
1972-03-01,0.0072924667414877575,0.0
1972-03-02,-0.00027948739691652236,-0.009999752044677734
1972-03-03,0.005760517094858031,-0.010000228881835938
1972-03-06,0.007659990434404129,-0.009999752044677734
1972-03-07,0.0009190048780975957,0.009999752044677734
1972-03-08,0.0008262988776079894,0.0
1972-03-09,-0.0001835396326983485,0.0
1972-03-10,-0.005153749570267152,0.010000228881835938
1972-03-13,-0.009735327242341718,0.039999961853027344
1972-03-14,0.0026053683307081243,-0.010000228881835938
1972-03-15,0.0013001430996713026,0.05000019073486328
1972-03-16,-0.0023228814161404543,-0.03000020980834961
1972-03-17,0.0038993473650057453,0.0
1972-03-20,-0.0030625223645426303,0.010000228881835938
1972-03-21,-0.008400216481632583,-0.010000228881835938
1972-03-22,0.001404897878636291,0.0
1972-03-23,0.008481375018673631,0.019999980926513672
1972-03-24,-0.0021368834304995588,0.019999980926513672
1972-03-27,-0.0020481674753467516,-0.019999980926513672
1972-03-28,-0.0012123364386207314,0.010000228881835938
1972-03-29,-0.006365277672483849,0.009999752044677734
1972-03-30,0.006645156201904534,0.0
1972-04-03,0.002608594811579046,0.019999980926513672
1972-04-04,0.005936931830945902,0.039999961853027344
1972-04-05,0.008106135417807359,0.0
1972-04-06,0.004850590961591017,0.0
1972-04-07,0.0008213914827184254,0.0
1972-04-10,-0.0015520685872472129,-0.009999752044677734
1972-04-11,0.0028283873541106175,0.009999752044677734
1972-04-12,0.003819211374047171,0.03000020980834961
1972-04-13,-0.002453512414390069,0.039999961853027344
1972-04-14,-0.0006371542806569153,0.0
1972-04-17,-0.0030088393244760425,-0.010000228881835938
1972-04-18,0.0023713483228631205,0.0
1972-04-19,-0.005206201753399142,-0.019999980926513672
1972-04-20,-0.0014662395797753192,-0.009999752044677734
1972-04-21,-0.0013766030317716726,-0.010000228881835938
1972-04-24,-0.006449229487361485,0.010000228881835938
1972-04-25,-0.009939236242243688,0.0
1972-04-26,-0.002149464447388283,-0.019999980926513672
1972-04-27,0.0014957809677067502,-0.07999992370605469
1972-04-28,0.005774933277981731,0.029999732971191406
1972-05-01,-0.009143520734904875,0.0
1972-05-02,-0.005733912387921869,0.019999980926513672
1972-05-03,-0.0008488138144819857,0.010000228881835938
1972-05-04,0.002450077920382654,0.0
1972-05-05,0.003570064467500522,0.0
1972-05-08,-0.004605900622716597,0.0
1972-05-09,-0.013277903193523954,0.029999732971191406
1972-05-10,0.006471285602135168,-0.009999752044677734
1972-05-11,0.003314539543988637,0.0
1972-05-12,0.005750669893666682,-0.03000020980834961
1972-05-15,0.00450200874574147,0.0
1972-05-16,-0.0018733327344415684,0.0
1972-05-17,0.002154023068887234,-0.009999752044677734
1972-05-18,0.009775277232911606,-0.019999980926513672
1972-05-19,0.009588870149483952,-0.03000020980834961
1972-05-22,0.006493817722410533,-0.029999732971191406
1972-05-23,0.0008201243216330312,-0.019999980926513672
1972-05-24,0.004816209846857156,0.009999752044677734
1972-05-25,0.0013588943356657168,-0.019999980926513672
1972-05-26,0.00180901437858072,0.0
1972-05-30,-0.00280535168819096,0.010000228881835938
1972-05-31,-0.00745864568438126,0.0
1972-06-01,0.0014597544898355963,0.019999980926513672
1972-06-02,0.00036460591480658167,0.019999980926513672
1972-06-05,-0.008327695342006614,0.009999752044677734
1972-06-06,-0.005621363130466683,0.03000020980834961
1972-06-07,-0.005188537138087312,-0.010000228881835938
1972-06-08,-0.003443010390057566,0.0
1972-06-09,-0.003922655353440163,-0.009999752044677734
1972-06-12,0.001402735760496654,-0.010000228881835938
1972-06-13,0.005033576087170921,0.0
1972-06-14,0.007779944107603853,0.0
1972-06-15,0.00046121894776440797,0.0
1972-06-16,-0.0007380242948320515,0.0
1972-06-19,-0.002309789899189063,-0.019999980926513672
1972-06-20,0.004153760087277192,0.0
1972-06-21,0.0021164338109276315,0.010000228881835938
1972-06-22,-0.0010116394823693753,0.019999980926513672
1972-06-23,-0.0037797110485673358,-0.010000228881835938
1972-06-26,-0.007323261337210951,0.019999980926513672
1972-06-27,-0.001023975953811096,0.0
1972-06-28,-0.003265137510768845,0.0
1972-06-29,-0.0018705294611018886,0.019999980926513672
1972-06-30,0.0029912127013398404,0.010000228881835938
1972-07-03,0.003261415355163777,-0.010000228881835938
1972-07-05,0.005658910418511631,-0.009999752044677734
1972-07-06,0.008658085254805492,0.0
1972-07-07,-0.003214979747328428,0.0
1972-07-10,-0.005350583086867644,0.0
1972-07-11,-0.0073342102365154815,0.0
1972-07-12,-0.004014760138053575,-0.010000228881835938
1972-07-13,-0.005723153169879147,-0.009999752044677734
1972-07-14,0.00488084569472047,-0.010000228881835938
1972-07-17,-0.008651603682222841,0.010000228881835938
1972-07-18,-0.0004723010109008996,0.0
1972-07-19,0.0029249212418287485,-0.019999980926513672
1972-07-20,-0.0031139618067328456,0.0
1972-07-21,0.00800122966429928,0.009999752044677734
1972-07-24,0.011743955425846053,0.0
1972-07-25,-0.002969561386069408,-0.009999752044677734
1972-07-26,-0.0006507664964283677,-0.010000228881835938
1972-07-27,-0.002327639455466546,0.05000019073486328
1972-07-28,0.0009316918215116488,-0.010000228881835938
1972-07-31,9.314277035077367e-05,0.0
1972-08-01,0.009361040895298878,0.019999980926513672
1972-08-02,0.008176804983707875,0.0
1972-08-03,0.007747370227110473,0.010000228881835938
1972-08-04,0.0026295605298241043,0.009999752044677734
1972-08-07,0.001628667609651302,0.0
1972-08-08,0.0007230170215679621,-0.009999752044677734
1972-08-09,0.0015346260434840886,-0.010000228881835938
1972-08-10,0.0017124283241054528,0.0
1972-08-11,0.008071737963385672,0.0
1972-08-14,0.005345278682669097,0.019999980926513672
1972-08-15,-0.004363174116885915,0.010000228881835938
1972-08-16,-0.003575847671358545,0.009999752044677734
1972-08-17,-0.002870022815048223,0.019999980926513672
1972-08-18,0.003765184199019167,0.010000228881835938
1972-08-21,-0.0003579820597252592,0.0
1972-08-22,0.006157182048424303,-0.010000228881835938
1972-08-23,-0.001335305508487039,0.019999980926513672
1972-08-24,-0.011107293518546335,0.010000228881835938
1972-08-25,-0.003157551293300642,0.03000020980834961
1972-08-28,-0.00398366130239225,0.039999961853027344
1972-08-29,0.0016316201901958038,0.039999961853027344
1972-08-30,0.0014480591749661542,0.07999992370605469
1972-08-31,0.00469184883409568,0.0
1972-09-01,0.0037736415061875306,0.009999752044677734
1972-09-05,-0.002514132350523113,0.03000020980834961
1972-09-06,-0.006132224875365466,0.029999732971191406
1972-09-07,-0.002354666289535068,0.03000020980834961
1972-09-08,-0.0012701815180582443,0.039999961853027344
1972-09-11,-0.005827198306247894,-0.019999980926513672
1972-09-12,-0.009542240488882747,0.0
1972-09-13,0.003956395644700628,0.0
1972-09-14,0.00027543294527276885,0.03000020980834961
1972-09-15,-0.0011022573703440841,-0.010000228881835938
1972-09-18,-0.0018397296139793795,-0.009999752044677734
1972-09-19,-0.0005525654734626073,0.0
1972-09-20,0.0004604690112399723,0.009999752044677734
1972-09-21,-0.001566587150798604,0.03000020980834961
1972-09-22,0.0008296505583658131,0.029999732971191406
1972-09-25,-0.00434034566011654,0.0
1972-09-26,0.0006476356145004303,-0.019999980926513672
1972-09-27,0.014142956559690667,-0.009999752044677734
1972-09-28,0.006272415504088968,-0.03000020980834961
1972-09-29,0.0018108160335659207,-0.019999980926513672
1972-10-02,-0.003534047244733607,0.0
1972-10-03,0.0012700662633031712,0.0
1972-10-04,-0.0019057741096268899,-0.009999752044677734
1972-10-05,-0.010959987064866894,0.0
1972-10-06,0.0066816719206954645,-0.010000228881835938
1972-10-10,0.0033695684735297604,-0.039999961853027344
1972-10-11,-0.004464883890427096,-0.010000228881835938
1972-10-12,-0.008253155807170565,0.03000020980834961
1972-10-13,-0.006281198516662201,0.0
1972-10-16,-0.010713238183306828,-0.010000228881835938
1972-10-17,0.006813890818301083,0.0
1972-10-18,0.006398115697678897,0.0
1972-10-19,-0.0012948520685602816,-0.009999752044677734
1972-10-20,0.0109531658532811,-0.010000228881835938
1972-10-24,0.014269723865753647,-0.019999980926513672
1972-10-25,-0.000812498021374175,-0.009999752044677734
1972-10-26,0.0024355850223383158,-0.019999980926513672
1972-10-27,-0.0033391585213200514,0.0
1972-10-30,-0.0002712934225366226,0.0
1972-10-31,0.008912202854645557,-0.010000228881835938
1972-11-01,0.009721337096967098,-0.019999980926513672
1972-11-02,0.00495800204839103,-0.04999971389770508
1972-11-03,0.008705245951032836,-0.039999961853027344
1972-11-06,-0.0021034000652084828,-0.03000020980834961
1972-11-08,-0.005542660366925745,0.03000020980834961
1972-11-09,0.0013224734295773644,0.0
1972-11-10,0.002024410791588771,0.0
1972-11-13,0.0014936361367441364,-0.03000020980834961
1972-11-14,0.009176340810832961,-0.009999752044677734
1972-11-15,-0.003922401666328845,-0.03000020980834961
1972-11-16,0.005487077834923859,0.009999752044677734
1972-11-17,0.0031220268006739715,0.0
1972-11-20,0.0003462982989210772,-0.009999752044677734
1972-11-21,0.005868665427754216,0.03000020980834961
1972-11-22,0.005919990174310996,0.009999752044677734
1972-11-24,0.0031600583164133056,0.0
1972-11-27,-0.004701025174373541,0.03000020980834961
1972-11-28,-0.002144175077520849,-0.010000228881835938
1972-11-29,0.0004291636859008463,-0.019999980926513672
1972-11-30,0.001286517860161318,0.010000228881835938
1972-12-01,0.006067090589665369,0.009999752044677734
1972-12-04,0.0033170296181825876,0.010000228881835938
1972-12-05,-0.00161457280235755,0.009999752044677734
1972-12-06,0.0036504161928210266,0.0
1972-12-07,0.004987088958095853,0.0
1972-12-08,0.00218986137569388,0.010000228881835938
1972-12-11,0.0021850763594626343,0.019999980926513672
1972-12-12,-0.00386911974032067,0.009999752044677734
1972-12-13,-0.0008431507370838531,0.0
1972-12-14,-0.0027027018226295496,0.0
1972-12-15,0.00016916932354060776,0.0
1972-12-18,-0.011566726925651416,0.03000020980834961
1972-12-19,-0.004801974525910246,0.019999980926513672
1972-12-20,-0.0033578696230298632,0.0
1972-12-21,-0.0072708391526346006,0.0
1972-12-22,0.006235416523071358,0.0
1972-12-26,0.004049471012637085,-0.010000228881835938
1972-12-27,0.005402381997115846,0.010000228881835938
1972-12-29,0.009532821620793719,0.009999752044677734
1973-01-02,0.008855174166586544,0.019999980926513672
1973-01-03,0.003938507829702509,-0.009999752044677734
1973-01-04,-0.001422757641154071,-0.019999980926513672
1973-01-05,0.0039286313939577155,0.019999980926513672
1973-01-08,-0.00016689698319360957,0.009999752044677734
1973-01-09,-0.0010017123825383223,-0.009999752044677734
1973-01-10,-0.002508807530678503,0.009999752044677734
1973-01-11,0.006759299442726352,0.0
1973-01-12,-0.0078483729939256,0.010000228881835938
1973-01-15,-0.007234830837993478,0.0
1973-01-16,-0.0025361671336634473,0.0
1973-01-17,0.004560441281290295,0.009999752044677734
1973-01-18,0.0014313829734691197,0.010000228881835938
1973-01-19,-0.000589148656802152,0.029999732971191406
1973-01-22,-0.004810336293342488,0.010000228881835938
1973-01-23,8.460970455104189e-05,-0.019999980926513672
1973-01-24,-0.012683701299237349,0.009999752044677734
1973-01-26,-0.00240163429891993,0.04000043869018555
1973-01-29,-0.003785557422248509,0.019999980926513672
1973-01-30,-0.001552797949132767,-0.03000020980834961
1973-01-31,0.001725153086496789,0.019999980926513672
1973-02-01,-0.011005758110942843,0.059999942779541016
1973-02-02,-0.0035791026030738138,0.039999961853027344
1973-02-05,-0.0010499179915051116,0.0
1973-02-06,0.0019240306006746977,0.0
1973-02-07,-0.00692645164518968,0.0
1973-02-08,-0.00440878929324473,0.019999980926513672
1973-02-09,0.013342864880685923,-0.029999732971191406
1973-02-13,0.018146168726099532,-0.019999980926513672
1973-02-14,-0.01449050993152401,0.009999752044677734
1973-02-15,-0.0056632827368270355,0.0
1973-02-16,0.00462020965692389,0.010000228881835938
1973-02-20,0.003646137905571223,0.029999732971191406
1973-02-21,-0.006171509633087879,0.0
1973-02-22,-0.002182168148018526,-0.009999752044677734
1973-02-23,-0.011247910719823118,-0.039999961853027344
1973-02-26,-0.008608894477363904,0.039999961853027344
1973-02-27,-0.011564976202852684,-0.010000228881835938
1973-02-28,0.007008733631279185,0.0
1973-03-01,-0.005657063925282202,0.010000228881835938
1973-03-02,0.01101516280035586,0.019999980926513672
1973-03-05,0.0035562050947852697,0.009999752044677734
1973-03-06,0.012523297778345821,0.0
1973-03-07,0.0030627762391670643,-0.019999980926513672
1973-03-08,-0.0019240306006746977,0.010000228881835938
1973-03-09,-0.0038593367186701144,0.009999752044677734
1973-03-12,0.0006149764687997106,0.0
1973-03-13,0.005430535688033977,0.019999980926513672
1973-03-14,0.004358064819435015,0.010000228881835938
1973-03-15,-0.0075076789781594044,0.019999980926513672
1973-03-16,-0.005095344606730556,0.039999961853027344
1973-03-19,-0.012139644472852318,-0.019999980926513672
1973-03-20,-0.0019632455484499545,0.010000228881835938
1973-03-21,-0.013127315993825661,0.0
1973-03-22,-0.01504611952260948,0.0
1973-03-23,0.0003674528491171003,0.0
1973-03-26,0.008778395001877826,-0.03000020980834961
1973-03-27,0.015537812755727742,-0.010000228881835938
1973-03-28,0.0005377290917838451,-0.04999971389770508
1973-03-29,0.009717870164300813,0.009999752044677734
1973-03-30,-0.010614223220543728,0.05000019073486328
1973-04-02,-0.012088522096221688,0.009999752044677734
1973-04-03,-0.008568117764246708,-0.009999752044677734
1973-04-04,-0.0043117468070370535,-0.03000020980834961
1973-04-05,-0.0023010733861275057,-0.019999980926513672
1973-04-06,0.006978927795111112,-0.039999961853027344
1973-04-09,0.014354764845202261,-0.019999980926513672
1973-04-10,0.012103958020456496,0.019999980926513672
1973-04-11,0.004179838198790087,0.010000228881835938
1973-04-12,-0.0008878494161557171,0.009999752044677734
1973-04-13,-0.004451177934571504,-0.029999732971191406
1973-04-16,-0.005726566986425929,-0.010000228881835938
1973-04-17,-0.00449681474572472,0.019999980926513672
1973-04-18,0.005393742535836132,0.0
1973-04-19,0.005632282163736235,0.019999980926513672
1973-04-23,-0.005363367463403712,0.07000017166137695
1973-04-24,-0.014262760722820289,-0.07000017166137695
1973-04-25,-0.015115036719237196,0.0
1973-04-26,0.005063796325011971,0.019999980926513672
1973-04-27,-0.01536210121478554,0.010000228881835938
1973-04-30,-0.002427658808292321,0.009999752044677734
1973-05-01,0.0012145304767878784,0.019999980926513672
1973-05-02,0.012341843092118943,0.04000043869018555
1973-05-03,0.016373573231653893,0.009999752044677734
1973-05-04,0.007051821782093626,0.019999980926513672
1973-05-07,-0.004243235033558612,0.019999980926513672
1973-05-08,0.006492954767574055,-0.009999752044677734
1973-05-09,-0.007307511878218875,0.0
1973-05-10,-0.008182621454627892,0.009999752044677734
1973-05-11,-0.012585740998869,0.010000228881835938
1973-05-14,-0.021208779698596025,0.009999752044677734
1973-05-15,0.006306776353208754,0.03000020980834961
1973-05-16,-0.001314548448908326,-0.019999980926513672
1973-05-17,-0.008208006413353175,0.009999752044677734
1973-05-18,-0.016235644214136258,0.010000228881835938
1973-05-21,-0.010939624387429348,0.029999732971191406
1973-05-22,0.008240058768011593,0.010000228881835938
1973-05-23,0.004719468043928643,0.019999980926513672
1973-05-24,0.02907263803868876,-0.010000228881835938
1973-05-25,0.0074391550526273775,0.0
1973-05-29,-0.003991653441476117,0.019999980926513672
1973-05-30,-0.01499417493406252,0.0
1973-05-31,-0.009105694244702534,0.0
1973-06-01,-0.009766418651745212,0.03000020980834961
1973-06-04,-0.00927990301309034,0.019999980926513672
1973-06-05,0.01589706867180052,-0.03000020980834961
1973-06-06,-0.002967552912814142,-0.059999942779541016
1973-06-07,0.014561273923686002,0.0
1973-06-08,0.011180672384770496,-0.019999980926513672
1973-06-11,-0.0030880278846261433,0.0
1973-06-12,0.014791692388276267,-0.009999752044677734
1973-06-13,-0.006392188548038469,-0.010000228881835938
1973-06-14,-0.011215042298142741,0.0
1973-06-15,-0.01229332788395876,0.010000228881835938
1973-06-18,-0.014374948267730225,0.009999752044677734
1973-06-19,0.0037574050326663055,0.0
1973-06-20,0.004318047077600973,0.019999980926513672
1973-06-21,-0.011847028499776258,0.0
1973-06-22,0.004736347099452587,0.019999980926513672
1973-06-25,-0.014081290883853903,0.019999980926513672
1973-06-26,0.010216610745350962,0.0
1973-06-27,0.003092982224671914,-0.009999752044677734
1973-06-28,0.01027323775866762,0.0
1973-06-29,-0.004115825822188057,0.019999980926513672
1973-07-02,-0.013130142160655112,0.07000017166137695
1973-07-03,-0.010060140105146331,0.0
1973-07-05,-0.0008839083964717886,0.0
1973-07-06,-0.004924662824030257,0.019999980926513672
1973-07-09,0.008455468900750773,0.019999980926513672
1973-07-10,0.013420383080854137,0.0
1973-07-11,0.021785749944075228,0.0
1973-07-12,-0.0028395953526691997,-0.010000228881835938
1973-07-13,-0.013455078570888901,0.010000228881835938
1973-07-16,0.015065138779660536,0.009999752044677734
1973-07-17,0.0004730881577632573,0.0
1973-07-18,0.0059414260158803245,0.010000228881835938
1973-07-19,0.0018788598876451346,0.039999961853027344
1973-07-20,0.005521997569866599,0.059999942779541016
1973-07-23,0.0035404607973097413,0.0
1973-07-24,0.005749832756413831,0.019999980926513672
1973-07-25,0.013775587557943503,0.0
1973-07-26,0.00191351907233539,0.09000015258789062
1973-07-27,-0.0023696888812061445,0.06999969482421875
1973-07-30,-0.003107262083145379,0.019999980926513672
1973-07-31,-0.009472630481281108,0.059999942779541016
1973-08-01,-0.012927400396730349,0.12000036239624023
1973-08-02,-0.001498863625897684,-0.03000020980834961
1973-08-03,-0.0016888755048833914,0.010000228881835938
1973-08-06,0.0022512484115440046,0.009999752044677734
1973-08-07,-0.001687925192269013,0.039999961853027344
1973-08-08,-0.00942958397894067,-0.059999942779541016
1973-08-09,0.0005682663304389379,0.019999980926513672
1973-08-10,-0.007985630213788397,-0.019999980926513672
1973-08-13,-0.010168905550012042,-0.05000019073486328
1973-08-14,-0.00968905950987864,-0.009999752044677734
1973-08-15,0.0029166173696895115,-0.010000228881835938
1973-08-16,-0.00701416621446338,-0.07999992370605469
1973-08-17,0.00019547060879077094,-0.08999967575073242
1973-08-20,-0.0068654345234220315,0.09999990463256836
1973-08-21,-0.007111153133981141,-0.019999980926513672
1973-08-22,-0.003574630095960707,0.029999732971191406
1973-08-23,0.013633928500688342,-0.07999992370605469
1973-08-24,-0.002849713581789537,-0.07999992370605469
1973-08-27,0.007841594962950005,0.03000020980834961
1973-08-28,0.005841123395675218,0.029999732971191406
1973-08-29,0.009756195796480682,-0.029999732971191406
1973-08-30,-0.0014429469940617778,-0.010000228881835938
1973-08-31,0.003555500324313954,0.0
1973-09-04,0.0024909203679426284,-0.039999961853027344
1973-09-05,0.0012431008291651224,-0.09999990463256836
1973-09-06,0.004862034784139269,-0.010000228881835938
1973-09-07,-0.003715876628985093,0.010000228881835938
1973-09-10,-0.008724504402155553,0.04999971389770508
1973-09-11,-0.006084891082209332,0.03000020980834961
1973-09-12,-0.0015513253359031864,0.009999752044677734
1973-09-13,0.002906726728491016,0.010000228881835938
1973-09-14,0.010394721267693363,0.0
1973-09-17,-0.0027805848493267504,-0.05000019073486328
1973-09-18,-0.003655303090326356,-0.07999992370605469
1973-09-19,0.020129472150946626,0.019999980926513672
1973-09-20,0.008276993127593002,-0.009999752044677734
1973-09-21,0.004112875622835688,-0.07000017166137695
1973-09-24,0.001491458739653062,-0.019999980926513672
1973-09-25,0.006406432288371455,-0.039999961853027344
1973-09-26,0.007192937336041538,0.009999752044677734
1973-09-27,0.00229452623085713,-0.029999732971191406
1973-09-28,-0.005976768465147941,-0.039999961853027344
1973-10-01,-0.00203103117568304,0.009999752044677734
1973-10-02,0.005345651725634504,-0.019999980926513672
1973-10-03,-9.194407548385186e-05,0.010000228881835938
1973-10-04,-0.0034071133196738046,-0.019999980926513672
1973-10-05,0.01319541548667047,-0.019999980926513672
1973-10-09,0.0025456762973474767,-0.07999992370605469
1973-10-10,-0.008297253336837507,-0.010000228881835938
1973-10-11,0.01697644272782206,0.010000228881835938
1973-10-12,0.00314570075097631,-0.03000020980834961
1973-10-15,-0.012551515676240577,0.019999980926513672
1973-10-16,0.0012713349528992168,0.039999961853027344
1973-10-17,-0.001998558232846115,0.010000228881835938
1973-10-18,0.00036367774668466524,-0.010000228881835938
1973-10-19,0.0019070893603840844,-0.009999752044677734
1973-10-23,-0.004273327574959573,0.0
1973-10-24,0.004726821372451617,-0.05000019073486328
1973-10-25,0.0020836476300756246,-0.019999980926513672
1973-10-26,0.007932232544152207,-0.010000228881835938
1973-10-29,-0.0020670993636491275,0.0
1973-10-30,-0.016509805943956124,0.0
1973-10-31,-0.009558026099663053,-0.009999752044677734
1973-11-01,-0.005556070083216014,0.0
1973-11-02,-0.005773928691542807,0.009999752044677734
1973-11-05,-0.01458234672411951,0.019999980926513672
1973-11-07,0.002650071672976928,0.020000457763671875
1973-11-08,0.0114651532470198,0.009999752044677734
1973-11-09,-0.016202253394324906,-0.009999752044677734
1973-11-12,-0.008200680914396408,0.0
1973-11-13,-0.000766301090041388,0.0
1973-11-14,-0.0184716212199163,0.029999732971191406
1973-11-15,-0.00019520346932822008,-0.029999732971191406
1973-11-16,0.014056718926793721,-0.04000043869018555
1973-11-19,-0.030991269785272557,-0.009999752044677734
1973-11-20,-0.020565457645250973,0.009999752044677734
1973-11-21,0.011087689861405181,-0.009999752044677734
1973-11-23,-0.003212851031472397,-0.010000228881835938
1973-11-26,-0.029182772349667374,-0.009999752044677734
1973-11-27,-0.009153432834226649,0.009999752044677734
1973-11-28,0.020171406378575618,0.0
1973-11-29,-0.0034879392037456824,0.0
1973-11-30,-0.013970305314166431,-0.009999752044677734
1973-12-03,-0.02170102596651713,0.0
1973-12-04,-0.0033069014243745087,0.0
1973-12-05,-0.015397264355873297,0.029999732971191406
1973-12-06,0.024226659041472587,0.03000020980834961
1973-12-07,0.021893756328370984,-0.010000228881835938
1973-12-10,0.014810461180413625,-0.029999732971191406
1973-12-11,-0.01969233234844392,-0.019999980926513672
1973-12-12,-0.026054964859472562,0.0
1973-12-13,-0.012799340755242028,-0.010000228881835938
1973-12-14,0.00980245551553871,0.0
1973-12-17,-0.005805229299103765,-0.009999752044677734
1973-12-18,0.021228573459713296,0.009999752044677734
1973-12-19,0.0008440793082398201,0.03000020980834961
1973-12-20,-0.0028515268743758426,0.019999980926513672
1973-12-21,-0.010739665295831813,0.05000019073486328
1973-12-26,0.023246999566241655,0.04999971389770508
1973-12-27,0.020674708334221137,0.05000019073486328
1973-12-28,-0.002048310317672275,0.029999732971191406
1973-12-31,0.00010253868507614783,-0.009999752044677734
1974-01-02,0.0013317345735330832,0.039999961853027344
1974-01-03,0.021471380969463993,0.019999980926513672
1974-01-04,-0.009058959838984748,-0.019999980926513672
1974-01-07,-0.008427747764755189,0.019999980926513672
1974-01-08,-0.02008406684963404,0.0
1974-01-09,-0.028492003969060598,0.0
1974-01-10,-0.011086694397316244,0.039999961853027344
1974-01-11,0.013652501779028547,0.010000228881835938
1974-01-14,-0.002565807381712304,0.0
1974-01-15,0.008633202369837889,-0.020000457763671875
1974-01-16,0.015166112707241552,0.0
1974-01-17,0.01689427000557764,-0.019999980926513672
1974-01-18,-0.01804472364717924,0.010000228881835938
1974-01-21,-0.0016757024604183712,0.009999752044677734
1974-01-22,0.01198244603380072,0.010000228881835938
1974-01-23,0.005371324097682262,0.010000228881835938
1974-01-24,-0.0025787832207040395,0.009999752044677734
1974-01-25,-0.0019643577720396266,0.0
1974-01-28,-0.0056040094095850534,-0.009999752044677734
1974-01-29,-0.0008328392183170052,0.009999752044677734
1974-01-30,0.010876943863876498,-0.009999752044677734
1974-01-31,-0.005061188004816586,-0.010000228881835938
1974-02-01,-0.013028481789726598,0.0
1974-02-04,-0.021526718242300902,-0.019999980926513672
1974-02-05,-0.003113437633391669,-0.03000020980834961
1974-02-06,0.0027918211330995035,-0.019999980926513672
1974-02-07,0.0004288262760283601,0.0
1974-02-08,-0.01045100494621476,0.0
1974-02-11,-0.01825284970958485,0.0
1974-02-13,0.0035234531327619223,0.0
1974-02-14,-0.00032986762945252934,0.0
1974-02-15,0.01440915379893326,0.0
1974-02-19,-0.0016269204410797045,0.0
1974-02-20,0.01422744044023272,0.03000020980834961
1974-02-21,0.013500036363391033,0.019999980926513672
1974-02-22,0.007154163187260032,-0.010000228881835938
1974-02-25,-0.0037811263808578133,-0.009999752044677734
1974-02-26,0.010155573090062653,0.019999980926513672
1974-02-27,0.004158025977282875,0.019999980926513672
1974-02-28,-0.001868968487227285,0.010000228881835938
1974-03-01,-0.0071969274541920925,0.06999969482421875
1974-03-04,0.0,0.010000228881835938
1974-03-05,0.018564193275825147,0.009999752044677734
1974-03-06,0.006758895692319911,-0.009999752044677734
1974-03-07,-0.010671154869900334,-0.03000020980834961
1974-03-08,0.008627789064375335,0.0
1974-03-11,0.011186921266138405,0.019999980926513672
1974-03-12,0.0027269044229472073,0.010000228881835938
1974-03-13,0.005932908344579602,0.039999961853027344
1974-03-14,-0.0009027167287989357,0.0
1974-03-15,-0.0037199333703936688,0.04999971389770508
1974-03-18,-0.012466544833931614,0.05000019073486328
1974-03-19,-0.00839824341959794,0.009999752044677734
1974-03-20,0.0034907256448333257,0.03000020980834961
1974-03-21,-0.002360099208623012,0.03000020980834961
1974-03-22,-0.0007193844136246241,0.04999971389770508
1974-03-25,0.0037966569038703213,0.039999961853027344
1974-03-26,0.003169873960549019,-0.009999752044677734
1974-03-27,-0.013981934957024045,-0.03000020980834961
1974-03-28,-0.018494824021746403,0.03000020980834961
1974-03-29,-0.008898324861168483,0.029999732971191406
1974-04-01,-0.007797970870403681,0.010000228881835938
1974-04-02,0.0010717951180225782,0.009999752044677734
1974-04-03,0.010443438430973728,0.0
1974-04-04,0.0,0.08000040054321289
1974-04-05,-0.01409225485079535,0.029999732971191406
1974-04-08,-0.010592439635547457,-0.039999961853027344
1974-04-09,0.006282536186156484,-0.010000228881835938
1974-04-10,-0.002270138611256023,-0.029999732971191406
1974-04-11,-0.003034890393731615,-0.010000228881835938
1974-04-15,-0.0007601639353991274,-0.029999732971191406
1974-04-16,0.01733930202308276,0.009999752044677734
1974-04-17,0.00744601815237278,0.019999980926513672
1974-04-18,0.004441142652305885,0.05000019073486328
1974-04-19,-0.010926738809589942,0.010000228881835938
1974-04-22,-0.0039545047206877015,0.009999752044677734
1974-04-23,-0.016955962566166605,0.019999980926513672
1974-04-24,-0.016583703344958955,0.039999961853027344
1974-04-25,-0.008117055138723295,0.05000019073486328
1974-04-26,0.006787237297028348,0.009999752044677734
1974-04-29,-0.001998006046746603,0.010000228881835938
1974-04-30,0.0034384988988218623,0.009999752044677734
1974-05-01,0.020928870786331544,-0.039999961853027344
1974-05-02,-0.001410720048777847,-0.039999961853027344
1974-05-03,-0.008725057360870814,0.07000017166137695
1974-05-06,-0.0018639133243718575,0.0
1974-05-07,0.0037243589383715303,0.0
1974-05-08,0.001966142705207119,0.0
1974-05-09,0.014301432330008801,0.04999971389770508
1974-05-10,-0.0161582202413193,-0.06999969482421875
1974-05-13,-0.00889477710708153,-0.09000015258789062
1974-05-14,0.00033083847323833737,0.03000020980834961
1974-05-15,-0.002649946278240556,-0.019999980926513672
1974-05-16,-0.00810345484387831,-0.010000228881835938
1974-05-17,-0.01697339836598033,0.03000020980834961
1974-05-20,-0.003975679397225207,0.009999752044677734
1974-05-21,0.00056896002607143,-0.009999752044677734
1974-05-22,-0.009371580865634499,-0.010000228881835938
1974-05-23,0.002293894580664535,-0.039999961853027344
1974-05-24,0.014670199930649552,-0.03000020980834961
1974-05-28,-0.0023735425558566448,0.010000228881835938
1974-05-29,-0.016889632783694708,0.019999980926513672
1974-05-30,0.006195532856617447,-0.009999752044677734
1974-05-31,-0.0017171491445582276,0.009999752044677734
1974-06-03,0.020637989812541058,0.010000228881835938
1974-06-04,0.01160469314005308,-0.010000228881835938
1974-06-05,0.0018841587377353974,0.0
1974-06-06,0.01810552071018101,-0.019999980926513672
1974-06-07,0.006395382054390275,-0.039999961853027344
1974-06-10,0.005925095899685928,0.009999752044677734
1974-06-11,-0.008846747816043887,0.010000228881835938
1974-06-12,-0.002386908207934191,0.019999980926513672
1974-06-13,0.0030368655505048636,0.0
1974-06-14,-0.011326556393343346,0.0
1974-06-17,-0.013896794819989289,-0.010000228881835938
1974-06-18,-0.006574250368722723,0.03000020980834961
1974-06-19,-0.006842818032992248,0.0
1974-06-20,-0.0071166329130996075,0.03000020980834961
1974-06-21,-0.008538789374903821,0.0
1974-06-24,0.0026263601157738847,0.029999732971191406
1974-06-25,0.014603767472133988,0.039999961853027344
1974-06-26,-0.01551650945976668,0.0
1974-06-27,-0.014949715699876798,0.019999980926513672
1974-06-28,-0.003598141691576906,0.0
1974-07-01,0.00023249207704623132,0.010000228881835938
1974-07-02,-0.02019788712158377,0.0
1974-07-03,-0.000593331976499023,0.04999971389770508
1974-07-05,-0.007027559444700238,0.010000228881835938
1974-07-08,-0.03120140599235377,0.059999942779541016
1974-07-09,0.004798028762666995,0.039999961853027344
1974-07-10,-0.018456032403572742,0.010000228881835938
1974-07-11,-0.0012509193004595076,0.019999980926513672
1974-07-12,0.03999554313580411,0.009999752044677734
1974-07-15,0.00754807695869264,0.010000228881835938
1974-07-16,-0.011645503384961842,0.019999980926513672
1974-07-17,0.010690143471175695,0.029999732971191406
1974-07-18,0.0009553599137861468,-0.009999752044677734
1974-07-19,-0.0028687309203698774,-0.03000020980834961
1974-07-22,0.0032267329523856247,-0.09999990463256836
1974-07-23,0.00997282362432017,0.019999980926513672
1974-07-24,0.0040084507705699934,-0.029999732971191406
1974-07-25,-0.011954862146395406,-0.010000228881835938
1974-07-26,-0.018993259795685447,0.039999961853027344
1974-07-29,-0.01787728582249315,0.059999942779541016
1974-07-30,-0.005450985186362445,0.039999961853027344
1974-07-31,-0.0148929911123723,0.0
1974-08-01,-0.007085915606403148,0.03000020980834961
1974-08-02,-0.0020338594253104247,0.039999961853027344
1974-08-05,0.008867610550443494,0.029999732971191406
1974-08-06,0.015393530250033649,-0.019999980926513672
1974-08-07,0.026109283648058756,0.0
1974-08-08,-0.01315329915775365,0.0
1974-08-09,-0.008742271810338487,0.059999942779541016
1974-08-12,-0.013822530095922048,0.020000457763671875
1974-08-13,-0.015925540742825817,0.010000228881835938
1974-08-14,-0.02267839098260538,-0.010000228881835938
1974-08-15,-0.005619831652285967,-0.029999732971191406
1974-08-16,-0.008291221778701008,-0.020000457763671875
1974-08-19,-0.014643479045306051,-0.019999980926513672
1974-08-20,0.005082906368127915,0.009999752044677734
1974-08-21,-0.01939970338495467,0.06000041961669922
1974-08-22,-0.009705483324013109,0.039999961853027344
1974-08-23,-0.017319448467829623,0.05999946594238281
1974-08-26,0.008489377849659974,0.010000228881835938
1974-08-27,-0.017051442743658107,-0.010000228881835938
1974-08-28,-0.0025405842791741406,0.0
1974-08-29,-0.010941555301878125,0.0
1974-08-30,0.030394962189072672,-0.039999961853027344
1974-09-03,-0.02285099644148847,0.0
1974-09-04,-0.026292646158921684,0.010000228881835938
1974-09-05,0.031243587809206552,-0.01999950408935547
1974-09-06,0.007730664951081323,-0.010000228881835938
1974-09-09,-0.024090678367989504,-0.06999969482421875
1974-09-10,-0.006908538705011402,0.01999950408935547
1974-09-11,-0.01001524892842287,0.010000228881835938
1974-09-12,-0.027208597529601697,0.07999992370605469
1974-09-13,-0.022895430870929268,0.0
1974-09-16,0.016127006985366066,-0.029999732971191406
1974-09-17,0.016761768103964236,-0.010000228881835938
1974-09-18,0.005033378074839057,-0.010000228881835938
1974-09-19,0.034398502972885936,-0.039999961853027344
1974-09-20,0.0007131577465671057,-0.01999950408935547
1974-09-23,-0.010318251952959656,-0.1100006103515625
1974-09-24,-0.020373253830275218,0.03000020980834961
1974-09-25,-0.006637637179248479,0.0
1974-09-26,-0.01656384389681076,0.019999980926513672
1974-09-27,-0.023136444881335372,-0.019999980926513672
1974-09-30,-0.021794161019450975,0.0
1974-10-01,-0.0023635325824873377,0.029999732971191406
1974-10-02,-0.00015773955222542213,0.010000228881835938
1974-10-03,-0.0175080437497801,0.059999942779541016
1974-10-04,0.0009629494213090339,-0.01999950408935547
1974-10-07,0.04101441934348049,-0.010000228881835938
1974-10-08,-0.001695055742040097,-0.06000041961669922
1974-10-09,0.04493449180939901,0.0
1974-10-10,0.02863361394967434,-0.019999980926513672
1974-10-11,0.019159011793348668,-0.04999971389770508
1974-10-15,0.004208212801737332,-0.010000228881835938
1974-10-16,-0.015659494387350037,0.0
1974-10-17,0.011872879228166155,0.010000228881835938
1974-10-18,0.015476093252216216,-0.019999980926513672
1974-10-21,0.01673795738329531,-0.05000019073486328
1974-10-22,-0.005046764493459754,0.0
1974-10-23,-0.02913633590135234,0.039999961853027344
1974-10-24,-0.01146911769971215,0.019999980926513672
1974-10-25,-0.0014250889014952861,-0.009999752044677734
1974-10-28,-0.0004280209592106843,0.019999980926513672
1974-10-29,0.03834790510775221,-0.039999961853027344
1974-10-30,0.020117515943721465,-0.03000020980834961
1974-10-31,-0.005532650712990694,-0.019999980926513672
1974-11-01,-0.0002707304472640004,0.010000228881835938
1974-11-04,-0.010887361589491107,0.0
1974-11-06,0.022594455705507777,-0.039999961853027344
1974-11-07,0.00613497639456817,-0.020000457763671875
1974-11-08,-0.00399674681878448,-0.019999980926513672
1974-11-12,-0.016691806006678966,0.06000041961669922
1974-11-13,-0.004353152053622189,-0.03000020980834961
1974-11-14,-0.003961495835598683,-0.03000020980834961
1974-11-15,-0.015865599909990813,-0.1099996566772461
1974-11-18,-0.037403524467755744,0.019999980926513672
1974-11-19,-0.015567343470699768,0.0
1974-11-20,-0.004408463065139756,-0.039999961853027344
1974-11-21,0.00411521414869398,0.009999752044677734
1974-11-22,0.01050492898010802,0.0
1974-11-25,-0.0010164771530565275,0.019999980926513672
1974-11-26,0.009255299263609018,0.010000228881835938
1974-11-27,0.006742744265933354,0.009999752044677734
1974-11-29,0.0004288296615166942,0.0
1974-12-02,-0.02694254198940893,0.07000017166137695
1974-12-03,-0.013897362195724128,0.029999732971191406
1974-12-04,0.0035667371724876773,-0.059999942779541016
1974-12-05,-0.019170969037754837,-0.039999961853027344
1974-12-06,-0.017081323077092314,-0.04999971389770508
1974-12-09,0.009034535613287709,-0.19000005722045898
1974-12-10,0.02528732483137297,0.019999980926513672
1974-12-11,0.005779925664478824,-0.039999961853027344
1974-12-12,-0.0032563857765230964,0.009999752044677734
1974-12-13,-0.005649691847485094,-0.009999752044677734
1974-12-16,-0.009136596410703746,-0.039999961853027344
1974-12-17,0.016711859229934234,-0.059999942779541016
1974-12-18,0.004723948656326193,-0.03000020980834961
1974-12-19,-0.0036886798648065877,0.0
1974-12-20,-0.010998889645693843,0.019999980926513672
1974-12-23,-0.014300003715233878,0.1399998664855957
1974-12-24,0.013851443897770821,0.019999980926513672
1974-12-26,0.008338422185629746,-0.059999942779541016
1974-12-27,-0.0044583674336005075,0.019999980926513672
1974-12-30,0.00029790427631137817,0.0
1974-12-31,0.020631351942276943,0.010000228881835938
1975-01-02,0.024066379290319517,0.019999980926513672
1975-01-03,0.006811374698445505,0.009999752044677734
1975-01-06,0.005078309876274112,-0.039999961853027344
1975-01-07,-0.0007038222972868269,-0.009999752044677734
1975-01-08,-0.013894959758356862,0.009999752044677734
1975-01-09,0.01600483509413575,-0.039999961853027344
1975-01-10,0.02003130621476501,0.019999980926513672
1975-01-13,-0.004140263374235786,0.09000015258789062
1975-01-14,-0.008750625499658327,0.029999732971191406
1975-01-15,0.006396894090588745,0.05000019073486328
1975-01-16,-0.001248302213097574,0.0
1975-01-17,-0.015244039702337453,-0.009999752044677734
1975-01-20,0.0016897039476235776,0.059999942779541016
1975-01-21,-0.005360499309292166,-0.039999961853027344
1975-01-22,0.014602912589103845,-0.039999961853027344
1975-01-23,0.004589422375175012,0.059999942779541016
1975-01-24,0.012547612304380173,0.06999969482421875
1975-01-27,0.03222387729040044,-0.029999732971191406
1975-01-28,0.008718628888105151,0.0
1975-01-29,0.016048401703224968,-0.019999980926513672
1975-01-30,-0.01368370922321649,-0.05000019073486328
1975-01-31,0.010053015798657583,-0.009999752044677734
1975-02-03,0.010852772171381808,-0.04000043869018555
1975-02-04,-0.0027021709044587894,-0.019999980926513672
1975-02-05,0.017118409316950967,-0.11999988555908203
1975-02-06,-0.004952069078092869,0.07999992370605469
1975-02-07,0.0008906381037174782,-0.04999971389770508
1975-02-10,-0.0034396702075536467,0.06999969482421875
1975-02-11,0.002803636566692802,-0.029999732971191406
1975-02-13,0.03045539278025622,0.019999980926513672
1975-02-14,0.006030390034457156,-0.09000015258789062
1975-02-18,-0.007018432968345145,-0.06999969482421875
1975-02-19,0.006281995501715265,-0.019999980926513672
1975-02-20,0.00941035524740741,0.039999961853027344
1975-02-21,0.00497487718457279,-0.08000040054321289
1975-02-24,-0.0143852324319802,0.1400003433227539
1975-02-25,-0.02373228916010728,0.06999969482421875
1975-02-26,0.010506712778766136,0.07000017166137695
1975-02-27,0.004964561493719266,-0.03000020980834961
1975-02-28,0.010101092663850508,-0.009999752044677734
1975-03-03,0.017495313015571057,0.039999961853027344
1975-03-04,0.0063629338989743545,0.03000020980834961
1975-03-05,0.004060724189075771,-0.05000019073486328
1975-03-06,-0.0025061064432359004,0.009999752044677734
1975-03-07,0.007262375992168835,0.03000020980834961
1975-03-10,0.0076809109848055,0.039999961853027344
1975-03-11,-0.006969449348119383,0.019999980926513672
1975-03-12,-0.009169510944968984,0.0
1975-03-13,0.0017928831800348988,-0.019999980926513672
1975-03-14,0.012107023522661464,0.019999980926513672
1975-03-17,0.014639834797005591,0.11999988555908203
1975-03-18,-0.010284125767809904,0.0
1975-03-19,-0.009323262734955762,0.10000038146972656
1975-03-20,-0.008693067435673996,0.14999961853027344
1975-03-21,-0.002634746682296907,-0.1099996566772461
1975-03-24,-0.023907470193823777,0.21000003814697266
1975-03-25,0.007829736676733035,-0.020000457763671875
1975-03-26,0.018473194638125356,-0.009999275207519531
1975-03-27,0.0031056181708093433,0.05999946594238281
1975-03-31,-0.005860884744564032,-0.06999969482421875
1975-04-01,-0.008674767901216462,0.06999969482421875
1975-04-02,-0.002544365398337689,0.1400003433227539
1975-04-03,-0.011223713712811723,-0.09000015258789062
1975-04-04,-0.007759197561080455,0.01999950408935547
1975-04-07,-0.006574467560367836,0.1100006103515625
1975-04-08,0.007933590691307835,-0.05000019073486328
1975-04-09,0.0225853284359383,-0.039999961853027344
1975-04-10,0.011163915772133493,0.01999950408935547
1975-04-11,0.004882458875203,0.030000686645507812
1975-04-14,0.01672789835430777,-0.06000041961669922
1975-04-15,0.008144368129572754,0.0
1975-04-16,0.0034701644969592493,-0.010000228881835938
1975-04-17,0.0074777631339957296,0.06000041961669922
1975-04-18,-0.010947927630954979,0.06000041961669922
1975-04-21,0.010718713477250397,0.049999237060546875
1975-04-22,-0.0016063222738962324,0.0
1975-04-23,-0.011200320266274488,-0.049999237060546875
1975-04-24,-0.0009293893484141336,-0.020000457763671875
1975-04-25,0.006718452454638424,0.0
1975-04-28,-0.004512583600656761,0.10000038146972656
1975-04-29,-0.006865727299691038,-0.010000228881835938
1975-04-30,0.019198041208152716,-0.029999732971191406
1975-05-01,0.009122017819592543,0.0
1975-05-02,0.012632727759781304,-0.20000076293945312
1975-05-05,0.009592941336299177,-0.029999732971191406
1975-05-06,-0.016114968605124957,0.029999732971191406
1975-05-07,0.004951646831099943,-0.039999961853027344
1975-05-08,0.00537390152620798,0.020000457763671875
1975-05-09,0.010772509532840147,-0.010000228881835938
1975-05-12,0.00088331496661187,-0.010000228881835938
1975-05-13,0.010648338252996048,-0.009999275207519531
1975-05-14,0.007506097985833016,-0.039999961853027344
1975-05-15,-0.009364103480641539,0.0
1975-05-16,-0.01077884760107839,-0.010000228881835938
1975-05-19,0.001105199876278995,-0.010000228881835938
1975-05-20,-0.005094131595941853,-0.019999980926513672
1975-05-21,-0.011276869926938993,0.0
1975-05-22,0.0036985397912934204,0.04000043869018555
1975-05-23,0.013224646071047452,0.0
1975-05-27,-0.0026531686533530774,-0.04000043869018555
1975-05-28,-0.006998054323711145,0.04000043869018555
1975-05-29,-0.00033445319893665726,0.15999984741210938
1975-05-30,0.0162587356981323,-0.1400003433227539
1975-06-02,0.015566637516227111,-0.01999950408935547
1975-06-03,0.003342835447532444,-0.020000457763671875
1975-06-04,-0.003126865654778044,-0.010000228881835938
1975-06-05,0.000971493053260275,-0.019999980926513672
1975-06-06,-0.0022681770041304006,-0.08999967575073242
1975-06-09,-0.013827911068598375,-0.09999990463256836
1975-06-10,-0.008477855749960739,-0.010000228881835938
1975-06-11,0.0012155436273522113,-0.11999988555908203
1975-06-12,-0.005204033313519041,0.019999980926513672
1975-06-13,0.004872598961979335,0.019999980926513672
1975-06-16,0.010330924539426967,-0.03000020980834961
1975-06-17,-0.009668249876923163,0.059999942779541016
1975-06-18,-0.002099823284949842,0.1100001335144043
1975-06-19,0.017872273188947574,-0.029999732971191406
1975-06-20,0.006391225525891109,0.1399998664855957
1975-06-23,0.010846931436745422,-0.039999961853027344
1975-06-24,0.006069979545260118,0.0
1975-06-25,0.004554854475760983,0.12000036239624023
1975-06-26,0.0020059639488518854,-0.04000043869018555
1975-06-27,0.0,-0.03000020980834961
1975-06-30,0.004000056731577217,0.010000228881835938
1975-07-01,-0.0035782396171919473,0.009999752044677734
1975-07-02,-0.007088832237984732,0.08000040054321289
1975-07-03,0.001909412952049827,0.0
1975-07-07,-0.008728098922514249,0.010000228881835938
1975-07-08,-0.0016048954991765285,-0.05000019073486328
1975-07-09,0.014985174866400719,0.010000228881835938
1975-07-10,0.00010542172683969397,0.0
1975-07-11,-0.0015833000142739806,-0.030000686645507812
1975-07-14,0.005583356745851198,0.0
1975-07-15,0.004402503570187122,-0.009999752044677734
1975-07-16,-0.010514238313527713,0.04999971389770508
1975-07-17,-0.010412369551215939,0.010000228881835938
1975-07-18,-0.004603126669011637,0.020000457763671875
1975-07-21,-0.008187877130470866,0.009999275207519531
1975-07-22,-0.010767470350796948,0.030000686645507812
1975-07-23,-0.013984665089083137,-0.010000228881835938
1975-07-24,-0.001220533969567228,0.0
1975-07-25,-0.008697632624905083,0.029999732971191406
1975-07-28,-0.006742338866765785,0.0
1975-07-29,-0.005653565332202959,0.010000228881835938
1975-07-30,0.007230845811060149,0.029999732971191406
1975-07-31,-0.0009010230391055529,0.039999961853027344
1975-08-01,-0.008600280976160946,0.06000041961669922
1975-08-04,-0.009592357904684157,0.1099996566772461
1975-08-05,-0.010612605580451628,0.0
1975-08-06,0.00023187201724095274,0.029999732971191406
1975-08-07,0.0005795775401118419,0.07999992370605469
1975-08-08,-0.0032498451210276613,-0.07999992370605469
1975-08-11,0.006142528551719373,-0.01999950408935547
1975-08-12,0.006564193268855156,0.01999950408935547
1975-08-13,-0.013288097765600249,-0.009999275207519531
1975-08-14,-0.004313147063519374,0.05999946594238281
1975-08-15,0.008839347392123997,0.029999732971191406
1975-08-18,-0.0018544704477081453,-0.01999950408935547
1975-08-19,-0.014607330072649027,-0.039999961853027344
1975-08-20,-0.020575093970593983,0.0
1975-08-21,-0.0018040960459195787,0.05999946594238281
1975-08-22,0.0144609522748258,-0.01999950408935547
1975-08-25,0.009212286671233194,0.0
1975-08-26,-0.013016377075215857,-0.06000041961669922
1975-08-27,0.005582308247845447,-0.029999732971191406
1975-08-28,0.02306490117469462,-0.09000015258789062
1975-08-29,0.00554013110146645,-0.05999946594238281
1975-09-02,-0.016245354849597327,0.039999961853027344
1975-09-03,0.0064135887214700205,0.029999732971191406
1975-09-04,0.0019740838224402424,0.0
1975-09-05,-0.006751209470881037,0.06000041961669922
1975-09-08,0.00314846787638956,0.009999275207519531
1975-09-09,-0.015133152096149516,0.039999961853027344
1975-09-10,-0.009620569024137104,0.06000041961669922
1975-09-11,-0.004066066013698411,0.09000015258789062
1975-09-12,-0.0017990277294037682,0.01999950408935547
1975-09-15,-0.005054840436633512,0.010000228881835938
1975-09-16,-0.009577583622643715,0.010000228881835938
1975-09-17,0.0034051645483357262,-0.06000041961669922
1975-09-18,0.020309474235753022,-0.029999732971191406
1975-09-19,0.02142014049559826,-0.07999992370605469
1975-09-22,-0.009476497628510216,-0.039999961853027344
1975-09-23,-0.0015292897726038035,-0.029999732971191406
1975-09-24,0.00937428262677642,-0.039999961853027344
1975-09-25,-0.0011669796600788374,0.06999969482421875
1975-09-26,0.006401733390634767,0.06999969482421875
1975-09-29,-0.013550068943617433,0.010000228881835938
1975-09-30,-0.013736107297148692,0.01999950408935547
1975-10-01,-0.011271131601373163,-0.009999275207519531
1975-10-02,0.010674756713045852,-0.030000686645507812
1975-10-03,0.02509405746658011,-0.1099996566772461
1975-10-06,0.010762128249452552,-0.029999732971191406
1975-10-07,-0.0012669234544349095,0.029999732971191406
1975-10-08,0.013393890397169095,-0.029999732971191406
1975-10-09,0.00487778509554726,-0.07000064849853516
1975-10-10,-0.0018122517186691667,-0.07999992370605469
1975-10-14,0.012057160068526862,0.039999961853027344
1975-10-15,-0.0005601414270595129,0.0
1975-10-16,0.0015677425928162236,-0.11999988555908203
1975-10-17,-0.005722981749557654,0.0
1975-10-20,0.010745559885505074,0.0
1975-10-21,0.008204923233926742,-0.01999950408935547
1975-10-22,0.0016550070380674242,0.0
1975-10-23,0.005825779468927372,-0.06000041961669922
1975-10-24,-0.015574358378207087,0.010000228881835938
1975-10-27,-0.0011138169032065548,0.0
1975-10-28,0.008655166719765184,-0.010000228881835938
1975-10-29,-0.01245155316942892,-0.009999752044677734
1975-10-30,-0.0008953759123189187,-0.059999942779541016
1975-10-31,-0.003027719109987892,-0.010000228881835938
1975-11-03,-0.010726739700150922,0.059999942779541016
1975-11-05,0.011961383875668474,-0.059999942779541016
1975-11-06,0.004476801160524957,0.03000020980834961
1975-11-07,-0.0024597643741417485,-0.03000020980834961
1975-11-10,0.00011187672187595865,-0.009999752044677734
1975-11-12,0.02049599378504574,0.04999971389770508
1975-11-13,-0.0016462882839736181,0.019999980926513672
1975-11-14,-0.0007691851816264972,0.09000062942504883
1975-11-17,0.005371912967055081,0.01999950408935547
1975-11-18,-0.005042201702919691,0.05000019073486328
1975-11-19,-0.011272045796271613,0.010000228881835938
1975-11-20,-0.0037858185967714064,-0.020000457763671875
1975-11-21,-0.0012278911123129177,0.09000015258789062
1975-11-24,0.0018969840314300157,-0.05000019073486328
1975-11-25,0.011196859491025002,0.0
1975-11-26,0.002532380709256543,-0.010000228881835938
1975-11-28,0.003293398759670829,-0.009999275207519531
1975-12-01,-0.006266852539624779,-0.020000457763671875
1975-12-02,-0.01488912325185865,-0.01999950408935547
1975-12-03,-0.019556417687756067,0.0
1975-12-04,0.0027359555469024244,0.049999237060546875
1975-12-05,-0.011679929714131454,-0.01999950408935547
1975-12-08,0.0028753829791687835,0.05999946594238281
1975-12-09,0.0026381084671136534,0.039999961853027344
1975-12-10,0.008895015400274708,0.0
1975-12-11,-0.003183977803832505,-0.06999969482421875
1975-12-12,0.0003416133776070751,-0.039999961853027344
1975-12-15,0.0029558287726016985,-0.05999946594238281
1975-12-16,0.009490569293848061,-0.06000041961669922
1975-12-17,0.002470814581820413,-0.05000019073486328
1975-12-18,0.0031358383455346583,0.010000228881835938
1975-12-19,-0.0070695154057780485,-0.07999992370605469
1975-12-22,-0.007460231875721313,-0.010000228881835938
1975-12-23,0.006671636191330599,0.0
1975-12-24,0.008193499090396905,-0.04999971389770508
1975-12-26,0.008792009442218252,-0.07000017166137695
1975-12-29,-0.001330555118233434,0.0
1975-12-30,-0.004002235720987457,-0.019999980926513672
1975-12-31,0.004667776873435336,0.03000020980834961
1976-01-02,0.00784143472257437,0.009999752044677734
1976-01-05,0.018313137411425373,-0.03000020980834961
1976-01-06,0.01020907201379373,-0.09999990463256836
1976-01-07,0.00448046598168883,0.05000019073486328
1976-01-08,0.006683363198892955,0.04999971389770508
1976-01-09,0.0039043485420320323,-0.09999990463256836
1976-01-12,0.014429410660065756,-0.009999752044677734
1976-01-13,-0.00792085569280676,0.009999752044677734
1976-01-14,0.016191299051985908,0.07000017166137695
1976-01-15,-0.005367997289753568,0.019999980926513672
1976-01-16,0.00402871665627913,0.059999942779541016
1976-01-19,0.013516483650493072,-0.029999732971191406
1976-01-20,0.005477251898835078,-0.05000019073486328
1976-01-21,-0.006291271398896292,0.07000017166137695
1976-01-22,-0.0020378746555991256,0.019999980926513672
1976-01-23,0.01186323843541981,-0.019999980926513672
1976-01-26,0.004726251667062087,0.009999752044677734
1976-01-27,-0.006138390196164245,0.010000228881835938
1976-01-28,-0.005465609959301787,0.029999732971191406
1976-01-29,0.015908529582969955,-0.009999752044677734
1976-01-30,0.00746383517185123,-0.019999980926513672
1976-02-02,9.916359562023302e-05,0.0
1976-02-03,0.0030685255842843873,0.019999980926513672
1976-02-04,0.007188994895384937,0.029999732971191406
1976-02-05,-0.015027512151711164,-0.019999980926513672
1976-02-06,-0.00930705054201919,0.05000019073486328
1976-02-09,0.0016074311341141012,-0.019999980926513672
1976-02-10,0.008496212408423354,0.019999980926513672
1976-02-11,0.002981471355334442,-0.03000020980834961
1976-02-13,-0.010975948371291011,-0.029999732971191406
1976-02-17,-0.0062399066533576075,-0.039999961853027344
1976-02-18,0.008044240625276977,0.009999752044677734
1976-02-19,0.015502697155707956,0.010000228881835938
1976-02-20,0.006780968489854544,-0.03000020980834961
1976-02-23,-0.004810748721078895,-0.05000019073486328
1976-02-24,0.004124914218459175,-0.029999732971191406
1976-02-25,-0.003337881911686935,-0.010000228881835938
1976-02-26,-0.015659406283166533,0.0
1976-02-27,-0.004003623869400563,0.09000015258789062
1976-03-01,0.003104168769333171,0.09000015258789062
1976-03-02,0.005583316520642256,-0.039999961853027344
1976-03-03,-0.005983249387301548,0.0
1976-03-04,-0.010658775418718847,0.029999732971191406
1976-03-05,0.001918926434186119,-0.04999971389770508
1976-03-08,0.010838057061993034,-0.039999961853027344
1976-03-09,0.0038850413098412417,0.019999980926513672
1976-03-10,0.003572856150046988,-0.019999980926513672
1976-03-11,0.009367488897071397,0.009999752044677734
1976-03-12,-0.010160371295842019,-0.059999942779541016
1976-03-15,-0.010565208803899218,0.029999732971191406
1976-03-16,0.011159891733077743,0.020000457763671875
1976-03-17,-0.0005946829291785249,0.0
1976-03-18,-0.004073361819973975,-0.03000020980834961
1976-03-19,0.0012933880686976096,0.009999752044677734
1976-03-22,0.0012916416205479564,-0.059999942779541016
1976-03-23,0.015077879165627195,-0.009999752044677734
1976-03-24,0.011475379528089746,-0.019999980926513672
1976-03-25,-0.005526748000039383,-0.010000228881835938
1976-03-26,0.0,0.0
1976-03-29,-0.004287201416361519,0.0
1976-03-30,-0.003913531210829824,0.010000228881835938
1976-03-31,0.007422580336641893,0.009999752044677734
1976-04-01,-0.005170479237500913,0.019999980926513672
1976-04-02,9.782518795997674e-05,-0.009999752044677734
1976-04-05,0.01224745211066125,-0.05000019073486328
1976-04-06,-0.0014502010941770394,-0.029999732971191406
1976-04-07,-0.011188534555727436,-0.03000020980834961
1976-04-08,-0.009140565040557824,-0.009999752044677734
1976-04-09,-0.009224886306332891,-0.03000020980834961
1976-04-12,-0.0014959018426781157,0.0
1976-04-13,0.008447315856003001,-0.019999980926513672
1976-04-14,-0.007350107493321545,-0.03000020980834961
1976-04-15,0.003582455995868372,0.0
1976-04-19,0.007619692203756578,0.04000043869018555
1976-04-20,0.01399856708607583,-0.010000228881835938
1976-04-21,0.004364883431462907,-0.03000020980834961
1976-04-22,-0.003296138058031417,0.05000019073486328
1976-04-23,-0.006722901796686109,0.07000017166137695
1976-04-26,0.001367716008576103,0.019999980926513672
1976-04-27,-0.0055803139792809375,0.009999752044677734
1976-04-28,0.002647157248485854,-0.019999980926513672
1976-04-29,0.0,0.010000228881835938
1976-04-30,-0.004809332250077958,0.059999942779541016
1976-05-03,-0.007109046817698861,0.019999980926513672
1976-05-04,0.005336517485782899,-0.03000020980834961
1976-05-05,-0.005732958684579792,0.019999980926513672
1976-05-06,0.002771793572489578,0.10000038146972656
1976-05-07,0.0070921651493405236,0.08999967575073242
1976-05-10,0.011903753070660272,0.05000019073486328
1976-05-11,-0.0014559723922324963,0.0
1976-05-12,-0.0017499548582398106,0.019999980926513672
1976-05-13,-0.00595320140136657,-0.019999980926513672
1976-05-14,-0.008059083660182154,0.009999752044677734
1976-05-17,-0.0024699909711660695,0.010000228881835938
1976-05-18,0.0016803146985147066,0.0
1976-05-19,-0.0007903757582949922,0.0
1976-05-20,0.008071701404313458,0.009999752044677734
1976-05-21,-0.007281325646018466,0.05000019073486328
1976-05-24,-0.01813701588424621,-0.019999980926513672
1976-05-25,0.0005026433754506954,-0.039999961853027344
1976-05-26,-0.0015088423146520924,0.009999752044677734
1976-05-27,0.00040258572219897815,0.039999961853027344
1976-05-28,0.008017712438741498,-0.029999732971191406
1976-06-01,-0.0032995263956330234,-0.019999980926513672
1976-06-02,0.003698737131701435,0.0
1976-06-03,-0.0008984674222638489,-0.019999980926513672
1976-06-04,-0.009835443934144372,-0.03000020980834961
1976-06-07,-0.005258423236832677,-0.009999752044677734
1976-06-08,0.0017221885234857126,0.019999980926513672
1976-06-09,-0.0006075244462460105,0.0
1976-06-10,0.00827034178161945,-0.039999961853027344
1976-06-11,0.013567652651799378,0.0
1976-06-14,0.010154361457365368,-0.019999980926513672
1976-06-15,-0.0048178439715824695,0.009999752044677734
1976-06-16,0.005406245520796382,0.019999980926513672
1976-06-17,0.015562987518705995,-0.019999980926513672
1976-06-18,0.001446704441860902,-0.039999961853027344
1976-06-21,0.004999016762909925,-0.009999752044677734
1976-06-22,-0.007797849944775059,0.009999752044677734
1976-06-23,-0.002128495573369804,0.0
1976-06-24,0.005216403957014393,0.0
1976-06-25,-0.000674663358476657,0.019999980926513672
1976-06-28,-0.00279991409941438,0.03000020980834961
1976-06-29,0.004148785952582834,0.0
1976-06-30,0.004035733066438674,0.0
1976-07-01,-0.006638812641235781,0.019999980926513672
1976-07-02,0.005007273631174591,-0.039999961853027344
1976-07-06,-0.00549001803321314,-0.019999980926513672
1976-07-07,0.0027969436344710275,0.019999980926513672
1976-07-08,0.0014436412895015849,-0.019999980926513672
1976-07-09,0.009571282561054772,-0.039999961853027344
1976-07-12,0.008725379214997275,-0.019999980926513672
1976-07-13,-0.002174253891144673,0.009999752044677734
1976-07-14,0.002646242785660391,0.019999980926513672
1976-07-15,-0.007103984616048997,-0.019999980926513672
1976-07-16,-0.004955190717238267,0.059999942779541016
1976-07-19,-0.003732591665476015,0.03000020980834961
1976-07-20,-0.0054805164721098976,0.009999752044677734
1976-07-21,0.0009636550199330074,-0.009999752044677734
1976-07-22,0.0010589710770760874,0.0
1976-07-23,0.0012500338639434005,-0.019999980926513672
1976-07-26,9.611431672684745e-05,0.029999732971191406
1976-07-27,-0.005685356959121535,-0.019999980926513672
1976-07-28,-0.004164052807429819,0.0
1976-07-29,-0.0011651884474535024,0.0
1976-07-30,0.004942609562395894,0.010000228881835938
1976-08-02,-0.002419785278798159,-0.010000228881835938
1976-08-03,0.009164169086925078,-0.029999732971191406
1976-08-04,0.002780851539879947,-0.010000228881835938
1976-08-05,-0.005569457784740273,0.010000228881835938
1976-08-06,-0.0005778998308603178,0.019999980926513672
1976-08-09,-0.0028946667599774045,0.0
1976-08-10,0.008850522338155642,0.0
1976-08-11,-0.003357858975702399,-0.019999980926513672
1976-08-12,0.0015364287931891596,-0.010000228881835938
1976-08-13,0.0002877994850889465,-0.029999732971191406
1976-08-16,0.001725132734846646,-0.04000043869018555
1976-08-17,0.0035368075930106713,0.010000228881835938
1976-08-18,-0.0022927550401341534,0.010000228881835938
1976-08-19,-0.011252806271422777,0.0
1976-08-20,-0.00991451193358106,0.0
1976-08-23,-0.004013157232995113,-0.03000020980834961
1976-08-24,-0.00679038633279383,-0.010000228881835938
1976-08-25,0.007476691527213752,-0.029999732971191406
1976-08-26,-0.006983053601580025,-0.010000228881835938
1976-08-27,0.0015779456893616484,0.039999961853027344
1976-08-30,0.005797081614702826,-0.009999752044677734
1976-08-31,0.0081960060080144,-0.05000019073486328
1976-09-01,0.011112776967078908,-0.019999980926513672
1976-09-02,-0.0013462776581372182,0.03000020980834961
1976-09-03,0.00365003652365381,-0.019999980926513672
1976-09-07,0.006974620746110993,-0.010000228881835938
1976-09-08,-0.0008572304889122861,0.0
1976-09-09,-0.005159091459111309,0.019999980926513672
1976-09-10,0.002391773408554343,-0.019999980926513672
1976-09-13,-0.0034459745610009307,0.0
1976-09-14,-0.00336165584288306,0.0
1976-09-15,0.002978027610003764,-0.019999980926513672
1976-09-16,0.010401318611671151,-0.019999980926513672
1976-09-17,0.008789814505298033,-0.1100001335144043
1976-09-20,0.000470417738758222,0.03000020980834961
1976-09-21,0.014102518340282089,-0.009999752044677734
1976-09-22,-0.003437253093948378,0.019999980926513672
1976-09-23,-0.0050378026357185135,0.009999752044677734
1976-09-24,-0.0011229190446480075,0.039999961853027344
1976-09-27,0.004391034214487277,0.019999980926513672
1976-09-28,-0.012664914413542228,-0.039999961853027344
1976-09-29,-0.005206083224042146,0.0
1976-09-30,-0.001234555804071391,-0.009999752044677734
1976-10-01,-0.010219273454642241,-0.06000041961669922
1976-10-04,-0.0013448550701360418,-0.029999732971191406
1976-10-05,-0.007719766352186852,0.009999752044677734
1976-10-06,-0.002521845472872819,-0.029999732971191406
1976-10-07,0.005520324792414044,-0.010000228881835938
1976-10-08,-0.009510050948316362,-0.04999971389770508
1976-10-12,-0.0172104365197443,-0.03000020980834961
1976-10-13,0.012911086420963613,0.0
1976-10-14,-0.012514369998878117,-0.009999752044677734
1976-10-15,0.00029741516039649696,-0.03000020980834961
1976-10-18,0.00583153589074481,0.0
1976-10-19,-0.00019716413075343553,0.039999961853027344
1976-10-20,0.002854482207235165,0.03000020980834961
1976-10-21,-0.009579859418177072,0.009999752044677734
1976-10-22,-0.008070562171669238,0.09000015258789062
1976-10-25,0.0010998412449270134,0.05000019073486328
1976-10-26,0.009844437653033111,-0.05000019073486328
1976-10-27,0.006902744878868106,-0.03000020980834961
1976-10-28,-0.0014751590800470282,-0.039999961853027344
1976-10-29,0.012615696164163026,0.010000228881835938
1976-11-01,0.0019417185541659165,-0.039999961853027344
1976-11-03,-0.011511202364678397,0.059999942779541016
1976-11-04,0.004796225988394021,-0.059999942779541016
1976-11-05,-0.015647654219092644,0.029999732971191406
1976-11-08,-0.012174596357064082,0.05000019073486328
1976-11-09,-0.002815191703169795,0.0
1976-11-10,-0.005148168068530801,-0.010000228881835938
1976-11-12,0.0043423477989152914,-0.019999980926513672
1976-11-15,0.006628563630872719,-0.019999980926513672
1976-11-16,0.0014004142324601787,-0.07999992370605469
1976-11-17,0.0056815472094378094,-0.009999752044677734
1976-11-18,0.012642131625425712,0.009999752044677734
1976-11-19,0.0002943798623515903,-0.09000015258789062
1976-11-22,0.006552252544821613,-0.06999969482421875
1976-11-23,-0.006159855874432907,-0.010000228881835938
1976-11-24,0.0044038293180053145,-0.019999980926513672
1976-11-26,0.007199854463435962,-0.15000009536743164
1976-11-29,-0.006906969146204034,0.03000020980834961
1976-11-30,-0.0033245749381975997,-0.009999752044677734
1976-12-01,0.003812501774490329,-0.04000043869018555
1976-12-02,-0.0036165927312490354,-0.04999971389770508
1976-12-03,0.006247573761307912,-0.059999942779541016
1976-12-06,0.007754938278313084,0.009999752044677734
1976-12-07,-0.0006761622703574943,0.010000228881835938
1976-12-08,0.005684882758832721,0.029999732971191406
1976-12-09,0.004122929249841256,0.010000228881835938
1976-12-10,0.0018163076819988078,-0.09999990463256836
1976-12-13,-0.0006687975863224338,0.07999992370605469
1976-12-14,0.004196500653654844,-0.010000228881835938
1976-12-15,0.0006659977899854397,-0.009999752044677734
1976-12-16,-0.003238988579401969,0.0
1976-12-17,-0.005166001177354218,0.0
1976-12-20,-0.005867946226169707,-0.039999961853027344
1976-12-21,0.005484207590577661,0.009999752044677734
1976-12-22,0.004690554362092314,0.010000228881835938
1976-12-23,0.0012407279688311235,-0.019999980926513672
1976-12-27,0.011569605165133723,0.0
1976-12-28,0.006672008059537049,0.019999980926513672
1976-12-29,-0.004035483110965465,-0.019999980926513672
1976-12-30,0.005065210452073643,-0.039999961853027344
1976-12-31,0.005411992690447676,0.009999752044677734
1977-01-03,-0.0042898423190660395,0.03000020980834961
1977-01-04,-0.012223970457594824,0.059999942779541016
1977-01-05,-0.008932823973138326,-0.019999980926513672
1977-01-06,0.0024787362138321,0.04999971389770508
1977-01-07,-9.517218398791272e-05,0.1400003433227539
1977-01-10,0.0018076672334874644,0.12999963760375977
1977-01-11,-0.010319164789134305,0.08000040054321289
1977-01-12,-0.006939129673991573,-0.019999980926513672
1977-01-13,0.007707123200384913,-0.08000040054321289
1977-01-14,-0.0018250311280185727,0.10000038146972656
1977-01-17,-0.0026956670977833497,0.0
1977-01-18,-0.003960436532016942,0.059999942779541016
1977-01-19,0.005116570355072625,-0.059999942779541016
1977-01-20,-0.00850984010541822,-0.019999980926513672
1977-01-21,0.0033932697503455955,0.019999980926513672
1977-01-24,-0.0006777334328020856,0.059999942779541016
1977-01-25,-0.0011629301453970342,-0.019999980926513672
1977-01-26,-0.007689734102553913,0.009999752044677734
1977-01-27,-0.005388691134666779,0.09999990463256836
1977-01-28,0.0013744297157707308,-0.029999732971191406
1977-01-31,0.000980569548759469,0.0
1977-02-01,0.004986099560989388,0.009999752044677734
1977-02-02,-0.0017569580296621368,0.059999942779541016
1977-02-03,-0.004994889563196381,-0.009999752044677734
1977-02-04,0.00029449546107862545,-0.17999982833862305
1977-02-07,9.817084363028528e-05,0.059999942779541016
1977-02-08,-0.002850273870006248,0.009999752044677734
1977-02-09,-0.008599816845243247,-0.009999752044677734
1977-02-10,0.0008930423469024618,0.0
1977-02-11,-0.0059689639157340935,0.019999980926513672
1977-02-14,0.005175137400305729,0.019999980926513672
1977-02-15,0.0029735679911553348,-0.019999980926513672
1977-02-16,0.004542311378567199,-0.019999980926513672
1977-02-17,-0.0057306928526106304,-0.07999992370605469
1977-02-18,-0.004269906826503522,0.14999961853027344
1977-02-22,0.0,0.010000228881835938
1977-02-23,-0.00298979116379261,0.059999942779541016
1977-02-24,-0.005906258368451489,0.019999980926513672
1977-02-25,-0.0012054965904715331,-0.019999980926513672
1977-02-28,0.0034119083041899145,-0.03000020980834961
1977-03-01,0.008379976744990358,0.039999961853027344
1977-03-02,-0.0026859431055612504,-0.039999961853027344
1977-03-03,0.004869069806803239,-0.019999980926513672
1977-03-04,0.003167062267221077,0.05000019073486328
1977-03-07,0.000493979288993529,0.019999980926513672
1977-03-08,-0.003760119690976005,0.019999980926513672
1977-03-09,-0.007662915218043409,-0.019999980926513672
1977-03-10,0.00567815147501971,-0.010000228881835938
1977-03-11,-0.0001986553066011254,-0.04999971389770508
1977-03-14,0.007621125066647139,0.009999752044677734
1977-03-15,0.005506456231882062,-0.009999752044677734
1977-03-16,0.0018613261371083212,0.0
1977-03-17,-0.0008812371477580072,0.029999732971191406
1977-03-18,-0.002157510085405434,-0.029999732971191406
1977-03-21,-0.005414228481310346,-0.010000228881835938
1977-03-22,-0.0030645821259520645,0.0
1977-03-23,-0.007952358647160374,0.010000228881835938
1977-03-24,-0.005002511835713541,0.019999980926513672
1977-03-25,-0.006439943844026352,0.019999980926513672
1977-03-28,-0.0006058523797696225,-0.010000228881835938
1977-03-29,0.0069455453900042485,0.0
1977-03-30,-0.01160282911785604,-0.029999732971191406
1977-03-31,-0.0012185495734033935,-0.019999980926513672
1977-04-01,0.007994789600300756,0.009999752044677734
1977-04-04,-0.009927104572637901,0.010000228881835938
1977-04-05,-0.002242165783862937,0.029999732971191406
1977-04-06,-0.001020809308342585,-0.009999752044677734
1977-04-07,0.004483802551493277,-0.03000020980834961
1977-04-11,0.00537443661217285,-0.039999961853027344
1977-04-12,0.012762111415304034,0.0
1977-04-13,9.986656661897797e-05,-0.029999732971191406
1977-04-14,0.008351572926878603,-0.1400003433227539
1977-04-15,0.0003959702620148775,0.03000020980834961
1977-04-18,-0.004960819732745314,0.0
1977-04-19,-0.004685729317787768,0.05000019073486328
1977-04-20,0.0032922844028844267,0.019999980926513672
1977-04-21,-0.0064951666856529755,0.009999752044677734
1977-04-22,-0.013219805446160748,0.03000020980834961
1977-04-25,-0.013191058793941224,0.039999961853027344
1977-04-26,-0.0004118286384517944,-0.019999980926513672
1977-04-27,0.008714859846617351,0.0
1977-04-28,0.0024469615454201232,0.019999980926513672
1977-04-29,0.002441066040355544,0.04999971389770508
1977-05-02,0.004965282096083712,0.0
1977-05-03,0.005041349641339288,-0.009999752044677734
1977-05-04,0.005316214746579284,0.009999752044677734
1977-05-05,0.001499490720386909,0.019999980926513672
1977-05-06,-0.006212472398744673,0.03000020980834961
1977-05-09,-0.003120730991479803,0.0
1977-05-10,0.0029197192984184994,0.019999980926513672
1977-05-11,-0.006960960681713146,0.0
1977-05-12,-0.0005062571301737151,-0.019999980926513672
1977-05-13,0.0030339365821037134,-0.019999980926513672
1977-05-16,0.004433281229783148,-0.019999980926513672
1977-05-17,0.0030113998422960364,-0.010000228881835938
1977-05-18,0.005298222115497353,-0.019999980926513672
1977-05-19,-0.004196287481435412,0.059999942779541016
1977-05-20,-0.004314463299125215,0.0
1977-05-23,-0.013158038344760925,-0.029999732971191406
1977-05-24,-0.004902505556842129,-0.05000019073486328
1977-05-25,-0.009257436508991468,-0.019999980926513672
1977-05-26,0.0024770937908824564,0.03000020980834961
1977-05-27,-0.007657379074028192,-0.039999961853027344
1977-05-31,-0.0015592694771084936,0.0
1977-06-01,0.008391632210151379,0.0
1977-06-02,-0.0019621263402775924,0.009999752044677734
1977-06-03,0.00977227934356062,-0.029999732971191406
1977-06-06,-0.0047198843089510945,0.009999752044677734
1977-06-07,0.00512926835254035,-0.009999752044677734
1977-06-08,0.004797575583653568,0.0
1977-06-09,-0.0006111598408917729,-0.010000228881835938
1977-06-10,0.00325534058901944,-0.04999971389770508
1977-06-13,0.0028397461642279964,-0.03000020980834961
1977-06-14,0.011279099988723118,-0.05000019073486328
1977-06-15,-0.0025066439000482887,0.010000228881835938
1977-06-16,0.0024064772956249314,0.009999752044677734
1977-06-17,0.0012011086096714862,0.0
1977-06-20,0.004491219182811257,0.03000020980834961
1977-06-21,0.0031815467395244212,-0.009999752044677734
1977-06-22,-0.002783289903572239,-0.010000228881835938
1977-06-23,0.0015914431512067395,0.010000228881835938
1977-06-24,0.005648889508866439,-0.06000041961669922
1977-06-27,-0.002077451194302249,0.0
1977-06-28,-0.008353309867501935,-0.039999961853027344
1977-06-29,-0.00029961327861460774,0.03000020980834961
1977-06-30,0.0036891486006593865,0.009999752044677734
1977-07-01,-0.003789065051231333,0.1400003433227539
1977-07-05,-9.992643486711472e-05,0.009999752044677734
1977-07-06,-0.005108385040950125,0.019999980926513672
1977-07-07,0.003508584325781605,-0.07999992370605469
1977-07-08,-0.0014019568568324203,0.019999980926513672
1977-07-11,-0.002407925905028918,0.019999980926513672
1977-07-12,-0.001005086552104295,-0.009999752044677734
1977-07-13,0.001406746558060945,-0.039999961853027344
1977-07-15,0.00590684980405598,0.029999732971191406
1977-07-18,0.007656743552711731,0.03000020980834961
1977-07-19,0.008286561930067826,-0.010000228881835938
1977-07-20,-0.0005895986544057763,-0.009999752044677734
1977-07-21,-0.0013772087485977025,0.0
1977-07-22,0.0007871872217650733,-0.010000228881835938
1977-07-25,-0.008098007007248498,-0.029999732971191406
1977-07-26,-0.005767735213146885,0.0
1977-07-27,-0.016389661388469534,0.07999992370605469
1977-07-28,0.0015195416553703822,0.04999971389770508
1977-07-29,0.0006071398565277164,0.010000228881835938
1977-08-01,0.0027277308502329234,0.009999752044677734
1977-08-02,-0.006274716852509243,0.010000228881835938
1977-08-03,-0.0013206407324455327,-0.019999980926513672
1977-08-04,0.003754203750214735,0.009999752044677734
1977-08-05,0.0002025749116896236,-0.009999752044677734
1977-08-08,-0.007827275260269495,-0.010000228881835938
1977-08-09,0.0006121729196282288,0.039999961853027344
1977-08-10,0.008833840375895186,0.010000228881835938
1977-08-11,-0.007712586432547575,0.009999752044677734
1977-08-12,-0.002856627196445416,0.010000228881835938
1977-08-15,0.003060321224473306,0.0
1977-08-16,-0.00459392303843309,0.0
1977-08-17,0.00010226128594936768,-0.039999961853027344
1977-08-18,-0.000614037059063044,-0.019999980926513672
1977-08-19,-0.0017418741718531194,-0.019999980926513672
1977-08-22,0.0028673729315249474,-0.010000228881835938
1977-08-23,-0.0017399130919164563,-0.029999732971191406
1977-08-24,-0.004003078247182046,-0.010000228881835938
1977-08-25,-0.011169852442698414,-0.029999732971191406
1977-08-26,-0.000936517083316879,-0.05000019073486328
1977-08-29,0.008912906234643359,-0.019999980926513672
1977-08-30,-0.0055871943411318625,0.019999980926513672
1977-08-31,0.004038311488274715,0.010000228881835938
1977-09-01,0.0006198883303998315,0.019999980926513672
1977-09-02,0.006382512103995985,-0.06000041961669922
1977-09-06,0.0026645039489796574,0.0
1977-09-07,0.0030656374907254147,0.020000457763671875
1977-09-08,-0.007476130407623849,0.019999980926513672
1977-09-09,-0.009398427305930213,0.07999992370605469
1977-09-12,-0.0035343484253846924,0.019999980926513672
1977-09-13,0.0006245842397367696,-0.010000228881835938
1977-09-14,0.004775826304646458,-0.029999732971191406
1977-09-15,0.0025859853263749955,-0.010000228881835938
1977-09-16,-0.0033112580359917487,-0.009999752044677734
1977-09-19,-0.006551314200755165,0.0
1977-09-20,0.00041724122826014565,0.039999961853027344
1977-09-21,-0.008272741294116592,0.0
1977-09-22,-0.00010518046703289485,0.029999732971191406
1977-09-23,-0.0005259077919088639,0.0
1977-09-26,0.003571018826463934,0.03000020980834961
1977-09-27,-0.0014688848851829306,-0.039999961853027344
1977-09-28,0.0007347121454186478,0.0
1977-09-29,0.005649742238098554,0.009999752044677734
1977-09-30,0.007069374642474813,0.019999980926513672
1977-10-03,0.0021731170979713,0.0
1977-10-04,-0.007366315374457422,-0.009999752044677734
1977-10-05,-0.00365133654632821,0.0
1977-10-06,0.0038596275952933468,0.039999961853027344
1977-10-07,-0.0008332656379925751,0.039999961853027344
1977-10-11,-0.01089587424071592,0.059999942779541016
1977-10-12,-0.009419547701074116,0.0
1977-10-13,-0.006186705931025216,0.0
1977-10-14,0.0010693881450736242,0.0
1977-10-17,-0.0009623733670958146,0.010000228881835938
1977-10-18,-0.00010701477797780967,0.0
1977-10-19,-0.011623052205243845,-0.010000228881835938
1977-10-20,0.003134300568618187,0.0
1977-10-21,-0.003783976385568266,0.010000228881835938
1977-10-24,-0.007502100451740823,0.009999752044677734
1977-10-25,-0.006899192485568584,0.019999980926513672
1977-10-26,0.012015420176779479,-0.009999752044677734
1977-10-27,0.0026024507262416563,-0.010000228881835938
1977-10-28,0.0029197563528642334,0.0
1977-10-31,-0.0029197563528642334,0.059999942779541016
1977-11-01,-0.010779111299510369,0.010000228881835938
1977-11-02,-0.007030671586411685,0.059999942779541016
1977-11-03,0.000551088914828135,-0.010000228881835938
1977-11-04,0.008994243774217203,-0.039999961853027344
1977-11-07,0.007722875974605081,-0.019999980926513672
1977-11-09,0.007448649168662946,-0.019999980926513672
1977-11-10,0.018435129205109035,-0.009999752044677734
1977-11-14,0.006420067457577616,-0.03000020980834961
1977-11-15,0.006379112982141777,0.0
1977-11-16,-0.005016243811652998,-0.009999752044677734
1977-11-17,-0.003042794280976757,-0.010000228881835938
1977-11-18,0.001784851794564446,0.0
1977-11-21,-0.0008395617062149086,0.019999980926513672
1977-11-22,0.008780200171122132,-0.019999980926513672
1977-11-23,0.004154139714962035,-0.019999980926513672
1977-11-25,0.0020706558523926333,0.0
1977-11-28,-0.006745228859463381,0.010000228881835938
1977-11-29,-0.01563595350470237,0.019999980926513672
1977-11-30,0.002957006823327113,0.0
1977-12-01,-0.0014774104258927778,0.029999732971191406
1977-12-02,-0.0002112829792020321,0.010000228881835938
1977-12-05,-0.004234171001071374,0.009999752044677734
1977-12-06,-0.015393086661624977,0.03000020980834961
1977-12-07,-0.0005387969700239026,0.0
1977-12-08,0.0019381970883518562,0.009999752044677734
1977-12-09,0.007395161928533511,-0.009999752044677734
1977-12-12,-0.00021362956714465753,0.009999752044677734
1977-12-13,-0.0007478999949475096,0.010000228881835938
1977-12-14,0.00501095168549881,0.009999752044677734
1977-12-15,-0.005117781965151558,0.010000228881835938
1977-12-16,-0.0016047237699439165,0.0
1977-12-19,-0.007630743344610558,0.019999980926513672
1977-12-20,-0.002051973708839583,0.04999971389770508
1977-12-21,0.005928371366846541,-0.019999980926513672
1977-12-22,0.008027872661683588,0.03000020980834961
1977-12-23,0.009443535231645761,0.0
1977-12-27,0.0,0.019999980926513672
1977-12-28,0.000633420183979716,0.010000228881835938
1977-12-29,0.002003294875890127,0.039999961853027344
1977-12-30,0.0016838146679249988,-0.039999961853027344
1978-01-03,-0.013550903858818408,0.04999971389770508
1978-01-04,-0.0032027683790749606,-0.009999752044677734
1978-01-05,-0.008375425339760767,0.009999752044677734
1978-01-06,-0.012150237492126514,0.019999980926513672
1978-01-09,-0.010754008450618358,0.16000032424926758
1978-01-10,-0.005198852780831764,0.010000228881835938
1978-01-11,-0.00478018046194606,0.009999275207519531
1978-01-12,0.0008910875187808642,-0.009999275207519531
1978-01-13,-0.0014483569115473216,-0.04000043869018555
1978-01-16,-0.002903107579863118,0.0
1978-01-17,0.005019216988261022,0.0
1978-01-18,0.00753717073707616,0.0
1978-01-19,-0.0052034574819881385,-0.010000228881835938
1978-01-20,-0.0022224362185685465,0.0
1978-01-23,-0.007257348169030564,0.0
1978-01-24,0.00011207503345467273,0.019999980926513672
1978-01-25,0.0015673916120499953,0.010000228881835938
1978-01-26,-0.009102693105549342,-0.019999980926513672
1978-01-27,0.0,-0.010000228881835938
1978-01-30,0.00854315576701925,-0.009999752044677734
1978-01-31,-0.0010078542735199036,-0.019999980926513672
1978-02-01,0.007590172660156824,0.019999980926513672
1978-02-02,0.002221448774851531,0.0
1978-02-03,-0.005674502089783928,0.009999752044677734
1978-02-06,-0.0013399147241637266,0.019999980926513672
1978-02-07,0.009231026151668154,0.0
1978-02-08,0.005519996240784586,0.010000228881835938
1978-02-09,-0.0058521534545556975,0.010000228881835938
1978-02-10,-0.002439309500343434,0.010000228881835938
1978-02-14,-0.011612467468871124,0.029999732971191406
1978-02-15,-0.002361265854861294,0.029999732971191406
1978-02-16,-0.008478938191665897,0.020000457763671875
1978-02-17,-0.001363357924855535,-0.010000228881835938
1978-02-21,-0.0042153609127870695,0.010000228881835938
1978-02-22,-0.0003425495933262468,0.0
1978-02-23,0.0009132629909665013,-0.020000457763671875
1978-02-24,0.009652019375370635,-0.039999961853027344
1978-02-27,-0.008739589672741133,-0.01999950408935547
1978-02-28,-0.007782143839492939,0.01999950408935547
1978-03-01,0.0017218798146130254,0.010000228881835938
1978-03-02,0.001489854746118624,-0.010000228881835938
1978-03-03,0.001487638380606171,0.0
1978-03-06,-0.0063091167370696866,0.010000228881835938
1978-03-07,0.0052794691528523785,-0.020000457763671875
1978-03-08,0.0054794170873195824,0.0
1978-03-09,0.0005690895615204639,-0.009999275207519531
1978-03-10,0.011201088797176517,-0.020000457763671875
1978-03-13,0.0007872653739191549,-0.010000228881835938
1978-03-14,0.004486844724733707,0.0
1978-03-15,-0.0025774175299968505,0.010000228881835938
1978-03-16,0.004366567750785144,0.0
1978-03-17,0.007679018486665079,0.0
1978-03-20,0.006850129074235767,-0.03000020980834961
1978-03-21,-0.011405901580543443,0.0
1978-03-22,-0.003570233525815425,0.010000228881835938
1978-03-23,-0.0012302256120193533,0.03000020980834961
1978-03-27,-0.005498502935201266,0.1099996566772461
1978-03-28,0.007063966624810902,0.0
1978-03-29,0.0015630168429972002,-0.010000228881835938
1978-03-30,-0.0025690684179702217,0.010000228881835938
1978-03-31,-0.002239443042753031,0.029999732971191406
1978-04-03,-0.008442668572522294,-0.01999950408935547
1978-04-04,0.0045116422858884064,-0.010000228881835938
1978-04-05,0.00873953774735714,0.020000457763671875
1978-04-06,0.0016719786052279417,0.01999950408935547
1978-04-07,0.0042231364760851875,-0.01999950408935547
1978-04-10,0.003542566550556181,0.009999275207519531
1978-04-11,-0.0026557265426854215,0.010000228881835938
1978-04-12,-0.001552444192639335,0.0
1978-04-13,0.009608586018995169,-0.010000228881835938
1978-04-14,0.021099149157151054,-0.029999732971191406
1978-04-17,0.016331673440191707,-0.039999961853027344
1978-04-18,-0.010858065565467534,0.0
1978-04-19,0.004591820797836377,0.05000019073486328
1978-04-20,0.007218718180053152,0.010000228881835938
1978-04-21,-0.0021177960112002125,0.01999950408935547
1978-04-24,0.015044209443579426,0.020000457763671875
1978-04-25,0.009043279389290504,0.0
1978-04-26,0.0018608534887762929,0.039999961853027344
1978-04-27,-0.009964781260958233,0.01999950408935547
1978-04-28,0.01006808243483448,0.0
1978-05-01,0.008637548178591636,0.0
1978-05-02,-0.004309448213469125,0.010000228881835938
1978-05-03,-0.010232096431296078,0.029999732971191406
1978-05-04,-0.0034341240561692743,-0.009999275207519531
1978-05-05,0.006235066203591266,0.06999969482421875
1978-05-08,-0.003528400669076781,0.010000228881835938
1978-05-09,-0.0030194297450663043,-0.010000228881835938
1978-05-10,0.00020849382932563998,0.0
1978-05-11,0.013256188439843442,0.0
1978-05-12,0.008910826222705559,0.01999950408935547
1978-05-15,0.007011179815088475,-0.009999275207519531
1978-05-16,0.005956267531703752,-0.010000228881835938
1978-05-17,0.0025131956312778314,-0.010000228881835938
1978-05-18,-0.009888040624351113,0.039999961853027344
1978-05-19,-0.0050828612637729975,0.010000228881835938
1978-05-22,0.009837243731041667,0.0
1978-05-23,-0.010550907346540406,-0.010000228881835938
1978-05-24,-0.009942184047163849,0.020000457763671875
1978-05-25,-0.002888373910742814,0.009999275207519531
1978-05-26,-0.002275326404615363,0.020000457763671875
1978-05-31,0.0068104280749441415,0.0
1978-06-01,0.0011305886647718921,-0.010000228881835938
1978-06-02,0.008082308298510199,-0.01999950408935547
1978-06-05,0.018275005970999736,-0.010000228881835938
1978-06-06,0.003695043429022604,-0.010000228881835938
1978-06-07,-0.0019955798461133156,0.0
1978-06-08,0.0008984809376757497,0.010000228881835938
1978-06-09,-0.0027980310065558456,0.029999732971191406
1978-06-12,-0.0038098827618613385,-0.010000228881835938
1978-06-13,0.0002008501693238074,0.010000228881835938
1978-06-14,-0.0009042586550442877,0.0
1978-06-15,-0.011525827935485289,0.0
1978-06-16,-0.009399315161600086,0.020000457763671875
1978-06-19,0.0007182771459497417,0.01999950408935547
1978-06-20,-0.010103134675022218,0.020000457763671875
1978-06-21,-0.005194277094238586,0.029999732971191406
1978-06-22,0.0023926745098989954,0.0
1978-06-23,-0.004060595897307451,0.05000019073486328
1978-06-26,-0.013126993644172913,0.039999961853027344
1978-06-27,0.0040089185365248525,-0.010000228881835938
1978-06-28,0.004412215984219259,-0.010000228881835938
1978-06-29,0.001780365636093073,0.0
1978-06-30,-0.00041863858117174857,0.05000019073486328
1978-07-03,-0.004616548464381864,-0.029999732971191406
1978-07-05,-0.008660803241035353,0.029999732971191406
1978-07-06,0.00053028319529691,0.0
1978-07-07,0.00602506655988666,0.039999961853027344
1978-07-10,0.003996610929222655,0.020000457763671875
1978-07-11,0.006903831528402016,0.0
1978-07-12,0.0032262874584239043,-0.010000228881835938
1978-07-13,0.0001039236983793046,0.010000228881835938
1978-07-14,0.013723599984448498,0.0
1978-07-17,0.002047471513977328,-0.030000686645507812
1978-07-18,-0.00935014287474889,-0.01999950408935547
1978-07-19,0.012821345590788624,-0.010000228881835938
1978-07-20,-0.0009177055610667395,0.039999961853027344
1978-07-21,-0.0028603429558176074,0.010000228881835938
1978-07-24,-0.0003069399840898157,0.0
1978-07-25,0.007340991442426947,0.0
1978-07-26,0.006480372777914134,-0.010000228881835938
1978-07-27,0.004631959526264495,-0.07999992370605469
1978-07-28,0.0046106033601009955,-0.029999732971191406
1978-07-31,0.006776987310169069,0.010000228881835938
1978-08-01,-0.00019863556906862812,-0.020000457763671875
1978-08-02,0.02220343189330265,-0.10000038146972656
1978-08-03,0.005716277411077719,-0.049999237060546875
1978-08-04,0.003953107708922765,-0.010000228881835938
1978-08-07,-0.003566737429557598,-0.020000457763671875
1978-08-08,0.004432451590806963,-0.009999275207519531
1978-08-09,0.004700002501120792,-0.010000228881835938
1978-08-10,-0.008070723315220185,0.1099996566772461
1978-08-11,0.002889852877109078,-0.010000228881835938
1978-08-14,9.620676404153983e-05,0.010000228881835938
1978-08-15,-0.001154872101778892,0.010000228881835938
1978-08-16,0.007673927843773853,0.09000015258789062
1978-08-17,0.004100518769887707,-0.07000064849853516
1978-08-18,-0.003336340404406002,-0.01999950408935547
1978-08-21,-0.008053000630811269,-0.05000019073486328
1978-08-22,0.004034570075123867,0.0
1978-08-23,0.0057356633679610525,-0.09000015258789062
1978-08-24,0.0016191075921323517,0.030000686645507812
1978-08-25,-0.001714452294393709,-0.010000228881835938
1978-08-28,-0.009001328981530499,0.010000228881835938
1978-08-29,-0.005497961271543339,0.01999950408935547
1978-08-30,0.0010633730102123096,0.05000019073486328
1978-08-31,-0.002031037823222448,-0.029999732971191406
1978-09-01,0.003768660665202539,-0.010000228881835938
1978-09-05,0.007782117054262017,-0.039999961853027344
1978-09-06,0.008481486115875292,0.010000228881835938
1978-09-07,0.00037951534038072054,-0.010000228881835938
1978-09-08,0.012911943698687978,0.0
1978-09-11,0.001777634725570465,-0.029999732971191406
1978-09-12,9.341970169796099e-05,-0.020000457763671875
1978-09-13,-0.0060938785454274225,0.010000228881835938
1978-09-14,-0.011729210273898616,0.01999950408935547
1978-09-15,-0.009368156859181909,0.030000686645507812
1978-09-18,-0.008778367798057296,0.01999950408935547
1978-09-19,-0.006610311931127377,0.010000228881835938
1978-09-20,-0.00783314897206644,0.07999992370605469
1978-09-21,0.0016696773988380542,0.05000019073486328
1978-09-22,-0.0005890369132464102,0.05000019073486328
1978-09-25,0.0001964091588115835,0.0
1978-09-26,0.00743354482988412,-0.030000686645507812
1978-09-27,-0.009398924236540651,0.010000228881835938
1978-09-28,0.002946622486769357,0.0
1978-09-29,0.0056724047554093104,0.020000457763671875
1978-10-02,0.004087579111758721,0.01999950408935547
1978-10-03,-0.003502636531248271,-0.010000228881835938
1978-10-04,0.004473401346349881,0.020000457763671875
1978-10-05,0.0020355659660298286,0.010000228881835938
1978-10-06,0.002417913147780837,-0.020000457763671875
1978-10-10,0.009039415919055216,0.0
1978-10-11,0.008863534910713788,-0.01999950408935547
1978-10-12,-0.004850935886893559,-0.05000019073486328
1978-10-13,-0.0020997773329947123,0.010000228881835938
1978-10-16,-0.01978163611221273,0.06999969482421875
1978-10-17,-0.013243912184131013,0.010000228881835938
1978-10-18,-0.00763328883552461,0.01999950408935547
1978-10-19,-0.011610540141408165,0.020000457763671875
1978-10-20,-0.013990545427051693,0.01999950408935547
1978-10-23,0.0023454185039684106,0.0
1978-10-24,-0.007052745009359818,-0.01999950408935547
1978-10-25,-0.0018480529839344229,0.009999275207519531
1978-10-26,-0.013241103806746146,0.07000064849853516
1978-10-27,-0.015108906428725533,0.05999946594238281
1978-10-30,0.004956521993600305,0.10000038146972656
1978-10-31,-0.02029713207459416,0.07999992370605469
1978-11-01,0.03895226066945412,-0.3000001907348633
1978-11-02,-0.012885950616812636,0.06999969482421875
1978-11-03,0.005944015541364145,0.13000011444091797
1978-11-06,-0.010346519111551267,-0.009999275207519531
1978-11-08,-0.00780435827424153,0.009999275207519531
1978-11-09,-0.00031766591120607757,0.010000228881835938
1978-11-10,0.0036999723347186375,-0.010000228881835938
1978-11-13,-0.017456531018551047,-0.029999732971191406
1978-11-14,-0.006895829572362899,-0.010000228881835938
1978-11-15,0.0023758242744298386,-0.05999946594238281
1978-11-16,0.010728565622221353,-0.039999961853027344
1978-11-17,0.007547998359544117,0.0
1978-11-20,0.00875211828132727,0.0
1978-11-21,-0.0025228423038825554,0.05000019073486328
1978-11-22,0.00493466492620076,0.0
1978-11-24,0.003241468323322394,0.08999919891357422
1978-11-27,0.002085692168274811,0.0
1978-11-28,-0.00878938734200485,0.0
1978-11-29,-0.014822944928201132,0.0
1978-11-30,0.010082303115980906,0.0
1978-12-01,0.01654663226969255,-0.05999946594238281
1978-12-04,-0.0013511123316289897,0.01999950408935547
1978-12-05,0.013327341112504776,0.030000686645507812
1978-12-06,0.0005129577118072604,0.0
1978-12-07,-0.004214387009179532,0.039999961853027344
1978-12-08,-0.004646176132179214,0.009999275207519531
1978-12-11,0.004955139303901568,0.0
1978-12-12,-0.0053691846141754596,0.020000457763671875
1978-12-13,-0.0055022074559962775,0.05999946594238281
1978-12-14,-0.0002081899354235972,-0.01999950408935547
1978-12-15,-0.007420205172798511,0.039999961853027344
1978-12-18,-0.020025030505045116,0.13000011444091797
1978-12-19,0.008525152027315741,0.010000228881835938
1978-12-20,0.004658090633721024,0.01999950408935547
1978-12-21,0.00031679370235426774,0.0
1978-12-22,0.016752548651943755,-0.05000019073486328
1978-12-26,0.012485320526673505,0.020000457763671875
1978-12-27,-0.00885774644654802,-0.010000228881835938
1978-12-28,-0.003939104067247179,0.039999961853027344
1978-12-29,-0.0017672250504485731,-0.010000228881837714
1979-01-02,0.006430251712872703,0.030000686645507812
1979-01-03,0.011000981346221295,-0.0200004577636701
1979-01-04,0.007943811606694773,-0.05000019073486328
1979-01-05,0.005563672486402105,-0.009999275207517755
1979-01-08,-0.003334456695877286,0.03999996185302557
1979-01-09,0.00535002301926113,0.01999950408935547
1979-01-10,-0.005653777728665155,0.0
1979-01-11,0.003335545005922924,-0.010000228881837714
1979-01-12,0.008340517989016583,-0.009999275207517755
1979-01-15,0.007576570246689229,0.009999275207517755
1979-01-16,-0.012290970092671216,0.010000228881837714
1979-01-17,0.00020110859840016815,0.0200004577636701
1979-01-18,0.0024096182166521984,0.0
1979-01-19,0.00030078487330875703,-0.030000686645507812
1979-01-22,0.0015026451585979927,-0.02999973297118963
1979-01-23,0.006982541569285239,-0.019999504089353692
1979-01-24,-0.0043832985834750815,-0.020000457763671875
1979-01-25,0.010231017954239086,-0.10000038146972834
1979-01-26,0.006599365579901928,-0.049999237060546875
1979-01-29,-0.0030480093703530997,0.029999732971191406
1979-01-30,-0.004935844028066683,-0.010000228881835938
1979-01-31,-0.011145530122508518,0.0
1979-02-01,0.0003001528802206721,-0.010000228881835938
1979-02-02,-0.004612452643267595,-0.049999237060546875
1979-02-05,-0.014272256922500226,0.05999946594238281
1979-02-06,-0.00040780347518598603,0.05000019073486328
1979-02-07,-0.009118441941356359,0.09000015258789062
1979-02-08,0.005030531123183302,0.0
1979-02-09,0.0022504225526143173,0.01999950408935547
1979-02-13,0.010772436918593975,0.0
1979-02-14,-0.0006066487311233715,0.010000228881835938
1979-02-15,-0.0014169980642639857,0.0
1979-02-16,-0.000607955312792896,-0.010000228881835938
1979-02-20,0.007572351937443322,0.010000228881835938
1979-02-21,-0.003526614344625756,0.02999973297118963
1979-02-22,-0.00749748049094201,0.05000019073486506
1979-02-23,-0.005609142747271534,0.010000228881835938
1979-02-26,-0.0011256139542945576,-0.010000228881835938
1979-02-27,-0.015893017205839577,-0.010000228881835938
1979-02-28,0.0015591867300077666,-0.019999504089357245
1979-03-01,0.006418934407471433,0.0
1979-03-02,0.0007221302612521185,-0.010000228881834161
1979-03-05,0.011177846421104753,-0.05000019073486328
1979-03-06,-0.0019394158247196813,0.030000686645507812
1979-03-07,0.005807154822510263,-0.03999996185302557
1979-03-08,0.011514109278000006,0.0
1979-03-09,-0.0004017769738213772,0.009999275207517755
1979-03-12,0.0013051279802018811,0.0
1979-03-13,0.0017041573331431081,0.0
1979-03-14,-0.001302904282534989,0.010000228881835938
1979-03-15,0.0015032475257346078,0.020000457763671875
1979-03-16,0.008277302989747604,-0.020000457763671875
1979-03-19,0.0036678615314915675,0.0
1979-03-20,-0.005556648206644255,0.010000228881835938
1979-03-21,0.0074349784875185065,0.0
1979-03-22,0.004139550290637395,-0.010000228881835938
1979-03-23,-0.0006887361513978618,0.0
1979-03-26,-0.005527033022613814,0.0
1979-03-27,0.01415120324216712,-0.010000228881835938
1979-03-28,-0.003519071076525826,-0.03999996185302557
1979-03-29,-0.0008817435458610134,-0.009999275207521308
1979-03-30,-0.004321806667533679,0.049999237060546875
1979-04-02,-0.006815126573273211,0.0
1979-04-03,0.014756785024320429,-0.009999275207517755
1979-04-04,0.002438430823244353,-0.010000228881837714
1979-04-05,0.00592494180957015,-0.0200004577636701
1979-04-06,-0.0007750613651760219,0.030000686645507812
1979-04-09,-0.003008956931725315,0.03999996185302557
1979-04-10,0.004558405579074609,0.02999973297118963
1979-04-11,-0.010017091393538458,0.029999732971193183
1979-04-12,-0.0030345827437470163,0.0
1979-04-16,-0.008664855724113352,-0.010000228881835938
1979-04-17,0.0011859570161094624,-0.029999732971191406
1979-04-18,0.004533358470795612,-0.010000228881837714
1979-04-19,-0.004138326703952089,0.0
1979-04-20,-0.0004937575710002307,0.03999996185302912
1979-04-23,0.0033530241747135037,0.020000457763671875
1979-04-24,0.00618343496213658,0.029999732971191406
1979-04-25,0.002931150669502891,-0.010000228881835938
1979-04-26,-0.004791929942652651,0.04000091552734375
1979-04-27,-0.0020607345414136446,0.04999923706054865
1979-04-30,-0.0003930135097540699,0.030000686645507812
1979-05-01,-0.0007864907021088996,0.009999275207517755
1979-05-02,0.00039332267200542503,-0.01999950408935547
1979-05-03,0.0008843545845405032,0.039999961853027344
1979-05-04,-0.011061792964796702,0.010000228881835938
1979-05-07,-0.016724698142578376,0.0
1979-05-08,0.001513714702532809,-0.010000228881835938
1979-05-09,0.0029200133473743506,-0.020000457763671875
1979-05-10,-0.009496004902900701,0.0
1979-05-11,0.0,-0.01999950408935547
1979-05-14,-0.004680027852689506,-0.039999961853027344
1979-05-15,0.000815513116543265,0.019999504089357245
1979-05-16,0.0028489923907697445,-0.009999275207521308
1979-05-17,0.01532601351144347,-0.07000064849853516
1979-05-18,-0.00010008641718428635,-0.010000228881835938
1979-05-21,0.002099256879222189,0.010000228881835938
1979-05-22,0.0036880454837424637,-0.0900001525878924
1979-05-23,-0.006187671856737076,-0.07999992370605113
1979-05-24,0.00040036949377242337,-0.009999275207521308
1979-05-25,0.0028978377842197034,-0.05000019073486328
1979-05-29,-0.0016976901797445265,0.0
1979-05-31,-0.009742468430342655,0.05000019073486328
1979-06-01,0.0009079076325111402,-0.010000228881835938
1979-06-04,0.001511426833076257,0.010000228881835938
1979-06-05,0.013004114792440014,-0.039999961853027344
1979-06-06,0.0067353690208245,-0.05000019073486328
1979-06-07,0.004825435077946416,-0.07999992370605469
1979-06-08,-0.0029516260464772515,0.009999275207519531
1979-06-11,0.0041298563632947705,0.039999961853027344
1979-06-12,0.009181494487659592,-0.14999961853027344
1979-06-13,-0.005264205234984054,0.039999961853027344
1979-06-14,-0.001075748119057529,0.039999961853027344
1979-06-15,-0.0010769065994189475,0.09000015258789062
1979-06-18,-0.0052050085121173595,-0.010000228881835938
1979-06-19,0.00019695060141522447,0.0
1979-06-20,0.0004920567255277675,-0.010000228881835938
1979-06-21,0.0045160011851743675,-0.009999275207519531
1979-06-22,0.0053729730513127905,0.049999237060546875
1979-06-25,-0.0053729730513127905,-0.049999237060546875
1979-06-26,-0.00422079326767566,-0.1100006103515625
1979-06-27,0.005982393951829756,-0.01999950408935547
1979-06-28,0.005169040713728812,0.0
1979-06-29,0.0010694727261295611,0.010000228881835938
1979-07-02,-0.00898010711661712,-0.05000019073486328
1979-07-03,0.0009799929926046502,0.010000228881835938
1979-07-05,0.0033249001182618088,0.029999732971191406
1979-07-06,0.011550746465131212,0.01999950408935547
1979-07-09,0.008169572641206102,0.039999961853027344
1979-07-10,-0.0025878605023770263,0.06000041961669922
1979-07-11,-0.005388750227004913,0.05000019073486328
1979-07-12,-0.009208584820027177,-0.020000457763671875
1979-07-13,-0.003609610696706511,-0.010000228881835938
1979-07-16,0.004096349958508938,0.05000019073486328
1979-07-17,-0.008896730081474402,0.020000457763671875
1979-07-18,-0.001375780353691347,0.01999950408935547
1979-07-19,-0.0007870323067722396,0.010000228881835938
1979-07-20,0.0020645839723858472,-0.06000041961669922
1979-07-23,-0.002261476421460351,0.05000019073486328
1979-07-24,0.003733595291811831,0.030000686645507812
1979-07-25,0.010826739200264335,-0.07000064849853516
1979-07-26,0.0001939726753272808,-0.01999950408935547
1979-07-27,0.0,0.05000019073486328
1979-07-30,0.00048487808715158565,0.009999275207519531
1979-07-31,0.006378027377052398,-0.01999950408935547
1979-08-01,0.0034618807316659783,-0.020000457763671875
1979-08-02,-0.0006722014556901357,-0.07999992370605469
1979-08-03,-0.0005765115828904044,0.010000228881835938
1979-08-06,0.00249594188593516,-0.010000228881835938
1979-08-07,0.012860367238689108,0.0
1979-08-08,0.003118670234938392,0.020000457763671875
1979-08-09,-0.004634287296608974,0.039999961853027344
1979-08-10,0.00858944980534293,0.029999732971191406
1979-08-13,0.009540776183050603,0.0
1979-08-14,0.0009304781217966962,-0.020000457763671875
1979-08-15,0.006766521329240938,0.020000457763671875
1979-08-16,-0.0014791873346746698,0.0
1979-08-17,0.0019410026377624234,0.010000228881835938
1979-08-20,0.0048818663471905666,0.010000228881835938
1979-08-21,0.0007348381798149006,0.01999950408935547
1979-08-22,0.0007342285882847577,0.0
1979-08-23,-0.0033085281391436183,0.010000228881835938
1979-08-24,-0.0002761937124482472,0.09000015258789062
1979-08-27,0.004960062716327762,-0.020000457763671875
1979-08-28,-0.0011001353214847853,0.02999973297118963
1979-08-29,0.0,-0.009999275207517755
1979-08-30,0.0,0.06999969482421875
1979-08-31,0.0027480374240571592,0.029999732971191406
1979-09-04,-0.017346783329864834,0.07999992370605646
1979-09-05,-0.009726983689909652,0.0
1979-09-06,0.004220376236076184,0.030000686645507812
1979-09-07,0.0075521796637296745,-0.010000228881837714
1979-09-10,0.004725899566317082,0.01999950408935547
1979-09-11,-0.006120160347434123,-0.1099996566772461
1979-09-12,0.0028792808259039404,0.05000019073486328
1979-09-13,0.0002781914939031793,0.039999961853027344
1979-09-14,0.008402280718955879,-0.05000019073486328
1979-09-17,0.0007352408623590989,0.07999992370605469
1979-09-18,-0.0077476531441016405,-0.010000228881835938
1979-09-19,0.0025892263483013878,-0.049999237060546875
1979-09-20,0.02038558045882244,-0.020000457763671875
1979-09-21,-0.00036203199707252054,-0.029999732971191406
1979-09-24,-0.007815385138246533,0.07999992370605469
1979-09-25,0.0006384212404535461,-0.0200004577636701
1979-09-26,0.002549616934563126,0.03999996185302557
1979-09-27,0.0022709734252925884,0.07999992370605469
1979-09-28,-0.008108270128048822,0.0
1979-10-01,-0.006976365230674908,0.07000064849853516
1979-10-02,0.0094431030212343,-0.039999961853027344
1979-10-03,0.0,0.029999732971191406
1979-10-04,0.0052785146728631105,0.07999992370605646
1979-10-05,0.009935039268640367,0.020000457763671875
1979-10-09,-0.0425947777283211,0.32999992370605113
1979-10-10,-0.012551424150541557,0.15999984741211115
1979-10-11,-0.0023769917799496554,0.07999992370605291
1979-10-12,-0.005345103739870183,-0.020000457763671875
1979-10-15,-0.010873306662269933,0.16000080108642756
1979-10-16,-0.0016460731524432504,-0.039999961853027344
1979-10-17,0.0019362669082587658,-0.07000064849853516
1979-10-18,0.002125616459305313,0.21000003814697266
1979-10-19,-0.01959033602862803,0.2700004577636701
1979-10-22,-0.00879842955656418,0.2799997329711932
1979-10-23,-0.004278829452178279,0.06000041961669922
1979-10-24,0.0015942974793494713,-0.1900005340576154
1979-10-25,-0.004390372608403581,0.14999961853027166
1979-10-26,0.005683813433836171,-0.3099994659423846
1979-10-29,0.0013910911473962173,0.10999965667724787
1979-10-30,0.019274852907179785,-0.029999732971191406
1979-10-31,-0.008313397999522465,-0.029999732971191406
1979-11-01,0.0073389438670457,0.06999969482421875
1979-11-02,-0.0005851137094774472,0.05000019073486328
1979-11-05,-0.0067538301575682524,0.010000228881837714
1979-11-07,-0.019337177720365695,0.14999961853027166
1979-11-08,0.004296357637572967,-0.039999961853027344
1979-11-09,0.011991611446682704,-0.2799997329711932
1979-11-13,0.0139889811005256,-0.050000190734861505
1979-11-14,0.004361921753814002,0.11999988555908203
1979-11-15,0.00713185247012138,-0.13000011444091797
1979-11-16,-0.0032704563671757114,0.15000057220458984
1979-11-19,0.004230392160054386,0.029999732971191406
1979-11-20,-0.005194325842781566,-0.020000457763671875
1979-11-21,0.0019269390920317875,-0.05000019073486328
1979-11-23,0.007479885165735389,-0.2199993133544922
1979-11-26,0.020145428727408543,-0.1400003433227539
1979-11-27,-0.003940391605028459,-0.13000011444091797
1979-11-28,0.003659393253839127,0.13000011444091797
1979-11-29,0.0003745754947193092,-0.029999732971191406
1979-11-30,-0.006104107724051566,0.039999961853027344
1979-12-03,-0.003113374112602152,0.05999946594238281
1979-12-04,0.00903024734912794,-0.11999988555908025
1979-12-05,0.004298260051516678,-0.04999923706054865
1979-12-06,0.006968669316093745,-0.1400003433227539
1979-12-07,-0.004454381570861976,0.1700000762939453
1979-12-10,0.0013941312680945117,-0.029999732971191406
1979-12-11,-0.001673176710240476,0.18999958038330078
1979-12-12,0.0002790454421459643,0.11999988555908381
1979-12-13,0.0013941312680945117,-0.06999969482422053
1979-12-14,0.011542674173100842,-0.06000041961669922
1979-12-17,0.0037571971998016096,-0.029999732971193183
1979-12-18,-0.009465666008668272,-0.07999992370605291
1979-12-19,-0.0009238439780911989,-0.010000228881834161
1979-12-20,0.0005544228936438245,0.050000190734861505
1979-12-21,-0.006208088533059097,0.010000228881835938
1979-12-24,0.0006504745801363399,0.05999946594238281
1979-12-26,0.0011139540311564389,0.029999732971191406
1979-12-27,0.0016686784900850071,-0.01999950408935547
1979-12-28,-0.001112166464291242,-0.05000019073486328
1979-12-31,0.000926926603408873,-0.07999992370605291
1980-01-02,-0.02040314350644845,0.17000007629394354
1980-01-03,-0.005118988398129964,0.10000038146972834
1980-01-04,0.012279321527048914,0.059999465942381036
1980-01-07,0.002718802812989196,-0.029999732971191406
1980-01-08,0.01983750113586602,-0.06000041961669744
1980-01-09,0.0009174872525772315,0.010000228881835938
1980-01-10,0.007673339272049162,-0.06999969482422053
1980-01-11,0.00027295191134513175,0.17000007629394354
1980-01-14,0.004176121312413628,0.019999504089357245
1980-01-15,0.006861729231652625,-0.05000019073486506
1980-01-16,-0.0008100845386680433,0.0
1980-01-17,-0.003156765674601658,0.060000419616700995
1980-01-18,0.003336818284660481,0.10999965667724787
1980-01-21,0.009230686034919167,0.14000034332275213
1980-01-22,-0.00527702433177879,-0.10999965667724432
1980-01-23,0.017159792170811095,-0.030000686645507812
1980-01-24,0.002289289610670764,0.1900005340576154
1980-01-25,-0.0007918379618985227,0.0900001525878924
1980-01-28,0.010855379895112094,0.04999923706054332
1980-01-29,-0.006814623484796556,0.060000419616700995
1980-01-30,0.009857429406368468,-0.05000019073486328
1980-01-31,-0.009068716523513487,-0.029999732971191406
1980-02-01,0.008374081190214433,0.15999984741210938
1980-02-04,-0.006536255629531418,0.10999965667724432
1980-02-05,0.0025324286110866012,0.32999992370605646
1980-02-06,0.009202231237606107,0.1900005340576154
1980-02-07,0.004827574536012236,-0.21000003814697088
1980-02-08,0.014259714787653976,0.09000015258789062
1980-02-11,-0.0070617063163567195,0.21000003814697266
1980-02-13,0.011207450182402212,-0.15000057220458984
1980-02-14,-0.014628609173493068,0.1100006103515625
1980-02-15,-0.011286877509305349,0.22999954223632812
1980-02-19,-0.007043246197798503,0.6500005722045916
1980-02-20,0.016185948629583002,-0.010000228881837714
1980-02-21,-0.010269798493158788,0.38000011444091797
1980-02-22,-0.0020840391711631767,-0.15999984741210938
1980-02-25,-0.014975969029379144,0.21000003814697266
1980-02-26,0.0057190909571094295,0.3799991607665998
1980-02-27,-0.014137062614886453,-0.189999580383299
1980-02-28,-0.00026697619405791073,-0.5399999618530291
1980-02-29,0.011592583038973814,-0.19999980926513494
1980-03-03,-0.010258346444360633,0.06999969482421875
1980-03-04,0.0024857859108058378,0.11999988555908203
1980-03-05,-0.014738345072762726,0.11999988555908203
1980-03-06,-0.022568941736095027,0.10000038146972656
1980-03-07,-0.016237888441533066,-0.2700004577636719
1980-03-10,-0.0036549347931966736,-0.22999954223632812
1980-03-11,0.011853203667779866,-0.2200002670288086
1980-03-12,-0.008478932942452388,0.21000003814697266
1980-03-13,-0.01176539495385942,-0.11999988555908203
1980-03-14,-0.0018005447997211377,0.020000457763671875
1980-03-17,-0.030528617941400604,0.05999946594238459
1980-03-18,0.017833350421065042,-0.1800003051757848
1980-03-19,0.002015250319480799,-0.04999923706054332
1980-03-20,-0.011473826016839439,0.2699995040893537
1980-03-21,-0.007885989237728097,0.13000011444091797
1980-03-24,-0.030063267427225426,0.42000007629394354
1980-03-25,-0.0009069012294586898,-0.0699996948242152
1980-03-26,-0.005154932617597474,-0.07000064849853693
1980-03-27,-0.0046724217143836455,-0.05999946594238281
1980-03-28,0.024737300258908412,-0.25
1980-03-31,0.013907568011280347,-0.07999992370605469
1980-04-01,0.0008812255797598922,0.049999237060546875
1980-04-02,0.004881392085743563,-0.05999946594238281
1980-04-03,-0.0051750227737841215,-0.1099996566772461
1980-04-07,-0.01937392856232556,-0.3900003433227539
1980-04-08,0.010030319058720316,0.07999992370605469
1980-04-09,0.018697658751618107,-0.14999961853027344
1980-04-10,0.009363466347738658,0.0
1980-04-11,-0.0027902159988553166,-0.2700004577636719
1980-04-14,-0.009195289010245133,-0.1700000762939453
1980-04-15,-0.0020440858922690097,-0.050000190734861505
1980-04-16,-0.01067744235997381,-0.6700000762939489
1980-04-17,-0.004837344485566497,0.2300004959106463
1980-04-18,-0.004960327480792337,-0.07999992370605469
1980-04-21,-0.007486932673156588,-0.15000057220459162
1980-04-22,0.03572684444411234,-0.07999992370605113
1980-04-23,0.002896343465695672,0.07000064849853338
1980-04-24,0.006438288258275193,0.06999969482421875
1980-04-25,0.00725334462160987,-0.010000228881835938
1980-04-28,0.004554046965429492,-0.31999969482421875
1980-04-29,0.0020803905442141613,0.03999996185302557
1980-04-30,0.004053743963485346,0.0900001525878924
1980-05-01,-0.007839490737927335,-0.1900005340576154
1980-05-02,0.0011372513172398513,-0.32999992370605646
1980-05-05,0.0075485867572888665,-0.05999946594238459
1980-05-06,-0.001222755691050459,-0.3800001144409162
1980-05-07,0.008714859109497652,0.15999984741210938
1980-05-08,-0.009844935019705403,0.22000026702880682
1980-05-09,-0.013374598635845558,0.11999988555908381
1980-05-12,0.0005727690714465439,0.0
1980-05-13,0.014402411726898379,-0.1700000762939453
1980-05-14,0.005160653427768835,0.010000228881835938
1980-05-15,0.001309384699291094,0.1700000762939453
1980-05-16,0.003359157926856149,0.05999946594238281
1980-05-19,0.002976466710718384,0.15999984741210938
1980-05-20,-0.0004644472390671339,-0.3099994659423828
1980-05-21,0.0009287496931991157,-0.14000034332275213
1980-05-22,0.011904361461329671,0.020000457763671875
1980-05-23,0.014661288658600391,-0.25
1980-05-27,0.007026411794965881,0.10999965667724432
1980-05-28,0.005907079160059503,0.14000034332275568
1980-05-29,-0.016102547022807556,0.13999938964843572
1980-05-30,0.008758136834233987,0.010000228881835938
1980-06-02,-0.004324292572183808,0.06000041961669922
1980-06-03,-0.0022596836584387603,-0.15000057220458984
1980-06-04,0.018824493197637793,-0.09000015258788885
1980-06-05,0.0015084804262990303,-0.04999923706054865
1980-06-06,0.003717131254810546,-0.21000003814697266
1980-06-09,0.004495200775116892,-0.0800008773803711
1980-06-10,0.008319919833885692,0.10000038146972834
1980-06-11,0.011791301684730193,-0.13000011444091975
1980-06-12,-0.00431891501863646,-0.1700000762939453
1980-06-13,0.002507250029963437,-0.01999950408935547
1980-06-16,0.002414824689359385,-0.039999961853027344
1980-06-17,-0.00051695296563814,0.01999950408935547
1980-06-18,0.001980312808927742,0.07000064849853516
1980-06-19,-0.013857821228706158,0.0
1980-06-20,-0.005246655095279884,-0.07000064849853516
1980-06-23,0.003937569756839565,0.1400003433227539
1980-06-24,0.005486599866058484,0.050000190734861505
1980-06-25,0.013629140726206579,0.10999965667724787
1980-06-26,-0.004551111465959323,0.07999992370605469
1980-06-27,-0.0016366121005946255,0.1700000762939453
1980-06-30,-0.015288711214586748,0.05000019073486328
1980-07-01,0.00602177014420846,0.039999961853027344
1980-07-02,0.0065045110125714345,0.05999946594238281
1980-07-03,0.01527008125144036,-0.17999935150146484
1980-07-07,0.007041401997332386,0.18999958038330078
1980-07-08,-0.003811503219919743,-0.1099996566772461
1980-07-09,0.0011874059509304757,0.05000019073486328
1980-07-10,-0.008768680092704706,0.06999969482421875
1980-07-11,0.00758127414177423,0.06999969482421875
1980-07-14,0.018247349366376397,0.05000019073486506
1980-07-15,-0.005933735759382053,-0.15999984741211293
1980-07-16,0.002762268539433954,-0.10000038146972301
1980-07-17,0.015016710527286925,0.14000034332275213
1980-07-18,0.004928533599206197,-0.010000228881835938
1980-07-21,0.003843809392940045,-0.06999969482421875
1980-07-22,-0.0026154464344321227,0.050000190734861505
1980-07-23,-0.002130118233790057,-0.06000041961669744
1980-07-24,-0.0011488544587692218,0.11999988555908203
1980-07-25,-0.008327558843356897,0.11000061035156428
1980-07-28,0.0053672688059869245,0.10999965667724432
1980-07-29,0.00795641496564592,-0.010000228881835938
1980-07-30,-0.0013898392913134217,0.07999992370605469
1980-07-31,-0.004592096503237997,0.23000049591064453
1980-08-01,-0.003787875820817632,0.0
1980-08-04,-0.001899300502580914,-0.07000064849853516
1980-08-05,-0.001985814751141568,0.010000228881835938
1980-08-06,0.006686270193682731,0.10000038146972656
1980-08-07,0.014294709051822174,-0.09000015258789062
1980-08-08,0.0025110179164817836,0.15999984741210938
1980-08-11,0.00942072406234562,0.15999984741210938
1980-08-12,-0.007965587960268472,-0.05000019073486328
1980-08-13,-0.004128407829543157,-0.08999919891357422
1980-08-14,0.01585355885498796,0.009999275207517755
1980-08-15,0.0037454816740902785,-0.03999996185302557
1980-08-18,-0.018707155675145692,0.2700004577636719
1980-08-19,-0.006423054907801706,0.1099996566772461
1980-08-20,0.009497966373460898,-0.01999950408935547
1980-08-21,0.013561997941654802,0.07999992370605469
1980-08-22,0.004453622504574817,-0.1700000762939453
1980-08-25,-0.006847649815703072,0.2699995040893537
1980-08-26,-0.002560059991949082,0.020000457763671875
1980-08-27,-0.010629828968936827,0.25
1980-08-28,-0.011726476564262178,0.22000026702881037
1980-08-29,0.0024543530563754246,-0.3400001525878906
1980-09-02,0.011051637247647683,-0.23000049591064275
1980-09-03,0.01905128361541042,-0.23999977111816406
1980-09-04,-0.005565765938897904,0.07999992370605291
1980-09-05,-0.00431483630208529,0.05000019073486328
1980-09-08,-0.01265176412989888,0.07999992370605469
1980-09-09,0.00614442991156583,-0.10000038146972656
1980-09-10,0.0059466413743063384,-0.049999237060546875
1980-09-11,0.006787314748421203,0.17999935150146662
1980-09-12,-0.0009554359357011322,0.050000190734861505
1980-09-15,0.0010349688746131847,0.25
1980-09-16,0.008478317983438899,-0.09999942779541016
1980-09-17,0.016666379370704476,0.04999923706054865
1980-09-18,-0.003653762690165152,-0.03999996185302912
1980-09-19,0.006598169667847209,-0.19999980926513494
1980-09-22,0.00885808929791132,0.3599996566772443
1980-09-23,-0.00746646482036617,0.07000064849853516
1980-09-24,0.007236386355105928,-0.010000228881835938
1980-09-25,-0.012737012053662511,0.15999984741210938
1980-09-26,-0.01858369040992791,0.07999992370605469
1980-09-29,-0.022490824079069327,0.07999992370605646
1980-09-30,0.015421977692702704,-0.21000003814697443
1980-10-01,0.013223187986283413,-0.07999992370605469
1980-10-02,0.007522949895401254,0.05000019073486506
1980-10-03,0.009634178332239784,-0.4300003051757848
1980-10-06,0.018387049223108853,-0.04999923706054332
1980-10-07,-0.005557017607114467,0.07999992370605113
1980-10-08,0.004949516379483043,0.07999992370605646
1980-10-09,-0.004644270711126275,-0.11999988555908203
1980-10-10,-0.005739885184849136,0.049999237060546875
1980-10-14,0.013190774938190764,-0.06999969482421875
1980-10-15,0.012645002659634308,-0.07999992370605469
1980-10-16,-0.011131250144687854,0.18000030517578125
1980-10-17,-0.0053082473446703915,0.14999961853027344
1980-10-20,0.008253530498987693,0.020000457763671875
1980-10-21,-0.005823455907873587,0.05999946594238281
1980-10-22,0.0006066259870651791,0.18000030517578125
1980-10-23,-0.01828315925323576,-0.06000041961669744
1980-10-24,0.0024674799950430426,-0.07999992370605646
1980-10-27,-0.015287682399279134,0.3900003433227539
1980-10-28,0.001328533764248796,0.18999958038330256
1980-10-29,-0.0010939162364200783,0.1599998474121076
1980-10-30,-0.012746063334177826,0.0
1980-10-31,0.009300195463741723,-0.01999950408935547
1980-11-03,0.012241329416377233,0.0
1980-11-05,0.01759087175186025,0.14999961853027344
1980-11-06,-0.01859873867618589,0.43000030517578125
1980-11-07,0.0020922090432717866,-0.38000011444091797
1980-11-10,0.002319672154421859,0.11999988555908203
1980-11-12,0.038706696975281396,-0.3099994659423828
1980-11-13,0.014018299077759977,0.01999950408935547
1980-11-14,0.004823780767114982,0.3000001907348633
1980-11-17,0.004365275151896775,0.15999984741210938
1980-11-18,0.01405679638481061,-0.3299999237060547
1980-11-19,-0.0045917673034585604,-0.1099996566772461
1980-11-20,0.00958997100500003,0.07999992370605469
1980-11-21,-0.009230456660350939,0.21000003814697266
1980-11-24,-0.005767466474106087,-0.039999961853027344
1980-11-25,0.0073477082824364714,-0.020000457763671875
1980-11-26,0.006010725344510526,-0.0900001525878924
1980-11-28,0.0024938991904059904,0.07000064849853693
1980-12-01,-0.023837209937863868,0.19999980926513494
1980-12-02,-0.0017507152054854203,0.029999732971193183
1980-12-03,-0.0018999896047375842,-0.029999732971193183
1980-12-04,-0.0016838906154834632,-0.010000228881834161
1980-12-05,-0.018114406055982357,-0.059999465942381036
1980-12-08,-0.025847858120204847,0.059999465942381036
1980-12-09,-0.0009958626939390314,0.19000053405761896
1980-12-10,-0.017160514676208827,0.04999923706054332
1980-12-11,-0.0070416840039602135,0.42000007629394887
1980-12-12,0.014576002587786796,-0.35999965667724787
1980-12-15,0.0017009531465532746,0.039999961853027344
1980-12-16,0.008844580954005643,0.26000022888183594
1980-12-17,0.017382450173755615,-0.23000049591064453
1980-12-18,0.000827414471245902,-0.05999946594238281
1980-12-19,0.005249333060730166,-0.5799999237060547
1980-12-22,0.015437458600715992,-0.5
1980-12-23,-0.003541362150967231,0.21000003814697443
1980-12-24,0.004277621494890305,0.0699996948242152
1980-12-26,0.005065178092986677,-0.17000007629394354
1980-12-29,-0.011340390387394983,-0.05000019073486328
1980-12-30,0.00221928668599336,0.1900005340576172
1980-12-31,0.0031723268449459496,0.03999996185302557
1981-01-02,0.004263158610860351,-0.010000228881835938
1981-01-05,0.011884539993025633,-0.2700004577636719
1981-01-06,0.001086558102292301,-0.03999996185302557
1981-01-07,-0.02225562809713022,0.2700004577636719
1981-01-08,-0.01506707310712141,-0.02999973297118963
1981-01-09,0.0031514859093437764,0.2199993133544922
1981-01-12,0.0002996894773135139,-0.11999988555908381
1981-01-13,-0.0017241561066869693,0.07999992370605469
1981-01-14,0.0013495873864082242,0.0
1981-01-15,0.005603511192926902,0.09000015258789062
1981-01-16,0.004089399658051107,-0.09000015258789062
1981-01-19,-0.0029725009341809994,0.1100006103515625
1981-01-20,-0.020450312968121942,-0.1400003433227539
1981-01-21,-0.002205189230112481,0.2700004577636719
1981-01-22,-0.00840923940303373,0.09999942779541016
1981-01-23,-0.00023032577491743922,-0.029999732971191406
1981-01-26,-0.0029991901710211266,-0.1400003433227539
1981-01-27,0.009810002194758916,0.029999732971191406
1981-01-28,-0.005966504388663196,0.04000091552734375
1981-01-29,-0.0007674483761732631,0.029999732971191406
1981-01-30,-0.005312013866751286,-0.11999988555908381
1981-02-02,-0.020588727886692304,0.17999935150146662
1981-02-03,0.012139421415879426,0.11999988555908203
1981-02-04,0.0010113957094803894,-0.11999988555908203
1981-02-05,0.008055256475866024,0.09000015258789062
1981-02-06,0.00745498729749805,0.1400003433227539
1981-02-09,-0.01023599023022026,0.11999988555908203
1981-02-10,-0.00023208988664435992,0.06000041961669922
1981-02-11,-0.007767632323562701,0.14999961853027166
1981-02-13,-0.00987393095731015,0.22999954223632812
1981-02-17,0.006515146862767551,-0.3199996948242152
1981-02-18,0.005228449902769938,-0.029999732971193183
1981-02-19,-0.014661716591668927,-0.21000003814697266
1981-02-20,-0.00023696654013161123,-0.19000053405761896
1981-02-23,0.006064655630940052,0.2899999618530291
1981-02-24,0.00031405288679930976,0.020000457763671875
1981-02-25,0.008831325160715053,0.07999992370605469
1981-02-26,0.012218864941284657,0.18000030517578125
1981-02-27,0.008952870929948453,-0.03999996185302912
1981-03-02,0.00562133231850126,0.18999958038330256
1981-03-03,-0.011044763164639981,-0.18999958038330256
1981-03-04,0.002295181589449413,0.019999504089357245
1981-03-05,-0.007132266581604263,-0.019999504089357245
1981-03-06,-0.0006158024110334281,-0.23000049591064275
1981-03-09,0.009732912083196155,-0.1099996566772461
1981-03-10,-0.005046179365327141,-0.010000228881834161
1981-03-11,-0.003916980227574918,0.03999996185302557
1981-03-12,0.024626960939784226,-0.09000015258789062
1981-03-13,-0.0006008398989454378,-0.1700000762939453
1981-03-16,0.011725681266248955,-0.009999275207517755
1981-03-17,-0.005658946842078905,-0.17000007629394887
1981-03-18,0.002237660756470916,-0.10000038146972301
1981-03-19,-0.005678396043213851,0.09000015258788707
1981-03-20,0.00463479260853461,0.10000038146972834
1981-03-23,0.011936239760183653,0.3599996566772461
1981-03-24,-0.00754556228504466,0.1700000762939453
1981-03-25,0.017956199954764607,-0.09000015258789062
1981-03-26,-0.006145284705472598,0.13000011444091797
1981-03-27,-0.011959469185776506,0.01999950408935547
1981-03-30,-0.00275161090775633,-0.1399993896484375
1981-03-31,0.012727722714947376,-0.09000015258789062
1981-04-01,0.004182471584057268,0.010000228881835938
1981-04-02,-0.0018322405109749695,0.1099996566772461
1981-04-03,-0.006107239407847409,0.14999961853027166
1981-04-06,-0.011580656689174518,0.3400001525878924
1981-04-07,-0.00014926085709632275,-0.3299999237060547
1981-04-08,0.0029825828885696737,0.19999980926513672
1981-04-09,0.0026767851217597283,-0.15999984741210938
1981-04-10,-0.0011888229831882313,0.1400003433227539
1981-04-13,-0.010162238461613349,0.09000015258788885
1981-04-14,-0.00353610754382494,-0.10000038146972301
1981-04-15,0.011167480078387193,0.1599998474121076
1981-04-16,0.003942421805251506,0.05000019073486328
1981-04-20,0.005552485240234439,-0.10000038146972656
1981-04-21,-0.009047831330452283,0.039999961853027344
1981-04-22,-0.0006706885486575942,0.05000019073486328
1981-04-23,-0.001492069411967556,0.020000457763671875
1981-04-24,0.00891931689807457,0.07999992370605469
1981-04-27,0.0025127228062489237,0.03999996185302557
1981-04-28,-0.008524523707898801,0.010000228881835938
1981-04-29,-0.009574452345317397,0.11999988555908381
1981-04-30,-0.0018055033311616953,0.05999946594238281
1981-05-01,-0.0006778619496889959,-0.05999946594238281
1981-05-04,-0.015566608091533318,0.4200000762939453
1981-05-05,-0.0026820264926490367,0.2199993133544922
1981-05-06,0.003523492303521003,-0.12999916076660156
1981-05-07,0.0067822656627498645,-0.23000049591064275
1981-05-08,-7.590860723283299e-05,-0.10000038146972834
1981-05-11,-0.014921628741448423,0.1100006103515625
1981-05-12,0.007756399336818376,0.11999988555908203
1981-05-13,-0.0013013219286985844,0.029999732971191406
1981-05-14,0.0055761189620673335,-0.25
1981-05-15,0.006756521432564888,-0.17000007629394354
1981-05-18,0.0027954770887452796,-0.26999950408935725
1981-05-19,-0.0034009552932543485,0.14999961853027344
1981-05-20,-0.0006815581250512182,0.05000019073486328
1981-05-21,-0.0018957351648989373,0.05000019073486328
1981-05-22,-0.003192933882008475,-0.23000049591064275
1981-05-26,0.01090508654776201,-0.149999618530277
1981-05-27,0.007503599159126573,0.03999996185302912
1981-05-28,-0.002395086263993207,-0.14999961853027344
1981-05-29,-0.0064652204755324405,-0.06000041961669922
1981-06-01,-0.0013584354978135593,-0.039999961853027344
1981-06-02,-0.01361088991631565,0.11999988555908381
1981-06-03,0.0006888730693646039,-0.029999732971193183
1981-06-04,0.001910804167365221,-0.039999961853027344
1981-06-05,0.009575226808369308,0.05000019073486328
1981-06-08,0.0001512839143247291,-0.20000076293945312
1981-06-09,-0.002043861773529443,0.010000228881835938
1981-06-10,0.002648653349107022,-0.05999946594238281
1981-06-11,0.010749099148417152,0.009999275207521308
1981-06-12,-0.0019457759580969736,0.030000686645507812
1981-06-15,0.0008985033509416596,-0.2600002288818377
1981-06-16,-0.010987518304933275,-0.010000228881834161
1981-06-17,0.008814713512644623,0.14999961853027166
1981-06-18,-0.01268138893805304,0.3400001525878924
1981-06-19,0.004774400900394937,-0.10999965667724787
1981-06-22,-0.0024222805178188977,-0.020000457763671875
1981-06-23,0.010554256577473886,0.12000083923339844
1981-06-24,-0.005187804696031861,0.09999942779541016
1981-06-25,0.0011300253268240468,0.039999961853027344
1981-06-26,-0.0018841623285208442,-0.010000228881835938
1981-06-29,-0.005067117490877848,-0.009999275207521308
1981-06-30,-0.005169092923570595,0.17999935150146662
1981-07-01,-0.011035458614019333,0.18000030517578125
1981-07-02,-0.008745884986463892,-0.09000015258789062
1981-07-06,-0.009921542520533677,-0.1399993896484375
1981-07-07,0.006807292970850476,0.22999954223632812
1981-07-08,0.0006236500596425998,0.06999969482421875
1981-07-09,0.007608108183992712,0.010000228881835938
1981-07-10,0.0005411688068450715,-0.18000030517578125
1981-07-13,0.002084895378491325,0.05000019073486328
1981-07-14,7.709134250966088e-05,0.1599998474121076
1981-07-15,0.004463620264764323,-0.07999992370605113
1981-07-16,0.0008443076350745926,0.03999996185302557
1981-07-17,0.003217147038849788,-0.01999950408935547
1981-07-20,-0.015724027678968078,0.5
1981-07-21,-0.002956548379592583,0.01999950408935547
1981-07-22,-0.009472800430418538,0.020000457763671875
1981-07-23,0.0021215917576187238,-0.06000041961669744
1981-07-24,0.008285868978773259,-0.15999984741211115
1981-07-27,0.011147252596381385,0.0200004577636701
1981-07-28,-0.005867794218246125,0.09999942779541193
1981-07-29,0.0001548917713085629,0.07999992370605469
1981-07-30,0.006559354078866875,0.10000038146972656
1981-07-31,0.006975107324703522,-0.03999996185302912
1981-08-03,-0.0033665100783464297,0.2799997329711932
1981-08-04,0.005350444463663173,0.0
1981-08-05,0.011294458095013837,-0.039999961853027344
1981-08-06,-0.00022614134183296386,-0.05000019073486328
1981-08-07,-0.00673249936394793,-0.02999973297118963
1981-08-10,0.005978248583204504,-0.1800003051757848
1981-08-11,0.00983537956135283,-0.25
1981-08-12,-0.003367727837996881,0.21000003814697443
1981-08-13,0.0008242525297559311,0.03999996185302557
1981-08-14,-0.007669127916786422,0.0900001525878924
1981-08-17,-0.009631899121548493,-0.029999732971191406
1981-08-18,-0.008495062013025745,0.07999992370605469
1981-08-19,0.0029163863641645804,-0.01999950408935547
1981-08-20,0.001531487719248048,0.11999988555908203
1981-08-21,-0.011234395813646714,0.07999992370605469
1981-08-24,-0.02928797090435431,0.34999942779541193
1981-08-25,-0.0029525836447037435,0.030000686645507812
1981-08-26,-0.001359496162322671,-0.03999996185302912
1981-08-27,-0.011671537018877132,0.049999237060546875
1981-08-28,0.004604391879396985,-0.1099996566772461
1981-08-31,-0.010450946996869881,0.15999984741210938
1981-09-01,0.0018713298640529175,0.0
1981-09-02,0.0038132473384022703,-0.010000228881837714
1981-09-03,-0.018388129261164288,0.07999992370605646
1981-09-04,-0.009697131068775455,0.030000686645507812
1981-09-08,-0.017559756472636856,0.07999992370605469
1981-09-09,0.0035535883090549447,-0.06000041961669922
1981-09-10,0.014588989004283626,-0.22999954223632812
1981-09-11,0.01216148367015446,-0.25
1981-09-14,-0.007842504648569282,0.14999961853027344
1981-09-15,-0.007403494432017155,-0.11999988555908025
1981-09-16,-0.007542726832951985,0.02999973297118963
1981-09-17,-0.014575304119489374,-0.15999984741210938
1981-09-18,-0.007626097331006498,-0.039999961853027344
1981-09-21,0.008394016973888085,-0.13000011444091797
1981-09-22,-0.004787950006673647,0.25
1981-09-23,-0.008866745743628002,0.19999980926513672
1981-09-24,-0.005549302192594752,0.0800008773803711
1981-09-25,-0.0196687832025626,0.36999988555908025
1981-09-28,0.024179909452584525,-0.030000686645507812
1981-09-29,0.003542611040270316,0.11000061035156428
1981-09-30,0.002067878222052677,0.07999992370605469
1981-10-01,0.007716762271894773,-0.09000015258789062
1981-10-02,0.019286664105954365,-0.3400001525878906
1981-10-05,0.001255926184713374,-0.2200002670288086
1981-10-06,-0.0010046275086521561,-0.049999237060546875
1981-10-07,0.015953792412430445,-0.10000038146972656
1981-10-08,0.008209552880988014,-0.039999961853027344
1981-10-09,-0.007056155217973092,-0.2700004577636719
1981-10-13,-0.0055319315475683695,0.10000038146972834
1981-10-14,-0.016529266156182665,0.03999996185302557
1981-10-15,0.007630710998660639,0.010000228881835938
1981-10-16,-0.004353264637470211,0.05999946594238281
1981-10-19,-0.0017634390039047432,0.010000228881835938
1981-10-20,0.010866907997455932,0.1400003433227539
1981-10-21,-0.0014976315906150006,0.25
1981-10-22,-0.0038374877206885927,0.039999961853027344
1981-10-23,-0.008730754962312126,-0.07999992370605469
1981-10-26,-0.0037168044819422263,0.30000019073486506
1981-10-27,0.00951784175273307,-0.060000419616700995
1981-10-28,0.0013403372547484693,-0.10000038146972656
1981-10-29,-0.0032703010038419578,-0.37999916076660156
1981-10-30,0.023491446440783825,-0.43000030517578125
1981-11-02,0.01877415126771087,-0.06000041961669744
1981-11-04,0.004338409044452263,-0.38999938964844105
1981-11-05,-0.00966655629398172,0.009999275207521308
1981-11-06,-0.007067189560539866,-0.25
1981-11-09,0.0050415031882753425,-0.5499992370605469
1981-11-10,-0.004796984461101772,0.009999275207517755
1981-11-12,0.00398557194693705,-0.21000003814697088
1981-11-13,-0.012415452042095154,-0.009999275207521308
1981-11-16,-0.011822719071674648,-0.11000061035155895
1981-11-17,0.007539732179160374,0.11000061035155895
1981-11-18,-0.007373376482635585,-0.18000030517577947
1981-11-19,0.0037348837536610446,0.039999961853027344
1981-11-20,0.008250191235745774,0.10000038146972656
1981-11-23,-0.0009042013805418136,0.2999992370605469
1981-11-24,0.015585184762215043,-0.3099994659423828
1981-11-25,0.004362592992904091,-0.15000057220458984
1981-11-27,0.008348714212013775,-0.05999946594238459
1981-11-30,0.010022372806745672,0.21000003814697443
1981-12-01,-0.0019805908872712052,0.23999977111816406
1981-12-02,-0.011244554282025199,0.11999988555908203
1981-12-03,0.003442622160281239,-0.039999961853027344
1981-12-04,0.009069991110193243,-0.30000019073486506
1981-12-07,-0.008510687085598434,0.35000038146972834
1981-12-08,-0.0029599057122089434,0.0
1981-12-09,0.005273713014245729,0.1400003433227539
1981-12-10,0.0018312495686725327,0.15999984741210938
1981-12-11,-0.006224076757376018,0.039999961853027344
1981-12-14,-0.01735945682936002,-0.2200002670288086
1981-12-15,0.0017089078280276837,-0.06999969482421875
1981-12-16,-0.00464529341940878,-0.020000457763671875
1981-12-17,0.0057017713730243,0.18000030517578125
1981-12-18,0.007122053766241976,-0.19999980926513672
1981-12-21,-0.00533682573286498,0.3199996948242205
1981-12-22,-0.003736492824551796,0.1900005340576154
1981-12-23,-0.004649461509155017,0.11999988555908203
1981-12-24,0.0018787292302961944,-0.13000011444091797
1981-12-28,-0.00220582806775127,0.0
1981-12-29,-0.004919239951004961,0.1099996566772461
1981-12-30,0.005164620896169758,0.050000190734861505
1981-12-31,0.002042067230090261,-0.1900005340576154
1982-01-04,0.0015491446801680908,0.21000003814697266
1982-01-05,-0.022159931468448413,0.25
1982-01-06,-0.007273390208522912,0.15000057220458984
1982-01-07,-0.002099870574296503,0.039999961853027344
1982-01-08,0.00519963212620933,-0.15000057220458984
1982-01-11,-0.02344290702899876,0.3300008773803711
1982-01-12,-0.004118726637363679,-0.1900005340576172
1982-01-13,-0.012285004373368658,0.21000003814697443
1982-01-14,0.005728716885375462,-0.13000011444091975
1982-01-15,0.00681419729183208,0.11999988555908381
1982-01-18,0.00762152589321019,-0.06999969482422053
1982-01-19,-0.010720973967424996,0.05000019073486328
1982-01-20,-0.006054374004068386,0.010000228881835938
1982-01-21,0.004155519475775193,-0.1900005340576172
1982-01-22,-0.003201687942263831,0.06999969482421875
1982-01-25,0.000260032139533628,-0.06999969482421875
1982-01-26,-0.0019080770305963668,-0.07999992370605469
1982-01-27,0.004763317555526392,-0.029999732971191406
1982-01-28,0.027104705043988098,-0.2200002670288086
1982-01-29,0.012368562815602502,-0.14999961853027344
1982-02-01,-0.02200107839597365,0.43999958038330256
1982-02-02,0.0019509175876111229,-0.10999965667724787
1982-02-03,-0.013049771471567162,0.2199993133544922
1982-02-04,-0.0005152871526226122,0.07000064849853516
1982-02-05,0.007189383638383617,-0.11000061035156428
1982-02-08,-0.02268418358745894,0.2300004959106463
1982-02-09,-0.00832203969314449,0.06999969482421875
1982-02-10,0.008583772945732093,-0.1399993896484375
1982-02-11,-0.00200797442254963,-0.10000038146972656
1982-02-16,-0.003238680672730254,-0.18000030517578125
1982-02-17,-0.003249136708559419,-0.029999732971191406
1982-02-18,0.0011427828785093297,-0.2200002670288086
1982-02-19,-0.005285411103558069,-0.039999961853027344
1982-02-22,-0.014501432010137094,-0.36999988555908203
1982-02-23,-0.0007171152454983343,0.06000041961669744
1982-02-24,0.017424203426265272,-0.06000041961669744
1982-02-25,-0.002294002557800212,0.039999961853027344
1982-02-26,-0.0008836910636569328,0.11999988555908203
1982-03-01,0.001766601906840748,-0.17999935150146307
1982-03-02,-0.005575458129706945,-0.11000061035156428
1982-03-03,-0.015742741476820754,-0.05000019073486328
1982-03-04,-0.009420368008814961,-0.07999992370605469
1982-03-05,-0.004926576256884196,-0.01999950408935547
1982-03-08,-0.01846092734222271,0.07999992370605291
1982-03-09,0.013785715901107665,0.019999504089357245
1982-03-10,0.005315278427253212,0.039999961853027344
1982-03-11,-0.0004571289633137354,0.2200002670288086
1982-03-12,-0.006881708085209048,0.020000457763671875
1982-03-15,0.007704306174598052,-0.010000228881835938
1982-03-16,-0.0015544114341423665,-0.05000019073486328
1982-03-17,-0.0018318098883289835,-0.029999732971191406
1982-03-18,0.011122379163516882,-0.010000228881835938
1982-03-19,0.002806552504962312,0.020000457763671875
1982-03-22,0.019339810044015415,-0.15000057220458984
1982-03-23,0.006892978951232642,-0.01999950408935547
1982-03-24,-0.005120987883072914,0.18999958038330078
1982-03-25,0.0021221854586466193,-0.010000228881837714
1982-03-26,-0.01128145772986855,0.11000061035156428
1982-03-29,0.0032108536462773785,0.14999961853027344
1982-03-30,-0.0002672343492964302,0.029999732971191406
1982-03-31,-0.002764998100166949,-0.009999275207521308
1982-04-01,0.016212995944699493,-0.07999992370605113
1982-04-02,0.011620434022858284,0.0
1982-04-05,-0.003393515367064559,0.059999465942381036
1982-04-06,0.005476107757007576,0.0200004577636701
1982-04-07,0.0008664628759165183,0.0
1982-04-08,0.0065608154469440905,-0.20000076293945135
1982-04-12,-0.001894766043977647,-0.14999961853027166
1982-04-13,-8.622902994748216e-05,0.0
1982-04-14,-0.0013803473240416864,0.11999988555908025
1982-04-15,0.00447926188136627,-0.039999961853027344
1982-04-16,0.003945785633201915,-0.19999980926513672
1982-04-19,-0.0009421491248859937,-0.05000019073486328
1982-04-20,-0.01085557752773969,0.06000041961669922
1982-04-21,0.0024225550423819797,-0.030000686645507812
1982-04-22,0.012623079446699492,0.020000457763671875
1982-04-23,0.012297122581709452,-0.020000457763671875
1982-04-26,0.005212308922231124,0.010000228881835938
1982-04-27,-0.01062137714167477,0.0
1982-04-28,-0.0062909147117000686,0.07000064849853516
1982-04-29,-0.009597355065370294,0.09999942779541016
1982-04-30,0.0025797851559028473,0.0
1982-05-03,0.003258146155306285,0.07999992370605469
1982-05-04,0.005463556300194128,-0.07999992370605469
1982-05-05,0.0017862386149092302,-0.06999969482421875
1982-05-06,0.008546717079131128,-0.26000022888183594
1982-05-07,0.006634506052748179,-0.06000041961669922
1982-05-10,-0.00916553798561015,0.010000228881835938
1982-05-11,0.008746909724772323,-0.029999732971191406
1982-05-12,-0.00209564604829815,0.13000011444091797
1982-05-13,-0.00800372401573668,0.029999732971191406
1982-05-14,-0.001777920982142689,-0.1400003433227539
1982-05-17,-0.011077167159972312,0.0900001525878924
1982-05-18,-0.007482320555906696,0.030000686645507812
1982-05-19,-0.008234753471104916,0.03999996185302557
1982-05-20,-0.002614635072799132,-0.1100006103515625
1982-05-21,0.002614635072799132,-0.009999275207519531
1982-05-24,-0.0008707634997104918,0.05999946594238459
1982-05-25,-0.003403287769277341,0.03999996185302557
1982-05-26,-0.011340290344421078,0.06000041961669744
1982-05-27,-0.003986335966958521,0.03999996185302912
1982-05-28,-0.00694762218801781,-0.010000228881835938
1982-06-01,-0.0017892020377487938,0.22000026702880682
1982-06-02,0.00321831681668705,-0.07000064849853338
1982-06-03,-0.0016078637135104046,0.03999996185302557
1982-06-04,-0.015949915032205553,0.07999992370605646
1982-06-07,0.0002725253985005338,-0.039999961853027344
1982-06-08,-0.004459670582874331,0.039999961853027344
1982-06-09,-0.005854919332273667,0.010000228881835938
1982-06-10,0.0056725014950478325,0.030000686645507812
1982-06-11,0.014761393365941622,-0.0900001525878924
1982-06-14,-0.01157335519092495,0.2799997329711932
1982-06-15,-0.002458427290471299,0.0
1982-06-16,-0.007503692559392761,0.05000019073486328
1982-06-17,-0.01173390157452392,0.2199993133544922
1982-06-18,-0.0029784059518949135,0.1400003433227539
1982-06-21,-0.0007460074259473259,0.010000228881835938
1982-06-22,0.010208962016875489,0.029999732971191406
1982-06-23,0.016847096107051485,0.07999992370605469
1982-06-24,-0.0028185458207667935,-0.029999732971191406
1982-06-25,-0.00630227630625857,0.05000019073486328
1982-06-28,0.010209776370307289,-0.030000686645507812
1982-06-29,-0.00045360413968609237,-0.11999988555908203
1982-06-30,-0.00545901160030926,-0.1700000762939453
1982-07-01,-0.008244839001855908,-0.03999996185302912
1982-07-02,-0.009798539809352746,0.10000038146972834
1982-07-06,-0.0033497808029583354,-0.020000457763671875
1982-07-07,-0.0006526473974339808,0.010000228881835938
1982-07-08,0.002887057265801296,-0.3000001907348633
1982-07-09,0.012017181482652184,-0.15999984741210938
1982-07-12,0.006776563099212041,-0.15999984741210938
1982-07-13,-0.0010958155458835606,0.15000057220458984
1982-07-14,0.009004613081924795,0.07999992370605646
1982-07-15,0.0002715927661407491,-0.14000034332275568
1982-07-16,0.0054166284971586265,-0.26000022888183594
1982-07-19,-0.0030657944050256347,-0.019999504089357245
1982-07-20,0.007288443143066203,-0.15000057220458807
1982-07-21,-0.001076451010606938,0.07000064849853693
1982-07-22,0.0005384045673126892,-0.0900001525878924
1982-07-23,-0.0027846879514150658,0.05000019073486328
1982-07-26,-0.007312789895125071,0.34999942779541016
1982-07-27,-0.008462676660507817,-0.05000019073486328
1982-07-28,-0.01556418079438604,0.1100006103515625
1982-07-29,-0.00018561814915774022,-0.14000034332275213
1982-07-30,-0.005865711059358958,-0.149999618530277
1982-08-02,0.017494841741934053,-0.2700004577636701
1982-08-03,-0.010608480083239336,0.10000038146972656
1982-08-04,-0.01579695822560989,0.17000007629394354
1982-08-05,-0.009275936963463849,0.019999504089357245
1982-08-06,-0.013884500911967024,0.15000057220459162
1982-08-09,-0.006093130226282106,-0.15000057220459162
1982-08-10,-0.0023310567596857013,-0.010000228881835938
1982-08-11,-0.002336428923356948,0.020000457763671875
1982-08-12,-0.0017559297080520508,-0.15999984741210938
1982-08-13,0.01386554747251445,-0.35000038146972656
1982-08-16,0.0023083387162152746,-0.1099996566772461
1982-08-17,0.04645892143929675,-0.44000053405761896
1982-08-18,-0.004596018714339678,-0.07999992370605113
1982-08-19,0.005695952318036213,-0.09999942779541193
1982-08-20,0.034750035111350996,-0.23000049591064453
1982-08-23,0.02697325839600495,0.23000049591064453
1982-08-24,-0.006567051504071664,-0.11999988555908025
1982-08-25,0.019147997155440244,0.07999992370605113
1982-08-26,0.008215869706832635,0.11999988555908381
1982-08-27,-0.01222116898795722,0.2200002670288086
1982-08-30,0.0046854712949899735,0.039999961853027344
1982-08-31,0.015600927192883418,0.0
1982-09-01,-0.010599040381656266,-0.05000019073486328
1982-09-02,0.017104474244939993,-0.1599998474121076
1982-09-03,0.01967384011664386,-0.13000011444091975
1982-09-07,-0.010735587985529982,0.05999946594238281
1982-09-08,0.0068152680159299095,-0.01999950408935547
1982-09-09,-0.001883898900655545,0.01999950408935547
1982-09-10,-0.008232531800656417,0.19999980926513672
1982-09-13,0.010443716879787956,-0.09999942779541016
1982-09-14,0.007010712852463463,-0.06999969482421875
1982-09-15,0.009620531328511817,0.03999996185302912
1982-09-16,-0.0041925746939002195,0.0
1982-09-17,-0.009905842553312283,-0.0900001525878924
1982-09-20,-0.00032645813299314597,-0.039999961853027344
1982-09-21,0.01916057747013422,-0.2899999618530291
1982-09-22,-0.007152354250710147,-0.14000034332275213
1982-09-23,-0.0014527872490708305,-0.10000038146972656
1982-09-24,-0.00396551217034169,0.15000057220458984
1982-09-27,0.002429765905786141,-0.10000038146972656
1982-09-28,-0.0030787100545079937,-0.13999938964843572
1982-09-29,-0.013150029345669445,-0.05000019073486506
1982-09-30,-0.009998010218160047,-0.07000064849853516
1982-10-01,0.01278950603263862,-0.2199993133544922
1982-10-04,-0.003778541362153831,0.21000003814697266
1982-10-05,0.003860542887453633,-0.030000686645507812
1982-10-06,0.0321866686659682,-0.18999958038330078
1982-10-07,0.02221704430938587,-0.5900001525878906
1982-10-08,0.017318115692363634,-0.07999992370605291
1982-10-12,0.025539067960337114,-0.30000019073486506
1982-10-13,0.01674392203745967,-0.1399993896484375
1982-10-14,-0.015777378873904624,0.2199993133544922
1982-10-15,-0.007458824356958438,0.1400003433227539
1982-10-18,0.023382407250238657,-0.17000007629394354
1982-10-19,-0.0010976101341553246,-0.019999504089357245
1982-10-20,0.01921667429543472,0.12999916076660156
1982-10-21,-0.001221734120464113,0.0
1982-10-22,-0.0016553008784789824,0.12000083923339844
1982-10-25,-0.0404978678592256,0.2999992370605469
1982-10-26,0.008663148953455213,-0.23999977111816406
1982-10-27,0.006005115659394988,0.02999973297118963
1982-10-28,-0.012645192400851712,-0.1299991607665998
1982-10-29,0.0009726900920279391,-0.06000041961669922
1982-11-01,0.01300215192282117,-0.14999961853027344
1982-11-03,0.05318486909693565,-0.10000038146972656
1982-11-04,-0.0071648874176384325,-0.03999996185302912
1982-11-05,0.002183005324056353,0.05999946594238459
1982-11-08,-0.01217284092266091,0.07000064849853516
1982-11-09,0.018204141809208707,-0.039999961853027344
1982-11-10,-0.01309048574338334,-0.030000686645507812
1982-11-12,-0.011614401594600032,0.10000038146972834
1982-11-15,-0.01807975210561885,0.0699996948242152
1982-11-16,-0.011818824513620818,0.020000457763671875
1982-11-17,0.01836521045024586,-0.07999992370605291
1982-11-18,0.002968139714190521,-0.13000011444091797
1982-11-19,-0.009587464944586621,-0.03999996185302912
1982-11-22,-0.02064667793116115,0.010000228881835938
1982-11-23,-0.009657635043692991,0.09999942779541193
1982-11-24,0.007121294033492376,0.06000041961669922
1982-11-26,0.00744161764001916,-0.07999992370605469
1982-11-29,-0.005054328657494445,0.26999950408935547
1982-11-30,0.03175569806074563,0.010000228881835938
1982-12-01,0.0013706219740390324,-0.05000019073486328
1982-12-02,0.0007206608399856762,-0.05999946594238459
1982-12-03,-0.000936938400403875,-0.21000003814697088
1982-12-06,0.021964811994529043,-0.010000228881835938
1982-12-07,0.006678621118726191,0.01999950408935547
1982-12-08,-0.006325977864512389,0.1400003433227539
1982-12-09,-0.0129162769110156,-0.03999996185302557
1982-12-10,-0.0030761026117245294,0.07999992370605291
1982-12-13,0.002718874157825013,-0.05000019073486328
1982-12-14,-0.018388858788667584,-0.14999961853027344
1982-12-15,-0.015845316909158136,0.039999961853027344
1982-12-16,0.00044353927465401455,0.09000015258789062
1982-12-17,0.016056669410098756,0.05000019073486328
1982-12-20,-0.009059793598978239,0.05999946594238281
1982-12-21,0.017172805085281517,-0.15999984741210938
1982-12-22,0.0015859376072624443,-0.010000228881835938
1982-12-23,0.006390252439516075,-0.05999946594238281
1982-12-27,0.017383083092861185,-0.030000686645507812
1982-12-28,-0.009896128577751462,0.0
1982-12-29,0.003333226762072705,0.030000686645507812
1982-12-30,-0.006463805141345702,-0.030000686645507812
1982-12-31,0.002206624785801914,-0.07999992370605469
1983-01-03,-0.01648903289641801,-0.03999996185302557
1983-01-04,0.021595435628517734,0.050000190734861505
1983-01-05,0.004235542743220577,-0.019999504089353692
1983-01-06,0.0230487342229031,0.03999996185302557
1983-01-07,-0.0006198078878085767,-0.030000686645507812
1983-01-10,0.010960557392900583,0.020000457763671875
1983-01-11,-0.006836231219898181,-0.039999961853027344
1983-01-12,0.0062229055625060425,-0.0200004577636701
1983-01-13,-0.006565967915018511,-0.04999923706054865
1983-01-14,0.006293188575893893,0.009999275207519531
1983-01-17,0.00047726302425488143,0.0
1983-01-18,-0.0021834569915757385,0.020000457763671875
1983-01-19,-0.0077484505412543925,0.1099996566772461
1983-01-20,0.006996797800486121,0.0200004577636701
1983-01-21,-0.016819774668482168,0.17999935150146662
1983-01-24,-0.02734300977354831,0.09000015258789062
1983-01-25,0.012636819954130907,-0.07999992370605469
1983-01-26,-0.0014826273946395574,0.06999969482421875
1983-01-27,0.01910425835879881,-0.019999504089357245
1983-01-28,0.0016620977258714476,0.03999996185302912
1983-01-31,0.005451920281495326,0.09000015258789062
1983-02-01,-0.01623567376495938,-0.020000457763671875
1983-02-02,0.0018867821479728875,0.10000038146972656
1983-02-03,0.007165489034903771,0.050000190734861505
1983-02-04,0.012947873189281367,0.05999946594238459
1983-02-07,0.00539117085291263,-0.029999732971191406
1983-02-08,-0.008406540783829186,0.029999732971191406
1983-02-09,-0.004815949835095701,0.010000228881835938
1983-02-10,0.01709443335930061,-0.17000007629394354
1983-02-11,0.0010163910723273162,-0.029999732971193183
1983-02-14,0.008631780866638294,0.0
1983-02-15,-0.004239077996682106,0.039999961853027344
1983-02-16,-0.005883832539728573,-0.029999732971191406
1983-02-17,6.789273778018412e-05,-0.10000038146972656
1983-02-18,0.0037909438439047705,-0.10999965667724432
1983-02-22,-0.017173683013356644,-0.14000034332275568
1983-02-23,0.00896435748047697,-0.020000457763671875
1983-02-24,0.01896215810804236,-0.019999504089357245
1983-02-25,0.0009353871479413911,-0.1599998474121076
1983-02-28,-0.011282912961569913,0.010000228881835938
1983-03-01,0.018867270721722562,-0.05000019073486328
1983-03-02,0.00936742869154994,0.039999961853027344
1983-03-03,0.007717957602580761,-0.030000686645507812
1983-03-04,0.001237196610239799,0.04000091552734375
1983-03-07,0.0,0.1599998474121076
1983-03-08,-0.01580726003989774,0.0900001525878924
1983-03-09,0.010587680960151502,-0.04000091552734375
1983-03-10,-0.007023970006660107,0.07000064849853516
1983-03-11,-0.0036958697217626124,0.039999961853027344
1983-03-14,-0.0027146284235550766,-0.1100006103515625
1983-03-15,0.003573751596990249,-0.01999950408935547
1983-03-16,-0.010359330284401835,0.06999969482421875
1983-03-17,-0.0014696143272141526,0.030000686645507812
1983-03-18,0.002070170485909628,0.019999504089357245
1983-03-21,0.008568975748742602,0.020000457763671875
1983-03-22,-0.003511673435384388,0.019999504089353692
1983-03-23,0.014169636935761787,-0.03999996185302557
1983-03-24,0.003657967185450417,0.0
1983-03-25,-0.004574553550567018,0.06000041961669744
1983-03-28,-0.005385485589174621,0.01999950408935547
1983-03-29,-0.0017137478721913624,-0.059999465942381036
1983-03-30,0.011804209966995494,-0.010000228881837714
1983-03-31,-0.002807200584884484,0.029999732971191406
1983-04-04,0.0003921665285870901,-0.019999504089353692
1983-04-05,-0.00734629030405376,-0.11000061035156428
1983-04-06,-0.0056777114743153945,0.0
1983-04-07,0.004755631484100853,0.020000457763671875
1983-04-08,0.00715679883788134,0.0
1983-04-11,0.014870842860276845,-0.10000038146972656
1983-04-12,0.004373610778539927,0.010000228881834161
1983-04-13,0.0060782484264239045,-0.02999973297118963
1983-04-14,0.008574417214569863,-0.10000038146972656
1983-04-15,0.003976430224740035,0.03999996185302912
1983-04-18,0.006216890104597361,-0.03999996185302912
1983-04-19,-0.006468848055196652,0.10000038146972656
1983-04-20,0.012522860515064238,0.0
1983-04-21,-0.004115254853866546,0.03999996185302557
1983-04-22,0.00230907904124944,-0.010000228881835938
1983-04-25,-0.010086860775220252,-0.020000457763671875
1983-04-26,0.018714288574183335,-0.02999973297118963
1983-04-27,-0.002289220595628194,-0.07999992370605469
1983-04-28,0.00930981482740112,0.020000457763671875
1983-04-29,0.0090415166276685,-0.039999961853027344
1983-05-02,-0.014209782264525295,-0.010000228881835938
1983-05-03,0.0014177578562328819,0.0
1983-05-04,0.0059573413643700945,-0.1400003433227539
1983-05-05,0.005922061518601751,0.039999961853027344
1983-05-06,0.011017771707545698,-0.029999732971191406
1983-05-09,-0.0017475135761166882,0.11999988555908203
1983-05-10,0.000843979987199539,-0.09000015258789062
1983-05-11,-0.005983458807741648,0.0200004577636701
1983-05-12,-0.004313403603899424,0.04999923706054865
1983-05-13,0.004010235382673422,-0.009999275207519531
1983-05-16,-0.009198747674708407,0.14999961853027344
1983-05-17,0.001895465804297558,0.039999961853027344
1983-05-18,-0.0026913125708389884,0.0200004577636701
1983-05-19,-0.007870659463584673,0.05999946594238459
1983-05-20,0.0009255169526527496,0.05000019073486328
1983-05-23,0.007924563494121628,0.029999732971193183
1983-05-24,0.012828097610544376,-0.009999275207521308
1983-05-25,0.004039272577022857,0.019999504089357245
1983-05-26,-0.0044017737022841175,0.050000190734861505
1983-05-27,-0.006182895408159084,-0.010000228881835938
1983-05-31,-0.012666574648014794,0.1900005340576172
1983-06-01,0.0009848198057431645,-0.039999961853027344
1983-06-02,0.00875877758907695,0.009999275207519531
1983-06-03,0.0026796754742770545,0.010000228881835938
1983-06-06,0.00249053226447149,0.0
1983-06-07,-0.012576463200150378,0.060000419616700995
1983-06-08,-0.008700290223359275,0.0699996948242152
1983-06-09,0.0029085154149726122,-0.03999996185302557
1983-06-10,0.0052386231733034805,0.010000228881835938
1983-06-13,0.013190248237693325,-0.1400003433227539
1983-06-14,0.004177155643089847,0.020000457763671875
1983-06-15,0.009559648133345533,-0.05000019073486328
1983-06-16,0.012014682714611702,-0.07999992370605469
1983-06-17,-5.909188939412502e-05,0.03999996185302557
1983-06-20,-0.000650602461945482,0.11999988555908381
1983-06-21,0.008894150772354337,-0.010000228881835938
1983-06-22,0.002693880219613476,0.03999996185302912
1983-06-23,-0.0024592947937005505,0.0699996948242152
1983-06-24,-0.000938492983153516,0.12000083923340021
1983-06-27,-0.011508946867705205,0.08999919891357422
1983-06-28,-0.016640199861277516,-0.06999969482421875
1983-06-29,0.005777620409711304,-0.05000019073486328
1983-06-30,0.00598302612600321,-0.029999732971191406
1983-07-01,0.005947442317715712,-0.029999732971193183
1983-07-05,-0.012170495365250389,0.2799997329711932
1983-07-06,0.011221256658314083,-0.05000019073486328
1983-07-07,-0.005475541518309868,0.13000011444091797
1983-07-08,-0.0028687309203698774,0.03999996185302912
1983-07-11,0.006145780087511099,-0.05000019073486506
1983-07-12,-0.015466090778073927,0.14000034332275213
1983-07-13,-0.00042292555854483993,-0.020000457763671875
1983-07-14,0.0033184800776115964,-0.019999504089353692
1983-07-15,-0.010414876364334802,0.13000011444091797
1983-07-18,-0.0020716333755901317,-0.10000038146972656
1983-07-19,0.005292529096215581,-0.05000019073486328
1983-07-20,0.026759167217268676,-0.07999992370605469
1983-07-21,-0.0013595139304696247,0.03999996185302912
1983-07-22,-0.001006055243787607,0.11000061035155895
1983-07-25,0.0037822832934182316,-0.0200004577636701
1983-07-26,0.005881332057184885,0.07999992370605469
1983-07-27,-0.017390728621349716,0.020000457763671875
1983-07-28,-0.015332670462430364,0.14999961853027344
1983-07-29,-0.015140678711128785,0.10000038146972656
1983-08-01,-0.0032039724705290595,0.039999961853027344
1983-08-02,-0.00018514908509548178,0.019999504089357245
1983-08-03,0.008787937630996723,0.10000038146972301
1983-08-04,-0.012993997419196823,0.1999998092651385
1983-08-05,0.0025381736028045054,-0.019999504089353692
1983-08-08,-0.015954550265081302,0.09999942779540838
1983-08-09,0.005950424461665271,-0.06999969482421875
1983-08-10,0.008766732625322682,0.03999996185302557
1983-08-11,0.0,-0.1300001144409162
1983-08-12,0.0038307762745430907,-0.07999992370605469
1983-08-15,0.00945194100765434,-0.19999980926513672
1983-08-16,-0.0017730632604573415,-0.05000019073486328
1983-08-17,0.011439063836296448,-0.060000419616700995
1983-08-18,-0.010582693666675524,0.05000019073486506
1983-08-19,0.002625670469391217,0.020000457763671875
1983-08-22,0.002192987106041322,-0.18000030517578125
1983-08-23,-0.009599242567443156,0.029999732971193183
1983-08-24,-0.009382231975979316,-0.029999732971193183
1983-08-25,-0.002545896415456994,0.07999992370605469
1983-08-26,0.008050096534787166,0.02999973297118963
1983-08-29,0.0006781997889877545,0.21000003814697443
1983-08-30,0.002031843996710414,0.03999996185302557
1983-08-31,0.011132245915161043,0.07999992370605646
1983-09-01,-0.0010345871617083446,-0.009999275207519531
1983-09-02,0.004677615566217597,0.039999961853027344
1983-09-06,0.017363525512300804,-0.1599998474121076
1983-09-07,0.00041689637612307706,-0.15000057220459162
1983-09-08,-0.0011318765405157194,0.07000064849853516
1983-09-09,-0.005079374494791011,-0.04000091552734375
1983-09-12,-0.00866432897908087,-0.1699991226196289
1983-09-13,-0.004117679781297845,0.06999969482421875
1983-09-14,0.0033318403471866986,0.13000011444091797
1983-09-15,-0.005883625915732438,0.05999946594238459
1983-09-16,0.011311829111190441,-0.13999938964844105
1983-09-19,0.008206804004545987,-0.0200004577636701
1983-09-20,0.00961837476919225,-0.09000015258788885
1983-09-21,-0.004916354096537567,0.07000064849853338
1983-09-22,0.007984138294095722,-0.03999996185302557
1983-09-23,-0.0014737527830011032,-0.11000061035156428
1983-09-26,0.0032982703459687457,-0.07999992370605469
1983-09-27,-0.00968997034517205,0.039999961853027344
1983-09-28,-0.002556210321796648,0.039999961853027344
1983-09-29,-0.004593894558639455,0.010000228881835938
1983-09-30,-0.006960654522756293,-0.06000041961669922
1983-10-03,-0.001566890532701315,0.030000686645507812
1983-10-04,0.0027704589590475948,-0.010000228881835938
1983-10-05,0.008802195556142145,-0.10999965667724432
1983-10-06,0.015028939486801285,-0.03999996185302912
1983-10-07,0.003049165430750733,0.019999504089357245
1983-10-11,-0.0026968810077914185,0.23999977111816406
1983-10-12,-0.004235806067331538,0.0200004577636701
1983-10-13,0.0014727977400310621,0.059999465942381036
1983-10-14,-5.883794168592971e-05,-0.0699996948242152
1983-10-17,0.003350040317080527,-0.10999965667724787
1983-10-18,-0.015492239797770146,0.01999950408935547
1983-10-19,-0.006456660517097035,0.0
1983-10-20,0.0014983072318521806,-0.01999950408935547
1983-10-21,-0.006187499402829921,-0.03999996185302912
1983-10-24,0.00024105889511005785,0.2299995422363299
1983-10-25,0.0028875416673201926,0.039999961853027344
1983-10-26,-0.00656923451996505,0.020000457763671875
1983-10-27,-0.0032706015643553243,-0.06000041961669922
1983-10-28,-0.008957747104115121,0.0200004577636701
1983-10-31,0.0011012354935155955,0.05999946594238459
1983-11-01,0.0006723548316891481,-0.05000019073486328
1983-11-02,0.007184156778910378,0.010000228881835938
1983-11-03,-0.008468169755146526,0.05000019073486328
1983-11-04,-0.006198396651639904,0.10000038146972834
1983-11-07,-0.003268069930844497,0.0
1983-11-09,0.012642843789610225,-0.010000228881837714
1983-11-10,0.0026798385905841826,-0.13000011444091797
1983-11-14,0.013112355202204107,-0.029999732971193183
1983-11-15,-0.007350766434679024,0.019999504089357245
1983-11-16,0.004344691938100276,0.0
1983-11-17,0.0003010327872425833,0.020000457763671875
1983-11-18,-0.006279886232628762,0.0
1983-11-21,0.005798208644028691,-0.07000064849853693
1983-11-22,0.004746281177613554,-0.07999992370605113
1983-11-23,0.0007190556024578854,0.0200004577636701
1983-11-25,0.0013167294792584272,-0.039999961853027344
1983-11-28,-0.0038355519668016314,0.07999992370605469
1983-11-29,0.008192662887500646,-0.050000190734861505
1983-11-30,-0.00903365167400505,0.050000190734861505
1983-12-01,0.0005407888433923702,0.0
1983-12-02,-0.006326674473605465,0.11999988555908203
1983-12-05,0.0019323198547427367,0.029999732971191406
1983-12-06,-0.0017510090509160747,-0.01999950408935547
1983-12-07,0.0026555778471912816,0.029999732971191406
1983-12-08,-0.004288652114364133,0.10000038146972656
1983-12-09,-0.0007266266374630348,0.009999275207517755
1983-12-12,0.0032657621472278464,-0.02999973297118963
1983-12-13,-0.00417488107151609,0.07999992370605469
1983-12-14,-0.009748391776200016,0.020000457763671875
1983-12-15,-0.01027731831696066,-0.010000228881835938
1983-12-16,0.004505458759587633,-0.07999992370605469
1983-12-19,-0.0004311050787872972,-0.010000228881835938
1983-12-20,-0.0019734054072717555,-0.010000228881835938
1983-12-21,0.009583545337386923,-0.02999973297118963
1983-12-22,-0.00018342829017559126,-0.05999946594238459
1983-12-23,-0.0018974607596158322,0.01999950408935547
1983-12-27,0.009390844707501955,-0.039999961853027344
1983-12-28,0.003514101448086393,0.06000041961669922
1983-12-29,-0.0029073050882439944,-0.020000457763671875
1983-12-30,0.0004244644646922424,0.029999732971193183
1984-01-03,-0.0054108374563899275,0.03999996185302557
1984-01-04,0.01656531174397191,-0.07999992370605469
1984-01-05,0.012098236311248733,-0.009999275207519531
1984-01-06,0.002780333807939961,-0.04000091552734375
1984-01-09,-0.002247353781892336,0.020000457763671875
1984-01-10,-0.005640489789225711,-0.039999961853027344
1984-01-11,-0.0008934856676869884,0.05000019073486328
1984-01-12,-0.00029803636819014656,0.0
1984-01-13,-0.004361184546173291,-0.1700000762939453
1984-01-16,0.0009574411550143935,-0.05000019073486328
1984-01-17,0.003880540769630514,0.029999732971193183
1984-01-18,-0.0016697408329306995,0.03999996185302557
1984-01-19,-0.003048567896229315,-0.009999275207517755
1984-01-20,-0.004981175024202145,0.03999996185302557
1984-01-23,-0.008094834519950744,-0.010000228881835938
1984-01-24,0.006469036991773258,0.0
1984-01-25,-0.006651007694252087,0.010000228881835938
1984-01-26,-0.0036464780978358036,-0.010000228881835938
1984-01-27,-0.001828284039678607,0.0
1984-01-30,-0.00654821551130258,0.029999732971191406
1984-01-31,0.003310095868596541,0.010000228881834161
1984-02-01,-0.004108533451505636,-0.02999973297118963
1984-02-02,0.003802489129846265,-0.03999996185302557
1984-02-03,-0.015111132922789317,0.0
1984-02-06,-0.017743979647155683,0.09999942779540838
1984-02-07,0.004166432684870713,0.010000228881835938
1984-02-08,-0.018373632891415248,0.010000228881835938
1984-02-09,-0.002762927376338098,0.009999275207519531
1984-02-10,0.005646138952669411,0.10000038146972834
1984-02-14,0.0019813854231802708,0.020000457763671875
1984-02-15,-0.0023013537591021205,-0.03999996185302912
1984-02-16,-0.0007682637890642496,0.019999504089357245
1984-02-17,-0.0025010394072317865,0.09000015258788707
1984-02-21,-0.007088154467059127,-0.010000228881834161
1984-02-22,-0.002136280691481751,0.0200004577636701
1984-02-23,-0.0001296453213379678,0.11999988555908381
1984-02-24,0.02065500849828883,-0.06000041961669922
1984-02-27,0.011300322634676618,0.06000041961669922
1984-02-28,-0.015690538565905854,0.039999961853027344
1984-02-29,0.0015291848949150477,-0.05000019073486328
1984-03-01,0.007168975241556019,0.029999732971193183
1984-03-02,0.0066156749843813145,-0.07999992370605646
1984-03-05,-0.008513948460127096,0.07999992370605646
1984-03-06,-0.010441295551609997,0.0200004577636701
1984-03-07,-0.010810173067807405,0.13000011444091797
1984-03-08,0.004003072866553659,0.01999950408935547
1984-03-09,-0.005427397923742916,0.039999961853027344
1984-03-12,0.012810308876662013,-0.039999961853027344
1984-03-13,0.0028104416063099436,0.030000686645507812
1984-03-14,-6.375064099550798e-05,0.039999961853027344
1984-03-15,0.004074099298021494,0.0
1984-03-16,0.011747012457448136,0.029999732971191406
1984-03-19,-0.00939925215875892,0.1099996566772461
1984-03-20,0.006821665116856224,-0.010000228881835938
1984-03-21,-0.0012597440917101466,0.010000228881835938
1984-03-22,-0.012494224257907582,0.039999961853027344
1984-03-23,0.0010843449781399173,-0.010000228881835938
1984-03-26,-0.0012120209575190444,-0.01999950408935547
1984-03-27,0.0040131587470471075,0.0
1984-03-28,0.016268734918497785,-0.03999996185302912
1984-03-29,-0.0022542313868472164,-0.010000228881834161
1984-03-30,-0.0021337416312361412,0.11999988555908203
1984-04-02,-0.007567175673565352,0.030000686645507812
1984-04-03,-0.0020275768323037013,0.08999919891357244
1984-04-04,-0.0007614872013812501,0.020000457763671875
1984-04-05,-0.015996246819914184,-0.020000457763671875
1984-04-06,0.0028339736664966253,-0.13999938964843572
1984-04-09,-0.00019296163185700266,-0.039999961853027344
1984-04-10,0.0026981783017756555,0.05000019073486328
1984-04-11,-0.005597178255526636,-0.020000457763671875
1984-04-12,0.017459566492955325,-0.10000038146972834
1984-04-13,-0.002666318097502618,0.17000007629394887
1984-04-16,0.006399982241728885,0.03999996185302557
1984-04-17,0.004097165295179117,-0.03999996185302557
1984-04-18,-0.006753630244322295,0.1300001144409162
1984-04-19,0.0007597517247708296,0.07000064849853516
1984-04-23,-0.0077505069530072745,0.029999732971191406
1984-04-24,0.00806689184554088,-0.05000019073486328
1984-04-25,0.0036624603330377425,-0.06000041961669922
1984-04-26,0.01034659909567015,-0.019999504089357245
1984-04-27,-0.002561003673290152,0.11999988555908381
1984-04-30,0.0010002105033919406,0.029999732971193183
1984-05-01,0.010132742311255605,0.0
1984-05-02,0.001359795189640245,0.03999996185302557
1984-05-03,-0.00433301184326762,0.030000686645507812
1984-05-04,-0.013050020385227512,0.17999935150146662
1984-05-07,0.0022600336588318726,0.06000041961669744
1984-05-08,0.006562747600461272,-0.039999961853027344
1984-05-09,-0.002557489189053186,0.11999988555908203
1984-05-10,-0.0006872675922133809,0.039999961853027344
1984-05-11,-0.009482280730120252,0.21000003814697266
1984-05-14,-0.00626607623801867,0.11999988555908381
1984-05-15,0.0031695747612792147,-0.10000038146972834
1984-05-16,-6.325837314857807e-05,-0.06999969482421875
1984-05-17,-0.009028533551191487,0.13000011444091797
1984-05-18,-0.005058493446894907,-0.09000015258789062
1984-05-21,-0.006763112766513757,-0.019999504089357245
1984-05-22,-0.005508525273824283,0.0900001525878924
1984-05-23,-0.004755316189797298,0.01999950408935547
1984-05-24,-0.012615964914359346,0.18000030517578125
1984-05-25,0.002575529912642871,0.029999732971191406
1984-05-29,-0.008810642150625547,0.1400003433227539
1984-05-30,0.00039923375666450767,0.09999942779541016
1984-05-31,0.0013293251685499996,-0.07999992370605469
1984-06-01,0.017710080480781265,-0.2799997329711914
1984-06-04,0.0071525816226607475,-0.21000003814697443
1984-06-05,-0.004480688448917469,-0.050000190734861505
1984-06-06,0.008812346676727145,0.1700000762939453
1984-06-07,-0.0005807527025254444,0.0
1984-06-08,0.0016124354678836994,-0.07999992370605469
1984-06-11,-0.01369129286395232,0.11999988555908381
1984-06-12,-0.0057002291425876095,-0.03999996185302912
1984-06-13,-0.0003943057171866826,-0.10000038146972656
1984-06-14,-0.011503534686289285,-0.049999237060546875
1984-06-15,-0.009084296115350554,-0.18000030517578125
1984-06-18,0.017954977609123013,0.06000041961669922
1984-06-19,0.005783054123368103,0.1099996566772461
1984-06-20,0.014506650556317169,0.2699995040893537
1984-06-21,-0.0021335184483533,0.07000064849853693
1984-06-22,-0.00032357700234619813,0.01999950408935547
1984-06-25,-0.003177420437805445,0.010000228881835938
1984-06-26,-0.008217044240109495,0.039999961853027344
1984-06-27,-0.007031455306775847,-0.029999732971191406
1984-06-28,0.007882311995156321,0.039999961853027344
1984-06-29,0.0022220540487012386,0.039999961853027344
1984-07-02,0.00013058471941285177,0.029999732971191406
1984-07-03,0.003258393302860263,-0.06999969482421875
1984-07-05,-0.006134604291386125,-0.029999732971191406
1984-07-06,-0.003409767327716473,-0.020000457763671875
1984-07-09,0.007329843647092105,-0.2700004577636719
1984-07-10,-0.00306939813682483,0.05000019073486328
1984-07-11,-0.015357044958860477,0.020000457763671875
1984-07-12,-0.0035263936590368417,-0.13000011444091975
1984-07-13,0.0056495852848428285,-0.11999988555908025
1984-07-16,0.004760662221555911,0.019999504089357245
1984-07-17,0.005131919619593361,0.050000190734861505
1984-07-18,-0.006452132399014765,-0.050000190734861505
1984-07-19,-0.006826409627263885,-0.06999969482422053
1984-07-20,-0.005468085580014659,0.1099996566772461
1984-07-23,-0.004020146811408054,-0.009999275207517755
1984-07-24,-0.007615291765853627,-0.03999996185302912
1984-07-25,0.006809360379095963,-0.25
1984-07-26,0.008363770174376839,-0.1700000762939453
1984-07-27,0.007368842681605869,0.05999946594238281
1984-07-30,-0.0066361646671033725,0.10000038146972656
1984-07-31,0.0031244912317189844,-0.1400003433227539
1984-08-01,0.02244629322894731,-0.09999942779541016
1984-08-02,0.025059814720211016,-0.07000064849853516
1984-08-03,0.027222761489834824,-0.13000011444091797
1984-08-06,0.0015386985070531267,0.11999988555908203
1984-08-07,0.0007377051514065869,-0.039999961853027344
1984-08-08,-0.005979006421102717,-0.029999732971191406
1984-08-09,0.023160883518867692,-0.05000019073486328
1984-08-10,-0.00072513370524252,0.07000064849853338
1984-08-13,6.0417150463898395e-05,0.05999946594238459
1984-08-14,-0.006123981757559349,-0.06999969482422053
1984-08-15,-0.009901646273658748,0.06999969482422053
1984-08-16,0.005940558236072313,-0.039999961853027344
1984-08-17,0.002256687933130941,0.0
1984-08-20,0.004862067723909291,-0.010000228881835938
1984-08-21,0.01736978702326919,-0.06999969482421875
1984-08-22,-0.004598558516451412,0.02999973297118963
1984-08-23,0.00035907331709505996,0.03999996185302912
1984-08-24,0.0023309301516363234,-0.029999732971191406
1984-08-27,-0.006408119399416101,0.15000057220458984
1984-08-28,0.005751222811580803,0.0
1984-08-29,-0.0018535541056428073,0.019999504089357245
1984-08-30,-0.002936801120575261,0.010000228881834161
1984-08-31,0.0004799962439649974,-0.05000019073486328
1984-09-04,-0.01085779641591067,0.09000015258789062
1984-09-05,-0.003584848144250863,0.03999996185302557
1984-09-06,0.008243973847758213,-0.10999965667724432
1984-09-07,-0.007757137387844004,-0.1100006103515625
1984-09-10,-0.0006694496420465157,-0.07999992370605469
1984-09-11,0.0011560492075455286,-0.07999992370605469
1984-09-12,0.0013975983485368104,0.010000228881835938
1984-09-13,0.019602634866545898,-0.1100006103515625
1984-09-14,0.004989297204520682,-0.019999504089357245
1984-09-17,0.0005330747321110607,-0.020000457763671875
1984-09-18,-0.007250722723480152,-0.04999923706054332
1984-09-19,-0.004243955458896664,-0.10000038146972834
1984-09-20,0.0031697569884281407,0.029999732971191406
1984-09-21,-0.010806391137447413,0.1700000762939453
1984-09-24,-0.0023568489123633185,0.07000064849853516
1984-09-25,0.0020549801378706434,0.039999961853027344
1984-09-26,0.003977128919654405,-0.10000038146972656
1984-09-27,0.004081195938187676,-0.14999961853027344
1984-09-28,-0.005164249616095518,0.15999984741210938
1984-10-01,-0.008950295481894521,0.06999969482421875
1984-10-02,-0.006276482663204241,0.0
1984-10-03,-0.007054557372494941,0.0
1984-10-04,0.002950553693546354,-0.01999950408935547
1984-10-05,-0.001474235524453249,-0.13000011444091797
1984-10-09,-0.006227826729141128,-0.030000686645507812
1984-10-10,0.002717911630891301,0.0
1984-10-11,0.004124467481269711,-0.049999237060546875
1984-10-12,0.008563753909414551,-0.030000686645507812
1984-10-15,0.009637968900988447,0.06000041961669922
1984-10-16,-0.00599006773083488,-0.0200004577636701
1984-10-17,-0.003891524996281426,-0.03999996185302912
1984-10-18,0.02383935824032246,-0.18999958038330078
1984-10-19,-0.0008331809344026553,-0.15999984741211115
1984-10-22,-0.0035787112655079056,-0.030000686645507812
1984-10-23,-0.0016146170344315536,-0.11999988555908025
1984-10-24,0.0006581149093962679,-0.039999961853027344
1984-10-25,-0.005337180396264962,0.0900001525878924
1984-10-26,-0.006152035691648905,0.1599998474121076
1984-10-29,-0.003090222831181322,-0.039999961853027344
1984-10-30,0.012424003899550229,-0.19999980926513672
1984-10-31,-0.00450545931695423,0.039999961853027344
1984-11-01,0.008393892725384156,-0.13000011444091797
1984-11-02,-0.00041806649232878357,0.0
1984-11-05,0.006904811135955313,-0.059999465942381036
1984-11-07,0.0034936902324727015,0.11999988555908025
1984-11-08,-0.002900730205876556,0.09000015258789062
1984-11-09,-0.006423160992429011,-0.10000038146972656
1984-11-13,-0.009773167977550123,0.06999969482421875
1984-11-14,0.00012052218388181046,0.030000686645507812
1984-11-15,-0.000602664246541984,-0.0800008773803711
1984-11-16,-0.010848879135004985,-0.039999961853027344
1984-11-19,-0.0061738620756282,-0.07999992370605469
1984-11-20,0.006661169094916097,-0.07999992370605469
1984-11-21,0.002007982931051089,-0.1399993896484375
1984-11-23,0.014543319513434128,-0.15000057220458984
1984-11-26,-0.008241362326387502,0.039999961853027344
1984-11-27,0.004459929298063159,0.0
1984-11-28,-0.007666507158611502,0.10000038146972656
1984-11-29,-0.006749185523297285,0.03999996185302557
1984-11-30,-0.002015340543001898,0.15999984741211293
1984-12-03,-0.004656837371099343,-0.019999504089357245
1984-12-04,0.0034334646705911354,-0.039999961853027344
1984-12-05,-0.007865339405544347,0.0
1984-12-06,0.004063222988992088,0.08999919891357422
1984-12-07,-0.003076736270569924,0.09000015258789062
1984-12-10,0.0035067699084896375,-0.039999961853027344
1984-12-11,0.001472878366431729,-0.09000015258788885
1984-12-12,-0.0027018894233394875,-0.029999732971193183
1984-12-13,-0.005054919640802069,0.15999984741210938
1984-12-14,0.005423772203959842,-0.1399993896484375
1984-12-17,0.005638986197940454,-0.07000064849853516
1984-12-18,0.02713297995012276,-0.19999980926513672
1984-12-19,-0.005667071188111272,0.05000019073486328
1984-12-20,-0.004677101284429774,0.029999732971191406
1984-12-21,-0.005242775439963765,-0.029999732971191406
1984-12-24,0.007524037308927589,-0.029999732971191406
1984-12-26,-0.0017404997332661765,0.1399993896484375
1984-12-27,-0.004334491272819818,0.0
1984-12-28,0.0030721659973691473,0.010000228881835938
1984-12-31,0.005877144271017265,0.09000015258789062
1985-01-02,-0.011244581198845083,0.14999961853027344
1985-01-03,-0.004849302023035129,-0.07999992370605469
1985-01-04,-0.005422798656344874,0.050000190734861505
1985-01-07,0.0034155487005023133,-0.17000007629394354
1985-01-08,-0.0015233223043367161,-0.05000019073486328
1985-01-09,0.007230260189438731,0.020000457763671875
1985-01-10,0.018771758590923504,0.009999275207519531
1985-01-11,-0.0023793592513294826,0.1100006103515625
1985-01-14,0.015365770432646642,0.010000228881837714
1985-01-15,0.0017578995428806365,-0.11000061035156428
1985-01-16,0.0022222516912115964,0.020000457763671875
1985-01-17,-0.0026907287895925336,-0.030000686645507812
1985-01-18,0.0034498592403773287,-0.08999919891357422
1985-01-22,0.02399185645187618,-0.11999988555908203
1985-01-23,0.010318178341826467,-0.06000041961669922
1985-01-24,-0.0033332214788917014,-0.14999961853027344
1985-01-25,0.003615206821050876,0.049999237060546875
1985-01-28,0.00028181983537489685,0.0
1985-01-29,0.009983810823021244,0.0
1985-01-30,0.001171357015514296,-0.02999973297118963
1985-01-31,0.0013370036547284414,0.09000015258788707
1985-02-01,-0.005582552167778587,0.11999988555908381
1985-02-04,0.009582786396585163,0.060000419616700995
1985-02-05,0.0014405726227995075,-0.05000019073486506
1985-02-06,-0.0009971634878871427,0.09999942779540838
1985-02-07,0.007674376649436709,0.010000228881837714
1985-02-08,0.002032885001413298,-0.039999961853027344
1985-02-11,-0.00926396450891076,0.050000190734861505
1985-02-13,0.015610780337197205,-0.02999973297118963
1985-02-14,-0.005140007031134708,-0.10000038146972656
1985-02-15,-0.0044504209982170195,0.09000015258789062
1985-02-19,-0.0014879140130110713,-0.010000228881835938
1985-02-20,-0.0008276139478029521,0.15000057220458984
1985-02-21,-0.005479108528255949,0.11999988555908203
1985-02-22,-0.004616900560998616,0.11999988555908203
1985-02-25,-0.000725089321152339,-0.010000228881835938
1985-02-26,0.010765933475449074,-0.029999732971191406
1985-02-27,-0.002542233318299836,0.1700000762939453
1985-02-28,0.0025973982532576656,0.01999950408935547
1985-03-01,0.011251199158563097,-0.05000019073486328
1985-03-04,-0.006405881307364858,0.07000064849853338
1985-03-05,0.0009333123852881542,-0.07000064849853338
1985-03-06,-0.008708178245296239,0.06000041961669744
1985-03-07,-0.006330537725137475,0.019999504089357245
1985-03-08,-0.002286542936618119,-0.22999954223632812
1985-03-11,-0.0017324479334446252,0.010000228881835938
1985-03-12,0.0048543009725792174,0.05999946594238281
1985-03-13,-0.008215785744150494,0.11999988555908025
1985-03-14,-0.0019661613766812636,0.020000457763671875
1985-03-15,-0.00739342237758045,0.010000228881835938
1985-03-18,0.0019807374682150325,0.0900001525878924
1985-03-19,0.014926422779297788,-0.030000686645507812
1985-03-20,-0.0025653433361645384,-0.07999992370605469
1985-03-21,0.0015065944120511432,-0.09000015258788885
1985-03-22,-0.0017300309452457086,0.06000041961669744
1985-03-25,-0.005994203443423274,-0.020000457763671875
1985-03-26,0.0025813227742688127,-0.08999919891357422
1985-03-27,0.006201660538513565,0.06999969482421875
1985-03-28,0.0,-0.09000015258789062
1985-03-29,0.006218845058707956,-0.10000038146972834
1985-04-01,0.003370824052002064,0.010000228881837714
1985-04-02,-0.004090693857632388,0.039999961853027344
1985-04-03,-0.007896816541934193,0.029999732971191406
1985-04-04,-0.0004467629001050355,0.020000457763671875
1985-04-08,-0.005601314184709771,0.020000457763671875
1985-04-09,0.001010599298871817,-0.1100006103515625
1985-04-10,0.0067667480668118785,-0.07999992370605291
1985-04-11,0.0042824473620619585,-0.15999984741211293
1985-04-12,0.0019404593945200332,0.010000228881835938
1985-04-15,0.0021026118065350374,-0.06000041961669744
1985-04-16,0.0015464422781041876,-0.11999988555908203
1985-04-17,0.0026454807165121608,0.039999961853027344
1985-04-18,-0.004634215307605771,-0.15999984741210938
1985-04-19,0.0014919426706496708,0.029999732971191406
1985-04-22,-0.0022664041368543053,-0.029999732971191406
1985-04-23,0.0065089750935003465,0.11999988555908203
1985-04-24,0.0020870531256651503,0.0
1985-04-25,0.006398874468212412,0.11999988555908203
1985-04-26,-0.006837914283564395,-0.019999504089353692
1985-04-29,-0.008544401936874557,0.11999988555908025
1985-04-30,-0.004438796817341384,-0.06000041961669922
1985-05-01,-0.008151953163665127,-0.1399993896484375
1985-05-02,0.003581622320163902,0.01999950408935547
1985-05-03,0.005959567250736875,-0.07999992370605469
1985-05-06,-0.0004998824558226644,-0.020000457763671875
1985-05-07,0.004268829843149469,-0.019999504089357245
1985-05-08,-0.0007748043647781699,0.0900001525878924
1985-05-09,0.007171670148029108,-0.06000041961669922
1985-05-10,0.012889313506478928,-0.15999984741210938
1985-05-13,0.0017891616451048975,0.0
1985-05-14,-0.00401653547868186,-0.1700000762939453
1985-05-15,0.0036372461588092264,0.020000457763671875
1985-05-16,0.006050857927829334,-0.07999992370605469
1985-05-17,0.009435014229282501,0.029999732971191406
1985-05-20,0.0121972295177315,-0.2799997329711914
1985-05-21,-0.0004217726281732226,0.03999996185302912
1985-05-22,-0.005711289135202691,0.019999504089353692
1985-05-23,-0.005104176573384578,0.020000457763671875
1985-05-24,0.0036712227444244405,-0.07000064849853338
1985-05-28,-0.0022862840359403336,-0.13999938964844105
1985-05-29,-0.0009586619352113246,0.029999732971193183
1985-05-30,0.00037294476411631194,-0.06999969482421875
1985-05-31,0.00954156741811385,-0.1100006103515625
1985-06-03,-0.0012141143373334273,-0.22999954223632812
1985-06-04,0.0037957972649893534,0.0
1985-06-05,0.0006313013199665818,-0.22000026702880682
1985-06-06,0.00472165975366412,0.06000041961669744
1985-06-07,-0.00724909892004888,0.2999992370605469
1985-06-10,-0.0008966385510218444,-0.029999732971191406
1985-06-11,-0.002483167229512695,-0.07999992370605291
1985-06-12,-0.007593254054242493,0.07999992370605291
1985-06-13,-0.01222731361963092,0.05000019073486328
1985-06-14,0.009505236212531187,-0.23000049591064453
1985-06-17,-0.003051188389520121,-0.009999275207519531
1985-06-18,0.004333050720854104,-0.07000064849853693
1985-06-19,-0.003797054874952188,0.14000034332275568
1985-06-20,0.0005356269924661206,0.10000038146972656
1985-06-21,0.015305633914529437,0.19999980926513672
1985-06-24,-0.002429015454183059,0.1099996566772461
1985-06-25,0.0031144241048242094,0.05000019073486328
1985-06-26,0.0016850560219809907,0.039999961853027344
1985-06-27,0.006137070795162458,-0.14999961853027344
1985-06-28,0.0032369787740780254,-0.1400003433227539
1985-07-01,0.0030185646637770347,-0.06000041961669922
1985-07-02,-0.002184987774651148,0.010000228881835938
1985-07-03,-0.0029207634130159477,0.029999732971191406
1985-07-05,0.005573404644136026,-0.29999923706054865
1985-07-08,-0.0030693825703052013,0.11999988555908381
1985-07-09,-0.004595494190382965,0.0
1985-07-10,0.00688538566917174,0.019999504089357245
1985-07-11,0.0029586968604258246,0.15000057220458807
1985-07-12,0.001812344687860623,0.009999275207519531
1985-07-15,-0.002953252443283816,-0.009999275207519531
1985-07-16,0.010324270867543284,-0.07000064849853693
1985-07-17,0.004764681952092786,-0.02999973297118963
1985-07-18,-0.0065122862650710545,0.18000030517578125
1985-07-19,0.0038509969350322137,0.039999961853027344
1985-07-22,-0.00400533942729453,0.11999988555908203
1985-07-23,-0.009304812592906053,0.010000228881835938
1985-07-24,-0.005050390597691745,0.039999961853027344
1985-07-25,0.002502324985744764,0.010000228881835938
1985-07-26,0.0017686960104104088,0.06999969482421875
1985-07-29,-0.014659884496092346,0.07999992370605291
1985-07-30,0.001738922648957697,-0.010000228881834161
1985-07-31,0.005198937885587895,-0.09000015258788885
1985-08-01,0.006213645270440438,-0.05999946594238459
1985-08-02,-0.0032847856059685654,0.14999961853027344
1985-08-05,-0.004501450317423661,-0.01999950408935547
1985-08-06,-0.014212377798665798,0.009999275207517755
1985-08-07,-0.0013311682152590265,-0.09999942779540838
1985-08-08,0.006744067764230088,-0.11999988555908381
1985-08-09,-0.00333973123998188,-0.06000041961669744
1985-08-12,-0.003670717881470331,0.010000228881835938
1985-08-13,-0.0017603387794418168,0.07999992370605469
1985-08-14,0.0005871239707531117,-0.07999992370605469
1985-08-15,-0.0008007535378977693,-0.020000457763671875
1985-08-16,-0.006213799731147773,-0.09999942779541016
1985-08-19,0.0015034301104943637,-0.030000686645507812
1985-08-20,0.009079787411657492,-0.029999732971191406
1985-08-21,0.005725823168202027,-0.07999992370605469
1985-08-22,-0.009561334028477475,-0.019999504089353692
1985-08-23,-0.0010146180990862064,0.03999996185302557
1985-08-26,0.000747700265797846,0.03999996185302557
1985-08-27,0.0042087834814728,-0.06000041961669744
1985-08-28,0.0038733803350963214,0.039999961853027344
1985-08-29,0.0005293882280588136,-0.039999961853027344
1985-08-30,-0.0015890870750920882,0.15999984741210938
1985-09-03,-0.00382430595360006,-0.039999961853027344
1985-09-04,-0.0028778987390092325,-0.07999992370605469
1985-09-05,-0.0005337969638254947,0.1100006103515625
1985-09-06,0.0051663250139499794,0.22999954223632812
1985-09-09,5.309307919176831e-05,-0.010000228881835938
1985-09-10,-0.007197184875070484,-0.010000228881835938
1985-09-11,-0.010055714308633057,0.030000686645507812
1985-09-12,-0.007268400047421686,0.010000228881835938
1985-09-13,-0.004255318839669897,-0.12000083923340021
1985-09-16,-0.00016402186316355483,-0.02999973297118963
1985-09-17,-0.008346217181355975,0.039999961853027344
1985-09-18,0.001928037044530484,0.0200004577636701
1985-09-19,0.009202982771363999,0.0
1985-09-20,-0.007333637995845521,-0.07000064849853338
1985-09-23,0.012283489849682638,0.030000686645507812
1985-09-24,-0.009157416783781791,-0.06000041961669744
1985-09-25,-0.010790632458214766,-0.05999946594238459
1985-09-26,0.003481090015299948,-0.05000019073486328
1985-09-30,0.004348238986562336,0.09000015258789062
1985-10-01,0.016288010470767667,-0.020000457763671875
1985-10-02,-0.005472393318529001,0.010000228881835938
1985-10-03,0.0016285930164343654,0.019999504089357245
1985-10-04,-0.006202747913396145,0.03999996185302557
1985-10-07,-0.007395503958453453,0.06000041961669744
1985-10-08,0.0,-0.06000041961669744
1985-10-09,0.0035676601762721916,0.010000228881835938
1985-10-10,0.0014234576981371205,-0.019999504089353692
1985-10-11,0.008173096278022207,-0.010000228881837714
1985-10-15,0.009720365166961287,-0.039999961853027344
1985-10-16,0.010158852853379585,-0.05000019073486328
1985-10-17,-0.0017037170873805962,-0.039999961853027344
1985-10-18,-0.003309372548097933,-0.03999996185302912
1985-10-21,-0.000427735687086539,0.010000228881835938
1985-10-22,0.005759944310150367,-0.06000041961669744
1985-10-23,0.005568402374644066,0.020000457763671875
1985-10-24,-0.0031250659380450685,0.009999275207517755
1985-10-25,-0.005212477715390129,0.060000419616700995
1985-10-28,0.0012789931137859867,0.06999969482421875
1985-10-29,0.007798661551359665,-0.1700000762939453
1985-10-30,0.004429280059246921,-0.1399993896484375
1985-10-31,-0.0013161706096482817,0.039999961853027344
1985-11-01,0.008968154653719473,-0.030000686645507812
1985-11-04,-0.0014629752344941238,0.0
1985-11-05,0.005839102829043874,-0.04999923706054865
1985-11-06,0.0020252877390154467,0.0
1985-11-07,-0.0007265524914439325,-0.0200004577636701
1985-11-08,0.005694513053146721,-0.06999969482421875
1985-11-12,0.022257174903840493,-0.10000038146972656
1985-11-13,-0.0049597536149796895,0.039999961853027344
1985-11-14,0.009895029427974045,0.06000041961669922
1985-11-15,-0.004783839486134589,0.07999992370605291
1985-11-18,0.003024074137880639,-0.19999980926513494
1985-11-19,-0.00020136164157946723,0.009999275207519531
1985-11-20,0.0016094522473926176,-0.009999275207519531
1985-11-21,0.012088049856349592,-0.14000034332275213
1985-11-22,0.000546003578379306,0.07999992370605291
1985-11-25,-0.005822785699111321,0.0200004577636701
1985-11-26,0.0015958911273017407,0.0
1985-11-27,0.009275606082066012,-0.03999996185302557
1985-11-29,-0.0018284461865558654,-0.05000019073486328
1985-12-02,-0.008494159480207486,0.09999942779541016
1985-12-03,0.0019933919148611423,-0.009999275207521308
1985-12-04,0.01663863780533159,-0.050000190734861505
1985-12-05,-0.0017151793879319754,-0.010000228881835938
1985-12-06,-0.004374865615353052,0.02999973297118963
1985-12-09,0.006187989934181459,-0.1599998474121076
1985-12-10,0.0006851967273640014,-0.13000011444091797
1985-12-11,0.009349949698699511,-0.15999984741210938
1985-12-12,0.0020336932041855604,0.07000064849853516
1985-12-13,0.01540821386635649,-0.06000041961669922
1985-12-16,0.009858842759450148,-0.05000019073486328
1985-12-17,-0.006482670545818969,-0.11999988555908203
1985-12-18,-0.0039956118180120015,0.06999969482421875
1985-12-19,0.0010004369886251752,-0.009999275207517755
1985-12-20,0.004370959801442531,-0.060000419616700995
1985-12-23,-0.01129899299750381,0.03999996185302912
1985-12-24,-0.006879861210733473,-0.010000228881835938
1985-12-26,0.0024590504693096094,-0.029999732971193183
1985-12-27,0.009394723460835586,-0.05000019073486328
1985-12-30,0.005091695706214594,0.020000457763671875
1985-12-31,0.002843902360694095,-0.010000228881835938
1986-01-02,-0.008031038298882187,0.039999961853027344
1986-01-03,0.006136050556262873,0.010000228881835938
1986-01-06,-0.0010913150182529918,0.019999504089357245
1986-01-07,0.014843053414486107,-0.13000011444091975
1986-01-08,-0.027647168465393612,0.1900005340576172
1986-01-09,-0.008983834582944716,0.1400003433227539
1986-01-10,-0.0007280020406383869,0.11999988555908203
1986-01-13,0.0036832187234825398,0.09999942779541016
1986-01-14,-0.00038708066545112274,-0.05999946594238459
1986-01-15,0.00780912689138713,-0.11999988555908025
1986-01-16,0.0043600369866449995,-0.010000228881835938
1986-01-17,-0.003544091398288707,-0.06000041961669922
1986-01-21,-0.012747019584023356,-0.01999950408935547
1986-01-22,-0.011239308108750734,0.05999946594238281
1986-01-23,0.003727843119253116,-0.05000019073486328
1986-01-24,0.010616602661986718,0.0
1986-01-27,0.004639739280170474,-0.09999942779541016
1986-01-28,0.011601271950067549,-0.07999992370605469
1986-01-29,0.0022851509015682225,0.039999961853027344
1986-01-30,-0.004575535680261034,0.010000228881837714
1986-01-31,0.01163603138464886,-0.020000457763671875
1986-02-03,0.010241118803832272,-0.05999946594238459
1986-02-04,-0.005483380711631014,-0.06000041961669922
1986-02-05,0.0007986538427307011,0.010000228881835938
1986-02-06,0.0023919271181656043,0.05999946594238281
1986-02-07,0.005093094863313219,0.07999992370605469
1986-02-10,0.007799519216577622,-0.1099996566772461
1986-02-11,-0.0014809671417781445,-0.06999969482421875
1986-02-12,0.0002315545720064094,-0.020000457763671875
1986-02-13,0.006599431810550449,-0.05999946594238281
1986-02-14,0.010797070178761636,-0.1700000762939453
1986-02-18,0.012166326742380384,-0.039999961853027344
1986-02-19,-0.012166326742380384,0.05999946594238281
1986-02-20,0.011131870858259951,-0.029999732971191406
1986-02-21,0.010742176147705784,-0.1900005340576172
1986-02-24,-0.0012473219036355232,-0.08999919891357422
1986-02-25,-0.0024546597668360093,0.009999275207519531
1986-02-26,0.001116495248044913,-0.039999961853027344
1986-02-27,0.012111729438337271,-0.21000003814697266
1986-02-28,0.0006612175765043915,-0.01999950408935547
1986-03-03,-0.006632203698128336,-0.1400003433227539
1986-03-04,-0.004624255812902156,-0.059999942779541016
1986-03-05,-0.00017832298502007404,0.19000005722045898
1986-03-06,0.0035152929285873213,-0.07999992370605469
1986-03-07,0.0019525297061315783,-0.07999992370605469
1986-03-10,0.004467526998744198,-0.19999980926513672
1986-03-11,0.022302190260050203,-0.06000041961669922
1986-03-12,0.003661942581915767,-0.019999980926513672
1986-03-13,0.0027913580112581826,0.07000017166137695
1986-03-14,0.014306032598428331,-0.03000020980834961
1986-03-17,-0.00797935084644319,0.05000019073486328
1986-03-18,0.004718897554860213,0.059999942779541016
1986-03-19,-0.0007636840029903169,-0.009999752044677734
1986-03-20,0.003981820755631915,-0.039999961853027344
1986-03-21,-0.0136206967379211,0.019999980926513672
1986-03-24,0.008492190498259333,-0.10000038146972656
1986-03-25,-0.002595472604315141,0.0
1986-03-26,0.010931856706704934,-0.059999942779541016
1986-03-27,0.007012849846416813,-0.15000009536743164
1986-03-31,-0.0002929973651193407,-0.09999990463256836
1986-04-01,-0.01586394993945106,-0.019999980926513672
1986-04-02,0.002421185495530054,-0.039999961853027344
1986-04-03,-0.013841074644449058,0.07999992370605469
1986-04-04,-0.016393804351075403,0.039999961853027344
1986-04-07,-0.00026238764093911016,-0.019999980926513672
1986-04-08,0.02116274713880184,-0.11999988555908203
1986-04-09,0.0009844233270275282,-0.039999961853027344
1986-04-10,0.011442318113062733,-0.039999961853027344
1986-04-11,-0.0019898028074480933,0.059999942779541016
1986-04-14,0.005536189770642963,-0.09999990463256836
1986-04-15,0.0018946846932221817,0.029999732971191406
1986-04-16,0.018710851194274625,-0.23999977111816406
1986-04-17,0.0033384783551086983,0.05000019073486328
1986-04-18,-0.002678124802040216,0.059999942779541016
1986-04-21,0.009689682316799342,-0.05000019073486328
1986-04-22,-0.009524693513285776,0.21000003814697266
1986-04-23,-0.002767617155729596,0.1100001335144043
1986-04-24,0.001116250689841003,0.15000009536743164
1986-04-25,0.001114943086045983,0.06999969482421875
1986-04-28,0.0032552866905888322,-0.09999990463256836
1986-04-29,-0.010628968916559067,-0.09999990463256836
1986-04-30,-0.02096579220226502,0.0
1986-05-01,-0.0015297045741595738,0.06999969482421875
1986-05-02,-0.0015746800929310467,0.06000041961669922
1986-05-05,0.012444088924311814,-0.06000041961669922
1986-05-06,-0.002063247813290481,0.010000228881835938
1986-05-07,-0.0049015717342246745,-0.03000020980834961
1986-05-08,0.004437796158546448,-0.029999732971191406
1986-05-09,0.003031713990178986,0.07999992370605469
1986-05-12,-0.0011358319709851017,0.19000005722045898
1986-05-13,-0.004936815256294302,-0.039999961853027344
1986-05-14,0.004768400769732395,0.029999732971191406
1986-05-15,-0.013178997463182185,0.13000011444091797
1986-05-16,-0.007149148430409369,0.19999980926513672
1986-05-19,0.001888585201549553,-0.009999752044677734
1986-05-20,0.01240135932400488,-0.09999990463256836
1986-05-21,-0.0027992369857230415,0.019999980926513672
1986-05-22,0.019640214320578053,-0.019999980926513672
1986-05-23,0.005109409346808036,-0.039999961853027344
1986-05-27,0.013989094015053993,-0.1100001335144043
1986-05-28,0.007651976219660739,0.0
1986-05-29,0.005458822892361326,0.25999975204467773
1986-05-30,-0.0025437181733005687,0.06000041961669922
1986-06-02,-0.00938292722388745,0.26999950408935547
1986-06-03,0.0019162221026007842,-0.13000011444091797
1986-06-04,-0.006415353804738011,0.20000076293945312
1986-06-05,0.006985430344951027,-0.07999992370605469
1986-06-06,8.143072862942802e-05,-0.3600006103515625
1986-06-09,-0.023516893732894673,0.18000030517578125
1986-06-10,-0.0015848728180474225,-0.06000041961669922
1986-06-11,0.006448829447368354,-0.05999946594238281
1986-06-12,0.0014918597214430562,-0.03000020980834961
1986-06-13,0.017405267694043935,-0.25
1986-06-16,0.0016265166631326267,-0.09999990463256836
1986-06-17,-0.00725822277720134,0.0
1986-06-18,0.002615767112438938,-0.059999942779541016
1986-06-19,-0.0038033291067902653,0.11999988555908203
1986-06-20,0.014319682799084354,-0.09000015258789062
1986-06-23,-0.009414919562903634,-0.04999971389770508
1986-06-24,0.007190931864403893,-0.08000040054321289
1986-06-25,0.007661921220036838,-0.04999971389770508
1986-06-26,-0.0007635067114568628,0.0
1986-06-27,0.0034514646389052217,-0.039999961853027344
1986-06-30,0.0049556101269763175,-0.03000020980834961
1986-07-01,0.004772507360316425,0.019999980926513672
1986-07-02,0.002615223881791806,0.0
1986-07-03,-0.0036076222192491514,-0.059999942779541016
1986-07-07,-0.031222245260496884,0.0
1986-07-08,-0.010131075520599886,0.13000011444091797
1986-07-09,0.005078398961790853,-0.13000011444091797
1986-07-10,0.000782113873518675,0.0
1986-07-11,-0.0032561630199570146,-0.009999752044677734
1986-07-14,-0.01711365479833926,-0.05000019073486328
1986-07-15,-0.018865671372396697,-0.09000015258789062
1986-07-16,0.005760960094299605,0.039999961853027344
1986-07-17,0.004500359184508973,-0.019999980926513672
1986-07-18,0.0012276668191466555,-0.019999980926513672
1986-07-21,-0.0005078083716307802,-0.019999980926513672
1986-07-22,0.008178398900938078,0.059999942779541016
1986-07-23,0.002055177414464815,0.09000015258789062
1986-07-24,-0.0030212822616295654,0.059999942779541016
1986-07-25,0.009494620466035997,-0.019999980926513672
1986-07-28,-0.017681021473821446,0.20000028610229492
1986-07-29,-0.006205355948542213,-0.12000036239624023
1986-07-30,0.008659871959896037,0.0
1986-07-31,-0.001988540052360932,-0.06999969482421875
1986-08-01,-0.005137652038031959,0.0
1986-08-04,0.004586976868514725,-0.010000228881835938
1986-08-05,0.004397255729154281,0.059999942779541016
1986-08-06,-0.0008019180515592694,0.07999992370605469
1986-08-07,0.0008440827403379814,-0.019999980926513672
1986-08-08,-0.0006751705351790704,-0.14999961853027344
1986-08-11,0.015914515514437788,-0.05000019073486328
1986-08-12,0.010991407389155938,-0.019999980926513672
1986-08-13,0.009529537186946158,-0.07999992370605469
1986-08-14,0.00235811555530141,0.009999752044677734
1986-08-15,0.0036481350051777994,-0.019999980926513672
1986-08-18,0.0009302206275929592,0.0
1986-08-19,-0.0035230973575002267,-0.11999988555908203
1986-08-20,0.013137973180616491,-0.019999980926513672
1986-08-21,-0.0004004729471542845,-0.039999961853027344
1986-08-22,0.0020806004057662975,0.1100001335144043
1986-08-25,-0.009558325312728044,-0.010000228881835938
1986-08-26,0.02009454946622835,-0.09000015258789062
1986-08-27,0.0018177059354291814,0.09000015258789062
1986-08-28,-0.0018177059354291814,-0.019999980926513672
1986-08-29,0.00035587852500285067,-0.09000015258789062
1986-09-02,-0.01758939925808889,0.08000040054321289
1986-09-03,0.006257531607930744,0.1699995994567871
1986-09-04,0.014883884823182036,-0.04999971389770508
1986-09-05,-0.013325601070555138,0.1700000762939453
1986-09-08,-0.00934605719265047,0.059999942779541016
1986-09-09,-0.0018958930388608408,-0.03000020980834961
1986-09-10,-0.002465995289325562,0.0
1986-09-11,-0.049280064974596804,0.2200002670288086
1986-09-12,-0.01936303747802004,0.059999942779541016
1986-09-15,0.005490618280366455,-0.09999990463256836
1986-09-16,-0.0009489765581491838,0.0
1986-09-17,-0.00017267391259512266,-0.07000017166137695
1986-09-18,0.0027155985397753213,0.15999984741210938
1986-09-19,-0.0004305125521018027,0.05000019073486328
1986-09-22,0.011645402683269523,-0.05000019073486328
1986-09-23,0.003144947375652407,-0.039999961853027344
1986-09-24,0.002585023642260431,-0.09999990463256836
1986-09-25,-0.019013184927627158,-0.010000228881835938
1986-09-26,0.0017238891421245128,0.0
1986-09-29,-0.010040297562898814,0.07000017166137695
1986-09-30,0.006114121028438113,-0.09000015258789062
1986-10-01,0.009808212129405192,-0.039999961853027344
1986-10-02,0.0013688916515821603,0.039999961853027344
1986-10-03,-0.0008981094754414443,-0.1399998664855957
1986-10-06,0.004567840992751648,-0.029999732971191406
1986-10-07,-0.001577165719464979,0.0
1986-10-08,0.009637252331270219,0.029999732971191406
1986-10-09,-0.003512951253759944,0.019999980926513672
1986-10-10,-0.00157006959263839,0.03000020980834961
1986-10-14,-0.00046724270783293775,0.12999963760375977
1986-10-15,0.014467670989400716,0.020000457763671875
1986-10-16,0.0030522705725593013,0.019999980926513672
1986-10-17,-0.0028848085246684363,0.039999961853027344
1986-10-20,-0.012089172871482035,0.08999967575073242
1986-10-21,-0.0003814616416990546,-0.08999967575073242
1986-10-22,0.001609648437157496,-0.08000040054321289
1986-10-23,0.012701538950254943,-0.059999942779541016
1986-10-24,-0.0042719179042443045,0.039999961853027344
1986-10-27,0.002138272063612945,-0.04999971389770508
1986-10-28,0.0020500404042911313,0.029999732971191406
1986-10-29,0.006997146187761594,-0.039999961853027344
1986-10-30,0.011431071424599537,-0.09999990463256836
1986-10-31,0.0011072158129241672,0.03000020980834961
1986-11-03,0.007431972338478587,-0.05000019073486328
1986-11-04,0.001625991807363114,0.019999980926513672
1986-11-05,0.0015422905112991714,-0.07000017166137695
1986-11-06,-0.0028835707594332405,0.08000040054321289
1986-11-07,-0.00040676448714283,0.07999992370605469
1986-11-10,0.0014637148523082288,-0.019999980926513672
1986-11-12,0.002069909631286393,-0.03000020980834961
1986-11-13,-0.014786019042066556,-0.019999980926513672
1986-11-14,0.006071546853764431,-0.039999961853027344
1986-11-17,-0.005290013641975122,-0.07000017166137695
1986-11-18,-0.026793860444893625,0.05000019073486328
1986-11-19,0.0037096614428486774,-0.07999992370605469
1986-11-20,0.018303232722760576,0.0
1986-11-21,0.015617941728044649,-0.019999980926513672
1986-11-24,0.006446258343356881,-0.059999942779541016
1986-11-25,0.0029054587558965395,0.039999961853027344
1986-11-26,0.0024148041700602363,0.0
1986-11-28,0.0018072534217905556,0.0
1986-12-01,-0.0006823536399291896,0.029999732971191406
1986-12-02,0.01968057524564948,-0.09999990463256836
1986-12-03,-0.0005907015813457761,-0.019999980926513672
1986-12-04,-0.0031960129726273934,-0.04999971389770508
1986-12-05,-0.0074175590441551975,0.1099996566772461
1986-12-08,-3.9792593717002944e-05,-0.019999980926513672
1986-12-09,-0.007513443041223589,-0.029999732971191406
1986-12-10,0.006716832849693155,-0.019999980926513672
1986-12-11,-0.011179602814195277,0.06999969482421875
1986-12-12,-0.0033096254716245,0.010000228881835938
1986-12-15,0.0034708267473204657,0.019999980926513672
1986-12-16,0.007345689115776821,-0.03000020980834961
1986-12-17,-0.009967911203154323,0.0
1986-12-18,-0.0031557204854202325,-0.009999752044677734
1986-12-19,0.011883070609817636,-0.010000228881835938
1986-12-22,-0.003931941094979408,0.0
1986-12-23,-0.00973569539144048,-0.019999980926513672
1986-12-24,0.001662997666329602,-0.009999752044677734
1986-12-26,0.0006887117965250766,0.009999752044677734
1986-12-29,-0.00915403376208701,0.09000015258789062
1986-12-30,-0.0053274573573585116,0.059999942779541016
1986-12-31,-0.004942947679290377,0.0
1987-01-02,0.017519169457138162,-0.05000019073486328
1987-01-05,0.023023660586418693,-0.09999990463256836
1987-01-06,0.00233675903493058,0.0
1987-01-07,0.01003729293843758,-0.029999732971191406
1987-01-08,0.007608147917648189,-0.010000228881835938
1987-01-09,0.005620108122767142,-0.029999732971191406
1987-01-12,0.006049675735788185,0.039999961853027344
1987-01-13,-0.001345413315634758,0.04999971389770508
1987-01-14,0.010294977178286757,0.010000228881835938
1987-01-15,0.01079280943866845,-0.03000020980834961
1987-01-16,0.00297124374238944,-0.04999971389770508
1987-01-20,0.010311717044580782,-0.019999980926513672
1987-01-21,-0.004470325564438937,0.0
1987-01-22,0.022409825019027885,0.019999980926513672
1987-01-23,-0.014007315251574504,0.029999732971191406
1987-01-26,-0.0018158673893751143,0.1100001335144043
1987-01-27,0.015238865124271861,-0.010000228881835938
1987-01-28,0.006009283001477073,-0.029999732971191406
1987-01-29,-0.004220964332549926,0.0
1987-01-30,-0.0005836142158548441,0.04999971389770508
1987-02-02,0.008610031356537817,0.05000019073486328
1987-02-03,-0.0016654191476010993,0.019999980926513672
1987-02-04,0.01313851623426121,-0.019999980926513672
1987-02-05,0.005420801305724865,-0.03000020980834961
1987-02-06,-0.003991434710489905,-0.009999752044677734
1987-02-09,-0.006735979757132249,0.059999942779541016
1987-02-10,-0.011170863508420226,0.07999992370605469
1987-02-11,0.008939460374273622,0.039999961853027344
1987-02-12,-0.0069420099996788664,-0.059999942779541016
1987-02-13,0.014694556119955848,-0.029999732971191406
1987-02-17,0.020489324155174238,0.04999971389770508
1987-02-18,-0.0002451412886168569,-0.029999732971191406
1987-02-19,0.0005253818612693806,-0.07000017166137695
1987-02-20,-0.0003151959924698744,0.009999752044677734
1987-02-23,-0.010918313713554895,-0.009999752044677734
1987-02-24,0.00176909783733592,-0.05000019073486328
1987-02-25,0.003951441450854354,0.03000020980834961
1987-02-26,-0.0036687234623205,0.0
1987-02-27,0.004372743916370325,-0.019999980926513672
1987-03-02,-0.004231360972018372,-0.019999980926513672
1987-03-03,0.003949769300631623,0.039999961853027344
1987-03-04,0.01571426014627253,-0.07000017166137695
1987-03-05,0.006561455831742613,0.019999980926513672
1987-03-06,0.0004818288754293576,0.07000017166137695
1987-03-09,-0.008152649494377329,0.0
1987-03-10,0.008840439084123908,0.0
1987-03-11,-0.0018926922357520581,0.0
1987-03-12,0.0031296903231368134,-0.010000228881835938
1987-03-13,-0.0045774082640992475,-0.029999732971191406
1987-03-16,-0.005742780566932559,0.029999732971191406
1987-03-17,0.014603290839648508,-0.019999980926513672
1987-03-18,0.0010593680908508318,0.010000228881835938
1987-03-19,0.004430323933267033,0.0
1987-03-20,0.013812045174663723,0.009999752044677734
1987-03-23,0.009977858460090694,0.03000020980834961
1987-03-24,0.0015926047551602096,0.019999980926513672
1987-03-25,-0.004185945864207952,-0.009999752044677734
1987-03-26,0.0018292991920043633,-0.020000457763671875
1987-03-27,-0.01607909163823784,0.09000015258789062
1987-03-30,-0.023680031092392362,0.21000003814697266
1987-03-31,0.008607386227310165,-0.029999732971191406
1987-04-01,0.0023284240621261887,0.07999992370605469
1987-04-02,0.004266145202305616,0.0
1987-04-03,0.022827732488353014,0.0
1987-04-06,0.0051132607068806735,-0.05000019073486328
1987-04-07,-0.017573650301836885,0.07999992370605469
1987-04-08,0.0019193786934819101,-0.009999752044677734
1987-04-09,-0.014912580464338632,0.1700000762939453
1987-04-10,-0.0012641844431380278,0.19999980926513672
1987-04-13,-0.023768205736103276,0.08999967575073242
1987-04-14,-0.022877131662033534,0.21000003814697266
1987-04-15,0.018737236331252127,-0.17999935150146484
1987-04-16,0.008646246895627208,-0.07000064849853516
1987-04-20,-0.002862156663198334,0.1700000762939453
1987-04-21,0.024105079493375037,-0.010000228881835938
1987-04-22,-0.020267487196938383,0.05000019073486328
1987-04-23,-0.0012891592903780946,0.15000057220458984
1987-04-24,-0.01865141284871452,0.07999992370605469
1987-04-27,0.0011005506463748205,-0.10000038146972656
1987-04-28,0.0024099781227739925,-0.09000015258789062
1987-04-29,0.007265311976712319,0.07000064849853516
1987-04-30,0.013230354003090916,-0.1400003433227539
1987-05-01,-0.001145011597714074,0.18000030517578125
1987-05-04,0.004606899880736037,0.13000011444091797
1987-05-05,0.020455685625721642,-0.07000064849853516
1987-05-06,0.00044009033512626416,0.09000015258789062
1987-05-07,-0.0025755199944805796,-0.039999961853027344
1987-05-08,-0.004557198638211801,-0.06999969482421875
1987-05-11,-0.006154455045001228,0.1399993896484375
1987-05-12,0.005915795060374762,-0.01999950408935547
1987-05-13,0.0023158408210504078,0.0
1987-05-14,0.0008839524818462507,0.01999950408935547
1987-05-15,-0.023416400817549032,0.23000049591064453
1987-05-18,-0.002717388787323749,-0.07000064849853516
1987-05-19,-0.024830416964456425,0.16000080108642578
1987-05-20,-0.005055327604919668,0.029999732971191406
1987-05-21,0.007020416224387205,-0.05000019073486328
1987-05-22,0.007077689189805447,-0.09000015258789062
1987-05-26,0.024332888957318666,-0.22999954223632812
1987-05-27,-0.0013151544455576314,0.05000019073486328
1987-05-28,0.0070061847845854786,-0.039999961853027344
1987-05-29,-0.0022725060362738247,-0.07000064849853516
1987-06-01,-0.0009312142988733285,-0.039999961853027344
1987-06-02,-0.004738099335026114,0.2700004577636719
1987-06-03,0.01721902501985184,-0.07999992370605469
1987-06-04,0.005504958593888887,-0.06000041961669922
1987-06-05,-0.005573073543873264,-0.07999992370605469
1987-06-08,0.01108162869264806,0.029999732971191406
1987-06-09,0.00188551422390848,0.030000686645507812
1987-06-10,0.0006389321492052957,0.0
1987-06-11,0.004226808506411217,-0.039999961853027344
1987-06-12,0.009627738569065514,-0.20000076293945312
1987-06-15,0.005026862581945402,-0.039999961853027344
1987-06-16,0.005329820322605094,0.0
1987-06-17,0.00016401001519117386,-0.05000019073486328
1987-06-18,0.002882900875667893,0.04000091552734375
1987-06-19,0.004178502379887483,0.029999732971191406
1987-06-22,0.008692580753842272,-0.07000064849853516
1987-06-23,-0.003947718197096606,0.0
1987-06-24,-0.00510331969544886,0.0800008773803711
1987-06-25,0.0068202212426458075,-0.06000041961669922
1987-06-26,-0.005842994638331156,0.11999988555908203
1987-06-29,0.0024062387225853854,-0.029999732971191406
1987-06-30,-0.012747333701187635,0.039999961853027344
1987-07-01,-0.0034929272482999707,-0.020000457763671875
1987-07-02,0.008840461831813862,-0.05999946594238281
1987-07-06,-0.002325744832754495,-0.010000228881835938
1987-07-07,0.008100320092225388,-0.010000228881835938
1987-07-08,0.0028911148949761767,0.039999961853027344
1987-07-09,-0.002500836087828695,0.05000019073486328
1987-07-10,0.0027602548023200058,-0.05000019073486328
1987-07-13,-0.002402566851722021,0.06000041961669922
1987-07-14,0.00986564196969475,-0.05000019073486328
1987-07-15,-0.0008371574969432416,0.10000038146972656
1987-07-16,0.007318041021607158,-0.020000457763671875
1987-07-17,0.006025888581350003,-0.05000019073486328
1987-07-20,-0.010223999194198363,0.05000019073486328
1987-07-21,-0.009162327683958083,0.07999992370605469
1987-07-22,-0.00025926736293158115,0.05000019073486328
1987-07-23,-0.0021418962670942676,0.020000457763671875
1987-07-24,0.004731944678503908,0.01999950408935547
1987-07-27,0.0044522106091564595,0.020000457763671875
1987-07-28,0.005393421300493806,0.01999950408935547
1987-07-29,0.010573707314661895,-0.010000228881835938
1987-07-30,0.0075745792666621625,0.0
1987-07-31,0.00191615041062132,0.05000019073486328
1987-08-03,-0.003426425618043183,0.15000057220458984
1987-08-04,-0.004228457859753121,0.0
1987-08-05,0.006995683473238756,-0.10000038146972656
1987-08-06,0.01136548307642915,0.01999950408935547
1987-08-07,0.0028213249962067977,-0.029999732971191406
1987-08-10,0.015361285161487714,0.039999961853027344
1987-08-11,0.01611934159627637,-0.010000228881835938
1987-08-12,-0.0028239276174977235,-0.009999275207519531
1987-08-13,0.006776168945223482,-0.09000015258789062
1987-08-14,-0.0019741681386946652,-0.05000019073486328
1987-08-17,0.00035921306050834545,-0.01999950408935547
1987-08-18,-0.014652895606569238,0.1699991226196289
1987-08-19,0.0017599888747765746,0.04000091552734375
1987-08-20,0.01507546535679527,-0.030000686645507812
1987-08-21,0.0031606835926512034,0.030000686645507812
1987-08-24,-0.007680528467193248,0.009999275207519531
1987-08-25,0.01026722216360998,-0.05000019073486328
1987-08-26,-0.006554025014183118,0.06000041961669922
1987-08-27,-0.009580379253913307,0.13000011444091797
1987-08-28,-0.013183254172585812,0.10000038146972656
1987-08-31,0.008403859408713465,-0.020000457763671875
1987-09-01,-0.019596444842016503,0.05000019073486328
1987-09-02,-0.00533268844967516,0.22999954223632812
1987-09-03,-0.004580235949836364,0.010000228881835938
1987-09-04,-0.011022011781477659,0.010000228881835938
1987-09-08,-0.009964270554624122,0.19999980926513672
1987-09-09,0.0011474976169489892,-0.020000457763671875
1987-09-10,0.01017358069417984,-0.05999946594238459
1987-09-11,0.015177666089737585,-0.09000015258788707
1987-09-14,0.003410463077157644,0.010000228881834161
1987-09-15,-0.016666521455220185,0.09999942779541016
1987-09-16,-0.009105358494407412,0.0800008773803711
1987-09-17,0.000222319588909059,-0.04000091552734375
1987-09-18,-0.000222319588909059,-0.09999942779541016
1987-09-21,-0.013815303993472305,0.06999969482421875
1987-09-22,0.02844452874823311,-0.07999992370605469
1987-09-23,0.005275582121184286,0.02999973297118963
1987-09-24,-0.0045872393629169395,0.11000061035156428
1987-09-25,0.0013752656979395539,0.01999950408935547
1987-09-28,0.009450482142423056,-0.009999275207519531
1987-09-29,-0.004683007926741922,0.11999988555908203
1987-09-30,0.0004350576064684475,-0.010000228881835938
1987-10-01,0.016945381217160715,0.029999732971191406
1987-10-02,0.0022582272606905818,-0.059999465942381036
1987-10-05,3.0417581774244695e-05,0.08999919891357244
1987-10-06,-0.027376916077140656,0.030000686645507812
1987-10-07,-0.002132441429524512,-0.010000228881835938
1987-10-08,-0.013845660722322961,0.14999961853027344
1987-10-09,-0.009884431143043493,0.07999992370605469
1987-10-13,0.011029641409315616,-0.03999996185302912
1987-10-14,-0.029982005420490232,0.2300004959106463
1987-10-15,-0.023703764966505503,0.050000190734861505
1987-10-16,-0.052975553926155605,0.04999923706054865
1987-10-19,-0.22899728603345348,-0.07999992370605646
1987-10-20,0.05195357005990697,-0.75
1987-10-21,0.0870887965237932,-0.09999942779540838
1987-10-22,-0.03999508550466846,-0.3299999237060547
1987-10-23,-0.00012084830607950181,0.009999275207519531
1987-10-26,-0.08641825057785368,-0.17999935150146484
1987-10-27,0.023956378338490403,0.11999988555908203
1987-10-28,0.00038586120767281074,0.09000015258789062
1987-10-29,0.04807956797630908,-0.11999988555908203
1987-10-30,0.028276368534474017,-0.010000228881835938
1987-11-02,0.015605024733440942,0.09999942779541016
1987-11-03,-0.01946482523473758,-0.06999969482421875
1987-11-04,-0.0074433116393182175,-0.05999946594238281
1987-11-05,0.021929962694223093,-0.13000011444091797
1987-11-06,-0.016122641496695067,0.039999961853027344
1987-11-09,-0.02933880946517675,0.01999950408935547
1987-11-10,-0.017297227758520606,0.010000228881835938
1987-11-12,0.039059790455600485,0.010000228881835938
1987-11-13,-0.011656295410652717,0.039999961853027344
1987-11-16,0.004549135103817825,-0.020000457763671875
1987-11-17,-0.015190170857350083,0.039999961853027344
1987-11-18,0.010274593690581035,-0.009999275207519531
1987-11-19,-0.022653357223549442,-0.020000457763671875
1987-11-20,0.008090478466728612,-0.039999961853027344
1987-11-23,0.004082586680253186,0.010000228881835938
1987-11-24,0.01389533110609431,0.09000015258789062
1987-11-25,-0.009337641539959307,0.08999919891357422
1987-11-27,-0.015523430157124096,0.13000011444091797
1987-11-30,-0.04267175216808372,-0.11999988555908203
1987-12-01,0.0073545515884427815,0.020000457763671875
1987-12-02,0.00623053667820983,0.0
1987-12-03,-0.035934578279913865,-0.07000064849853516
1987-12-04,-0.005744493034679721,0.0
1987-12-07,0.02138455800440653,0.13000011444091975
1987-12-08,0.026529082620755595,0.0200004577636701
1987-12-09,0.016800714727426502,-0.039999961853027344
1987-12-10,-0.02252134297542696,0.17999935150146484
1987-12-11,0.007464471713673149,0.05000019073486328
1987-12-14,0.02877623103481408,-0.05000019073486328
1987-12-15,0.002556682288290091,-0.1399993896484375
1987-12-16,0.02147204772923228,-0.09000015258789062
1987-12-17,-0.020772164330092657,0.029999732971191406
1987-12-18,0.025116157240762327,-0.1399993896484375
1987-12-21,0.0015239209941340093,-0.010000228881835938
1987-12-22,0.0016416895722048963,0.06999969482421875
1987-12-23,0.0127608287225911,-0.11999988555908203
1987-12-24,-0.004473591171315405,-0.010000228881835938
1987-12-28,-0.025966054401046712,0.1100006103515625
1987-12-29,-0.003998744429846823,-0.07999992370605469
1987-12-30,0.0132807487287252,-0.07000064849853516
1987-12-31,-0.0031518948607383024,0.05000019073486328
1988-01-04,0.03523087330995356,0.0
1988-01-05,0.010455436221043612,-0.06999969482421875
1988-01-06,0.001004829872041313,0.05999946594238281
1988-01-07,0.008385281010527379,0.010000228881835938
1988-01-08,-0.0700824431746847,0.1400003433227539
1988-01-11,0.016664043870218137,-0.030000686645507812
1988-01-12,-0.008399178260074969,-0.009999275207519531
1988-01-13,0.001587848767304223,-0.06000041961669922
1988-01-14,0.0002847620425230346,-0.010000228881835938
1988-01-15,0.024783860739060692,-0.25999927520751953
1988-01-19,-0.010890251318958377,0.049999237060546875
1988-01-20,-0.0271995719820195,-0.039999961853027344
1988-01-21,0.002099737281949565,-0.07999992370605469
1988-01-22,0.013724586865385469,-0.039999961853027344
1988-01-25,0.02274146249965181,-0.039999961853027344
1988-01-26,-0.01036398967113783,0.09000015258789062
1988-01-27,-0.0007616091630104904,-0.15999984741210938
1988-01-28,0.015557193694628602,-0.05000019073486328
1988-01-29,0.014813398997405969,-0.06999969482421875
1988-02-01,-0.007928080563194051,0.0
1988-02-02,0.002076004104136331,-0.07999992370605469
1988-02-03,-0.013234272945763514,0.029999732971191406
1988-02-04,0.0,0.029999732971191406
1988-02-05,-0.004968509800300502,-0.11999988555908203
1988-02-08,-0.007439143864755415,0.06999969482421875
1988-02-09,0.010462916737775885,-0.029999732971191406
1988-02-10,0.019434902576462854,-0.05000019073486328
1988-02-11,-0.0027701651043097186,0.05000019073486328
1988-02-12,0.006542365049107879,0.11999988555908203
1988-02-16,0.008503053302697516,0.030000686645507812
1988-02-17,-0.0023890083165536424,0.009999275207519531
1988-02-18,-0.005027809961948293,-0.039999961853027344
1988-02-19,0.014244088105075825,-0.01999950408935547
1988-02-22,0.0152872746577426,-0.020000457763671875
1988-02-23,-0.0023368104346799257,-0.06999969482421875
1988-02-24,-0.002228715091181499,0.010000228881835938
1988-02-25,-0.010836425562774643,0.049999237060546875
1988-02-26,0.0033585441832757468,-0.049999237060546875
1988-02-29,0.020216483503865845,-0.020000457763671875
1988-03-01,-0.0022428466860562324,-0.010000228881835938
1988-03-02,0.0028400981283764892,-0.01999950408935547
1988-03-03,-0.00037325458782166976,-0.010000228881835938
1988-03-04,-0.002167559792494167,0.15999984741210938
1988-03-07,0.00029930833970670534,0.020000457763671875
1988-03-08,0.00763770335017,0.029999732971191406
1988-03-09,-0.0013741951832821897,-0.010000228881835938
1988-03-10,-0.01959154905231042,0.030000686645507812
1988-03-11,0.0041605495398053804,-0.06000041961669922
1988-03-14,0.005382906910349483,0.0
1988-03-15,-0.0009013718333292786,0.010000228881835938
1988-03-16,0.00942446490754456,0.05999946594238281
1988-03-17,0.009520909704964886,-0.05999946594238281
1988-03-18,-0.00036879487157293056,0.1099996566772461
1988-03-21,-0.00881717618031086,0.06000041961669922
1988-03-22,0.00037206037117165636,-0.010000228881835938
1988-03-23,0.00026037126774269836,0.010000228881835938
1988-03-24,-0.020892795641777262,0.039999961853027344
1988-03-25,-0.01854955340946951,-0.039999961853027344
1988-03-28,-0.0017423091332844365,0.1099996566772461
1988-03-29,0.00775874714806335,-0.01999950408935547
1988-03-30,-0.007719959379355323,0.009999275207519531
1988-03-31,0.0031724233097207843,0.0
1988-04-04,-0.01087438674565444,0.1100006103515625
1988-04-05,0.009405484800510067,-0.010000228881835938
1988-04-06,0.02664272270946011,-0.06000041961669922
1988-04-07,0.0025205070634441995,-0.009999275207519531
1988-04-08,0.012210943697569476,-0.07999992370605469
1988-04-11,0.0027058004658044865,0.06999969482421875
1988-04-12,0.004468795713796325,-0.020000457763671875
1988-04-13,0.0007735204811876173,-0.009999275207519531
1988-04-14,-0.044537075848294805,0.1099996566772461
1988-04-15,7.695185596112708e-05,0.06999969482421875
1988-04-18,-0.002158070819711533,0.07000064849853516
1988-04-19,-0.004988999635698654,0.0
1988-04-20,-0.006964364229653519,0.01999950408935547
1988-04-21,0.0011316303404935724,-0.010000228881835938
1988-04-22,0.014403226454689388,-0.039999961853027344
1988-04-25,0.009069209799714706,0.0
1988-04-26,0.0053946749765438895,0.020000457763671875
1988-04-27,-0.0004926947122729786,0.0
1988-04-28,-0.00452120791480759,0.05999946594238281
1988-04-29,-0.004886060977978168,0.010000228881835938
1988-05-02,0.0008797682424388498,0.06999969482421875
1988-05-03,0.005490338818709084,-0.049999237060546875
1988-05-04,-0.010242360571593778,0.009999275207519531
1988-05-05,-0.005894716583568993,0.020000457763671875
1988-05-06,-0.005074865169521381,0.09000015258789062
1988-05-09,-0.00365745867303513,0.01999950408935547
1988-05-10,0.004200980834350609,0.03999996185302912
1988-05-11,-0.016871586545255113,-0.019999504089357245
1988-05-12,0.002129539968049876,-0.010000228881835938
1988-05-13,0.011476116971859796,-0.039999961853027344
1988-05-16,0.00748802781942004,0.010000228881835938
1988-05-17,-0.01291592405427533,0.1099996566772461
1988-05-18,-0.015945371752676962,0.06999969482421875
1988-05-19,0.00484205259493109,-0.009999275207521308
1988-05-20,0.00178008685593678,0.03999996185302912
1988-05-23,-0.008693127742327,0.009999275207519531
1988-05-24,0.010627822186460634,-0.009999275207519531
1988-05-25,0.0009856684828788431,-0.020000457763671875
1988-05-26,0.0034226134515495943,0.010000228881835938
1988-05-27,-0.004763346105561617,0.029999732971191406
1988-05-31,0.03390683421415819,-0.039999961853027344
1988-06-01,0.017131925966843653,-0.1700000762939453
1988-06-02,-0.0051126606507745365,0.03999996185302912
1988-06-03,0.004212370880766869,-0.09999942779541193
1988-06-06,0.0022492065187389443,0.0
1988-06-07,-0.0070646806959437924,0.05000019073486328
1988-06-08,0.02366458064442334,-0.10000038146972656
1988-06-09,-0.004873290319739709,0.039999961853027344
1988-06-10,0.0039153358316852405,-0.039999961853027344
1988-06-13,0.0006264457238955856,-0.010000228881835938
1988-06-14,0.010518101181632211,-0.2200002670288086
1988-06-15,0.0005467860329853025,0.020000457763671875
1988-06-16,-0.017199436084300856,0.18000030517578125
1988-06-17,0.0033675809156790137,0.13000011444091797
1988-06-20,-0.006448968831827884,0.0
1988-06-21,0.010099828389155796,0.009999275207519531
1988-06-22,0.014580091688406682,-0.13000011444091797
1988-06-23,-0.0030518709965754454,-0.01999950408935547
1988-06-24,-0.0037915048459300493,-0.029999732971191406
1988-06-27,-0.017390465725104498,0.08999919891357422
1988-06-28,0.012006720257544679,-0.06999969482421875
1988-06-29,-0.004896056279872774,0.010000228881835938
1988-06-30,0.009256563900803094,-0.06000041961669922
1988-07-01,-0.006308710861196332,-0.049999237060546875
1988-07-05,0.014719303007368012,0.049999237060546875
1988-07-06,-0.013836661391543714,0.09000015258789062
1988-07-07,-0.0008826416158242978,0.039999961853027344
1988-07-08,-0.006496921358830399,0.09000015258789062
1988-07-11,0.0019608893274174477,-0.01999950408935547
1988-07-12,-0.010029733855390965,0.05999946594238459
1988-07-13,0.005473145758272402,0.03999996185302557
1988-07-14,0.0034842038718174706,0.0
1988-07-15,0.006601333317265201,-0.03999996185302557
1988-07-18,-0.005676725780674907,0.0699996948242152
1988-07-19,-0.007569921870950402,-0.04999923706054332
1988-07-20,0.0056827785886097715,0.009999275207517755
1988-07-21,-0.012447506577808909,0.05000019073486328
1988-07-22,-0.011921084439149077,-0.05000019073486328
1988-07-25,0.004468153490464921,-0.03999996185302557
1988-07-26,0.0019250379444883947,0.0200004577636701
1988-07-27,-0.010195477384692175,0.05000019073486328
1988-07-28,0.013320370594590791,0.01999950408935547
1988-07-29,0.022304099990394732,-0.039999961853027344
1988-08-01,0.0006982432278439532,-0.050000190734861505
1988-08-02,-0.0005511746130029138,-0.06999969482422053
1988-08-03,0.003375951442452063,0.039999961853027344
1988-08-04,-0.0038539193742934685,-0.05000019073486328
1988-08-05,-0.0028725025223321765,0.13000011444091797
1988-08-08,-0.004324227903532929,0.0
1988-08-09,-0.013011240069451091,0.07999992370605469
1988-08-10,-0.017373954595437446,0.10000038146972656
1988-08-11,0.003240281548150925,0.05000019073486506
1988-08-12,-0.0007615161673140136,0.009999275207517755
1988-08-15,-0.014811050519829116,0.010000228881835938
1988-08-16,0.007202708528217805,-0.019999504089353692
1988-08-17,0.0008055990326418794,0.02999973297118963
1988-08-18,0.0009965879387792143,-0.02999973297118963
1988-08-19,-0.0030310939299180717,0.0
1988-08-22,-0.012605941032619583,0.019999504089353692
1988-08-23,0.0004279002924647557,-0.050000190734861505
1988-08-24,0.01559218241037108,0.0200004577636701
1988-08-25,-0.007495613561784076,0.06999969482421875
1988-08-26,0.0019273028134243475,-0.029999732971191406
1988-08-29,0.010153126440341609,-0.07999992370605469
1988-08-30,0.0006860117432951895,-0.029999732971191406
1988-08-31,-0.003778493338691291,-0.020000457763671875
1988-09-01,-0.012195442048259508,0.0
1988-09-02,0.023450397253885313,-0.25
1988-09-06,0.004188076890419445,-0.010000228881835938
1988-09-07,0.001053696645862523,0.0
1988-09-08,3.764838975595097e-05,0.0
1988-09-09,0.003604116579221106,-0.05999946594238281
1988-09-12,-0.001387542623401572,0.039999961853027344
1988-09-13,0.0035961509669499847,-0.030000686645507812
1988-09-14,0.007005300910420509,-0.05999946594238281
1988-09-15,-0.004391167633620796,0.029999732971191406
1988-09-16,0.009354494953989878,0.020000457763671875
1988-09-19,-0.006784412802851136,0.039999961853027344
1988-09-20,0.0033794615068130085,0.0
1988-09-21,0.0015928902370223597,-0.039999961853027344
1988-09-22,-0.0036341160364505853,0.01999950408935547
1988-09-23,0.002152437418453168,0.020000457763671875
1988-09-26,-0.003267509437979932,0.029999732971191406
1988-09-27,-0.002308505699144092,0.039999961853027344
1988-09-28,0.0030519873774901285,0.020000457763671875
1988-09-29,0.012960138114286757,-0.0800008773803711
1988-09-30,-0.002497678711796958,-0.1099996566772461
1988-10-03,-0.0019510719471700355,-0.029999732971191406
1988-10-04,-0.0028044659178965148,0.029999732971191406
1988-10-05,0.004571569232378003,0.0
1988-10-06,0.0019477426345959614,0.0
1988-10-07,0.020637990235915282,-0.1700000762939453
1988-10-11,-0.0005036498251698163,0.05000019073486328
1988-10-12,-0.014314105947900835,0.09000015258789062
1988-10-13,0.004515631150249888,0.0
1988-10-14,0.0010168463204616174,-0.029999732971191406
1988-10-17,0.0032976553449879376,-0.020000457763671875
1988-10-18,0.010687595838763109,-0.010000228881835938
1988-10-19,-0.00866367829635184,0.039999961853027344
1988-10-20,0.02111359522998324,-0.029999732971191406
1988-10-21,0.0027535540663166103,0.039999961853027344
1988-10-24,-0.0048768689684797195,0.0
1988-10-25,0.0003542170648271892,0.0
1988-10-26,-0.0035476125708591155,-0.039999961853027344
1988-10-27,-0.014678264737280955,-0.06999969482421875
1988-10-28,0.0044979475466115915,-0.030000686645507812
1988-10-31,0.0015784844224784322,-0.039999961853027344
1988-11-01,0.0003225501814156928,0.030000686645507812
1988-11-02,0.0,0.049999237060546875
1988-11-03,0.0005016108942932362,-0.039999961853027344
1988-11-04,-0.010404999626652867,0.16000080108642578
1988-11-07,-0.008650842424220428,0.05999946594238281
1988-11-08,0.004443808764463597,0.0
1988-11-09,-0.006636574055845834,0.0
1988-11-10,0.001316280678407722,-0.010000228881835938
1988-11-14,-0.022054425153759105,0.010000228881835938
1988-11-15,0.0023131567229839334,0.010000228881835938
1988-11-16,-0.016987739332097185,0.07999992370605469
1988-11-17,0.0029521945648527392,0.06000041961669922
1988-11-18,0.007042396746116175,-0.010000228881835938
1988-11-21,-0.0009386322897331212,-0.010000228881835938
1988-11-22,0.003711794929395218,0.05000019073486328
1988-11-23,0.006676545468253359,-0.010000228881834161
1988-11-25,-0.006601627680782762,0.09000015258788707
1988-11-28,0.005262495936305456,-0.010000228881834161
1988-11-29,0.008414428060593337,-0.029999732971191406
1988-11-30,0.010245984728718405,-0.06999969482421875
1988-12-01,-0.0044307803029131065,-0.05000019073486328
1988-12-02,-0.0024985965269035404,0.17000007629394354
1988-12-05,0.011413209352672204,-0.050000190734861505
1988-12-06,0.009628698567007099,-0.18000030517578125
1988-12-07,0.0019434561063285116,0.05000019073486328
1988-12-08,-0.00555239579591138,0.020000457763671875
1988-12-09,0.0015895471187157284,0.04999923706054865
1988-12-12,-0.0018426878192876472,0.010000228881835938
1988-12-13,-0.0007596963633593745,0.0699996948242152
1988-12-14,-0.003625688351834633,0.03999996185302912
1988-12-15,-0.003748248665596421,0.0
1988-12-16,0.007301591691843079,-0.019999504089357245
1988-12-19,0.009438092608517579,-0.020000457763671875
1988-12-20,-0.00517633863226763,-0.0699996948242152
1988-12-21,-0.0003243988021619515,-0.010000228881835938
1988-12-22,-0.001840360521685902,0.0
1988-12-23,0.0036052965381401236,-0.019999504089357245
1988-12-27,-0.0037498099797677042,0.07999992370605469
1988-12-28,0.0009026738246156185,0.07999992370605469
1988-12-29,0.00833820028495591,-0.029999732971193183
1988-12-30,-0.006031008697261697,-0.03999996185302557
1989-01-03,-0.008715689649331004,0.08999919891357422
1989-01-04,0.01485406115834742,-0.009999275207519531
1989-01-05,0.0020735639036750797,0.05000019073486328
1989-01-06,0.002354298136757471,-0.020000457763671875
1989-01-09,0.0011038816935728946,-0.020000457763671875
1989-01-10,-0.0021376881681689497,0.010000228881835938
1989-01-11,0.005796722575571067,0.0
1989-01-12,0.004104905493358402,-0.09999942779541016
1989-01-13,0.0024688982592548925,-0.07999992370605469
1989-01-17,-0.0011279382742381827,0.0
1989-01-18,0.010454807045140235,-0.07000064849853516
1989-01-19,0.0013253520396894203,0.010000228881835938
1989-01-20,-0.0009763880369968447,0.029999732971191406
1989-01-23,-0.007458948890764816,-0.029999732971191406
1989-01-24,0.013927135885138497,-0.06999969482421875
1989-01-25,0.0022506610908639146,0.05999946594238281
1989-01-26,0.008780552317153578,0.0
1989-01-27,0.007275757010309469,-0.039999961853027344
1989-01-30,0.003974064485387174,0.05000019073486328
1989-01-31,0.008371959313200783,0.010000228881835938
1989-02-01,-0.0012782727937175054,-0.020000457763671875
1989-02-02,-0.0008418501097695597,-0.010000228881835938
1989-02-03,0.0004378669454006001,0.030000686645507812
1989-02-06,-0.0031365185170084686,0.0
1989-02-07,0.01205378724418349,-0.05000019073486328
1989-02-08,-0.0032760976962311616,-0.010000228881835938
1989-02-09,-0.008710170502272518,0.18000030517578125
1989-02-10,-0.01373987278744071,0.05999946594238281
1989-02-13,0.0017791832167723953,0.010000228881835938
1989-02-14,-0.0024985414853206933,0.029999732971191406
1989-02-15,0.00829283048365781,-0.009999275207519531
1989-02-16,0.0019353450944654682,-0.010000228881835938
1989-02-17,0.006592691467650624,-0.010000228881835938
1989-02-21,-0.0026318426366263026,0.020000457763671875
1989-02-22,-0.017277968019156376,0.06999969482421875
1989-02-23,0.003911025115547417,0.06999969482421875
1989-02-24,-0.016989886807067478,0.020000457763671875
1989-02-27,0.0024002183077405093,-0.020000457763671875
1989-02-28,0.003606780772572371,-0.03999996185302557
1989-03-01,-0.006076724392372945,0.03999996185302557
1989-03-02,0.009843169853472666,-0.049999237060546875
1989-03-03,0.004233071068683536,0.0
1989-03-06,0.012389465269555977,-0.05000019073486328
1989-03-07,-0.0031935966977982844,0.0
1989-03-08,0.0007143174438200006,-0.030000686645507812
1989-03-09,-0.0005101746740061586,0.010000228881835938
1989-03-10,-0.003578633349476057,0.10000038146972656
1989-03-13,0.008296553508224669,0.010000228881837714
1989-03-14,-0.000609669324453499,-0.030000686645507812
1989-03-15,0.005170585544056472,-0.009999275207521308
1989-03-16,0.009293616537888738,-0.010000228881835938
1989-03-17,-0.022800034967657368,0.18999958038330078
1989-03-20,-0.009508967611834507,0.039999961853027344
1989-03-21,0.004851530013300298,0.0
1989-03-22,-0.002887480509439655,-0.07999992370605469
1989-03-23,-0.0052115990907113385,-0.019999504089357245
1989-03-27,0.005487016743572326,0.009999275207521308
1989-03-28,0.0035041571079048595,-0.029999732971191406
1989-03-29,0.0026030420645568597,-0.05000019073486328
1989-03-30,0.0005812673461162987,-0.01999950408935547
1989-03-31,0.008001561842221783,-0.039999961853027344
1989-04-03,0.00514163939655532,-0.09000015258789062
1989-04-04,-0.0036505603075021043,-0.03999996185302912
1989-04-05,0.00314425986361222,0.0
1989-04-06,-0.0032119503934895377,0.029999732971193183
1989-04-07,0.0063127733606815895,0.07000064849853516
1989-04-10,-0.00016833530748527892,0.0
1989-04-11,0.004634007417396724,0.0
1989-04-12,0.0016736966360841876,0.01999950408935547
1989-04-13,-0.008700222523523315,0.05000019073486328
1989-04-14,0.016595641946241635,-0.15999984741211115
1989-04-17,0.0011939242552294616,0.019999504089357245
1989-04-18,0.014150984361736008,-0.1399993896484375
1989-04-19,0.003685784345506704,0.019999504089357245
1989-04-20,-0.003130375467907065,0.11999988555908025
1989-04-21,0.011107561352421413,-0.05000019073486506
1989-04-24,-0.0029758486406015194,0.0
1989-04-25,-0.006304461391379412,-0.02999973297118963
1989-04-26,0.0005866011051063325,-0.010000228881835938
1989-04-27,0.008596812075566618,-0.05999946594238281
1989-04-28,0.0001938828727805486,-0.029999732971191406
1989-05-01,-0.0016808444161684477,0.11999988555908203
1989-05-02,-0.0032402335906533963,-0.06000041961669744
1989-05-03,0.00012983885590056587,-0.019999504089357245
1989-05-04,-0.0012664254223748728,0.0
1989-05-05,-0.0005200158353551032,-0.07000064849853516
1989-05-08,-0.00524759728344204,0.05000019073486328
1989-05-09,-0.0026505604789868187,0.10999965667724432
1989-05-10,0.001996712103218279,0.010000228881837714
1989-05-11,0.003753654065686618,-0.059999465942381036
1989-05-12,0.022198382590283394,-0.2899999618530291
1989-05-15,0.007365135910009535,0.009999275207519531
1989-05-16,-0.0027872971276501346,0.0
1989-05-17,0.006953729812520848,-0.01999950408935547
1989-05-18,0.0015421837188620557,-0.020000457763671875
1989-05-19,0.010231434374157189,-0.06999969482421875
1989-05-22,0.002300989014816679,-0.13000011444091797
1989-05-23,-0.01143227680764447,0.020000457763671875
1989-05-24,0.0025727347543487156,0.029999732971191406
1989-05-25,9.399438517210257e-05,0.039999961853027344
1989-05-26,0.0075535126393182495,-0.010000228881835938
1989-05-30,-0.007929638852696819,-0.01999950408935547
1989-05-31,0.004596850579496881,-0.039999961853027344
1989-06-01,0.004513734660228863,0.009999275207519531
1989-06-02,0.010965492649825492,-0.17999935150146484
1989-06-05,-0.010779164827567023,-0.07000064849853516
1989-06-06,0.006839247085764555,0.0
1989-06-07,0.008323339141819375,-0.08999919891357422
1989-06-08,-0.0006119388390333214,0.0
1989-06-09,-0.00018363601413451391,-0.12000083923339844
1989-06-12,-0.0013784395979197228,0.010000228881835938
1989-06-13,-0.007167566159171024,0.09000015258789062
1989-06-14,-0.0002470654628616842,-0.05000019073486328
1989-06-15,-0.01164772267244718,0.13000011444091797
1989-06-16,0.003959968212856602,0.020000457763671875
1989-06-19,0.001679026970845321,0.01999950408935547
1989-06-20,-0.0019902815720689304,-0.05999946594238281
1989-06-21,-0.0023997300110680797,0.05999946594238281
1989-06-22,0.005724957408168585,0.010000228881835938
1989-06-23,0.017468744777613843,-0.13000011444091797
1989-06-26,-0.004277409159734624,-0.06999969482421875
1989-06-27,0.005617981049518939,-0.07000064849853516
1989-06-28,-0.008039798393266295,0.06000041961669922
1989-06-29,-0.018993909331568304,-0.05000019073486328
1989-06-30,-0.005331950278156583,-0.01999950408935547
1989-07-03,0.0039233582658990684,-0.010000228881835938
1989-07-05,0.004407163604605024,0.01999950408935547
1989-07-06,0.00283397047634093,-0.029999732971191406
1989-07-07,0.010395217555906555,-0.05999946594238281
1989-07-10,0.0066260054861499995,-0.030000686645507812
1989-07-11,0.005214592708698618,0.010000228881835938
1989-07-12,0.003127893301726914,0.0
1989-07-13,0.0004244411557747796,0.0
1989-07-14,0.005711749179354797,0.039999961853027344
1989-07-17,0.001806486023331999,0.010000228881835938
1989-07-18,-0.003284163074343205,0.07999992370605469
1989-07-19,0.013132061267363326,-0.039999961853027344
1989-07-20,-0.006634419026757321,-0.07999992370605469
1989-07-21,0.007140599252625002,0.05999946594238281
1989-07-24,-0.006660957597855344,-0.01999950408935547
1989-07-25,0.0006291407572307506,-0.039999961853027344
1989-07-26,0.012412115819561365,0.010000228881835938
1989-07-27,0.011587690887187918,-0.10000038146972656
1989-07-28,0.00046775124605513696,-0.05000019073486328
1989-07-31,0.011420703845444358,-0.04999971389770508
1989-08-01,-0.006755274424456559,-0.08000040054321289
1989-08-02,0.0017148817323890952,0.020000457763671875
1989-08-03,0.0011609506855663199,0.039999961853027344
1989-08-04,-0.0023813701675203802,0.19999980926513672
1989-08-07,0.015836917032291176,0.029999732971191406
1989-08-08,-0.00017172579398572196,-0.029999732971191406
1989-08-09,-0.006922441099288967,0.05000019073486328
1989-08-10,0.0037687512896820152,-0.029999732971191406
1989-08-11,-0.010130131261178121,0.06999969482421875
1989-08-14,-0.00488512953361564,0.14999961853027344
1989-08-15,0.004798107182140576,-0.029999732971191406
1989-08-16,0.002752184519627221,-0.09000015258789062
1989-08-17,-0.003506666088488153,0.06000041961669922
1989-08-18,0.004576495495219213,-0.030000686645507812
1989-08-21,-0.01561116677447405,0.05000019073486328
1989-08-22,0.0015252078208787267,0.09000015258789062
1989-08-23,0.010234994916287654,-0.039999961853027344
1989-08-24,0.019592068446208977,-0.05000019073486328
1989-08-25,-0.0028488425378139226,0.010000228881835938
1989-08-28,0.004469079489485495,0.06000041961669922
1989-08-29,-0.006410917697483143,0.0
1989-08-30,0.002312660939919553,-0.020000457763671875
1989-08-31,0.002278930778621735,0.010000228881835938
1989-09-01,0.006466452959953628,-0.07000064849853516
1989-09-05,-0.0033131277062699027,0.0
1989-09-06,-0.009461476628832344,-0.01999950408935547
1989-09-07,-0.0025515979827588353,0.0
1989-09-08,0.0011762955632592664,-0.029999732971191406
1989-09-11,-0.003159033333614225,-0.010000228881835938
1989-09-12,0.0029869874618757564,0.0
1989-09-13,-0.009335151158635924,0.05000019073486328
1989-09-14,-0.006680016153738144,-0.05000019073486328
1989-09-15,0.0055214865019177495,-0.039999961853027344
1989-09-18,0.004828102895927167,0.010000228881835938
1989-09-19,-0.0005193376347865097,-0.010000228881835938
1989-09-20,-0.00023083482118479992,0.05999946594238281
1989-09-21,-0.00222485607973244,0.05000019073486328
1989-09-22,0.003897444373264669,0.020000457763671875
1989-09-25,-0.008158756088184838,0.09999942779541016
1989-09-26,0.0002903903421476173,-0.01999950408935547
1989-09-27,0.0022337869243216346,0.0
1989-09-28,0.01009090280439029,0.0
1989-09-29,0.001576461216402869,0.010000228881835938
1989-10-02,0.004914158764175447,-0.030000686645507812
1989-10-03,0.010884759556153867,-0.05000019073486328
1989-10-04,0.006267177136388469,-0.009999275207519531
1989-10-05,8.404078710455565e-05,-0.07000064849853516
1989-10-06,0.005057635813776606,-0.11999988555908203
1989-10-10,0.000975069659040706,0.0
1989-10-11,-0.0059767107002359765,0.039999961853027344
1989-10-12,-0.00449192359483952,-0.029999732971191406
1989-10-13,-0.06312329817609097,-0.1700000762939453
1989-10-16,0.027200530476218177,0.1100001335144043
1989-10-17,-0.004941465347469531,0.019999980926513672
1989-10-18,0.001757178721090824,0.010000228881835938
1989-10-19,0.015590598716305415,-0.05000019073486328
1989-10-20,8.641570221712414e-05,0.019999980926513672
1989-10-23,-0.00673427629975798,-0.059999942779541016
1989-10-24,-0.003282283652733753,-0.05000019073486328
1989-10-25,-0.0034975616700370082,-0.009999752044677734
1989-10-26,-0.013432905933041361,0.019999980926513672
1989-10-27,-0.008529138790327018,0.059999942779541016
1989-10-30,2.987410070520724e-05,-0.019999980926513672
1989-10-31,0.015664350863668908,0.0
1989-11-01,0.002465013450999365,-0.010000228881835938
1989-11-02,-0.00800381252463822,-0.039999961853027344
1989-11-03,-0.0025440506588552125,0.09000015258789062
1989-11-06,-0.014950399799303682,0.039999961853027344
1989-11-07,0.0065926110441152375,-0.09999990463256836
1989-11-08,0.009926366515617069,-0.03000020980834961
1989-11-09,-0.004683392984884627,0.03000020980834961
1989-11-10,0.007488894144418445,0.019999980926513672
1989-11-13,0.001326108478430399,-0.03000020980834961
1989-11-14,-0.004604895255887698,-0.019999980926513672
1989-11-15,0.00751633773147109,-0.04999971389770508
1989-11-16,0.00011738908760960953,0.0
1989-11-17,0.0030196854376569604,0.059999942779541016
1989-11-20,-0.006637651474366457,-0.019999980926513672
1989-11-21,0.0007069556765175733,-0.010000228881835938
1989-11-22,0.006808558434308942,-0.039999961853027344
1989-11-24,0.006006892570490585,-0.009999752044677734
1989-11-27,0.004756481495186371,0.04999971389770508
1989-11-28,0.0004628530501271655,0.010000228881835938
1989-11-29,-0.0062955744887656095,0.019999980926513672
1989-11-30,0.006931636807258279,-0.039999961853027344
1989-12-01,0.013321705669873118,-0.03000020980834961
1989-12-04,0.002222093016788662,0.010000228881835938
1989-12-05,-0.005221247871562085,0.0
1989-12-06,-0.002950738585808743,0.029999732971191406
1989-12-07,-0.002758043168042512,0.03000020980834961
1989-12-08,0.003159668583339048,-0.059999942779541016
1989-12-11,-0.00037290752045660014,0.009999752044677734
1989-12-12,0.009053492243863204,0.010000228881835938
1989-12-13,0.0028957236841380407,-0.019999980926513672
1989-12-14,-0.00517283822621728,-0.03000020980834961
1989-12-15,-0.0022536361659764026,0.010000228881835938
1989-12-18,-0.018593020945812277,-0.03000020980834961
1989-12-19,-0.0035852577856836376,0.010000228881835938
1989-12-20,0.0011090177397612422,-0.010000228881835938
1989-12-21,0.0056426735773094094,0.0
1989-12-22,0.00762793239733206,0.05000019073486328
1989-12-26,-0.0017573888091426682,0.12999963760375977
1989-12-27,0.005750281834888682,-0.009999752044677734
1989-12-28,0.0053182942300589175,-0.03000020980834961
1989-12-29,0.007754894035311821,0.019999980926513672
1990-01-02,0.01764201354266781,0.010000228881835938
1990-01-03,-0.002588887687124064,0.04999971389770508
1990-01-04,-0.008650296055993323,-0.009999752044677734
1990-01-05,-0.009804141692825397,0.009999752044677734
1990-01-08,0.004504310201034478,0.030000686645507812
1990-01-09,-0.011856704505531113,0.0
1990-01-10,-0.006629090560708484,0.009999275207519531
1990-01-11,0.0035065603506980736,0.010000228881835938
1990-01-12,-0.024984613692642377,0.06000041961669922
1990-01-16,0.0024093780623131167,0.09999942779541016
1990-01-17,-0.009879918554625,-0.010000228881835938
1990-01-18,0.002338722921569669,0.13000011444091797
1990-01-19,0.0028345944519934108,-0.05999946594238281
1990-01-22,-0.026198947489202595,0.010000228881835938
1990-01-23,0.003716013541803065,-0.010000228881835938
1990-01-24,-0.004079282843832743,0.11999988555908203
1990-01-25,-0.012737543749253177,0.039999961853027344
1990-01-26,-0.0008590501550180818,0.06999969482421875
1990-01-29,-0.001843243489425106,0.010000228881835938
1990-01-30,-0.0068499793942251586,0.010000228881835938
1990-01-31,0.01871040568044169,-0.07999992370605469
1990-02-01,-0.0008815664136561097,-0.010000228881835938
1990-02-02,0.006457419815749432,0.07999992370605469
1990-02-05,0.002806383085365738,0.029999732971191406
1990-02-06,-0.006621246572370509,0.039999961853027344
1990-02-07,0.01233037830250261,-0.049999237060546875
1990-02-08,-0.002369872732644218,-0.030000686645507812
1990-02-09,0.0019802691082437818,-0.17999935150146484
1990-02-12,-0.010667597447360677,0.08999919891357422
1990-02-13,0.0028437546803772307,-0.049999237060546875
1990-02-14,0.0029863550353752544,0.009999275207519531
1990-02-15,0.00863704507734031,0.07000064849853516
1990-02-16,-0.006500864332275036,-0.010000228881835938
1990-02-20,-0.014318208763167917,0.19999980926513672
1990-02-21,-0.0009760449936129234,0.0
1990-02-22,-0.006030295585176759,-0.07999992370605469
1990-02-23,-0.004770396969847823,-0.010000228881835938
1990-02-26,0.013847895933975174,-0.06999969482421875
1990-02-27,0.004826003878662277,-0.05000019073486328
1990-02-28,0.0049233802470034504,0.10000038146972656
1990-03-01,0.0025577420311284627,0.07999992370605469
1990-03-02,0.008379824925953905,-0.05000019073486328
1990-03-05,-0.005378982350854322,0.1099996566772461
1990-03-06,0.012476534311659293,-0.05999946594238281
1990-03-07,-0.0029041641489939707,-0.010000228881835938
1990-03-08,0.009804800205341913,-0.010000228881835938
1990-03-09,-0.006900636056347942,0.07999992370605469
1990-03-12,0.0021874698207575705,-0.01999950408935547
1990-03-13,-0.00791506162679223,0.09999942779541016
1990-03-14,0.0025859247947037645,-0.07999992370605469
1990-03-15,0.003555911539258716,0.010000228881835938
1990-03-16,0.01129455894932807,-0.06999969482421875
1990-03-19,0.004726885293452554,0.0
1990-03-20,-0.005721783053358465,-0.05000019073486328
1990-03-21,-0.00537206703983184,0.010000228881835938
1990-03-22,-0.011992468133292356,-0.020000457763671875
1990-03-23,0.00454741765627098,-0.009999275207519531
1990-03-26,0.0012150958252865607,-0.010000228881835938
1990-03-27,0.011397043215822578,0.010000228881835938
1990-03-28,0.0014630580517600578,-0.010000228881835938
1990-03-29,-0.0035442601870920853,0.09000015258789062
1990-03-30,-0.0024973382444333225,0.049999237060546875
1990-04-02,-0.0036543427665174377,0.0
1990-04-03,0.014479844532569786,-0.01999950408935547
1990-04-04,-0.0074482790546310795,-0.07999992370605469
1990-04-05,-0.001055954302148443,0.01999950408935547
1990-04-06,-0.0019095624738643124,-0.009999275207519531
1990-04-09,0.003786074166960418,0.029999732971191406
1990-04-10,0.002048497159433005,0.010000228881835938
1990-04-11,-0.00043858505047733587,0.029999732971191406
1990-04-12,0.00705269987076651,0.010000228881835938
1990-04-16,0.0011609506855663199,0.039999961853027344
1990-04-17,-0.00017405227649991417,0.09000015258789062
1990-04-18,-0.011555399924562337,0.08999919891357422
1990-04-19,-0.0077489078012131785,0.010000228881835938
1990-04-20,-0.00882345932802231,0.07999992370605469
1990-04-23,-0.012219277571262843,0.029999732971191406
1990-04-24,-0.0020864598954934976,0.020000457763671875
1990-04-25,0.0050423980017546555,0.010000228881835938
1990-04-26,0.0026769386076725965,0.05999946594238459
1990-04-27,-0.011510264331761277,-0.009999275207521308
1990-04-30,0.005121929368641531,-0.020000457763671875
1990-05-01,0.004373771345364652,0.03999996185302912
1990-05-02,0.0066894223009486,0.010000228881834161
1990-05-03,0.0032534803957426917,-0.05000019073486328
1990-05-04,0.008368519466587898,-0.19999980926513672
1990-05-07,0.006304104094008167,0.029999732971191406
1990-05-08,0.004336781104194998,-0.029999732971191406
1990-05-09,0.0024821529002432285,0.039999961853027344
1990-05-10,0.0027961280607469163,-0.06000041961669922
1990-05-11,0.02351288968226939,-0.17999935150146484
1990-05-14,0.007782140442055052,-0.030000686645507812
1990-05-15,-0.0013257585443584574,0.039999961853027344
1990-05-16,-0.0007906443620191439,0.030000686645507812
1990-05-17,0.001326806467015551,0.009999275207519531
1990-05-18,0.00047951214109875906,0.06000041961669922
1990-05-21,0.009429754658811795,-0.010000228881835938
1990-05-22,0.0012003761199519403,-0.09000015258789062
1990-05-23,0.002396523098952663,-0.039999961853027344
1990-05-24,-0.0024522929047092745,0.020000457763671875
1990-05-25,-0.01074364011406903,0.05999946594238281
1990-05-29,0.016973989425201452,-0.029999732971191406
1990-05-30,0.0005820888609919805,-0.039999961853027344
1990-05-31,0.001024874098881412,-0.01999950408935547
1990-06-01,0.005328613601665921,-0.16000080108642578
1990-06-04,0.011607637580731911,0.0
1990-06-05,-0.0020706760142417124,0.030000686645507812
1990-06-06,-0.00459274503129059,-0.010000228881835938
1990-06-07,-0.004971779877737781,0.0
1990-06-08,-0.012301716466684987,0.0
1990-06-11,0.008107364402307304,0.01999950408935547
1990-06-12,0.01269455715062584,0.0
1990-06-13,-0.0036928336154185004,-0.07999992370605469
1990-06-14,-0.005496029315560591,-0.01999950408935547
1990-06-15,2.7582330525355303e-05,0.07999992370605469
1990-06-18,-0.01675527522886977,0.039999961853027344
1990-06-19,0.004445373433132893,0.010000228881835938
1990-06-20,0.001755940293652003,0.039999961853027344
1990-06-21,0.003807820666775541,-0.029999732971191406
1990-06-22,-0.014080435413872827,-0.010000228881835938
1990-06-25,-0.008816840567769546,0.06999969482421875
1990-06-26,-0.0007098542306769318,-0.01999950408935547
1990-06-27,0.008710510494430501,-0.039999961853027344
1990-06-28,0.006986826873646379,-0.05000019073486328
1990-06-29,0.0010898740244202898,-0.039999961853027344
1990-07-02,0.004236640308839412,0.0
1990-07-03,0.0017229269418974624,-0.030000686645507812
1990-07-05,-0.012516957702700893,0.020000457763671875
1990-07-06,0.007674090955199553,0.09000015258789062
1990-07-09,0.003064257299768336,0.05999946594238281
1990-07-10,-0.008463616302477384,0.0
1990-07-11,0.01320874340968281,0.0
1990-07-12,0.01158720872242025,-0.06999969482421875
1990-07-13,0.00510405780102996,-0.05000019073486328
1990-07-16,0.00445499508089231,-0.010000228881835938
1990-07-17,-0.0038834575425994444,0.0
1990-07-18,-0.009019625028416911,0.06000041961669922
1990-07-19,0.0030156178530260647,0.010000228881835938
1990-07-20,-0.010207459378304584,-0.030000686645507812
1990-07-23,-0.01757560150485382,0.0
1990-07-24,0.0013500521870772886,0.05000019073486328
1990-07-25,0.003647147416301344,-0.039999961853027344
1990-07-26,-0.0033099404013618994,0.0
1990-07-27,-0.006964153611749957,-0.06999969482421875
1990-07-30,0.005952105417352804,-0.07999992370605469
1990-07-31,0.0016861212901622125,0.01999950408935547
1990-08-01,-0.0017704977377501763,-0.06999969482421875
1990-08-02,-0.011428633664150034,0.11999988555908203
1990-08-03,-0.01901434678946856,0.020000457763671875
1990-08-06,-0.030710926890868073,0.2799997329711914
1990-08-07,0.0011953320279518564,0.06999969482421875
1990-08-08,0.010457980484701146,-0.009999275207519531
1990-08-09,0.004688257913786131,-0.1100006103515625
1990-08-10,-0.013087604221652782,0.020000457763671875
1990-08-13,0.009846474346139722,0.029999732971191406
1990-08-14,0.001621923011994042,-0.05000019073486328
1990-08-15,0.0019721336824396474,-0.01999950408935547
1990-08-16,-0.02281304308707721,0.11999988555908203
1990-08-17,-0.013813881981230125,0.039999961853027344
1990-08-20,0.0020721682069719805,0.010000228881835938
1990-08-21,-0.020450685710146743,0.029999732971191406
1990-08-22,-0.016635454451110476,0.06999969482421875
1990-08-23,-0.0304380081475637,0.09000015258789062
1990-08-24,0.014388311510428409,0.05000019073486328
1990-08-27,0.03137943687156852,-0.15000057220458984
1990-08-28,-0.0003111674430211764,0.039999961853027344
1990-08-29,0.008830029980512855,-0.09999942779541016
1990-08-30,-0.017048199608291625,0.01999950408935547
1990-08-31,0.01200758628306442,0.0
1990-09-04,0.0016417529725130109,0.039999961853027344
1990-09-05,0.004015629935807397,-0.039999961853027344
1990-09-06,-0.012189103867242146,-0.01999950408935547
1990-09-07,0.009132491354861827,-0.029999732971191406
1990-09-10,-0.005488096552328514,0.039999961853027344
1990-09-11,-0.0018360791426781375,-0.020000457763671875
1990-09-12,0.004661433469926202,-0.010000228881835938
1990-09-13,-0.012133883438955273,0.0
1990-09-14,-0.005727992561029183,0.05000019073486328
1990-09-17,0.0029625060354847577,0.029999732971191406
1990-09-18,0.0026086005527821143,0.0
1990-09-19,-0.006297249908016944,-0.01999950408935547
1990-09-20,-0.016304000745069658,0.029999732971191406
1990-09-21,-0.0005138203626380289,0.07999992370605469
1990-09-24,-0.021854747659359575,0.05000019073486328
1990-09-25,0.011977016440241961,-0.01999950408935547
1990-09-26,-0.010435143829654159,-0.020000457763671875
1990-09-27,-0.013497874505227436,-0.09000015258789062
1990-09-28,0.016737851347812693,-0.09000015258789062
1990-10-01,0.02863370483289973,-0.1099996566772461
1990-10-02,0.000856904015893889,-0.020000457763671875
1990-10-03,-0.012160816460474955,0.020000457763671875
1990-10-04,0.004134052427438917,-0.039999961853027344
1990-10-05,-0.003812953999585922,-0.020000457763671875
1990-10-09,-0.020759726499916198,0.18000030517578125
1990-10-10,-0.015557932575040567,0.06000041961669922
1990-10-11,-0.016548244179829474,0.029999732971191406
1990-10-12,0.015349030615209536,-0.07999992370605469
1990-10-15,0.010609164107627578,-0.039999961853027344
1990-10-16,-0.014315605712640789,-0.010000228881835938
1990-10-17,-0.0005354158068620052,-0.029999732971191406
1990-10-18,0.023094427455885302,-0.05000019073486328
1990-10-19,0.021805466654927663,-0.09000015258789062
1990-10-22,0.007269972405536507,0.010000228881835938
1990-10-23,-0.007654152793941549,0.01999950408935547
1990-10-24,0.000768115613914766,0.010000228881835938
1990-10-25,-0.00780385995413635,-0.039999961853027344
1990-10-26,-0.017760100981523586,0.010000228881835938
1990-10-29,-0.009330872985370497,0.06999969482421875
1990-10-30,0.007195438731985249,0.0
1990-10-31,-0.00019734091711143265,-0.05000019073486328
1990-11-01,0.009885154855078682,-0.07999992370605469
1990-11-02,0.015609466282790585,0.0
1990-11-05,0.008747869538569653,-0.06999969482421875
1990-11-06,-0.009485710962576555,0.020000457763671875
1990-11-07,-0.018166668050348278,0.049999237060546875
1990-11-08,0.005214886166086785,0.010000228881835938
1990-11-09,0.019731887065780995,-0.09000015258789062
1990-11-13,0.012448564078312074,-0.11999988555908203
1990-11-14,0.008557045764614024,-0.010000228881835938
1990-11-15,-0.010605367429784351,0.010000228881835938
1990-11-16,0.0003154070295119382,-0.06999969482421875
1990-11-19,0.006976118699554057,0.05000019073486328
1990-11-20,-0.012700080312411544,-0.039999961853027344
1990-11-21,0.0022808677955508116,-0.039999961853027344
1990-11-23,-0.0029470737936314606,0.009999275207519531
1990-11-26,0.004464799382481566,-0.009999275207519531
1990-11-27,0.005010950426709293,0.009999275207519531
1990-11-28,-0.00047164183616654753,0.020000457763671875
1990-11-29,-0.00482368864899918,0.01999950408935547
1990-11-30,0.018164058393911553,-0.05999946594238281
1990-12-03,0.005817583128444603,-0.039999961853027344
1990-12-04,0.006918314803886716,-0.020000457763671875
1990-12-05,0.010879797744977715,-0.039999961853027344
1990-12-06,-0.0025797251798849175,0.020000457763671875
1990-12-07,-0.004019393704870922,-0.15000057220458984
1990-12-10,0.0034722702497660407,-0.04999971389770508
1990-12-11,-0.0074772208136506535,-0.039999961853027344
1990-12-12,0.011422081665502404,-0.03000020980834961
1990-12-13,-0.0025776130751147264,0.07000017166137695
1990-12-14,-0.007681057636116151,0.07000017166137695
1990-12-17,-0.0024508875543789443,-0.029999732971191406
1990-12-18,0.012285425669562144,-0.030000686645507812
1990-12-19,0.00045444730524657473,0.010000228881835938
1990-12-20,-0.00024235852116571976,0.05000019073486328
1990-12-21,0.004925463278857123,0.05999946594238281
1990-12-24,-0.005592113478890326,0.09000015258789062
1990-12-26,0.002875559172625941,-0.05000019073486328
1990-12-27,-0.007767728779013439,-0.039999961853027344
1990-12-28,0.0013089381616193663,0.030000686645507812
1990-12-31,0.004552774411664018,-0.06000041961669922
1991-01-02,-0.011482267674415958,-0.1100001335144043
1991-01-03,-0.014004820279171604,-0.039999961853027344
1991-01-04,-0.0028308916167194553,0.09000062942504883
1991-01-07,-0.01747262582095921,0.1099996566772461
1991-01-08,-0.0017133885844708985,0.029999732971191406
1991-01-09,-0.010887905092441308,0.09000015258789062
1991-01-10,0.009712253585176356,-0.09000015258789062
1991-01-11,0.002223108754055403,0.039999961853027344
1991-01-14,-0.008730128557931316,0.029999732971191406
1991-01-15,0.003960340999245027,-0.009999275207519531
1991-01-16,0.0077473076712468725,0.01999950408935547
1991-01-17,0.03664205842453594,-0.18999958038330078
1991-01-18,0.012905388705675591,-0.020000457763671875
1991-01-22,-0.01186925666160743,0.039999961853027344
1991-01-23,0.005770513273633426,-0.029999732971191406
1991-01-24,0.013744806202015347,-0.039999961853027344
1991-01-25,0.003845897363702555,0.06000041961669922
1991-01-28,-0.00011905533285538894,0.0
1991-01-29,-0.0005655928910419661,-0.010000228881835938
1991-01-30,0.014983678403361012,0.0
1991-01-31,0.008819603427714817,-0.020000457763671875
1991-02-01,-0.0025619534459968563,-0.11999988555908203
1991-02-04,0.015302830237533982,-0.029999732971191406
1991-02-05,0.008347714004680817,-0.03000020980834961
1991-02-06,0.019201800672739466,-0.059999942779541016
1991-02-07,-0.004338210020972788,0.03000020980834961
1991-02-08,0.007906552452273452,-0.05000019073486328
1991-02-11,0.025360887073571092,0.010000228881835938
1991-02-12,-0.00839146878306618,0.0
1991-02-13,0.009584534152269342,0.0
1991-02-14,-0.013092729322875307,0.019999980926513672
1991-02-15,0.013201141813902417,-0.019999980926513672
1991-02-19,0.0008938102955093896,0.019999980926513672
1991-02-20,-0.011572154325958373,0.039999961853027344
1991-02-21,-0.0004657200342741419,0.039999961853027344
1991-02-22,0.0018614132563188335,0.029999732971191406
1991-02-25,0.004393495656802138,0.0
1991-02-26,-0.012190796153758399,0.05000019073486328
1991-02-27,0.013496865642139255,0.019999980926513672
1991-02-28,-0.0018235546550622317,0.04000043869018555
1991-03-01,0.009219887578006514,0.09999942779541016
1991-03-04,-0.0030819561222301672,0.0
1991-03-05,0.01981169220502199,-0.039999961853027344
1991-03-06,-0.001461004609168981,0.029999732971191406
1991-03-07,-0.000691441788308822,-0.039999961853027344
1991-03-08,-0.0025570464743447374,0.06000041961669922
1991-03-11,-0.005321563927470407,-0.06999969482421875
1991-03-12,-0.007887072242824367,0.029999732971191406
1991-03-13,0.012194640798670164,-0.06999969482421875
1991-03-14,-0.002860716359325721,0.0
1991-03-15,0.00024092502581218866,0.07999992370605469
1991-03-18,-0.00396945947699745,0.049999237060546875
1991-03-19,-0.014945422764636618,0.10000038146972656
1991-03-20,0.0036215123709606445,-0.05000019073486328
1991-03-21,-0.0036488178140610117,-0.039999961853027344
1991-03-22,0.002452183385712736,-0.029999732971191406
1991-03-25,0.006374478987451582,0.0
1991-03-26,0.017343260872650923,0.0
1991-03-27,-0.0025277248798891705,-0.05000019073486328
1991-03-28,-0.0003464164111113277,-0.029999732971191406
1991-04-01,-0.01050219556219556,0.01999950408935547
1991-04-02,0.02184426852911603,-0.039999961853027344
1991-04-03,-0.0014767091887435413,0.020000457763671875
1991-04-04,0.0021878897410054776,-0.05000019073486328
1991-04-05,-0.011680250947873283,-0.010000228881835938
1991-04-08,0.008753188055362848,-0.009999752044677734
1991-04-09,-0.013560086789432546,0.04999971389770508
1991-04-10,-0.00109816048534217,0.07000064849853516
1991-04-11,0.01193442597745964,-0.010000228881835938
1991-04-12,0.007308421428120049,-0.1100001335144043
1991-04-15,0.0020746302658292137,-0.03000020980834961
1991-04-16,0.016727520783625494,0.019999980926513672
1991-04-17,0.007274485696993516,-0.019999980926513672
1991-04-18,-0.00510976896561921,0.07000064849853516
1991-04-19,-0.011026900300018738,0.07999992370605469
1991-04-22,-0.008495117144375897,0.049999237060546875
1991-04-23,0.0021239995274102696,-0.029999732971191406
1991-04-24,0.0026160219346786917,-0.05999946594238281
1991-04-25,-0.009212568196122817,0.009999275207519531
1991-04-26,-0.0006066730761222772,-0.009999275207519531
1991-04-29,-0.014242642320182242,0.009999275207519531
1991-04-30,0.0044859692740102375,-0.049999237060546875
1991-05-01,0.01310186992139517,-0.010000228881835938
1991-05-02,0.0006045674386321309,-0.04000043869018555
1991-05-03,0.0007355613945554396,0.07000017166137695
1991-05-06,-0.0018925493109707148,0.010000228881835938
1991-05-07,-0.007288068357148347,0.010000228881835938
1991-05-08,0.0031488652151248075,-0.020000457763671875
1991-05-09,0.012444999343987462,-0.01999950408935547
1991-05-10,-0.019790128903149906,0.09999942779541016
1991-05-13,0.0027110170258577426,-0.05000019073486328
1991-05-14,-0.013736592209284915,0.07000064849853516
1991-05-15,-0.008241140909512445,-0.010000228881835938
1991-05-16,0.009773810375295788,-0.010000228881835938
1991-05-17,0.0005372484011161305,-0.039999961853027344
1991-05-20,-0.0002954754937283255,0.020000457763671875
1991-05-21,0.008212684241358126,-0.039999961853027344
1991-05-22,0.0022354011180505395,0.0
1991-05-23,-0.0032750105723646783,0.039999961853027344
1991-05-24,0.00672472157653381,0.0
1991-05-28,0.01171948219729213,-0.030000686645507812
1991-05-29,0.002223023658947554,0.0
1991-05-30,0.01083474817420882,-0.049999237060546875
1991-05-31,0.0073894057792429635,0.039999961853027344
1991-06-03,-0.004550751659971652,0.07999992370605469
1991-06-04,-0.0008249738267682716,0.0
1991-06-05,-0.0068579230323146945,0.049999237060546875
1991-06-06,-0.003798504548425896,0.039999961853027344
1991-06-07,-0.01100845185335686,0.06000041961669922
1991-06-10,-0.0022690916109553427,0.0
1991-06-11,0.0065295523968833535,0.0
1991-06-12,-0.011614210009915027,0.06999969482421875
1991-06-13,0.002598535131158819,-0.01999950408935547
1991-06-14,0.01226461204611251,-0.05000019073486328
1991-06-17,-0.005666192920195101,0.010000228881835938
1991-06-18,-0.004059496671568574,0.01999950408935547
1991-06-19,-0.009287828240734264,0.010000228881835938
1991-06-20,0.0008794475938227464,-0.029999732971191406
1991-06-21,0.006187166147290313,0.01999950408935547
1991-06-24,-0.01819227011003388,0.010000228881835938
1991-06-25,-0.0007821264071461442,0.0
1991-06-26,0.0025328814300538127,0.0
1991-06-27,0.007533642235588722,-0.010000228881835938
1991-06-28,-0.00869148194967373,-0.07999992370605469
1991-07-01,0.018049322187985162,0.020000457763671875
1991-07-02,-0.0011914699732349376,0.010000228881835938
1991-07-03,-0.011028387524113725,-0.010000228881835938
1991-07-05,0.0020069313460737703,0.07999992370605469
1991-07-08,0.010265816933316962,0.0
1991-07-09,-0.004853844472838986,0.01999950408935547
1991-07-10,-0.000984226000052324,-0.009999275207519531
1991-07-11,0.003268223074311294,-0.05000019073486328
1991-07-12,0.0086633192163168,-0.039999961853027344
1991-07-15,0.0056121373758806214,0.0
1991-07-16,-0.0022253516120374073,0.010000228881835938
1991-07-17,-0.0009440316113416003,0.029999732971191406
1991-07-18,0.010932213784181855,0.010000228881835938
1991-07-19,-0.0029885906986946154,-0.030000686645507812
1991-07-22,-0.003493671464473991,0.0
1991-07-23,-0.009077830598358538,0.030000686645507812
1991-07-24,-0.0020578820295877875,-0.07000064849853516
1991-07-25,0.006108436023610331,-0.039999961853027344
1991-07-26,-7.87483230837438e-05,0.0
1991-07-29,0.00581092950108264,0.0
1991-07-30,0.0091968032662324,0.010000228881835938
1991-07-31,0.0028921779157871086,-0.010000228881835938
1991-08-01,-0.0017808127967118281,0.0
1991-08-02,0.00015497238708483962,-0.1399993896484375
1991-08-05,-0.005490522298109646,-0.020000457763671875
1991-08-06,0.014336047947722363,-0.07000017166137695
1991-08-07,-0.0001536075149752847,-0.039999961853027344
1991-08-08,-0.0031799540224666245,0.05000019073486328
1991-08-09,-0.005666936499255648,0.0
1991-08-12,0.002322146500849165,-0.03000020980834961
1991-08-13,0.004115036248078852,-0.039999961853027344
1991-08-14,0.000718387713682489,-0.08999967575073242
1991-08-15,-0.0014630017842618415,0.019999980926513672
1991-08-16,-0.009678619203682182,0.0
1991-08-19,-0.023910293313729625,-0.010000228881835938
1991-08-20,0.007831741258125469,-0.019999980926513672
1991-08-21,0.02898829980955675,-0.009999752044677734
1991-08-22,0.0018927523825125192,-0.019999980926513672
1991-08-23,0.007231162904666633,0.09999990463256836
1991-08-26,-0.0008121807412964088,0.029999732971191406
1991-08-27,-0.0020078758858304013,-0.019999980926513672
1991-08-28,0.009066839457637421,-0.06999969482421875
1991-08-29,-0.00042872596975573884,-0.08000040054321289
1991-08-30,-0.0026266173781186453,0.08000040054321289
1991-09-03,-0.008329357775883395,-0.010000228881835938
1991-09-04,-0.005574587876152393,0.0
1991-09-05,-0.002130602531952519,0.019999980926513672
1991-09-06,-0.00010281800958633625,-0.06999969482421875
1991-09-09,-0.0013630430702020746,-0.03000020980834961
1991-09-10,-0.010373535369410547,0.0
1991-09-11,0.0013772464555978914,0.009999752044677734
1991-09-12,0.00582578715234483,-0.06999969482421875
1991-09-13,-0.009728586544217599,-0.010000228881835938
1991-09-16,0.005692991330987773,-0.029999732971191406
1991-09-17,-0.0007260626284635308,-0.010000228881835938
1991-09-18,0.003728455556478494,0.0
1991-09-19,0.001601020657512997,-0.009999752044677734
1991-09-20,0.0009284981944208681,-0.039999961853027344
1991-09-23,-0.005169038518943125,-0.019999980926513672
1991-09-24,0.004627486550950799,0.009999752044677734
1991-09-25,-0.0021430353963758364,0.019999980926513672
1991-09-26,-0.0010086108433569052,-0.019999980926513672
1991-09-27,-0.0015277164768123797,-0.07000017166137695
1991-09-30,0.005066159273503068,-0.019999980926513672
1991-10-01,0.003448969675504898,-0.019999980926513672
1991-10-02,-0.0024181382267549623,0.019999980926513672
1991-10-03,-0.009809477779791465,0.0
1991-10-04,-0.008410437748098687,-0.07999992370605469
1991-10-07,-0.004600731085936616,0.010000228881835938
1991-10-08,0.0030782965151967545,0.029999732971191406
1991-10-09,-0.010218383045254242,0.08000040054321289
1991-10-10,0.00990303233043388,0.06999969482421875
1991-10-11,0.0023622699018313043,-0.09000015258789062
1991-10-15,0.02475334754338121,-0.029999732971191406
1991-10-16,0.004567385322072681,-0.010000228881835938
1991-10-17,-0.0022427738116110874,0.10000038146972656
1991-10-18,0.0014787656307273522,-0.019999980926513672
1991-10-21,-0.006338545530995887,0.08999967575073242
1991-10-22,-0.005630927034096622,0.05000019073486328
1991-10-23,0.000283630126032719,0.019999980926513672
1991-10-24,-0.0074255398202369705,-0.039999961853027344
1991-10-25,-0.002261872856114344,0.029999732971191406
1991-10-28,0.013751901562607749,-0.029999732971191406
1991-10-29,0.00501927295153326,-0.1399998664855957
1991-10-30,0.0037733471525127626,-0.03000020980834961
1991-10-31,-0.0012986320962040665,-0.010000228881835938
1991-11-01,-0.002883513371574331,0.010000228881835938
1991-11-04,-0.002661231193940239,0.019999980926513672
1991-11-05,-0.004030884785926503,0.059999942779541016
1991-11-06,0.003236273892225583,-0.04999971389770508
1991-11-07,0.009570183643159424,-0.08000040054321289
1991-11-08,-0.00211028810601821,-0.019999980926513672
1991-11-12,0.009751417929862782,-0.039999961853027344
1991-11-13,0.0016873728939303945,0.039999961853027344
1991-11-14,-0.0006544748683676715,-0.059999942779541016
1991-11-15,-0.037271710917136325,-0.019999980926513672
1991-11-18,0.00682417454948947,0.0
1991-11-19,-0.015222685028647653,0.039999961853027344
1991-11-20,-0.0023484795650521306,0.010000228881835938
1991-11-21,0.004033801819966598,0.009999752044677734
1991-11-22,-0.010367675111431218,0.05000019073486328
1991-11-25,-0.0021291813516937097,0.009999752044677734
1991-11-26,0.0069560752000716874,-0.029999732971191406
1991-11-27,-0.0037375391771474753,0.0
1991-11-29,-0.003538284260507396,-0.039999961853027344
1991-12-02,0.01633615329462934,-0.059999942779541016
1991-12-03,-0.0011543168548131533,-0.039999961853027344
1991-12-04,-0.0023388947557991813,-0.1100001335144043
1991-12-05,-0.007076291239588528,0.039999961853027344
1991-12-06,0.004520864309110806,0.05000019073486328
1991-12-09,-0.0022182229447667012,-0.04000043869018555
1991-12-10,-0.0009522214732333723,-0.009999752044677734
1991-12-11,-0.0005293321665087447,0.009999752044677734
1991-12-12,0.010141609704579224,-0.029999732971191406
1991-12-13,0.0076238939273460815,0.029999732971191406
1991-12-16,-2.6035570781957063e-05,-0.009999752044677734
1991-12-17,-0.004483848132055712,-0.03000020980834961
1991-12-18,0.0019316148909380715,0.010000228881835938
1991-12-19,-0.00250658609740384,-0.07999992370605469
1991-12-20,0.01174715817891947,-0.1400003433227539
1991-12-23,0.02495472688427025,-0.08999967575073242
1991-12-24,0.006305313277771063,0.0
1991-12-26,0.013703809173503778,-0.03000020980834961
1991-12-27,0.003993583864493111,-0.029999732971191406
1991-12-30,0.02113034588493612,-0.059999942779541016
1991-12-31,0.00468616904510899,-0.05000019073486328
1992-01-02,0.0004075350364809438,0.07000017166137695
1992-01-03,0.004972485878160349,0.06999969482421875
1992-01-06,-0.0032963242625045908,-0.029999732971191406
1992-01-07,-0.0013407337011575038,-0.059999942779541016
1992-01-08,0.0016756729403404336,0.009999752044677734
1992-01-09,-0.001172705395703133,0.019999980926513672
1992-01-10,-0.006028477802319188,0.059999942779541016
1992-01-13,-0.0018325857833900727,0.07000017166137695
1992-01-14,0.014614903782615762,0.1100001335144043
1992-01-15,0.0007845522343856715,0.019999980926513672
1992-01-16,-0.006102661715988944,0.07999992370605469
1992-01-17,0.001553021957868772,-0.039999961853027344
1992-01-21,-0.014961122605858357,-0.059999942779541016
1992-01-22,0.013216823002870193,0.059999942779541016
1992-01-23,-0.007610291184233731,0.1099996566772461
1992-01-24,0.0012523953511198727,0.05000019073486328
1992-01-27,-0.0011801047794666175,-0.010000228881835938
1992-01-28,-7.229057165325514e-05,-0.07999992370605469
1992-01-29,-0.011196034037499913,0.09000015258789062
1992-01-30,0.0031145063683997165,0.059999942779541016
1992-01-31,-0.0069234707544643115,0.0
1992-02-03,0.001833046674832417,0.05000019073486328
1992-02-04,0.010493446377285665,-0.07000017166137695
1992-02-05,-2.41872333752724e-05,-0.07999992370605469
1992-02-06,-4.830247586529168e-05,-0.010000228881835938
1992-02-07,-0.006618954652370945,0.0
1992-02-10,0.006498077621887255,0.010000228881835938
1992-02-11,-2.4118154174246342e-05,0.019999980926513672
1992-02-12,0.008111816334293032,0.07000017166137695
1992-02-13,-0.008281028548573488,0.09999990463256836
1992-02-14,-0.002929160585724233,0.009999752044677734
1992-02-18,-0.012441323613750832,0.059999942779541016
1992-02-19,0.0021578274936642217,-0.04999971389770508
1992-02-20,0.013720133742783247,-0.010000228881835938
1992-02-21,-0.005985505519319645,0.039999961853027344
1992-02-24,0.0020395693765964396,0.019999980926513672
1992-02-25,-0.004424299330730186,-0.029999732971191406
1992-02-26,0.011867404445073504,-0.1100001335144043
1992-02-27,-0.0035938359909399864,0.019999980926513672
1992-02-28,-0.0028067506520157437,-0.07999992370605469
1992-03-02,-0.0006059504338669086,0.1100001335144043
1992-03-03,0.0009693297441639714,0.04999971389770508
1992-03-04,-0.008562701768128456,0.0
1992-03-05,-0.006913090924792975,0.08000040054321289
1992-03-06,-0.005105152694664383,-0.03000020980834961
1992-03-09,0.001902029893435575,-0.059999942779541016
1992-03-10,0.004137484490565058,0.009999752044677734
1992-03-11,-0.007053785035081361,0.08000040054321289
1992-03-12,-0.00034652968099191384,0.1099996566772461
1992-03-13,0.004816384307268606,0.09000015258789062
1992-03-16,0.0013543414726848724,-0.019999980926513672
1992-03-17,0.007818885916420548,-0.07000017166137695
1992-03-18,-0.0010503895681699404,0.0
1992-03-19,0.001587383961180855,-0.04999971389770508
1992-03-20,0.0036536395402144706,0.06999969482421875
1992-03-23,-0.003385213216397176,-0.019999980926513672
1992-03-24,-0.0025159059388935034,-0.08999967575073242
1992-03-25,-0.0033317421297898164,0.0
1992-03-26,0.0008339580766882904,0.039999961853027344
1992-03-27,-0.010747454638839748,-0.03000020980834961
1992-03-30,-0.0012399257633211036,0.0
1992-03-31,0.0017107007836774102,0.0
1992-04-01,0.0013367873461804791,-0.07999992370605469
1992-04-02,-0.009270283568126203,0.009999752044677734
1992-04-03,0.0026182617262771046,-0.04999971389770508
1992-04-06,0.010010759876907471,-0.010000228881835938
1992-04-07,-0.018740046553786804,0.0
1992-04-08,-0.00898360127188269,0.03000020980834961
1992-04-09,0.015444164748342537,-0.09000015258789062
1992-04-10,0.009069158333849359,0.019999980926513672
1992-04-13,0.004417688091179706,-0.039999961853027344
1992-04-14,0.015419387607725099,0.019999980926513672
1992-04-15,0.009388568770224204,0.019999980926513672
1992-04-16,-0.0005766778136155892,0.07999992370605469
1992-04-20,-0.01418536013415661,0.1400003433227539
1992-04-21,0.0001950589680150827,-0.010000228881835938
1992-04-22,-0.0010974971604422734,-0.009999752044677734
1992-04-23,0.004358387091598637,0.019999980926513672
1992-04-24,-0.0062879910460251764,-0.039999961853027344
1992-04-27,-0.0013944900685149975,0.04999971389770508
1992-04-28,0.0016144950581216122,-0.029999732971191406
1992-04-29,0.007087832463858135,0.029999732971191406
1992-04-30,0.007086195266444939,0.010000228881835938
1992-05-01,-0.005849133018635655,-0.05000019073486328
1992-05-04,0.010561452506634872,0.019999980926513672
1992-05-05,-0.00016793361171441035,-0.019999980926513672
1992-05-06,-0.00011992800819538019,-0.09999990463256836
1992-05-07,-0.0022578853387225095,0.029999732971191406
1992-05-08,0.000480783014238817,-0.07999992370605469
1992-05-11,0.0058475554399146645,-0.009999752044677734
1992-05-12,-0.005270818145870493,-0.039999961853027344
1992-05-13,0.0003842823932824757,-0.019999980926513672
1992-05-14,-0.007979881667007582,0.0
1992-05-15,-0.00740991515227396,-0.059999942779541016
1992-05-18,0.0066107938918378295,0.0
1992-05-19,0.008586843542735423,-0.08000040054321289
1992-05-20,-0.0023564030746854314,0.05000019073486328
1992-05-21,-0.0067392578041056694,0.1399998664855957
1992-05-22,0.003435639871497642,-0.039999961853027344
1992-05-26,-0.006323962233103053,0.1100001335144043
1992-05-27,0.0018456251137504154,-0.019999980926513672
1992-05-28,0.011026584526566019,-0.07999992370605469
1992-05-29,-0.0033409497287246737,-0.03000020980834961
1992-06-01,0.00468380536514168,0.059999942779541016
1992-06-02,-0.00914784388134926,-0.039999961853027344
1992-06-03,0.0026325567805818295,-0.009999752044677734
1992-06-04,-0.003213112778164273,0.0
1992-06-05,0.0005322138045178448,-0.03000020980834961
1992-06-08,-0.0002903237292342098,0.0
1992-06-09,-0.008015364040324435,0.019999980926513672
1992-06-10,-0.006876237018968112,0.019999980926513672
1992-06-11,0.004410120635157888,-0.019999980926513672
1992-06-12,0.0017342781664506646,-0.039999961853027344
1992-06-15,0.0012926012834757472,-0.009999752044677734
1992-06-16,-0.004813048913420381,-0.04000043869018555
1992-06-17,-0.014952528651845931,-0.009999752044677734
1992-06-18,-0.003237019605426994,-0.039999961853027344
1992-06-19,0.006736095356795424,0.04999971389770508
1992-06-22,-0.0006691353634122876,0.0
1992-06-23,0.0015852937197573524,0.010000228881835938
1992-06-24,-0.0004951532651107371,-0.05000019073486328
1992-06-25,-0.0017844785847858091,-0.059999942779541016
1992-06-26,0.0008183222913409338,0.010000228881835938
1992-06-29,0.013515857433862521,-0.03000020980834961
1992-06-30,-0.0019581632933363124,0.019999980926513672
1992-07-01,0.01154671697504206,-0.039999961853027344
1992-07-02,-0.0026920913059997886,-0.1700000762939453
1992-07-06,0.005014502485465755,-0.029999732971191406
1992-07-07,-0.011373130307046786,-0.03000020980834961
1992-07-08,0.002733563924799398,0.039999961853027344
1992-07-09,0.009581551175386949,0.0
1992-07-10,0.0009410246890659835,0.019999980926513672
1992-07-13,0.0006027800468064726,0.039999961853027344
1992-07-14,0.006750365191641627,0.0
1992-07-15,-0.0013895557306993211,-0.06999969482421875
1992-07-16,0.0010543527136128716,-0.03000020980834961
1992-07-17,-0.004608999035424333,0.03000020980834961
1992-07-20,-0.004509442823034782,0.0
1992-07-21,2.4192494368691086e-05,-0.010000228881835938
1992-07-22,-0.006863253320097407,-0.039999961853027344
1992-07-23,0.0027946068065247687,-0.13000011444091797
1992-07-24,-0.0011654538834191541,0.010000228881835938
1992-07-27,-0.00014577728608067275,-0.039999961853027344
1992-07-28,0.014426179519290372,-0.059999942779541016
1992-07-29,0.011217794259136049,-0.03000020980834961
1992-07-30,0.00399457457867225,0.09000015258789062
1992-07-31,0.0006838056358660083,0.029999732971191406
1992-08-03,0.0020723071008816873,0.0
1992-08-04,-0.0017187855242379868,-0.059999942779541016
1992-08-05,-0.005126661612871786,-0.019999980926513672
1992-08-06,-0.0037969767391512477,0.010000228881835938
1992-08-07,-0.004073984341790293,-0.07999992370605469
1992-08-10,0.0012883421396159278,-0.05000019073486328
1992-08-11,-0.0012406231353310204,-0.019999980926513672
1992-08-12,-0.002677238122018366,-0.019999980926513672
1992-08-13,-0.00011965815476600028,0.07000017166137695
1992-08-14,0.00520509421597648,-0.019999980926513672
1992-08-17,0.001974631173449204,0.029999732971191406
1992-08-18,0.0014250575114562736,-0.07999992370605469
1992-08-19,-0.007504219463904782,-0.010000228881835938
1992-08-20,0.00016739153173706,-0.009999752044677734
1992-08-21,-0.008186248251700334,0.07000017166137695
1992-08-24,-0.010005303727942838,0.14999961853027344
1992-08-25,0.0021645434141399633,0.05000019073486328
1992-08-26,0.004605458075521263,-0.05000019073486328
1992-08-27,4.833868608322689e-05,-0.039999961853027344
1992-08-28,0.003162834623090305,-0.009999752044677734
1992-08-31,-0.0019544628740568726,-0.010000228881835938
1992-09-01,0.004915100919972382,-0.059999942779541016
1992-09-02,0.004580077834758001,-0.019999980926513672
1992-09-03,0.0,0.0
1992-09-04,-0.0021555930476768737,-0.1399998664855957
1992-09-08,-0.0063498004523605545,-0.1100001335144043
1992-09-09,0.004622018190716837,0.019999980926513672
1992-09-10,0.008585450174333431,0.0
1992-09-11,-0.0008815066984251274,0.059999942779541016
1992-09-14,0.013470056553379628,-0.04999971389770508
1992-09-15,-0.013017319434947439,0.07999992370605469
1992-09-16,0.0003573328614674409,0.009999752044677734
1992-09-17,2.3764357861111307e-05,-0.009999752044677734
1992-09-18,0.00711865012201951,0.009999752044677734
1992-09-21,-0.0018696161279150303,0.010000228881835938
1992-09-22,-0.011915115288050337,0.07999992370605469
1992-09-23,0.0007188952520920111,0.039999961853027344
1992-09-24,0.00246437845237768,-0.059999942779541016
1992-09-25,-0.009894163663926037,-0.07000017166137695
1992-09-28,0.005463481610315846,-0.039999961853027344
1992-09-29,0.00043193751594738927,0.0
1992-09-30,0.0023963587534083786,0.0
1992-10-01,-0.003620666604877698,-0.1399998664855957
1992-10-02,-0.014079305712171752,0.03000020980834961
1992-10-05,-0.007090132547881822,-0.020000457763671875
1992-10-06,-0.0009573849112678445,0.06000041961669922
1992-10-07,-0.007221831671646584,0.15999984741210938
1992-10-08,0.00862074304390692,-0.05000019073486328
1992-10-09,-0.012561699008126759,0.1100001335144043
1992-10-13,0.016355811181194113,-0.009999752044677734
1992-10-14,0.0001710269726533653,0.0
1992-10-15,0.0005617079796156332,0.019999980926513672
1992-10-16,0.005186732771580438,0.06999969482421875
1992-10-19,0.007862531374621007,0.09000015258789062
1992-10-20,0.00120415202944546,0.1700000762939453
1992-10-21,0.0004572037276906471,-0.059999942779541016
1992-10-22,-0.0018541959017861487,-0.06000041961669922
1992-10-23,-0.0019300073372576776,0.09000015258789062
1992-10-26,0.009756637871588758,0.0
1992-10-27,0.0007888282837127392,-0.04999971389770508
1992-10-28,0.003911227370418047,-0.019999980926513672
1992-10-29,0.0017360031880411242,-0.05000019073486328
1992-10-30,-0.005193314511426905,0.09000015258789062
1992-11-02,0.009674100285603338,0.07999992370605469
1992-11-03,-0.006716738857758919,-0.010000228881835938
1992-11-04,-0.006714308058381135,0.019999980926513672
1992-11-05,0.002944549409317432,-0.019999980926513672
1992-11-06,-0.001818379726715058,0.09999990463256836
1992-11-09,0.0024158012783939142,0.03000020980834961
1992-11-10,7.166369158539965e-05,-0.09000015258789062
1992-11-12,0.010101216143991287,-0.11999988555908203
1992-11-13,-0.0010410564000942202,0.03000020980834961
1992-11-16,-0.0041513030176290044,0.07999992370605469
1992-11-17,-0.0033573546456100445,-0.039999961853027344
1992-11-18,0.008502443066674914,-0.07999992370605469
1992-11-19,0.001795665382713807,0.029999732971191406
1992-11-20,0.007150804631741892,0.03000020980834961
1992-11-23,-0.0035925201511446403,0.019999980926513672
1992-11-24,0.005793313444739212,-0.039999961853027344
1992-11-25,0.003734933041773303,0.019999980926513672
1992-11-27,0.002257524002500233,0.08999967575073242
1992-11-30,0.00276259865759787,0.019999980926513672
1992-12-01,-0.001322323556881777,-0.009999752044677734
1992-12-02,-0.0020681200325052274,-0.010000228881835938
1992-12-03,4.6496890555580705e-05,-0.019999980926513672
1992-12-04,0.004988568864656706,-0.06999969482421875
1992-12-07,0.007493953510272711,-0.059999942779541016
1992-12-08,0.0038518738426054355,-0.05000019073486328
1992-12-09,-0.0030711345239300414,0.03000020980834961
1992-12-10,-0.0023210187214317557,0.009999752044677734
1992-12-11,-0.0020958899279435173,0.03000020980834961
1992-12-14,-0.0020541097749902093,0.029999732971191406
1992-12-15,-0.0006239563242598223,0.0
1992-12-16,-0.0024303459867187627,-0.059999942779541016
1992-12-17,0.009020197833264021,0.0
1992-12-18,0.013345560073579676,-0.009999752044677734
1992-12-21,-0.0013151922915319858,-0.05000019073486328
1992-12-22,-0.0008853808006543673,-0.059999942779541016
1992-12-23,-0.0029112736567915576,0.029999732971191406
1992-12-24,0.0016840928983814507,0.010000228881835938
1992-12-28,-0.0014108115234119367,0.029999732971191406
1992-12-29,-0.0026677541471205046,-0.029999732971191406
1992-12-30,0.0019160505869866284,-0.010000228881835938
1992-12-31,-0.007112458083810225,0.019999980926513672
1993-01-04,-0.0007576406328571039,-0.09999990463256836
1993-01-05,-0.0023915950861796986,0.010000228881835938
1993-01-06,0.0004143191800540791,0.019999980926513672
1993-01-07,-0.008760479089547246,0.13000011444091797
1993-01-08,-0.00390803539034934,-0.010000228881835938
1993-01-11,0.0044186686174452205,-0.039999961853027344
1993-01-12,0.00020881062669086958,0.009999752044677734
1993-01-13,0.004606093802181022,-0.009999752044677734
1993-01-14,0.00669761795254864,-0.059999942779541016
1993-01-15,0.0027717468641439424,-0.05000019073486328
1993-01-19,-0.004631523426875894,-0.009999752044677734
1993-01-20,-0.004052992918582632,0.019999980926513672
1993-01-21,0.004879956172578304,-0.010000228881835938
1993-01-22,0.0014226600255264898,-0.029999732971191406
1993-01-25,0.008903004603387998,-0.09000015258789062
1993-01-26,-0.0001363642828957623,0.019999980926513672
1993-01-27,-0.004191124875303487,-0.019999980926513672
1993-01-28,0.0012546469190075626,-0.039999961853027344
1993-01-29,0.00027351184719570654,-0.05000019073486328
1993-02-01,0.008487490611096327,-0.009999752044677734
1993-02-02,6.778849151878319e-05,0.07999992370605469
1993-02-03,0.010452524305979871,-0.010000228881835938
1993-02-04,0.005263372081938833,-0.059999942779541016
1993-02-05,-0.001402363950425034,-0.06999969482421875
1993-02-08,-0.002408588719298166,0.04999971389770508
1993-02-09,-0.005642818331482502,0.039999961853027344
1993-02-10,0.002018988564446822,-0.009999752044677734
1993-02-11,0.003199485109387723,-0.03000020980834961
1993-02-12,-0.006904037832465626,-0.019999980926513672
1993-02-16,-0.02429283829607698,-0.009999752044677734
1993-02-17,-0.0014068471898713852,-0.059999942779541016
1993-02-18,-0.003236234738748678,-0.1100001335144043
1993-02-19,0.005357255082470758,-0.019999980926513672
1993-02-22,0.0023462597281316278,-0.059999942779541016
1993-02-23,-0.0010114534734730896,-0.1700000762939453
1993-02-24,0.013863909161424992,0.09000015258789062
1993-02-25,0.0033287725281985203,0.019999980926513672
1993-02-26,0.0023483923168825527,0.0
1993-03-01,-0.0030946728286780356,-0.09000015258789062
1993-03-02,0.013237451236460807,0.009999752044677734
1993-03-03,0.0030318268878648524,-0.06999969482421875
1993-03-04,-0.004282882778445796,-0.05000019073486328
1993-03-05,-0.002753398150129094,0.07000017166137695
1993-03-08,0.019094308774065816,-0.05000019073486328
1993-03-09,-0.0006819803447406514,0.059999942779541016
1993-03-10,0.004238348591361074,0.059999942779541016
1993-03-11,-0.0057359321849954625,-0.009999752044677734
1993-03-12,-0.008610566621374716,0.15000009536743164
1993-03-15,0.0035506020932158933,0.059999942779541016
1993-03-16,-0.00013291439852292086,-0.1100001335144043
1993-03-17,-0.006802439496595092,-0.039999961853027344
1993-03-18,0.007953867840772233,-0.09000015258789062
1993-03-19,-0.0037913332826109425,0.019999980926513672
1993-03-22,-0.0028918841956739882,0.010000228881835938
1993-03-23,-0.0002673568823672312,-0.05000019073486328
1993-03-24,-0.00153875888274424,0.039999961853027344
1993-03-25,0.0062517529844585695,0.03000020980834961
1993-03-26,-0.006899201894603024,0.1100001335144043
1993-03-29,0.006655169575119579,-0.03000020980834961
1993-03-30,0.0026586014286191784,-0.039999961853027344
1993-03-31,-0.0006639542276261068,0.010000228881835938
1993-04-01,-0.0030378542224793748,0.029999732971191406
1993-04-02,-0.01998512863383528,0.09999990463256836
1993-04-05,0.0020369232845371954,-0.029999732971191406
1993-04-06,-0.0025581651105266445,-0.05000019073486328
1993-04-07,0.003552498499486134,-0.009999752044677734
1993-04-08,-0.002012310933906747,-0.10000038146972656
1993-04-12,0.014670956215528719,-0.04999971389770508
1993-04-13,0.0018939746678867664,0.009999752044677734
1993-04-14,-0.0012473774405465932,-0.029999732971191406
1993-04-15,-0.0005796931612467304,-0.019999980926513672
1993-04-16,0.0012035763753175388,0.009999752044677734
1993-04-19,-0.00330212481313108,-0.019999980926513672
1993-04-20,-0.005288139413933024,0.0
1993-04-21,-0.0033080970443473134,-0.009999752044677734
1993-04-22,-0.009444211665164737,-0.010000228881835938
1993-04-23,-0.005544841193281691,0.039999961853027344
1993-04-26,-0.008017755955270545,0.05000019073486328
1993-04-27,0.010257679585060409,0.07999992370605469
1993-04-28,2.2782891136330363e-05,0.010000228881835938
1993-04-29,0.0019842992247900426,-0.04000043869018555
1993-04-30,0.0029576118563259257,0.06000041961669922
1993-05-03,0.005143588135795518,-0.09000015258789062
1993-05-04,0.0035870956447583424,-0.039999961853027344
1993-05-05,0.0010578823881139954,0.009999752044677734
1993-05-06,-0.002838496239511379,-0.039999961853027344
1993-05-07,-0.0021455391750162534,0.03000020980834961
1993-05-10,0.0011071850787791604,-0.03000020980834961
1993-05-11,0.003516838481613327,0.0
1993-05-12,0.000989703744233239,0.07000017166137695
1993-05-13,-0.012601496606306384,0.059999942779541016
1993-05-14,0.0007510021383181353,0.010000228881835938
1993-05-17,0.001841050524755694,0.039999961853027344
1993-05-18,-0.00011351961049577142,0.07999992370605469
1993-05-19,0.01633121448849728,-0.039999961853027344
1993-05-20,0.006724860565197055,-0.019999980926513672
1993-05-21,-0.01059769194514626,0.06999969482421875
1993-05-24,0.004833097367658468,0.0
1993-05-25,0.0018955373858311475,0.010000228881835938
1993-05-26,0.010174192085687928,-0.05000019073486328
1993-05-27,-0.0022741054617174683,-0.009999752044677734
1993-05-28,-0.004919135125861729,0.04999971389770508
1993-06-01,0.008052927691969636,-0.08999967575073242
1993-06-02,4.4111430051785305e-05,-0.010000228881835938
1993-06-03,-0.0030011185546445773,-0.039999961853027344
1993-06-04,-0.00538474008132539,0.09000015258789062
1993-06-07,-0.005279867720148879,-0.03000020980834961
1993-06-08,-0.006678668945665933,0.010000228881835938
1993-06-09,0.002403188920531818,-0.019999980926513672
1993-06-10,-0.0008976927189321415,0.0
1993-06-11,0.004212241512145276,-0.10000038146972656
1993-06-14,0.0010055794646914862,0.0
1993-06-15,-0.0032215568989908405,-0.009999752044677734
1993-06-16,0.0025959591301667473,0.0
1993-06-17,0.0024777982198926907,-0.03000020980834961
1993-06-18,-0.010894317389084307,0.039999961853027344
1993-06-21,0.005708541319334515,-0.04999971389770508
1993-06-22,-0.0006501340741369432,-0.010000228881835938
1993-06-23,-0.006163395094440638,0.0
1993-06-24,0.007709532763589877,-0.029999732971191406
1993-06-25,0.0021918797999349593,-0.039999961853027344
1993-06-28,0.009450289781936405,-0.039999961853027344
1993-06-29,-0.0025705326963176844,-0.010000228881835938
1993-06-30,-0.0003550823629607791,0.010000228881835938
1993-07-01,-0.003357259083800024,0.0
1993-07-02,-0.007107270665395404,-0.039999961853027344
1993-07-06,-0.009940694562158292,0.039999961853027344
1993-07-07,0.003166478409297291,0.0
1993-07-08,0.013034898162465502,-0.019999980926513672
1993-07-09,-0.0011821117559991379,-0.019999980926513672
1993-07-12,0.0019396624889171932,-0.010000228881835938
1993-07-13,-0.001984270866698168,0.03000020980834961
1993-07-14,0.004431217984289582,-0.06000041961669922
1993-07-15,-0.001912566719408204,0.0
1993-07-16,-0.007754491444782019,-0.009999752044677734
1993-07-19,0.0006279548518266509,0.0
1993-07-20,0.0028656494962362444,0.039999961853027344
1993-07-21,-0.00029067934833726383,0.07999992370605469
1993-07-22,-0.005988607884807706,0.07000017166137695
1993-07-23,0.005809723033110004,0.04999971389770508
1993-07-26,0.004441008044261174,-0.019999980926513672
1993-07-27,-0.0018945234651095433,-0.009999752044677734
1993-07-28,-0.0023452157796919337,-0.019999980926513672
1993-07-29,0.006797186545465017,-0.09000015258789062
1993-07-30,-0.004697372447474812,0.019999980926513672
1993-08-02,0.004497467206909356,0.019999980926513672
1993-08-03,-0.00195682813444531,-0.019999980926513672
1993-08-04,-0.0016261361125256002,0.039999961853027344
1993-08-05,-0.0009145029599384458,-0.009999752044677734
1993-08-06,0.00122654266436939,0.0
1993-08-09,0.004536384383305503,-0.039999961853027344
1993-08-10,-0.002821666657063737,0.0
1993-08-11,0.002244623724568129,-0.07000017166137695
1993-08-12,-0.0033354860225136562,0.019999980926513672
1993-08-13,0.0026249001510150194,-0.05000019073486328
1993-08-16,0.004963867361034602,-0.039999961853027344
1993-08-17,0.001656525413118004,0.019999980926513672
1993-08-18,0.006401472896177651,-0.009999752044677734
1993-08-19,0.0008547878923872432,-0.05000019073486328
1993-08-20,-0.0005916984026397287,-0.029999732971191406
1993-08-23,-0.002040823321773466,-0.010000228881835938
1993-08-24,0.009923530675475689,-0.059999942779541016
1993-08-25,0.0007827283180992239,-0.029999732971191406
1993-08-26,0.001975756798136885,-0.09000015258789062
1993-08-27,-0.0010850930788155466,0.059999942779541016
1993-08-30,0.002948671639017242,-0.039999961853027344
1993-08-31,0.003587416976918334,0.009999752044677734
1993-09-01,-0.0008848586777778777,0.010000228881835938
1993-09-02,-0.004002398420232645,-0.05000019073486328
1993-09-03,8.672623262651058e-05,-0.09999990463256836
1993-09-07,-0.006131403047763939,-0.07999992370605469
1993-09-08,-0.004086667514559217,0.0
1993-09-09,0.0018596649437379043,0.11999988555908203
1993-09-10,0.009181764674952575,-0.059999942779541016
1993-09-13,0.000736098104942684,-0.029999732971191406
1993-09-14,-0.004685686220990526,0.1099996566772461
1993-09-15,0.0036896671419306415,0.019999980926513672
1993-09-16,-0.004712153666933894,-0.019999980926513672
1993-09-17,-0.0013068329285106373,0.010000228881835938
1993-09-20,-0.008272465623294423,0.039999961853027344
1993-09-21,-0.004625505132311858,0.04999971389770508
1993-09-22,0.0071495655429965055,-0.019999980926513672
1993-09-23,0.003369979387399802,-0.029999732971191406
1993-09-24,-0.0002403079687525178,0.0
1993-09-27,0.00907086245980171,-0.11999988555908203
1993-09-28,-0.0005848158844461437,-0.019999980926513672
1993-09-29,-0.003081495108378185,0.06999969482421875
1993-09-30,-0.0025678824695347657,0.05000019073486328
1993-10-01,0.0051075542193066426,-0.059999942779541016
1993-10-04,0.00013005909040764152,0.0
1993-10-05,-0.000303475471279846,0.009999752044677734
1993-10-06,-0.0009979434878966131,0.0
1993-10-07,-0.003391597275747671,-0.019999980926513672
1993-10-08,0.002457896146125904,-0.06999969482421875
1993-10-12,0.0017581319767669967,0.009999752044677734
1993-10-13,0.0008020618525632628,0.0
1993-10-14,0.011504772861186119,-0.039999961853027344
1993-10-15,0.005703161712438565,-0.039999961853027344
1993-10-18,-0.002238900192776505,0.07999992370605469
1993-10-19,-0.004793240390965181,0.0
1993-10-20,-0.00030030491289068095,-0.009999752044677734
1993-10-21,-0.001524585026825953,0.08999967575073242
1993-10-22,-0.004501254373472818,0.07000017166137695
1993-10-25,0.00200550638587238,0.04999971389770508
1993-10-26,0.00021534859735883316,-0.039999961853027344
1993-10-27,0.000667443733115114,0.010000228881835938
1993-10-28,0.006692917377447927,-0.03000020980834961
1993-10-29,0.00021372351656534505,-0.021999835968017578
1993-11-01,0.0027110249837845046,0.17199993133544922
1993-11-02,-0.0014079479598141376,0.046000003814697266
1993-11-03,-0.011637804415695285,0.0
1993-11-04,-0.01201522076292516,0.05900001525878906
1993-11-05,0.004536280422730243,0.06300020217895508
1993-11-08,0.0013916028506590905,-0.05900001525878906
1993-11-09,0.0002607059350623331,-0.046000003814697266
1993-11-10,0.00733733001906689,0.05800008773803711
1993-11-12,0.0035948707853519224,-0.03800010681152344
1993-11-15,-0.003530181298321722,0.020999908447265625
1993-11-16,0.006426722602041579,-0.037000179290771484
1993-11-17,-0.004143621839954648,-0.004999637603759766
1993-11-18,-0.0025634740421125457,0.07199954986572266
1993-11-19,-0.002202477650342871,0.13500022888183594
1993-11-22,-0.007529357995395003,0.034999847412109375
1993-11-23,0.004129709157556505,-0.07699966430664062
1993-11-24,0.0028806625907407124,0.029999732971191406
1993-11-26,0.0015128533065418281,-0.06799983978271484
1993-11-29,-0.0025082258280937353,-0.017000198364257812
1993-11-30,-0.0002381434286213846,0.06300020217895508
1993-12-01,0.0002165384145929039,-0.012000083923339844
1993-12-02,0.0026377760226816704,-0.005000114440917969
1993-12-03,0.003836274741234824,0.005000114440917969
1993-12-06,0.0033070897624316586,-0.10199975967407227
1993-12-07,0.0007072881251151131,-0.004000186920166016
1993-12-08,-0.0010074513718070222,-0.005000114440917969
1993-12-09,-0.004535384232139172,-0.028999805450439453
1993-12-10,-0.0005387292669878363,0.05099964141845703
1993-12-13,0.0038080132114250986,0.05500030517578125
1993-12-14,-0.005685046149832118,0.029999732971191406
1993-12-15,-0.0026381272274322853,0.012000083923339844
1993-12-16,0.003242615115315317,0.013000011444091797
1993-12-17,0.0065396450011805385,-0.029999732971191406
1993-12-20,-0.0011370559414594084,0.021999835968017578
1993-12-21,-0.0011813743824768963,0.026000022888183594
1993-12-22,0.004331930905911996,-0.10699987411499023
1993-12-23,0.00012837821310096587,-0.03399991989135742
1993-12-27,0.006738347777232256,-0.004000186920166016
1993-12-28,0.0008497130387974394,0.007999897003173828
1993-12-29,-0.0007647546326952082,0.008999824523925781
1993-12-30,-0.004131033581437293,0.09300041198730469
1993-12-31,-0.004684054759713341,-0.004000186920166016
1994-01-03,-0.0021676595847806013,0.10400009155273438
1994-01-04,0.0031105152672576963,-0.026000022888183594
1994-01-05,0.00141255351342906,0.0039997100830078125
1994-01-06,-0.0009200952506835947,-0.059999942779541016
1994-01-07,0.005933719597535969,-0.14999961853027344
1994-01-10,0.01136314736144417,-0.034000396728515625
1994-01-11,-0.002401484487165817,0.0
1994-01-12,8.437950895956448e-05,-0.06699991226196289
1994-01-13,-0.003591680064778835,0.1100001335144043
1994-01-14,0.005151064670927852,0.06400012969970703
1994-01-18,-0.0013907112940660937,-0.03000020980834961
1994-01-19,0.00010539833147049649,0.007999897003173828
1994-01-20,0.001432713868522839,-0.04199981689453125
1994-01-21,-0.0005475619011878763,0.013000011444091797
1994-01-24,-0.005809732283987401,0.012000083923339844
1994-01-25,-0.0022271701061127303,0.034999847412109375
1994-01-26,0.004829901177171969,-0.005000114440917969
1994-01-27,0.008103123708274929,-0.04699993133544922
1994-01-28,0.0034528402895661614,-0.05499982833862305
1994-01-31,0.006060505584239095,0.020999908447265625
1994-02-01,-0.004140513961939263,0.07700014114379883
1994-02-02,0.004950000529458265,0.0
1994-02-03,-0.0026799541470605703,0.0429997444152832
1994-02-04,-0.02293580744837609,0.13000011444091797
1994-02-07,0.004142049937494008,0.021999835968017578
1994-02-08,-0.001506182812494039,0.04400014877319336
1994-02-09,0.0036447694837162814,-0.026000022888183594
1994-02-10,-0.008155501107392382,-0.024000167846679688
1994-02-11,0.002662096575910766,-0.03299999237060547
1994-02-14,0.00010637553917725029,0.012000083923339844
1994-02-15,0.004858090758239619,-0.015999794006347656
1994-02-16,0.0005712825195773874,0.007999897003173828
1994-02-17,-0.00519550370679589,0.10900020599365234
1994-02-18,-0.005650141146482213,0.09299993515014648
1994-02-22,0.00802855622330334,-0.03800010681152344
1994-02-23,-0.001634536305455292,0.08500003814697266
1994-02-24,-0.01375494725984261,0.07800006866455078
1994-02-25,0.0038910919975654323,-0.009000301361083984
1994-02-28,0.002293176815348019,-0.0429997444152832
1994-03-01,-0.005796645951560819,0.13000011444091797
1994-03-02,0.0007963306682592375,0.008999824523925781
1994-03-03,-0.003880041466992168,0.05200004577636719
1994-03-04,0.0037294151956341892,0.021999835968017578
1994-03-07,0.0046584390409432075,-0.055999755859375
1994-03-08,-0.0022084267380284572,0.05200004577636719
1994-03-09,0.0025296231310134587,0.008999824523925781
1994-03-10,-0.006788725245567839,0.10599994659423828
1994-03-11,0.005460401285525052,-0.021999835968017578
1994-03-14,0.002034658379761467,0.026999950408935547
1994-03-15,-0.0008133666391980654,-0.02200031280517578
1994-03-16,0.005147227071519822,-0.07999992370605469
1994-03-17,0.003147825589782549,0.005000114440917969
1994-03-18,0.0003397249673016134,0.0970001220703125
1994-03-21,-0.005363974115450532,0.05800008773803711
1994-03-22,0.0005547170839372839,-0.10200023651123047
1994-03-23,-0.0005547170839372839,-0.01699972152709961
1994-03-24,-0.008982903773745221,0.1509995460510254
1994-03-25,-0.00815205570032873,0.023000240325927734
1994-03-28,-0.0012600461827609877,0.01399993896484375
1994-03-29,-0.01648290193473656,0.0950002670288086
1994-03-30,-0.015434140887344405,0.06399965286254883
1994-03-31,0.0004936526295731269,0.009000301361083984
1994-04-04,-0.015485904575365694,0.37799978256225586
1994-04-05,0.021123168767291034,-0.20200014114379883
1994-04-06,-0.0005355573971277394,-0.046000003814697266
1994-04-07,0.006296433454401118,-0.05499982833862305
1994-04-08,-0.008418942648553696,0.0840001106262207
1994-04-11,0.006176344393934663,-0.023000240325927734
1994-04-12,-0.005125674857937135,-0.059999942779541016
1994-04-13,-0.0029312027376553473,0.06500005722045898
1994-04-14,0.0002688544451086017,0.046000003814697266
1994-04-15,-0.00044817650561501665,-0.013000011444091797
1994-04-18,-0.008372396059577625,0.16900014877319336
1994-04-19,0.000180829582061115,-0.032000064849853516
1994-04-20,-0.0013115142407755798,-0.043000221252441406
1994-04-21,0.015202034136506448,-0.15799999237060547
1994-04-22,-0.0024543858187442424,0.028000354766845703
1994-04-25,0.01128471577842749,-0.05500030517578125
1994-04-26,-0.001857207967906227,-0.0279998779296875
1994-04-28,-0.006148923354864166,0.18699979782104492
1994-04-29,0.004022177484958256,0.01900005340576172
1994-05-02,0.004668479198312703,0.043000221252441406
1994-05-03,2.20953937652979e-05,0.03399991989135742
1994-05-04,-0.0028958242034633486,0.024000167846679688
1994-05-05,-0.0007529539401085472,-0.043000221252441406
1994-05-06,-0.007918185299239155,0.24100017547607422
1994-05-09,-0.01235776373014641,0.14099979400634766
1994-05-10,0.00830777660057791,-0.1939997673034668
1994-05-11,-0.010186047577722235,0.13100004196166992
1994-05-12,0.005105993178450063,-0.06400012969970792
1994-05-13,0.0008785202380643398,-0.07100009918212713
1994-05-16,0.0007876745149477671,-0.0450000762939462
1994-05-17,0.010919055440192338,-0.14599990844726562
1994-05-18,0.009567559829149808,-0.07000017166137695
1994-05-19,0.006130760720700401,-0.0689997673034668
1994-05-20,-0.0034233026997432248,0.06500005722045898
1994-05-23,-0.0037880527438893807,0.16699981689453125
1994-05-24,0.0035461878645337563,-0.031000137329101562
1994-05-25,0.0033583937388845797,-0.03099966049194336
1994-05-26,0.001576530270727794,-0.031000137329101562
1994-05-27,0.0005905336370775061,0.020999908447265625
1994-05-31,-0.001816501565247819,0.04500007629394531
1994-06-01,0.0024723079919803936,-0.04500007629394531
1994-06-02,4.367846713915213e-05,-0.04799985885620117
1994-06-03,0.005404382370144845,-0.09600019454956055
1994-06-06,-0.002720320252369568,-0.07399988174438477
1994-06-07,-0.0014611729483862135,0.04699993133544922
1994-06-08,-0.002512907700338296,0.009000301361083984
1994-06-09,0.0017487605731352218,0.013000011444091797
1994-06-10,0.0017675979796738517,0.055999755859375
1994-06-13,0.0009370380336966022,0.039999961853027344
1994-06-14,0.007097361250607115,-0.06599998474121094
1994-06-15,-0.0038137596396712325,0.08800029754638672
1994-06-16,0.002861682434318169,-0.018000125885009766
1994-06-17,-0.007562087472298806,0.06099987030029297
1994-06-20,-0.006499429059920736,0.026999950408935547
1994-06-21,-0.009130904432829823,0.05800008773803711
1994-06-22,0.0038698455339352122,-0.09800004959106445
1994-06-23,-0.007665739972166463,-0.021999835968017578
1994-06-24,-0.015306859925012795,0.11499977111816406
1994-06-27,0.01013368782465296,-0.048999786376953125
1994-06-28,-0.002775954294633287,0.09399986267089844
1994-06-29,0.0034911024319042028,-0.01399993896484375
1994-06-30,-0.0075345482400068775,0.0989999771118164
1994-07-01,0.004334848367611777,-0.008999824523925781
1994-07-05,0.0003808842125918588,-0.02200031280517578
1994-07-06,-0.0005377932552592668,0.004000186920166016
1994-07-07,0.0050306977466298974,-0.026999950408935547
1994-07-08,0.0026059572167396183,0.1269998550415048
1994-07-11,-0.00331990870694554,0.05499982833862216
1994-07-12,-0.00024550027547931563,-0.046000003814697266
1994-07-13,0.0017397487528620914,-0.01399993896484375
1994-07-14,0.010375406439758095,-0.16699981689453125
1994-07-15,0.0016527654388625024,0.0
1994-07-18,0.0023312543336571068,-0.048999786376953125
1994-07-19,-0.0029920730933641337,-0.05800008773803711
1994-07-20,-0.00499190237542102,0.10199975967407227
1994-07-21,0.002233949364901733,0.026999950408935547
1994-07-22,0.0011040941283528838,0.018000125885009766
1994-07-25,0.00251281799220493,-0.026999950408935547
1994-07-26,-0.0019612277257463617,0.008999824523925781
1994-07-27,-0.0017440160585540099,0.06800031661987305
1994-07-28,0.003683207733858218,-0.05000019073486328
1994-07-29,0.008811058715585851,-0.17500019073486328
1994-08-01,0.005983025977035261,0.018000125885009766
1994-08-02,-0.00097662085185668,-0.026999950408935547
1994-08-03,0.0019305970986209786,-0.004000186920166016
1994-08-04,-0.006631580079518251,0.018000125885009766
1994-08-05,-0.0028618520500769407,0.15700006484985352
1994-08-08,0.0017487125506825407,0.0
1994-08-09,6.551310509372854e-05,0.04500007629394531
1994-08-10,0.00518389861206181,0.0
1994-08-11,-0.003089675691548166,0.04199981689453125
1994-08-12,0.006646269191210585,-0.07599973678588867
1994-08-15,-0.0015381600024566566,0.017999649047851562
1994-08-16,0.008162073932682645,-0.11599969863891602
1994-08-17,0.00034402730589366826,-0.034999847412109375
1994-08-18,-0.004308772726362875,0.13299989700317383
1994-08-19,0.0011004570235835232,-0.005000114440917969
1994-08-22,-0.002937335484632264,0.04500007629394531
1994-08-23,0.004725799719114576,-0.03600025177001953
1994-08-24,0.009683622111847257,-0.07599973678588867
1994-08-25,-0.002027536889654513,0.07599973678588867
1994-08-26,0.012146073167438765,-0.039999961853027344
1994-08-29,0.0016659997276793348,0.004000186920166016
1994-08-30,0.0031136519393495377,-0.04500007629394531
1994-08-31,-0.0012190868955519463,-0.026000022888183594
1994-09-01,-0.004891070399651198,0.008999824523925781
1994-09-02,-0.004617918698137657,0.02200031280517578
1994-09-06,0.0018454587402620959,0.05699968338012695
1994-09-07,-0.0018454587402620959,0.032000064849853516
1994-09-08,0.00455451711003807,0.0
1994-09-09,-0.01053853703160712,0.14400005340576172
1994-09-12,-0.004216663648126229,0.01399993896484375
1994-09-13,0.0027846016983170685,-0.01900005340576172
1994-09-14,0.002755452461020269,-0.03099966049194336
1994-09-15,0.012738506647528958,-0.05500030517578125
1994-09-16,-0.007653303988766957,0.16900014877319336
1994-09-19,-0.0007218299638429571,-0.032000064849853516
1994-09-20,-0.016035326775049263,0.03600025177001953
1994-09-21,-0.004108900363910983,0.04199981689453125
1994-09-22,-0.0004118267491319827,-0.009999752044677734
1994-09-23,-0.003474661088540998,0.009999752044677734
1994-09-26,0.002498657169268448,0.004000186920166016
1994-09-27,0.002665556803295388,0.03299999237060547
1994-09-28,0.006020168561695627,-0.037000179290771484
1994-09-29,-0.005609036885275032,0.06400012969970703
1994-09-30,0.001016273896879305,-0.018000125885009766
1994-10-03,-0.0020985485335032195,0.051000118255615234
1994-10-04,-0.015606035194229761,0.0279998779296875
1994-10-05,-0.0023565599688541994,0.07000017166137695
1994-10-06,-0.002561055170605897,0.004999637603759766
1994-10-07,0.0060388978130987425,-0.06999969482421875
1994-10-11,0.023217718689440225,-0.059999942779541016
1994-10-12,-0.0006872566919202683,0.05099964141845703
1994-10-13,0.004971845099992045,-0.05099964141845703
1994-10-14,0.002796482814050094,-0.03299999237060547
1994-10-17,-0.00029851960395177457,0.009999752044677734
1994-10-18,-0.0027759147456229982,0.01399993896484375
1994-10-19,0.0055867154078903525,0.037000179290771484
1994-10-20,-0.007320239400085526,0.131999969482421
1994-10-21,-0.004207170031246044,0.0
1994-10-24,-0.008771667681502393,0.04699993133545011
1994-10-25,0.001517872311347368,0.029000282287597656
1994-10-26,0.0023589176011009627,0.0
1994-10-27,0.006957734794863946,0.0
1994-10-28,0.016858241676905195,-0.06599998474121094
1994-10-31,-0.0030016995384904988,0.0
1994-11-01,-0.008354891110470497,0.09999990463256836
1994-11-02,-0.004085880808031739,0.03399991989135742
1994-11-03,0.0029965003401324353,0.01900005340576172
1994-11-04,-0.012105212091743311,0.06799983978271484
1994-11-07,0.0017074809134918212,0.008999824523925781
1994-11-08,0.00555601948003126,-0.037999629974365234
1994-11-09,-0.0005370281065166793,-0.062000274658203125
1994-11-10,-0.002215600014654484,0.03900003433227539
1994-11-11,-0.004359444514258293,0.01900005340576172
1994-11-14,0.007949292462188673,-0.055999755859375
1994-11-15,-0.0021695686765941247,-0.032000064849853516
1994-11-16,0.0012679233241312815,0.0689997673034668
1994-11-17,-0.0044124261208198234,0.05099964141845703
1994-11-18,-0.004540365155531134,-0.008999824523925781
1994-11-21,-0.00689308417847645,0.01300048828125
1994-11-22,-0.018076410248980324,-0.032000064849853516
1994-11-23,-0.00035555580042156976,-0.18400001525878906
1994-11-25,0.0052315870821972865,-0.013000011444091797
1994-11-28,0.004125981013535451,0.08599996566772461
1994-11-29,0.002221438118156449,0.06500005722045898
1994-11-30,-0.0032568542321254057,-0.051000118255615234
1994-12-01,-0.010569422752729096,0.02299976348876953
1994-12-02,0.00970940295829692,-0.11899995803833008
1994-12-05,4.416300403953244e-05,0.031000137329101562
1994-12-06,-0.00046340473751183,-0.10400009155273438
1994-12-07,-0.004157677601331677,0.0820002555847168
1994-12-08,-0.012892177112272307,0.008999824523925781
1994-12-09,0.003384051462554716,-0.03200006484985263
1994-12-12,0.0056000275441165925,0.06300020217895419
1994-12-13,0.001511733418494643,-0.026999950408935547
1994-12-14,0.010650638398673529,-0.0410003662109375
1994-12-15,0.0008128992069833529,0.004000186920166904
1994-12-16,0.007569974047488159,0.023000240325926846
1994-12-19,-0.001941692397314121,-0.005000114440917969
1994-12-20,-0.00177046756107746,0.005000114440917969
1994-12-21,0.005476073226533984,-0.014000415802001953
1994-12-22,0.00015230738075544537,0.0410003662109375
1994-12-23,0.0003262474604950327,0.0
1994-12-27,0.005724865865152751,-0.0820002555847168
1994-12-28,-0.0034874151696886457,0.0409998893737793
1994-12-29,0.0006724902405919053,0.013000011444091797
1994-12-30,-0.004128519203415948,0.028000354766845703
1995-01-03,-0.0003484476321231611,0.04999971389770508
1995-01-04,0.003478958399728782,-0.06399965286254883
1995-01-05,-0.0008034203181006561,0.05499982833862305
1995-01-06,0.0007383039616737364,-0.018000125885009766
1995-01-09,0.0003255393890180258,0.032000064849853516
1995-01-10,0.001842812247422998,-0.059999942779541016
1995-01-11,-4.329719010165434e-05,-0.046000003814697266
1995-01-12,-4.329906482958279e-05,0.018000125885009766
1995-01-13,0.009335858707109956,-0.11400032043457031
1995-01-16,0.007291428337115491,0.0
1995-01-17,0.001426360727186271,0.004000186920166016
1995-01-18,-0.0007235812552845999,0.01399993896484375
1995-01-19,-0.0058932531018518475,0.018000125885009766
1995-01-20,-0.004658038972170431,0.09200000762939453
1995-01-23,0.002235136408933691,0.01399993896484375
1995-01-24,8.581922480388471e-05,0.02299976348876953
1995-01-25,0.0033858751097648465,-0.059999942779541016
1995-01-26,0.0018808351138108748,-0.04199981689453125
1995-01-27,0.004410330413175956,-0.1269998550415039
1995-01-30,-0.004004701984228198,0.017999649047851562
1995-01-31,0.004068474219667273,-0.04099988937377841
1995-02-01,-4.2557622280448015e-05,0.045000076293944424
1995-02-02,0.005067949740135802,0.032000064849853516
1995-02-03,0.012318295291448678,-0.21300029754638672
1995-02-06,0.005188689851421735,0.05000019073486328
1995-02-07,-0.0006861418963639565,0.004000186920166016
1995-02-08,0.0007900309824897533,0.0
1995-02-09,-0.002080343580214361,0.06099987030029297
1995-02-10,0.0026412723133217852,0.046000003814697266
1995-02-13,0.00039456022003925284,-0.023000240325927734
1995-02-14,0.0018668205246843428,-0.09099960327148438
1995-02-15,0.004115487841413135,-0.062000274658203125
1995-02-16,0.0014023939539251629,-0.053999900817871094
1995-02-17,-0.0067205248691522,0.031000137329101562
1995-02-21,0.0015549039571469692,0.013000011444091797
1995-02-22,0.004856447579582479,-0.11100006103515625
1995-02-23,0.00378608307790973,0.008999824523925781
1995-02-24,0.00246145168066203,-0.005000114440917969
1995-02-27,-0.008848497663382027,-0.08899974822998047
1995-02-28,0.007372391392027389,-0.026000022888183594
1995-03-01,-0.003576466725737859,0.004000186920166016
1995-03-02,-0.0010712809576958193,0.07499980926513672
1995-03-03,0.0005976169142893895,0.06699991226196289
1995-03-06,0.0004325038965902195,0.04400014877319336
1995-03-07,-0.007253991541450233,0.031000137329101562
1995-03-08,0.0021134614520619266,-0.07600021362304688
1995-03-09,4.137227216371997e-05,-0.07499980926513672
1995-03-10,0.01317960045489297,-0.06200027465820224
1995-03-13,0.0009799320339549666,-0.04400014877319425
1995-03-14,0.005778653328698979,-0.0969996452331543
1995-03-15,-0.002051260903037644,0.0
1995-03-16,0.007150915721044093,-0.03900003433227539
1995-03-17,0.00022198410145435332,0.06500005722045898
1995-03-20,0.0012504804333550723,0.008999824523925781
1995-03-21,-0.0021589929805596597,0.03900003433227539
1995-03-22,0.0012112283026874948,0.04400014877319336
1995-03-23,0.000564729996369806,0.007999897003173828
1995-03-24,0.010071081683695304,-0.11800003051757812
1995-03-27,0.004441508155907492,-0.05299997329711914
1995-03-28,0.001390093928962166,0.10899972915649414
1995-03-29,-0.0015491230438167136,0.0
1995-03-30,-0.0017904273980606789,0.018000125885009766
1995-03-31,-0.003011199022126654,0.03000020980834961
1995-04-03,0.0022742083118458822,-0.057000160217285156
1995-04-04,0.0067322621552481365,-0.026000022888183594
1995-04-05,0.0006529755391548875,0.0
1995-04-06,0.001008212908264916,-0.031000137329101562
1995-04-07,0.0006716580113614867,0.017000198364257812
1995-04-10,0.0011643554878855156,0.004000186920166016
1995-04-11,-0.002923365057895033,-0.02200031280517578
1995-04-12,0.0032388981186493027,-0.026000022888183594
1995-04-13,0.004053522884240657,-0.04799985885620117
1995-04-17,-0.00610623953540923,0.020999908447265625
1995-04-18,-0.0015027383265397987,0.0
1995-04-19,-0.0008907971283553806,0.013000011444091797
1995-04-20,0.0007325113108835879,-0.034999847412109375
1995-04-21,0.00631299161738319,-0.005000114440917969
1995-04-24,0.008615895381055338,-0.007999897003173828
1995-04-25,-0.0015415549936692585,0.0
1995-04-26,0.001092934233096976,0.007999897003173828
1995-04-27,0.0017345668147186188,0.031000137329101562
1995-04-28,0.002256306110918871,0.020999908447265625
1995-05-01,-0.0008746848243230687,0.026000022888183594
1995-05-02,0.0011659974672708628,-0.04799985885620117
1995-05-03,0.010856434603802256,-0.08300018310546875
1995-05-04,0.00011526687489560317,-0.10799980163574219
1995-05-05,-0.0008071472792181567,-0.16700029373168945
1995-05-08,0.007355842669937829,0.007999897003173828
1995-05-09,-0.000763755204768124,-0.09299993515014648
1995-05-10,0.0015268111333366363,0.05500030517578125
1995-05-11,1.908930956773247e-05,0.03699970245361328
1995-05-12,0.002247777338872936,-0.007999897003173828
1995-05-15,0.004158409636382032,-0.04799985885620117
1995-05-16,0.0008523524047943098,-0.06500005722045898
1995-05-17,-0.0021226911422091987,-0.026000022888183594
1995-05-18,-0.014312555140920225,0.07800006866455078
1995-05-19,-0.0007509162941383707,-0.005000114440917969
1995-05-22,0.008553659335900576,0.013000011444091797
1995-05-23,0.009389566058753296,-0.06099987030029297
1995-05-24,3.775727556831754e-05,-0.12400007247924805
1995-05-25,-3.775727556831754e-05,-0.04699993133544922
1995-05-26,-0.009389566058753296,0.007999897003173828
1995-05-30,-0.00013369999245327335,-0.09399986267089844
1995-05-31,0.018581788668994292,-0.008000373840332031
1995-06-01,0.00016865059995030407,-0.10099983215332031
1995-06-02,-0.0018386130296779157,-0.10500001907348633
1995-06-05,0.005785873145544684,-0.020999908447265625
1995-06-06,-9.333481718520886e-05,0.017000198364257812
1995-06-07,-0.004528927392920323,0.08299970626831055
1995-06-08,-0.0014641841245790488,0.04200029373168945
1995-06-09,-0.008318476389765905,0.17799997329711914
1995-06-12,0.005553370689736603,-0.013000011444091797
1995-06-13,0.009691401330399252,-0.24100017547607422
1995-06-14,0.0007831703798064638,0.004000186920166016
1995-06-15,0.0012109362311285565,0.028999805450439453
1995-06-16,0.005032782695747251,0.03800010681152344
1995-06-19,0.00993502236452315,-0.08800029754638672
1995-06-20,-0.00044026829756038666,0.03299999237060547
1995-06-21,-0.0018366153338380542,-0.024999618530273438
1995-06-22,0.012949410547118845,-0.10000038146972656
1995-06-23,-0.0024709497035306782,0.029000282287597656
1995-06-26,-0.010202708544587047,0.04500007629394531
1995-06-27,-0.003129166540302819,0.04199981689453125
1995-06-28,0.004231191878233176,-0.03800010681152344
1995-06-29,-0.0015799844750166159,0.15600013732910156
1995-06-30,0.0016167350929467972,-0.04699993133544922
1995-07-03,0.0042863979717315814,0.0
1995-07-05,0.0003106554682412721,-0.02500009536743164
1995-07-06,0.01222259115035218,-0.13499975204467773
1995-07-07,0.004286913359834443,-0.02500009536743164
1995-07-10,0.0014727674741115138,0.0039997100830078125
1995-07-11,-0.004334607676688584,0.0670003890991211
1995-07-12,0.010953142409540817,0.0
1995-07-13,0.00019607154084333445,-0.017000198364257812
1995-07-14,-0.001980543496484799,0.06300020217895508
1995-07-17,0.0050417546364887045,0.06699991226196289
1995-07-18,-0.007599081785041761,0.05499982833862305
1995-07-19,-0.013484559472374258,0.1550002098083496
1995-07-20,0.004635501826791177,-0.005000114440917969
1995-07-21,0.0001445447666537092,0.08699989318847656
1995-07-24,0.005422233083177019,-0.057000160217285156
1995-07-25,0.007998344163947735,-0.026000022888183594
1995-07-26,0.0009085334920886368,0.05200004577636719
1995-07-27,0.0064073513178515284,-0.04699993133544922
1995-07-28,-0.0040597105824931035,0.0560002326965332
1995-07-31,-0.001546672056059073,-0.043000221252441406
1995-08-01,-0.004314855377406168,0.059999942779541016
1995-08-02,-0.0015021405021098388,-0.059999942779541016
1995-08-03,-8.945960994655167e-05,0.07800006866455078
1995-08-04,0.0003399913085404549,-0.034999847412109375
1995-08-07,0.0019482687995937553,-0.017000198364257812
1995-08-08,0.0006425900105853088,-0.005000114440917969
1995-08-09,-0.00121416433726651,0.026000022888183594
1995-08-10,-0.004045996597667134,0.037000179290771484
1995-08-11,-0.004206569193951459,0.07299995422363281
1995-08-14,0.008306106836594829,-0.007999897003173828
1995-08-15,-0.0020924132656920946,0.0
1995-08-16,0.0025031990584549746,-0.04400014877319336
1995-08-17,-0.0016621709055453238,0.031000137329101562
1995-08-18,0.0003041251001532075,-0.005000114440917969
1995-08-21,-0.001969063418368222,-0.03399991989135742
1995-08-22,0.0025232588990071747,0.03000020980834961
1995-08-23,-0.0042627270858695,0.020999908447265625
1995-08-24,0.0005742101605914485,-0.09000015258789062
1995-08-25,0.0047245043300891965,-0.10699987411499023
1995-08-28,-0.0018764028689641776,-0.05200004577636719
1995-08-29,0.001697890971129823,0.029999732971191406
1995-08-30,0.0016414786617309218,-0.03399991989135742
1995-08-31,0.0017100502619173952,-0.051000118255615234
1995-09-01,0.0034822582845075445,-0.06299972534179688
1995-09-05,0.009408558311804427,-0.04699993133544922
1995-09-06,0.0017554027538508876,0.005000114440917969
1995-09-07,0.00021043284593957878,0.03299999237060547
1995-09-08,0.0041821188538069265,0.03299999237060547
1995-09-11,0.002145459104326619,-0.012000083923339844
1995-09-12,0.004520159744577867,-0.07200002670288086
1995-09-13,0.003912493233253933,0.02500009536743164
1995-09-14,0.008327730641203068,-0.10400009155273438
1995-09-15,-0.0004456190077313238,0.03299999237060547
1995-09-18,-0.000994676542607209,0.06199979782104492
1995-09-19,0.002450779973160344,-0.03299999237060547
1995-09-20,0.004389542654640088,-0.03800010681152344
1995-09-21,-0.006445767153083537,0.10500001907348633
1995-09-22,-0.0021807973622811616,0.03299999237060547
1995-09-25,0.00013754076607774834,-0.0039997100830078125
1995-09-26,-0.0006877881052718138,0.029999732971191406
1995-09-27,-0.0006365781671870963,0.012000083923339844
1995-09-28,0.00827835014667766,-0.012000083923339844
1995-09-29,-0.0024951682840761436,-0.10199975967407227
1995-10-02,-0.00461356339742558,-0.013000011444091797
1995-10-03,0.0010653337667951845,-0.029000282287597656
1995-10-04,-0.0014951861837566582,-0.029999732971191406
1995-10-05,0.0019930153560654418,-0.01600027084350586
1995-10-06,-0.00024034374089865196,-0.008999824523925781
1995-10-10,-0.00856889349513068,0.004000186920166016
1995-10-11,0.003353565645012324,0.012000083923339844
1995-10-12,0.006261983063589938,-0.029000282287597656
1995-10-13,0.0023981245534407947,-0.10799980163574219
1995-10-16,-0.0025180876602179936,0.015999794006347656
1995-10-17,0.006411319201368393,-0.012000083923339844
1995-10-18,0.0011241048460908232,0.024000167846679688
1995-10-19,0.005449549429392242,-0.007999897003173828
1995-10-20,-0.00541547073191051,0.05800008773803711
1995-10-23,-0.0040937940946799145,0.03299999237060547
1995-10-24,0.0025264275978083006,-0.0540003776550293
1995-10-25,-0.0069631978299788955,-0.004999637603759766
1995-10-26,-0.009920802372805682,0.05900001525878906
1995-10-27,0.005153920105994025,-0.026000022888183594
1995-10-30,0.0061051614983549385,0.0
1995-10-31,-0.003004938942820168,-0.021000385284423828
1995-11-01,0.004666602113008622,-0.0409998893737793
1995-11-02,0.00937022423059286,-0.05900001525878906
1995-11-03,0.0014403863184195842,0.012000083923339844
1995-11-06,-0.0035791923049464103,0.02500009536743164
1995-11-07,-0.003643264206353969,0.03299999237060547
1995-11-08,0.009150959020873373,-0.07000017166137695
1995-11-09,0.0026160808044890516,0.04900026321411133
1995-11-10,-0.0009107052542516314,0.03299999237060547
1995-11-13,-0.0007088200071727613,-0.029000282287597656
1995-11-14,-0.005094857545744347,-0.0039997100830078125
1995-11-15,0.00789362889372125,0.028999805450439453
1995-11-16,0.0056744964558461675,-0.06699991226196289
1995-11-17,0.0045598168061928845,-0.017000198364257812
1995-11-20,-0.005380542647201558,0.017000198364257812
1995-11-21,0.005663774331747362,0.019999980926513672
1995-11-22,-0.0030700915087713554,-0.008999824523925781
1995-11-24,0.0026201376763683726,-0.029000282287597656
1995-11-27,0.002247645804331455,-0.026000022888183594
1995-11-28,0.008495053943690323,0.005000114440917969
1995-11-29,0.001960320563002327,-0.03800010681152344
1995-11-30,-0.00374279216648965,-0.09200000762939453
1995-12-01,0.0026559761296898188,-0.0409998893737793
1995-12-04,0.010977798306364583,-0.08599996566772461
1995-12-05,0.006496904426808392,0.032000064849853516
1995-12-06,0.004039234531576064,0.01699972152709961
1995-12-07,-0.006486874924441999,0.04500007629394531
1995-12-08,0.002123775932992622,0.01600027084350586
1995-12-11,0.0032983684915199873,-0.03299999237060547
1995-12-12,-0.0011951712723599073,0.01699972152709961
1995-12-13,0.004691735242333017,0.019999980926513672
1995-12-14,-0.007702251991020148,0.004000186920166016
1995-12-15,-0.0009405252628758021,0.0039997100830078125
1995-12-18,-0.0155830796808889,0.10100030899047852
1995-12-19,0.008402161706756672,-0.10900020599365234
1995-12-20,-0.009836909620882572,0.007999897003173828
1995-12-21,0.007480922108210386,0.009000301361083984
1995-12-22,0.002388702372253526,-0.05900001525878906
1995-12-26,0.003832788522325714,-0.012000083923339844
1995-12-27,0.0003744073686258176,-0.03299999237060547
1995-12-28,-0.0006674548272691538,-0.02500009536743164
1995-12-29,0.002942967981677036,-0.04500007629394531
1996-01-02,0.007762864492984356,0.012000083923339844
1996-01-03,0.0009500855934145847,-0.020999908447265625
1996-01-04,-0.00584333644394075,0.05299997329711914
1996-01-05,-0.001603989629402669,0.05800008773803711
1996-01-08,0.0028336198396852197,-0.004000186920166016
1996-01-09,-0.014675621542775907,0.0
1996-01-10,-0.018163856202040307,0.06599998474121094
1996-01-11,0.007009897470153348,0.017000198364257812
1996-01-12,-0.001461195582211694,-0.004000186920166016
1996-01-16,0.010956531638776745,-0.09599971771240234
1996-01-17,-0.003407955699786136,-0.0989999771118164
1996-01-18,0.0030791721083129886,-0.0410003662109375
1996-01-19,0.005884969214859481,-0.0009999275207519531
1996-01-22,0.002562797401865602,0.07400035858154297
1996-01-23,-0.0009950275827357302,0.046000003814697266
1996-01-24,0.011632731372278826,-0.04200029373168945
1996-01-25,-0.00473730270078665,0.08699989318847656
1996-01-26,0.007411273142910346,-0.053999900817871094
1996-01-29,0.004173857689270477,0.046000003814697266
1996-01-30,0.009455101624457285,-0.05800008773803711
1996-01-31,0.00927211506836123,-0.03299999237060547
1996-02-01,0.003829021001664046,0.019999980926513672
1996-02-02,-0.004112059497124676,0.0410003662109375
1996-02-05,0.008753045831763728,0.037999629974365234
1996-02-06,0.0076101882736061555,-0.024999618530273438
1996-02-07,0.005554417808489198,0.0039997100830078125
1996-02-08,0.0094028482186026,-0.0009999275207519531
1996-02-09,0.00045714516112749237,-0.007999897003173828
1996-02-12,0.007709766470100909,-0.053999900817871094
1996-02-13,-0.0014221346851783778,-0.029000282287597656
1996-02-14,-0.007491912611887308,0.046000003814697266
1996-02-15,-0.006519281925069009,0.07800006866455078
1996-02-16,-0.005141282604525621,0.05900001525878906
1996-02-20,-0.011376477472832214,0.24100017547607422
1996-02-21,0.011561643699606883,-0.017000198364257812
1996-02-22,0.016466078841211207,-0.06400012969970703
1996-02-23,0.00033390251440579277,0.05500030517578125
1996-02-26,-0.013165110437642014,0.029999732971191406
1996-02-27,-0.004962685237932973,0.05200004577636719
1996-02-28,-0.0038545086820480634,0.059999942779541016
1996-02-29,-0.006722830451105111,0.005000114440917969
1996-03-01,0.006133273396279115,-0.13399982452392578
1996-03-04,0.009944649472616973,-0.07200002670288086
1996-03-05,0.007622845058024907,0.04699993133544922
1996-03-06,-0.0057960203106173225,0.08599996566772461
1996-03-07,0.0025275154315744786,0.020999908447265625
1996-03-08,-0.03131207759703347,0.35200023651123047
1996-03-11,0.010239456620876553,-0.10700035095214844
1996-03-12,-0.004588481352536533,0.03600025177001953
1996-03-13,0.002288986795939252,-0.005000114440917969
1996-03-14,0.003626658795488069,0.01399993896484375
1996-03-15,0.0008734268104584331,0.10300016403198242
1996-03-18,0.01734098781096627,-0.031000137329101562
1996-03-19,-0.001472042759168346,-0.026999950408935547
1996-03-20,-0.002627429346688359,-0.06699991226196289
1996-03-21,-0.0012161274276625278,-0.057000160217285156
1996-03-22,0.002200311207628758,0.039999961853027344
1996-03-25,-0.0008918812606948379,-0.0839996337890625
1996-03-26,0.004497275891120367,0.004999637603759766
1996-03-27,-0.006237150729026197,0.07999992370605469
1996-03-28,4.6275451623500885e-05,0.09300041198730469
1996-03-29,-0.005315055982821448,-0.0710000991821289
1996-04-01,0.012669182013611113,-0.026000022888183594
1996-04-02,0.002337726040819277,-0.0710000991821289
1996-04-03,0.0009457344852137339,0.018000125885009766
1996-04-04,-3.052362724442759e-05,0.0710000991821289
1996-04-08,-0.01787601687017215,0.2849998474121094
1996-04-09,-0.0031870984661210855,-0.059999942779541016
1996-04-10,-0.013624214101609411,0.06399965286254883
1996-04-11,-0.003668928013614625,0.0560002326965332
1996-04-12,0.00872325564571863,-0.17299985885620117
1996-04-15,0.009036909852965458,-0.03600025177001953
1996-04-16,0.003899079549508855,-0.0039997100830078125
1996-04-17,-0.00526969716076664,0.048999786376953125
1996-04-18,0.003112310203705171,0.051000118255615234
1996-04-19,0.0022659195543468513,-0.04500007629394531
1996-04-22,0.004362102072562379,-0.04500007629394531
1996-04-23,0.005679257342419142,0.026999950408935547
1996-04-24,-0.0021663679372325717,0.05900001525878906
1996-04-25,0.004144179943483373,-0.013000011444091797
1996-04-26,0.0009033351264573497,-0.021999835968017578
1996-04-29,0.001070572859608987,0.04999971389770508
1996-04-30,1.5301592047656243e-05,0.06400012969970703
1996-05-01,0.0006266043065572546,0.03299999237060547
1996-05-02,-0.01725829764953879,0.16700029373168945
1996-05-03,-0.0027237158754926938,0.0429997444152832
1996-05-06,-0.001278823858286593,-0.03699970245361328
1996-05-07,-0.003987258174647401,0.008999824523925781
1996-05-08,0.010147955206270431,-0.051000118255615234
1996-05-09,0.0010385642011261353,0.03399991989135742
1996-05-10,0.010250371845556216,-0.09100008010864258
1996-05-13,0.014342484967398761,-0.03399991989135742
1996-05-14,0.006163737465869623,-0.059999942779541016
1996-05-15,-0.00027045826883309587,-0.013000011444091797
1996-05-16,-0.0008569799768283204,0.059999942779541016
1996-05-17,0.0060880672007277425,-0.04799985885620117
1996-05-20,0.006318741911343295,-0.03399991989135742
1996-05-21,-0.0005795553186311864,0.02500009536743164
1996-05-22,0.008377871609558163,-0.017000198364257812
1996-05-23,-0.0035734639415894165,0.0560002326965332
1996-05-24,0.0037061559096160934,-0.03500032424926758
1996-05-28,-0.009298717137330215,0.017000198364257812
1996-05-29,-0.006417148154214125,0.10799980163574219
1996-05-30,0.005628463785121163,-0.007999897003173828
1996-05-31,-0.003848421503253263,0.08699989318847656
1996-06-03,-0.0021544030693156913,0.017000198364257812
1996-06-04,0.007282317323433318,-0.018000125885009766
1996-06-05,0.00870472540517575,-0.026000022888183594
1996-06-06,-0.00800609989812262,-0.06999969482421875
1996-06-07,0.0004158953312973779,0.17100000381469727
1996-06-10,-0.0017094765682834634,0.039999961853027344
1996-06-11,-0.001771984547338512,0.021999835968017578
1996-06-12,-0.0028805666885469705,0.034999847412109375
1996-06-13,-0.001675435932121161,-0.013000011444091797
1996-06-14,-0.003103997016938642,-0.06599998474121094
1996-06-17,-0.0010368104368803088,-0.048999786376953125
1996-06-18,-0.004671390261810515,0.026000022888183594
1996-06-19,-0.00015101823938135084,0.039999961853027344
1996-06-20,0.00021140071305048025,0.008999824523925781
1996-06-21,0.00713361229543974,-0.018000125885009766
1996-06-24,0.003009605887482003,-0.01699972152709961
1996-06-25,-0.0005533340892460714,-0.031000137329101562
1996-06-26,-0.006137100650969174,0.0
1996-06-27,0.00624182130188089,-0.07999992370605469
1996-06-28,0.003106406567987108,-0.10500001907348633
1996-07-01,0.007797976347130309,0.013000011444091797
1996-07-02,-0.0033642660393740087,0.06199979782104492
1996-07-03,-0.0017978488341547916,-0.03099966049194336
1996-07-05,-0.02249992899469344,0.29199981689453125
1996-07-08,-0.007481102521201599,0.0
1996-07-09,0.003381077060418569,-0.04500007629394531
1996-07-10,0.001998761067063093,-0.07200002670288086
1996-07-11,-0.015963733575099504,-0.043999671936035156
1996-07-12,0.0008050710839153652,-0.05200004577636719
1996-07-15,-0.02569129267916903,0.03900003433227539
1996-07-16,-0.002273132106076936,-0.06500005722045898
1996-07-17,0.009030212809783222,0.013000011444091797
1996-07-18,0.014855889001001543,-0.1119999885559082
1996-07-19,-0.007533459694385236,0.06399965286254883
1996-07-22,-0.007795655884438091,0.05200004577636719
1996-07-23,-0.010946968587004058,-0.029999732971191406
1996-07-24,-0.00035096480623408866,0.0689997673034668
1996-07-25,0.0071870027914098245,-0.013000011444091797
1996-07-26,0.007466143857701724,-0.01399993896484375
1996-07-29,-0.007878177608901638,0.07899999618530273
1996-07-30,0.0068712002255510995,-0.043999671936035156
1996-07-31,0.007355688093838353,-0.0820002555847168
1996-08-01,0.01561309431746416,-0.1640000343322754
1996-08-02,0.01900228697180406,-0.13199996948242188
1996-08-05,-0.003417219086324863,0.017000198364257812
1996-08-06,0.003251187170407732,0.020999908447265625
1996-08-07,0.00268362711936021,0.007999897003173828
1996-08-08,-0.002366605648104425,0.017000198364257812
1996-08-09,-0.0007398731642620504,-0.06800031661987305
1996-08-12,0.005527729828817662,-0.013000011444091797
1996-08-13,-0.00840145697694794,0.08900022506713867
1996-08-14,0.0027982254385428007,0.0
1996-08-15,0.0003474081282632824,0.0429997444152832
1996-08-16,0.004414341833896884,-0.06499958038330078
1996-08-19,0.0020573747516445806,0.029999732971191406
1996-08-20,-0.0013360876816097544,0.0
1996-08-21,-0.0009317910930546347,0.03000020980834961
1996-08-22,0.008399802862346206,0.007999897003173828
1996-08-23,-0.005457045812236494,0.09000015258789062
1996-08-26,-0.00473364872930393,0.09099960327148438
1996-08-27,0.0037887098808999653,-0.026000022888183594
1996-08-28,-0.002388845614680335,0.017000198364257812
1996-08-29,-0.011208583506279624,0.06599998474121094
1996-08-30,-0.008263488959881826,0.08699989318847656
1996-09-03,0.004178409168485331,-0.043999671936035156
1996-09-04,0.0013584590372754946,0.034999847412109375
1996-09-05,-0.009455620763463735,0.03599977493286133
1996-09-06,0.009562397030283165,-0.039999961853027344
1996-09-09,0.012247799188495279,-0.039999961853027344
1996-09-10,7.530720446613515e-05,0.03500032424926758
1996-09-11,0.0052138315651948375,0.004999637603759766
1996-09-12,0.005782903471831524,-0.06199979782104492
1996-09-13,0.013893873075425667,-0.1399998664855957
1996-09-16,0.00504208048815169,-0.013000011444091797
1996-09-17,-0.0015216373174844477,0.08299970626831055
1996-09-18,-0.0021548249221696736,0.02200031280517578
1996-09-19,0.0022426729367603926,0.029999732971191406
1996-09-20,0.005883142463193103,-0.01699972152709961
1996-09-23,-0.0008009389864200855,-0.018000125885009766
1996-09-24,-0.0012681314716243008,-0.06599998474121094
1996-09-25,0.00032087694653437637,-0.0560002326965332
1996-09-26,4.3695385502751094e-05,-0.04799985885620117
1996-09-27,0.0004810569573177048,0.03000020980834961
1996-09-30,0.0016599902353204854,0.03099966049194336
1996-10-01,0.002542848278511478,-0.06999969482421875
1996-10-02,0.007128984317072096,-0.03900003433227539
1996-10-03,-0.0017738529360915578,0.0
1996-10-04,0.012451377810851483,-0.12900018692016602
1996-10-07,0.002676546041876726,0.05200004577636719
1996-10-08,-0.003846230652522209,0.007999897003173828
1996-10-09,-0.005581924067616484,0.02200031280517578
1996-10-10,-0.0030617839999544927,0.055999755859375
1996-10-11,0.008672193754103219,-0.05200004577636719
1996-10-15,0.002722341149919316,0.0
1996-10-16,0.0026154840790217904,0.018000125885009766
1996-10-17,0.0036559728362250965,-0.06500005722045898
1996-10-18,0.0054027357866131,-0.017000198364257812
1996-10-21,-0.0013655977823106014,0.021000385284423828
1996-10-22,-0.0046313581622570155,0.04699993133544922
1996-10-23,0.0009902283864287043,-0.004000186920166016
1996-10-24,-0.0070661230932724806,0.017000198364257812
1996-10-25,-0.0019526593890120125,-0.03399991989135742
1996-10-28,-0.005235350989647891,0.013000011444091797
1996-10-29,0.006062517073963214,-0.1550002098083496
1996-10-30,-0.0008556412037892258,-0.004000186920166016
1996-10-31,0.006215477572608208,-0.034999847412109375
1996-11-01,-0.0021291099259839186,0.013000011444091797
1996-11-04,0.004197044002153483,-0.020999908447265625
1996-11-05,0.010430372074586636,-0.06800031661987305
1996-11-06,0.014526972649003156,0.008000373840332031
1996-11-07,0.004214182200171557,-0.03800010681152344
1996-11-08,0.004347004508774788,0.012000083923339844
1996-11-12,-0.0017255920706524819,-0.0840001106262207
1996-11-13,0.002149679844722918,0.017000198364257812
1996-11-14,0.0064757793988095,-0.046000003814697266
1996-11-15,0.002361711629635721,0.024999618530273438
1996-11-18,-0.0008137248590616153,0.01600027084350586
1996-11-19,0.006949761795969955,-0.029000282287597656
1996-11-20,0.0024090275226447133,-0.037999629974365234
1996-11-21,-0.0016143303393922892,0.0039997100830078125
1996-11-22,0.008018897459044716,0.007999897003173828
1996-11-25,0.01102450966907842,-0.013000011444091797
1996-11-26,-0.0014144276781058451,0.0
1996-11-27,-0.0012707445437092346,0.004000186920166016
1996-11-29,0.0026719497188567587,-0.07899999618530273
1996-12-02,-0.0006078594876077759,0.012000083923339844
1996-12-03,-0.011004560847281297,-0.007999897003173828
1996-12-04,-0.004258873839466659,0.053999900817871094
1996-12-05,-0.0009667411024505412,0.10899972915649414
1996-12-06,-0.00644219718792538,0.034000396728515625
1996-12-09,0.013643701841282052,-0.04700040817260742
1996-12-10,-0.0029653821988908646,0.009000301361083984
1996-12-11,-0.009151626086437936,0.14400005340576172
1996-12-12,-0.015551006806926893,0.029999732971191406
1996-12-13,-0.0009053502729949869,-0.06399965286254883
1996-12-16,-0.010568432419876927,0.04699993133544922
1996-12-17,0.006993708902772511,0.03399991989135742
1996-12-18,0.007546791626866778,0.04400014877319336
1996-12-19,0.019251974630350333,-0.10000038146972656
1996-12-20,0.00416155146057573,-0.0039997100830078125
1996-12-23,-0.002607335709411629,-0.009000301361083984
1996-12-24,0.005487575242437259,0.005000114440917969
1996-12-26,0.006357625569798131,0.004000186920166016
1996-12-27,0.0012825128029998467,-0.05200004577636719
1996-12-30,-0.0038923982466023688,0.0039997100830078125
1996-12-31,-0.01754370349139922,0.12100028991699219
1997-01-02,-0.0050481994790461115,0.11700010299682617
1997-01-03,0.014841649418814384,-0.026000022888183594
1997-01-06,-0.0005081366032078094,0.021999835968017578
1997-01-07,0.007435613433972144,0.034999847412109375
1997-01-08,-0.006419679852334603,0.013000011444091797
1997-01-09,0.008568101404922146,-0.06099987030029297
1997-01-10,0.006141300365015923,0.10099983215332031
1997-01-13,1.31793280635506e-05,-0.0039997100830078125
1997-01-14,0.012235377899262545,-0.09299993515014648
1997-01-15,-0.00216133978277977,0.0
1997-01-16,0.0033182473242359123,0.048999786376953125
1997-01-17,0.008305759532583501,-0.031000137329101562
1997-01-21,0.00840344929198622,-0.034999847412109375
1997-01-22,0.004474350018382367,0.034999847412109375
1997-01-23,-0.011088537293479916,0.03500032424926758
1997-01-24,-0.009095171411983571,0.048999786376953125
1997-01-27,-0.007163634136078123,0.04400014877319336
1997-01-28,0.0,-0.034999847412109375
1997-01-29,0.009730005965880473,-0.018000125885009766
1997-01-30,0.014993803013969575,-0.02200031280517578
1997-01-31,0.002534488107991173,-0.07899999618530273
1997-02-03,0.0007247898657656293,-0.06599998474121094
1997-02-04,0.0032107202279201275,-0.008999824523925781
1997-02-05,-0.014009415741268683,0.008999824523925781
1997-02-06,0.0023998459349741097,0.017000198364257812
1997-02-07,0.011989585001423997,-0.06099987030029297
1997-02-10,-0.005244495996344689,0.004999637603759766
1997-02-11,0.005282528224333838,0.004000186920166016
1997-02-12,0.016554413935318202,0.013000011444091797
1997-02-13,0.011210378387312758,-0.10500001907348633
1997-02-14,-0.004122732347687119,-0.04699993133544922
1997-02-18,0.009613739680816913,0.004000186920166016
1997-02-19,-0.004666062649961056,0.01699972152709961
1997-02-20,-0.011997992699852134,0.0560002326965332
1997-02-21,-0.0012837936624485735,0.007999897003173828
1997-02-24,0.010558095047922933,0.029999732971191406
1997-02-25,0.002157418268479816,0.005000114440917969
1997-02-26,-0.007850689121408294,0.16900014877319336
1997-02-27,-0.013256461944521014,0.008999824523925781
1997-02-28,-0.005359779221720373,-0.026000022888183594
1997-03-03,0.005661581602861787,0.02200031280517578
1997-03-04,-0.00549720260781239,0.026000022888183594
1997-03-05,0.01386135670613875,-0.004000186920166016
1997-03-06,-0.004286024120068177,0.026000022888183594
1997-03-07,0.007994870584354885,-0.05299997329711914
1997-03-10,0.010725354863837744,-0.004000186920166016
1997-03-11,-0.002843093239616401,0.009000301361083984
1997-03-12,-0.008764622743737682,0.026000022888183594
1997-03-13,-0.018446786946199722,0.1289997100830078
1997-03-14,0.004561727718855657,-0.026999950408935547
1997-03-17,0.003197272567469156,0.01399993896484375
1997-03-18,-0.007632386403615854,0.013000011444091797
1997-03-19,-0.004938285466966619,0.01399993896484375
1997-03-20,-0.0039785250700878905,0.0
1997-03-21,0.001850903572130136,0.004000186920166016
1997-03-24,0.00862238004294369,-0.021999835968017578
1997-03-25,-0.0023038660522125554,0.039999961853027344
1997-03-26,0.0018106105583344245,0.03599977493286133
1997-03-27,-0.02124882752971935,0.09999990463256836
1997-03-31,-0.021895074219032473,0.023000240325927734
1997-04-01,0.0033229012286630777,-0.026999950408935547
1997-04-02,-0.012624813215305508,-0.018000125885009766
1997-04-03,0.0002799490480107636,-0.008999824523925781
1997-04-04,0.010051691068614588,0.05499982833862305
1997-04-07,0.005565668186074291,-0.05000019073486328
1997-04-08,0.00522165784419748,0.032000064849853516
1997-04-09,-0.007231245665296981,0.0
1997-04-10,-0.0029756940951504163,0.004000186920166016
1997-04-11,-0.02766237883992506,0.0689997673034668
1997-04-14,0.008208549020105593,0.0010004043579101562
1997-04-15,0.014668741236983251,-0.09600019454956055
1997-04-16,0.011605674270145805,0.018000125885009766
1997-04-17,-0.0023077564943241313,-0.0410003662109375
1997-04-18,0.005981272042004271,-0.021999835968017578
1997-04-21,-0.007820820040728371,0.03600025177001953
1997-04-22,0.018554507480724958,-0.031000137329101562
1997-04-23,-0.0012529899306032988,0.0409998893737793
1997-04-24,-0.003184868192287915,0.0409998893737793
1997-04-25,-0.007562429200959286,0.018000125885009766
1997-04-28,0.009867958581018854,-0.026999950408935547
1997-04-29,0.026919086950791815,-0.15000009536743164
1997-04-30,0.009138943749607442,-0.048999786376953125
1997-05-01,-0.0035127858507291165,-0.02200031280517578
1997-05-02,0.01792159837871754,-0.01399993896484375
1997-05-05,0.021080838430922455,-0.013000011444091797
1997-05-06,-0.0030517417976998473,-0.0039997100830078125
1997-05-07,-0.014774714856905291,0.07599973678588867
1997-05-08,0.005672820840037396,-0.018000125885009766
1997-05-09,0.005495344549491854,-0.055999755859375
1997-05-12,0.015495538541533627,-0.017000198364257812
1997-05-13,-0.005422559892361178,0.06500005722045898
1997-05-14,0.0034867342720596994,-0.026000022888183594
1997-05-15,0.006961059522659241,-0.017999649047851562
1997-05-16,-0.014513041470778809,0.034999847412109375
1997-05-19,0.004233292139232958,0.0039997100830078125
1997-05-20,0.010018357570843683,-0.0039997100830078125
1997-05-21,-0.0027483466286062352,0.034999847412109375
1997-05-22,-0.0044059540225740434,0.017000198364257812
1997-05-23,0.013514348079924687,-0.013000011444091797
1997-05-27,0.0031589929199418165,0.05299997329711914
1997-05-28,-0.0029465169177091965,0.0
1997-05-29,-0.0037013266605905315,-0.04400014877319336
1997-05-30,0.004963507427112823,-0.07499980926513672
1997-06-02,-0.002266020807144997,-0.017000198364257812
1997-06-03,-0.00104029338466205,-0.029999732971191406
1997-06-04,-0.0063716721073889815,-0.005000114440917969
1997-06-05,0.00394408409818503,-0.004000186920166016
1997-06-06,0.01713886350676397,-0.11700010299682617
1997-06-09,0.0056946013400871465,0.048000335693359375
1997-06-10,0.002731252373978421,0.012000083923339844
1997-06-11,0.004957225487180139,-0.008000373840332031
1997-06-12,0.015847196114797235,-0.07799959182739258
1997-06-13,0.01104286753663164,-0.051000118255615234
1997-06-16,0.000705030739569068,-0.026000022888183594
1997-06-17,0.0005815049975570474,0.026000022888183594
1997-06-18,-0.006010722349261144,-0.03000020980834961
1997-06-19,0.009994199453799979,0.0
1997-06-20,0.0007903667395634528,-0.026000022888183594
1997-06-23,-0.022596799034720227,0.03399991989135742
1997-06-24,0.01996734603093664,0.008000373840332031
1997-06-25,-0.0082338593718978,0.034999847412109375
1997-06-26,-0.005990978007072378,0.04699993133544922
1997-06-27,0.00408813221922788,-0.034999847412109375
1997-06-30,-0.002437288947225724,0.055999755859375
1997-07-01,0.006632288680877174,-0.06399965286254883
1997-07-02,0.014484448271776529,-0.03500032424926758
1997-07-03,0.014157630719942915,-0.11499977111816406
1997-07-07,-0.00516093114959304,-0.03800010681152344
1997-07-08,0.007154772867478343,0.007999897003173828
1997-07-09,-0.01227643243564902,-0.02500009536743164
1997-07-10,0.006852256232178,0.008000373840332031
1997-07-11,0.0031685650277530897,-0.021000385284423828
1997-07-14,0.0018528142901335087,0.017000198364257812
1997-07-15,0.008003778695074182,0.007999897003173828
1997-07-16,0.011630616113065706,-0.06299972534179688
1997-07-17,-0.00533139200011945,-0.0009999275207519531
1997-07-18,-0.017662389395393774,0.05099964141845703
1997-07-21,-0.0025817033594943695,0.020999908447265625
1997-07-22,0.022784840116899296,-0.1099996566772461
1997-07-23,0.002758581753143474,-0.020999908447265625
1997-07-24,0.003985374736333647,0.013000011444091797
1997-07-25,-0.0016071716821661752,0.028999805450439453
1997-07-28,-0.002495645407508462,-0.026000022888183594
1997-07-29,0.006216916295215036,-0.05000019073486328
1997-07-30,0.010556527672285654,-0.046000003814697266
1997-07-31,0.0021189765162601404,-0.037999629974365234
1997-08-01,-0.007541630700295343,0.17599964141845703
1997-08-04,0.0033307783770579746,0.034000396728515625
1997-08-05,0.0021758982477484423,0.007999897003173828
1997-08-06,0.008312960259286406,-0.017000198364257812
1997-08-07,-0.009552735027023473,0.018000125885009766
1997-08-08,-0.01873004683382451,0.14099979400634766
1997-08-11,0.003699494220415822,-0.013000011444091797
1997-08-12,-0.011236825492783709,0.02200031280517578
1997-08-13,-0.004879520267233595,-0.03000020980834961
1997-08-14,0.002978142587287458,-0.0819997787475586
1997-08-15,-0.02625072320878008,-0.013000011444091797
1997-08-18,0.012882759933403598,-0.04699993133544922
1997-08-19,0.014707928479539945,0.0039997100830078125
1997-08-20,0.01430307645307316,0.02200031280517578
1997-08-21,-0.015340343813394774,0.06399965286254883
1997-08-22,-0.0016336885186953864,0.07299995422363281
1997-08-25,-0.003666549611046399,0.018000125885009766
1997-08-26,-0.007789731227795471,-0.008999824523925781
1997-08-27,0.0007444958125768508,-0.004000186920166016
1997-08-28,-0.01103807277665414,-0.07800006866455078
1997-08-29,-0.004658562186928172,0.03900003433227539
1997-09-02,0.030773394154381073,-0.034999847412109375
1997-09-03,0.00030178099370026246,0.008999824523925781
1997-09-04,0.003238783931430511,0.013000011444091797
1997-09-05,-0.001957081941001526,0.026000022888183594
1997-09-08,0.0023115445465968776,-0.026000022888183594
1997-09-09,0.00259540787754009,0.009000301361083984
1997-09-10,-0.01575070008426671,0.01699972152709961
1997-09-11,-0.00703205772162363,0.03000020980834961
1997-09-12,0.012327895075400441,-0.0950002670288086
1997-09-15,-0.004490975210344139,-0.013000011444091797
1997-09-16,0.027738302409293425,-0.17100000381469727
1997-09-17,-0.0027956797986403714,-0.007999897003173828
1997-09-18,0.004538970679076826,0.004000186920166016
1997-09-19,0.003393439613233795,-0.013000011444091797
1997-09-22,0.005162800331762085,-0.029000282287597656
1997-09-23,-0.0036699982754226923,0.03299999237060547
1997-09-24,-0.007857004169097515,-0.046000003814697266
1997-09-25,-0.006980523870772082,0.07999992370605469
1997-09-26,0.007763706694840167,-0.04199981689453125
1997-09-29,0.008553962661126846,0.007999897003173828
1997-09-30,-0.006376885348138295,0.026000022888183594
1997-10-01,0.008545788662355669,-0.08099985122680664
1997-10-02,0.005271819629659724,-0.02500009536743164
1997-10-03,0.004746860055092839,-0.005000114440917969
1997-10-06,0.00790621237325162,-0.04199981689453125
1997-10-07,0.010665751339265839,-0.028999805450439453
1997-10-08,-0.009484136331471937,0.14799976348876953
1997-10-09,-0.003312009139174954,0.007999897003173828
1997-10-10,-0.003757245021099642,0.05500030517578125
1997-10-14,0.00340692731332215,-0.07600021362304688
1997-10-15,-0.004710813044136231,0.03399991989135742
1997-10-16,-0.010900820460122418,-0.013000011444091797
1997-10-17,-0.011677471461919886,0.06400012969970703
1997-10-20,0.012054249832476494,-0.013000011444091797
1997-10-21,0.01729399425563294,-0.004000186920166016
1997-10-22,-0.0039057114880298727,-0.013000011444091797
1997-10-23,-0.018550108152736833,-0.09799957275390625
1997-10-24,-0.00956498782874693,-0.017000198364257812
1997-10-27,-0.07112747282045273,-0.10099983215332031
1997-10-28,0.04988691536939793,0.06699991226196289
1997-10-29,-0.0029223137632987672,-0.06300020217895508
1997-10-30,-0.016984872949445062,-0.06699991226196289
1997-10-31,0.012033365809406504,-0.017000198364257812
1997-11-03,0.026296145994861853,0.07500028610229492
1997-11-04,0.0018832504901009628,0.04199981689453125
1997-11-05,0.0021236840924796496,-0.0039997100830078125
1997-11-06,-0.005029791037181042,-0.043000221252441406
1997-11-07,-0.011278376046065297,-0.0039997100830078125
1997-11-10,-0.006902404105233018,0.020999908447265625
1997-11-12,-0.016606003306846695,-0.020999908447265625
1997-11-13,0.011741420730290386,-0.02500009536743164
1997-11-14,0.012672190613441714,-0.013000011444091797
1997-11-17,0.019045185543016707,-0.013000011444091797
1997-11-18,-0.008458875407656663,0.0
1997-11-19,0.0067558986546609745,-0.03299999237060547
1997-11-20,0.01511919989676258,0.02500009536743164
1997-11-21,0.004276694017896432,-0.021000385284423828
1997-11-24,-0.017196347704707016,0.046000003814697266
1997-11-25,0.004374232330712324,-0.013000011444091797
1997-11-26,0.0008620495206512757,0.013000011444091797
1997-11-28,0.003943299103142728,0.0
1997-12-01,0.02007143926092958,-0.004999637603759766
1997-12-02,-0.003175041158971048,0.0
1997-12-03,0.005224705178314082,-0.021000385284423828
1997-12-04,-0.0037644030509058624,0.009000301361083984
1997-12-05,0.01092561056827357,0.05800008773803711
1997-12-08,-0.0014444228103860368,0.05099964141845703
1997-12-09,-0.006730833304406936,-0.0039997100830078125
1997-12-10,-0.006157650635921108,-0.04699993133544922
1997-12-11,-0.015431016718054025,-0.08000040054321289
1997-12-12,-0.0016244445352038284,-0.07999992370605469
1997-12-15,0.010434260139550844,0.03399991989135742
1997-12-16,0.004815056595955269,-0.004999637603759766
1997-12-17,-0.0025858784740169227,0.029999732971191406
1997-12-18,-0.010662093067034029,-0.04199981689453125
1997-12-19,-0.008958629922710237,-0.03800010681152344
1997-12-22,0.007282384809487397,0.0
1997-12-23,-0.015395249405191436,0.007999897003173828
1997-12-24,-0.006870301158669712,0.008000373840332031
1997-12-26,0.0040232133884430255,0.007999897003173828
1997-12-29,0.017875239692640932,0.013000011444091797
1997-12-30,0.018179631895408832,0.037999629974365234
1997-12-31,-0.00042243910600792134,-0.04699993133544922
1998-01-02,0.004739208571065134,-0.0839996337890625
1998-01-05,0.0020798316118284532,-0.15700006484985352
1998-01-06,-0.0107942190785284,-0.02500009536743164
1998-01-07,-0.0026727911849651065,0.053999900817871094
1998-01-08,-0.008281094439770875,-0.06199979782104492
1998-01-09,-0.03011257228471287,-0.08599996566772461
1998-01-12,0.012341491885369926,-0.009000301361083984
1998-01-13,0.013651952368056719,0.029000282287597656
1998-01-14,0.0060940759384351395,0.039999961853027344
1998-01-15,-0.00755505805843093,0.020999908447265625
1998-01-16,0.01127488552782463,0.05299997329711914
1998-01-20,0.017617978359757203,0.03299999237060547
1998-01-21,-0.007992181839634682,-0.020999908447265625
1998-01-22,-0.008035847083912806,0.007999897003173828
1998-01-23,-0.005675185523039694,0.15000009536743164
1998-01-26,-0.0006685832202206754,-0.06699991226196289
1998-01-27,0.01253411542805516,0.06699991226196289
1998-01-28,0.008672121117151654,-0.004000186920166016
1998-01-29,0.008181576712973815,-0.12199974060058594
1998-01-30,-0.0053006944704376835,-0.04500007629394531
1998-02-02,0.02118621769274842,0.04500007629394531
1998-02-03,0.004712857938926618,-0.012000083923339844
1998-02-04,0.0008942565086442755,0.0039997100830078125
1998-02-05,-0.003342601133200951,0.05000019073486328
1998-02-06,0.008849307694583253,0.0030002593994140625
1998-02-09,-0.0017003085629641035,0.037999629974365234
1998-02-10,0.008148851133957358,-0.01699972152709961
1998-02-11,0.000980863425170675,-0.05000019073486328
1998-02-12,0.0040408095815802625,-0.04799985885620117
1998-02-13,-0.0039623653009579485,-0.05000019073486328
1998-02-17,0.0026139798640150147,-0.04500007629394531
1998-02-18,0.009071275967001746,0.04500007629394531
1998-02-19,-0.0036886088773417924,0.020999908447265625
1998-02-20,0.005750280494436488,0.028000354766845703
1998-02-23,0.003792852045866546,0.046000003814697266
1998-02-24,-0.0073282638456726445,0.10399961471557617
1998-02-25,0.011902916882147174,-0.057999610900878906
1998-02-26,0.005517418953412623,0.024999618530273438
1998-02-27,0.0006386260262338794,-0.024999618530273438
1998-03-02,-0.0015641237627415094,0.08699989318847656
1998-03-03,0.004114905335403485,0.051000118255615234
1998-03-04,-0.004468117592430154,-0.004000186920166016
1998-03-05,-0.011794244610813465,0.017000198364257812
1998-03-06,0.01974474417398131,-0.05500030517578125
1998-03-09,-0.00320672268386879,-0.05499982833862305
1998-03-10,0.011282522332134448,-0.004000186920166016
1998-03-11,0.0039573654942186565,-0.03699970245361328
1998-03-12,0.0013562291766433532,-0.06300020217895508
1998-03-13,-0.0012251955686197746,0.017000198364257812
1998-03-16,0.009926179937639112,-0.04200029373168945
1998-03-17,0.0010926710629410863,0.020999908447265625
1998-03-18,0.004681577019141514,0.012000083923339844
1998-03-19,0.0038799738681367657,0.013000011444091797
1998-03-20,0.008607156101883007,-0.013000011444091797
1998-03-23,-0.0032897179770490226,0.0
1998-03-24,0.009176854561395942,0.0
1998-03-25,-0.0033701828178092086,0.06300020217895508
1998-03-26,-0.0010260040307601415,0.03399991989135742
1998-03-27,-0.0048811770008274635,0.012000083923339844
1998-03-30,-0.0016810714499460033,0.03399991989135742
1998-03-31,0.007424840636846675,-0.04199981689453125
1998-04-01,0.005792155514956043,-0.05900001525878906
1998-04-02,0.010645642302887559,-0.05800008773803711
1998-04-03,0.0023988324330987965,-0.09200000762939453
1998-04-06,-0.0011763809375162637,0.04199981689453125
1998-04-07,-0.010605502326394678,0.020999908447265625
1998-04-08,-0.007145493637570333,0.0540003776550293
1998-04-09,0.008154398309531352,0.0039997100830078125
1998-04-13,-0.0008828321616185519,0.07500028610229492
1998-04-14,0.005446180289909286,-0.03299999237060547
1998-04-15,0.0031944855514280945,-0.021000385284423828
1998-04-16,-0.010011264264059072,-0.020999908447265625
1998-04-17,0.01304424061267806,0.004000186920166016
1998-04-20,0.0008280503800364158,0.051000118255615234
1998-04-21,0.0026840815995958778,0.037999629974365234
1998-04-22,0.0034290108291710197,0.004000186920166016
1998-04-23,-0.009741853510779386,0.004000186920166016
1998-04-24,-0.010487222144482722,-0.021000385284423828
1998-04-27,-0.019467982130385586,0.1360001564025879
1998-04-28,-0.001317020607896069,0.004000186920166016
1998-04-29,0.008725915772180848,0.004999637603759766
1998-04-30,0.015528083793938663,-0.13199996948242188
1998-05-01,0.008285793681354292,-0.013000011444091797
1998-05-04,0.0009540017884690499,0.0
1998-05-05,-0.005872410988041921,0.03000020980834961
1998-05-06,-0.00952976095926239,-0.02500009536743164
1998-05-07,-0.008890751578197964,0.0
1998-05-08,0.011800724999689649,0.03800010681152344
1998-05-11,-0.001354536531398054,0.07200002670288086
1998-05-12,0.008234298397074014,-0.08099985122680664
1998-05-13,0.002747587485140812,-0.021000385284423828
1998-05-14,-0.0013325914310087228,-0.0009999275207519531
1998-05-15,-0.007762506740857766,0.004000186920166016
1998-05-18,-0.0026281058913859567,-0.0409998893737793
1998-05-19,0.003340414329032093,0.01699972152709961
1998-05-20,0.00856159258578959,-0.046000003814697266
1998-05-21,-0.003957603590010628,0.0409998893737793
1998-05-22,-0.0037481732181996463,-0.015999794006347656
1998-05-26,-0.01492431952578599,-0.05000019073486328
1998-05-27,-0.0016375432475763674,-0.028999805450439453
1998-05-28,0.0049044957728581196,0.02500009536743164
1998-05-29,-0.006196297997339784,-0.02500009536743164
1998-06-01,0.00014669922572796423,-0.02500009536743164
1998-06-02,0.002051086045000261,0.029000282287597656
1998-06-03,-0.009641831601278739,0.007999897003173828
1998-06-04,0.011113448516807622,0.02500009536743164
1998-06-05,0.017232387271670646,-0.012000083923339844
1998-06-08,0.0016684629568830545,0.0039997100830078125
1998-06-09,0.002408154199354584,0.0
1998-06-10,-0.005496075330094108,-0.07399988174438477
1998-06-11,-0.016041301135142128,-0.06999969482421875
1998-06-12,0.0038843589223178654,-0.021000385284423828
1998-06-15,-0.020066354570696276,-0.039999961853027344
1998-06-16,0.009775515500527021,0.06100034713745117
1998-06-17,0.017788795468876017,0.09799957275390625
1998-06-18,-0.0006686215989955002,-0.03699970245361328
1998-06-19,-0.005183445061271108,-0.03299999237060547
1998-06-22,0.0023231400286585213,-0.007999897003173828
1998-06-23,0.014649139146961865,-0.013000011444091797
1998-06-24,0.011889851508435356,0.013000011444091797
1998-06-25,-0.0031827797950176873,0.007999897003173828
1998-06-26,0.0034651584377778377,-0.017000198364257812
1998-06-29,0.004657368532824613,0.017000198364257812
1998-06-30,-0.0040927426868977435,-0.02500009536743164
1998-07-01,0.012898963120825613,-0.007999897003173828
1998-07-02,-0.0018649532223191656,-0.02500009536743164
1998-07-06,0.00947150834027699,-0.019999980926513672
1998-07-07,-0.0023096320253523928,0.024000167846679688
1998-07-08,0.010098981590267009,0.015999794006347656
1998-07-09,-0.006727034302130619,-0.0279998779296875
1998-07-10,0.004967871307878902,0.012000083923339844
1998-07-13,0.0007383370209179674,0.04499959945678711
1998-07-14,0.010577334272467098,0.024000167846679688
1998-07-15,-0.002354965565923628,-0.004000186920166016
1998-07-16,0.007783599963787857,0.017000198364257812
1998-07-17,0.0023283962171536388,0.012000083923339844
1998-07-20,-0.0022355067127604045,-0.03299999237060547
1998-07-21,-0.016201846788077567,-0.029000282287597656
1998-07-22,-0.0008500872296774986,0.008000373840332031
1998-07-23,-0.02112209760736139,-0.01600027084350586
1998-07-24,0.0009208733681322911,0.012000083923339844
1998-07-27,0.005655410677353423,0.012000083923339844
1998-07-28,-0.014955233243861166,0.02500009536743164
1998-07-29,-0.004460340725784384,0.03299999237060547
1998-07-30,0.015642946415526993,-0.021000385284423828
1998-07-31,-0.01968583665547463,0.004000186920166016
1998-08-03,-0.007371011599112798,-0.048999786376953125
1998-08-04,-0.0369177562202756,-0.017000198364257812
1998-08-05,0.008646296935802766,-0.007999897003173828
1998-08-06,0.007553904491176766,0.012000083923339844
1998-08-07,-0.00016525663580857497,-0.04500007629394531
1998-08-10,-0.005808693186120983,0.012000083923339844
1998-08-11,-0.013159339209899201,-0.037000179290771484
1998-08-12,0.014155902910775175,0.02500009536743164
1998-08-13,-0.008623838491522484,0.03699970245361328
1998-08-14,-0.011377080685558205,-0.037999629974365234
1998-08-17,0.019493580921087883,0.0039997100830078125
1998-08-18,0.016046980767630892,0.013000011444091797
1998-08-19,-0.0028554101812190424,0.007999897003173828
1998-08-20,-0.005900552277608995,-0.03699970245361328
1998-08-21,-0.009535965852258244,-0.05800008773803711
1998-08-24,0.006361308453741721,-0.028999805450439453
1998-08-25,0.004319110386110658,-0.04900026321411133
1998-08-26,-0.007955830107004402,-0.04799985885620117
1998-08-27,-0.039125141250914375,-0.08900022506713867
1998-08-28,-0.014929713822340318,-0.020999908447265625
1998-08-31,-0.07043757403011419,-0.04799985885620117
1998-09-01,0.03790279144574882,0.0039997100830078125
1998-09-02,-0.0038090972982987026,0.04000043869018555
1998-09-03,-0.008333605357160323,-0.0560002326965332
1998-09-04,-0.00855767307536226,-0.020999908447265625
1998-09-08,0.04964596826288936,0.032000064849853516
1998-09-09,-0.01700819403479592,-0.09600019454956055
1998-09-10,-0.026189717274469615,-0.19700002670288086
1998-09-11,0.029028048068248324,0.08599996566772461
1998-09-14,0.020267690172915742,0.023000240325927734
1998-09-15,0.007700611637287302,0.0279998779296875
1998-09-16,0.007488587608029285,-0.024000167846679688
1998-09-17,-0.02578192616417141,-0.08299970626831055
1998-09-18,0.0011967197696254317,-0.09000015258789062
1998-09-21,0.0037182282544643286,-0.019999980926513672
1998-09-22,0.0055904058679017155,0.05499982833862305
1998-09-23,0.03479819873966683,-0.05499982833862305
1998-09-24,-0.022165062381048983,-0.051000118255615234
1998-09-25,0.0019449668405435716,-0.03099966049194336
1998-09-28,0.0037640879780642678,0.010999679565429688
1998-09-29,0.0003147033039567759,-0.02299976348876953
1998-09-30,-0.030989454165847086,-0.15400028228759766
1998-10-01,-0.03057040967000102,-0.10599994659423828
1998-10-02,0.016300051704454255,-0.023999691009521484
1998-10-05,-0.014102544152375884,-0.13100004196166992
1998-10-06,-0.0040239981866578844,0.0709996223449707
1998-10-07,-0.014228488867208178,0.17300033569335938
1998-10-08,-0.01164706580432906,0.1529998779296875
1998-10-09,0.025672391405781703,0.2259998321533203
1998-10-13,0.010519524784546874,-0.04799985885620117
1998-10-14,0.01072837414750527,-0.1679997444152832
1998-10-15,0.0408820220825481,0.0039997100830078125
1998-10-16,0.008489058176277986,-0.14300012588500977
1998-10-19,0.005635225750718398,0.01900005340576172
1998-10-20,0.0014485489317479505,0.0840001106262207
1998-10-21,0.00561427063191644,0.031000137329101562
1998-10-22,0.007968703893705964,0.03099966049194336
1998-10-23,-0.007267962509418524,0.08100032806396484
1998-10-26,0.0015398136969979603,0.034999847412109375
1998-10-27,-0.006530510523017341,-0.10899972915649414
1998-10-28,0.0025780096944245656,-0.012000083923339844
1998-10-29,0.016564837523497467,-0.07000017166137695
1998-10-30,0.011663585180563985,0.09600019454956055
1998-11-02,0.011699999569477981,0.14099979400634766
1998-11-03,-0.0006839418074626735,-0.004000186920166016
1998-11-04,0.007024063837971717,0.13900041580200195
1998-11-05,0.013478380938426682,-0.06100034713745117
1998-11-06,0.00629494375002615,0.10400009155273438
1998-11-09,-0.009519278631659134,-0.055999755859375
1998-11-10,-0.0017179333855059653,-0.048000335693359375
1998-11-12,-0.009412628624203556,-0.04799985885620117
1998-11-13,0.007158801917899638,0.03600025177001953
1998-11-16,0.008976067913417651,0.03199958801269531
1998-11-17,0.0030326732315568705,0.012000083923339844
1998-11-18,0.004518822248639864,-0.007999897003173828
1998-11-19,0.007078554998324549,0.004000186920166016
1998-11-20,0.009446795276986109,-0.03600025177001953
1998-11-23,0.02097222153293732,0.019999980926513672
1998-11-24,-0.004402816500464368,0.012000083923339844
1998-11-25,0.003274462097856201,-0.019999980926513672
1998-11-27,0.0045897533914240896,-0.019999980926513672
1998-11-30,-0.02436490555095272,-0.07600021362304688
1998-12-01,0.009962008449167392,-0.06699991226196289
1998-12-02,-0.003434887437109957,-0.09100008010864258
1998-12-03,-0.018187867738286734,-0.0039997100830078125
1998-12-04,0.02286420815018886,0.0429997444152832
1998-12-07,0.009270727704162596,0.0710000991821289
1998-12-08,-0.005335371872924988,-0.08300018310546875
1998-12-09,0.0017844413568681716,-0.04699993133544922
1998-12-10,-0.01572942115348841,-0.026999950408935547
1998-12-11,0.0012352167733764574,0.0820002555847168
1998-12-14,-0.021893190219834047,-0.026999950408935547
1998-12-15,0.018776353801127854,0.0429997444152832
1998-12-16,-0.0007656798144983767,-0.04799985885620117
1998-12-17,0.015406501072019019,-0.01100015640258789
1998-12-18,0.00679902517770703,0.01100015640258789
1998-12-21,0.012388901093157045,0.05499982833862305
1998-12-22,0.0006066967123663503,0.06400012969970703
1998-12-23,0.02053440866502587,0.09100008010864258
1998-12-24,-0.0018494466977960755,0.06500005722045898
1998-12-28,-0.0006363015303989528,-0.07700014114379883
1998-12-29,0.013229283877656428,-0.06799983978271484
1998-12-30,-0.00798795101261085,-0.05900001525878906
1998-12-31,-0.0021941477091553807,-0.004000186920166016
1999-01-04,-0.0009197014504946921,0.03900003433227539
1999-01-05,0.013490591255994389,0.05200004577636719
1999-01-06,0.021898866924010996,-0.007999897003173828
1999-01-07,-0.0020534338738205093,0.043999671936035156
1999-01-08,0.004212473487898549,0.07700014114379883
1999-01-11,-0.008830379176363756,0.032000064849853516
1999-01-12,-0.019470210263938803,-0.06400012969970703
1999-01-13,-0.00413110626354829,-0.08899974822998047
1999-01-14,-0.018156449144760778,-0.10700035095214844
1999-01-15,0.02530837716962875,0.05500030517578125
1999-01-19,0.007005302808144265,0.032000064849853516
1999-01-20,0.0036833002601852627,0.043999671936035156
1999-01-21,-0.017225028921485475,-0.055999755859375
1999-01-22,-0.008104657830394046,-0.059999942779541016
1999-01-25,0.0071488158823624914,0.023999691009521484
1999-01-26,0.01474519058296142,0.028000354766845703
1999-01-27,-0.007325288236186722,-0.008000373840332031
1999-01-28,0.017699961257013008,-0.007999897003173828
1999-01-29,0.011214234148275715,-0.012000083923339844
1999-02-01,-0.005202480245368513,0.09200000762939453
1999-02-02,-0.008686487156186473,0.039999961853027344
1999-02-03,0.007955620207956038,0.037000179290771484
1999-02-04,-0.018710639354908132,0.06500005722045898
1999-02-05,-0.007307402027969978,0.04500007629394531
1999-02-08,0.0035196942224908767,-0.008000373840332031
1999-02-09,-0.022465184925835935,-0.03299999237060547
1999-02-10,0.0060745887986755065,0.009000301361083984
1999-02-11,0.024613861438468554,0.007999897003173828
1999-02-12,-0.01925051195228278,0.14400005340576172
1999-02-16,0.009498445388233634,-0.024000167846679688
1999-02-17,-0.014469586685446956,-0.04999971389770508
1999-02-18,0.010766728028575479,0.04999971389770508
1999-02-19,0.0015666802366620658,0.03299999237060547
1999-02-22,0.026218407475634642,-0.04500007629394531
1999-02-23,-0.00075488806543067,0.062000274658203125
1999-02-24,-0.01407778085890854,0.0840001106262207
1999-02-25,-0.006716254612827655,0.13100004196166992
1999-02-26,-0.00538794751178262,-0.021000385284423828
1999-03-01,-0.0017538340747185188,0.1119999885559082
1999-03-02,-0.008660904159637717,-0.0429997444152832
1999-03-03,0.0017935364465930803,0.034999847412109375
1999-03-04,0.015309483472933039,0.02500009536743164
1999-03-05,0.022862771259932302,-0.08500003814697266
1999-03-08,0.0056758888239540894,-0.03800010681152344
1999-03-09,-0.0022555605772875964,-0.10599994659423828
1999-03-10,0.005454530788180811,0.017000198364257812
1999-03-11,0.008388521949355798,0.007999897003173828
1999-03-12,-0.002384079845827891,-0.046000003814697266
1999-03-15,0.00973933486948475,-0.020999908447265625
1999-03-16,-0.0006733941255374631,-0.03299999237060547
1999-03-17,-0.0065740646521090795,0.02500009536743164
1999-03-18,0.014328823416334124,-0.021000385284423828
1999-03-19,-0.013196724322540376,0.04699993133544922
1999-03-22,-0.0017563685553438901,0.046000003814697266
1999-03-23,-0.02725291833816179,-0.007999897003173828
1999-03-24,0.005097315942202307,-0.029999732971191406
1999-03-25,0.01672843829704629,0.04699993133544922
1999-03-26,-0.005589231934668426,-0.004000186920166016
1999-03-29,0.021111706427015875,0.059999942779541016
1999-03-30,-0.007215912139311165,-0.06799983978271484
1999-03-31,-0.011116726708976898,0.043000221252441406
1999-04-01,0.005697472232138345,0.037999629974365234
1999-04-05,0.020958091279579705,-0.08899974822998047
1999-04-06,-0.002447874066151101,-0.06300020217895508
1999-04-07,0.006805885283715618,0.004000186920166016
1999-04-08,0.012797477296876636,-0.10500001907348633
1999-04-09,0.0032462580933021457,0.01699972152709961
1999-04-12,0.007595238080975619,0.004000186920166016
1999-04-13,-0.006505632243595905,0.05900001525878906
1999-04-14,-0.015965933063986526,0.013000011444091797
1999-04-15,-0.004216795807645113,0.03800010681152344
1999-04-16,-0.0029146078293305067,0.055999755859375
1999-04-19,-0.022634852550357465,-0.037999629974365234
1999-04-20,0.012860203295938177,-0.034000396728515625
1999-04-21,0.022670663304898753,0.0
1999-04-22,0.01684674875227099,0.10200023651123047
1999-04-23,-0.0014508177395207156,0.0009999275207519531
1999-04-26,0.0023483210033230506,-0.026000022888183594
1999-04-27,0.0020273028322108644,-0.004000186920166016
1999-04-28,-0.008762977894183344,0.034000396728515625
1999-04-29,-0.005999170215245542,-0.051000118255615234
1999-04-30,-0.005713140073082101,0.15999984741210938
1999-05-03,0.014462203465726908,0.009000301361083984
1999-05-04,-0.016846785798959374,0.04799985885620117
1999-05-05,0.011428483375267362,-0.021999835968017578
1999-05-06,-0.011390909885871103,0.1099996566772461
1999-05-07,0.009674867446208602,0.039999961853027344
1999-05-10,-0.0035005071207461214,-0.020999908447265625
1999-05-11,0.011358020792021861,0.057000160217285156
1999-05-12,0.006170032696192429,-0.013000011444091797
1999-05-13,0.002606613461244578,-0.1680002212524414
1999-05-14,-0.022001662681522483,0.21300029754638672
1999-05-17,0.0012624270109213853,0.046000003814697266
1999-05-18,-0.004616905093739909,0.01199960708618164
1999-05-19,0.00814931176423972,-0.06599998474121094
1999-05-20,-0.004025278475426219,-0.013000011444091797
1999-05-21,-0.006399072465026023,-0.06599998474121094
1999-05-24,-0.01793036430661843,-0.023999691009521484
1999-05-25,-0.017174926393975554,-0.013000011444091797
1999-05-26,0.015727421058767455,0.05800008773803711
1999-05-27,-0.018058062469889613,0.07499980926513672
1999-05-28,0.01581756128506928,-0.0009999275207519531
1999-06-01,-0.005839511317436319,0.1549997329711914
1999-06-02,0.0004249006955214796,0.017000198364257812
1999-06-03,0.003646374260635632,0.005000114440917969
1999-06-04,0.021475394566335737,0.020999908447265625
1999-06-07,0.005085910951653894,-0.013000011444091797
1999-06-08,-0.012964763781468491,0.021999835968017578
1999-06-09,0.000993986059152796,0.03800010681152344
1999-06-10,-0.012069808923771852,0.059999942779541016
1999-06-11,-0.007071143040317196,0.0820002555847168
1999-06-14,0.00027823449308783665,-0.03000020980834961
1999-06-15,0.005518004479872829,-0.008999824523925781
1999-06-16,0.022230990537223327,-0.020999908447265625
1999-06-17,0.0071078114374296675,-0.16200017929077148
1999-06-18,0.002191746195194355,0.046000003814697266
1999-06-21,0.0045768284971901,0.0689997673034668
1999-06-22,-0.009773322849407684,0.03900003433227539
1999-06-23,-0.002113158985480368,0.07299995422363281
1999-06-24,-0.013047427449105697,0.026000022888183594
1999-06-25,-0.0003572441021963968,-0.01699972152709961
1999-06-28,0.012121022848068819,-0.053999900817871094
1999-06-29,0.014984607301878228,-0.032000064849853516
1999-06-30,0.015608805716027518,-0.11600017547607422
1999-07-01,0.0059920214973248065,0.03000020980834961
1999-07-02,0.007402157771673856,-0.017000198364257812
1999-07-06,-0.002230728812995686,0.043000221252441406
1999-07-07,0.005560392122590407,0.026000022888183594
1999-07-08,-0.001032112561432541,-0.06000041961669922
1999-07-09,0.006333784708250079,-0.008999824523925781
1999-07-12,-0.0029832191235446004,-0.10199975967407227
1999-07-13,-0.003967489197649776,-0.029000282287597656
1999-07-14,0.00330260402861704,0.029000282287597656
1999-07-15,0.008155890919212538,-0.012000083923339844
1999-07-16,0.006477206990358475,-0.03800010681152344
1999-07-19,-0.007875703414583768,-0.020999908447265625
1999-07-20,-0.021941843610886025,-0.020999908447265625
1999-07-21,0.0015890813170722495,0.020999908447265625
1999-07-22,-0.013371243055213533,0.11899995803833008
1999-07-23,-0.0029655377703274866,0.059999942779541016
1999-07-26,-0.006788159172238295,0.017000198364257812
1999-07-27,0.011126770288035992,-0.04700040817260742
1999-07-28,0.0018767112528959018,-0.013000011444091797
1999-07-29,-0.018009446622056835,0.07700014114379883
1999-07-30,-0.009221946500845846,0.04400014877319336
1999-08-02,-0.0005043130449928768,0.0039997100830078125
1999-08-03,-0.004429807593360202,0.031000137329101562
1999-08-04,-0.012826081416618784,0.004000186920166016
1999-08-05,0.006399317113168657,-0.069000244140625
1999-08-06,-0.01026781926387077,0.13000011444091797
1999-08-09,-0.001916785725288861,0.11100006103515625
1999-08-10,-0.012693877071883186,0.026000022888183594
1999-08-11,0.015871136398255103,-0.034999847412109375
1999-08-12,-0.002899916576591721,-0.04200029373168945
1999-08-13,0.022485195038618677,-0.09200000762939453
1999-08-16,0.0023246381362689306,-0.008999824523925781
1999-08-17,0.010011571309322953,-0.09200000762939453
1999-08-18,-0.008457329722050488,-0.007999897003173828
1999-08-19,-0.0069642622799426235,0.01699972152709961
1999-08-20,0.00978883071666381,-0.013000011444091797
1999-08-23,0.01750988305564949,0.013000011444091797
1999-08-24,0.0024084934704982075,-0.046000003814697266
1999-08-25,0.013324865075026615,-0.11999988555908203
1999-08-26,-0.014418231364249579,0.020999908447265625
1999-08-27,-0.010139253358819822,0.10300016403198242
1999-08-30,-0.01814972576308005,0.09999990463256836
1999-08-31,-0.002730257575912276,0.03800010681152344
1999-09-01,0.00804076939795273,-0.005000114440917969
1999-09-02,-0.009025834048821402,0.03800010681152344
1999-09-03,0.028495963076088593,-0.12900018692016602
1999-09-07,-0.005015384658162425,0.053999900817871094
1999-09-08,-0.004675972904129466,-0.01699972152709961
1999-09-09,0.002607919339470577,0.03800010681152344
1999-09-10,0.002963711472935948,-0.0670003890991211
1999-09-13,-0.005586524745354815,0.017000198364257812
1999-09-14,-0.005849820587068066,0.04199981689453125
1999-09-15,-0.013804494827150293,-0.020999908447265625
1999-09-16,0.00038689129809554856,-0.03800010681152344
1999-09-17,0.012766338892618023,-0.03699970245361328
1999-09-20,8.2356725965127e-05,0.04799985885620117
1999-09-21,-0.02115017180339951,0.020999908447265625
1999-09-22,0.0022383149337876773,-0.007999897003173828
1999-09-23,-0.02323601604254044,-0.06299972534179688
1999-09-24,-0.002384929255193846,-0.11300039291381836
1999-09-27,0.004647286724841493,0.07899999618530273
1999-09-28,-0.0008654088169075536,0.0540003776550293
1999-09-29,-0.010844706781671931,0.07599973678588867
1999-09-30,0.011242389187543722,-0.06299972534179688
1999-10-01,7.803303465880873e-05,0.10099983215332031
1999-10-04,0.01684343173599867,-0.051000118255615234
1999-10-05,-0.0024942932488229985,0.08500003814697266
1999-10-06,0.018312150674930194,0.013000011444091797
1999-10-07,-0.005872050327386802,0.0
1999-10-08,0.013852790916515367,-0.008999824523925781
1999-10-12,-0.0173499704900566,0.03399991989135742
1999-10-13,-0.02115840887007181,0.055999755859375
1999-10-14,-0.0016582562614466667,0.043000221252441406
1999-10-15,-0.028458994906729984,-0.09000015258789062
1999-10-18,0.005372679839536154,0.043000221252441406
1999-10-19,0.00571664006551309,0.055999755859375
1999-10-20,0.022041552856145508,0.013000011444091797
1999-10-21,-0.004523892513874195,0.004000186920166016
1999-10-22,0.013956299800217842,0.008999824523925781
1999-10-25,-0.006180485319521978,0.013000011444091797
1999-10-26,-0.009101043991847746,0.02200031280517578
1999-10-27,0.011479077413535599,-0.04400014877319336
1999-10-28,0.03465855271483598,-0.07700014114379883
1999-10-29,0.015148023486425188,-0.10300016403198242
1999-11-01,-0.006485040254346153,0.043000221252441406
1999-11-02,-0.0047226849470876076,-0.026000022888183594
1999-11-03,0.0053207238192332085,-0.020999908447265625
1999-11-04,0.005674173198502608,-0.0560002326965332
1999-11-05,0.005554589386682629,-0.037999629974365234
1999-11-08,0.00493589426926988,0.029999732971191406
1999-11-09,-0.00855493171153121,0.012000083923339844
1999-11-10,0.005973517744238599,0.03399991989135742
1999-11-12,0.016320950321171424,-0.06799983978271484
1999-11-15,-0.0011969711701498298,0.0039997100830078125
1999-11-16,0.018249074190172188,0.03500032424926758
1999-11-17,-0.006613032287464016,0.07200002670288086
1999-11-18,0.0100365703882348,0.026000022888183594
1999-11-19,-0.00206533506980211,0.0
1999-11-22,-0.0007457481795087872,0.034999847412109375
1999-11-23,-0.011537530577172106,-0.008999824523925781
1999-11-24,0.008817332783512377,0.0
1999-11-26,-0.0003246363055122714,0.029999732971191406
1999-11-29,-0.00622426850730573,0.08300018310546875
1999-11-30,-0.01353018912954429,-0.026000022888183594
1999-12-01,0.006323025202648047,0.029999732971191406
1999-12-02,0.008066332496512452,0.031000137329101562
1999-12-03,0.0170708628492795,-0.06099987030029297
1999-12-06,-0.0069803462396516025,-0.02200031280517578
1999-12-07,-0.009998256005148143,-0.0429997444152832
1999-12-08,-0.003761074425701061,0.034999847412109375
1999-12-09,0.0030085339378871367,-0.013000011444091797
1999-12-10,0.006321847247124701,-0.05200004577636719
1999-12-13,-0.0012852411880537318,0.021000385284423828
1999-12-14,-0.008550981318123263,0.11399984359741211
1999-12-15,0.007214596966662157,0.03900003433227539
1999-12-16,0.0038487770588533365,0.05299997329711914
1999-12-17,0.0015846133539838547,-0.007999897003173828
1999-12-20,-0.0020711097329932926,0.05299997329711914
1999-12-21,0.010759339419193381,0.017999649047851562
1999-12-22,0.0018817880884061111,0.018000125885009766
1999-12-23,0.015346779945799582,0.018000125885009766
1999-12-27,-0.0008506368397673825,-0.008999824523925781
1999-12-28,0.0003842913987881502,0.03199958801269531
1999-12-29,0.0039710346642038985,-0.03099966049194336
1999-12-30,0.0006899139182063863,-0.018000125885009766
1999-12-31,0.003258684246994825,0.06699991226196289
2000-01-03,-0.009594994700275805,0.11299991607666016
2000-01-04,-0.03909917534093754,-0.06299972534179688
2000-01-05,0.0019203379615859717,0.11399984359741211
2000-01-06,0.0009552217400567997,-0.05000019073486328
2000-01-07,0.026729949729870306,-0.04499959945678711
2000-01-10,0.01112782487313968,0.053999900817871094
2000-01-11,-0.013148576788903021,0.10599994659423828
2000-01-12,-0.004396019678609697,0.032000064849853516
2000-01-13,0.012096245165417407,-0.07800006866455078
2000-01-14,0.010614763497340363,0.055999755859375
2000-01-18,-0.006855516976735032,0.07400035858154297
2000-01-19,0.0005221568736217819,-0.023000240325927734
2000-01-20,-0.007120612569861073,0.023000240325927734
2000-01-21,-0.0029165681339531346,0.03299999237060547
2000-01-24,-0.02802258422845938,-0.0970001220703125
2000-01-25,0.00604648360304072,0.0
2000-01-26,-0.0042216197666675725,-0.004000186920166016
2000-01-27,-0.003946204024482647,0.005000114440917969
2000-01-28,-0.0278408127297336,-0.037000179290771484
2000-01-31,0.024904850529124722,0.01900005340576172
2000-02-01,0.010571740915406913,-0.04999971389770508
2000-02-02,-0.00011356385074723363,-0.01900005340576172
2000-02-03,0.011185347697919568,-0.1230001449584961
2000-02-04,-0.00042113303572222094,0.04200029373168945
2000-02-07,-9.127601431657695e-05,0.11399984359741211
2000-02-08,0.012198493672594068,-0.032000064849853516
2000-02-09,-0.021035117059751585,0.07000017166137695
2000-02-10,0.003620242852776734,-0.013000011444091797
2000-02-11,-0.02119229898918995,-0.03500032424926758
2000-02-14,0.002030886853549241,-0.0819997787475586
2000-02-15,0.008674947553079626,0.013000011444091797
2000-02-16,-0.010309372816680096,-0.005000114440917969
2000-02-17,0.0004250581374742879,0.021999835968017578
2000-02-18,-0.03084710308169214,-0.08599996566772461
2000-02-22,0.004506673481115442,-0.14099979400634766
2000-02-23,0.006281139106337541,0.08500003814697266
2000-02-24,-0.005349730316245527,-0.08099985122680664
2000-02-25,-0.014940089385435229,-0.005000114440917969
2000-02-28,0.010957078745979842,0.07299995422363281
2000-02-29,0.013535073096646144,-0.005000114440917969
2000-03-01,0.009302114728481747,-0.029999732971191406
2000-03-02,0.0018617281349939674,0.01699972152709961
2000-03-03,0.0196428537973814,-0.02500009536743164
2000-03-06,-0.012776701994210882,0.03800010681152344
2000-03-07,-0.0259652971202895,-0.026000022888183594
2000-03-08,0.008140128606934027,-0.007999897003173828
2000-03-09,0.025279570403423435,-0.03399991989135742
2000-03-10,-0.0047340549396848175,0.046000003814697266
2000-03-13,-0.008241305233129381,-0.02500009536743164
2000-03-14,-0.017843727175415935,-0.06400012969970703
2000-03-15,0.023982619773033065,-0.021999835968017578
2000-03-16,0.04654577885905109,-0.03800010681152344
2000-03-17,0.0041054613147588626,-0.04999971389770508
2000-03-20,-0.005367830413634422,-0.017000198364257812
2000-03-21,0.025244513080496134,-0.03399991989135742
2000-03-22,0.004521628609460926,-0.017000198364257812
2000-03-23,0.01764249804450202,-0.04999971389770508
2000-03-24,7.200798340623038e-05,0.10399961471557617
2000-03-27,-0.0023596196528954394,0.021000385284423828
2000-03-28,-0.010641384406600451,-0.02500009536743164
2000-03-29,0.0005238551715320838,-0.020999908447265625
2000-03-30,-0.013749849620433352,-0.0840001106262207
2000-03-31,0.0071387626855159425,-0.04200029373168945
2000-04-03,0.004919225661762283,-0.03699970245361328
2000-04-04,-0.007491613948027442,-0.14499998092651367
2000-04-05,-0.004936119081060397,0.0409998893737793
2000-04-06,0.009348563512983077,0.03299999237060547
2000-04-07,0.00994809529485785,-0.06599998474121094
2000-04-10,-0.007872111321383102,-0.057000160217285156
2000-04-11,-0.0025756625353894336,0.08500003814697266
2000-04-12,-0.022522936175410457,0.09100008010864258
2000-04-13,-0.01833818082166072,-0.053999900817871094
2000-04-14,-0.06004509752202303,-0.028999805450439453
2000-04-17,0.03254811081334008,0.10699987411499023
2000-04-18,0.02826029680070441,0.053999900817871094
2000-04-19,-0.009856908381935092,-0.0710000991821289
2000-04-20,0.004940641519007194,0.013000011444091797
2000-04-24,-0.0032677404242180685,-0.0009999275207519531
2000-04-25,0.03273429354099022,0.13000011444091797
2000-04-26,-0.011196539243597314,0.013000011444091797
2000-04-27,0.0026863820339739775,0.10500001907348633
2000-04-28,-0.008562610676304594,-0.020999908447265625
2000-05-01,0.010833162628903992,0.0409998893737793
2000-05-02,-0.01506953153292745,0.05699968338012695
2000-05-03,-0.02180150116391033,0.09100008010864258
2000-05-04,-0.003915527488209669,0.043000221252441406
2000-05-05,0.016227264098327865,0.06099987030029297
2000-05-08,-0.005922700590194729,0.05299997329711914
2000-05-09,-0.008482924072715115,-0.03599977493286133
2000-05-10,-0.02081505404713546,-0.08700037002563477
2000-05-11,0.01774410644515001,-0.029999732971191406
2000-05-12,0.009297324968962073,0.09100008010864258
2000-05-15,0.02185713743258244,-0.03900003433227539
2000-05-16,0.009375105396317807,-0.057000160217285156
2000-05-17,-0.012519718264096369,0.06099987030029297
2000-05-18,-0.00734148957518066,0.08300018310546875
2000-05-19,-0.021279500834298304,-0.034999847412109375
2000-05-22,-0.004437836972821962,-0.09100008010864258
2000-05-23,-0.01936208355910285,0.026000022888183594
2000-05-24,0.018169184098520752,0.013000011444091797
2000-05-25,-0.012609113327973986,-0.08699989318847656
2000-05-26,-0.002536655984128444,-0.05200004577636719
2000-05-30,0.031733002241273844,0.04699993133544922
2000-05-31,-0.001301402293099052,-0.0820002555847168
2000-06-01,0.019663269874029332,-0.08999967575073242
2000-06-02,0.01944645689642055,-0.04700040817260742
2000-06-05,-0.006540169012008157,-0.04699993133544922
2000-06-06,-0.006692993404042724,0.026000022888183594
2000-06-07,0.00923126844668154,-0.013000011444091797
2000-06-08,-0.006607485476626707,-0.008999824523925781
2000-06-09,-0.0032344716999075374,0.007999897003173828
2000-06-12,-0.007544052283805058,-0.03800010681152344
2000-06-13,0.01608021221744238,0.026000022888183594
2000-06-14,0.0007483708834081781,-0.059999942779541016
2000-06-15,0.0055538912368469084,-0.0039997100830078125
2000-06-16,-0.009697050911418259,-0.06800031661987305
2000-06-19,0.014601399132715187,0.020999908447265625
2000-06-20,-0.006786129112328787,0.02500009536743164
2000-06-21,0.002152263211684158,0.08100032806396484
2000-06-22,-0.018388167747017903,0.01699972152709961
2000-06-23,-0.007395562633629282,0.06400012969970703
2000-06-26,0.00954862659674216,-0.0820002555847168
2000-06-27,-0.0032761480918894748,-0.01699972152709961
2000-06-28,0.002939316191940655,0.026000022888183594
2000-06-29,-0.008580674562089108,-0.07299995422363281
2000-06-30,0.008429461805284255,-0.013000011444091797
2000-07-03,0.010218521276462056,-0.03800010681152344
2000-07-05,-0.015989296173298584,-0.004000186920166016
2000-07-06,0.007192881877199575,0.05500030517578125
2000-07-07,0.01514554576421645,-0.03399991989135742
2000-07-10,-0.0022203475506827886,0.028999805450439453
2000-07-11,0.0035582718183686524,0.021999835968017578
2000-07-12,0.008097454201545062,0.029000282287597656
2000-07-13,0.0019539359429652237,-0.08500003814697266
2000-07-14,0.009408493660190587,0.10199975967407227
2000-07-17,0.00033770226184515195,0.05200004577636719
2000-07-18,-0.011151059456170564,-0.005000114440917969
2000-07-19,-0.007917525979241447,0.009000301361083984
2000-07-20,0.009141859569358424,-0.13700008392333984
2000-07-21,-0.01033695083770958,-0.013000011444091797
2000-07-24,-0.010799908298472438,0.02500009536743164
2000-07-25,0.006928073285986436,-0.004000186920166016
2000-07-26,-0.015067422285769183,0.0
2000-07-27,-0.0019297112785032766,-0.020999908447265625
2000-07-28,-0.02072203561206809,0.02500009536743164
2000-07-31,0.0076752506202932835,0.0039997100830078125
2000-08-01,0.0050681161728078905,-0.037999629974365234
2000-08-02,0.0004171131882033663,-0.02200031280517578
2000-08-03,0.009587663196747975,-0.02500009536743164
2000-08-04,0.007113753399429434,-0.0429997444152832
2000-08-07,0.011141175706899986,0.04699993133544922
2000-08-08,0.002349738799249046,-0.03399991989135742
2000-08-09,-0.006719350214888564,-0.005000114440917969
2000-08-10,-0.008605221070946634,-0.15899991989135742
2000-08-11,0.007905641586007484,0.037000179290771484
2000-08-14,0.013309295881220429,-0.01600027084350586
2000-08-15,-0.0047916950366238,0.029000282287597656
2000-08-16,-0.0030901815782691244,0.01699972152709961
2000-08-17,0.010900919209479554,-0.013000011444091797
2000-08-18,-0.0029118370302700924,-0.03800010681152344
2000-08-21,0.0051885713435426695,0.005000114440917969
2000-08-22,-0.0009007013479402914,-0.008999824523925781
2000-08-23,0.005219522441311852,-0.037000179290771484
2000-08-24,0.00155266819140909,-0.008999824523925781
2000-08-25,-0.0012340004855380116,0.005000114440917969
2000-08-28,0.005058718739777035,0.04499959945678711
2000-08-29,-0.00281091354259555,0.04200029373168945
2000-08-30,-0.004813399257303175,-0.007999897003173828
2000-08-31,0.009992625399822153,-0.0710000991821289
2000-09-01,0.0020339099284436557,-0.053999900817871094
2000-09-05,-0.009042823704100478,0.007999897003173828
2000-09-06,-0.009888926610033266,0.028999805450439453
2000-09-07,0.006852001412039677,0.037000179290771484
2000-09-08,-0.005345346736805645,-0.02500009536743164
2000-09-11,-0.0035123438910495963,0.03399991989135742
2000-09-12,-0.004893586227538549,0.012000083923339844
2000-09-13,0.001968414752187009,-0.04199981689453125
2000-09-14,-0.0027244377678341536,0.046000003814697266
2000-09-15,-0.010221718934521284,0.05900001525878906
2000-09-18,-0.014637860201736963,0.037999629974365234
2000-09-19,0.010597786475540438,-0.020999908447265625
2000-09-20,-0.005880712886378703,0.04200029373168945
2000-09-21,-0.0015790410644251907,-0.021000385284423828
2000-09-22,-0.00022781526774195981,-0.04199981689453125
2000-09-25,-0.006711091870693409,0.004000186920166016
2000-09-26,-0.008247833681979344,-0.034000396728515625
2000-09-27,-0.0004485382054495446,0.021000385284423828
2000-09-28,0.02199161923055115,-0.008000373840332031
