lstm_normal,lstm_student,gru_normal,gru_student,bekk_lstm_scalar,bekk_lstm_vector,bekk_lstm_mix,neural_bekk_asym_diag,bekk_symmetric,bekk_asymmetric,dcc,adcc
-2.971180882687632,-2.913685179490807,-2.902349401017999,-2.8425297042492166,-2.8766969760471444,-2.819009039917489,-2.814940469373662,-2.8420704898993554,-2.8210216607903087,-2.796680735341916,-2.8565428335262615,-2.856542828757517
-2.9337302820166298,-2.864051164148889,-2.9080709516054073,-2.847209236355779,-2.8917016242187223,-2.8299926277856775,-2.8222964332826344,-2.839979705358977,-2.825788055265052,-2.8020791434070067,-2.8723034227337885,-2.872303417780596
-3.0291552082416984,-2.947118305617358,-2.9092975406506723,-2.8467594762717825,-2.852582649406493,-2.814954966629108,-2.814039120830224,-2.8438226022341606,-2.8296236266106214,-2.8055498825854563,-2.8672260318984573,-2.8672260270179026
-2.8989443213210393,-2.8219507632932745,-2.8990790488395177,-2.8447929630315363,-2.8303118990906526,-2.8052875307299914,-2.8098029619463865,-2.845719653375249,-2.8347657444200243,-2.8130565974228454,-2.8861432632792177,-2.8861432582606867
-2.9659903424827316,-2.875422561676774,-2.894920364283953,-2.844183417534391,-2.8027089960573432,-2.78376991241905,-2.785220829812646,-2.803568381483342,-2.8205657195314178,-2.8010688101309493,-2.8623706249295813,-2.862370619407901
-2.8895850249932526,-2.8285361055116955,-2.869810197015426,-2.8321773566314574,-2.7678314769943455,-2.765331360524719,-2.7693398480734137,-2.7885950446679457,-2.80791102163015,-2.784518720286146,-2.847485330842143,-2.8474853252678423
-2.935824945330948,-2.8688653251504173,-2.8545868058024495,-2.8215883556182626,-2.777974389264738,-2.774565425942342,-2.789711381829637,-2.802917440960256,-2.8244114025992437,-2.800231992899089,-2.8725766603547456,-2.872576654930312
-2.9202245032953673,-2.869741528054739,-2.8225341523471377,-2.789261980725965,-2.7952273846318465,-2.7468497647147028,-2.7700998602612237,-2.7884253422199743,-2.8311228879009884,-2.8060504587378374,-2.841253718759831,-2.8412537149495645
-2.888493977870819,-2.7924809117915634,-2.8078211026477318,-2.768202713854387,-2.796335187676779,-2.7305981845718477,-2.750987894622585,-2.7842361751372264,-2.8342636845040774,-2.8095870889319996,-2.8536034566670128,-2.8536034528370897
-2.8923596345837237,-2.7890733070732026,-2.7810075277380304,-2.7362322422664698,-2.7857155506086575,-2.693407817767708,-2.7039845936684794,-2.7449911737408588,-2.816802996849286,-2.7939148276317765,-2.8124346056012,-2.812434602158652
-2.8589132897350256,-2.7486737110448605,-2.759710322307509,-2.716267171048425,-2.758517930297858,-2.641507431338422,-2.6829464359277875,-2.748061608659077,-2.8078442352641475,-2.785399647328846,-2.78291960158264,-2.782919598105694
-2.9602040238429073,-2.8465603637966157,-2.771029682735794,-2.7282574128046995,-2.832985285353164,-2.6666683888505194,-2.743718736807918,-2.769047493546876,-2.815733469165826,-2.7932601128199908,-2.807130846377879,-2.807130842741377
-2.9289639864442214,-2.7869182005917703,-2.7786999250283455,-2.73505060516961,-2.873813398935044,-2.690693078579356,-2.777677774049564,-2.7958719474977745,-2.7999714388654895,-2.781791966718017,-2.8119669915504764,-2.811966987379508
-2.967525388029752,-2.8209706442495412,-2.789199960353695,-2.7416948605466285,-2.908410442652373,-2.7166862532487004,-2.811108302918386,-2.820493045012843,-2.803008409595106,-2.7861020317214713,-2.8322598347689927,-2.832259830230728
-2.8694768436764875,-2.7675830654891156,-2.76918944532258,-2.7360958519022724,-2.8843459537580363,-2.7066126900079697,-2.8003635722789735,-2.8203765124742697,-2.813570208707793,-2.798346657995681,-2.841557792100558,-2.841557787811194
-2.9058059591489824,-2.819221583283317,-2.797670626915963,-2.765414490445242,-2.9093014134922184,-2.768334100046511,-2.841068636225594,-2.8434995967725483,-2.8336955641516632,-2.8169235165251774,-2.871999550987082,-2.8719995466725203
-2.8641111710153373,-2.8143698360085643,-2.791663433371383,-2.7591845943543185,-2.87072954311809,-2.75819181136031,-2.8293617326162472,-2.841743469776185,-2.8465027568177104,-2.8304399714826602,-2.880480796040887,-2.880480792242
-2.926945572702513,-2.891904117249729,-2.8016970749895536,-2.768434659711083,-2.8665095040909514,-2.7741511694986034,-2.849011123543856,-2.848851435533052,-2.865497154995594,-2.847994630686951,-2.9120231375969343,-2.9120231336970943
-2.987831363188418,-2.923201234484275,-2.8153106044194587,-2.7827587866740275,-2.881073069830369,-2.813297551898925,-2.884768624324872,-2.856157001556152,-2.8753666808737206,-2.857507284606431,-2.9339762374684466,-2.9339762333762143
-3.023049508714263,-2.9888979831242244,-2.80990107430738,-2.780261827830159,-2.8630948118491197,-2.82264721515556,-2.8792599574914943,-2.8505675354471443,-2.8934679621260426,-2.874028913398529,-2.939737525529288,-2.9397375220200566
-2.923712794191566,-2.8747934416774754,-2.789592003547174,-2.7585155587019146,-2.753039200612664,-2.7947082451787235,-2.8155152504423375,-2.822194632204855,-2.8745412997997133,-2.858819279526946,-2.939100318561508,-2.9391003143046106
-2.7977654406992567,-2.757108671306543,-2.7352965425783555,-2.699239358040514,-2.617381003986946,-2.690228645097805,-2.6822448378416395,-2.7087330613339757,-2.815715300346036,-2.805254108242438,-2.8169883165877616,-2.8169883123805253
-2.6898571329777026,-2.667906284640054,-2.663775587325288,-2.626200362705223,-2.552271155614062,-2.6255920428237336,-2.6381453929334535,-2.6873261109335838,-2.784570050539973,-2.7793961133992893,-2.7957432499493406,-2.795743245315623
-2.719783533001798,-2.687191775170648,-2.624164033477548,-2.5778581694321048,-2.560913914194629,-2.567352408098973,-2.6063567459715613,-2.666690161263122,-2.7849890878503136,-2.7772781233786694,-2.738320000443955,-2.7383199973994667
-2.7461948771429148,-2.7137051270023482,-2.60973410954431,-2.5560582044783082,-2.5843254042492365,-2.5388777375200675,-2.6076170966011687,-2.6556065806343554,-2.777111951247471,-2.7699782664312487,-2.738647895774024,-2.738647892387684
-2.701473933639566,-2.687405303654245,-2.568091783790379,-2.499759756629744,-2.5738877425216757,-2.40581274202251,-2.4805735045595814,-2.615495068695994,-2.768100437634111,-2.757429159556063,-2.6212082101427727,-2.621208209429416
-2.7178216881856376,-2.7118926256468208,-2.552149800136151,-2.4835137402443723,-2.6748016046871665,-2.4043697342836268,-2.5200022074061206,-2.6208085771291065,-2.782868628283043,-2.7710783152607683,-2.645953634586113,-2.6459536337086305
-2.706997693064452,-2.674489339647496,-2.5498295718383632,-2.483863104163042,-2.706401353195855,-2.4070163873442034,-2.5505554640110852,-2.626939686481917,-2.7988376486415385,-2.785632449722269,-2.666252622991325,-2.66625262211233
-2.696862927172681,-2.6928844011619923,-2.518350962839233,-2.4505854735314103,-2.7796664030389935,-2.390573285841943,-2.54809102402393,-2.6217051754076985,-2.8147609297991525,-2.800115054713385,-2.6410522295197776,-2.6410522298758803
-2.7439850793116958,-2.724649844105447,-2.4886585489165824,-2.420448598294707,-2.8536773492635503,-2.4011331541012373,-2.596999748364163,-2.6414366251478025,-2.8076655460845914,-2.796987148535038,-2.657480750296345,-2.6574807503283533
-2.701958197552929,-2.699654707318838,-2.487310800820228,-2.4192074949918307,-2.799113111603036,-2.3777066533464986,-2.595050348309206,-2.6165371856220663,-2.7790431518094025,-2.769663815637707,-2.6391605180453683,-2.6391605175193256
-2.722391931888226,-2.684738842455038,-2.502906821122714,-2.4354707120114814,-2.803684282334193,-2.3760068278291997,-2.631186683001002,-2.6164298876440055,-2.7902761347197016,-2.7793459528660285,-2.6581074370981534,-2.6581074363078048
-2.6858102175270653,-2.6501983243034672,-2.5338062327327364,-2.472229523555462,-2.8102178404760365,-2.3696579287120763,-2.6437948230519934,-2.6121323686221345,-2.8004527498544776,-2.787439297667432,-2.6633212982093237,-2.663321297346179
-2.7158752464245177,-2.67201560241942,-2.560341624534199,-2.498038820232458,-2.7970021968222647,-2.38056406813885,-2.667939806790006,-2.621156215454848,-2.8093916899331846,-2.796469759118965,-2.6904263296928055,-2.6904263284857857
-2.7582969277349028,-2.712431598663813,-2.5774251275065323,-2.5184562551537355,-2.784045837840292,-2.396435736127372,-2.6934220270714118,-2.6298479263741372,-2.824516495323455,-2.809943692405848,-2.7123663730132317,-2.712366371732481
-2.7751375154550395,-2.714356184460235,-2.5854787616023165,-2.5294125990390928,-2.724516850483446,-2.41880540987208,-2.696220003378503,-2.6329526510795156,-2.824058783397255,-2.8060454215534616,-2.7311894477885645,-2.7311894460994792
-2.8106069867700194,-2.7415358168959965,-2.581650078116769,-2.5314027620620747,-2.7044512206179028,-2.439479440928589,-2.717838260045929,-2.650402294330858,-2.7978425870259853,-2.7846084826148436,-2.7409496799420405,-2.7409496773793665
-2.7781221362385775,-2.722818369527941,-2.5684734308550006,-2.525283446176569,-2.670501479442667,-2.4385844955062086,-2.7112903271752744,-2.6636436949980613,-2.8031810131556107,-2.7917786453694275,-2.749614205413866,-2.7496142030441413
-2.777689982947799,-2.718322608680979,-2.5602093731564524,-2.521069227695502,-2.6926938267422793,-2.4511276868468173,-2.743823669284154,-2.6808351849479344,-2.810758946843625,-2.8000858038577356,-2.774473201206148,-2.7744731983357465
-2.796703808172315,-2.746559245147236,-2.5670482540847592,-2.53438269411802,-2.676700032237549,-2.4674974042215663,-2.77416883481712,-2.6909480457242134,-2.8255386596107686,-2.8135050211572814,-2.7936329342875337,-2.7936329312678416
-2.8749844827377213,-2.8078482161847136,-2.5916680971903405,-2.5622843462152662,-2.640311848676721,-2.4594992284436277,-2.741153579386385,-2.6690296941179,-2.7973246739579856,-2.7858408155474277,-2.7618417083896984,-2.761841704925037
-2.9343000613567307,-2.8528225856259755,-2.6106500133554666,-2.578563564510936,-2.629351922581402,-2.4524859403665524,-2.7367282397873103,-2.6600376538421515,-2.7992744390348054,-2.7872595409796888,-2.763265066492099,-2.7632650628345683
-2.900847170974529,-2.8258567251660542,-2.6145843617373465,-2.5801035662360725,-2.6772067823844994,-2.4646549039575936,-2.77569176110965,-2.6789778346358117,-2.813419546922974,-2.8008040547160222,-2.7888537351410334,-2.788853731194002
-2.9607106363378097,-2.8571725904421976,-2.6330513902227137,-2.599824769990514,-2.7016942537808792,-2.4762802593486777,-2.8097238417209187,-2.7021911116660338,-2.8272088092782184,-2.813504198977596,-2.8158895724897897,-2.815889568333063
-2.8713469255140325,-2.7778494168315926,-2.639672412137573,-2.600966762904844,-2.6733819068611284,-2.469095896208211,-2.763573496515235,-2.7129147000395646,-2.833324136075988,-2.8181802389635355,-2.800113112216606,-2.800113108422764
-2.88076482812716,-2.745758456239006,-2.65472140506765,-2.6078080097301855,-2.6925190529485894,-2.4727702497641335,-2.7529553833359337,-2.7091540514147274,-2.8419896955146,-2.8258225838725766,-2.800142608458404,-2.8001426051657887
-2.9606849233878316,-2.814709282166606,-2.6660345146031474,-2.6082657005408745,-2.6958016784175887,-2.4879829362434904,-2.740931549196507,-2.705808207316095,-2.8456959742590238,-2.8296648481890854,-2.8090987642482155,-2.8090987608548326
-2.911508896464146,-2.7783348584099494,-2.6717397871846362,-2.6141773336832195,-2.7476024654085474,-2.515464035666654,-2.751595688783885,-2.739213757471897,-2.8402523856463286,-2.8251880645052405,-2.8162580726542656,-2.816258068873345
-2.9933872562985444,-2.8405101516113858,-2.6817269806624147,-2.627312170372906,-2.7737719791484956,-2.5302813304447307,-2.7637594803028365,-2.7459464074260724,-2.8552573592590393,-2.8391209211192683,-2.8312325348927962,-2.831232531266573
-3.006052375802235,-2.85104577322094,-2.7044529554836716,-2.6496012626298877,-2.809931557991095,-2.5717364976991983,-2.783127246587206,-2.756637895110841,-2.8708408628695015,-2.853805644363746,-2.8544874175282753,-2.854487413926038
-2.989518327674313,-2.866456927315064,-2.731051788050554,-2.6818341208803504,-2.808723837757274,-2.6156196129962215,-2.7917651202697122,-2.7740650089907595,-2.8848239911901685,-2.8673702891722823,-2.8752791213503457,-2.875279117386081
-2.9916721676206266,-2.9075754167182066,-2.744805211997804,-2.700580027910731,-2.79332328989511,-2.628531095114888,-2.7885835544736723,-2.7807779702168505,-2.9001625991516775,-2.881891453960115,-2.889317159829926,-2.889317156205073
-2.950630157961071,-2.849266793367374,-2.7147749809198283,-2.6659262914344897,-2.7658698664833916,-2.6081269313842976,-2.753499882518139,-2.7336188407447652,-2.851819104693945,-2.844660823967335,-2.869854518730421,-2.8698545137043103
-2.9471181253078242,-2.841805199585315,-2.70380109243796,-2.657450286462609,-2.7939241918642,-2.620130440687669,-2.7815260429552247,-2.744595782588971,-2.858851682620804,-2.851279339598562,-2.885253587018834,-2.88525358176934
-2.9385278112046738,-2.8108882298834006,-2.708525713395476,-2.667301661777318,-2.7767734452235846,-2.5893910394773183,-2.7678788467701327,-2.7507625312209303,-2.851937784348942,-2.842680943054349,-2.8751524781420352,-2.875152472815762
6.459745788989027,0.23718887428879398,-2.701972211785429,-2.6739824995505495,-2.762413002454399,-2.6020178658312396,-2.768623230494204,-2.762816090610311,4.696234975583476,3.144534742715818,6.453031509984955,6.453030987038062
-2.70859859771196,-2.637354645199568,-2.6198230021924998,-2.5980703484207126,-2.482332131454926,-2.403420866960885,-2.4586405624452743,-2.684196424885796,-2.7775842987731933,-2.801980845612714,-2.660098515014844,-2.660098511060684
-2.70782875732553,-2.6533740864356328,-2.5882189202112427,-2.565410596637123,-2.5791014009668665,-2.434296257083621,-2.5115677699972476,-2.685045543758669,-2.783294761997723,-2.807485779818076,-2.68170636489662,-2.6817063606752107
-2.645991851797539,-2.6054751082387826,-2.573421890437333,-2.554710206952906,-2.613660293942412,-2.4604431948728025,-2.5532745156152044,-2.683009304429258,-2.7954084678265936,-2.8180511932238548,-2.6974405755122315,-2.6974405713176504
-2.6287079525160966,-2.578806528188826,-2.574843185920206,-2.553477681530612,-2.6372307635462184,-2.4970204422602027,-2.596433404291957,-2.6824005163027285,-2.8068828121591647,-2.827832624744273,-2.715486417824897,-2.715486413444415
-2.6417746110120244,-2.56760700508461,-2.5690816836208956,-2.5419270038217183,-2.555540958212535,-2.5034943452025447,-2.567418144461509,-2.663625750382704,-2.771736844993287,-2.7961575679505026,-2.7067690350547773,-2.706769029869598
-2.625510436722192,-2.537229671855634,-2.558116607759848,-2.52952398731165,-2.5846012077226774,-2.5476152098362066,-2.6007115398470697,-2.6740842926883985,-2.7851906334789667,-2.808061119671085,-2.7092887521062097,-2.709288747445917
-2.6653066761779804,-2.5557985814927626,-2.5640277041863184,-2.535393175336327,-2.6233340299036843,-2.585670848506118,-2.654008712027621,-2.6825174663893354,-2.797679977920959,-2.819046027094626,-2.7315862319838495,-2.7315862271715936
-2.7686079282653444,-2.643625107148293,-2.584747899008211,-2.552892576999213,-2.6617752164670154,-2.656969800276479,-2.7078423219899372,-2.6974441843777512,-2.8100717810682956,-2.8302920609044895,-2.75929327063891,-2.759293265527086
-2.835605735731069,-2.6874904969062534,-2.60525989759411,-2.567893330154039,-2.7008138079326893,-2.7058870607713468,-2.7484288978063915,-2.710663529364008,-2.822655588958647,-2.841509087444776,-2.775633241080091,-2.7756332359123412
-2.8263599196969054,-2.664101122423177,-2.6232099005313345,-2.5841643271394132,-2.6961172968643985,-2.755316860868646,-2.765764544248971,-2.733194384597386,-2.8157000291382577,-2.8350507948502477,-2.7810323891137827,-2.781032383541526
-2.9797519300088817,-2.8191977637186,-2.644134489972823,-2.6049976411961224,-2.724883301020174,-2.805717842212596,-2.8178073683140292,-2.7544665844610527,-2.8239653050975173,-2.8424638009161725,-2.8041026064494674,-2.8041026006167313
-3.0032549033271025,-2.842591709728765,-2.6772428552083922,-2.63773973450622,-2.7503488846051845,-2.861737407784527,-2.8481412510157162,-2.770803674714532,-2.8364069386226807,-2.8539570016368807,-2.8306604604468024,-2.830660454304708
-3.0587147497559735,-2.9037917277059213,-2.7180167839352682,-2.6762520293455254,-2.776758575083385,-2.9182381574233056,-2.8733892854932184,-2.7847705780146486,-2.839454970442215,-2.857218376269893,-2.8480417321885643,-2.8480417256221786
-2.9986925187438325,-2.8433987022814153,-2.736483175359429,-2.6997989302991345,-2.8271042403660562,-2.931112532168525,-2.8951835050572488,-2.826317518552325,-2.8399453123424103,-2.859429081277515,-2.8629042276483005,-2.862904220866719
-2.863353341503819,-2.7156136074890815,-2.7314075753252722,-2.686310111971895,-2.8033932204139145,-2.8092758177722317,-2.78988240406266,-2.815485399017037,-2.8139790379792617,-2.832332689107895,-2.808151996310745,-2.808151990251309
-2.904653038257739,-2.7628063032815575,-2.7298791692704043,-2.6846605287447076,-2.8707714431729907,-2.8365564267497083,-2.832538255450145,-2.8195805707698574,-2.8220951327390984,-2.837622099994819,-2.8304703824646325,-2.830470376074379
-2.8148830927671877,-2.716768161571751,-2.715045914226904,-2.674647489146994,-2.8879937134182256,-2.8227483902523893,-2.82463491764064,-2.8218980486174416,-2.8347400544612547,-2.8504151613783137,-2.8293870753536585,-2.8293870696640067
-2.7929716014824706,-2.70676646571871,-2.683227107683573,-2.6437196693195064,-2.7179871684777193,-2.750320832534044,-2.7154238858504423,-2.769547087778802,-2.7827036679567785,-2.8061112649002697,-2.810025991335035,-2.8100259843084023
-2.781851663604465,-2.7280228833629945,-2.6485808789510576,-2.609074683476354,-2.6372802335359387,-2.7121505835160544,-2.6512429275525013,-2.741411589908626,-2.7549222667929585,-2.780638265721779,-2.7905926547271216,-2.790592647057302
-2.8137939128108123,-2.7208422253867104,-2.6300964615752322,-2.594068438281923,-2.6833248859454644,-2.73153638881609,-2.6835346409978706,-2.742077300650407,-2.756129731728228,-2.7824145103295854,-2.797113805836905,-2.797113797953082
-2.8260281010328065,-2.748928571743212,-2.624213581334395,-2.5902348988510635,-2.71768761735861,-2.741191955829275,-2.7059894673547418,-2.73971484832081,-2.767486612414648,-2.793054199533387,-2.808214691714623,-2.8082146837609843
-2.8485702352733053,-2.7131697816948916,-2.649852213070276,-2.6197924018906167,-2.774318249609519,-2.775910415138209,-2.7513346554089124,-2.762499512117173,-2.7575191012091946,-2.7846172599326438,-2.8173018464143573,-2.817301837844164
-2.8550394979221103,-2.704750690194868,-2.6566194939556214,-2.6147190681340318,-2.8677723679062517,-2.7698311617473026,-2.7653221880530356,-2.7663127849197178,-2.7734291230173125,-2.798844197444245,-2.812082312547954,-2.8120823048341648
-2.862990895925182,-2.718726517499697,-2.680616787435752,-2.6350538537481687,-2.9593176605019367,-2.8182301749045138,-2.8096648448533803,-2.773691656179744,-2.789252574667241,-2.8136661506248792,-2.8352409446900193,-2.835240936850074
-2.7965781710341364,-2.688118927975334,-2.659825600168339,-2.6088762303694386,-2.834128329744574,-2.792471772558229,-2.738574542789065,-2.753875894720416,-2.75865365853783,-2.7530716994518185,-2.8361826171980082,-2.8361826076278334
-2.8002283220300095,-2.739692259606256,-2.6584586079370522,-2.608286192263282,-2.852350417707107,-2.8146440061694165,-2.7516753265463674,-2.777195002780126,-2.7758591655287614,-2.7710570905833527,-2.857156174217191,-2.8571561646594166
-2.78684292705028,-2.7077198180893918,-2.66917932266929,-2.621267172766545,-2.82418987013296,-2.804366549660535,-2.7300982313611692,-2.763726422099702,-2.775882771504157,-2.7736080600657727,-2.8490490517780134,-2.84904904208652
-2.7988369602555228,-2.7244253473113904,-2.658798982968592,-2.608955439803134,-2.776390840503976,-2.7605310180604237,-2.69728579977015,-2.7285366488196,-2.7552598206182073,-2.7601266319123177,-2.8308461562725364,-2.830846145881055
-2.7849180955352635,-2.6924894512929085,-2.6638527159033627,-2.6126329328921853,-2.8282026725809137,-2.7783280799700085,-2.7386461965975784,-2.7541854910039887,-2.760159976266316,-2.7673634051626137,-2.8479263734879434,-2.8479263627614686
-2.7997237285167214,-2.73294961470514,-2.6605630287267426,-2.6071045062319023,-2.8189438423868984,-2.7912497805026852,-2.753947716034176,-2.7739203065103606,-2.7653147833040173,-2.7660635288665607,-2.8691503247240666,-2.8691503134096
-2.8234410362433398,-2.7367551146329228,-2.667580839666151,-2.6108895488981245,-2.796263395834072,-2.7908432810193284,-2.7511847144317896,-2.7572064053435357,-2.744405317124719,-2.7514600354006418,-2.8553248718014395,-2.8553248598381344
-2.8368844667108046,-2.7667829974893277,-2.669501453888392,-2.6078745409548807,-2.7675565897213765,-2.76823339873137,-2.7376237716885843,-2.7422302711444146,-2.7408433661082636,-2.750835736428747,-2.839799801600328,-2.839799789723046
-2.8470811204314375,-2.7764608936784576,-2.6810434968836905,-2.616632300304793,-2.778949472058961,-2.779954338727231,-2.76349186238242,-2.768917561927255,-2.758368779067891,-2.7681933378242904,-2.864638419959746,-2.86463840801269
-2.8364263561187353,-2.7629510468546927,-2.6885409429785354,-2.6197057273888995,-2.800307811226811,-2.7816586521645776,-2.7879223345005575,-2.78885898352277,-2.7757304850493116,-2.7849732817663866,-2.881743483059678,-2.881743471029454
-2.883447565359204,-2.801467534601839,-2.717215860773159,-2.647397982308136,-2.8133332418248425,-2.7957882774755927,-2.806962008304364,-2.8058131598901817,-2.781699910814905,-2.791944573046846,-2.892437813531633,-2.8924378013424032
-2.829066998230977,-2.7562021952884064,-2.7274720862198825,-2.6535039391825026,-2.708135719338662,-2.753427079433388,-2.752527856428059,-2.7629333892060792,-2.7528748623728148,-2.7674169839654414,-2.8613986471816464,-2.8613986345319686
-2.822735730024898,-2.681710690599531,-2.7253117792339543,-2.651158874074208,-2.6473370457010312,-2.718361578371624,-2.721021471337569,-2.7706962428975106,-2.7310066470146266,-2.74844639583074,-2.822801283083845,-2.82280127011568
-2.878497515711198,-2.7254723129354947,-2.7430052938488023,-2.669565584354933,-2.6992352788329437,-2.757814881159807,-2.775086498544467,-2.7988319059153888,-2.7493057862191916,-2.7659082597371802,-2.8510047279387116,-2.8510047148967956
-2.8414808156968867,-2.6976864633346915,-2.7336605092958797,-2.652332979651237,-2.752574457435187,-2.7130419148471567,-2.7388616129273595,-2.818151947053618,-2.755008165489956,-2.769944439993701,-2.814491336603096,-2.814491324936176
-2.877650245442061,-2.712341208314252,-2.74543237329069,-2.6631749587742766,-2.8440381390669964,-2.74678485316464,-2.7897979690577492,-2.8287645224110163,-2.769957892741949,-2.7841178055528486,-2.835273077677596,-2.83527306619223
-2.8742800796763293,-2.7107431417572663,-2.7706967783339804,-2.6933822636059714,-2.872354686784176,-2.7607637694449867,-2.794922122562478,-2.844058891258684,-2.7530878349924452,-2.770484373437052,-2.8226620880605537,-2.822662076475593
-2.8411749743022296,-2.708462619523546,-2.779507338047509,-2.7026740609921087,-2.933971648608098,-2.7828348581381834,-2.8206147311736753,-2.864552469196072,-2.769738254993874,-2.7864477528796563,-2.8317151389284083,-2.8317151278030646
-2.8695897319498282,-2.741165577339343,-2.7831874213517462,-2.699884515088449,-2.9482070963718963,-2.7733813210306817,-2.80821887140571,-2.866353169780486,-2.777565506917754,-2.793538295440288,-2.8280307853307702,-2.828030774858933
-2.881242946095572,-2.744412397756286,-2.7783694841900566,-2.692400849438513,-2.9516527902480147,-2.773850854001328,-2.798822573639951,-2.8641546819778654,-2.7686588308148607,-2.7879772913235175,-2.832511622000713,-2.832511610993777
-2.894104997710171,-2.7816769057633306,-2.7955589899811324,-2.7099318683605413,-2.993018304532285,-2.8105839127212384,-2.827509641016631,-2.8785554936397135,-2.7844585432383795,-2.8028254103430896,-2.8590291365190383,-2.8590291255136817
-2.827658916290578,-2.7165741908068326,-2.760483198050925,-2.664251210279131,-2.707093720076742,-2.701620831268067,-2.6802679706758044,-2.7541274761954835,-2.714071137752737,-2.7291487954048463,-2.7846571098809574,-2.784657098190437
-2.8331524007281734,-2.721771642642382,-2.7418188384630815,-2.644977889153059,-2.760527512859865,-2.737583601268261,-2.7269558572154065,-2.7699052236219073,-2.730512927829819,-2.745184841059689,-2.8089519936060743,-2.8089519818265507
-2.822084341132878,-2.7150983642588575,-2.7150734187677514,-2.6226703572640617,-2.786771626664066,-2.7406959292202915,-2.737297676783947,-2.7711139658849024,-2.7059081451252895,-2.726040874492412,-2.7980932855375356,-2.7980932729523706
-2.8426232705941574,-2.733566397463494,-2.71352445508653,-2.625183107351688,-2.857323746510839,-2.7717251081218786,-2.7894582482350345,-2.8113459406849177,-2.7146430479364585,-2.7353784488587753,-2.817237037275183,-2.8172370245228926
-2.870733108672334,-2.7556904901614665,-2.722409005219058,-2.6341822286491547,-2.8589874297013935,-2.7934013727114824,-2.815052349058707,-2.8151432615503316,-2.721079890353106,-2.7421118527954644,-2.828002043402274,-2.8280020306766946
-2.887288140476332,-2.798799704541511,-2.7442898367389574,-2.6538678467371635,-2.9039513314550254,-2.8406222279683124,-2.86323726981435,-2.8391828965179187,-2.7399793252672056,-2.7601261744222083,-2.856068867777967,-2.856068855144219
-2.938192333532533,-2.851642155978162,-2.7814402970448864,-2.6922319537222186,-2.9480049771708363,-2.8847966944983847,-2.8954179710189534,-2.8871484406143004,-2.749770264904523,-2.770093766614933,-2.8755866627407096,-2.8755866499329015
-2.9853083678682806,-2.9077240139844056,-2.818559273696249,-2.729652611728698,-2.9863738564379023,-2.9299527379711447,-2.9311816981041803,-2.921163649447508,-2.76857296326474,-2.7880978691082885,-2.8981348164666088,-2.8981348038749593
-2.9790313189987385,-2.910670479179798,-2.852562288409623,-2.765082398310598,-2.978293832793294,-2.9560280491085313,-2.9490983848770704,-2.9419027669560203,-2.7844375726236152,-2.8039063832140245,-2.914100051790137,-2.9141000393068683
-3.066873347679356,-2.978277494125665,-2.8893419561840417,-2.806614588595266,-3.0285007732194473,-3.0112609964600625,-2.984564168292602,-2.977245741128362,-2.8004850243587613,-2.81986778925725,-2.9355213129832154,-2.935521300389934
-3.0005604562983494,-2.9122272147461006,-2.8737991460056547,-2.7842652815294757,-2.791976694926428,-2.887288716646067,-2.841853489602113,-2.9426210432328785,-2.7677397996723636,-2.7908548200415555,-2.866143631948765,-2.866143619232659
-3.020060713531219,-2.928663555312855,-2.8805867686826536,-2.795674587775771,-2.8610865862262833,-2.936051977679248,-2.9191009192139767,-2.9962215969489945,-2.785157369702401,-2.807302412797916,-2.891761046352867,-2.8917610335080965
-2.951782283767021,-2.858254044871951,-2.884343782497255,-2.7916261092801697,-2.874749134057047,-2.8898498431598902,-2.878522638847909,-2.976875504705615,-2.80082751516238,-2.820920971605227,-2.859825783702663,-2.859825773190366
-2.95540497346524,-2.8791292204905106,-2.8839199654700476,-2.7901133174950705,-2.8616171401510018,-2.8491421067354112,-2.830320898471021,-2.9288903907220893,-2.7950061487643185,-2.816256120118872,-2.8473103039778125,-2.8473102935183667
-2.9332337761285956,-2.829870794965509,-2.8777053022482244,-2.7854771695891682,-2.8750580196927205,-2.8334495684168264,-2.8180404406346526,-2.9156248875991855,-2.7734563812376543,-2.799129388227809,-2.8396633768125037,-2.8396633656962753
-2.930763160252414,-2.8316730169237907,-2.8920352027948404,-2.8053072300978052,-2.9139597731955633,-2.8505991645583597,-2.8433292825651724,-2.9164380856291077,-2.791048593434364,-2.815575621694287,-2.8633231812398585,-2.8633231701201534
-2.951702091076321,-2.8548307643590656,-2.9076993745162825,-2.8263120608995984,-2.9277669734812712,-2.874434262016977,-2.865261793034952,-2.916961992209873,-2.809011073489876,-2.8324349832371505,-2.8891552429220213,-2.8891552318608476
-2.974262635689172,-2.8705211128970225,-2.927898582370177,-2.853104205924882,-2.9458345978222633,-2.9122672495766064,-2.883593074504769,-2.906990603475572,-2.8061485127723675,-2.8305449575490313,-2.8930354440967174,-2.893035432867415
-2.9968797510712286,-2.895587076618599,-2.948299843334523,-2.8796197074893892,-2.9835058840489475,-2.9530967378958266,-2.9140537281482355,-2.929731191833331,-2.824017089158874,-2.8473032151308266,-2.917806120752041,-2.917806109489481
-3.0873173506970213,-2.996134253897891,-2.956824145304643,-2.8926211646863176,-2.9990473181259367,-2.980042684536005,-2.926080786234215,-2.9501526129547546,-2.8404415579074684,-2.8627722751122158,-2.9373704523756716,-2.937370441352818
-3.1145556499677594,-3.0128160978715104,-2.9819254309323306,-2.923417199426068,-3.0337693078346653,-3.021086572974517,-2.949222419130571,-2.9818490840699967,-2.8548213825618314,-2.8761288367664477,-2.9571112379368976,-2.9571112271257105
-3.180698039007254,-3.0629309550650285,-3.0005242670550594,-2.948971598827919,-3.0413905512403194,-3.049550203347027,-2.9587283514953278,-2.9965621019615796,-2.871870296497111,-2.8923007281181414,-2.978265904768706,-2.9782658938558075
-3.167694690188733,-3.067127508465637,-3.0193878251283297,-2.9729126240394677,-3.016380063656944,-3.0703896781955713,-2.972369763395241,-3.000435949636251,-2.877860290017078,-2.892671579915518,-2.989741448630948,-2.989741437628289
-3.0813700267443753,-3.0047657429253984,-2.9827534974390364,-2.938872635296632,-2.92844401122132,-3.0164193387250924,-2.9063299531629507,-2.9460313862542704,-2.882169932966461,-2.896287777476448,-2.9518332470724093,-2.9518332371166203
-3.095352555441978,-3.015133024976916,-2.9661452348989634,-2.91959814871946,-2.876583921824606,-2.992546487533553,-2.886432939555294,-2.928967250540571,-2.8807996240379916,-2.885728240047273,-2.9573491034457726,-2.9573490932385846
-3.038136035745451,-2.950775759716496,-2.9717900410738416,-2.924715057061035,-2.897506639700245,-3.0149587790688024,-2.9093272515733615,-2.939116778362397,-2.89666605185434,-2.9012645964953436,-2.973577108737534,-2.9735770987548014
-3.0222009287341858,-2.928783394886291,-2.9767801745602807,-2.9335118953315664,-2.9142631797070013,-3.0296512246157166,-2.9215215348829853,-2.9372551885826503,-2.903260561402787,-2.908004607559632,-2.976634095713196,-2.976634085802157
-3.0624589128646256,-2.9566360296228615,-2.9828677523586116,-2.9397197313487524,-2.9395047023369454,-3.053916624154886,-2.9501671541935606,-2.9485698654626145,-2.9162952770049753,-2.9208339429856394,-2.999612439384501,-2.9996124294326765
-3.0662846793552143,-2.9538160809829326,-2.999800216717845,-2.958471863500253,-2.968940367851389,-3.0835313250456116,-2.9862933661216937,-2.958791383023593,-2.9301123823378346,-2.9346789537628903,-3.021445299860985,-3.021445289887849
-3.154148846458288,-3.032868765214959,-2.9949298394690116,-2.9520318258513596,-2.946107528544181,-3.0707486254892986,-2.961069500374567,-2.9355815530609974,-2.925540013097816,-2.9324277913047,-3.013313473954866,-3.0133134638079566
-3.102158151525958,-2.969307315033347,-2.985044780718008,-2.9403347904597115,-2.9678422081250746,-3.0672174068783287,-2.9441913517878104,-2.931003896609088,-2.910800571051819,-2.921149939909679,-3.0040035291450287,-3.0040035187463583
-3.0128266362297307,-2.88294851461535,-2.966076343304346,-2.919155295133652,-2.9977119952237468,-3.0247794818743197,-2.904895247855367,-2.940438754868751,-2.923022722998617,-2.9324232672063513,-2.982909872691236,-2.9829098636490463
-3.040924384267625,-2.908744935090761,-2.9621387293834873,-2.9124433260766813,-3.050439726997969,-3.0500542029374085,-2.922273124177229,-2.9590103069119973,-2.9339576852809173,-2.9434081747276024,-3.005461951051441,-3.0054619418733064
-3.0610418838783393,-2.9462715327529816,-2.973660199907159,-2.918343647196444,-2.977701644807883,-3.0156408865415028,-2.9064132908378806,-2.9250767309489625,-2.9097746249088368,-2.927031017154931,-2.997181827173474,-2.9971818169787348
-3.0157787127151927,-2.9160168928329053,-2.980502559176638,-2.9200983169899724,-3.0026777863100325,-3.0421577687752963,-2.9523550619587837,-2.9544637929516613,-2.925672355592156,-2.942017622012352,-3.022798524851533,-3.0227985146358938
6.766454533139885,-2.613723613761138,4.555263229495974,-0.27295470842897585,-0.9973402394810673,7.255535830592102,-0.3993420560246048,1.6705619354706673,0.281884444929148,1.767919128493432,9.052145300364579,9.05214427772999
-2.793599324353626,-2.689125326688325,-2.8913909831207363,-2.8132556298181544,-2.6216998997372536,-2.706124654510182,-2.6162279693297448,-2.7647460677810978,-2.784964278409133,-2.801175449147988,-2.7947958892532694,-2.794795887740097
-2.772980566450742,-2.7249781893291143,-2.809226458392202,-2.7306024876118973,-2.576729570042044,-2.6192123171572628,-2.5255729754657055,-2.671462116827585,-2.724133225424121,-2.7423900752490527,-2.713501883384142,-2.7135018821520287
-2.6801594123270736,-2.600259180559993,-2.727348254846299,-2.6713330439260385,-2.676296877923217,-2.614446264578106,-2.580116376580074,-2.690161715265309,-2.7293895152511225,-2.748185111941562,-2.6863256894283,-2.6863256890929796
-2.58577034617387,-2.5502027198273423,-2.655377493944206,-2.61300788362634,-2.50565444247849,-2.5253100574586074,-2.469431660162351,-2.5431988401163617,-2.6484811655544926,-2.6740829199857643,-2.621098533594471,-2.621098532583355
-2.6726911275109395,-2.575060729228934,-2.6289837891381977,-2.596095740343814,-2.5799022310984485,-2.5501381102289926,-2.536871240588385,-2.5746770382920197,-2.633498114847227,-2.6613553358714936,-2.62072387185582,-2.6207238703627596
-2.581550959350397,-2.5356442637147607,-2.595201441831158,-2.5623141598219283,-2.462197719492643,-2.4676855278891443,-2.4420274704201854,-2.5010077412179577,-2.5754060935706873,-2.6048380617615168,-2.5594784662763628,-2.559478464782292
-2.6230551793203123,-2.5513305013476475,-2.5771297777249798,-2.5508589717860057,-2.5341761126759055,-2.498489790573887,-2.5172951844176477,-2.52357525046558,-2.572284474587793,-2.6032723157911155,-2.567009575249452,-2.567009573547325
-2.5859461113677895,-2.4871790084909646,-2.60411400799328,-2.5818642970757857,-2.597691687402902,-2.522283625552702,-2.596654494020348,-2.561303707872173,-2.551752868644368,-2.583255346140402,-2.5535577132174216,-2.5535577113133527
-2.634191386537174,-2.541766695577781,-2.6124229353302457,-2.5836339578622343,-2.627910112626848,-2.54269437541481,-2.6193376700655846,-2.579172962975707,-2.5587483831601356,-2.590490563084156,-2.5533521339737475,-2.5533521321300134
-2.624676459929441,-2.511768739916729,-2.615343484912572,-2.581601805134371,-2.694522287688019,-2.565751497431133,-2.662732307007789,-2.596518083274929,-2.5707813592169777,-2.601081420828411,-2.5661288981622445,-2.5661288964909295
-2.647450184070848,-2.5393807100545915,-2.624440364553703,-2.5936633964529023,-2.7560837927288087,-2.6241318392653414,-2.742965213159253,-2.6213893466369944,-2.5909949721170458,-2.620766879360249,-2.593106000354829,-2.5931059986877716
-2.672370836070269,-2.5242357502782897,-2.6610263415902726,-2.63525106784313,-2.705885805172815,-2.6135469517918177,-2.7169087369314466,-2.5805705068170903,-2.5468468938558013,-2.5786450704550736,-2.5446799973514316,-2.5446799954201476
-2.745611462394728,-2.616532891653816,-2.689171370916417,-2.661774026848535,-2.7721148902609323,-2.6475715909828654,-2.787137649902139,-2.6042090935316207,-2.565253156357592,-2.5966351741174982,-2.5717460812193416,-2.571746079293186
-2.789463310887692,-2.6490509323888567,-2.715058924606776,-2.6890600572991836,-2.828364847879522,-2.6819100491865977,-2.843442473597708,-2.633287438869972,-2.5856282346572206,-2.616297186787099,-2.5988450402983427,-2.598845038235658
-2.8349241746579708,-2.6990747670046655,-2.7483194011744714,-2.7220195762607915,-2.875164071440351,-2.718391286324776,-2.8836810322859905,-2.657306194800282,-2.605107117487416,-2.6353289364766948,-2.625106620992268,-2.6251066189748418
-2.8294175773214922,-2.6910788862134156,-2.777484344124616,-2.7516172670125396,-2.8910664559677643,-2.740079320709711,-2.87539924524456,-2.6930563002328993,-2.6262406817796906,-2.65561615498898,-2.643028996106247,-2.643028994169402
-2.8349226189798618,-2.7291255887798194,-2.807590665574932,-2.7807743544380106,-2.951234577007358,-2.759825084456125,-2.87686677259706,-2.716526899526982,-2.643447688862561,-2.6727763706447654,-2.6380614955465282,-2.638061494461562
-2.789769213329687,-2.6712634594533933,-2.8313369778522164,-2.797601963876278,-2.9490360012769252,-2.7562714580592713,-2.868874532366142,-2.72660225089016,-2.6529178851721746,-2.681130207558701,-2.6494073338991027,-2.6494073329544077
-2.911358826917297,-2.775658253724257,-2.8467826867559602,-2.807670365493329,-2.9529890651503923,-2.788339676302871,-2.891900500224268,-2.739723300511958,-2.6678417767860747,-2.695581732714434,-2.6727087938969003,-2.6727087929154063
-2.91777552633583,-2.76942312633358,-2.8671080492550027,-2.8275203667861897,-2.9842689196653502,-2.8428753314935107,-2.938120686504472,-2.7670415679994003,-2.6881278045062684,-2.7151272661026926,-2.7028217943382673,-2.702821793318402
-2.9065635957169116,-2.7843990029216785,-2.873388137310213,-2.830111867749193,-2.976360266935804,-2.832922833806667,-2.8833781856147644,-2.772263615585959,-2.6904127214467617,-2.7169109748528255,-2.690189961287666,-2.690189960759116
-2.9422761481273545,-2.814198831438694,-2.8836788246460765,-2.8368730062793457,-3.0099490956723134,-2.849204632771597,-2.8900121908673,-2.7816035762085622,-2.703211775476776,-2.730004756766166,-2.7124201941672603,-2.7124201934987546
-2.9542030324801756,-2.827322476924629,-2.90517899293407,-2.854589867155642,-3.0395379883509914,-2.877681601773787,-2.918747346530421,-2.791460321156852,-2.7222923542085296,-2.748460261217784,-2.737170178725189,-2.7371701780715494
-2.941474671688537,-2.8105565184782866,-2.8979862453078757,-2.8421244206086618,-3.062613231971273,-2.875386288516468,-2.9212647805875633,-2.8225158900285745,-2.7355029694346698,-2.762352198195944,-2.7569133722810535,-2.7569133712335363
-2.978103500912405,-2.8667232208640225,-2.9314405070126144,-2.873470975454959,-3.0938086636754436,-2.881948090991984,-2.939048396938187,-2.8526517845318864,-2.7488196638279474,-2.774435284683327,-2.77328696856454,-2.773286967616751
-3.0144728862193944,-2.9152249757532607,-2.9469425434069287,-2.889778046230494,-3.102440416616334,-2.886263932836631,-2.929410251334191,-2.8759264658588917,-2.764251617307563,-2.789352294072768,-2.7847821996348885,-2.784782199003427
-3.087968430170533,-2.9706267897196614,-2.9647041175205078,-2.907114078388168,-3.110619950908216,-2.902144745382545,-2.9421406491976874,-2.895862884761682,-2.7824910494940602,-2.8070188861755225,-2.812548537563981,-2.81254853687053
-3.1382537780940623,-3.009778788416047,-2.9904091716728605,-2.934913874801796,-3.102183436680408,-2.932849207074638,-2.9644304645171147,-2.9320988633793053,-2.800519450726344,-2.8246476838810635,-2.834361316633378,-2.8343613160804377
-3.1891267998113793,-3.0957765303845752,-3.0059484259727873,-2.952338820313372,-2.9850986193521893,-2.92026192650378,-2.947134272155207,-2.919932751058854,-2.7950933079957947,-2.820440203065849,-2.838004693658765,-2.83800469269472
-3.217397353683353,-3.1140193183420948,-3.044562568238274,-2.9904978400417352,-3.006762631146751,-2.9644759258504214,-3.0052030323731453,-2.9589628522812896,-2.812116012549729,-2.836724506152855,-2.864355138811439,-2.8643551377517444
2.1939000384304896,-3.179318747092317,-3.0758490153002858,-3.0201380702026253,-3.0173943836429737,-3.003648068364285,-3.035661543002726,-2.984494889126939,-2.828271856009812,-2.8523571428800967,-2.8810911795220733,-2.8810911786514817
-3.130378813395449,-3.0502612353734246,-3.0321642584444213,-2.9783223381730526,-2.7709247043087224,-2.8897262958248966,-2.8607579452006417,-2.8425576853717516,-2.7676348352219975,-2.798168455804544,-2.821581246291527,-2.8215812439479424
-3.0274170733416295,-2.979848702109903,-2.980023105209962,-2.9344195823710137,-2.8019717876585393,-2.9212405836749036,-2.8952955493220567,-2.8699252543899387,-2.784947832665208,-2.815277667214919,-2.832892510405622,-2.8328925085486487
-2.985768186249925,-2.922152020555317,-2.931475770647412,-2.890194345559072,-2.820050885506897,-2.905727245545393,-2.898084869366761,-2.875312368754482,-2.7552517772694265,-2.7896792945868105,-2.805463576007516,-2.8054635731679403
-2.930223166520894,-2.8588624079980125,-2.913957096180588,-2.866649463789769,-2.8956640553846036,-2.9222653333458033,-2.927918255389289,-2.9057767892012967,-2.7757516923426024,-2.8092437788036806,-2.810875689999138,-2.810875687875429
-2.901706517443214,-2.8347500716607175,-2.9002167152351115,-2.8406607444242895,-2.923190621526251,-2.897307706770641,-2.8788312665446005,-2.8935556646438148,-2.7771152869361804,-2.8102850147551797,-2.7905675006197828,-2.7905674992425693
-2.8171582001113666,-2.740009110650964,-2.840485017784399,-2.776404009441333,-2.6658690483166447,-2.7387502931056087,-2.6859633782444363,-2.6593234610740564,-2.6906286131780375,-2.7280289138811202,-2.708736438532664,-2.7087364361892483
-2.7520216266131805,-2.7097083291961916,-2.79616394524142,-2.73896444386243,-2.674316835945989,-2.748608318159772,-2.6913642574224315,-2.682078397406312,-2.6889900960714077,-2.7267384502132277,-2.7130831539482374,-2.7130831514799434
-2.8045029311886314,-2.7158835905447942,-2.7774457060246185,-2.7196213795922164,-2.7069988717716846,-2.781331832461457,-2.7185901232696117,-2.713033633225291,-2.7045288498009845,-2.7413353644073757,-2.735363043426341,-2.735363040974608
-2.780782839268746,-2.6645144128112164,-2.8037401756338065,-2.7522990636060958,-2.730575224186663,-2.7951656196714394,-2.7409835347395815,-2.7371870628796056,-2.6647894007782735,-2.703732654997041,-2.703493539936299,-2.7034935367754307
-2.762426086918065,-2.659396701831165,-2.829565328133878,-2.778859665339888,-2.780913973934939,-2.8187535869414084,-2.793841017535791,-2.7532882217440307,-2.664107598119313,-2.7037810835572396,-2.707179859643469,-2.7071798563385
-2.8050398957460354,-2.689887550024275,-2.8610155225614244,-2.8080170518065293,-2.856097834309897,-2.872139528480832,-2.868784984477252,-2.7838683618889286,-2.68737716265961,-2.7260196899140237,-2.7385045914813935,-2.7385045882241523
-2.7988453734456806,-2.7012949788542207,-2.863076474657373,-2.801387517205493,-2.819925390174933,-2.8682128496606634,-2.878122826220022,-2.789764920425335,-2.6928725247216123,-2.7313534906109656,-2.7420429177726575,-2.7420429145438057
-2.823675665020361,-2.748821703397378,-2.8510257049501004,-2.785683640673245,-2.8148384659732066,-2.890641546810758,-2.911945352713153,-2.8007246710165123,-2.700349891172033,-2.731870918785428,-2.7572037527108013,-2.757203749285251
-2.82856020997154,-2.765531716116068,-2.8611731510743277,-2.794292824354561,-2.8502754663677394,-2.9216992035150806,-2.9548302253589815,-2.8204341046479993,-2.7188753853163505,-2.74960204040792,-2.773860446294175,-2.773860443212071
-2.902929309680408,-2.8523457677978836,-2.901941408756879,-2.83677241701308,-2.8963760266125287,-2.958275625314796,-2.9932264147795555,-2.8453727253144074,-2.7289383527554367,-2.7598156796041957,-2.7916060980914437,-2.791606094916997
-2.9152208355357194,-2.883001169622734,-2.945635024937578,-2.8776121231174976,-2.95343355026607,-2.998742928166425,-3.045511416363052,-2.8782187883983896,-2.7502081653942807,-2.7800797044519685,-2.8168396698997404,-2.8168396668476636
-2.9811465909867954,-2.944943279496278,-3.00434084454644,-2.9380464907816224,-3.003067647958106,-3.0332930733071075,-3.0703488795509575,-2.931843874501359,-2.751171359892483,-2.7820326351678037,-2.8235406358534925,-2.8235406325117225
-3.0175789687348593,-2.9883847636479555,-3.0553973395212437,-2.9937352961343646,-3.0629249620730294,-3.062824433264154,-3.0868645016793193,-3.0187145688875825,-2.7660813090073693,-2.7960912432920515,-2.8344928564479672,-2.8344928534352176
-3.1215150986392843,-3.075397827999453,-3.0834434335446104,-3.025450961033748,-3.088363313825226,-3.0709064471095493,-3.0754396873172682,-3.039616418975637,-2.7832539797226654,-2.8131332204033326,-2.856171941345688,-2.8561719383002853
-3.1252472463249483,-3.0904648820278613,-3.112323241728364,-3.0568607103102603,-3.1087962760996266,-3.0895960059868846,-3.082482255246992,-3.0622514522214273,-2.8013612655358413,-2.8306292342443964,-2.8820017480106626,-2.8820017449944264
-3.1531452064780527,-3.1049721420055123,-3.1519311435733663,-3.1006503132887304,-3.1159129166623503,-3.1223800592140325,-3.100305970707454,-3.090178119645655,-2.819931356251967,-2.848811144397926,-2.9019258200368654,-2.901925817027284
-3.23730485197616,-3.207656549084453,-3.191705587634878,-3.145333256780158,-3.129187942119632,-3.150918081907129,-3.12341953025219,-3.1073345091874103,-2.8381605974223585,-2.8662826982522374,-2.9212015477933675,-2.92120154483558
-3.1415791415850616,-3.092690675223178,-3.1846789844499255,-3.1413229063251773,-3.1111913455596563,-3.118419393514226,-3.0833254426888415,-3.0797753312541465,-2.8513856570087404,-2.8788111367588893,-2.9024561409234884,-2.9024561394548325
-3.1946828895869794,-3.1628704738228093,-3.1822320288462316,-3.1430316385724204,-3.148247160267615,-3.126764206059819,-3.0849613278846375,-3.1294979991418286,-2.865689893448744,-2.893453504832835,-2.923091314848723,-2.923091313245923
-3.1755285729418863,-3.1186029405103497,-3.149429547636172,-3.1016501168061295,-2.8823655951799987,-2.9716448664533024,-2.9555107672877927,-2.999538506411197,-2.8124388728860366,-2.843696967574064,-2.8561696301689663,-2.8561696279585735
-3.066862249381491,-3.0112152327264274,-3.1177352828473897,-3.0665854731494804,-2.860143903471293,-2.9634758833543366,-2.9814334410355063,-2.9812208630039834,-2.807235786522491,-2.8394087707861377,-2.8589533089171266,-2.858953306480135
-3.1086270344908558,-3.0374181235374733,-3.1015367130858715,-3.048642639832436,-2.94650074344333,-3.011525403376751,-3.069624035863085,-3.0167680360480835,-2.8227981849697206,-2.8551132058588156,-2.873711101883733,-2.873711099702657
-3.031942378956971,-2.944159722291012,-3.1142892074089894,-3.0642590937232064,-2.974270598902916,-3.013450467503387,-3.0731961782107304,-3.0711305230855386,-2.7979869710903245,-2.831746361566389,-2.8545233406494743,-2.854523338116517
-3.1172120615536403,-3.0426215123900295,-3.131989052923016,-3.0814249288103523,-3.046417823984953,-3.060323992206753,-3.126875288659535,-3.091809497216011,-2.8196434801595687,-2.8525538645328763,-2.88561436879164,-2.8856143662800147
-3.1178419149222565,-3.0613124990212697,-3.1560566556026677,-3.1063060436098375,-3.103898863929256,-3.1102757327195723,-3.1818297861561726,-3.1240855272446684,-2.8409881331253466,-2.8731024110167134,-2.915981316995061,-2.915981314503021
-3.1596108204097395,-3.1536535388264735,-3.1827543540352328,-3.1359120666959823,-3.1131341618629103,-3.1166137941676153,-3.1527024654976614,-3.1207295286154784,-2.8456335935954127,-2.876755921700494,-2.9125931109594947,-2.9125931088214307
-3.1603478476080618,-3.1308992500452186,-3.1919967518783383,-3.139781891479926,-3.0899767426041405,-3.0926550446426213,-3.135366257267469,-3.1272918618977896,-2.8532846675877592,-2.8834214014519244,-2.9145340581898473,-2.91453405622245
-3.1760177147864757,-3.1507588484551876,-3.1965869724104015,-3.147859966373608,-3.1283361827274545,-3.1191742694306677,-3.1655287069899742,-3.151589754069109,-2.8731611944576887,-2.902574861746944,-2.9374856453842377,-2.9374856436171823
-3.173625665893607,-3.156860807332073,-3.1825984325231906,-3.1440887660726573,-3.123292487611457,-3.1179497978027246,-3.150480846362119,-3.178291311298331,-2.8903446880050723,-2.9193468684600656,-2.9351709433113924,-2.93517094213678
-3.197700787142891,-3.1658117797352707,-3.1828772306081503,-3.15067201372111,-3.0894451279064072,-3.0903005287684344,-3.109837027118025,-3.1949474270554594,-2.860405211486746,-2.8920929374740183,-2.910783252042963,-2.9107832503063027
-3.2057155854400357,-3.1611969834105045,-3.188848328632781,-3.1598215821750597,-3.09382017702299,-3.0951431307547006,-3.1269917366872964,-3.195099155785809,-2.871016277084479,-2.902146244333759,-2.928019520857775,-2.9280195190843736
-3.171731069280693,-3.1318451727612038,-3.1885626667200087,-3.157543176394489,-3.1351950821079715,-3.1024637171072236,-3.1116830348467537,-3.2185335844478997,-2.890597440930659,-2.9211736685564587,-2.9246547627960116,-2.924654762124561
-3.1804317668742934,-3.1426508141147576,-3.1876037257294083,-3.1581438620708235,-3.16176046173976,-3.1260426518952924,-3.1075033868457993,-3.2141496066168243,-2.9015815199070434,-2.9318598052659466,-2.9416088731649648,-2.9416088723587763
-3.1838463607310734,-3.158308215781874,-3.197342356513608,-3.163179281036572,-3.0767523662004184,-3.109799433723802,-3.10119198414817,-3.1861243137175874,-2.899025472566479,-2.9292664672130586,-2.9514733340006365,-2.951473332519888
-3.1367808570198847,-3.117129379954633,-3.2192310173698724,-3.1818284163455215,-3.124093868262505,-3.155338270512678,-3.152988045480984,-3.1939002134303833,-2.9170894044389177,-2.9465159937597987,-2.9693550884292383,-2.9693550871055763
-3.0931148338520407,-3.0784208628379073,-3.2007901828057976,-3.1657809988534176,-3.136232388135502,-3.1524428986471644,-3.1443703722738467,-3.195249461551856,-2.9363980790213233,-2.9648335971633646,-2.958236925014561,-2.958236925169574
-3.1656008946312904,-3.148460005617843,-3.190732271698848,-3.151370918278053,-3.079287507336011,-3.1230209443824597,-3.1194669340685603,-3.1571123907190977,-2.9353610971739164,-2.964513049097666,-2.9657703639217945,-2.9657703638376836
-3.152181208411622,-3.1238691981847406,-3.1909054242449493,-3.14800186727783,-3.0976503048882873,-3.1593989270616607,-3.1643146594575606,-3.163728581647417,-2.9529640096121317,-2.9815088611083747,-2.9936124998745854,-2.9936124996990374
-3.1993805597119818,-3.171591895369472,-3.182450446935657,-3.1454248834443943,-3.11799777258186,-3.1749952644305197,-3.193205417216711,-3.194566333983828,-2.9686003956273215,-2.996693998993131,-3.0003743088364367,-3.0003743090720034
-3.2118226063878748,-3.198241985827758,-3.195934837880622,-3.1584554708282884,-3.1382624508519665,-3.1924254190351165,-3.217375487298602,-3.209876265790746,-2.9864666132542195,-3.014032599752009,-3.0079816115501408,-3.007981612406679
-3.17238482380683,-3.1671462282245773,-3.1431842660484763,-3.095112835383541,-3.0429633129818514,-3.100307099266216,-3.0626792199854176,-3.1117322070725066,-2.927293379288966,-2.9592296308332386,-2.9260628562828184,-2.926062856866423
-3.1201542088876817,-3.0922561286404964,-3.1159395556218477,-3.0613106193773647,-3.1279118083212847,-3.1113767426493837,-3.061634647708361,-3.129229025937562,-2.944838893936486,-2.9764505396699974,-2.944774647185979,-2.944774647880737
-3.132121380024763,-3.10427377102637,-3.0984372079375317,-3.0435301170349267,-3.165581229605116,-3.1281412140343186,-3.064203686353835,-3.141477393454281,-2.9615681656625297,-2.992568276185926,-2.9662184660947593,-2.9662184668291043
-3.103406405194504,-3.068529323479901,-3.079738446958951,-3.020168624658364,-3.100921546078731,-3.0945745273831555,-3.0049637994812097,-3.094738767155073,-2.932556572683695,-2.9656180254020748,-2.9373407009206627,-2.937340701073367
-3.029559436207651,-2.978342741740458,-3.0546508949407865,-2.9939019088044825,-3.093447281727423,-3.070455798004817,-2.975086427018832,-3.061613519575488,-2.9356737145761667,-2.967628349079261,-2.9253258726118476,-2.9253258731751925
-3.030525112866632,-2.9754818766394555,-3.0502375813542564,-2.9863994594040664,-3.1156292733681603,-3.0677687294666534,-2.9820684169863014,-3.055936565075771,-2.9441301456050173,-2.976416917515329,-2.9402246017414924,-2.9402246020661993
-3.012568830294753,-2.9547215561590434,-3.0707997939919296,-3.0043590548308345,-3.0922552290216263,-3.0667249699092167,-2.9963870413857894,-3.0494283639080293,-2.9515891964667795,-2.983480501147623,-2.9557333583865435,-2.9557333585093835
-3.0625959410574386,-2.991089798130155,-3.081215086500904,-3.0117609562496632,-3.1324370021080346,-3.0961938087994687,-3.019695195815838,-3.077953820820934,-2.9655130360800728,-2.997074532374387,-2.972486613865826,-2.9724866141915065
-3.0766825711084196,-2.9895432183584525,-3.0778817581467055,-3.00014811303353,-3.087074950722138,-3.0243242909908647,-2.9519511585434848,-3.0770933063662538,-2.967456119091575,-2.997069762203479,-2.9420855132230064,-2.9420855146869114
-3.093153330861137,-2.981974040349102,-3.059231711752577,-2.9736584520918963,-3.063671479852836,-2.9899438305633703,-2.902180204116998,-3.0790699462811153,-2.9743481276240593,-3.00297152211637,-2.9270564933406282,-2.927056495447158
-3.036821794569991,-2.9337865783238657,-3.03771111576925,-2.954910303967374,-3.1046587985726823,-3.0376129184546254,-2.911336343860453,-3.09824625528881,-3.0122750945539667,-3.0528311170223934,-2.986208279851916,-2.9862082747140093
-3.0300186323487406,-2.9213547945053078,-3.027860785596439,-2.947853115575461,-3.0906969901232597,-3.0543051193623665,-2.9262172938365207,-3.101656482824552,-3.0213367822282624,-3.0617335874636753,-3.0058818235100575,-3.005881818085436
-3.0847366063502837,-2.9509868962584065,-3.0206814697801825,-2.9406674866385067,-3.1140554226280592,-3.075399783334767,-2.95096935737741,-3.130011682267348,-3.0266300071604255,-3.0683217065680664,-3.024174843749399,-3.0241748379995195
-3.130787980038642,-2.9942885006689877,-3.031766652815951,-2.9540074828956175,-3.088863398676383,-3.0896672125531515,-2.9676860214092544,-3.1473299015197016,-3.033844608583591,-3.0750608537493775,-3.0393433446062077,-3.0393433386256783
-3.0729842276676527,-2.951661675506158,-3.0145853624728214,-2.9377503547568438,-3.030647120808748,-3.0572748394768228,-2.907649484600775,-3.0802124562530104,-3.017708491517096,-3.05872271968978,-3.0054056511113623,-3.0054056453049096
-3.0867696047151894,-2.9820952100173064,-3.0204216144202585,-2.945365914890747,-3.0682567240814556,-3.089944383131008,-2.9290352120177903,-3.0989130443030914,-3.031826389301538,-3.0727130099359927,-3.0272927312369533,-3.0272927254069995
-3.1211833005998297,-3.0178150579325225,-3.0320721426578237,-2.9590638055719216,-3.0931146240527414,-3.1208065635270366,-2.949193852235207,-3.117262597243888,-3.0336652573845946,-3.0748231124579517,-3.0426777177152755,-3.0426777115975256
-3.10862841721603,-3.010569621283652,-3.0410193863179114,-2.970121544911309,-3.1014201472600353,-3.1417611562281778,-2.9735057433087055,-3.1325461307879348,-3.027134732478813,-3.0692383459055965,-3.0474244071861762,-3.0474244005984152
-3.15747528662503,-3.0467225856074998,-3.062778817743105,-2.9915010877129786,-3.057192195508941,-3.135706462684488,-2.981551560331794,-3.1100678502583134,-3.0237740400205575,-3.0658958325447885,-3.050670371376226,-3.050670364515464
-3.0643972892217386,-2.959149104021736,-3.0309821381660536,-2.9511154882789135,-2.9721680094035405,-3.0421030902186486,-2.8850198961596845,-2.9700058023225724,-2.9597069323667706,-3.0025969615965358,-2.9494051024264967,-2.949405095815171
-3.0598000492179365,-2.9671967413338924,-3.0147194592761144,-2.92880340101992,-3.048558341422852,-3.0509598893801386,-2.917062253413371,-2.9887845188936697,-2.9747885327199715,-3.0165878227919634,-2.9689139576274752,-2.968913951177976
-3.0583278857952876,-2.958068422119406,-3.01668127802439,-2.9295725860412976,-3.101549384370548,-3.0749665009702616,-2.9536922059803206,-3.0092173818266756,-2.988279876804662,-3.0294313853724035,-2.992258775058957,-2.992258768487791
-3.0582730916550322,-2.961962719695696,-3.0212688743804983,-2.9342300730402013,-3.117405264502095,-3.071977521748431,-2.9482813654721047,-3.016945310105544,-2.990909616297292,-3.03043273499473,-2.9868186401406547,-2.9868186338989373
-3.0262682781631165,-2.948006736759573,-3.0176615520704098,-2.9389133606402584,-3.1036028873608212,-3.0679955624636097,-2.949604815449448,-3.0264916451579023,-2.9993573780185967,-3.039336189880686,-3.0002270149691515,-3.000227008974933
-2.9895929361508093,-2.915913360781502,-2.9902412048276625,-2.9086670128623444,-3.002105839951687,-3.005726664445226,-2.885347527006791,-2.924911525277625,-2.9537893554877854,-2.996455560777124,-2.951622885009981,-2.951622878245285
-3.006085658591025,-2.910468372472427,-2.9955049808528615,-2.908300120500426,-2.916520520055988,-2.912776798766099,-2.8148512359794005,-2.8804421682803927,-2.9332124981615313,-2.9766133658308545,-2.9113112181889127,-2.9113112118858906
-3.003365838804966,-2.900458099480143,-2.9848151821232007,-2.8970409470044443,-2.9864811151289254,-2.937877022884369,-2.8601159313986853,-2.910022498145109,-2.9477529888461973,-2.9902935994252937,-2.935023501486062,-2.9350234951313143
-2.9933871313982996,-2.8836210852947515,-2.989752995061701,-2.9011774183656067,-2.9983530415052373,-2.9572908434742247,-2.885455145170669,-2.926223905287727,-2.956744922381982,-2.999140436757572,-2.9490907609916492,-2.949090754562663
-3.0521038192711716,-2.939176783072056,-3.0080004629745565,-2.9220796426151803,-3.043035274967059,-3.0051044519093217,-2.938816563650659,-2.9554782184004655,-2.9719915471041007,-3.013612117358708,-2.970958259185437,-2.9709582527274954
-3.032376840732396,-2.9407040097701342,-3.0015087672530196,-2.9193645284396665,-3.058619250168597,-3.0276012152130845,-2.9448485702918745,-2.96840404461639,-2.9828165207040924,-3.023782710774697,-2.976805238481036,-2.9768052323140313
-3.0253295548897556,-2.9318541692269706,-2.986295972929226,-2.905738186230906,-3.039299132721126,-3.016581039845102,-2.911572685891958,-2.9490687302317475,-2.9724995181238576,-3.014173803427079,-2.967020611177935,-2.967020604781691
-3.0740520363328097,-2.9814360581519477,-2.988714141362464,-2.9118060791596028,-3.0843955733780346,-3.0458326327867575,-2.9458179708408987,-2.9826599418343367,-2.9866201838527617,-3.027601238184645,-2.991251200930718,-2.9912511944233335
-3.094920763160779,-3.0118533044581595,-2.994883813952926,-2.9238333363770943,-3.079030593614344,-3.0608756727265596,-2.9523930921732,-3.005357303804267,-2.999633143040476,-3.0404430220326257,-3.007021206653079,-3.0070212003513035
-3.112056672721792,-3.026210853615031,-3.0013807452574044,-2.9344513353868713,-3.068676467976741,-3.078198634809831,-2.957992661019129,-3.02683872170247,-3.0138255717992783,-3.054175313697464,-3.0236274828171337,-3.0236274766980236
-3.1034578415125296,-3.031415332940883,-3.020795403360864,-2.9565719960926167,-3.058181787284653,-3.090293966172937,-2.962076342401426,-3.0317808682151135,-3.022080702604932,-3.0614986797940937,-3.034978903527073,-3.034978897285557
-3.188944367035562,-3.103444637887007,-3.0503340158512016,-2.9871265107304574,-3.0591808915409024,-3.107976510226778,-2.989392794654134,-3.03868824640751,-3.0315511226671163,-3.0704757238413705,-3.045767019695862,-3.0457670135037214
-3.121440918342629,-3.026153157097908,-3.029859509694517,-2.9615018715273402,-3.042620160431784,-3.0916155064027553,-2.9595169586768275,-3.018622035802422,-3.012782656996061,-3.0542062837495125,-3.0256374309976612,-3.0256374244820914
-3.2035729601816767,-3.075735780058982,-3.033478850548232,-2.9657918599544897,-3.076089136183047,-3.1196412365710593,-2.9864927070004197,-3.038401695113366,-3.0252901418725906,-3.066161440002199,-3.049949719442466,-3.0499497127111104
-3.0718141255117506,-2.9521895925014494,-3.016746330085443,-2.9408328102318224,-2.9628904162285137,-3.014254150253685,-2.912722751889342,-3.0067792718356072,-2.9925781465881807,-3.032926691245306,-2.988367846365726,-2.9883678397753526
-3.066786071897238,-2.9486328939526505,-3.009716929464568,-2.935007436394015,-3.015438892470405,-3.0429184043119357,-2.9493546617897084,-3.0114649563563574,-3.006551411482779,-3.046002941668188,-3.007256658722083,-3.0072566521610438
-3.0985164074606395,-2.9937603969570334,-3.0215839312748045,-2.9512942916662785,-3.0795383402089436,-3.0954750093582017,-3.0150979133685585,-3.034078910845138,-3.0172310571889795,-3.0562259827126654,-3.0309929264267903,-3.030992919666679
-3.118319806734271,-3.005816894812523,-3.0333615207213303,-2.9669593301571258,-3.1184948708568476,-3.1354775316160555,-3.059691699509467,-3.0525956720503755,-3.031320028734123,-3.0695422509860197,-3.053684729859711,-3.0536847230107864
-3.160002827672442,-3.04841401660806,-3.022638869426518,-2.9558550151747593,-3.12270142354709,-3.116907874374629,-3.0415925542603053,-3.069894220791495,-3.0430074412800066,-3.079841973557364,-3.0446085204914004,-3.044608514519713
-3.142683112667885,-3.020055044328572,-3.0268088390578596,-2.9649371721882885,-3.177266784997198,-3.158778069187062,-3.072313447074685,-3.091484503696405,-3.0553027460460345,-3.0917289112787465,-3.0694197214643704,-3.069419715237716
-3.128436888720013,-3.023123293115599,-3.052407437515215,-2.9968757872714518,-3.209972160120331,-3.1988861756900784,-3.1050529390537904,-3.113240979574475,-3.0685279858445433,-3.1043188413444858,-3.085266337112908,-3.0852663310034316
-3.2133001273203092,-3.094752905630421,-3.057569967814886,-3.0042847106183617,-3.154395492496277,-3.183583168743131,-3.0664151488130535,-3.0804303137190696,-3.0313423198322202,-3.0708396944627685,-3.056565817686151,-3.056565810555284
-3.1071264976617963,-3.0021518547245685,-3.055561510999204,-3.0024828901926535,-3.1370731531412277,-3.1640188529577657,-3.0345677902770047,-3.0396702408775393,-3.013335888684526,-3.052904334245762,-3.0320870097856862,-3.032087002480183
-3.1226265687904737,-3.0240563660951656,-3.069145973942824,-3.0187182232227503,-3.184126980497146,-3.1873457236745963,-3.0651618751789456,-3.0498528071994944,-3.0266727435308294,-3.065204376566108,-3.0541786495340704,-3.0541786420984893
-3.122015204450514,-3.0213870601737214,-3.097719165354263,-3.0502363627232585,-3.204543625610744,-3.2096591679413287,-3.1049565699004433,-3.054641647373571,-3.0324061578779045,-3.070866686008251,-3.0723902699553682,-3.0723902622250594
-3.1496501652909927,-3.068684254836111,-3.123625004542919,-3.0760736249029312,-3.2646739162463794,-3.251393029362998,-3.165967014749781,-3.078441389078203,-3.0460160872773274,-3.0837408292979873,-3.0972070700748078,-3.0972070621829384
-3.234973410543099,-3.156699480328894,-3.134871106024921,-3.086619695612569,-3.299175184990029,-3.2763079621994073,-3.2010030680633577,-3.112423512138191,-3.0533240290340244,-3.091184493706203,-3.1153593032061395,-3.1153592950738034
-3.2358712986912734,-3.156060560461671,-3.168481371418312,-3.1214302402969762,-3.3212216087367272,-3.301827456786916,-3.226892873530743,-3.1350879931214877,-3.066720160068016,-3.1040845677812383,-3.132422200499721,-3.132422192353824
-3.2959071763849925,-3.229744910028937,-3.199087774105344,-3.1537317937453295,-3.352868981822698,-3.333020862418029,-3.2598130950965456,-3.16391779135836,-3.079587565821813,-3.1163972753488465,-3.1556510949478263,-3.1556510866097134
-3.2899936053072896,-3.2290257760802836,-3.2146981870355584,-3.1702533226878105,-3.3555840585272327,-3.3428260512809214,-3.262548171271046,-3.1935624964095943,-3.0653386787742596,-3.1045941382263127,-3.1543638037784696,-3.1543637947293925
-3.3256343860285664,-3.2824271432454113,-3.2318029331137983,-3.192767887253119,-3.376820878377662,-3.347121018380741,-3.260951336603349,-3.1985260188642695,-3.0787420944039288,-3.1173369283237697,-3.1679326685912343,-3.1679326593662447
-3.314206676338044,-3.2455323270025875,-3.2451758139280162,-3.207289627301548,-3.3998635166006577,-3.3603102156578584,-3.2732079134580667,-3.2078646382574245,-3.0926751240968717,-3.1307076062553434,-3.1916355554186775,-3.191635546037218
-3.3149080550920353,-3.267136460054791,-3.249700284637848,-3.2128619689583737,-3.388679984347025,-3.3584103330841586,-3.2613406164691097,-3.206743689114372,-3.1022597958024174,-3.1398349894799233,-3.2023242597170336,-3.2023242503778384
-3.3115944473156738,-3.274642818584912,-3.2547875154260195,-3.2218331550775927,-3.3539938127695885,-3.3485565907578625,-3.244626601904529,-3.1973280802073,-3.1076979769341277,-3.145304938974276,-3.2194034960631557,-3.2194034864438796
-3.2552430760537883,-3.2258937995187797,-3.2302190477775197,-3.1991617064812177,-3.2857534979098575,-3.2855588694446,-3.153439391037252,-3.154155668476364,-3.1627923446044743,-3.1701516218813146,-3.176279012910364,-3.176279007949414
-3.15021489610746,-3.1218732454357685,-3.2275985569467225,-3.1929067681319507,-3.3063959654478534,-3.2763602232016096,-3.1591370108768717,-3.1534212918637583,-3.170705118944209,-3.177736348099907,-3.1904201879039564,-3.1904201828317182
-3.1514489337883735,-3.1073365505097494,-3.185569971664778,-3.1437778118031607,-3.2520371995274195,-3.223666793052898,-3.1226343356106794,-3.090083127919023,-3.1433288425641885,-3.152335029091712,-3.1487722931103717,-3.1487722881088187
-3.1653275752744996,-3.121068285756065,-3.17032233970735,-3.1284081305865445,-3.285328193712085,-3.2311677679951454,-3.135521315979795,-3.1190405874255784,-3.156167334000327,-3.1650438512706054,-3.1692490345601962,-3.1692490293846056
-3.165876865498974,-3.1179250231357805,-3.1889412153512606,-3.151289309105155,-3.291401500233073,-3.222542605066943,-3.136700714118583,-3.0840304269156857,-3.124693681569914,-3.1343615898254233,-3.1361010991081306,-3.1361010932570235
-3.1758753257614423,-3.1104400119604576,-3.2071317629308065,-3.175206278471717,-3.291947433175105,-3.223857797348648,-3.166751575628446,-3.096977037677178,-3.1291727300671432,-3.1392989257559685,-3.1449512628850904,-3.144951256641362
-3.1946659666404957,-3.1602140984606555,-3.227654548261196,-3.2003148378560002,-3.3026235970433686,-3.24897082101854,-3.2025906040259207,-3.1274529637535746,-3.1339363732003225,-3.143869340927292,-3.1624761438063764,-3.162476137169736
-3.2111855379038445,-3.1511273002347195,-3.209235452867897,-3.1826219260421613,-3.3118295811443765,-3.2230734747992065,-3.1962734967025623,-3.1139812529970636,-3.1326497309981196,-3.1416488371482414,-3.1246009340281886,-3.124600928681833
-3.073654315960411,-2.986520505315749,-3.1502361129954166,-3.118138132519041,-3.214554500004472,-3.1483007564082763,-3.106667770832501,-3.0319837531949907,-3.1176119943188825,-3.126406324852278,-3.077344663847841,-3.0773446588954263
-3.026214222709862,-2.950410043915008,-3.1105103340308364,-3.070047798024663,-3.0146371591863073,-3.0224029659184746,-2.993450785120256,-2.9689674917851967,-3.0636827663157815,-3.0771909026079713,-3.015554689040058,-3.0155546830897184
-3.0432056789684934,-2.97563669106957,-3.0865313368846308,-3.0456273266349143,-3.0410089504632642,-3.0242384735597536,-3.0256973747405156,-2.983108894290628,-3.0673495830621533,-3.072017414592135,-3.033526638779953,-3.0335266325740484
-3.103453326532253,-3.002958706091843,-3.0546803632702604,-3.0077249761570006,-3.0712331998831304,-3.017413761125187,-3.054392537112856,-2.9986455223763517,-3.0435608424848484,-3.0523926456614183,-3.031016249442457,-3.031016242619668
-3.082536530317145,-2.9663434146077168,-3.0410569521727053,-2.9908215317476623,-3.134021888192963,-3.0268569346240803,-3.0914209264528907,-3.01403654559567,-3.026671019024075,-3.0391499366634114,-3.025640054593595,-3.025640047274267
-3.0085639157596624,-2.8962094879894678,-3.017240279496281,-2.955624842590186,-3.007828522968932,-2.92685452995935,-2.977333792505808,-2.980222224584068,-2.9944956940057583,-3.0071371859862275,-2.9655220560648967,-2.9655220493530843
-2.982163272507824,-2.8609392549722132,-2.997077874938322,-2.9297142450907065,-3.012702337793877,-2.9293699279023757,-2.993885401845039,-2.9880515417195825,-2.9886803130059247,-3.0007252712798143,-2.9649976438192436,-2.964997636933342
-2.9796221349254357,-2.836414348003212,-2.9649473134211495,-2.8952185876666117,-3.0083629860211363,-2.913485512464044,-2.961017612591365,-2.962328404180782,-2.9834628503025797,-2.9947277757184225,-2.9408835227451524,-2.940883516374236
-2.9190167094190116,-2.7853487190293076,-2.949150890871377,-2.8745742541650188,-3.0851773955600623,-2.876884712178275,-2.958650215052866,-2.950065142770183,-2.997937600713639,-3.0086114672803106,-2.9218421712510274,-2.921842165678454
-2.914648819195856,-2.788021190147051,-2.9346689456502126,-2.860423729438149,-3.1278138554407997,-2.8621898268235366,-2.958461851285431,-2.9443767219619934,-2.9929205665454193,-3.003831931065006,-2.9237574211966484,-2.923757415559191
-2.8422198848772613,-2.7341926408758215,-2.894053358244591,-2.8226632241758915,-3.05870453136649,-2.8069068648299065,-2.881008100359563,-2.8936929399082927,-2.9599348528670753,-2.972838627042163,-2.8837778307877127,-2.883777825173115
-2.8156563865566655,-2.7129724775707547,-2.865802861747605,-2.8013118259084555,-3.0384051826879928,-2.7640775143685805,-2.861868159874596,-2.872095758364132,-2.9629631121442346,-2.97607286027984,-2.8937482779325485,-2.8937482719499537
-2.7850362312508095,-2.6818288031159407,-2.8444613593464774,-2.7852826747985633,-2.982324322463258,-2.726334045192326,-2.8423124474019303,-2.84807121510954,-2.957952240699654,-2.9710820264720113,-2.892640658632246,-2.892640652480599
-2.7842209601329655,-2.6826841483643586,-2.834856889097201,-2.779886903837244,-2.901982235811758,-2.701795485470308,-2.8171046867851146,-2.8421803260990357,-2.9480205628636877,-2.9614529696929566,-2.9024155054492544,-2.902415499003783
-2.7980008520538027,-2.6857165218261545,-2.814242106976842,-2.7581334598394713,-2.7518837470356017,-2.6601944219247677,-2.741773337319914,-2.792964246282493,-2.9079803369582766,-2.90256260887043,-2.876321357662057,-2.876321350626475
-2.864179173174878,-2.737440973774747,-2.7977915728845684,-2.7445037295898604,-2.7737549905086385,-2.68751759066533,-2.788391037066651,-2.803911346135666,-2.924295005054362,-2.918244554658385,-2.900711071477607,-2.900711064402492
-2.895547941132758,-2.7374612769393356,-2.7844445132556066,-2.735169930928605,-2.720157907592968,-2.6621578197986437,-2.7653924694727414,-2.777968759234512,-2.9103025931056488,-2.906188532243969,-2.874881897222736,-2.8748818901338384
-2.8530106919966167,-2.7280260844906614,-2.755209447659216,-2.707317216275988,-2.5911931974440043,-2.607666115859119,-2.675226556367927,-2.7289638067751016,-2.8576573801045955,-2.8602809708325716,-2.8430054536385483,-2.8430054459714023
-2.865838832750917,-2.7169797552041466,-2.75059571570649,-2.703846054718566,-2.6344424990564237,-2.646018769581931,-2.711583287592425,-2.7462417966338815,-2.8729217180739224,-2.8746351200813254,-2.863555072305412,-2.863555064646321
-2.8699977228520757,-2.7317986700100056,-2.7371293196595596,-2.696302782292701,-2.68215429281505,-2.667062344862301,-2.757435790290133,-2.75790136959841,-2.8903029263868802,-2.8909234729930664,-2.8752666255460793,-2.8752666180822883
-2.9355384227748367,-2.772186549539497,-2.7454295847604637,-2.7094902696855123,-2.7254794029619007,-2.7045442117945364,-2.810903688741943,-2.774375830469064,-2.9070058013302775,-2.9066781766288243,-2.9020132901016478,-2.9020132825813336
-2.9717823613362846,-2.8512697004299143,-2.751670438330326,-2.715323552982489,-2.719989739063058,-2.7136669881319833,-2.8090968987774856,-2.782999412982176,-2.9107223120196535,-2.910325005477259,-2.901882483506833,-2.9018824760671373
-2.9277796476727853,-2.826184235194336,-2.7467747368461275,-2.7049562068043764,-2.7572038171226056,-2.7057373605906165,-2.790779390718988,-2.800907569012773,-2.9244421481712357,-2.9225731265943646,-2.882622587499725,-2.8826225811284383
-2.8997237756681282,-2.8040685989557255,-2.7360112028939145,-2.6903675330840953,-2.7141684594950015,-2.6818765235182953,-2.746002992148504,-2.8092840965712895,-2.9040642357066844,-2.9036027999330476,-2.857583004603142,-2.857582998113426
-2.9365341379353254,-2.833060773697829,-2.7363575643932263,-2.6851389410380975,-2.760223442832124,-2.6889429056387355,-2.7512967460014006,-2.811173429973439,-2.891939748505208,-2.8923693649880655,-2.8483863659498705,-2.8483863595153562
-2.912041665570386,-2.812189072669536,-2.724812791370779,-2.6691433938465603,-2.666367762978192,-2.6505875913495673,-2.7008462267032907,-2.7968096666604434,-2.852054516668224,-2.857411177244494,-2.816053498017892,-2.816053490898041
-2.8909971508066583,-2.7978110948862827,-2.7180070646516215,-2.6595443781185892,-2.664388669090862,-2.6657849750406646,-2.7230371518482395,-2.8006594316642945,-2.8494840539459467,-2.855583893595626,-2.825590041365882,-2.825590033967923
-2.880160140922276,-2.805895638069121,-2.713775112236503,-2.651861837663958,-2.6664496664200286,-2.6587175017684093,-2.720780683727208,-2.785878109309104,-2.844254402662085,-2.85047570498497,-2.8157825431687136,-2.815782535864476
-2.9285114327992945,-2.8654303923889914,-2.741782469993459,-2.6788848858982997,-2.7326798914979937,-2.6927983310097523,-2.764016934819488,-2.8102776070477846,-2.854950500228389,-2.8598090692397142,-2.841405097778189,-2.841405090314271
-2.94618827067731,-2.8483664202954664,-2.768639781729372,-2.7027815124598056,-2.7875514198899487,-2.7296763234594925,-2.7964456761375303,-2.8185900578966647,-2.869223434882525,-2.872940994685653,-2.8674018370214536,-2.867401829498219
-2.8316833476032386,-2.7674145948443356,-2.749703715522794,-2.6742781384957595,-2.73297976700694,-2.642546492421994,-2.6774515215453794,-2.814066465755537,-2.8451619227526743,-2.8480152926933684,-2.788735349525885,-2.7887353433159454
-2.86894312503561,-2.804778489727678,-2.728850001898911,-2.653485715082369,-2.8133293044169068,-2.6454555892356906,-2.699227741248566,-2.817917425922398,-2.851048228658697,-2.853007772135725,-2.7892211620082255,-2.789221156129188
-2.7743466500338005,-2.690913955505263,-2.723638393695803,-2.6516793984214355,-2.7508702935764813,-2.6308555696489195,-2.679576962953566,-2.822514618859655,-2.8171363352055367,-2.820875478437279,-2.761365610424727,-2.7613656041987564
-2.8208186786115466,-2.7288262514406068,-2.7417642619249936,-2.672298920538994,-2.839848586314286,-2.678717712579068,-2.736890033285553,-2.840514225421174,-2.8252751760617127,-2.828386132530651,-2.7751340355979517,-2.775134029395986
-2.869646001407915,-2.7830897070205762,-2.771712970527871,-2.7021033664164493,-2.916094706343633,-2.7389335612784853,-2.7892335070704437,-2.867628092549925,-2.839019686901488,-2.8409956362708333,-2.7998729444409847,-2.799872938242048
-2.9120706658441544,-2.8088240086721417,-2.8009304417412486,-2.7301189945104345,-2.9673886378718843,-2.7898830947017403,-2.828440603058025,-2.8841053203968814,-2.8548320861185434,-2.8554513751612127,-2.829498296098442,-2.829498289815441
-2.9462854818268718,-2.841940267507868,-2.832604054532297,-2.76203050626928,-2.994510200184085,-2.8440221306351523,-2.862673318137262,-2.908630459462023,-2.8703314835443487,-2.8696909564172,-2.8579552582046714,-2.8579552518586038
-2.968056074746384,-2.8715623843156544,-2.8457107077600634,-2.777460425555839,-3.002351939064758,-2.8730682587367795,-2.8731373885634444,-2.9268229417952565,-2.883860585639629,-2.882266145244147,-2.8730869022169796,-2.873086896052499
-3.0348653868916022,-2.8988407659661237,-2.8600268173808914,-2.789336198678586,-2.933585357756382,-2.874389551171064,-2.8536044279419133,-2.929606987029156,-2.878231801089549,-2.87717560540978,-2.874410462774593,-2.8744104565515363
-3.04510273809447,-2.9203446716499113,-2.8772301993506613,-2.800261833087169,-2.9814615609973845,-2.9136124761281907,-2.8895596288450665,-2.944820293231577,-2.8936375200442024,-2.891375367796622,-2.891682079408926,-2.8916820734581057
-3.0954400027769484,-2.954539286161924,-2.899689287492262,-2.817560802259062,-3.001477918679978,-2.953049595881933,-2.906579258681238,-2.960438065556107,-2.9062659801188184,-2.9030581931225736,-2.9035063949070214,-2.903506389261932
-3.0654199780587454,-2.9351068386417998,-2.8998685336741055,-2.820543598009335,-3.0261476941085172,-2.9664864909494004,-2.906549325661227,-2.976097877954218,-2.9161930820874047,-2.912320522981,-2.9052708417637945,-2.9052708366062037
-2.9573639278335744,-2.8432251625902296,-2.8875106583545493,-2.805954507162813,-2.9285277478539093,-2.8907625734793045,-2.8316868195747227,-2.982454440110602,-2.8881271357725713,-2.88524915233675,-2.8679628728591227,-2.8679628676932185
-3.0344124374140424,-2.9253268772755994,-2.9082855469767583,-2.8266341717073935,-3.0179694911249837,-2.9210660685982366,-2.8731116355727826,-3.008972764507094,-2.903145168636205,-2.899212955348538,-2.8861876399248927,-2.8861876349477082
-2.9192545762941786,-2.8080292293274955,-2.904329756170232,-2.8199243761705635,-2.899021438400943,-2.872657508790739,-2.8183522012442124,-2.9798006472157574,-2.876343476743929,-2.872407961165282,-2.859370801003062,-2.8593707957129815
-2.949407492722462,-2.8370070356752746,-2.8902240231528813,-2.8138765891938826,-2.867057093886405,-2.8855965224463462,-2.8225197737652117,-2.972621517447952,-2.861063715694595,-2.8594895780949163,-2.853862352370599,-2.853862346718693
-3.0195640410396987,-2.919337635488445,-2.8908202892247723,-2.822847333591107,-2.9250131210241035,-2.9354073551844957,-2.887045333125159,-3.0014240407299226,-2.8759029483125986,-2.8737467746236542,-2.882487643006079,-2.882487637178874
-3.0115586964513454,-2.893770319332703,-2.918817782850966,-2.853573918287352,-2.9349077100859,-2.9378448764911544,-2.882720821627402,-3.0185182719767223,-2.842434783070855,-2.8426530905582426,-2.8503386366760246,-2.850338630573851
-3.0815709696491767,-2.984316778344728,-2.958641732208363,-2.9019764562930663,-3.0202130416288187,-2.9981710508085877,-2.9627226223526906,-3.0584637145694717,-2.859555726737723,-2.8589960927037343,-2.8792304161025317,-2.879230409920372
-3.050025344422054,-2.9690591316861252,-2.9725880743280344,-2.9222304156933507,-2.999608352721989,-3.0135352403758846,-2.9965614083203276,-3.08419013849119,-2.8619011957358182,-2.8620088066382885,-2.882479813462153,-2.882479807119918
-3.021315698574307,-2.952617805997934,-2.9475740420844265,-2.887548975823721,-2.887901196169875,-2.890587630746732,-2.8670051329020505,-3.0798597467834457,-2.8492831310142637,-2.8496730515000257,-2.819800354113352,-2.819800348868978
-2.967830282403003,-2.8975743725926844,-2.9251274839057215,-2.8566376306010697,-3.018447197894104,-2.880137236234268,-2.890072845229214,-3.0801226522312075,-2.863375259659483,-2.8622555266682332,-2.817191161780625,-2.8171911573004493
-2.9657042244922085,-2.8876673140440925,-2.926210898397731,-2.8583634466609067,-3.107476991787627,-2.919158169377919,-2.9450901319949487,-3.0868490460765283,-2.878560702477174,-2.876469607131319,-2.8456373790183527,-2.845637374431786
-2.971782903327986,-2.8834044790004296,-2.934247645733842,-2.8688486314087775,-3.141804807538029,-2.9555464525797337,-2.9721282142466636,-3.0998346682732754,-2.8853688038350254,-2.8837702487349897,-2.8674968310022217,-2.867496826170417
-3.0011484521190717,-2.9064010741871824,-2.9454722485775706,-2.8824152079532883,-3.170107654011521,-2.995006376491512,-2.992440096197173,-3.114350352464736,-2.9006863483399554,-2.898472066869486,-2.8916290222871073,-2.89162901744945
-3.0450903738287374,-2.940418097986481,-2.960970313031937,-2.8991070195497928,-3.117315429798424,-3.0133813197209722,-2.998348511546488,-3.0980413478842586,-2.906205084272054,-2.90485696980157,-2.909933061391437,-2.9099330561080876
-3.053145572494541,-2.9565150155015494,-2.974189863664564,-2.9177109256866762,-3.1319479506603027,-3.0557750414129634,-3.040638291496119,-3.1344901342346256,-2.9188187979288367,-2.9174004182382203,-2.935588456856034,-2.935588451313273
-3.085994648998331,-2.9915664855364756,-2.983846412613533,-2.9304609717179257,-3.144496607067608,-3.094141550907539,-3.0661097799039316,-3.163488237240518,-2.934268803001835,-2.9323640901287247,-2.9624184462417955,-2.9624184405899205
-3.1923021620344776,-3.098387779043609,-3.0030423480380763,-2.95224173538591,-3.1613881379459934,-3.1291586700468033,-3.084907394874697,-3.189120241235911,-2.9463373076837995,-2.9444441159928263,-2.9796421088418885,-2.979642103297879
-3.1631331640956892,-3.0529313390091053,-3.0106850329941723,-2.959046529775321,-3.0370234422715954,-3.07115383680942,-3.032814270080441,-3.162456562994612,-2.930219053455104,-2.9294165542428314,-2.959341759431843,-2.9593417537479474
-3.1429604325706615,-3.029756681794809,-3.0016386061369795,-2.951777136532063,-3.059284949693258,-3.0823924033879484,-3.047798681382151,-3.1684836513484056,-2.946081018080996,-2.9446008511895716,-2.9646032222831047,-2.964603217279974
-3.189133964576433,-3.0999668339095234,-3.0192158823695134,-2.9719088944411984,-3.0850237942570278,-3.1171358801436813,-3.085935117737547,-3.187949509489978,-2.961877786591957,-2.9598172543695855,-2.991658140915045,-2.991658135809089
-3.125936473782613,-3.0491337874579374,-3.018712041583168,-2.974274352271218,-3.074551925871663,-3.1218761091544094,-3.0707268859934302,-3.176610769730269,-2.973477119384734,-2.9710328083073665,-2.9921786653845226,-2.9921786607111476
-3.15227957035874,-3.074837134140333,-3.0478443186953217,-3.0037767866835363,-3.097015966211142,-3.1398146165906025,-3.0746857738640174,-3.186627261910019,-2.9874716534671686,-2.9849998220701606,-3.002762316149014,-3.002762311619062
-3.142133641777422,-3.056942925954406,-3.041533792806931,-2.9938519601527633,-3.0924250664298345,-3.136268706225569,-3.0387604198465703,-3.158529655395812,-2.9896657791315455,-2.987953971568593,-2.9991837521781584,-2.9991837476514585
-3.135940161697653,-3.043337163684184,-3.0386447641348893,-2.987476806486417,-3.107028977046829,-3.1444548944723545,-3.0303880134384795,-3.1453280132707793,-2.982104745873129,-2.9822979059479993,-3.00322750159213,-3.003227496606842
-3.0732829133563238,-2.9739517571156693,-3.039048838994746,-2.99065025192599,-3.036992125743675,-3.101859784486269,-3.0077414356627523,-3.1459321029939615,-2.979984964368389,-2.981338026962765,-2.996607491136505,-2.9966074856113543
-3.1318476915813753,-3.0297843454050764,-3.0579079135720866,-3.0121996066226933,-3.0794916000096717,-3.132656800508722,-3.054892683008556,-3.1785294023972543,-2.989151615562493,-2.9902434391320174,-3.016941384819731,-3.016941379132139
-3.1683710494977757,-3.052496065173103,-3.0744221366929554,-3.0289800591693377,-3.1134744697679517,-3.165473748218745,-3.0892727593844604,-3.2011608791751707,-3.0040051115303075,-3.0042859866319365,-3.043068320071875,-3.0430683142549593
-3.2838762312070973,-3.193431282087357,-3.1007023376677525,-3.05479939770062,-3.102657797512711,-3.1832103338588604,-3.0978869003948577,-3.2086957993146044,-3.013340096323228,-3.0134818105248677,-3.056457146865436,-3.0564571410463865
-3.294444883759052,-3.2037748537037607,-3.1296567661176287,-3.0864163394208637,-3.1555103995818565,-3.218854143185399,-3.1490661478706685,-3.246405001938531,-3.027903333854923,-3.0273829746960947,-3.080986074656059,-3.0809860688040187
-3.2574484520243967,-3.1485570480460785,-3.120027316385915,-3.070588354219074,-3.132699225762248,-3.1794349292924804,-3.0843227047620805,-3.204160920940932,-3.017894779914835,-3.0173642082149867,-3.04638632641977,-3.0463863212232853
-3.2179430551797825,-3.127135167877045,-3.1300308101852217,-3.0824945208855254,-3.1766942883255855,-3.1927842039229617,-3.091599242570422,-3.198749570169184,-3.030986097545436,-3.0295755768169284,-3.0673255002031525,-3.067325494935282
-3.190283882216682,-3.094216317210819,-3.118278617635666,-3.0640679236251644,-3.1649094011000782,-3.1824400422934476,-3.0737316833327886,-3.1923983958648146,-3.0163925799121754,-3.01882908176652,-3.0708415172189154,-3.0708415110145575
-3.225738264278302,-3.105957800570778,-3.1135623879866947,-3.059067158598994,-3.2021546937725134,-3.199797719480623,-3.0856922413592085,-3.227658166387463,-3.030325007063081,-3.0323263809204533,-3.0955900866394557,-3.095590080024147
-3.26781435975737,-3.167903209510085,-3.1329765295261223,-3.08365157243575,-3.20404903821655,-3.210778708259146,-3.0846522258865763,-3.2491321461305422,-3.0450649042243896,-3.0463288605353673,-3.1038073031293005,-3.1038072970590593
-3.2795429641713625,-3.186953863128712,-3.1330887040688356,-3.0839568710465732,-3.2042430488770632,-3.2225114629948504,-3.073174613041803,-3.2593915531854574,-3.055185271115226,-3.0562914719784975,-3.116728462682393,-3.116728456657749
-3.2991209105824355,-3.2289775877438327,-3.147693275695279,-3.1004526641228436,-3.21412573752723,-3.245156171771999,-3.0873023248132223,-3.280147704071152,-3.062564581684004,-3.0634784371575714,-3.132899176928155,-3.132899170729961
-3.3368661287489,-3.2615175985966225,-3.1760494383985294,-3.139552704173022,-3.2482116296195063,-3.267118479361426,-3.0890682625413457,-3.336030321038518,-3.0767122294323257,-3.0772600301232895,-3.1398897925991314,-3.139889787098965
-3.297077635309808,-3.2201042164833154,-3.1936809269160595,-3.160114225633503,-3.269312245514526,-3.295334041869981,-3.1064274029224417,-3.352140676963654,-3.086444338258225,-3.086880811853532,-3.1590750737782995,-3.1590750680368016
-3.3391892416848536,-3.271555959831272,-3.2117147230518905,-3.17670866879498,-3.194809746877275,-3.261767020523876,-3.0934756514733643,-3.346919495557836,-3.0839785391968015,-3.084592006926757,-3.150130027796824,-3.1501300217881183
-3.3712896062258437,-3.303535229781006,-3.234518423074173,-3.1974796465557334,-3.224822742611245,-3.29257282979634,-3.1396150352853547,-3.370419290167286,-3.0981893476525055,-3.098164267845064,-3.1692619107474727,-3.1692619048568833
-3.281327892531757,-3.233106514524116,-3.2230952929418435,-3.1860752415166744,-2.986469396528612,-3.1588243832960066,-3.0235588719661695,-3.104333864069725,-3.0280800372510024,-3.0355716172843574,-3.1097423847578067,-3.1097423768903525
-3.127660604011631,-3.0774631457426294,-3.1608120740618153,-3.113980118895008,-2.894957026834204,-3.080349169407003,-2.980596881296636,-3.084212957159079,-3.007343587013543,-3.0157313373432335,-3.0585592448149956,-3.058559236681566
-3.064448973374613,-2.9914053902318534,-3.0722631057566008,-3.0113581577508803,-2.917597460098344,-3.0005221962632707,-2.924786108315861,-3.064343526633043,-2.959516708761958,-2.9706474432081844,-2.956441886214868,-2.9564418796573344
-2.9750552701475037,-2.89056760485867,-3.012118730052127,-2.944224006514784,-2.9577998244184944,-2.943200297899997,-2.8781862027709217,-2.999720539925493,-2.934325269524263,-2.946423020677962,-2.9143893168624357,-2.9143893105716376
-2.9564418396241328,-2.8907693153562426,-2.986156725617605,-2.908826286654442,-3.0061759482651604,-2.9292644987213636,-2.882691784085274,-2.9992133502079183,-2.943976498606555,-2.9551992463553978,-2.922659537007755,-2.922659530955262
-2.9772448104976688,-2.889984335948423,-2.9775501670130504,-2.8984004432604076,-3.0756880655862484,-2.9606427560719615,-2.91650464788042,-3.026171565489261,-2.9535192945414517,-2.9646843706258856,-2.9455287978149194,-2.945528791514207
-3.0199192001329265,-2.938926355863644,-2.9796968203459078,-2.899855667051945,-3.086039133604822,-2.9742018698448867,-2.9221457513515188,-3.026757166925869,-2.939856410449837,-2.9524408758467797,-2.9394632627093773,-2.939463256079395
-3.032151453235548,-2.946324626672563,-3.00130908643848,-2.9253542344887524,-3.1468576918947084,-3.020477976445876,-2.9703366659541457,-3.054518647967903,-2.952939840624942,-2.964787557051253,-2.9641886402054314,-2.9641886334521685
-3.089758127436074,-3.015225079563646,-3.045232993314759,-2.9770014215396703,-3.201762947461631,-3.0833400311111445,-3.0337298713491156,-3.0956397359552015,-2.969093035167293,-2.980098829314866,-2.9904088425182365,-2.9904088357278207
-3.025984409083352,-2.9687780690302032,-3.0375921523218903,-2.975635343005297,-3.1310519181083327,-3.0380791693597526,-2.9689587990817845,-3.0190147995628087,-2.949489902708475,-2.9593271209267944,-2.933210934412763,-2.933210928153753
-2.9697347554520777,-2.928055508281159,-3.0341324775548677,-2.9706262389369997,-3.1213360988422423,-3.0286034565793605,-2.971946217368954,-3.017489720669017,-2.9582076800693056,-2.96739096464331,-2.94556001211494,-2.9455600056636264
-3.0153649305151715,-2.944347582475704,-3.0327747594634973,-2.968506710180059,-3.165814452202273,-3.0531219400400174,-3.000294635021944,-3.0363085160629066,-2.9725178161775547,-2.98107450908507,-2.966628743575072,-2.96662873717255
-3.026594996369597,-2.958413464911774,-3.0283387965072563,-2.9647477811637026,-3.1543244159224817,-3.0578689011607003,-2.9952510236894474,-3.032411134899692,-2.97455866036877,-2.983357996511753,-2.9741761686061787,-2.9741761619504827
-3.065383671860839,-2.9833499941921544,-3.039040901612593,-2.978978086703416,-3.1539334538907435,-3.0775271244104387,-3.0160563559647793,-3.0554449372118406,-2.983848266239877,-2.991967787035789,-2.996171407522797,-2.996171400718081
-3.0540782344448045,-2.983021553851871,-3.0471677936870343,-2.988399883769537,-3.1543328556372474,-3.0947071126330696,-3.0302189643097277,-3.0698479321784538,-2.99375670075163,-3.0012390737741743,-3.011959422346946,-3.0119594156250087
-3.141452792152583,-3.0686759415563714,-3.0461918226716107,-2.9929108464472542,-3.188757529741393,-3.1143209220239543,-3.0343037076325285,-3.1260749708110387,-2.997512222994285,-3.0060289599162546,-3.031758884715067,-3.0317588772429658
-3.136067650947787,-3.0429990667455673,-3.0609314424563046,-3.0166395796428733,-3.0980325581155923,-3.0869589987252652,-3.017599428160313,-3.1109229901667677,-2.986076317627247,-2.994982324000243,-3.0204884528480824,-3.0204884451958374
-3.242168385198143,-3.1419461605364196,-3.089383258886644,-3.053640877827984,-3.144536032784999,-3.1259412245463563,-3.053823612617645,-3.1323004386983304,-2.996572773260959,-3.0046874836710344,-3.036319800295978,-3.0363197926272756
-3.2238123660345286,-3.136886718621143,-3.1179386256667967,-3.086356823506232,-3.1967846855748165,-3.1672613846009647,-3.093038510918455,-3.1558561853941662,-3.0064727330221723,-3.014519092318145,-3.055536475158889,-3.0555364673679954
-3.2689388886199127,-3.187735131396691,-3.14813234438685,-3.1185463962103066,-3.1889873442424257,-3.1909919551071617,-3.1097605493258333,-3.167853133316398,-3.01525108386386,-3.0230705089609176,-3.0720386012744263,-3.0720385934487044
-3.32347993738627,-3.2565855244011255,-3.170108048446336,-3.141711655601716,-3.238889426581968,-3.2324909703977864,-3.1516405234338993,-3.2091200013161654,-3.0313990592964326,-3.0382673890817053,-3.096312005670941,-3.0963119978437446
-3.2908519302507178,-3.1935001616154395,-3.166486338525787,-3.1295641112770625,-3.291428651303242,-3.220616854342137,-3.1551479750466895,-3.23632983391778,-3.047567001004702,-3.0535187289245194,-3.0978237579351555,-3.0978237509541877
-3.2635489742605683,-3.1747985050015535,-3.154495378883717,-3.119591415644193,-3.315723784229696,-3.213684445318947,-3.1505499902807905,-3.249924474200809,-3.0615086578463857,-3.0672028258048285,-3.1127078118177045,-3.112707804856555
-3.230818391314138,-3.135674378259374,-3.136286135398211,-3.1047854672209074,-3.14521519183133,-3.1405035033250632,-3.092586812387342,-3.1733043212237706,-3.038773107413908,-3.0466791524048906,-3.094092139748307,-3.0940921323646577
-3.1556520899043803,-3.090013524003997,-3.129188096221101,-3.1023754354017985,-3.1878801945549524,-3.1726222595371634,-3.1542959949980003,-3.190489167486725,-3.0552597788391616,-3.0625459169481677,-3.1140384398710386,-3.114038432657844
-3.2552801367198363,-3.1576686318428555,-3.1198472708462273,-3.098734565929967,-3.2222533488236955,-3.2057591599325574,-3.183996607163428,-3.2334912650107794,-3.071221247673564,-3.078014810874271,-3.1380070859760725,-3.1380070785495926
-3.163092409380039,-3.1177125348532253,-3.1165015448750615,-3.1034341623545787,-3.2180013201654756,-3.222357010164515,-3.199663467134047,-3.237695981722683,-3.0848738176089148,-3.0911049287231873,-3.160664661346512,-3.1606646537889604
-3.233974352368361,-3.2123930419722764,-3.1244782675866176,-3.119138431738848,-3.2295139911029227,-3.2502749237103283,-3.214066737969376,-3.252001102718808,-3.1006424484134487,-3.106372842053428,-3.184827858673996,-3.1848278510925447
-3.267907785357175,-3.2509897802154466,-3.145292427230743,-3.150188625657186,-3.2501520643399227,-3.269599985264927,-3.2108354165852546,-3.2961671752290065,-3.104037177085991,-3.109960134513897,-3.1913791001661456,-3.1913790924298286
-3.2773695203582327,-3.2492609636928687,-3.168839068721858,-3.177484821915016,-3.2524429353096123,-3.271199405933395,-3.1984515181177575,-3.2814446413923215,-3.0973758827605704,-3.1056295107172702,-3.182385653082124,-3.1823856448230416
-3.2796782700607636,-3.234666619229254,-3.1718716079369003,-3.171730249795781,-3.183034995228236,-3.2154562053920643,-3.1090242970474375,-3.1946118020688994,-3.063427360530895,-3.073623487201132,-3.1234519368746083,-3.123451928630558
-3.2949125819052587,-3.255926387534707,-3.183084247194587,-3.1786260505413413,-3.2249253840949472,-3.233601388994294,-3.138936723182623,-3.2077612019902944,-3.079117629650379,-3.0887285640953865,-3.1489010219333826,-3.1489010136122406
-3.2891991161925587,-3.249714485166137,-3.190480800844476,-3.1781829257252223,-3.230243418471597,-3.2374638049546824,-3.1416141338240475,-3.206120939562289,-3.0721512494605654,-3.083556521674297,-3.1500854659725244,-3.150085457180919
-3.278048886034506,-3.25519390498162,-3.207955643776635,-3.1909645535938784,-3.2677963234630796,-3.260604623853215,-3.1586585184634104,-3.2328654515730704,-3.088243611391823,-3.0987699865558547,-3.1650974709224324,-3.165097462391533
-3.327092372046657,-3.3157244041367,-3.21715716291716,-3.197811611227406,-3.272882048106802,-3.273727513264576,-3.1734601232259836,-3.2657527616864823,-3.1004803501616376,-3.11028604553995,-3.17480761840048,-3.174807609742551
-3.3272136199068925,-3.276734581668941,-3.222451646660544,-3.197524250965639,-3.3100976503011754,-3.2939056503376927,-3.186060881159091,-3.302104998487778,-3.1167548694798244,-3.1258161384776737,-3.200166326846042,-3.200166318133575
-3.2997651863694903,-3.2969032487085994,-3.2387980233300677,-3.2108383869376054,-3.238075150568063,-3.273019730972188,-3.1812538382372875,-3.30745957119461,-3.1129026250375142,-3.121697629103798,-3.1988522483280275,-3.1988522392272283
-3.348938852552465,-3.337525071410734,-3.2475131722434454,-3.2135521403582126,-3.24262149628845,-3.281286069266363,-3.1905408958655554,-3.307498192591254,-3.116116227260443,-3.125743672312635,-3.204071578587344,-3.204071569201175
-3.2782826603925113,-3.293921639293935,-3.263578586366931,-3.2296958195135703,-3.266819973795803,-3.3093754326447105,-3.2180226594368646,-3.3165167266878575,-3.1284307948996593,-3.13758676093023,-3.2256867862285015,-3.2256867768131454
-3.2758738351249823,-3.268791909613367,-3.2682216113692344,-3.2320243432304676,-3.2982024447793616,-3.3278069764143856,-3.235074878554986,-3.348428441700431,-3.1432839477863017,-3.151404181430889,-3.241197747935059,-3.2411977386621547
-3.3621665127686815,-3.363823688483675,-3.27566969168692,-3.2376847221238223,-3.3379077972087785,-3.3448640187544063,-3.240120933681651,-3.3641028010229523,-3.1459139828643683,-3.1556081674491496,-3.2471183149457783,-3.2471183053691686
-3.2340111967051635,-3.199942144694198,-3.2355311692784805,-3.1902253328207264,-3.1860399837515074,-3.2383262472940837,-3.0906955953616926,-3.2025324041083696,-3.0955027948005513,-3.110082422447622,-3.1534547894358487,-3.1534547801517947
-3.2163149332031056,-3.135700526032249,-3.218110836740709,-3.1703757711904355,-3.2228017458804117,-3.230880521253173,-3.113300213454215,-3.204988214301117,-3.100450337465307,-3.115027703611141,-3.1583368890107524,-3.1583368794518427
-3.174968348348621,-3.087248249616665,-3.209395506530475,-3.1598743417945894,-3.268975131478304,-3.2371961275935703,-3.1475310170085273,-3.2457693859116654,-3.11516308938601,-3.128664780598935,-3.1830363445586998,-3.1830363350051853
-3.1544775935565337,-3.0906013241547385,-3.2054557907957033,-3.1592497673360667,-3.2242371581445766,-3.2211937557263104,-3.1332614680067294,-3.245602884732064,-3.1188560050796,-3.1325643437843107,-3.186978032585982,-3.1869780230007447
-3.146102357196978,-3.0328033394062883,-3.1557542490781154,-3.103640993067593,-3.164281183223894,-3.1732505770127735,-3.0783144958260773,-3.187970675448173,-3.087981844214894,-3.1070389877708147,-3.161655657552572,-3.161655647119477
-3.131930003013659,-3.0356890384021575,-3.134171121377348,-3.084668233957549,-3.1886966268314705,-3.188001544629369,-3.0839167001597607,-3.21535722174844,-3.099316472680346,-3.11723214468033,-3.173212119980912,-3.1732121098804287
-3.13834981166447,-3.026486568230413,-3.1196076809386963,-3.0706430759472663,-3.1430299208010917,-3.173636801869682,-3.0688018816018903,-3.1874588619589277,-3.0978566405133674,-3.1148692219033887,-3.1684146239714237,-3.168414614062484
-3.0184982977193013,-2.9142783005554427,-3.0556256010237663,-2.987748815868442,-2.9499769198871935,-3.0080716686053988,-2.876497538761748,-2.8930047055406076,-3.0089891140576857,-3.0274847772007973,-2.9857455120512624,-2.985745504191171
-2.9890759646529537,-2.9030912822579613,-3.0237835367337147,-2.950876173370374,-3.037114426720858,-3.010595379951276,-2.9227380956912175,-2.925488059527956,-3.0226761749483,-3.0399935243648817,-3.006579997437245,-3.006579989594658
-2.936940867291647,-2.8553578392807393,-3.0046054709858385,-2.929530961246335,-2.9751847126812283,-2.9669621118272165,-2.8934680381917244,-2.9276896136193935,-3.0090537803176094,-3.027424475023296,-2.998885915866368,-2.998885907929387
-2.8687103767892417,-2.7926102012212786,-2.9796501929145838,-2.911831955867707,-2.9182325881549733,-2.958005092718928,-2.921576900237626,-2.8922860550576575,-3.0157980283980224,-3.0264132829657098,-2.972689138979643,-2.9726891337659533
-2.8396755508646345,-2.7796405568010742,-2.9449234694585336,-2.877765001883914,-2.944842067906295,-2.949009246903599,-2.9337674473015762,-2.9292937382013955,-3.0271108752627773,-3.0367392679526897,-2.9932971882849913,-2.993297183038154
-2.8441500672281523,-2.773463859499602,-2.9175204251277234,-2.8479245626631142,-2.812113299349146,-2.885179655939885,-2.86337392674086,-2.8526945335174014,-2.984268083216723,-2.990230920997076,-2.962752610574287,-2.962752604711804
-2.8330900243530577,-2.7771500112528513,-2.8974601145937218,-2.8269330233745875,-2.826389841082331,-2.8888787245784098,-2.886544055885018,-2.8865238583501713,-2.990371329513827,-2.9956846286080725,-2.972296016551537,-2.972296010816806
-2.8450915361064433,-2.7751570544608373,-2.9149696352579006,-2.836518690103918,-2.884413550095882,-2.9115175165270766,-2.918867905969839,-2.9348275269067052,-3.016670901062085,-3.0585517795391874,-3.0402325800824963,-3.04023257869739
-2.860226137502436,-2.795962906196775,-2.947411231238516,-2.87556485923012,-2.93365333760599,-2.9659913054547165,-2.9615255170831682,-2.990910193590026,-3.0325450374643435,-3.0731091979212244,-3.064222624725122,-3.064222623236555
-2.936765532628356,-2.8620776448123175,-2.9726915816062527,-2.911597416613367,-2.9814733551400088,-3.0137240891968404,-3.012925804881366,-3.044663701623501,-3.0479056375303917,-3.0873708469684527,-3.086138172133042,-3.086138170662855
-3.018114349389192,-2.9554583367245124,-2.99377386673437,-2.9445452819356976,-3.0101376376321802,-3.0501023393598747,-3.0402758328684794,-3.0671891891242953,-3.058242324986254,-3.0968019003481113,-3.0981339355677884,-3.0981339343755714
-3.1204222701013427,-3.0395860592904342,-3.012670532898348,-2.971939355987421,-3.023552768303029,-3.0781409708510905,-3.0421514718652283,-3.0715960250135477,-3.0632154714849538,-3.1014287970002776,-3.105291667700752,-3.1052916665423407
-3.126307528074035,-3.06610646326281,-3.030590208218882,-3.000285669570268,-3.0621620751411722,-3.12261112244193,-3.0851421777839105,-3.1009086395856644,-3.121092862146998,-3.147782120697767,-3.17328172817741,-3.17328172798742
-3.1496438136780514,-3.084083469259324,-3.0764217921520576,-3.0465533506657514,-3.138704213109379,-3.183771560397825,-3.1211967652209607,-3.1316859055937822,-3.1507217901628755,-3.196324957101722,-3.217489408600424,-3.2174894070329048
-3.197723182548121,-3.1244371083174647,-3.097818141180236,-3.067329297045698,-3.1691064508592337,-3.193624857999639,-3.124435525615989,-3.155068090240567,-3.1656716128824582,-3.210047727567779,-3.2208453726274144,-3.2208453717046575
-3.0611602959330373,-3.0124971528709383,-3.0977745928705733,-3.0655277041240008,-3.0176783673155234,-3.109998745857647,-3.0278299091980316,-3.044648233118479,-3.110484947471686,-3.15954979628149,-3.1619862339512013,-3.1619862324599755
-3.122273275327716,-3.0798528661800457,-3.097919798032657,-3.067356561960413,-3.0761423910070995,-3.152393988426149,-3.0974817010215743,-3.0812741578804848,-3.1269157339418943,-3.1745579619848234,-3.186259452349412,-3.1862594509088877
-3.072889164275716,-3.045369131344061,-3.0879643001395207,-3.059232500594329,-3.07112681887699,-3.150701757300833,-3.1231101307126834,-3.1047339801069533,-3.1331747006113813,-3.1796995091622424,-3.1846773485423787,-3.184677347254097
-3.12777809302613,-3.0777652121791705,-3.094759555291829,-3.0754082150620095,-3.151908093375495,-3.206219284735085,-3.1900389289841344,-3.156296495115426,-3.1838788378979026,-3.2009077137333133,-3.2294878634841915,-3.229487862180753
-3.1749994448241683,-3.1154304322795445,-3.106432647945023,-3.0907787197082692,-3.191151762962209,-3.2493578999176282,-3.232702862059893,-3.1797382783488852,-3.1972167220125924,-3.2131970849113998,-3.251825464347921,-3.2518254630971324
-3.2226449829982737,-3.199014975927274,-3.131298859259337,-3.1187415868423445,-3.2323593241989403,-3.2966440386505615,-3.269583284568051,-3.196948362920635,-3.207456826024668,-3.2226406092637614,-3.2706793446389604,-3.2706793434113344
-3.2872739648666434,-3.2228458674216527,-3.1528689948923483,-3.1405827561998345,-3.2771051993646694,-3.335539015865528,-3.295286266646304,-3.2200709162012537,-3.2217218413418687,-3.235529184703021,-3.2877190821996303,-3.2877190812550507
-3.2641045033671565,-3.2055395573444443,-3.152692642259425,-3.149202139614472,-3.306412442026176,-3.3422158639919335,-3.2731674046672294,-3.234300620571226,-3.2275560557077325,-3.242032133732349,-3.2906569268215193,-3.2906569260271405
-3.306772866996366,-3.269687957098835,-3.175724763753917,-3.173498295588951,-3.3361503069200893,-3.3656983758362617,-3.2850171712407024,-3.2667994797376054,-3.241142227415945,-3.2549376160568206,-3.309832840860711,-3.3098328401594586
-3.3628415437111023,-3.3023664231244214,-3.190154890164465,-3.1890427715704375,-3.3467139184376418,-3.3805471483743,-3.300214625051968,-3.286227384932937,-3.25028916782186,-3.2630255630897724,-3.3217271789464027,-3.3217271783337967
-3.2821788137360137,-3.216114659053627,-3.184466921500452,-3.176543304064684,-3.37031827541399,-3.3516499739331262,-3.2719792810636212,-3.3095096446449466,-3.260376668006913,-3.2712448191929875,-3.30820452525536,-3.308204525732732
-3.3276080164554553,-3.269366741152022,-3.2012957033363287,-3.196247497614353,-3.418431272347549,-3.3945222848074668,-3.302362422961024,-3.3204873773200863,-3.2720625434746804,-3.2821318474078742,-3.3287995499318823,-3.3287995504052468
-3.320385169812364,-3.2381446816549024,-3.2019744424076038,-3.1959346675808806,-3.3967478349119817,-3.3875285363257666,-3.2780970543339114,-3.3074308100708807,-3.2657550943201885,-3.2784175150337784,-3.331497350200391,-3.3314973502013183
-3.332385590142506,-3.2448168494062877,-3.2035058517588206,-3.19803523116719,-3.4195445425679676,-3.408744670489085,-3.2808920731046163,-3.317946747393961,-3.277894075845227,-3.2900417189681805,-3.353175259870323,-3.3531752598423594
-3.366005027343042,-3.2936023907327963,-3.219092607968041,-3.2180250137373725,-3.4085639687846045,-3.4304309178158645,-3.29604681506403,-3.336329414832853,-3.287846792664896,-3.2996219016940795,-3.371061562923677,-3.371061562820034
-3.331568060853332,-3.308114462463159,-3.238297547571278,-3.23954929213944,-3.385347898556006,-3.445747625578564,-3.3116606871477785,-3.3469049127186565,-3.297478233918661,-3.309598591941956,-3.38160679202669,-3.3816067922474344
-3.36273029597941,-3.3444058051150476,-3.275841261236967,-3.2766556943888485,-3.3851687684286444,-3.456741375995599,-3.334310685273875,-3.3788133296280054,-3.3108078168251165,-3.3224684226767227,-3.3961633275031975,-3.3961633281560433
-3.418502682906471,-3.390368588170707,-3.311811587065021,-3.3163227302754557,-3.4165950624495895,-3.493069388073926,-3.3809933531165517,-3.415574917961095,-3.3222497787012073,-3.3334173001966745,-3.416539244239229,-3.4165392448598952
-3.451060646127762,-3.399008074847993,-3.3181305354046127,-3.3226184062098665,-3.329259726009446,-3.4422769545913905,-3.325679924993133,-3.3291048494194504,-3.275004556189743,-3.292772263377544,-3.360615647646589,-3.36061564711909
-3.3630409379186763,-3.3311554386508204,-3.305616462894857,-3.31152926315435,-3.337598759742132,-3.429348687913964,-3.3016891018225367,-3.3122656602967715,-3.282068748964446,-3.2981658516216545,-3.34797844548949,-3.3479784458252233
-3.355992799474456,-3.312709129749143,-3.2923445959644577,-3.297025628677348,-3.225602970005295,-3.3550602231374143,-3.237134242263391,-3.2134305996315184,-3.2533172483253026,-3.2722348071518295,-3.324683329539547,-3.324683329330677
-1.9068259317779908,-3.318516955488926,-3.2787316767481562,-3.2777858769149337,-3.2244686715761146,-0.4097219935262917,-3.2615522135334,-3.239764499331186,-3.260911191489461,-3.279382659836341,-2.1041646723352256,-2.1041646370794123
-3.2013013827887047,-3.1729410990973292,-3.2307766998562673,-3.220647244267405,-3.056461033087505,-3.206705062662847,-3.1631657356763645,-3.1322759930713198,-3.1938417368796026,-3.2153634342890616,-3.226239432965663,-3.2262394319408703
-3.1149188721742487,-3.1212603175918545,-3.1828743871250187,-3.163121125766827,-3.0484273378257165,-3.1944015992953396,-3.184794870738137,-3.1514973617483593,-3.18452447098855,-3.2073564782476556,-3.2200835580830143,-3.2200835568741555
-3.1687729139918925,-3.1396506483442526,-3.1571222682694096,-3.132200753702073,-3.1468623255791286,-3.236235212836359,-3.2719014539497677,-3.2151805543993115,-3.2005661158892957,-3.2220447051039534,-3.23669285022521,-3.2366928493407836
-3.101173816062116,-3.0976579286419206,-3.1800642717119234,-3.1560166428191323,-3.260499429564079,-3.3036009683024643,-3.3635943544544107,-3.2583246356564057,-3.2141618866330353,-3.234631496748362,-3.2551484693253814,-3.255148468582867
-3.207018529059572,-3.1689833546991615,-3.2195553304829887,-3.1849819501264927,-3.2629564710784535,-3.250026353785375,-3.3033687725047134,-3.2525835961463296,-3.185103678092971,-3.2027372448569453,-3.182129146293133,-3.1821291473140647
-3.1776056789681517,-3.14658613675655,-3.240107672953594,-3.206744315878156,-3.3204184074797474,-3.2540200096718195,-3.3138900419234054,-3.2518137160552834,-3.175842308916491,-3.1950011172803023,-3.17983913431714,-3.1798391350808606
-3.1561627377473327,-3.110452874626702,-3.2591305217377995,-3.229204975153797,-3.3328355030582815,-3.2634210682209597,-3.33366466989843,-3.261659189943009,-3.183242656131916,-3.201737560160324,-3.1878897906024544,-3.1878897915235282
-3.115499443905418,-3.0664683217537307,-3.233587091844088,-3.1976131677813617,-3.2958569406867033,-3.20697025848641,-3.2576663096048746,-3.255403440810855,-3.186511670531817,-3.2032175584905076,-3.1669381802269534,-3.1669381819213522
-3.096064524902693,-3.0475432226043573,-3.219062267942822,-3.178557574534948,-3.279749941291228,-3.2110899777174486,-3.2583706819227354,-3.267244639719658,-3.1897406738359093,-3.2074270032557477,-3.1761861790672565,-3.176186180593555
-3.1172713301027066,-3.056669925460316,-3.207089118036975,-3.1707179353728723,-3.3251995308917603,-3.238535053250132,-3.305037574830056,-3.2959672596566048,-3.2040420423497467,-3.2204563553450885,-3.200566949443777,-3.200566951015738
-3.1167305363630238,-3.050594074851929,-3.209524959857666,-3.1875954995573745,-3.322090818424928,-3.247895383912902,-3.295123101435112,-3.317922870837404,-3.179108224662996,-3.197609942510908,-3.186607580977537,-3.186607582075592
-3.1789069692072154,-3.1122183767546705,-3.2123821704113005,-3.194765516637895,-3.3482546434546574,-3.2601110320480924,-3.3073567012439415,-3.3362361394463025,-3.1936288145350047,-3.2109265882180074,-3.1951154160967703,-3.1951154176473113
-3.1958724398586567,-3.1135272154354636,-3.2074484377685586,-3.19344231128982,-3.3500704648253956,-3.267495944388739,-3.3032227209992664,-3.326172012346046,-3.2012913683745667,-3.218940448368489,-3.2115362442288466,-3.2115362456055414
-3.1890611223392726,-3.128062949757496,-3.2222119527523887,-3.210151339515798,-3.3390148070327674,-3.2818407557015714,-3.334545053410615,-3.332844921120138,-3.2110986088347095,-3.229342400447008,-3.229923088798203,-3.229923090113088
-3.2285823456546225,-3.1566575341495806,-3.239689873431401,-3.2317554426141,-3.352504297130375,-3.3087968117145,-3.369265289938056,-3.368414649794681,-3.22679507746125,-3.244128488429827,-3.25374878221222,-3.2537487835546934
-3.2535006268783997,-3.2046047901546935,-3.259114379606073,-3.255984419603718,-3.3464606873472302,-3.335494352206544,-3.399227016838511,-3.3873226898112136,-3.2408987839471575,-3.2575843471159907,-3.276616152273741,-3.276616153549683
-3.3377061523973657,-3.271988084637658,-3.2721262330600074,-3.274062572410822,-3.329854503326996,-3.3397070727400475,-3.3668058908936933,-3.3761233343032333,-3.236689273592503,-3.25332943304514,-3.268813672495429,-3.2688136739277693
-3.373450795473884,-3.336753206977483,-3.2874593875593647,-3.290246487539523,-3.3619876604867525,-3.3551975812733614,-3.379484556842244,-3.4134464968875995,-3.2521534890333688,-3.2680195660318327,-3.2895387348423935,-3.289538736442926
-3.324929172723359,-3.2854821286756106,-3.291652506427251,-3.297838487742112,-3.3662547918811483,-3.3667951302226014,-3.3566632820376348,-3.3957456300906737,-3.261055252207968,-3.276600875249505,-3.2980157545573543,-3.2980157562256363
-3.290311353834722,-3.2131172361493534,-3.2397758822554317,-3.2294240809256305,-3.195999193925842,-3.242522412296916,-3.177580902021351,-3.1550293820291775,-3.1738399893392457,-3.1969602653578066,-3.191983829807471,-3.1919838304277652
-3.2438227294843283,-3.172370116512081,-3.235460204514101,-3.2198416593721024,-3.2324512543600763,-3.2475551649006285,-3.206301056314513,-3.186036984939383,-3.185080156859549,-3.2073145018136935,-3.207376998753424,-3.207376999325077
-3.223885153476145,-3.1310079796190795,-3.22390090004837,-3.195982395212981,-3.264792263386556,-3.2193029778692726,-3.1943750363759147,-3.207620002747657,-3.1974494086883842,-3.2178449102615216,-3.205462323098473,-3.205462324423947
-3.1836413775923162,-3.089573692401438,-3.2102396870202305,-3.1708685860436163,-3.251689510058956,-3.1874358714659743,-3.1728461755347004,-3.2141804989096503,-3.1966708119127087,-3.215818246621632,-3.1979678748798435,-3.1979678764224904
-3.1880524451725627,-3.117466015057216,-3.2194831718151593,-3.1760002929444715,-3.2792712895260077,-3.2135245529130496,-3.2188819802188444,-3.2561134564711445,-3.2092455686025945,-3.2282321402761793,-3.2205664123577487,-3.220566413808688
-3.2572198676761417,-3.180441402450729,-3.2262088646678397,-3.1865192884876024,-3.2959019806784955,-3.2413348380723463,-3.2472233127793713,-3.2871709394124857,-3.2235023572491057,-3.2417026127941266,-3.2396186164971104,-3.23961861806951
-3.2622480661050623,-3.2078638070700114,-3.235925995917684,-3.2023905045389576,-3.3238117323122482,-3.27294039195124,-3.2679270859043985,-3.3335835003543384,-3.2368818951495273,-3.2547852933909307,-3.2616557824756276,-3.261655783917093
-3.2834776137670985,-3.1788006212058564,-3.240001274286613,-3.20789865570182,-3.2536456187440876,-3.2244224231293166,-3.235919369036565,-3.2958486191551817,-3.2297605141545365,-3.247084921376552,-3.2488955561017114,-3.2488955578374865
-3.2829466272102152,-3.2247378587984556,-3.246993556986237,-3.22250392496628,-3.280525801394401,-3.2555780230866667,-3.275619574417677,-3.3216022707527815,-3.245387271808716,-3.2621757322336693,-3.2732996426103567,-3.27329964427999
-3.2694705175486183,-3.2144800432828444,-3.2543186557316095,-3.240886736722755,-3.29134438907843,-3.2805431549350836,-3.2939522089773265,-3.341383723254103,-3.254003787032965,-3.2711296047560143,-3.288071048170959,-3.288071049775003
-3.3381471043621733,-3.298696645473118,-3.247278058320771,-3.2376571859381107,-3.2821564105894336,-3.269927168147418,-3.280726639321287,-3.3482966780557932,-3.259097733131743,-3.2749886585426893,-3.2874770420069996,-3.287477043795109
-3.340218450584133,-3.2972348737182897,-3.265261171810802,-3.2641190532453734,-3.296542722707948,-3.2888889213324872,-3.318731584572432,-3.3638485689845505,-3.2731823331868757,-3.288972584106377,-3.295570814384347,-3.295570816327349
-3.3349678711330295,-3.326247829254311,-3.2767978502930686,-3.282591561560812,-3.292447433125692,-3.303552299679141,-3.323243950247785,-3.3591035883385874,-3.286398334189581,-3.3017295279013137,-3.3111770839854398,-3.311177085929896
-3.2875887225370013,-3.271826570474839,-3.275131205063864,-3.2824491243825857,-3.2560942272147786,-3.278002904374323,-3.2948484233997393,-3.3271642657154583,-3.294954939598342,-3.3122813685481662,-3.306565782697109,-3.3065657856744513
-3.2805729377464665,-3.272287939163336,-3.277924917268342,-3.2903301965881084,-3.2746971735730295,-3.2911800100985755,-3.3227836465377862,-3.3536660402480636,-3.3045535812240043,-3.322031999475038,-3.327955266957039,-3.32795526961062
-3.2299117171465435,-3.228942665795408,-3.2653037745054583,-3.2905651425355966,-3.2302986577068165,-3.282704236127299,-3.317854104226437,-3.3120344427831556,-3.29753468106337,-3.3161921149858213,-3.320866841033996,-3.3208668437828313
-3.238334840576518,-3.2469842953331045,-3.237718411904701,-3.272288800028552,-3.195466502903446,-3.261936630859843,-3.270371406919893,-3.287995951352465,-3.3135350869497966,-3.331405266022756,-3.3306343546656523,-3.3306343570075816
-3.2312806983164784,-3.2500447711703924,-3.2438016202484015,-3.280795548550037,-3.175612565493423,-3.249755900403485,-3.244159249038958,-3.2864982488339516,-3.3184349199360144,-3.3386793430906128,-3.3457092776196173,-3.34570927947698
-3.18936280096763,-3.182710787481134,-3.232996698324488,-3.272110317740872,-3.2019699201593372,-3.245056352363288,-3.274951530316762,-3.281998940608308,-3.3270792565376035,-3.3457387032864068,-3.3486697137418595,-3.3486697156594425
-3.242508360764516,-3.2409120070003414,-3.2154305843283124,-3.262679895381016,-3.219878171877487,-3.2684955457153384,-3.308082979837799,-3.2822812510042283,-3.332311272929762,-3.3511541330081847,-3.3627933066752336,-3.3627933084227712
-3.172308954505072,-3.184110363454211,-3.198278619039242,-3.2521591929396116,-3.210469467849345,-3.2774279067062504,-3.3200557486108533,-3.2685553884611327,-3.3331758925512043,-3.3516405620400533,-3.374631849600048,-3.3746318512095517
1.1252662373296212,0.9812427710707587,-0.4934771116730068,6.986106894623203,8.395174337896401,9.861794942794745,14.981988488948538,8.174806244675793,11.822818854995516,13.07639382499628,15.229473196122733,15.229473472378931
20.884806199686953,22.228950272672545,27.066292116164703,32.026427374881315,16.829404543859606,29.244245422217773,25.833358444099286,20.19886884486867,37.914850346162254,41.4498518120748,42.482298551033686,42.48229860504952
-2.8332062182758593,-2.8551085659977358,-2.8807913754931755,-2.889410411734866,-2.5747881810098114,-2.8217508484628593,-2.7324186531461847,-2.6991125078540694,-2.951871143703066,-3.0274070612682085,-3.0244729785990287,-3.0244729772406576
-2.707995019111147,-2.707091714242016,-2.7603891990172156,-2.7610952109777256,-2.585228909760603,-2.8235721292118856,-2.739203831600834,-2.7381945892462496,-2.95296137260143,-2.932000044713601,-3.0367052122841103,-3.036705210109152
-2.7437693751977577,-2.694216698286738,-2.731719334994267,-2.7257580360324614,-2.6587317718352246,-2.840625199188983,-2.7566706677558512,-2.7569887337833237,-2.9421364618815486,-2.9299555638742594,-3.023227141858618,-3.02322713993553
-2.7670760265150296,-2.7483529135136733,-2.734870448934992,-2.7246078901608435,-2.727109955755031,-2.8571109365151837,-2.7813788464943614,-2.7677433084950622,-2.942911847158752,-2.936433273332651,-3.014024680829457,-3.0140246790526652
-2.7602081436347903,-2.7394826504070084,-2.735511300110706,-2.719260875619356,-2.8342848284698308,-2.8852753964221978,-2.8511896892943764,-2.8015236539769357,-2.938090131107547,-2.9403856753258095,-3.025183292825916,-3.025183290467833
-2.751438631042166,-2.713469464398454,-2.7470643728841604,-2.7196556733158923,-2.941257239255828,-2.9323782199039856,-2.9365865027495612,-2.831103535522631,-2.9606126267969715,-2.963970183616377,-3.0455661834558674,-3.045566181484496
-2.805620522067575,-2.743285373553066,-2.768020837249024,-2.727325170891482,-3.033102970340414,-2.9672792259646874,-3.002165088316599,-2.857893938280022,-2.979874219388191,-2.985488025845489,-3.0503399031984575,-3.0503399019577224
-2.797043015381564,-2.735986031536954,-2.78097398031624,-2.7326072495018083,-3.054291355458836,-2.9791759217199334,-3.0445329234433975,-2.8846845764897147,-2.9973705694457458,-3.0042036388518922,-3.0574458974776606,-3.0574458963157256
-2.8341707928189557,-2.776151810584739,-2.790854731481722,-2.736870011172877,-3.0519230086244544,-3.0041633026075902,-3.0777264103189856,-2.9058185874706197,-3.010768617468044,-3.020256595549008,-3.076703664720714,-3.0767036635332037
-2.8261532304477366,-2.77585852719562,-2.7998363969180096,-2.7505895591571834,-3.0333526219772726,-2.994506700444035,-3.043720692322477,-2.924045243134095,-2.9633337670330415,-2.9855590888045755,-3.040311356070852,-3.040311354302141
-2.8732542872640043,-2.809077093581037,-2.81648836402306,-2.7638705508867956,-3.1140678111434945,-3.0201973164512825,-3.1015536026719053,-2.9604367916327767,-2.9818534712219167,-3.004035751519736,-3.0614923787065575,-3.0614923772303904
-2.914452849252365,-2.873457129657786,-2.8338507243027786,-2.7796888532715966,-3.1383025111301954,-3.0421818766134474,-3.1319108335253882,-2.994902415607883,-2.998730168550491,-3.021542546143621,-3.073270310314368,-3.073270309041309
-2.983022745191205,-2.9083400243030617,-2.8593394057151955,-2.799599522612809,-3.137840468247255,-3.0692951491058253,-3.1544955154417798,-3.0108159356605815,-3.0126506041013017,-3.036404690201106,-3.0932746085629743,-3.093274607457004
-2.9940719586038256,-2.9437491138030274,-2.875238009724672,-2.8119462477408472,-3.0975791711502527,-3.0871721060128,-3.15938827101139,-3.0204569680649884,-3.019768811686726,-3.0454450279783756,-3.0994895674478027,-3.0994895664360547
-3.0927093159657844,-3.0493933265057267,-2.9253582602831227,-2.8607317245685193,-3.110304100922,-3.101962699062169,-3.167010808194275,-3.021317196971372,-3.026878114309963,-3.052922993459713,-3.0955330857310335,-3.09553308515417
-3.0409656866577635,-2.993088972786445,-2.970481507859732,-2.8980794312278433,-3.177791809571895,-3.118694000889757,-3.1885040778571887,-3.032716510380818,-3.0459990495586364,-3.072576863017116,-3.1059507490545264,-3.1059507490630045
-3.1066029672460074,-3.0575455937579537,-3.0211113404223116,-2.947071382483162,-3.217586112914543,-3.1378668768191313,-3.202037269406239,-3.0364446046367255,-3.056699194500329,-3.0846105148747847,-3.115490848828359,-3.1154908490191726
-3.0924948737251343,-3.046528032567872,-3.0572411690318035,-2.986525569766892,-3.251119852717433,-3.1652327462750374,-3.2392785142303957,-3.0594689372365194,-3.0756256920766423,-3.1034961534107817,-3.136670708704039,-3.136670709164556
-3.1655313786234984,-3.1021907241886972,-3.0838653423778486,-3.015967341657693,-3.2467671972484577,-3.1943021920928922,-3.2608696670616055,-3.0617713851619692,-3.092378227710908,-3.1207966817467465,-3.1632580701095554,-3.1632580706136886
-3.1995903894708064,-3.143572973017129,-3.115681319955818,-3.051614656290689,-3.254641506026877,-3.213450833714002,-3.2742573869250613,-3.0665722981801258,-3.100286555635262,-3.130641787322322,-3.1802328119574197,-3.1802328123011243
-3.170134336292287,-3.109979537304943,-3.138077066652895,-3.08059180776333,-3.2587858495355224,-3.2207516343441833,-3.2735467525437603,-3.090304727828071,-3.1196263653079632,-3.149568887637945,-3.1861940913008673,-3.1861940922901164
-3.1031021513585197,-3.0512910240201268,-3.070706925948608,-3.023429402007977,-2.9673736495786924,-3.07449340544997,-3.065157087232725,-2.974344061175087,-3.039503165269834,-3.0763559915860603,-3.126935268495885,-3.1269352678840425
-2.982140272548019,-2.9451586482575887,-3.0170813311114246,-2.9688736959664945,-2.913777623424332,-3.0454901319566288,-3.0187074458146137,-2.9593501109974865,-3.0345713572403996,-3.0737955164067103,-3.1234481908388663,-3.1234481902751785
-2.9464301223651215,-2.8909348616978865,-2.991630442555525,-2.940162673917381,-2.9439880346450753,-3.0741687366108077,-3.0458803861737995,-2.970785028341018,-3.053104715511098,-3.0919351543759044,-3.1494224909236572,-3.1494224905517028
-2.93117811443806,-2.857375571869592,-2.950637045585073,-2.905298338594627,-2.9265095479379535,-3.073227910634391,-3.015636339548561,-2.972828285129856,-3.0472721763789368,-3.075457829781088,-3.156205865029378,-3.1562058640837884
-2.9202213574886566,-2.8489891591201126,-2.9493318675247555,-2.9051393919112027,-2.9819926291154513,-3.1108261953378356,-3.055167159631235,-2.9904374700640735,-3.0656525301434088,-3.0949615926480734,-3.1801598772141286,-3.1801598763584744
-2.964535573543635,-2.8822077321537356,-2.9300651476710944,-2.8890933598135526,-2.9453239144345322,-3.0943543858674802,-3.0385181154695777,-2.987291525721071,-3.0585941305097024,-3.0909600164529047,-3.1576259429787457,-3.157625942297189
-2.9366978830681045,-2.8448269478827415,-2.9543003866080157,-2.9194163271495794,-3.0227694679193053,-3.1420012017184873,-3.1149335442882014,-3.021064411444385,-3.0684357522038654,-3.102663652893883,-3.17584546926131,-3.1758454685604836
-2.988917858144345,-2.9139540002087676,-2.97437240819947,-2.9390782040727848,-3.0821695828033677,-3.1532750516153105,-3.176490698172893,-3.0448151183292844,-3.0656495341069503,-3.1045324320971615,-3.1836805888537696,-3.183680587718319
-3.0029709378105527,-2.91714510316574,-2.998186736570255,-2.9537980656105853,-3.156794925809006,-3.178408652159822,-3.2561166842763134,-3.076077782512966,-3.088219694474348,-3.1262976769557085,-3.2116366585813196,-3.211636657727558
-3.0650562838005504,-3.001616230418905,-3.0410341877392355,-2.987280209780894,-3.230161475061318,-3.2223539275352033,-3.3258519481857918,-3.10352212442202,-3.110663350328708,-3.148240398154569,-3.233185079825331,-3.233185079441118
-3.0963901193481487,-3.053729021417703,-3.0998842583577737,-3.0390402957842304,-3.271508243076406,-3.2686007817634106,-3.3752425816700917,-3.127990157279356,-3.127912932459595,-3.1652856216344754,-3.256779433203522,-3.2567794329720208
-3.1254366170654824,-3.1064216648820815,-3.1541217614413926,-3.0895683139848362,-3.2957148926891136,-3.304388054213003,-3.387998194161745,-3.1388238166191615,-3.1464707221186776,-3.1837178726018776,-3.276601166469539,-3.2766011664925276
-3.1541536952692413,-3.1334216093935754,-3.1850443463438634,-3.128245386354486,-3.271497047283104,-3.2877859868794084,-3.3508258491210676,-3.199723208252563,-3.1200184030100555,-3.1643078436129954,-3.25900392053937,-3.259003919455753
-3.200315208850961,-3.193843730908665,-3.2033256066392353,-3.138656922373633,-3.315038804763756,-3.306221230633871,-3.3652478286979046,-3.2208693744618877,-3.1422934877466986,-3.185835460505987,-3.2891321534244726,-3.289132152535422
-3.2259454619171635,-3.2234801902312964,-3.223840717183104,-3.1589931477315343,-3.3282165007304307,-3.3228065578726,-3.379513026538113,-3.243163469593573,-3.163569074832376,-3.2065606293210798,-3.3086623803773962,-3.3086623799020893
-3.232438181156398,-3.2111279644920496,-3.2507875534757495,-3.1824196495589807,-3.342678209255244,-3.338652697048772,-3.3850514619265093,-3.264371148616104,-3.1802497320061893,-3.223792914276155,-3.3304319103078788,-3.330431909971251
-3.2195266249252326,-3.220487939721652,-3.263888831089326,-3.197926588626162,-3.3368082238036885,-3.3382125866666525,-3.357681466239653,-3.2719560798860132,-3.2014834750813526,-3.2444691882255525,-3.3358508434908676,-3.335850844196359
-3.30628654166138,-3.301259887661856,-3.2744267576205495,-3.2158746518512413,-3.338089356523871,-3.343944802752367,-3.3506806378372147,-3.298627806867174,-3.220375395440532,-3.262944085988841,-3.3466425735058865,-3.3466425747613417
-3.254738025743192,-3.2672215561562767,-3.302211707912285,-3.2462458257486166,-3.321048083730534,-3.3535829278169076,-3.3455143926434565,-3.327246830781932,-3.2341995318520116,-3.2774807695362402,-3.3607847172644356,-3.3607847185533446
-3.308735580906815,-3.3459506443796334,-3.3411973619326147,-3.2938650386273345,-3.34065489930449,-3.378246061910319,-3.3405208928374277,-3.3779360252577937,-3.240429225546501,-3.284433723131236,-3.367333567064579,-3.367333568442871
-3.397880261084276,-3.410152983492252,-3.3694639279247287,-3.3159838054740387,-3.3364294181657947,-3.366014973725601,-3.334745024937299,-3.387082883587618,-3.2559480162193264,-3.299486357897701,-3.3616403681969973,-3.3616403706661355
-3.3576475296127417,-3.3729713056998047,-3.400774093244553,-3.3508198641956746,-3.3705964820692236,-3.3942437060724453,-3.3718748797592872,-3.398741639244204,-3.268456024540451,-3.3118877115469902,-3.37764117566276,-3.3776411782653657
-3.354278203509681,-3.3345494028259792,-3.4189159236759963,-3.3772251653239573,-3.2990383957331333,-3.344833312798142,-3.305014751652566,-3.301656572326527,-3.2092614818538534,-3.260677563736979,-3.2972148477219694,-3.2972148493553437
-3.2158460268723332,-3.175030151028957,-3.375087071299015,-3.322909913592161,-3.2158468365130966,-3.261137040140312,-3.221877490926405,-3.2519025636095016,-3.1407768434931276,-3.197862923822305,-3.2083046805019375,-3.20830468187372
-3.212217512685795,-3.189305599269383,-3.3602887961705687,-3.305268225310633,-3.272843544144132,-3.2585132656400515,-3.2341190321776008,-3.2295666788994817,-3.1418260827865025,-3.198886354669913,-3.196993733833969,-3.196993735255103
-3.211927513383519,-3.175877409167067,-3.3565021476304784,-3.3110043630130184,-3.263879389577594,-3.2319359987785696,-3.2420080695185454,-3.2154770820384453,-3.1523508186122644,-3.2096662889201886,-3.1885747627063266,-3.1885747645952955
-3.205158641421941,-3.1654209015166526,-3.3600230617800477,-3.3190309500746658,-3.2947346414785907,-3.2362565509823247,-3.270923568553668,-3.2577833243157466,-3.166856015655788,-3.2233163635728443,-3.2128098437609047,-3.212809845670189
-3.268883674873722,-3.2344598623405685,-3.355139040611212,-3.312948235118788,-3.297576567586909,-3.235343369504381,-3.2570735574148446,-3.2523024643233973,-3.1632496002161545,-3.2210103006215873,-3.213335663407963,-3.2133356651632585
-3.256999180504213,-3.207661585572728,-3.3511215971234396,-3.3052993384171936,-3.34687033765906,-3.2558954129719977,-3.332699120862514,-3.283325527003146,-3.18305617651103,-3.239440440496595,-3.242051563090376,-3.242051564974166
-3.267203895484875,-3.2253947473622606,-3.350333775274851,-3.3097714859349887,-3.359877224768412,-3.2661344002505244,-3.3351106848792247,-3.3053632266301123,-3.202504154451176,-3.2576901043134208,-3.260468064227126,-3.2604680664072667
-3.2399385412548773,-3.1964807080782807,-3.3260535839061487,-3.2989326375363954,-3.136573219994057,-3.18223638540609,-3.2132635966137055,-3.1960174130219037,-3.151799827528326,-3.2113847698124722,-3.217771731285219,-3.2177717328487097
-3.267342038059608,-3.2095150731281445,-3.319361835233715,-3.295142856742894,-3.181801517012275,-3.2158765126976068,-3.2605486547705134,-3.229129977594892,-3.1725241376282183,-3.230689263776424,-3.2475524193204355,-3.2475524209835642
-3.2658541413050273,-3.2402100322626475,-3.2991947023670867,-3.2697297114123103,-3.1660162187790757,-3.205153971079453,-3.2232559999001076,-3.2138115551372746,-3.165345471012758,-3.224737179742995,-3.2359292850047914,-3.235929286568517
-3.2971870737953637,-3.247576515302374,-3.292187432132364,-3.2603751608229716,-3.2001275486344998,-3.225614220416877,-3.2431433220234798,-3.2428470825261804,-3.1805524225909902,-3.2384965564845567,-3.2553401228861887,-3.2553401245947615
-3.2268419141537534,-3.1971139998374305,-3.260209151250258,-3.218538090737648,-3.1271365148138535,-3.1763451227017967,-3.161941987273581,-3.181206865631707,-3.1385540144000066,-3.199657411548977,-3.198481631691765,-3.198481633036964
-3.218195874622908,-3.1794789773772645,-3.256635210506526,-3.205892755403894,-3.17232977546953,-3.1908895706255986,-3.1746819408785294,-3.1791237264646672,-3.1460488735281675,-3.2071912548669355,-3.21427422546447,-3.2142742266853324
-3.2186926370971545,-3.1707609287927174,-3.2586914884816807,-3.2073133206079874,-3.1852399036097037,-3.2012438231248366,-3.1905878558713603,-3.1785604477455602,-3.163678623260428,-3.224025647511981,-3.2306601249543023,-3.230660126597053
-3.2312001494295886,-3.1983769101357136,-3.265737025847494,-3.20996158718661,-3.1847522590581927,-3.2113660628566447,-3.200915835768561,-3.1816697842832964,-3.176932045951797,-3.2357072759259093,-3.2493836092761086,-3.24938361106497
-3.2607030026276997,-3.2228171507640644,-3.2778544324698355,-3.2387641122573756,-3.2011025170339034,-3.258389485226908,-3.2183710297081594,-3.190599453699582,-3.225142095916531,-3.2389676626690025,-3.2684907763012947,-3.2684907779836285
-3.1608941111613067,-3.1094854934786973,-3.2463549446400277,-3.218437240085289,-3.2034494472454087,-3.2444392024260735,-3.206178585446836,-3.194670105023766,-3.2367647070651158,-3.250079276108631,-3.229881599342228,-3.2298816030379154
-3.20401519287553,-3.1661724815288177,-3.237392940583126,-3.213748960133548,-3.2558213994865053,-3.2650028996925657,-3.217806354475321,-3.24583784257398,-3.256038132315262,-3.268026633588185,-3.261863538354012,-3.261863542011246
-3.231264219665857,-3.1669368905997044,-3.254370468975339,-3.2309627815874093,-3.2935207310541093,-3.2908001441465364,-3.232713489873542,-3.2543085413239705,-3.2730716046220008,-3.2841862059265106,-3.2855110161501253,-3.2855110198725623
-3.266291926870848,-3.2254274563633847,-3.282146512108373,-3.262176169285559,-3.3075768168230106,-3.303598229047515,-3.2290311186069367,-3.2632484552326524,-3.2886487071751573,-3.2999798318153766,-3.302670273395295,-3.3026702771888523
-3.249532609809348,-3.234503120006365,-3.28646600368979,-3.2649564210506385,-3.2809069986226698,-3.29943313859158,-3.2050137891783814,-3.263744587665083,-3.2753773359328364,-3.2879506035755557,-3.2913110324261843,-3.291311035982677
-3.2947599470009994,-3.275775889185844,-3.3035086624721544,-3.280552271977956,-3.3010916610401693,-3.317273928423741,-3.219717021612999,-3.2567832206002794,-3.293247594549312,-3.3046733095306156,-3.2962874876290424,-3.2962874918769067
-3.2761619231603247,-3.2482195304754877,-3.31247479508958,-3.293166762253687,-3.3590723791167236,-3.3514499184384747,-3.24359626932205,-3.2767924994268123,-3.3097002073709443,-3.320573843787156,-3.3196862155493605,-3.3196862197929713
-3.223502750491472,-3.1903479808977595,-3.316483555409954,-3.299794071900304,-3.2594039220323063,-3.2834208752765197,-3.1597438053765394,-3.322391835569121,-3.227769609148201,-3.2412471309138455,-3.2210880685810137,-3.221088072950886
-3.1655350805157334,-3.115257666438356,-3.295315380470822,-3.2814863117142994,-3.2828236088764977,-3.261262468807296,-3.146905485109754,-3.3244982066430633,-3.243094603496729,-3.2554462504735557,-3.2178327778629097,-3.2178327827477387
-3.1377198724945523,-3.1034948751393356,-3.2724275838303303,-3.2636707733784447,-3.2366439546662975,-3.2547143172103956,-3.1536605766820434,-3.2951723421436196,-3.2446518440184433,-3.2583456448709334,-3.2244059616357257,-3.224405966301984
-3.1095074665040263,-3.0618349709281056,-3.266939015196691,-3.258478954298911,-3.1811714281520684,-3.236212170646083,-3.165057315049132,-3.2738392183812897,-3.244709635622036,-3.262444555968117,-3.230909156886096,-3.230909161376235
-3.1687476756332864,-3.1487637372111084,-3.2345820056131824,-3.2267055031427594,-3.123215122421569,-3.1865780657680087,-3.1003672969751426,-3.2144637593489596,-3.2194594289547593,-3.23745954127121,-3.1823574645421946,-3.1823574690300958
-3.1996631647721427,-3.1592374522792035,-3.234680648607783,-3.2324831399597187,-3.1719590234323074,-3.2139006838684434,-3.13388125741879,-3.234767094538535,-3.2372094092333237,-3.25410034441545,-3.2102813113913635,-3.210281315818937
-3.2439034271625715,-3.2084458719333426,-3.2382532620156415,-3.238445470840816,-3.169970957879548,-3.2416604576632744,-3.1678655113565735,-3.2408997076263115,-3.2486081137206493,-3.265544750082906,-3.2313078543337967,-3.231307858600326
-3.214770350295737,-3.2065423943268234,-3.221037334809849,-3.2296984720987725,-3.1476108907186044,-3.2524675113418,-3.1678700052230635,-3.2326796699487708,-3.253703548145686,-3.271682644373941,-3.243253086375052,-3.2432530906373356
-3.213912115123227,-3.1876423929893907,-3.2049929982506646,-3.209788193781409,-3.1696973909166846,-3.2512369061918682,-3.1751195647733517,-3.226699700298112,-3.2597331107005774,-3.27956118718308,-3.25335359841009,-3.253353602794392
-3.25995559837701,-3.211691845837617,-3.200574286760853,-3.204366413714829,-3.1893924602909074,-3.265125781594485,-3.2011921270677526,-3.240903000072945,-3.2785485374343706,-3.297017714816452,-3.276814330906424,-3.2768143353316344
-3.275616616258808,-3.244445894642332,-3.1964916707801794,-3.202788590384479,-3.196833295746394,-3.2756971215666595,-3.217170472531949,-3.2551822933418415,-3.2956837914056702,-3.313419091166773,-3.300425269368626,-3.3004252737346
-3.3171755899194584,-3.2598152365928508,-3.1932956949955025,-3.1993442452772896,-3.1857292621154323,-3.2744990476739377,-3.20988627686785,-3.259343028266701,-3.2925510024985893,-3.3121377939831835,-3.3114159046914686,-3.3114159085620196
35.33736638737762,29.2335349969404,21.53938551147146,21.686672926218478,22.80494855156894,30.358978312086457,24.01409654788726,30.22684673021965,32.95446958567194,34.93885258681796,35.3910607220172,35.39106114365165
-3.1104084846391333,-3.1070574982073107,-3.1222891656109457,-3.0875365912107355,-2.73968738082037,-2.9386246464356556,-2.8870056926109533,-2.979197564969376,-3.1088778892836837,-3.137588339738477,-3.1460287758588708,-3.1460287765859727
-3.114502763949775,-3.1098905125406295,-3.0916572170651424,-3.0542851630729597,-2.8049232881735677,-2.977725383102742,-2.99494533152334,-3.0463292236153476,-3.1202921421867265,-3.146748230144943,-3.1663507076983626,-3.166350708435323
-3.0665039095233593,-3.0585810825722923,-3.0701538604277188,-3.0307573720285443,-2.8286531909553956,-3.0043760711245477,-3.0481299901921908,-3.0794198248214895,-3.1262802693811933,-3.150093420318908,-3.175961168617261,-3.1759611694770444
-3.0453809770010976,-3.0104989620258253,-3.0570324264101534,-3.0179873870474037,-2.8583847173130277,-3.0311615951856172,-3.0906180327371233,-3.109191638756279,-3.1328344805262054,-3.1538986469701245,-3.179746489149307,-3.1797464901637618
-3.0750558250586733,-3.0585590170310617,-3.076579038471467,-3.0417047714738046,-2.9262227852409466,-3.099909395246712,-3.188029126312098,-3.1697468830617153,-3.1494692308074237,-3.168174885806634,-3.20566113925143,-3.2056611403127304
-3.129890415356964,-3.10826294637181,-3.1147074387568896,-3.0842788166987827,-2.976078491759083,-3.149814345209986,-3.2217538493940436,-3.1984203829234783,-3.149671568366311,-3.167702403670094,-3.210815381935674,-3.2108153829028345
-3.1352164719489055,-3.123107631919627,-3.1392583035594406,-3.11156514801019,-3.0100630461131237,-3.177963235248039,-3.238038779215608,-3.2130849392049887,-3.156819657118987,-3.172779543215445,-3.217356843415092,-3.2173568444424503
-3.2085829607910616,-3.2136302805500057,-3.1679524893366677,-3.140707286378297,-3.0523471023947795,-3.2303767972020125,-3.288166465092181,-3.2466173461990393,-3.1730117288765767,-3.1870968366549848,-3.244102865282162,-3.2441028663147646
-3.2517706648912057,-3.241967034672058,-3.192039998072926,-3.167021060567296,-3.080642541912884,-3.2648315404955346,-3.3162232608384636,-3.267058607916323,-3.1835924053273716,-3.195807272234357,-3.25944291434117,-3.25944291541919
-3.2290207396214994,-3.2316096846966813,-3.2131598768560963,-3.1897749687945205,-3.081147436481432,-3.265805749979781,-3.2869857809607637,-3.241619472407004,-3.184052604422945,-3.196046551126194,-3.2592108842761256,-3.2592108851634096
-3.3514260774819364,-3.3272764245865964,-3.2266392358386757,-3.2042637143797332,-3.107899522892894,-3.274022821486076,-3.28450103289568,-3.2431040285597947,-3.1973933148564164,-3.208131758801975,-3.280852483838178,-3.2808524846833844
-3.235198035524969,-3.2093383393966435,-3.2146070657420442,-3.1920760913231585,-3.105940103137213,-3.2499834107628844,-3.2141740538882986,-3.2089601536385475,-3.1644946607310755,-3.1795483986921225,-3.259288411457859,-3.2592884114105836
-3.273714888103019,-3.2178729324514093,-3.232599114897676,-3.208314010719682,-3.152300678078438,-3.266622969425578,-3.2301789849268885,-3.235819094392453,-3.1811615200607495,-3.193519101912607,-3.2719740311291754,-3.271974031689055
-3.3311318563562438,-3.262787497056772,-3.267198705439646,-3.243320539421343,-3.1764258095697295,-3.26900524694594,-3.2267150533401465,-3.2293193565856377,-3.1698378011813815,-3.1804369591290245,-3.2535765512584574,-3.253576551951635
-3.312797128909897,-3.264898836607922,-3.2938727641506467,-3.2714264024733835,-3.2213166570546163,-3.3055555222175013,-3.2503022798101395,-3.2550763081560383,-3.1872710108371565,-3.1960901497010767,-3.2787080552461814,-3.2787080560326505
-3.3700242797618825,-3.3400300231104794,-3.319785564803746,-3.300117881368198,-3.2394272250792513,-3.338287488778085,-3.287241669200569,-3.276959042733013,-3.1996506766980533,-3.2073707350910845,-3.3005531842034728,-3.3005531849761596
-3.22421253210031,-3.2235715595705123,-3.2645579439619787,-3.2461825500875365,-3.1579688569570683,-3.283268534890995,-3.191859847078571,-3.1971997722045558,-3.209429649524278,-3.2143104768309367,-3.2544572085764956,-3.2544572116327046
-3.244542653014749,-3.2464880352783165,-3.2377163149648034,-3.218397974896576,-3.161789687748947,-3.2574787547152417,-3.1621736662832904,-3.1910750852641208,-3.2184204672980696,-3.2207421267495793,-3.2521195004889547,-3.2521195041686646
-3.2144732063857715,-3.2283546443912092,-3.208486485367999,-3.186548827227063,-3.1957958176812546,-3.2481620401433045,-3.163494808411488,-3.18644849183993,-3.232709744988512,-3.232991472724881,-3.266232425067603,-3.2662324289747358
-3.1961281722474952,-3.1972693909784553,-3.178677123992268,-3.158396818317328,-3.2003496192942915,-3.2396127864667745,-3.1476082632232627,-3.175667938820204,-3.2228571305230616,-3.2233120489024722,-3.25844218078193,-3.258442184706579
-3.2324156322759148,-3.2106317432897113,-3.173696495543301,-3.1599543161510013,-3.2643483633199692,-3.298089433013761,-3.1788534936067974,-3.1999851483047927,-3.2321579795252537,-3.2325443018218234,-3.278564659399998,-3.278564663331493
-3.2750844340984653,-3.261752515661099,-3.1739299516688897,-3.165455245348281,-3.2812578228530493,-3.3282761420565197,-3.1983125516742525,-3.2090767039778063,-3.246777878948999,-3.2458439374822574,-3.302342823926995,-3.3023428277919296
-3.3222646278341217,-3.3114624696346198,-3.1888072498635927,-3.184630491914727,-3.2807811354459515,-3.352364277954951,-3.204816256127001,-3.2174218239884382,-3.2592531930802755,-3.2567442526117203,-3.3115639083341564,-3.311563912311238
-3.2975104384693137,-3.273069234638311,-3.209128075513438,-3.201875977975592,-3.1614275505505858,-3.2854926157338094,-3.136662651231567,-3.173018271720251,-3.239098794103972,-3.2397658029594005,-3.295421661512945,-3.2954216652150334
-3.262661015414453,-3.2216941281943883,-3.2097380143610845,-3.1971243753745773,-3.1757954975206215,-3.298819148770347,-3.14790431196906,-3.1811148202368105,-3.24802923208718,-3.2485372570858884,-3.3099052727060747,-3.3099052761407073
-3.290305812173047,-3.2296543726834717,-3.209334292797243,-3.1936119444748288,-3.2060276574168576,-3.3187292269479194,-3.1713838985744927,-3.1927115104455477,-3.2578471807642835,-3.258353295950843,-3.3232761114748866,-3.323276114845724
-3.2988245018460702,-3.2486304939864024,-3.2147273787775625,-3.203435073522861,-3.236844247873952,-3.341641986528208,-3.2048754152745462,-3.2189302426952833,-3.2570187344968193,-3.25803649797066,-3.3370364731258797,-3.3370364763219373
-3.3462358306069633,-3.3019308970784893,-3.234336693919158,-3.2302146913333405,-3.29086793141257,-3.3930480065560653,-3.278611930408178,-3.2595347155895436,-3.2708385405643194,-3.2709609619024027,-3.3582264865012497,-3.358226489716378
-3.3202222100738825,-3.292106846807653,-3.2375599163151465,-3.235007333994462,-3.2531213010221474,-3.3782234683355328,-3.247824680120135,-3.221973620995356,-3.2723953933495458,-3.2725646149043834,-3.345441239551166,-3.345441242555356
-3.2955294990397936,-3.291287905441181,-3.239866633857778,-3.2391505570046144,-3.2674062444207914,-3.4023376741512186,-3.2664549259206583,-3.2358311017497536,-3.2874937000878903,-3.2865670271264746,-3.366019295991864,-3.3660192990799973
-3.2528931510006704,-3.2184823765822754,-3.22093934178402,-3.2132901660440267,-3.1499260706682763,-3.2920227519308174,-3.149138830396565,-3.070063874256391,-3.235447172231779,-3.2403648374915925,-3.2675292341993964,-3.267529235868933
-3.2131143624761966,-3.154490187373904,-3.2415761487744943,-3.2348375032797887,-3.2047033683958674,-3.3025991523922458,-3.1825151941300134,-3.0974008234107324,-3.2340857453054483,-3.2373755209025417,-3.269969570535568,-3.2699695722729145
-3.2607338640753003,-3.204276090252102,-3.239634971992734,-3.237519632194317,-3.220790294270232,-3.316423745861334,-3.2018754553128965,-3.1147381125304037,-3.243616354435495,-3.2455883571273176,-3.289408586396461,-3.2894085881019395
-3.1378144373223034,-3.0796245377434186,-3.172450916335645,-3.1614754983463067,-3.2086941458565263,-3.1952841288975584,-3.113918162765052,-3.0964919485019102,-3.255212772057631,-3.2542379545776505,-3.2204811070195554,-3.2204811120537915
-3.0193767924196617,-2.95282749762125,-3.1346131716808134,-3.1241467324130894,-3.2271413370086726,-3.1800823675190513,-3.118284015299851,-3.088196606495966,-3.2511345577622213,-3.2489856179264764,-3.229843583770727,-3.229843588650759
-3.091031950285986,-3.0018890345364664,-3.1137598351197187,-3.1081011077769816,-3.2775357201262594,-3.2110275916465616,-3.1754332777382315,-3.113026333675017,-3.2649764720687044,-3.2615447582831227,-3.2560513169125547,-3.2560513217515252
-3.13189637302426,-3.048172850926634,-3.0997979441193775,-3.0973518808394087,-3.2511300271854786,-3.215765234867053,-3.1938770989543857,-3.1187247663635738,-3.268429176075384,-3.2639955680944865,-3.2615158193521996,-3.261515824086952
-3.1816906923260153,-3.0955601306314913,-3.0973749664722305,-3.096594702180181,-3.274762597802355,-3.244847169693447,-3.224362904026563,-3.138209641242671,-3.2773973973289383,-3.2725573603485842,-3.2844416474726237,-3.284441652056417
-3.239370125274625,-3.160280289625314,-3.1033877559505174,-3.1035420571356487,-3.2943527669673225,-3.274564576791323,-3.23468831324906,-3.1554743572048483,-3.2866878385753657,-3.281085309369471,-3.3012474958586013,-3.30124750047276
-2.8079209272229018,-3.201781800544432,-3.123310327817787,-3.123871315221799,0.5042161489049315,1.2635121684994388,-2.771486378814015,-3.1638198583611157,0.26081195260799905,-0.1783686507396034,3.434334861731954,3.434335225766125
-3.1848909821767437,-3.136078341601724,-3.1087786868859055,-3.0976319105321184,-2.9689600553322304,-3.136855296150821,-3.0637082982239545,-3.0160369490621357,-3.1581025276855006,-3.1629656334123992,-3.2300942780682655,-3.230094281322846
-3.111051568049408,-3.064535881781361,-3.082512115765484,-3.060390310972421,-3.032860245413523,-3.171659547036633,-3.133888773907484,-3.0474301110007342,-3.1593616825740725,-3.1654467902359227,-3.247096101482945,-3.2470961043833437
-3.109326623147191,-3.0823536803899176,-3.0742402032103096,-3.0499604589344123,-3.0879228394461227,-3.2222759373777943,-3.1816778520214326,-3.0787577545420364,-3.1734901794277492,-3.1784172253971823,-3.2685585285414267,-3.2685585315122534
-3.1388984496212955,-3.0920445592618675,-3.07469917799705,-3.0433573091742976,-3.1647255157632523,-3.2542597914664926,-3.22896093027196,-3.1076753601393685,-3.1906230764651577,-3.1936241208924203,-3.286432649256372,-3.2864326526611523
-3.187334635113838,-3.1472574642324247,-3.089687092169032,-3.056959933716037,-3.1931913301506962,-3.273323779095147,-3.2376429980982624,-3.1174930383568213,-3.2025724092671415,-3.2041012414669927,-3.293718989523827,-3.293718993212309
-3.139324497943432,-3.1223307266888884,-3.111348083553887,-3.076969730630621,-3.2108156608816243,-3.2950885522553945,-3.2440569283899467,-3.129264875701479,-3.2170270311118436,-3.2173118935267366,-3.3137668859238043,-3.3137668897212516
-3.1380523813002226,-3.1233923646146486,-3.126614496653579,-3.093533526968992,-3.232760695846169,-3.328997479475297,-3.2653464195663537,-3.139776317107397,-3.232407780864657,-3.231327613077406,-3.3325109666096746,-3.332510970497674
-3.1021718653588897,-3.081060559248683,-3.1080141472205054,-3.072995844168308,-3.1064351665493772,-3.2480464894873204,-3.1846980095921333,-3.1085542641775685,-3.199250000917156,-3.1996821322412026,-3.2794859223247466,-3.279485925906787
-3.1387203981017775,-3.1281285567730217,-3.114210380936093,-3.084398086631748,-3.169198689529903,-3.302763652111514,-3.2502156791581176,-3.137278439618205,-3.214846626908285,-3.214104090304096,-3.3032077158263515,-3.303207719479822
-3.2100361402458573,-3.223134922578997,-3.133466645211433,-3.108143979819794,-3.1914752708783465,-3.323971088135559,-3.2602289039906833,-3.1379643622554627,-3.225518827907897,-3.224020582500426,-3.3117912226420994,-3.3117912262899893
-3.1601102363029607,-3.1797964780257093,-3.1404255507601353,-3.114024785329966,-3.226539198976158,-3.328865725969778,-3.2789538612702653,-3.14155629065887,-3.2236058423868736,-3.2248082341283677,-3.3212266617733186,-3.321226665077861
-3.1806200889273257,-3.181661051081381,-3.160282878069193,-3.135844239011251,-3.249232320219532,-3.3393715903941072,-3.296053830063347,-3.145317101067697,-3.222416424366167,-3.223770707563221,-3.3241144747930207,-3.3241144779055025
-3.144571115649536,-3.099714144464575,-3.1445951152753087,-3.1168724456288786,-3.2310109274038874,-3.2985565192429886,-3.225737755341527,-3.125174226124002,-3.2285013759088312,-3.228785072988748,-3.281385259074596,-3.281385263984525
-3.1288918337735234,-3.0871475854229677,-3.117794587750546,-3.0798659230911314,-3.1491130920430237,-3.20095345842763,-3.1314666659809074,-3.1100468214683827,-3.2160567879007274,-3.215494200565514,-3.236523815558339,-3.236523820963016
-3.1026095666654774,-3.0523381527887548,-3.1018446688554846,-3.0555312421110603,-3.1125641273575364,-3.1791176556473544,-3.1232589200407057,-3.1057783069607705,-3.20619168446121,-3.199779993837856,-3.2371772192155484,-3.2371772240014764
-3.078818093162949,-2.9999000960181577,-3.0680385299243373,-3.012219760319285,-3.0883866965381754,-3.1433571143247763,-3.089958862775323,-3.0825832547573655,-3.1693859426478075,-3.169813141241861,-3.212407708382532,-3.212407712101631
-3.0914944786312173,-3.025287213154372,-3.084072523495357,-3.030708082874747,-3.159851066429456,-3.1813357837958964,-3.1387666967567953,-3.137915529269493,-3.1842382036084467,-3.183468779283845,-3.237381160416701,-3.2373811641415386
-3.1250742365513413,-3.0381285865606653,-3.0953290311697756,-3.040361542913417,-3.1855818698446825,-3.2055954515834246,-3.1658905124449364,-3.152574539578566,-3.1951844384848997,-3.193376340380944,-3.2559264892206827,-3.255926493023291
-2.994503632058273,-2.9518808861087034,-3.060144315202998,-3.0072535231571553,-2.9468346714642664,-3.0953723934985975,-3.0226986086160847,-2.9992041181522247,-3.111122010919382,-3.1096752263927834,-3.194579132405042,-3.1945791344336287
-2.944220762168989,-2.9009645088801395,-3.040073825404024,-2.9873752894997634,-2.9801701322416236,-3.129781290795955,-3.0499837041621545,-3.0348998649636045,-3.1269364440777903,-3.124822574262317,-3.2172649175140875,-3.2172649196415204
-2.8640615187126692,-2.8220309136067314,-2.963227652058589,-2.9095435082595253,-2.823843414245778,-3.0293444888854095,-2.9171572899003544,-2.9411514229415525,-3.066488387610383,-3.0630189106725156,-3.156192006021336,-3.1561920069865277
-2.8371696390606806,-2.7970645431794177,-2.920577047331617,-2.867789107303347,-2.873845535253793,-3.065437152628498,-2.9507661276158017,-2.9701886645431808,-3.077613028514894,-3.0736615077813,-3.1705350391737825,-3.1705350403363832
-2.8697741817204734,-2.8346678255692543,-2.929215301055167,-2.879775872887134,-2.935498856851008,-3.1001480000503525,-2.978671253276509,-3.0006255017458137,-3.094255226855534,-3.088950307920974,-3.1749052124144135,-3.1749052138027265
-2.85439414750072,-2.8214712999681937,-2.939158284167313,-2.892746187602873,-2.9485869972838312,-3.099325118794201,-2.9956821433681324,-3.022002605255083,-3.1062517756626113,-3.1009737778720834,-3.1789445176363396,-3.1789445189460324
-2.8048547142011597,-2.77272371262295,-2.934474596883051,-2.8967125536398903,-2.912474456700227,-3.0643398623791196,-2.9673856763027033,-3.0119909104762916,-3.0878657337165984,-3.0841740086781404,-3.1744512611238997,-3.17445126230444
-2.85161995032304,-2.817500124155941,-2.934872840662587,-2.9109210959021796,-2.9349223741737553,-3.069489048675965,-2.975182040878705,-3.042385106366243,-3.106976008652258,-3.1024990696946597,-3.196137914112024,-3.1961379154038783
-2.84297172921091,-2.8249987046153446,-2.9289767998049143,-2.9228974989912584,-2.950001791719703,-3.06170090929885,-2.9914061348967316,-3.062267316201919,-3.121154763132415,-3.1165732505443358,-3.1930082042217665,-3.1930082062965655
-2.8875854750973673,-2.8586067046905033,-2.926255277589509,-2.931271239950979,-2.9532837864107453,-3.0607761132000517,-2.9901244057517626,-3.080105835733743,-3.1382024877721535,-3.133345639129417,-3.215091934222568,-3.215091936266746
-2.9245142770544335,-2.8951329229176688,-2.95002092558853,-2.9662537719701287,-2.9856231277407828,-3.086464558287644,-3.018616174949312,-3.1042792818910847,-3.1458170739857003,-3.1412219263295773,-1.770186744960911,-1.770186511689921
-2.892569072677008,-2.8747485942659825,-2.869150001639534,-2.8812512135758483,-2.743166427452578,-2.9404018283980595,-2.8479327599212914,-2.9327667406888605,-3.044524953623694,-2.9791635506280096,-3.139332763154264,-3.13933276096715
-2.812205571851919,-2.792863679814669,-2.845907537465691,-2.8629443320759016,-2.7725086258960374,-2.9407764676297883,-2.8522402436675605,-2.9586941121909183,-3.0532477727150016,-2.9921898768052926,-3.1359925526900345,-3.1359925507448514
-2.8405038219269065,-2.8209334695077124,-2.834570157498444,-2.847864058886797,-2.814699067889554,-2.9532951697956307,-2.862702888512385,-2.96787264845229,-3.0545530672083805,-2.999754103543325,-3.1437956371475906,-3.1437956351112115
-2.853573535620771,-2.8166539241897723,-2.8187633649338246,-2.827339286863915,-2.812786799650296,-2.945190039849965,-2.850933948315475,-2.969286402965256,-3.0528624380798,-3.0026960088664123,-3.1496473802498466,-3.1496473782952847
-2.8305401597846362,-2.788483630837974,-2.821457118447345,-2.8361638090733883,-2.9004897069066953,-2.980757829439107,-2.892283397638763,-3.005567822159566,-3.0452965367713944,-3.002727720172195,-3.1552711979383687,-3.1552711954796573
-2.9004123939112714,-2.858002047544087,-2.8315541420293133,-2.8464645430491844,-2.9756932769595217,-3.0396967493241904,-2.9547030025692353,-3.045915302017044,-3.0664225955732727,-3.0249127886030447,-3.18282959957384,-3.1828295972834484
-2.873866838213608,-2.8291320373401634,-2.8398278090407105,-2.8476511628414793,-2.984639910458803,-3.0686029815060807,-2.9751754709289977,-3.056685137602908,-3.079678035369447,-3.039908051904211,-3.201975320942441,-3.2019753188057294
-2.8715985525397825,-2.8278585582454774,-2.8599876521116943,-2.8655032695511307,-3.0256026045054507,-3.130359983418337,-3.0292185921736285,-3.077960579317349,-3.101937642753403,-3.0627973008862064,-3.2249906269552118,-3.224990625056302
-2.9165946437904244,-2.88940967073126,-2.8872640510451166,-2.886711406086987,-3.0531393710302477,-3.182677738125102,-3.076896065703689,-3.0924537133389753,-3.1238633794862927,-3.0852370916219543,-3.244915217720597,-3.244915216296215
-2.97845696557452,-2.9706197534587817,-2.925530906202161,-2.9220678430913516,-3.0872355325423624,-3.2461061460313014,-3.1370615016397676,-3.1108265645492597,-3.144533372952828,-3.106392624739417,-3.2707726914733386,-3.2707726902999994
-3.014015113940972,-3.0182767538706514,-2.964253452946905,-2.9678596693888153,-3.0770830425276774,-3.247232309750491,-3.1459873437191574,-3.1111942562481136,-3.1031510996113574,-3.07580012507742,-3.231119195879172,-3.2311191939391692
-3.0249753710382876,-3.0220417307019547,-2.99603170193755,-2.9918508717376966,-3.143867879668215,-3.2986771711646363,-3.2057894904125255,-3.152798154227132,-3.1242637925987005,-3.0970673725815665,-3.255533587718211,-3.2555335860541392
-3.0861645115128935,-3.106903755060312,-3.041161304940902,-3.0276623500445683,-3.1644577140438117,-3.3283807919088764,-3.223879165666627,-3.155826465576667,-3.144941539445137,-3.1178172589181377,-3.2708131070784137,-3.270813105620636
-3.0895428694397347,-3.092640397625445,-3.0821379843245698,-3.061069535239056,-3.171865745996467,-3.3399093878742465,-3.219418006671095,-3.1532228752743623,-3.160180406089293,-3.1344722057109626,-3.286805161317308,-3.28680515989164
-2.9930125443579816,-2.980733655889292,-3.0363588534872106,-3.0049386663518023,-2.937272562614166,-3.158823152374167,-3.0269048610688567,-3.012539929393302,-3.090291096717458,-3.075884788036495,-3.2022508733122006,-3.2022508714508904
-2.935773189848287,-2.902123134348437,-3.0125968077578644,-2.979191410945687,-2.9946126288144104,-3.178629495038178,-3.049953946975663,-3.03142755953591,-3.1006873050232358,-3.0887121387951315,-3.2049968820134755,-3.204996880696366
-2.8775104284991895,-2.830233663582444,-2.9742132376275006,-2.935275550217586,-2.961311237189383,-3.1404938660054595,-3.015100759001133,-3.0106868328697427,-3.098843439429891,-3.0886131926622866,-3.1835995088486393,-3.183599507981313
17.88878747815331,12.53160502728632,25.558461008953152,22.022216100205142,30.009537098561275,47.59801591911724,34.75469517525821,31.031899900880013,40.25735506321402,39.26365736602825,50.253267980967244,50.25326784201371
-2.6378578587287667,-2.6203568023353174,-2.759482152888478,-2.7419962855527857,-2.428818322696421,-2.731369445983017,-2.591742290305589,-2.6574932925851376,-2.5592035188057367,-2.729785713321999,2.081677276111193,2.081676603661921
-2.451623926825854,-2.483288611999476,-2.6087811484850034,-2.6144000354250263,-2.239062638022392,-2.5591798990530723,-2.4098847288573286,-2.544472993245614,-2.618855117960252,-2.524102850285971,-2.659762805425081,-2.6597627953144993
-2.4191183539411796,-2.4796840310228245,-2.5533171955917493,-2.5502096183990894,-2.2987600673766777,-2.5327790000683574,-2.406185086791304,-2.5572837550592666,-2.638226364851689,-2.546743399684912,-2.630485330861669,-2.630485322987056
-2.3948778489687625,-2.4617034848599246,-2.5322938129322035,-2.527382513359375,-2.3339970777258063,-2.5124816866701254,-2.422199100087277,-2.5695541968728492,-2.6693977825887534,-2.5795968482820824,-2.6384668006335463,-2.6384667935819195
-2.260283526190617,-2.3004299288015546,-2.4523682672576093,-2.4438235290074513,-2.2457509008301146,-2.415335718708032,-2.3025061521793795,-2.4447335171247078,-2.4718669671250875,-2.438011903622474,-2.484305509183538,-2.4843055003742878
-2.325007042827633,-2.3769144504714905,-2.4232897036037233,-2.426456651372858,-2.2967714317413948,-2.4082191641094397,-2.3231372963812036,-2.4803923170613533,-2.4960602120598536,-2.4634697033339896,-2.5026330195673667,-2.502633011167622
-2.273271996060308,-2.3212156276829194,-2.4008408195840762,-2.405034705887197,-2.3411398869201605,-2.413920183009618,-2.318602200487855,-2.486849011732218,-2.4956182644075824,-2.4696715821585054,-2.5092710232052946,-2.5092710150661928
-2.234256794424889,-2.2910258181880803,-2.383088319781274,-2.3791228597574836,-2.347361645442128,-2.4141720819208747,-2.3194638034859,-2.4946029922873154,-2.5194648362368373,-2.4944389509972247,-2.516890546556004,-2.5168905391677088
-2.3066686996389376,-2.3586553205219722,-2.3848742228874062,-2.373007773260753,-2.3894087474072214,-2.465575385101286,-2.36143479060885,-2.513369626383582,-2.5526493159554082,-2.527383178413001,-2.554119604825777,-2.5541195977783353
-2.317938755507143,-2.3574725205623803,-2.3912154798764282,-2.372534190432252,-2.4281463283080917,-2.474192765134544,-2.3874081610477065,-2.53699172970313,-2.5856838204839643,-2.559794231746653,-2.5795952847331396,-2.5795952781706797
-2.368982254025677,-2.4183432522944575,-2.4226003935594567,-2.4082584221115226,-2.4831335651590307,-2.5170617632273666,-2.4167559771725657,-2.5571303574250828,-2.606286139307116,-2.598969815651709,-2.5981510856001933,-2.598151079419965
-2.4263549950860455,-2.473179901910646,-2.450833068425087,-2.4413774431490376,-2.53607436630156,-2.51160622825722,-2.436648136517453,-2.581507141824161,-2.6396984211802463,-2.631925447386366,-2.611398212976358,-2.6113982073968254
-2.3976973567606863,-2.4396652754055896,-2.4747755086826846,-2.470005990034369,-2.5932195714634663,-2.548976951471128,-2.4715984335854833,-2.6108021346072268,-2.6654598686689943,-2.6585811429108963,-2.6377618219546175,-2.637761816626333
-2.3900900781156493,-2.422237331419791,-2.4772517366961733,-2.4736444589169433,-2.602094022464617,-2.5748944253002146,-2.491667550159115,-2.6331625426165797,-2.6947471849391524,-2.6883655150288632,-2.6567218010398306,-2.656721796122601
-2.4203279477282815,-2.4286639560778314,-2.486196351640884,-2.480069131408843,-2.660106140747864,-2.6185206501256557,-2.5326123614909077,-2.658035809314643,-2.726167563609846,-2.7189475159619194,-2.674189546254374,-2.674189542012185
-2.433569507438796,-2.431434724208356,-2.504041781879901,-2.5002181021732834,-2.6734092670493026,-2.668498963291124,-2.5823647924622417,-2.684668940103289,-2.7554164497864173,-2.747737523506726,-2.706071254335006,-2.7060712503812416
-2.5153196975261367,-2.4889546673179233,-2.527173743497887,-2.524557190420189,-2.7016319910276545,-2.742754871510295,-2.6312566060210787,-2.710373534312479,-2.7793474898884267,-2.770894516757169,-2.732303104791736,-2.7323031011993546
-2.5115048851984407,-2.483785070355733,-2.541718085767148,-2.5427821170564893,-2.6866095701663006,-2.7982225940140064,-2.670324684441073,-2.7314235712749713,-2.798498392466299,-2.790393683548392,-2.7511490196632105,-2.751149016324735
-2.5608797252601794,-2.5201260354246395,-2.55649986423164,-2.5626359815417437,-2.680220238623436,-2.8523949857311557,-2.718207376060883,-2.7588927658496956,-2.821018924322194,-2.81287327873829,-2.7691507029312445,-2.7691507000586224
-2.574760938953106,-2.5268710185867764,-2.60548069677011,-2.6171507965183083,-2.729954174950609,-2.945646513144885,-2.7868045032820388,-2.812643543487874,-2.8393128847650266,-2.8298895626948166,-2.789629548559418,-2.7896295461666867
-2.6278865066505275,-2.5612971509200273,-2.6464156694009295,-2.667252723262282,-2.7687450702341696,-2.975289907957624,-2.8418217040117093,-2.8423243359851496,-2.844277525696792,-2.8373773957630686,-2.7894089345760937,-2.7894089325456393
-2.7019759656054125,-2.6629953214409072,-2.6732121100676345,-2.697730337159494,-2.833461256666667,-3.0107853588990263,-2.894417157697265,-2.8766102645302456,-2.8706497933253234,-2.8628006147640606,-2.8157040293607136,-2.815704027730436
-2.734912763303607,-2.654157614896863,-2.6860947821302243,-2.7064913137581907,-2.8959419700664752,-2.996432363923109,-2.926006281380658,-2.923287892470103,-2.8948553336747285,-2.8868986032938277,-2.8293468602562846,-2.8293468593607125
-2.7416166174861654,-2.604054675545057,-2.6988518322827035,-2.7201673940074578,-2.8942167130086465,-3.0031832302613255,-2.9435365566127443,-2.9374371585865062,-2.912543740253088,-2.904815499099133,-2.8533009422659052,-2.853300941485963
-2.8005848229861265,-2.686684113024504,-2.758833280901403,-2.7881373797322944,-2.896834487284114,-3.0149259636439716,-2.962333499890595,-2.9312268680578777,-2.895771960116684,-2.889005385254011,-2.834424004933363,-2.8344240044965416
-2.805998723925955,-2.741459333247163,-2.808836262063083,-2.8398546964233478,-2.937735723779425,-3.0596019387941125,-3.0174073995693256,-2.9626368824082108,-2.916707188755362,-2.909858713144568,-2.862684357692718,-2.862684357448691
-2.7001913334366443,-2.708010089373401,-2.8639658606254126,-2.9143902482272313,-2.9419673444116574,-3.0585764119083176,-3.0093420153071837,-3.016886834883684,-2.8918591359073997,-2.8873422052763233,-2.8378796558493145,-2.8378796556608545
-2.7809299269592875,-2.772931385380857,-2.894761629027503,-2.96167305027747,-2.9467181184486426,-3.08953753987786,-3.0202525057453444,-3.003033450629731,-2.892891308466465,-2.8913979927199693,-2.849045357660981,-2.8490453573977303
-2.82671989030222,-2.8759304492552245,-2.9263655848051195,-3.0012233202026235,-2.9845581210055014,-3.1513319240526143,-3.062363883405734,-3.031214975359994,-2.9187120008477576,-2.916359666552926,-2.8799662719254853,-2.879966272020201
-2.8911626183760006,-2.8459894945311444,-2.941179458204599,-3.0138706028541344,-2.9336498707150875,-3.1368085051184584,-3.0532160946479228,-3.0058059805584603,-2.925443321621327,-2.9229380392626876,-2.8818074189502556,-2.881807419294284
-2.8740199382155063,-2.883337455890636,-2.970621985394455,-3.04640420845863,-2.9696813262250186,-3.194181840077146,-3.1051352872129634,-3.028811165041265,-2.949525667316785,-2.946172959033887,-2.910338339145803,-2.9103383397588316
-3.005034520966503,-2.959174729631844,-2.9869781048581925,-3.0634679476461857,-2.9808411243566546,-3.217021042171838,-3.119782398700124,-3.029444295221195,-2.9662848783746467,-2.9636084933356743,-2.9359474458195134,-2.9359474464672157
-3.080452235538535,-3.0454392941417483,-2.9992175932140412,-3.0728833116288468,-3.0000516340167795,-3.233789071056821,-3.1406487583360896,-3.0364688543202503,-2.989511902206642,-2.986086866743486,-2.9668607483272247,-2.966860749158485
-3.0249184534680262,-2.9700181990900703,-2.9708110662473235,-3.04066696350517,-2.940686079351249,-3.17955860470573,-3.0605669041993915,-3.0008855138481856,-3.003114254348641,-2.999376194602487,-2.9366983610615724,-2.9366983629928525
-3.048536488539541,-2.9785501336954168,-2.9549665599131067,-3.018162707279588,-2.9094184049220373,-3.1579061036429645,-3.037073979036093,-2.9933462675127753,-3.015208998700091,-3.010173946359692,-2.9577385365830438,-2.957738538461932
-2.9835182383643177,-2.9393666502872335,-2.946363434134259,-3.001132388307573,-2.9283313882377295,-3.146177633143948,-3.0409865058286383,-3.0006723729139573,-3.0331353306267976,-3.0268874436527833,-2.9790761338091807,-2.979076136052263
-2.8903066293477497,-2.894914883164846,-2.9242682764365657,-2.971866288269347,-2.845928010821748,-3.067659876385433,-2.979937507283558,-2.9839763808091724,-3.042867799798417,-3.0373408252597205,-2.968060551999942,-2.9680605544014558
-3.011305394079043,-2.984743239293386,-2.923508677417803,-2.9711444258094217,-2.8462887881007353,-3.0770331697895865,-2.9900365401015296,-2.9797989441622184,-3.053780190043774,-3.0479129017524826,-2.983340845256196,-2.9833408476779653
-3.007446639334786,-2.957624311369412,-2.9237473679030326,-2.9701310925407767,-2.8318823804038136,-3.0789728385195945,-2.993098660632598,-2.9750818674265425,-3.0615563221283595,-3.0552049161996857,-2.994805079451335,-2.9948050819216907
-3.1145016890458423,-3.087497586569655,-2.9367484364934686,-2.982189255236449,-2.840916243734376,-3.1143588345119877,-3.0257953905512847,-2.98493379918134,-3.0782937198776072,-3.0702877798217374,-3.023307344889154,-3.023307347369221
-3.1052635298895566,-3.0635851645593015,-2.9289280789457717,-2.966826597613694,-2.82955726030035,-3.0764164785933947,-3.0043543090119202,-2.9581875168603173,-3.0508881863645527,-3.0506119479952414,-3.0099927086697273,-3.0099927102837105
-3.1588225176713483,-3.114220368511041,-2.950537056932544,-2.987683870851123,-2.8674597897940823,-3.082439858643303,-3.047044365361191,-2.982347982536607,-3.0666344669742385,-3.0651108827048397,-3.0343317021291343,-3.0343317039078608
-3.1504939667841656,-3.1168900131326502,-2.959432172225897,-2.99133241266043,-2.827142004368065,-3.068622581545234,-3.0055904066222494,-2.9685089255021717,-3.053608083792577,-3.052671516379246,-3.0161041542633136,-3.016104156052956
-3.2570143524749158,-3.210510117529107,-2.983703954040554,-3.012269908759245,-2.864344380237792,-3.1208195832208983,-3.041456138351377,-2.98626351092962,-3.0698294781375592,-3.067405586664642,-3.038670277954318,-3.0386702799008867
-3.178449414831902,-3.1121114968827674,-3.0051127046685773,-3.030796220151307,-2.8508586444001227,-3.0677392030413175,-2.992718408668521,-2.9783246650862174,-3.0121888144117133,-3.0150520555769207,-2.9814967220569955,-2.98149672329793
-3.214571287794711,-3.158940020005347,-3.0291159225378386,-3.0492662664187686,-2.9216697851958444,-3.1168719559252187,-3.0361904314117325,-3.0082082833791297,-3.030973747562805,-3.0324594534108296,-3.005446286248842,-3.0054462877268016
-3.2695348355129963,-3.213255318865759,-3.0519180080288937,-3.0647157529982936,-2.966798672356272,-3.1504787704482933,-3.0823690424687142,-3.033438964629445,-3.0494286671295416,-3.0496437132976713,-3.0320183628443784,-3.032018364429285
-3.2310302362841776,-3.1615681727789555,-3.080782831794392,-3.0850974995539184,-3.020644940089538,-3.1754122432290637,-3.1051711886320756,-3.0493035153715273,-3.067521452176778,-3.066567544026828,-3.011448004195476,-3.011448007769909
-3.248865028961938,-3.1786898521444185,-3.096463833080577,-3.0885221077211873,-3.0754712066703602,-3.1770935177523736,-3.1197235082048596,-3.0638674229327547,-3.0823817275714775,-3.0796849486604287,-3.02869064124876,-3.028690645179653
-3.1660441331316145,-3.0947380127190396,-3.112254843285619,-3.096899592098733,-3.0272310465550003,-3.088578351582204,-3.020528719130742,-2.975280064373158,-3.021809347619478,-3.027526601471574,-2.9396241105947025,-2.9396241138078105
-3.0846988195540734,-3.0092899452492663,-3.121010568877085,-3.1048704947488766,-3.079595677041404,-3.085920699276987,-3.0439643351689907,-2.9882664762724795,-3.0392927472327806,-3.04303846644497,-2.9642046771270296,-2.9642046806015294
-3.2009483172452353,-3.1217878938155517,-3.1488052105303255,-3.1358852826711523,-3.1168778885156003,-3.084036381377831,-3.0601239011368784,-3.0195056404591862,-3.05644782382524,-3.05854960681273,-2.961721554090648,-2.9617215583356433
-3.192810643396931,-3.0960486395608013,-3.159745761841969,-3.146507029530164,-3.1476443503126967,-3.1073574121016296,-3.1012673657377023,-3.0300963534168246,-3.0737047514095903,-3.074231612310501,-2.9944741262875176,-2.9944741304846776
-3.249613275044134,-3.154200998614936,-3.176698395992236,-3.1641412200500945,-3.149532124747311,-3.138029436347962,-3.134743202039251,-3.0643773613678276,-3.086705247834981,-3.0864688590102514,-3.0231353389113362,-3.0231353429684695
-3.0951985384673693,-3.001093841112124,-3.1699591543545758,-3.1598663504520874,-2.935832941713938,-3.0242909007035883,-3.0020667753755896,-3.0582093569907265,-3.019242450355926,-3.024804476396729,-2.921975948281249,-2.92197595208114
-2.9907748968856787,-2.9277434720219184,-3.134429498554429,-3.137141995956306,-2.8618180476356025,-2.952933074562486,-2.9465077389143897,-3.0664937255873244,-3.002372836746912,-3.0107506957979506,-2.901792362434377,-2.9017923660280536
-3.0065613326479212,-2.932818997878786,-3.1287716234317906,-3.136199197448525,-2.925141295506928,-2.9732555914286554,-2.9959320155635014,-3.0799847027929315,-3.020603348407536,-3.026633619371159,-2.938252316356796,-2.9382523199323476
-3.04041239708977,-2.935782151880538,-3.135778786600731,-3.1427154412924865,-2.9781536342524677,-3.004269094060543,-3.042162862206259,-3.0960340298511957,-3.038952443154257,-3.042589334497986,-2.967833057387187,-2.9678330612246127
-3.090010591187269,-2.9805619889609822,-3.1716448267139317,-3.1802254039331737,-3.0504892208478687,-3.0589855298481075,-3.1073319402220196,-3.1297727479458053,-3.0543286908814533,-3.055516432199334,-2.9989389065522074,-2.998938910603341
-3.146746602774249,-3.0509200978718036,-3.1865705604287915,-3.1898721386360864,-3.0718139803412643,-3.0915785108827425,-3.1304463634716972,-3.145360015259757,-3.0667331526626804,-3.066017524528583,-3.02017010065187,-3.0201701048686496
-3.1740594977871623,-3.106764691525437,-3.190975570170002,-3.19029430584617,-3.1022696233823046,-3.1250989581070705,-3.1637535995414785,-3.147667893948551,-3.0802181952807755,-3.078713550441556,-3.0496279269132245,-3.0496279309623295
-3.198421053289311,-3.12115250614334,-3.1985119964508653,-3.19629685112984,-3.1057745291752092,-3.1493991604145486,-3.1595406618690345,-3.148308691886308,-3.0652178198474935,-3.0661912025996703,-3.051698922850309,-3.051698926279252
-3.2267968903160686,-3.1620130940654674,-3.208101209589189,-3.206302644697354,-3.1407366754506856,-3.190202165591074,-3.170576066215678,-3.1843050995160143,-3.0729470304314113,-3.0730447493681297,-3.0669425484811774,-3.066942552066906
-3.303169714359946,-3.233911230972155,-3.2102617747819235,-3.205061242636029,-3.1448428320692123,-3.215477845991299,-3.163799492530597,-3.1684300843220616,-3.083777245030235,-3.0827039100769094,-3.0821421262599396,-3.082142129894803
-3.2876347869141767,-3.2623571968230154,-3.2337685706239045,-3.224124573008024,-3.1715778772997347,-3.262238754794036,-3.1835531720508556,-3.17226729417535,-3.1005183368393103,-3.0978312430134043,-3.1117579910754114,-3.11175799474936
-3.2851434779757076,-3.270103928467977,-3.2508924816838127,-3.231704589998799,-3.127080387160409,-3.254255069359985,-3.161632793325764,-3.1775429354537152,-3.1081590555230036,-3.1045668027534994,-3.113487402085922,-3.113487406033286
-3.3455060570399104,-3.3425022847137758,-3.2519886388345887,-3.2297524398639115,-3.139140331334278,-3.2829376542081117,-3.200119098544521,-3.2135082495880316,-3.122446047602648,-3.1178283293069633,-3.131262176547019,-3.1312621806443577
-3.2874437756303294,-3.276220329815346,-3.224785573846007,-3.192064764084306,-3.0555893936301057,-3.226550322438725,-3.130941424284358,-3.1626474537882987,-3.0899854296469833,-3.090583788424885,-3.0973298570579724,-3.0973298598450274
-3.303352774873312,-3.2898347567742343,-3.2173042276454433,-3.178979285000019,-3.0710195414147683,-3.239110545438151,-3.1563677016750664,-3.168365921469967,-3.1047552944965595,-3.1041083458646943,-3.119633818729014,-3.1196338216086352
-3.2755081390026533,-3.2583321246425445,-3.2161813664896646,-3.1755440577077794,-3.0772331627431857,-3.243288178021964,-3.1588647079302183,-3.166972464865256,-3.117769024706873,-3.1154966163171967,-3.1301951146478877,-3.130195118007279
-3.2982079173691456,-3.3047837621718883,-3.223644812553495,-3.175850783350288,-3.0879562457618293,-3.2553410576564192,-3.17130798941912,-3.1776832419640257,-3.1327228561305263,-3.1289844771548454,-3.1538416921173518,-3.153841695613588
-3.3483392373651855,-3.3523327338523528,-3.2439636867084807,-3.1944500152613484,-3.119020664287166,-3.290157241329651,-3.198152765820775,-3.2156915572125127,-3.1424177362560384,-3.1382519852677344,-3.1747866367259348,-3.174786640222547
-3.3570564567415033,-3.358702694933399,-3.2657051306763085,-3.2160002524638793,-3.130743116956218,-3.3159732536898314,-3.2188735190239894,-3.2402028531084173,-3.155544825138067,-3.1504295164502016,-3.1973687874156473,-3.1973687909098123
-3.3711231044464776,-3.371785910574988,-3.2887082034185933,-3.2385746733326113,-3.151818840708845,-3.313705563498565,-3.2438212094471157,-3.2836717489435543,-3.1643747507727857,-3.157919100910589,-3.2049086507895748,-3.204908654762833
-3.332867003563039,-3.3382093829554753,-3.292544063478385,-3.2410574608327614,-3.15694008091244,-3.3168389648156786,-3.258740748792789,-3.3041898853893743,-3.172454764462983,-3.1652895015437723,-3.2182361190979876,-3.2182361231255863
-3.2845249443340547,-3.3031421238780165,-3.3102056633835035,-3.266246691250181,-3.1873286084083907,-3.334427169309895,-3.2852084390434344,-3.3620827520349112,-3.184219602044524,-3.176249727773949,-3.2249350788841467,-3.22493508356395
-3.372318670787011,-3.408681663548171,-3.3455770787311856,-3.312230479650468,-3.2364391548061535,-3.371079201790157,-3.333358255070537,-3.4083472267748474,-3.1961866252783153,-3.187855102620304,-3.245501678573841,-3.2455016832005334
-3.4020735470767667,-3.450040997147889,-3.3736233773983115,-3.3490303528186476,-3.211646729945077,-3.3784482683795307,-3.3399634787905224,-3.434905068477003,-3.205085659809161,-3.197675637054652,-3.2600265266397193,-3.2600265309328336
-3.449320769380828,-3.518462503040084,-3.4044897980001503,-3.3877027629797416,-3.239741937985744,-3.4029480704173363,-3.353462743384889,-3.45528368452851,-3.204801228629467,-3.198021753073428,-3.2606030062592324,-3.260603010371034
-3.4461573223181845,-3.4801503419264197,-3.4174750795987223,-3.397685158457667,-3.210115776268851,-3.360734243012816,-3.3140348699822764,-3.4269532365494046,-3.2162762782714145,-3.209026914362764,-3.218649690858004,-3.218649697134097
-3.3870618986606367,-3.426469689448349,-3.4283944686003816,-3.416396927838178,-3.262636860667095,-3.3924490768044997,-3.338267026279943,-3.4477210694089,-3.2207486853660816,-3.213559232192396,-3.2289150343378026,-3.228915040438473
15.0477337014547,20.197588343917058,22.43078772365805,21.639857024327732,7.051919643410567,20.846781059195735,15.904680150222458,22.960591555978176,4.913389997141583,4.533677950621408,6.54948918389379,6.549489597563033
-3.19195655553769,-3.2144690127652877,-3.334851048740768,-3.3218260556218855,-2.8924825503203824,-3.097557281744733,-2.973523812537479,-3.0551811999890046,-3.072071783313309,-3.054440782040281,-3.0732594922658922,-3.0732595021889386
-3.133437798045092,-3.1457979594976138,-3.258827953520196,-3.2512636331379996,-2.9717911846412832,-3.1369872680723137,-3.076580416026912,-3.124025808663232,-3.0923409482200723,-3.0740104179810928,-3.0897759724194778,-3.0897759824410347
-3.141846995793918,-3.171654223374565,-3.2113947676696655,-3.2138187701414584,-3.019393051100005,-3.175091671120548,-3.132647191679032,-3.165096944018832,-3.1067500290085577,-3.0884409104735187,-3.1120224837165833,-3.112022493729584
-3.1354537256705117,-3.1840004801593293,-3.192473743882089,-3.204357861115987,-3.069359823958871,-3.214671635384123,-3.2026017445389665,-3.2255256526434444,-3.1250772564512177,-3.1064063732838796,-3.1336004610907704,-3.1336004711794514
-3.0888398388733624,-3.142174283606923,-3.190111779045158,-3.206743797278312,-3.1073759609196863,-3.2463598660607524,-3.2473328643313284,-3.254804835129903,-3.1437009159293834,-3.1247136137317923,-3.1579319911345074,-3.157932001224225
-3.119958244635431,-3.194910807045919,-3.1893293312204234,-3.210023632533512,-3.1692236164693006,-3.287547196701457,-3.357787994329408,-3.305837359858433,-3.1634016226594803,-3.170923773426223,-3.193610663889368,-3.1936106663228303
-3.184867416699164,-3.261610358360058,-3.2180741440219713,-3.241779355760448,-3.2212918843636373,-3.3102991125387584,-3.3877946856200696,-3.362477454612493,-3.1767807190370756,-3.185653074046071,-3.2159354505207967,-3.2159354526358412
-3.1871878956244566,-3.2839294151238754,-3.254304031674777,-3.287037367641857,-3.3264862429664372,-3.354792052918076,-3.4418431085564336,-3.4570793589987296,-3.192958961385483,-3.201596106915155,-3.2320031923205543,-3.232003194506792
-3.278538002941588,-3.3897791291684927,-3.268495953187008,-3.296407353103909,-3.302242555466302,-3.3523998911891653,-3.433807819618994,-3.4562756125116194,-3.1987131500721655,-3.2073065300596806,-3.23431671945888,-3.2343167215375344
-3.2803398298623354,-3.366238005688296,-3.3090883123303905,-3.3374968156914373,-3.3399448118933783,-3.3761302895678242,-3.4492456610082574,-3.4705411898875047,-3.1910046589091143,-3.200285918497908,-3.2244384128970403,-3.2244384147068756
-3.2969021978628597,-3.390597950382444,-3.3278500541844704,-3.35385572610277,-3.368875395217874,-3.396045199265079,-3.4530052930359796,-3.4552685166633497,-3.2093652420883703,-3.218056995541869,-3.2380934640958614,-3.2380934663735195
-3.3457588889712415,-3.4055691192980975,-3.3536430465252076,-3.37735715251984,-3.3997656018909947,-3.4235828812198847,-3.460452709110168,-3.464245438562321,-3.224454291503614,-3.232813616471168,-3.2607108404445095,-3.2607108426663243
-3.3480098358598123,-3.4449451384012093,-3.3705310647527877,-3.3962783879970906,-3.3260276593357263,-3.417134980800546,-3.443335464680498,-3.3791654478411908,-3.2129558281446977,-3.2242225488711806,-3.257259874405681,-3.2572598758402216
-3.3739278560336614,-3.4570386312851777,-3.3979300204309766,-3.4204569438112298,-3.4019351518455077,-3.4712850550284116,-3.523668084110809,-3.407101957236483,-3.2299778518761726,-3.240906068162562,-3.2783707236393806,-3.278370725151859
-3.3809219774405053,-3.436887380000051,-3.410742982409132,-3.431629032093551,-3.422244557738626,-3.484433361793437,-3.5268351647535816,-3.4183776097111918,-3.2441485137532826,-3.254446631633939,-3.294087476086317,-3.294087477614149
-3.337535950822425,-3.40236169035352,-3.3994405319841694,-3.4071556455840972,-3.437119279768928,-3.453034546512656,-3.515631908117035,-3.4453163074781914,-3.26000097844313,-3.2689023844575527,-3.2827950170405886,-3.2827950196389875
-3.3722625926115204,-3.440412613742315,-3.4045679727192586,-3.410048227835037,-3.474095212499696,-3.465641436946762,-3.522492737324595,-3.445201552120649,-3.27220380986021,-3.280778944033942,-3.296557997365734,-3.296557999925343
-3.3460566472821487,-3.4078890145345975,-3.4016861050718368,-3.4099032968088627,-3.460267130785338,-3.4655739390486433,-3.522239943119321,-3.427212728111514,-3.2811233782010487,-3.289334089757169,-3.302617898185281,-3.302617900814354
-3.360073805284517,-3.417038651112523,-3.4082852240173804,-3.418047878760871,-3.492462533874523,-3.47940754129636,-3.554365555789122,-3.4566689413692275,-3.2969213659600194,-3.3047919673412247,-3.322090662841705,-3.3220906656635942
-3.3483592061135417,-3.3816172732071843,-3.412758897924686,-3.4207789103057378,-3.5074195780761057,-3.4886127890714627,-3.5807040698263872,-3.475104166717948,-3.313103996288552,-3.320319590709224,-3.341230964943414,-3.3412309679962107
-3.365034483889718,-3.4140619207126495,-3.406064078684898,-3.4174985369803297,-3.4920992413719825,-3.477954970790474,-3.5795508642903338,-3.466626584194191,-3.3290772162147855,-3.3358628766505807,-3.3597038503633176,-3.359703853449575
-3.3010293538246023,-3.351143109682867,-3.37752593980734,-3.3896340412095114,-3.3652637744782545,-3.3799185244994283,-3.456790734693783,-3.3604828399106634,-3.303197435549128,-3.316010647494302,-3.3221216677932808,-3.3221216691252895
-3.2220878990929545,-3.285579868088157,-3.3394331349354767,-3.353261060761217,-3.2753122795465517,-3.2972728597095493,-3.39460470654424,-3.297944435485219,-3.2868359492167727,-3.2985905477317656,-3.290721252751555,-3.2907212540200144
-3.218278873498037,-3.2409839949978907,-3.3176649312394075,-3.3395639402167143,-3.27893522672189,-3.2997802648670618,-3.4345705947570817,-3.343026490907002,-3.296653873561628,-3.307984252891885,-3.302226867356716,-3.302226868530956
-3.15762399053172,-3.172060905101981,-3.269962280908306,-3.2943171105747,-3.124174036680789,-3.2130060557866464,-3.3274831755958676,-3.2468215808594905,-3.2407637665384863,-3.253788250080935,-3.2375966632972446,-3.237596663806432
-3.2005885646030467,-3.2528629144205734,-3.2482312519900787,-3.276202176895357,-3.191552157725394,-3.248821091070365,-3.4257797145129265,-3.3241691661938217,-3.255705380930865,-3.2675272978235497,-3.2549564505395474,-3.254956451315141
-3.2160557968900654,-3.2534515787767138,-3.2746400087470726,-3.313348084769106,-3.258038668936829,-3.3121793547634906,-3.50589458561993,-3.3664996161402434,-3.2751883515183917,-3.3073538199280934,-3.3076529445302354,-3.3076529452580354
-3.1932948469357525,-3.2340828058456714,-3.28993267341106,-3.3288601870563372,-3.297681703377748,-3.3485280729292928,-3.5367174169565914,-3.405231624450291,-3.2909304464924802,-3.322202534819699,-3.3171721327283583,-3.3171721339477545
-3.2005484268914213,-3.266129428471765,-3.2930638004432744,-3.3351622789744595,-3.3053577294624485,-3.3688612651053456,-3.5308851707277222,-3.42179910914411,-3.301035633006333,-3.331826869710095,-3.3249543327783506,-3.3249543340311387
-3.238607248023465,-3.3077265137361738,-3.3018991652747567,-3.342420184969433,-3.3074153659463326,-3.3782684075490756,-3.51117311962554,-3.4077561911696392,-3.299616273936359,-3.331159931986271,-3.3271227259074054,-3.3271227268484695
-3.3024735228663866,-3.367314682377021,-3.3140826937330057,-3.347794405198009,-3.3538913441852083,-3.4019856862744504,-3.5259327773340816,-3.417118245358414,-3.3145908682748733,-3.3455116910500964,-3.3466054343566016,-3.346605435556236
-3.292219942458024,-3.352865743348062,-3.3399043949215144,-3.370292933046853,-3.399402676790098,-3.4327167089762884,-3.5550969165089126,-3.4244049133096306,-3.327636253720086,-3.3580783768278097,-3.3618783841246156,-3.361878385477678
-3.26749878645421,-3.342540656894867,-3.353097209944581,-3.3802218773071147,-3.408422533073093,-3.4449922433902724,-3.5378998862851145,-3.4185920887705983,-3.336770979517126,-3.366631046476627,-3.367566244318902,-3.3675662459329336
-3.398348873289658,-3.4539207771605067,-3.3791847577596306,-3.4045819186835047,-3.437672776577681,-3.4673618473063463,-3.5530943475244947,-3.4523137034637075,-3.349810590276676,-3.378843647447613,-3.3857845246373515,-3.385784526436754
-3.3416980914278356,-3.3973337760089994,-3.3751542722800836,-3.3941717643812392,-3.4429106729987504,-3.4656647198670516,-3.5086522463072853,-3.4656361878765884,-3.3592044237799468,-3.3887027385665176,-3.3936019068154013,-3.3936019087218403
-3.4031222068939515,-3.4337653254399427,-3.369546699169057,-3.379110057600726,-3.4707030581607934,-3.4612260676421265,-3.484874661091728,-3.486088829336671,-3.368550556325646,-3.3992894703394287,-3.414150599220189,-3.414150600816474
-3.400984076113061,-3.429627628722346,-3.3790992783595124,-3.387535946700458,-3.4630395873718287,-3.453705462143903,-3.473568114001843,-3.4795866653795713,-3.3826069446640283,-3.4127061351174603,-3.429958578143392,-3.429958580000182
-3.397510608824074,-3.4213916549775556,-3.425165375874403,-3.4397870818130087,-3.485365068022367,-3.4831302140578124,-3.510855520388472,-3.5137223121027823,-3.3846748653693646,-3.4139222905674997,-3.42713807096324,-3.427138072988204
-3.407677166244028,-3.4490086696979585,-3.444252388666852,-3.46220558623135,-3.4788144203798117,-3.4919315417939387,-3.502024122944014,-3.5104452565641773,-3.3979598287432253,-3.4268794423230786,-3.4455155931884285,-3.44551559518586
-3.4233477085632162,-3.4520315271977857,-3.4425753314731167,-3.4575050857378935,-3.462874401363788,-3.491298077775366,-3.483644257938193,-3.513932616300865,-3.3941337358658727,-3.4259805450677505,-3.454833466277961,-3.4548334676326045
-3.4030702899743654,-3.435206040629363,-3.442726750232233,-3.4727713459700214,-3.3756912716064145,-3.451237549003461,-3.4102360781831873,-3.4717139383118325,-3.3702452508039733,-3.4022771871495276,-3.412312864533596,-3.412312865696152
-3.4331329228592917,-3.4808544761163405,-3.439854713768198,-3.475549418636935,-3.41621572100887,-3.465024664260995,-3.451594125805604,-3.501547014289555,-3.3856311487260218,-3.4170365889285588,-3.429958017645016,-3.4299580189455394
-3.4103711495635807,-3.4585909530502112,-3.4318134179315662,-3.4702316267165534,-3.4073973658564674,-3.4637165550673648,-3.4399237847956865,-3.525679091385574,-3.3909322442482286,-3.421710884110166,-3.435719668795712,-3.4357196701166295
-3.3887680706918695,-3.4374740885843833,-3.4258292942782003,-3.46830437387312,-3.3706447827663766,-3.4599409170901976,-3.44797256540704,-3.5298343504665444,-3.388098238418938,-3.4208453236493135,-3.43758759819669,-3.437587599046822
-3.3541346320891963,-3.414303667189807,-3.420503741452792,-3.4580871522490653,-3.3755051105998497,-3.462666781715738,-3.4530779738787407,-3.5429310598827586,-3.388680706405115,-3.4230630833833864,-3.4458456878974464,-3.4458456882018247
-3.3874171182583113,-3.431738999807031,-3.4004155866621955,-3.42446171640991,-3.342364220577075,-3.4206557099510864,-3.4393124810940043,-3.5437085300361155,-3.361429210302911,-3.4015907954663036,-3.4271131557702663,-3.4271131546611384
-3.2979215738837873,-3.374946767847976,-3.390509669067556,-3.409315877033516,-3.360022443795973,-3.413824674944271,-3.436962970142148,-3.558852090741361,-3.370126495096794,-3.409104774273304,-3.440166018507825,-3.4401660175284787
-3.273296902049935,-3.2974170608213864,-3.382410399241646,-3.393208683299693,-3.37027322734878,-3.4130146148809266,-3.459388102666011,-3.5620869305472933,-3.3713331034018874,-3.4125453178583123,-3.4511939175001403,-3.4511939161602756
3.517434719741553,4.758013742015537,14.744574196702796,15.865344916342249,9.742732371371565,16.877121773616473,21.829245074013045,29.98257280582757,13.382105312145004,17.447385017018725,21.03521804523115,21.035217941279626
-2.9844202383986924,-3.048800203864577,-3.24428566866456,-3.269878886364091,-2.891527999132724,-3.1214151630644853,-3.0731258187137938,-2.932865417881131,-3.1681662863123097,-3.2034285612660405,-3.213223293750745,-3.2132232881727067
-2.8564321441345024,-2.9120224223127265,-3.107748742159137,-3.13527638052758,-2.96743929959674,-3.1139442752630178,-3.107875407408544,-3.038865228589855,-3.1677253673723436,-3.207533677174282,-3.2225055047394244,-3.222505498843421
-2.754304518324607,-2.7891029698772387,-3.036861548371962,-3.0682979446559706,-3.0068228582593965,-3.1262914983250085,-3.1430995895858675,-3.1155697888499225,-3.1846569029325105,-3.2224442106276023,-3.2418692300231977,-3.2418692244231027
-2.80756186102172,-2.8948229410016504,-3.0128153022380104,-3.0497756478183464,-3.049429649673441,-3.162745051569462,-3.193029965820224,-3.208597104435581,-3.2057274751402054,-3.2424458616611322,-3.265488215422389,-3.2654882101022156
-2.7971129684404406,-2.797004321576021,-2.991848803078662,-3.027677337562539,-3.0469526989319338,-3.136810363009909,-3.1723856559781556,-3.189471109775913,-3.2018222857266565,-3.23483844688484,-3.2502209502035315,-3.2502209456809292
-2.78879286847877,-2.816804203196529,-3.0106460597962155,-3.0553614478598528,-3.1122903040655903,-3.178503692953221,-3.238798930513384,-3.299554862675715,-3.2232741174548236,-3.254319615788677,-3.272811925531244,-3.272811921440821
-2.8118973196870245,-2.8713813939307835,-3.014442214502423,-3.0640626318330666,-3.2116714794459797,-3.1895817415886167,-3.299114677969359,-3.387680304941761,-3.241690414255438,-3.274200297758986,-3.291653296540126,-3.2916532927536655
-2.9125946970171444,-2.9626583794170394,-3.0389680190731942,-3.0872682129161664,-3.2019217733638667,-3.139194285802165,-3.197942584066186,-3.357883799400497,-3.2445004932710764,-3.283028701788295,-3.2934062307517458,-3.29340622677068
-2.913931517857167,-2.9964130233845574,-3.080228418297659,-3.136020307535998,-3.2811806026382984,-3.18817477928785,-3.233995377540123,-3.397919278495383,-3.2657000289462266,-3.302988225629802,-3.314577091071388,-3.314577087354926
-3.0291776980875476,-3.0560402308186307,-3.105035906151018,-3.1719016044974575,-3.211889984561826,-3.1541166473134177,-3.194245164767428,-3.2079751998415893,-3.187196911971629,-3.2322753469364995,-3.2162366770577706,-3.2162366725895697
-3.0236078321404483,-3.042666252102195,-3.143406693885885,-3.2231972236261877,-3.2698311664709063,-3.195110756852436,-3.2759063850889865,-3.3013656964362745,-3.2096013800590857,-3.2523388270456834,-3.2440565789058877,-3.244056574576597
-3.0476873680100924,-3.0356385175706104,-3.175983531148364,-3.2666530311498607,-3.2964367245029047,-3.2285489413628787,-3.3228807209288824,-3.3876561998596255,-3.232527704030319,-3.2729574559095536,-3.2644337019545913,-3.2644336977469397
-2.999890506598674,-2.988587774567472,-3.2024888459629666,-3.3005784880563263,-3.2773205592740666,-3.255376399641265,-3.3591117341458805,-3.4048017072622585,-3.2456477569673856,-3.28486550735104,-3.2799612422484477,-3.2799612381388563
-3.0529393396763957,-3.0507323121563146,-3.237281167543812,-3.337163999541138,-3.220910268248242,-3.258196466797757,-3.340600240382127,-3.3386018850099144,-3.2351655690364485,-3.273402448708421,-3.2587411431502393,-3.2587411393567676
-3.1526086054922597,-3.145158708149126,-3.2566390764257562,-3.347644672939131,-3.2143871042484884,-3.273734879879142,-3.341262934793427,-3.358522563082562,-3.254972485497876,-3.2909090942853894,-3.2741999247808202,-3.274199921253614
-3.236691676938118,-3.229419310739677,-3.28294314610124,-3.371404962835594,-3.225583460780018,-3.3068901165479234,-3.3589721361968796,-3.3844874048104208,-3.273576133872924,-3.307278938321856,-3.3006158435020225,-3.300615840120783
-3.274932783150279,-3.244470747122757,-3.2965467890829823,-3.3825393162127595,-3.232780382833238,-3.3336177237632247,-3.374442875162166,-3.3996256173041846,-3.292610963094358,-3.3244274316964555,-3.3279458719732893,-3.3279458687151373
-3.2883223739223912,-3.2919464174033095,-3.287084578605512,-3.3561506038446227,-3.1778220071665517,-3.3322832631084074,-3.323465529426872,-3.3422871649539045,-3.289360748778402,-3.3071367108249117,-3.335075676202029,-3.3350756726023603
-3.304901567656771,-3.2875361013789695,-3.2710810081266612,-3.3355377916098505,-3.1580034687500307,-3.3224693117454516,-3.304796183796216,-3.3076698446031347,-3.2932285434427184,-3.3114972565381704,-3.3154658102453802,-3.315465807528725
-3.190256368036554,-3.210859072474079,-3.2397576465364306,-3.284848334426648,-3.0857752819058213,-3.289702723478654,-3.2251222247952263,-3.2179684712657206,-3.2710993913732453,-3.2646673099119132,-3.2930293788171316,-3.293029375877873
-3.145016964643349,-3.173106953172083,-3.226088315451218,-3.2618316163982626,-3.1280034046665595,-3.3293389989739044,-3.253328114723736,-3.2652200924695567,-3.2901250864202196,-3.2837533414050264,-3.3188782070521543,-3.3188782042379428
-3.155382703925825,-3.1440132973358623,-3.1763104171759657,-3.2050695918908185,-3.1731594730861286,-3.300193310355221,-3.2669431700569334,-3.2859792702640096,-3.273543766164232,-3.2762952779315615,-3.3131217414354475,-3.313121737878711
-3.2229888703470078,-3.209889312747957,-3.1817914220232284,-3.209653893448665,-3.2217024864435686,-3.3162233918702486,-3.3066997485748493,-3.319835109279424,-3.2878901768283844,-3.290471446292643,-3.3303024828753385,-3.3303024795124094
-3.198330159588769,-3.1668309608390137,-3.193767189444511,-3.224274043211141,-3.171365169511125,-3.270917419236815,-3.2843563250215793,-3.186814926276303,-3.2642798966669693,-3.2662357735269363,-3.27084690477459,-3.270846902209225
-3.164729461008651,-3.1637666124308312,-3.2133443741474284,-3.2412950749931833,-3.1891384093597326,-3.2771329427587785,-3.280175734116769,-3.2427505928471136,-3.2852038578935407,-3.2861495979527184,-3.272997673797196,-3.2729976717773326
-3.263304979462928,-3.210435657721666,-3.2758409896612357,-3.30770183397753,-3.244099442831052,-3.298533644609795,-3.3078024591261674,-3.290536865750627,-3.2943648439666733,-3.2934689215421162,-3.276174282532202,-3.2761742809947303
-3.2919129987951488,-3.2588906271204614,-3.3046617107626783,-3.3350385955879847,-3.2509588275931494,-3.3203655811891566,-3.304546134856383,-3.3049305913042124,-3.30478576771275,-3.2882124907530916,-3.2972158085366905,-3.2972158069294437
-3.2212622458616726,-3.20823567533746,-3.3225960518795308,-3.3521945106880087,-3.2673322806915666,-3.3502279356266804,-3.302686437631294,-3.324742760112084,-3.3248026214315987,-3.308555329838047,-3.31726395862212,-3.3172639572359914
-3.3728511040731965,-3.3507116814951536,-3.3224414379777243,-3.360529337298274,-3.272748889808483,-3.371280726435736,-3.3206661194101206,-3.3211486126642233,-3.3441729214233082,-3.328116947168464,-3.3322516694341773,-3.3322516684456387
-3.308007272652462,-3.297069569356374,-3.292711351304539,-3.3271094570205055,-3.2058008453121394,-3.3540757653285134,-3.2573222767152035,-3.273988571387216,-3.333192699524186,-3.2700339320663483,-3.3336923060437824,-3.333692304605618
-3.189252701479962,-3.160795077769052,-3.2618542399571107,-3.2953489921980728,-3.1872732484400297,-3.353820202568787,-3.2582165839629145,-3.247562876859556,-3.3439043609001464,-3.2840101273571385,-3.3298798405030756,-3.3298798393302653
-3.2785383624747335,-3.2633550401683915,-3.2549933044766868,-3.2966096745591456,-3.2355161496718043,-3.3809510099063536,-3.331492925600492,-3.278329614004997,-3.356865999272615,-3.3013494879372507,-3.3400129531231477,-3.3400129523920326
-3.2590972320052805,-3.258133605350746,-3.2466393016467783,-3.290355065865183,-3.2633710715618607,-3.391136105436418,-3.3945605532945313,-3.2893415979860294,-3.372882830762384,-3.3189666313632857,-3.347426561749552,-3.3474265613914427
-3.251081933845143,-3.2547480555695136,-3.2582439587608754,-3.3032295292521985,-3.3021079876160524,-3.418641899040442,-3.460820770520219,-3.303069254411083,-3.384649676052826,-3.3347500684785567,-3.368276399254009,-3.3682763989406714
-3.3111002633264093,-3.2985364236757357,-3.266409844340464,-3.308826640782816,-3.3191741166137794,-3.425485127291782,-3.4886084854137325,-3.3096108151792825,-3.394567556574164,-3.349136874588606,-3.3877729775841168,-3.387772977100528
-3.328297337547203,-3.344712342129599,-3.273260837410141,-3.307067718612377,-3.2406127688987114,-3.380490500447726,-3.4118089316347193,-3.2371812555012296,-3.367024604971953,-3.330760805030682,-3.339059247363381,-3.3390592465361846
-3.3482509136120653,-3.3572677813295053,-3.2869481305667105,-3.313232262883409,-3.2374845915617314,-3.3924973744393387,-3.4391004656161996,-3.241095809199126,-3.378700513308018,-3.3451618527262568,-3.3573861629887936,-3.357386162059338
-3.2849358915404463,-3.311604702720267,-3.3020258353508574,-3.3205308312877277,-3.2512735455854447,-3.417182368849161,-3.462092081333797,-3.250514559143382,-3.3955381704213057,-3.3628094649350304,-3.37659754208866,-3.37659754143351
-3.342174035263633,-3.3526144165346072,-3.3146465042236644,-3.32897723888077,-3.235212913451149,-3.420452501757343,-3.4435377766538755,-3.2399783558013975,-3.3804467285531947,-3.3538346376501105,-3.364393375236091,-3.3643933741873266
-3.360212594443321,-3.3582459499004864,-3.330442997724262,-3.3419381726683786,-3.259419415075863,-3.4456669240319595,-3.448754621315783,-3.2507596700401313,-3.385336312431373,-3.36111968909635,-3.3763139852104347,-3.3763139840852725
-3.4091524693242636,-3.4150522713769154,-3.3479681793449307,-3.3622003480271094,-3.269428801478899,-3.4658367383838202,-3.4266082477871294,-3.2818525072484706,-3.401309060252242,-3.377995883622931,-3.3819409577489097,-3.381940957428222
-3.38786875469063,-3.407737560458308,-3.361969027067551,-3.372984047280323,-3.2884352573301667,-3.4875681384923896,-3.436721237335588,-3.3068775263005783,-3.417993403819856,-3.3951427343943825,-3.402256023191407,-3.402256023061272
-3.4152296204853707,-3.422643423633525,-3.3818129057008677,-3.3907563648036008,-3.304761840881177,-3.5100810064888335,-3.444035972206045,-3.333730051688756,-3.4342583715987174,-3.411912794841336,-3.4204111937191026,-3.4204111937776576
-3.4700373613135644,-3.4888848372412955,-3.388729022010319,-3.394286499128549,-3.338331131204679,-3.5017483559204576,-3.457828284059177,-3.350495585596925,-3.4471657979324988,-3.4245525087354656,-3.4318009337276303,-3.43180093425916
-3.4277202834664697,-3.455075804415957,-3.3911737577039087,-3.403952168207946,-3.322702470753195,-3.4847133939743493,-3.402880328211203,-3.340939985486018,-3.45841253411426,-3.4367237529962424,-3.4245991559939943,-3.424599157065425
-3.4079686841848975,-3.4662997974461924,-3.38933268357345,-3.405589500434225,-3.3087236483867164,-3.4872549623588287,-3.383221178677334,-3.33423157752332,-3.466685184299321,-3.4465408471165175,-3.441138539248727,-3.441138540249082
-3.350064008242674,-3.401084994110946,-3.3790320848085798,-3.398955383386318,-3.2320259497007573,-3.457040501676017,-3.339395613715137,-3.2852491114369453,-3.4376662847927415,-3.406045330402006,-3.4136941658015783,-3.4136941662232374
-3.273657400069756,-3.3586178125132533,-3.3682242719638418,-3.3866148039250077,-3.2551976506787517,-3.4674556812830923,-3.326431297101003,-3.3039559580724625,-3.453521361021103,-3.422743083508794,-3.427351492019458,-3.427351492669218
-3.3453760460523134,-3.412419476254744,-3.3767907653847233,-3.4024520747086378,-3.2744856959634996,-3.4838207669303647,-3.340670031972959,-3.317307127578249,-3.4711062896494296,-3.461210472669389,-3.462997991015759,-3.462997992516659
-3.256071277681505,-3.315259201531874,-3.3773435878301874,-3.41456597226939,-3.3059837409507216,-3.493281892774508,-3.3949086489480678,-3.3517230910158213,-3.4497811676102432,-3.447759707653095,-3.457920496616186,-3.4579204973824
-3.314931772026275,-3.3516736391458806,-3.354809546774,-3.383332982643554,-3.3012982911298696,-3.464400164049786,-3.4015039241952802,-3.3425755882985,-3.418382890896796,-3.427642174132204,-3.4387351409132734,-3.4387351405671316
-3.283159661226538,-3.3002961701518405,-3.35598930594698,-3.3803328502185837,-3.3488390032292465,-3.4774339172339537,-3.446547143755513,-3.375473182612243,-3.4306960212190507,-3.4409333015317127,-3.460243477831261,-3.4602434774540076
-3.305507697133839,-3.3393763083545465,-3.3630855122127876,-3.385915464401727,-3.3489582491334065,-3.489947302777955,-3.46080616638073,-3.388975454213859,-3.44344690494492,-3.453637836459684,-3.473122992284954,-3.473122992074341
-3.274217481518927,-3.310197621599581,-3.3650651656753965,-3.3904824393186273,-3.3524473708678713,-3.4942150798675127,-3.4694933885983428,-3.3814281364111407,-3.4523696450744397,-3.462440827981123,-3.4700218968232504,-3.47002189725744
-3.220999298321614,-3.265188203831132,-3.416851378466466,-3.447013213285506,-3.372549429653219,-3.454539274173019,-3.42824952877661,-3.4467797257971777,-3.4613841247408086,-3.475407293841168,-3.458913630539676,-3.4589136312915834
-3.3280322783966527,-3.366600929690358,-3.4460618286978937,-3.4889849670170934,-3.4219693153097106,-3.473667313489697,-3.454750577793316,-3.4761452638654022,-3.475346252050845,-3.4896544829797134,-3.4805609401063755,-3.4805609408013316
-3.3595557905623945,-3.39428010328416,-3.462505989104048,-3.52036392542076,-3.417741230150003,-3.4888596529422102,-3.45489229061823,-3.4798819051898526,-3.4901887165452066,-3.504612759394269,-3.4923055410858694,-3.4923055424131997
-3.3905377007802118,-3.430345394526697,-3.4792479563019345,-3.549346464806716,-3.419308975027178,-3.514010015275816,-3.4637032319792422,-3.4935900538397338,-3.501500139644614,-3.515933192584065,-3.5098973598199787,-3.509897361171264
-3.3813468608540274,-3.3659849157755835,-3.455215268370081,-3.5193950900990405,-3.4449669678420602,-3.4802529320914877,-3.4975983692856856,-3.4872339038012075,-3.501244935249806,-3.5210339431808664,-3.5121727218404484,-3.512172723613442
-3.31995501912399,-3.307739851111659,-3.4372849782090547,-3.510375037535594,-3.4481957618504073,-3.469440118153797,-3.4977618244118713,-3.4705021042325646,-3.5163018345950325,-3.5356041350381187,-3.518779363685789,-3.5187793659244537
-3.329385048666802,-3.3088416609926656,-3.404875199169551,-3.478754586487245,-3.29869998560958,-3.4152339612843585,-3.4215771616495796,-3.3634918896398567,-3.477648932319437,-3.4938401805087778,-3.4911533246862803,-3.491153325703798
-3.324368609381686,-3.31854283005935,-3.413872170247597,-3.490814875985153,-3.2812693372182884,-3.41986207498848,-3.4498213318289292,-3.36206537210727,-3.4366517622744914,-3.4582748178768266,-3.4458034717123596,-3.4458034719477286
-3.3089372386341984,-3.272516399000637,-3.4176459878638252,-3.487244163597313,-3.3199067507800395,-3.444395219848012,-3.4909650313621707,-3.4030150116444036,-3.439219287717093,-3.4630224721353264,-3.451037444253092,-3.451037444727139
-3.3631421678266133,-3.3055341217707883,-3.408154955665138,-3.466512248945904,-3.329771942691792,-3.4168720390878042,-3.4716553257752567,-3.4091196764386114,-3.439356412641549,-3.4667922457072917,-3.4619488338524924,-3.461948833776173
-3.3627462821830574,-3.314022372431522,-3.422630356745504,-3.4783388690473545,-3.3591273905146344,-3.4305895052583675,-3.4859587851315434,-3.4508948351160056,-3.4543378631519763,-3.480547846586541,-3.4653788354010864,-3.4653788359840387
-3.37880254177259,-3.3044006114651316,-3.4292463420815866,-3.4791348359673697,-3.351635294244871,-3.4344423683970824,-3.4615302063249738,-3.4539649273650035,-3.470166868936326,-3.4949910455221547,-3.4772252683911287,-3.477225269464866
-3.302721356397554,-3.2310209557157767,-3.4050287727278925,-3.458625049617698,-3.305321132721107,-3.4118930194052766,-3.421434006953989,-3.33006251480713,-3.4708469345043107,-3.4967219768773576,-3.444295155151689,-3.4442951575917187
-3.3205954162167384,-3.2864442304914525,-3.4042165333844903,-3.457974420482779,-3.2813038056047477,-3.396951700465677,-3.387863711318584,-3.3532163941590243,-3.4557476438731793,-3.4816825780230825,-3.42158464990459,-3.4215846524649223
-3.2151503005221587,-3.1710418084940355,-3.333394154282343,-3.368361073012031,-3.2176824686430883,-3.282430834558441,-3.2514303304736893,-3.227866012088369,-3.4399120923709514,-3.4713023849310414,-3.3733869242815495,-3.3733869265705967
-3.213897719067128,-3.157163335734532,-3.305249316061393,-3.3444359839469886,-3.3326371643381347,-3.290471410176057,-3.2942656519547864,-3.325550810359598,-3.553933241905559,-3.5617117036616186,-3.451066003178917,-3.451066008711458
-3.186817296861749,-3.0770469012155472,-3.2627070496684683,-3.3116794396777673,-3.3535609330375387,-3.280903378722603,-3.308707391356957,-3.3325050665823492,-3.567238004161046,-3.572853437119748,-3.4666383271117356,-3.4666383327563657
-3.2232077857009456,-3.10413561624,-3.233149310039479,-3.286104471337938,-3.3509809651611797,-3.2731383413800823,-3.312679169813296,-3.3370484370805293,-3.565676964865074,-3.5729904861199557,-3.4706428971319285,-3.470642902761426
-3.2059640769872604,-3.079076998013975,-3.212402035154873,-3.2695326165866465,-3.362170790236304,-3.2709818413300487,-3.323648708332052,-3.355375931443616,-3.579368590554161,-3.584338211060902,-3.4907577658220226,-3.4907577716080147
-3.280546813133044,-3.130922470193117,-3.210687779568488,-3.271568253061695,-3.349427372383026,-3.2883651760497346,-3.3324714977445318,-3.3506341636415296,-3.565280823113173,-3.5717904757655825,-3.489840649738951,-3.4898406552048002
-3.2424363634435514,-3.081734278903546,-3.174811785209533,-3.225771573150533,-3.2997359650768527,-3.221592078498317,-3.2883408542749897,-3.273864403372,-3.531274229695744,-3.548627609420332,-3.4736666083761176,-3.473666612244074
-3.3023678592796903,-3.1348147999164584,-3.1770673872986626,-3.2322355437817976,-3.326240659258598,-3.222731444967258,-3.3101688335324013,-3.3151270113369025,-1.988306680238992,-0.7477622967451096,-3.4704109040894373,-3.4704109086443724
-3.0125513772850576,-2.9278452435973046,-3.25575413704431,-3.307788817859601,-3.1104382968829283,-3.0974844477061354,-3.0417792733450018,-3.192918538835613,-3.4640663540672265,-3.4978082251836717,-3.399180851330741,-3.3991808555485004
-2.890292889597651,-2.835776941607265,-3.2896158376263362,-3.368849928935613,-3.1570231531014765,-3.099959698957839,-3.057680522516094,-3.1578596873287683,-3.466005151367597,-3.4972322898389914,-3.375203866577408,-3.3752038719940973
-2.958442902155891,-2.9047579150991885,-3.237897831228305,-3.325697754310152,-3.2310158630850636,-3.061947017462015,-3.0372611222476595,-3.1673609750493483,-3.460402706162979,-3.4938439961569046,-3.373826627967284,-3.373826633082848
-2.9922745047666104,-2.918622984398363,-3.2396646971479592,-3.3458450659093515,-3.292287870597466,-3.0667039796401268,-3.062153997337175,-3.19971179156722,-3.465636820402084,-3.4520647952318653,-3.3832670733038883,-3.383267078433057
-2.9583681364192134,-2.8924397548750473,-3.211726972530867,-3.3286336325038492,-3.0735012321488817,-2.9940711783156058,-2.970532041756633,-3.0506355081366334,-3.365971400581932,-3.3967890187788194,-3.331205585504904,-3.3312055886780847
-2.915500150602298,-2.8591382173575295,-3.186469967841462,-3.3088038843568954,-3.1495662462529115,-3.0240207065132,-3.034052904075422,-3.1448490038106884,-3.3639961522128328,-3.3938370887546654,-3.3474067702211525,-3.347406773266003
-2.9392272201009053,-2.908646099181989,-3.1713484958772344,-3.2958328562947194,-3.209406936975457,-3.055894303987899,-3.1021445113132184,-3.2043050633519137,-3.3749760232729162,-3.4017475082031554,-3.3702721112582164,-3.370272114260792
-2.96747094042075,-2.8875425753258512,-3.151337459354078,-3.271489894638286,-3.1588386417379035,-3.0740576410240594,-3.116195190204827,-3.1963164007157805,-3.366316642556605,-3.3899585313255653,-3.370960661527171,-3.3709606641230203
-3.110355989588844,-2.975136140091715,-3.1513075400765116,-3.2691860425604737,-3.170802195014366,-3.112184891682785,-3.162062221459853,-3.2252033810401337,1.4691458439062646,2.987600307843549,3.1026132748483963,3.1026134743230207
-2.978069566618569,-2.8757225437820644,-3.073202988952443,-3.1619599394298574,-2.9439121525266376,-3.0142295830791874,-2.996389834068995,-2.9914045894044325,-3.212732165441089,-3.2707105262785268,-3.271671419502969,-3.2716714166357126
-2.9357133297519633,-2.8519057120609452,-3.0432704673079423,-3.1145107880458016,-3.0202926426835948,-3.0510772534544026,-3.0372097387912236,-3.0702643984857843,-3.231336827715228,-3.2833977980317535,-3.2859818081556753,-3.285981805756079
-2.907165404577994,-2.8215128219119148,-3.0360309516915196,-3.0983933208313545,-3.0755484301613607,-3.089551102511798,-3.0822726657825545,-3.144132986004321,-3.24552754055264,-3.2949172226136434,-3.3062912115711116,-3.3062912091579304
-3.0382607012211604,-2.949207111424985,-3.041442669032125,-3.107424798308719,-3.113227459742779,-3.094869577974527,-3.1030560551463764,-3.1031166288326117,-3.202012662456535,-3.254253672098998,-3.26311045901545,-3.2631104558687776
-3.0351547919696165,-2.9268127890496616,-3.0703913730337025,-3.1377372037218847,-3.1863052261970455,-3.1461900705945918,-3.170260607536493,-3.1669657635391006,-3.2227009240355233,-3.270115257597851,-3.2859293230680695,-3.2859293201266677
-3.0742977044278024,-3.025780036858574,-3.102219528129511,-3.175219932411756,-3.237980731443341,-3.181445720256228,-3.2298542454826946,-3.2238296298062554,-3.2373265777540103,-3.2817213489119146,-3.309513730034336,-3.3095137270691577
-3.0303207786544544,-2.9897628462499273,-3.1123098457069966,-3.1842853737726937,-3.245193858487161,-3.1668596618680973,-3.219258719828196,-3.2345082506127185,-3.245550850746245,-3.283869417404702,-3.308229829904783,-3.30822982752417
-3.144391627259879,-3.0513134466105805,-3.1280162231113815,-3.2092110173815205,-3.25945510106114,-3.1890483450776634,-3.248388552944748,-3.273655381356416,-3.266907655257746,-3.30143495414647,-3.331919808807416,-3.331919806566469
-3.1622705298588176,-3.0714975287396125,-3.1491524463734835,-3.2439104437853503,-3.2653093538000313,-3.2117202818272417,-3.281087910422833,-3.3046885740492877,-3.2817089051450434,-3.3138672234787503,-3.3532767628062787,-3.353276760557176
-3.1522078644871208,-3.114899267956932,-3.157516260426603,-3.250637819887837,-3.2183031000937348,-3.230701325092187,-3.270015129353202,-3.299402825328504,-3.2899006727817315,-3.3175574407945847,-3.3675682105257545,-3.367568208194061
-3.2061063292826435,-3.1208146653535827,-3.168603686020652,-3.250393078708632,-3.2102252480411133,-3.2453338948688586,-3.261891238985103,-3.297591121770516,-3.3097967104303088,-3.333949126520268,-3.3598085845300245,-3.359808583524131
-3.2295628364303095,-3.1819415016258956,-3.173608137202163,-3.252182916434606,-3.081974930600338,-3.178745730069251,-3.1441897082510115,-3.0095619951656714,-3.1821036766533384,-3.2176533605953113,-3.2054761108892746,-3.2054761076903397
-3.142133764869472,-3.0744947043232176,-3.227143566665566,-3.2961685852583007,-3.2166104108872595,-3.2210062381347546,-3.174979197005075,-3.0849829720377695,-3.2019820447341507,-3.2324623566722437,-3.1948546478649327,-3.1948546454387303
-3.2271325727464895,-3.1194481850119535,-3.275621139266635,-3.343043780893537,-3.304889873961702,-3.2636237541984454,-3.2376327783143877,-3.1304898298327153,-3.215558944794119,-3.2437234261324983,-3.22035155359582,-3.2203515511709506
-3.284040526983985,-3.113702768332624,-3.339318264621517,-3.404278360108751,-3.267486553394893,-3.2522056147560425,-3.1977948954382147,-3.0695224518859114,-3.137064120052695,-3.166762986791481,-3.099019196327622,-3.09901919373601
-3.303819860096617,-3.1488712836877086,-3.307293067913701,-3.3715802003114193,-3.2871755667210834,-3.227181422603635,-3.126258736877257,-3.007358863233945,-3.0909187512377443,-3.1250108994727377,-2.9784567605353978,-2.9784567589111965
-3.1719025374557765,-3.08465249412414,-3.2953027665043173,-3.3626440300176825,-3.395004617823458,-3.2662330689980283,-3.157839916664683,-3.0217134421415377,-3.09694327186259,-3.1280614899738453,-2.9999975602633864,-2.9999975587271273
-2.9464506607370216,-2.860354348665828,-3.250196170131481,-3.326371558908808,-3.1733543279971546,-3.186552217259576,-3.0474599130618447,-2.9899903259462155,-3.0322180630807645,-3.0627592218369397,-2.894489580416379,-2.894489579675696
-2.976583359961235,-2.8822756134604695,-3.221537280183204,-3.2908878151083645,-3.184441455879373,-3.184965708523054,-3.0341643333025443,-3.0202801155709977,-3.017781441310149,-3.0462972119644,-2.8977999332536255,-2.8977999325435153
-2.9891701843537564,-2.8893546178075824,-3.1686118112326875,-3.2294942090750225,-3.1364103944601487,-3.16152809004607,-2.966570180160157,-3.0055647145886923,-2.979589047472711,-3.0072870949753536,-2.8491288374479993,-2.8491288367871506
-2.9372705842038083,-2.8527341737339027,-3.1776078915346115,-3.243444014018482,-3.2244744742471196,-3.213623408753684,-2.99992774777047,-3.022835188431583,-3.003796579133271,-3.027912727083244,-2.886061362175175,-2.886061361612608
-2.906228708736659,-2.824495858910849,-3.1994754231478506,-3.2818942012859678,-3.022049289317554,-3.126626990084481,-2.945164292916018,-3.0182867848641592,-2.9853028299829765,-3.010780155169839,-2.880989724806436,-2.880989723954332
-3.0344969579626198,-2.918018728581028,-3.2197422284491184,-3.3200579875299314,-3.089581763939261,-3.16684687853756,-3.010624403331056,-3.0332453643964077,-3.008112500174919,-3.0307803897127332,-2.917576984134302,-2.917576983392665
-3.05435134630759,-2.902872471946403,-3.2333082527418107,-3.325957851678461,-3.153911157688624,-3.19506214175543,-3.0612905567120716,-3.04907609312689,-3.0334275334451797,-3.0527466584928993,-2.9490406638609556,-2.949040663680508
-2.965104465855751,-2.855182001005725,-3.333539243436697,-3.3899928220916298,-3.2121660284960214,-3.1815430092761474,-3.0617785266617052,-3.1023881684097865,-3.053183561122113,-3.072522331073631,-2.9813554431173017,-2.9813554433093525
23.789199554036948,24.965354515639884,27.700118072551327,33.59521946998615,12.11600548864555,9.150169442746083,-0.22553170327478922,3.343993880403321,-0.4073670300232686,1.3388740208048682,-2.964870848871028,-2.964870849588902
-3.266155985447936,-3.280403760238626,-3.24799902021425,-3.289846043818513,-2.7174079200184775,-2.8732931510937916,-2.7645109133812222,-3.010276313546475,-2.9292998482115173,-2.9470372618799074,-2.8553580499976885,-2.8553580491709227
-3.26691799901697,-3.2792742850892838,-3.2014719655139454,-3.251439697632306,-2.7721888939935324,-2.8604033756099643,-2.7847805411215036,-2.998102360298652,-2.921259492548587,-2.9369330357391634,-2.8625924726058516,-2.8625924716078313
-3.272604120083119,-3.282123357538194,-3.166552006258992,-3.221007686247384,-2.8475041203551306,-2.843637145742487,-2.8300768085223558,-3.0079253748878396,-2.9380780324872804,-2.9485165120863472,-2.885428241365287,-2.885428240817071
-3.2792156467880678,-3.287875583406953,-3.1756734809727893,-3.2342886940787716,-2.913962172625816,-2.8468363137769375,-2.8525171809746483,-3.023635784228386,-2.946736994556533,-2.9511958381914907,-2.881776312031051,-2.8817763123178297
-3.283502940706758,-3.2924911213637014,-3.136721666996772,-3.20136092788188,-2.9453558718305284,-2.826044298103052,-2.849417831545604,-2.9985430242085767,-2.9503374168329226,-2.954832250399705,-2.890084830970924,-2.8900848311663943
-3.2829209818378446,-3.2910393098098956,-3.121281988553899,-3.184599584289243,-2.958423512172517,-2.8130048777611787,-2.849589373053686,-2.985030694109044,-2.9662544810646603,-2.9675460061775545,-2.8926800872284217,-2.89268008805131
-3.2777718815676375,-3.285893807122497,-3.0744725933323105,-3.150752360196834,-3.0159921631456696,-2.821040365827267,-2.8956015555155683,-3.0027721996945544,-2.983793660159127,-2.9839232330443632,-2.9266773573172022,-2.9266773585780195
-3.2841799358509145,-3.291258700043505,-3.0330785381250527,-3.1212299673358737,-3.050319299336566,-2.825456206928215,-2.9450917939463688,-3.029317622018562,-3.0026398140313364,-3.000997346004185,-2.9611950902395883,-2.9611950914854095
-3.280650803869033,-3.2883700180362916,-3.0337855446715185,-3.147718736685176,-3.0599723023753187,-2.8536766959683386,-2.9464164112749245,-3.071570642181957,-2.9761189036867846,-2.9740936612495275,-2.8937839960683367,-2.8937839978574926
-3.288777579485997,-3.2960094035212113,-3.0348900296897994,-3.160763019132885,-3.0908882513575993,-2.9069854001292095,-2.993973238228871,-3.0852970700975564,-2.99442593994649,-2.990430805352443,-2.9316733568916673,-2.9316733585952357
20.550830657949774,21.453310553314534,-2.8880197419059885,8.503080252464578,0.9003886080792456,-2.9678119471058984,-2.724134130413693,0.7754269801340121,-3.0167022085255897,-3.0103314568451305,-2.9713794982411663,-2.9713794999071412
-3.204259025588695,-3.271243123558571,-3.082497613037915,-3.165397611000585,-2.7011724218564543,-2.8335928609893903,-2.7943109467905622,-3.0939823545292557,-2.891866266172233,-2.8928840609578477,-2.7526812432316348,-2.7526812449009244
-3.204272875895235,-3.2703054143506964,-3.1009490428017807,-3.1603885266348994,-2.7943704119606076,-2.876120312379265,-2.8395686512853784,-3.1135817705419546,-2.9030323095352752,-2.9032022484341877,-2.789079950405471,-2.7890799519372074
-3.2118444260572474,-3.278171463480266,-3.122259192376101,-3.170652764268736,-2.878484187386783,-2.9365858366987636,-2.904030687042686,-3.119776123612027,-2.92762625502088,-2.924822248874922,-2.831932943568841,-2.831932945129793
-3.2221184186080545,-3.2886532950228977,-3.143558034324625,-3.183133761406493,-2.9720812047587875,-3.0124984615189145,-2.976600951266393,-3.140926943080532,-2.948300192870318,-2.9432570966986518,-2.8714540588696806,-2.8714540604972676
-3.219810637530633,-3.287404502513735,-3.1397213428494988,-3.177285675889509,-2.9018811245284564,-2.998902926915577,-2.955695113646135,-3.167494141393612,-2.9376502123386623,-2.931588590813411,-2.8561749081839483,-2.856174909768658
-3.231574485043911,-3.2988146894643413,-3.1557339296844513,-3.1862245243784244,-2.9725237002155716,-3.058580480416092,-3.023375648859349,-3.199282774983394,-2.9583339066874195,-2.9501002013556588,-2.8982695841051482,-2.8982695856806426
-1.7757545788561542,4.54529060345345,-3.1739210702676006,-3.197478604079693,-3.0357677578559428,-3.1246860909497256,-3.07361553863713,-3.210484460813539,-2.9647349226970325,-2.956213264781267,-2.9252915106244437,-2.9252915120001868
-3.226656546178275,-3.266448100003492,-3.187035581289663,-3.198058947386368,-2.7974300291722445,-2.996663982132075,-2.9117767398942003,-3.2209276672748035,-2.8930729841924405,-2.8899012562968656,-2.8275557728654297,-2.8275557736992614
-3.2245664416703073,-3.262312976758399,-3.202934062731851,-3.2066612890550124,-2.9083913214327843,-3.054850443122135,-2.9584589020654786,-3.2436502467073898,-2.9008177596496827,-2.8964154568833713,-2.8410605325422678,-2.8410605334301797
-3.229460703978901,-3.2672363863267377,-3.24021635949362,-3.2417081695575116,-3.0227329844173623,-3.1371179351818985,-3.019309888351882,-3.268940184782208,-2.9211232627611485,-2.913753393008805,-2.8750843831512825,-2.875084384265784
-3.238388930735395,-3.276796431434911,-3.256672809814511,-3.261777893477536,-3.1148839260506236,-3.2094261373514597,-3.0929469512394805,-3.2870506143138165,-2.9411601377565932,-2.9327182453196374,-2.9191650195433585,-2.9191650205988253
-3.245957769706234,-3.2845467317393524,-3.2642615347054442,-3.2735773370300816,-3.17412390950623,-3.2769777988965574,-3.141074935900508,-3.284239164232823,-2.9574151871722343,-2.9475329703005846,-2.950332572912039,-2.9503325739310213
-3.2541842773409684,-3.293355424653834,-3.2771915147343877,-3.29057360292476,-3.21209033060075,-3.327966226498706,-3.191461027913147,-3.300969952387573,-2.9813568447419425,-2.969552549846527,-2.991387586408475,-2.9913875874540525
-3.262717101308861,-3.3021073907112526,-3.2988689366922266,-3.3084056175211094,-3.2530610775266844,-3.381078061289763,-3.2300413585779646,-3.3260431470877734,-2.9987845681444747,-2.985650701522917,-3.025709920983447,-3.0257099220439043
-3.2699070312276786,-3.3096968645826346,-3.33597857784058,-3.339582976417052,-3.316795704571432,-3.4319818465695207,-3.259708598584126,-3.3618072604988307,-3.0171474734425106,-3.0022812564886614,-3.0517990594137343,-3.05179906063793
-3.266218158078515,-3.304843176377268,-3.3102431342395233,-3.3097160343391376,-3.233388444592826,-3.4050521693813436,-3.210766541665508,-3.3636209225202913,-2.978383785068338,-2.9684154396900935,-3.0113520840360026,-3.011352084594456
-3.2678315496373163,-3.3061992767828006,-3.3132938922228785,-3.3148044158724392,-3.288158155786455,-3.4211657994650277,-3.2551325296207234,-3.3928428403986457,-3.0020331706046157,-2.990268858450328,-3.048178778316654,-3.048178779051348
