lstm_normal,lstm_student,gru_normal,gru_student,bekk_lstm_scalar,bekk_lstm_vector,bekk_lstm_mix,neural_bekk_asym_diag,bekk_symmetric,bekk_asymmetric,dcc,adcc
-2.8839288559292426,-2.8979076944366304,-2.821861464974882,-2.8003819396422727,-2.932158259803963,-2.8679401553682036,-2.926010075779104,-2.896112509287737,-2.8210216607903087,-2.796680735341916,-2.8565428335262615,-2.856542828757517
-2.85398667345783,-2.849253412995762,-2.8331286744282127,-2.813387060137511,-2.932881600429032,-2.8679963256617573,-2.914162100071048,-2.8923951138202795,-2.825788055265052,-2.8020791434070067,-2.8723034227337885,-2.872303417780596
-2.866705202044374,-2.8480158138417404,-2.8435826752116973,-2.820565932870847,-2.9012689816265915,-2.855848102619333,-2.892617973304379,-2.8944414392308637,-2.8296236266106214,-2.8055498825854563,-2.8672260318984573,-2.8672260270179026
-2.7976564125474743,-2.8388067332700118,-2.8469706370997527,-2.8181661547536376,-2.8778009730654937,-2.82729587403054,-2.882044915234788,-2.9020820279677197,-2.8347657444200243,-2.8130565974228454,-2.8861432632792177,-2.8861432582606867
-2.8311441310594434,-2.8585855945234298,-2.8420396953626077,-2.8009775806712787,-2.851821154844065,-2.7926196818712974,-2.8438203217091513,-2.8190240843538295,-2.8205657195314178,-2.8010688101309493,-2.8623706249295813,-2.862370619407901
-2.758392224482735,-2.8411373580053283,-2.8391410197663416,-2.78150804034509,-2.801032034478526,-2.757759270144557,-2.82039070531704,-2.7924301612235647,-2.80791102163015,-2.784518720286146,-2.847485330842143,-2.8474853252678423
-2.764974209423826,-2.831650411127785,-2.8350201584600527,-2.769019811890512,-2.8139265991781137,-2.757527939726343,-2.8426931475615067,-2.822461354597426,-2.8244114025992437,-2.800231992899089,-2.8725766603547456,-2.872576654930312
-2.7488825632903406,-2.8247583343426594,-2.822334530155769,-2.749713950052239,-2.8208051123616102,-2.7326535679795496,-2.8301053246354915,-2.790420131199003,-2.8311228879009884,-2.8060504587378374,-2.841253718759831,-2.8412537149495645
-2.6839574432264377,-2.7369699020423153,-2.7996216237083305,-2.724054111445101,-2.8167596771834487,-2.7090274219702932,-2.8134502177621026,-2.784629025419592,-2.8342636845040774,-2.8095870889319996,-2.8536034566670128,-2.8536034528370897
-2.684813553315453,-2.7033087756868737,-2.781779966312018,-2.7057475178756363,-2.774879789801999,-2.680387338884482,-2.773156453759908,-2.6989340607920247,-2.816802996849286,-2.7939148276317765,-2.8124346056012,-2.812434602158652
-2.588458365930117,-2.5580546720428776,-2.774762647747118,-2.6857636338429254,-2.7718771222276266,-2.6430023652323804,-2.733265238097551,-2.6840905498420566,-2.8078442352641475,-2.785399647328846,-2.78291960158264,-2.782919598105694
-2.6975356460387077,-2.668635120685399,-2.775080409328791,-2.6815924875719968,-2.8534255449073127,-2.680684715121699,-2.7994191616070516,-2.723789563107949,-2.815733469165826,-2.7932601128199908,-2.807130846377879,-2.807130842741377
-2.71304285403219,-2.689263068655005,-2.7705613469294113,-2.680937948058163,-2.895894092208877,-2.7139516560503205,-2.8433192709109605,-2.766602877220006,-2.7999714388654895,-2.781791966718017,-2.8119669915504764,-2.811966987379508
-2.734048778741529,-2.6940671306179294,-2.7812679114716845,-2.6942913407667244,-2.942264160404478,-2.754069103588012,-2.890771636555416,-2.8144046054264176,-2.803008409595106,-2.7861020317214713,-2.8322598347689927,-2.832259830230728
-2.715022014235081,-2.7323938032705555,-2.7746511218176906,-2.7018764419970713,-2.8888051594126365,-2.724625729078024,-2.865312350200238,-2.8313604743254386,-2.813570208707793,-2.798346657995681,-2.841557792100558,-2.841557787811194
-2.720071917418199,-2.759939118490641,-2.7930323447214,-2.737931393109068,-2.9213708858178213,-2.7703310285185547,-2.890936396087344,-2.925546580255058,-2.8336955641516632,-2.8169235165251774,-2.871999550987082,-2.8719995466725203
-2.7380046330958505,-2.803345908053183,-2.7870632778039024,-2.729922451313608,-2.8753758487116503,-2.7562364643098713,-2.866083906248307,-2.9378576731038177,-2.8465027568177104,-2.8304399714826602,-2.880480796040887,-2.880480792242
-2.7612980065750765,-2.83081742785597,-2.7892755492393317,-2.7277749434381344,-2.8696225225458174,-2.765016486544644,-2.864416695989538,-2.96611400546075,-2.865497154995594,-2.847994630686951,-2.9120231375969343,-2.9120231336970943
-2.766425888377579,-2.8604328116867292,-2.794910586781714,-2.7355280626653884,-2.870205620726039,-2.8028543902703156,-2.883029504458689,-2.9769032733126934,-2.8753666808737206,-2.857507284606431,-2.9339762374684466,-2.9339762333762143
-2.830581796503902,-2.9017042949124408,-2.79424911771128,-2.742567169302698,-2.859635464919025,-2.8116471857019643,-2.8793861040771,-2.9742236954650387,-2.8934679621260426,-2.874028913398529,-2.939737525529288,-2.9397375220200566
-2.7305508121257858,-2.8168756725666286,-2.767355778729693,-2.718869112038582,-2.7590319450025182,-2.782731206783328,-2.818165472497161,-2.8960247851879526,-2.8745412997997133,-2.858819279526946,-2.939100318561508,-2.9391003143046106
-2.678320825454895,-2.7153061562697967,-2.7158685452772127,-2.675908463412671,-2.6241805183174733,-2.6957491592449765,-2.696689445140608,-2.654831703691638,-2.815715300346036,-2.805254108242438,-2.8169883165877616,-2.8169883123805253
-2.5190217823348564,-2.5499740231900345,-2.6729154225833716,-2.6332772867473575,-2.569123486044969,-2.640466573394881,-2.658322613593736,-2.647051797435984,-2.784570050539973,-2.7793961133992893,-2.7957432499493406,-2.795743245315623
-2.580462335634593,-2.625131444256794,-2.6519774925591872,-2.6078184299308456,-2.5800209098582028,-2.5900704469880655,-2.630112528855297,-2.591138419637467,-2.7849890878503136,-2.7772781233786694,-2.738320000443955,-2.7383199973994667
-2.688061040076078,-2.6932989813831902,-2.6309911939200914,-2.5805421098147776,-2.606711846355849,-2.5573968306485435,-2.63020881053992,-2.5922710263089845,-2.777111951247471,-2.7699782664312487,-2.738647895774024,-2.738647892387684
-2.54359358576432,-2.5143973067032075,-2.6026150584610046,-2.53343845307554,-2.5948211904086405,-2.476706134605382,-2.495088943661951,-2.541091290995832,-2.768100437634111,-2.757429159556063,-2.6212082101427727,-2.621208209429416
-2.532119992648446,-2.5086434999534446,-2.5870340846121636,-2.510011039955473,-2.6844461454705995,-2.4717364520587837,-2.5315542408857423,-2.578832605275947,-2.782868628283043,-2.7710783152607683,-2.645953634586113,-2.6459536337086305
-2.510632119446744,-2.4913268107392157,-2.572865413395021,-2.4976669395492914,-2.719835357971773,-2.465021598417237,-2.562429625346458,-2.6131218648623475,-2.7988376486415385,-2.785632449722269,-2.666252622991325,-2.66625262211233
-2.5736245901551227,-2.556659860611389,-2.5499247977781057,-2.4740839682856315,-2.801604382790671,-2.4524796835695057,-2.5574730953810683,-2.6194781260881923,-2.8147609297991525,-2.800115054713385,-2.6410522295197776,-2.6410522298758803
-2.5254060950107604,-2.4835107657022926,-2.5243496596688173,-2.4490602996576447,-2.901156902959309,-2.453043282233008,-2.598397778341513,-2.64810693663142,-2.8076655460845914,-2.796987148535038,-2.657480750296345,-2.6574807503283533
-2.5039073666533618,-2.4317554496940135,-2.5341526504636684,-2.4489900163573464,-2.8638218835464113,-2.4269328306259297,-2.590757398020135,-2.619660723815904,-2.7790431518094025,-2.769663815637707,-2.6391605180453683,-2.6391605175193256
-2.547349066677201,-2.4948498344031758,-2.5428729829181225,-2.4538304947819474,-2.881525415085722,-2.418198746439809,-2.627478411184272,-2.636886156101853,-2.7902761347197016,-2.7793459528660285,-2.6581074370981534,-2.6581074363078048
-2.4943513006022435,-2.455232535027983,-2.5605114303967986,-2.4691839694757767,-2.8703046580864466,-2.3928586053646916,-2.6409995517174103,-2.649935765739608,-2.8004527498544776,-2.787439297667432,-2.6633212982093237,-2.663321297346179
-2.521212630017424,-2.4948411623929023,-2.582361010760911,-2.4865449559817443,-2.866594342725561,-2.3915001978883272,-2.664954079016708,-2.6808797595567198,-2.8093916899331846,-2.796469759118965,-2.6904263296928055,-2.6904263284857857
-2.577333827534958,-2.5626128660963357,-2.5929138509844596,-2.5011270331570365,-2.861698925258576,-2.395969522288899,-2.6939047257948365,-2.7104719815308767,-2.824516495323455,-2.809943692405848,-2.7123663730132317,-2.712366371732481
-2.5837230984717543,-2.5772424995218275,-2.610648757600978,-2.5204052166774185,-2.8127154675379202,-2.411796911104137,-2.7003449605783545,-2.719995918428808,-2.824058783397255,-2.8060454215534616,-2.7311894477885645,-2.7311894460994792
-2.5826785030035753,-2.5774419069818992,-2.6061666697413544,-2.529672149306452,-2.79494328126209,-2.4324844444446883,-2.7228904880780482,-2.736450604163016,-2.7978425870259853,-2.7846084826148436,-2.7409496799420405,-2.7409496773793665
-2.629636584701305,-2.6403395275484076,-2.62348292645402,-2.5477968848591437,-2.7572178868138213,-2.4278136797318823,-2.7231879621956527,-2.7684430890612126,-2.8031810131556107,-2.7917786453694275,-2.749614205413866,-2.7496142030441413
-2.58628496712888,-2.565087335393227,-2.611804536221168,-2.547165363799279,-2.7878460076736054,-2.444077159314209,-2.7540039942979804,-2.798749631664226,-2.810758946843625,-2.8000858038577356,-2.774473201206148,-2.7744731983357465
-2.6030833301712466,-2.5972013648724745,-2.6191052973156874,-2.5574132702158696,-2.799061389537373,-2.4784991355932284,-2.7848180699430243,-2.823250126598767,-2.8255386596107686,-2.8135050211572814,-2.7936329342875337,-2.7936329312678416
-2.665981404711429,-2.679508333996908,-2.659446651345811,-2.588439524942266,-2.7783533029403134,-2.4987192831617455,-2.761055350516022,-2.768267501169576,-2.7973246739579856,-2.7858408155474277,-2.7618417083896984,-2.761841704925037
-2.696560606607547,-2.734494678600438,-2.6629581985351134,-2.591673549449762,-2.7770991201908366,-2.5031644025983746,-2.7650182992194074,-2.753845821637725,-2.7992744390348054,-2.7872595409796888,-2.763265066492099,-2.7632650628345683
-2.668329126904971,-2.7009814276753694,-2.657015713464233,-2.5890398426453642,-2.8396034741826006,-2.5318878046195303,-2.8084316025746174,-2.789406019818674,-2.813419546922974,-2.8008040547160222,-2.7888537351410334,-2.788853731194002
-2.8122350508828626,-2.845708264720561,-2.6614737318103017,-2.59924280396158,-2.882598191876471,-2.575622809074268,-2.8497298802583746,-2.8243107045395175,-2.8272088092782184,-2.813504198977596,-2.8158895724897897,-2.815889568333063
-2.753555220784743,-2.750728110900101,-2.6578874695939954,-2.598999079209003,-2.8593295252516127,-2.578537294546723,-2.8067329967889108,-2.8440791137070955,-2.833324136075988,-2.8181802389635355,-2.800113112216606,-2.800113108422764
-2.7960255621503656,-2.8328117190997184,-2.6738553654805832,-2.6016875978670964,-2.877794194539903,-2.583495053388552,-2.7972709663742825,-2.839669594956283,-2.8419896955146,-2.8258225838725766,-2.800142608458404,-2.8001426051657887
-2.7811707292714534,-2.79045474952554,-2.685798045993773,-2.6062115255813447,-2.8652877036015068,-2.5869827077736245,-2.7850362743677857,-2.833587148789209,-2.8456959742590238,-2.8296648481890854,-2.8090987642482155,-2.8090987608548326
-2.8080802212784444,-2.783772300873048,-2.6853434086754238,-2.6088940810757286,-2.876424680349632,-2.607593916767116,-2.7959174200188674,-2.8454145100285597,-2.8402523856463286,-2.8251880645052405,-2.8162580726542656,-2.816258068873345
-2.740669674107783,-2.72247003314741,-2.694198838226501,-2.6232305964440887,-2.8754467187689023,-2.619782264932184,-2.8120039326837145,-2.8593032068428412,-2.8552573592590393,-2.8391209211192683,-2.8312325348927962,-2.831232531266573
-2.790843836781531,-2.7609573152096405,-2.709195977789559,-2.642528290033504,-2.8833902839966123,-2.651449885458166,-2.830504502145378,-2.884584628844718,-2.8708408628695015,-2.853805644363746,-2.8544874175282753,-2.854487413926038
-2.7839154178993857,-2.7739743887390924,-2.7357918352057102,-2.6683388861526125,-2.845473695844748,-2.659029358568122,-2.8344089114972926,-2.908471233895215,-2.8848239911901685,-2.8673702891722823,-2.8752791213503457,-2.875279117386081
-2.8261165036790943,-2.8424553122182297,-2.749535251554341,-2.6848994464649336,-2.806206704292942,-2.652628573046443,-2.830431071139697,-2.9201804706303456,-2.9001625991516775,-2.881891453960115,-2.889317159829926,-2.889317156205073
-2.704837104048498,-2.6656205250189062,-2.710487202847587,-2.6393479282400825,-2.8045209216166134,-2.6301972755640453,-2.7895706985839857,-2.845256877948354,-2.851819104693945,-2.844660823967335,-2.869854518730421,-2.8698545137043103
-2.6719089820127015,-2.646608578031773,-2.720543692053452,-2.6459643854778063,-2.845958910105046,-2.640416456583493,-2.8066350558920425,-2.8611995736237064,-2.858851682620804,-2.851279339598562,-2.885253587018834,-2.88525358176934
-2.6575527945214166,-2.6013595189225476,-2.741794978425611,-2.6584300490343904,-2.8678311427679173,-2.655991807822816,-2.7889539186581307,-2.8630636154224374,-2.851937784348942,-2.842680943054349,-2.8751524781420352,-2.875152472815762
-2.662325283887877,-2.646248206652703,-2.7424177470705158,-2.6620347998769156,2.063491747674516,-2.6575912085480353,-1.9047497415538022,6.331136799376478,4.696234975583476,3.144534742715818,6.453031509984955,6.453030987038062
-2.5684587467798305,-2.5513725493501247,-2.7188873476415414,-2.6471262148748007,-2.576036022264977,-2.5145004599644403,-2.4668071034190096,-2.7469806385290436,-2.7775842987731933,-2.801980845612714,-2.660098515014844,-2.660098511060684
-2.5660583052114805,-2.5389752105153307,-2.6748913322746204,-2.594109707807898,-2.715674673747326,-2.562596685705177,-2.5253065731630087,-2.7639327072849214,-2.783294761997723,-2.807485779818076,-2.68170636489662,-2.6817063606752107
-2.55384003428233,-2.5323247822172883,-2.639836099539489,-2.5580212247231784,-2.7720150787176125,-2.5941031045130214,-2.5743693054035433,-2.7802340943987485,-2.7954084678265936,-2.8180511932238548,-2.6974405755122315,-2.6974405713176504
-2.614336201930848,-2.5830809738897766,-2.6212014298584427,-2.5361915827466235,-2.810391758337839,-2.631969543926255,-2.6208555880528426,-2.7919257829907265,-2.8068828121591647,-2.827832624744273,-2.715486417824897,-2.715486413444415
-2.572658572113296,-2.569550288974208,-2.610761032505608,-2.5160999099102495,-2.7083919888072705,-2.625358007068784,-2.590496640227765,-2.713883535556341,-2.771736844993287,-2.7961575679505026,-2.7067690350547773,-2.706769029869598
-2.6744072484507058,-2.6937686155073313,-2.601517125453064,-2.5051165833706945,-2.726253298614482,-2.6455076345923003,-2.6290986810538146,-2.741419815538174,-2.7851906334789667,-2.808061119671085,-2.7092887521062097,-2.709288747445917
-2.6092465725389182,-2.660287937405334,-2.605282634414095,-2.505321511086394,-2.747019759025517,-2.671422473416732,-2.682096001780323,-2.7714320814956226,-2.797679977920959,-2.819046027094626,-2.7315862319838495,-2.7315862271715936
-2.6377588250164585,-2.6773218948042867,-2.6207512010815623,-2.520284671517316,-2.7651455251502615,-2.720518043245094,-2.7341116879118275,-2.8060069891496635,-2.8100717810682956,-2.8302920609044895,-2.75929327063891,-2.759293265527086
-2.7126602252202505,-2.755353605135968,-2.6279792999886844,-2.5343376338475556,-2.7909385788299526,-2.75788372034744,-2.7707463711454214,-2.837500687421104,-2.822655588958647,-2.841509087444776,-2.775633241080091,-2.7756332359123412
-2.715100686207277,-2.7600776773655142,-2.6490124103229173,-2.5559557715824353,-2.769259733474993,-2.7893821978457987,-2.789811011932803,-2.8385820741533863,-2.8157000291382577,-2.8350507948502477,-2.7810323891137827,-2.781032383541526
-2.76892007363773,-2.84142276886149,-2.666992178983768,-2.5741234298464133,-2.7898277476757194,-2.8379897895757846,-2.845055278712457,-2.8680219702725163,-2.8239653050975173,-2.8424638009161725,-2.8041026064494674,-2.8041026006167313
-2.8125302924296705,-2.88436946762149,-2.6976616991004603,-2.6038223049402207,-2.8066315879112627,-2.872639889182812,-2.8789270443362907,-2.905076635331892,-2.8364069386226807,-2.8539570016368807,-2.8306604604468024,-2.830660454304708
-2.8536611020935574,-2.925022833431696,-2.725753060243319,-2.634315695174071,-2.8179032087480933,-2.9024576131531274,-2.900047471569471,-2.9127682929290413,-2.839454970442215,-2.857218376269893,-2.8480417321885643,-2.8480417256221786
-2.861924354159485,-2.962783246596866,-2.7244543997943764,-2.6592766462905333,-2.863174378517087,-2.91161108313963,-2.915340034377814,-2.967989977585691,-2.8399453123424103,-2.859429081277515,-2.8629042276483005,-2.862904220866719
-2.8360367402974873,-2.8750609020923514,-2.7526048839937247,-2.6608951451871787,-2.8570421847264362,-2.8442453759556554,-2.7962850133376507,-2.912285721296393,-2.8139790379792617,-2.832332689107895,-2.808151996310745,-2.808151990251309
-2.781197515680284,-2.8005928726305536,-2.7644965058129896,-2.6613827501407146,-2.9320792551686528,-2.8792372553635555,-2.838033066487761,-2.918222329006723,-2.8220951327390984,-2.837622099994819,-2.8304703824646325,-2.830470376074379
-2.725798318278967,-2.8064816320085395,-2.7621309221846078,-2.659813603415386,-2.9304190368441603,-2.866252140485619,-2.840301523724873,-2.916341435858049,-2.8347400544612547,-2.8504151613783137,-2.8293870753536585,-2.8293870696640067
-2.6194979023468328,-2.6742310205496453,-2.7277974276276544,-2.630815572727582,-2.7474472707930473,-2.7907037900635934,-2.735130142327797,-2.7613142970151974,-2.7827036679567785,-2.8061112649002697,-2.810025991335035,-2.8100259843084023
-2.5763143989750636,-2.5707814529682476,-2.6962739406765093,-2.601059260365711,-2.669065461761177,-2.7520566226155343,-2.6738844950617526,-2.694667982555192,-2.7549222667929585,-2.780638265721779,-2.7905926547271216,-2.790592647057302
-2.6795224630116254,-2.679309651207119,-2.671437068617785,-2.578670256624382,-2.7053366126579492,-2.765566376391263,-2.709763566427347,-2.7197675505757783,-2.756129731728228,-2.7824145103295854,-2.797113805836905,-2.797113797953082
-2.6339449416088936,-2.6374778241942765,-2.659808508867955,-2.575355469465473,-2.7303264297219396,-2.7692263803677717,-2.740576132476295,-2.740723471475774,-2.767486612414648,-2.793054199533387,-2.808214691714623,-2.8082146837609843
-2.643920451488259,-2.650433288098131,-2.6753703967302407,-2.601333167874591,-2.7663796628989137,-2.8019118000498597,-2.790366454819705,-2.7826717000835726,-2.7575191012091946,-2.7846172599326438,-2.8173018464143573,-2.817301837844164
-2.7438601493426438,-2.7453398059091088,-2.6883529827595787,-2.60907496688422,-2.855599660463866,-2.8140182468050985,-2.800523243327046,-2.8144366338884126,-2.7734291230173125,-2.798844197444245,-2.812082312547954,-2.8120823048341648
-2.744096854080138,-2.7534201957407496,-2.718475828879312,-2.635495858828725,-2.935597945745274,-2.8516655978802494,-2.8407837806192364,-2.8477737786518325,-2.789252574667241,-2.8136661506248792,-2.8352409446900193,-2.835240936850074
-2.611059069806994,-2.5965737944632155,-2.708936319239906,-2.6337220320648544,-2.8237582091587976,-2.8062743908374177,-2.7723858076773165,-2.7705549414746447,-2.75865365853783,-2.7530716994518185,-2.8361826171980082,-2.8361826076278334
-2.5946175549499886,-2.580609265639154,-2.698934072995718,-2.6337285352038964,-2.8365659528192957,-2.8084533261020423,-2.785490313712154,-2.8096784888634585,-2.7758591655287614,-2.7710570905833527,-2.857156174217191,-2.8571561646594166
-2.59967152057731,-2.6233604706482225,-2.7072339098373823,-2.6451727531270706,-2.807124133440677,-2.7882400312998135,-2.7667871719684287,-2.776046231337706,-2.775882771504157,-2.7736080600657727,-2.8490490517780134,-2.84904904208652
-2.5937816433511394,-2.6054634658953235,-2.6777650602067107,-2.618313459034315,-2.7682233986365095,-2.7451631598765123,-2.7335511911078254,-2.7199284439296885,-2.7552598206182073,-2.7601266319123177,-2.8308461562725364,-2.830846145881055
-2.6398649405795167,-2.6444897470986257,-2.6807732698017626,-2.629699130715258,-2.818894198141964,-2.7593595046461776,-2.7714857621766207,-2.7604890512684586,-2.760159976266316,-2.7673634051626137,-2.8479263734879434,-2.8479263627614686
-2.631544614752914,-2.645541018688036,-2.694601930792781,-2.644223386078622,-2.82284268759406,-2.7681580467656506,-2.7819207099511973,-2.7834726196117328,-2.7653147833040173,-2.7660635288665607,-2.8691503247240666,-2.8691503134096
-2.594627433865912,-2.5796094655939115,-2.703147160687478,-2.653483662688155,-2.8129416691019715,-2.7643655539049212,-2.772998830857419,-2.755432550851847,-2.744405317124719,-2.7514600354006418,-2.8553248718014395,-2.8553248598381344
-2.6447026551029724,-2.6241493578486765,-2.698619396598186,-2.650290126382853,-2.7971009193867316,-2.740391482656267,-2.758258553501926,-2.7274173043279153,-2.7408433661082636,-2.750835736428747,-2.839799801600328,-2.839799789723046
-2.714471092356364,-2.6964127152792243,-2.712265231168944,-2.6648561673401177,-2.8183815650442403,-2.748337580585164,-2.784805171424418,-2.7704612765165524,-2.758368779067891,-2.7681933378242904,-2.864638419959746,-2.86463840801269
-2.666456619870595,-2.6392996692187602,-2.718033723405487,-2.675666876833633,-2.8513497850436256,-2.7637111881235183,-2.8070629306674793,-2.799024757414369,-2.7757304850493116,-2.7849732817663866,-2.881743483059678,-2.881743471029454
-2.7186954348699235,-2.6995257968878095,-2.7357248715552287,-2.695106621913563,-2.8683399035993595,-2.783888817019181,-2.823955409118369,-2.8125079104471187,-2.781699910814905,-2.791944573046846,-2.892437813531633,-2.8924378013424032
-2.6770934029134263,-2.6618590156763493,-2.7383196415687814,-2.693278748476715,-2.777447143861189,-2.778033525436446,-2.7759937677761837,-2.735747562967485,-2.7528748623728148,-2.7674169839654414,-2.8613986471816464,-2.8613986345319686
-2.7280707750062176,-2.716292048544321,-2.7429850879181195,-2.688232445252933,-2.7299248944033865,-2.7816817302407646,-2.7550092629539717,-2.715327275374753,-2.7310066470146266,-2.74844639583074,-2.822801283083845,-2.82280127011568
-2.7691942429640886,-2.761565568330536,-2.754106367677518,-2.6910633013336254,-2.7927284382338775,-2.830047509857843,-2.819624113845805,-2.767903974681352,-2.7493057862191916,-2.7659082597371802,-2.8510047279387116,-2.8510047148967956
-2.794559367573007,-2.771758285696096,-2.7519683393678145,-2.6788784769246807,-2.841577349000261,-2.810467356684367,-2.7857274706350243,-2.8214834621913765,-2.755008165489956,-2.769944439993701,-2.814491336603096,-2.814491324936176
-2.8183999565934394,-2.806562089327199,-2.7479035122718733,-2.6672795302900356,-2.9391341363684163,-2.8430282301939904,-2.8382264395858927,-2.854650563486612,-2.769957892741949,-2.7841178055528486,-2.835273077677596,-2.83527306619223
-2.8077438707763775,-2.782921794986949,-2.7621196639201497,-2.676013933609161,-2.9492324933073446,-2.853441495052802,-2.865294246575696,-2.867516864128722,-2.7530878349924452,-2.770484373437052,-2.8226620880605537,-2.822662076475593
-2.871048562853116,-2.846570506289286,-2.762460561908569,-2.682878748938129,-3.0174480185432366,-2.8706933609384038,-2.8871529409686807,-2.914365100053916,-2.769738254993874,-2.7864477528796563,-2.8317151389284083,-2.8317151278030646
-2.8849803904297833,-2.8504505642228932,-2.771312384891636,-2.6865022838500376,-3.0322127393006957,-2.8608942290675823,-2.861131114856502,-2.9268709069285412,-2.777565506917754,-2.793538295440288,-2.8280307853307702,-2.828030774858933
-2.815758694032242,-2.769369386721932,-2.764340940087061,-2.6784282509376443,-3.035878449730464,-2.852053013458047,-2.8497537244151796,-2.9178940522188324,-2.7686588308148607,-2.7879772913235175,-2.832511622000713,-2.832511610993777
-2.8629678529476967,-2.8277279463593987,-2.7871054839072373,-2.702753690757189,-0.7360549101389444,-2.875113006958957,-2.8744865545570466,-2.9353892017028484,-2.7844585432383795,-2.8028254103430896,-2.8590291365190383,-2.8590291255136817
-2.7519338413684586,-2.7036757792491035,-2.7558861900627685,-2.6724153421056656,-2.762212759077581,-2.7488848321375636,-2.7031347338767318,-2.6807980450243534,-2.714071137752737,-2.7291487954048463,-2.7846571098809574,-2.784657098190437
-2.6932579916730024,-2.639400451114939,-2.7277660386817426,-2.651770839459306,-2.811795774018184,-2.7601657322019664,-2.7443705102790448,-2.721310545241201,-2.730512927829819,-2.745184841059689,-2.8089519936060743,-2.8089519818265507
-2.6681576995437943,-2.6074408765316215,-2.705057465060724,-2.6378940343372945,-2.8098676203425486,-2.7480256832012033,-2.7543424902931286,-2.7272870071478614,-2.7059081451252895,-2.726040874492412,-2.7980932855375356,-2.7980932729523706
-2.7196656855667074,-2.637933615259874,-2.7139181687410416,-2.6555191140310686,-2.8622799078356174,-2.7743444787554994,-2.8069408993317606,-2.7749347169066994,-2.7146430479364585,-2.7353784488587753,-2.817237037275183,-2.8172370245228926
-2.7496070927876595,-2.6740450433419922,-2.727702184316837,-2.6744722368049603,-2.860003828512725,-2.800714660292121,-2.834211246670411,-2.7859992120750534,-2.721079890353106,-2.7421118527954644,-2.828002043402274,-2.8280020306766946
-2.7793069135657875,-2.713100561603246,-2.744545986974862,-2.699804237183933,-2.9003784206805667,-2.8490060135676174,-2.885259813834231,-2.8220386835875346,-2.7399793252672056,-2.7601261744222083,-2.856068867777967,-2.856068855144219
-2.921512437492578,-2.8533543897470293,-2.7701710947841387,-2.7421706922301294,-2.9332194067778423,-2.902659135150015,-2.925006671780159,-2.8721766711568386,-2.749770264904523,-2.770093766614933,-2.8755866627407096,-2.8755866499329015
-2.952160505178078,-2.9021126029529305,-2.801148590095447,-2.7874133798636316,-2.9680800740181272,-2.9596363712712748,-2.965196264835365,-2.906439532805997,-2.76857296326474,-2.7880978691082885,-2.8981348164666088,-2.8981348038749593
-2.9566204285051834,-2.9332450616754966,-2.829475071892266,-2.8272299244832597,-2.9677787399853948,-2.990233650019349,-2.9803639555157,-2.930050962411501,-2.7844375726236152,-2.8039063832140245,-2.914100051790137,-2.9141000393068683
-3.007987958388931,-2.9874816009576532,-2.8509955141287455,-2.8648886594309544,-3.010259678860184,-3.0371994951457157,-3.00526491898085,-2.967628310290267,-2.8004850243587613,-2.81986778925725,-2.9355213129832154,-2.935521300389934
-2.9124780564772283,-2.904219242338925,-2.8316145107285284,-2.8450773863760137,-2.8118353284192668,-2.9260648612896607,-2.8664132905307405,-2.928222235512034,-2.7677397996723636,-2.7908548200415555,-2.866143631948765,-2.866143619232659
-2.9940813337563768,-2.977405077920845,-2.8351223387766193,-2.853621884420315,-2.8885524283497084,-2.9640904120804894,-2.949226759505636,-2.9997641246023674,-2.785157369702401,-2.807302412797916,-2.891761046352867,-2.8917610335080965
-2.884435942571522,-2.896371463730392,-2.852975130515414,-2.854816859413847,-2.9214870652405516,-2.9469519260791555,-2.9333326847417904,-2.952413482786491,-2.80082751516238,-2.820920971605227,-2.859825783702663,-2.859825773190366
-2.9103467311065545,-2.8793106708994425,-2.845565547183909,-2.832577932287459,-2.9135564671715293,-2.9143978084474664,-2.897149190843533,-2.8868691374538864,-2.7950061487643185,-2.816256120118872,-2.8473103039778125,-2.8473102935183667
-2.880027775483085,-2.8526362267450516,-2.8351264065422668,-2.8151522693858975,-2.9366965283511677,-2.9051803487315127,-2.885886194337445,-2.8771531636161125,-2.7734563812376543,-2.799129388227809,-2.8396633768125037,-2.8396633656962753
-2.8588478437812794,-2.843378628234605,-2.8494102301395117,-2.82583972781056,-2.9789661444763125,-2.9125803934610097,-2.904558996466477,-2.896555739353513,-2.791048593434364,-2.815575621694287,-2.8633231812398585,-2.8633231701201534
-2.8696471468220697,-2.858126991714757,-2.8690503790445168,-2.8461241236852852,-2.991785306776501,-2.923881611821026,-2.916898104668769,-2.9138653871662554,-2.809011073489876,-2.8324349832371505,-2.8891552429220213,-2.8891552318608476
-2.9026077433677164,-2.8657081613068223,-2.8955094121338525,-2.8707395547370864,-2.9871667516650016,-2.9378595441955353,-2.9135332252518347,-2.897273732129451,-2.8061485127723675,-2.8305449575490313,-2.8930354440967174,-2.893035432867415
-2.924982637655347,-2.888000264857997,-2.9109923408495644,-2.899865578048233,-3.0241567634787705,-2.9714463072673123,-2.938487562563325,-2.9282410702722528,-2.824017089158874,-2.8473032151308266,-2.917806120752041,-2.917806109489481
-2.9864599658541784,-2.949949495220369,-2.9213282628787796,-2.924074952831268,-3.0358445873761344,-3.001718711632848,-2.9544061435025553,-2.9428902419111567,-2.8404415579074684,-2.8627722751122158,-2.9373704523756716,-2.937370441352818
-3.080317797956404,-3.01210257312557,-2.950728064128874,-2.95977852669827,-3.0602441525672317,-3.0412756591139436,-2.9801492939389966,-2.960808463044821,-2.8548213825618314,-2.8761288367664477,-2.9571112379368976,-2.9571112271257105
-3.0460497646988323,-3.0001442563592944,-2.9639415640800792,-2.980653939774892,-3.054999999330803,-3.057713648062243,-2.9863434972793375,-2.971854265739685,-2.871870296497111,-2.8923007281181414,-2.978265904768706,-2.9782658938558075
-3.0935263741527645,-3.042822487862934,-2.9754769394679315,-2.997209884018404,-3.024413374198218,-3.0736098414981,-2.9955597093099717,-2.9616907588796266,-2.877860290017078,-2.892671579915518,-2.989741448630948,-2.989741437628289
-3.016941604910163,-2.993594246492758,-2.941805225650755,-2.960881254034202,-2.9467805500402435,-3.0180443214899513,-2.926924428490144,-2.8711446257471054,-2.882169932966461,-2.896287777476448,-2.9518332470724093,-2.9518332371166203
-3.0452652542335787,-3.0181427123325935,-2.9143996380528265,-2.931153795087144,-2.900071237508576,-2.996825175766625,-2.9084182123578706,-2.856493851778516,-2.8807996240379916,-2.885728240047273,-2.9573491034457726,-2.9573490932385846
-2.9378956543332455,-2.9599648081978014,-2.915148089900774,-2.9298316093915773,-2.9302742718031447,-3.009840949984809,-2.926837756294104,-2.883745884383007,-2.89666605185434,-2.9012645964953436,-2.973577108737534,-2.9735770987548014
-2.9615192271057285,-2.990520428910108,-2.931783945284819,-2.9372204200651444,-2.9406542577911914,-3.01007469375544,-2.930581718971044,-2.8843743877320653,-2.903260561402787,-2.908004607559632,-2.976634095713196,-2.976634085802157
-2.9685824652628785,-2.9828366886776,-2.9425231170585606,-2.944342569527906,-2.9662422623126536,-3.0279572159690793,-2.954097822922505,-2.905457148792137,-2.9162952770049753,-2.9208339429856394,-2.999612439384501,-2.9996124294326765
-2.9895037679096452,-2.993797017301066,-2.96484287018268,-2.956073267920451,-3.006482709718947,-3.0546149799972016,-2.9774820785703313,-2.9289818816946718,-2.9301123823378346,-2.9346789537628903,-3.021445299860985,-3.021445289887849
-2.9907564071461086,-2.97876867649333,-2.9634036084718343,-2.952821299498525,-2.976303209576833,-3.039985176588079,-2.949915344902977,-2.9030095497711073,-2.925540013097816,-2.9324277913047,-3.013313473954866,-3.0133134638079566
-2.97350264725066,-2.955722785906044,-2.9676886727449077,-2.9547544553225995,-2.967967038414262,-3.0409485060591783,-2.935577751187394,-2.8971467995052254,-2.910800571051819,-2.921149939909679,-3.0040035291450287,-3.0040035187463583
-2.975675351664738,-2.917439128555014,-2.9640997362329187,-2.9412454385002853,-2.993322551381733,-3.012252446917917,-2.8921499951631917,-2.9249901438490045,-2.923022722998617,-2.9324232672063513,-2.982909872691236,-2.9829098636490463
-2.978140373245534,-2.9323447485484997,-2.9630453772600753,-2.9405788423665844,-3.040746151380082,-3.029067610909597,-2.9088793604890926,-2.93985682352926,-2.9339576852809173,-2.9434081747276024,-3.005461951051441,-3.0054619418733064
-2.9419129128364307,-2.9503981078397152,-2.9726670490336553,-2.9343131528441564,-2.974131767362353,-3.0140760394660506,-2.902838646109768,-2.8800480786013614,-2.9097746249088368,-2.927031017154931,-2.997181827173474,-2.9971818169787348
-2.9481625938519516,-2.9540145771328445,-2.9752794124061084,-2.9349521461079355,-3.00781074842386,-3.0415178864704977,-2.9466768330928765,-2.912094192661131,-2.925672355592156,-2.942017622012352,-3.022798524851533,-3.0227985146358938
-2.8743878997192738,-0.968691646863693,2.4777033294079907,-1.0902076522596436,0.3835070793463906,8.256883934850572,-0.8268897353972511,-2.2420600688840215,0.281884444929148,1.767919128493432,9.052145300364579,9.05214427772999
-2.8020246436491103,-2.795855422418743,-2.851788731654159,-2.7722215086864166,-2.678028993343131,-2.7746495982789634,-2.6332554105060813,-2.5859714143812083,-2.784964278409133,-2.801175449147988,-2.7947958892532694,-2.794795887740097
-2.682276819897024,-2.6217019073612438,-2.7872528566167336,-2.6965160455259296,-2.6764586955534524,-2.7156355212277816,-2.5482149210779546,-2.5208983490147134,-2.724133225424121,-2.7423900752490527,-2.713501883384142,-2.7135018821520287
-2.7448152187781645,-2.6748714200099313,-2.7602080449107,-2.6545750873772667,-2.8336847490950827,-2.7344403765036303,-2.6107006693399613,-2.539715469079256,-2.7293895152511225,-2.748185111941562,-2.6863256894283,-2.6863256890929796
-2.6353155069071494,-2.572569132561841,-2.696137791887791,-2.60080414837859,-2.6455231455222314,-2.650874417750496,-2.5036384228766053,-2.4447961481585985,-2.6484811655544926,-2.6740829199857643,-2.621098533594471,-2.621098532583355
-2.599611723182149,-2.529926406065739,-2.6690922328113094,-2.577397278099142,-2.7244644130823703,-2.6783559570892463,-2.5807283659772846,-2.4828906945720974,-2.633498114847227,-2.6613553358714936,-2.62072387185582,-2.6207238703627596
-2.6285111168528266,-2.5628572968562593,-2.644359970774002,-2.557499754523031,-2.6017417351868533,-2.6242978599370477,-2.4836468263173996,-2.4156767702788735,-2.5754060935706873,-2.6048380617615168,-2.5594784662763628,-2.559478464782292
-2.655300581660854,-2.5731116318761984,-2.632821444638952,-2.545215332466576,-2.7057084612829483,-2.6707303520168417,-2.565590514320655,-2.449741980092538,-2.572284474587793,-2.6032723157911155,-2.567009575249452,-2.567009573547325
-2.762220679760163,-2.6663467722844185,-2.6751474700876754,-2.579817902435243,-2.76329806823962,-2.7133029715952985,-2.639473629887642,-2.5172406245727323,-2.551752868644368,-2.583255346140402,-2.5535577132174216,-2.5535577113133527
-2.664498603747127,-2.58357622465516,-2.688173561105914,-2.5945802495009045,-2.7711132293692313,-2.716237559668232,-2.6539262718087016,-2.531657065335886,-2.5587483831601356,-2.590490563084156,-2.5533521339737475,-2.5533521321300134
-2.6376534988568747,-2.5627920965943254,-2.7009574771970946,-2.6050791034131935,-2.8539325016757733,-2.7491141091912588,-2.69225158576659,-2.5531889038389437,-2.5707813592169777,-2.601081420828411,-2.5661288981622445,-2.5661288964909295
-2.6406026796379143,-2.538336634018539,-2.72202280436024,-2.6267608017095454,-2.9257003628350935,-2.8024286580893447,-2.7661625549556286,-2.5931550132579795,-2.5909949721170458,-2.620766879360249,-2.593106000354829,-2.5931059986877716
-2.7203398883360483,-2.618440303081152,-2.774409969796568,-2.6587968703581666,-2.851545583268796,-2.79670394604065,-2.7371049816627835,-2.575693399738542,-2.5468468938558013,-2.5786450704550736,-2.5446799973514316,-2.5446799954201476
-2.731952822778843,-2.643601619430222,-2.794743478048239,-2.6729028557049106,-2.922555770320609,-2.8336669644866177,-2.8140826623932416,-2.6091650488067915,-2.565253156357592,-2.5966351741174982,-2.5717460812193416,-2.571746079293186
-2.7762986274606423,-2.686820932044105,-2.8146268739982645,-2.7008979782256497,-2.981848234040143,-2.8797137183732766,-2.8877427587461484,-2.667403513100835,-2.5856282346572206,-2.616297186787099,-2.5988450402983427,-2.598845038235658
-2.8573699695683263,-2.767640831987113,-2.8444596727638243,-2.738195293713416,-3.032884027073487,-2.9248547276935377,-2.938398051234729,-2.7221281227726144,-2.605107117487416,-2.6353289364766948,-2.625106620992268,-2.6251066189748418
-2.954662566936007,-2.8892947977636876,-2.8635060260428844,-2.778835630110873,-3.0580534649234017,-2.9455799786076717,-2.9519351626325907,-2.812142993307572,-2.6262406817796906,-2.65561615498898,-2.643028996106247,-2.643028994169402
-2.9618402936890744,-2.9309377047397223,-2.8961705943086367,-2.8129637325102372,-3.11930012496528,-2.9483630409699586,-2.9549335662013787,-2.86927381078086,-2.643447688862561,-2.6727763706447654,-2.6380614955465282,-2.638061494461562
-2.941843857972949,-2.8900045652928004,-2.944975100449284,-2.8436564963961555,-3.1167192528332266,-2.9284821276999136,-2.9187705067729444,-2.885021307614744,-2.6529178851721746,-2.681130207558701,-2.6494073338991027,-2.6494073329544077
-2.887229037959794,-2.8235406068860476,-2.969293543684423,-2.862638675356454,-3.1180610265447752,-2.9328005342584897,-2.919517869335931,-2.9091711095635326,-2.6678417767860747,-2.695581732714434,-2.6727087938969003,-2.6727087929154063
-2.962746144607105,-2.9060734636518593,-2.9838174215387707,-2.8818670992155786,-3.137684697248772,-2.9588587489383746,-2.9451648191546274,-2.957475422075862,-2.6881278045062684,-2.7151272661026926,-2.7028217943382673,-2.702821793318402
-2.931342947130536,-2.880572744805777,-2.9822122181535944,-2.8727540848603144,-3.079392418041129,-2.944746124716091,-2.9140865989958273,-2.945351623947357,-2.6904127214467617,-2.7169109748528255,-2.690189961287666,-2.690189960759116
-2.925898325045603,-2.8628026070108525,-2.96984604756745,-2.8620578860483725,-3.0981387953216664,-2.95309158010454,-2.9248481808636044,-2.950463332633358,-2.703211775476776,-2.730004756766166,-2.7124201941672603,-2.7124201934987546
-2.9549178068798363,-2.8946207090280334,-2.9801423978473593,-2.873770123673003,-3.1198133774455066,-2.9670127217355575,-2.936647254466859,-2.960492322503904,-2.7222923542085296,-2.748460261217784,-2.737170178725189,-2.7371701780715494
-2.9107060853628397,-2.8378645928823127,-2.96538220534122,-2.870658349680982,-3.132680310263331,-2.974710520358101,-2.941892068440647,-2.995072608540926,-2.7355029694346698,-2.762352198195944,-2.7569133722810535,-2.7569133712335363
-2.9956531718397663,-2.912541202678541,-2.997303604493889,-2.9007431014517446,-3.155713470176703,-2.9926122520613476,-2.945008314862129,-3.010447234644532,-2.7488196638279474,-2.774435284683327,-2.77328696856454,-2.773286967616751
-3.046593772784308,-2.966360974955622,-2.9955143681711056,-2.9083744048895572,-3.1563199964235813,-3.005937446385999,-2.9489374700226647,-3.010843096460618,-2.764251617307563,-2.789352294072768,-2.7847821996348885,-2.784782199003427
-3.061105525306088,-2.979896305836891,-3.0000857237975174,-2.9246901385520987,-3.1738198935315247,-3.03077959807182,-2.9615797153957204,-3.0187383042024147,-2.7824910494940602,-2.8070188861755225,-2.812548537563981,-2.81254853687053
-3.1039705536210747,-3.0524671608966853,-3.010548986771204,-2.9476818912339384,-3.166047752223186,-3.0542812597236515,-2.981288493847395,-3.0251082162257408,-2.800519450726344,-2.8246476838810635,-2.834361316633378,-2.8343613160804377
-3.0411300025255725,-2.9990140215831307,-3.016704070697897,-2.9635754641664684,-3.0466646857768067,-3.038745294910764,-2.9538328862451646,-2.9737920055683724,-2.7950933079957947,-2.820440203065849,-2.838004693658765,-2.83800469269472
-3.151125520144163,-3.113497120751947,-3.045807522058069,-3.001905850369127,-3.0763381974285386,-3.0752666289632744,-2.9885819759702485,-3.009940490237453,-2.812116012549729,-2.836724506152855,-2.864355138811439,-2.8643551377517444
-3.1399243888874695,-3.119453972884245,-3.0735298247826726,-3.034248309965308,-3.0876245411390233,-3.092540353646008,-2.996878465852548,-3.0409310698925482,-2.828271856009812,-2.8523571428800967,-2.8810911795220733,-2.8810911786514817
-3.050353710133387,-3.031394762754505,-3.033564235644338,-2.9792847638110325,-2.806588036026561,-2.956418652430284,-2.828711270432582,-2.79902064101785,-2.7676348352219975,-2.798168455804544,-2.821581246291527,-2.8215812439479424
-2.95968317814088,-2.949098978117105,-2.9886618595366543,-2.9374502771268802,-2.825795014645754,-2.9625751728943635,-2.8604568587252905,-2.8394233146004417,-2.784947832665208,-2.815277667214919,-2.832892510405622,-2.8328925085486487
-2.8618324508866375,-2.8594618671938434,-2.9355720591862706,-2.89553535813254,-2.8168862283642495,-2.9352178007847822,-2.8621787048937284,-2.873515066324629,-2.7552517772694265,-2.7896792945868105,-2.805463576007516,-2.8054635731679403
-2.9221510785791125,-2.916265955884206,-2.9227029423777906,-2.897329934663639,-2.883949314977161,-2.938505802635262,-2.8916746151567936,-2.937647124360237,-2.7757516923426024,-2.8092437788036806,-2.810875689999138,-2.810875687875429
-2.8558081730481035,-2.845723515518679,-2.9294111802627247,-2.903547265542941,-2.907781879543035,-2.91867765998979,-2.8843649076487745,-2.919865894431522,-2.7771152869361804,-2.8102850147551797,-2.7905675006197828,-2.7905674992425693
-2.668676985969718,-2.6335363144056183,-2.8549350268500806,-2.830505544795898,-2.6732621169948128,-2.792273120904394,-2.709789333196592,-2.6378699429343513,-2.6906286131780375,-2.7280289138811202,-2.708736438532664,-2.7087364361892483
-2.680968653813675,-2.6369590736759307,-2.812208525019146,-2.7864601577246395,-2.68852032667728,-2.806202789200557,-2.728305849629136,-2.65369747416313,-2.6889900960714077,-2.7267384502132277,-2.7130831539482374,-2.7130831514799434
-2.682129777110984,-2.63441058923838,-2.7895469821379355,-2.7587559906792314,-2.7241047893144654,-2.828867893010816,-2.7604377079573688,-2.6979030315400427,-2.7045288498009845,-2.7413353644073757,-2.735363043426341,-2.735363040974608
-2.695346692437997,-2.637862681642331,-2.794179014739425,-2.766787243015389,-2.72673381956674,-2.8402172729015307,-2.781115834710741,-2.7538697397703698,-2.6647894007782735,-2.703732654997041,-2.703493539936299,-2.7034935367754307
-2.7369106439437267,-2.6745322547694705,-2.811675431399224,-2.792926927315223,-2.766251672069325,-2.858777763894153,-2.83159659430964,-2.7858127016606007,-2.664107598119313,-2.7037810835572396,-2.707179859643469,-2.7071798563385
-2.759892238117211,-2.6891895867748747,-2.8473207475449764,-2.8330577651533173,-2.828032525692741,-2.9002531451303586,-2.9042885355251786,-2.831450602196183,-2.68737716265961,-2.7260196899140237,-2.7385045914813935,-2.7385045882241523
-2.7704678835197996,-2.699643916932832,-2.864961698593234,-2.853603153789065,-2.7977247399350382,-2.8937930676315027,-2.8900699049119822,-2.844396921841878,-2.6928725247216123,-2.7313534906109656,-2.7420429177726575,-2.7420429145438057
-2.764607689915258,-2.6969000346592784,-2.8726879258579476,-2.864542650903539,-2.7892024236780095,-2.9075663441947643,-2.8985396440977227,-2.852960908152571,-2.700349891172033,-2.731870918785428,-2.7572037527108013,-2.757203749285251
-2.7952524526328677,-2.7360346976244925,-2.8846328304644953,-2.883974432116314,-2.8230967747562685,-2.9346178146830235,-2.942995570914569,-2.8848459288848063,-2.7188753853163505,-2.74960204040792,-2.773860446294175,-2.773860443212071
-2.8407326247841143,-2.788349753838461,-2.914369648966072,-2.920222690072894,-2.863483752050245,-2.9713786047432733,-2.9910113059886325,-2.917462735646775,-2.7289383527554367,-2.7598156796041957,-2.7916060980914437,-2.791606094916997
-2.903622929782452,-2.8760051422327457,-2.9610594950251237,-2.969927895451051,-2.921219773502217,-3.0142897816053855,-3.0393533029629745,-2.9557323455912754,-2.7502081653942807,-2.7800797044519685,-2.8168396698997404,-2.8168396668476636
-2.976343410217911,-2.945724048814502,-3.007421451159192,-3.0248893857156096,-2.9741975801933607,-3.0623351981998423,-3.0878869374581144,-3.0199969130667372,-2.751171359892483,-2.7820326351678037,-2.8235406358534925,-2.8235406325117225
-3.038215891350508,-2.993298104190032,-3.0580004927105664,-3.0805477394260663,-3.035417383672556,-3.1079434066054956,-3.113064514090714,-3.0900716236995085,-2.7660813090073693,-2.7960912432920515,-2.8344928564479672,-2.8344928534352176
-3.05508821808377,-3.0013696465707973,-3.080780754361607,-3.104186357678888,-3.082805269960777,-3.137614341175662,-3.130155134145527,-3.098476435903048,-2.7832539797226654,-2.8131332204033326,-2.856171941345688,-2.8561719383002853
-3.097565099281545,-3.050158750254666,-3.1119527338938653,-3.1371173021385923,-3.124011067581433,-3.1708372969169827,-3.1458584779476113,-3.110186067541075,-2.8013612655358413,-2.8306292342443964,-2.8820017480106626,-2.8820017449944264
-3.133529126691343,-3.094922458125521,-3.1539122310492593,-3.1709151156055966,-3.1447325453127513,-3.1939639896038265,-3.176252741254579,-3.10932444244167,-2.819931356251967,-2.848811144397926,-2.9019258200368654,-2.901925817027284
-3.1700604012656557,-3.145196392682598,-3.194592470638217,-3.205063005680591,-3.166167161510244,-3.2107472508820685,-3.185274285808746,-3.1079659986680475,-2.8381605974223585,-2.8662826982522374,-2.9212015477933675,-2.92120154483558
-3.080289882368639,-3.052925708754559,-3.190878816205606,-3.190321391300619,-3.1585196822520625,-3.1881232442875382,-3.1490018777474296,-3.0763347707076196,-2.8513856570087404,-2.8788111367588893,-2.9024561409234884,-2.9024561394548325
-3.083451847837095,-3.0465839761627977,-3.1919845197637824,-3.196330721714717,-3.210447866949008,-3.202696853254712,-3.1688839501813293,-3.1179073853376127,-2.865689893448744,-2.893453504832835,-2.923091314848723,-2.923091313245923
-3.014585319838206,-2.9790785549754846,-3.1445758301706923,-3.1373219677855584,-2.959927589422106,-3.0691892047124436,-3.018239307659941,-2.9934626251661385,-2.8124388728860366,-2.843696967574064,-2.8561696301689663,-2.8561696279585735
-2.956734261914143,-2.9255971200704893,-3.1123558750925544,-3.0829329444075366,-2.9452046745297995,-3.05324908742492,-3.0226467325128485,-2.968875681274903,-2.807235786522491,-2.8394087707861377,-2.8589533089171266,-2.858953306480135
-2.9840728063979522,-2.9547911144533145,-3.101155213931821,-3.0604482277479845,-3.03637614289554,-3.083372235892915,-3.108953607445013,-3.0261236386790964,-2.8227981849697206,-2.8551132058588156,-2.873711101883733,-2.873711099702657
-3.00601203551148,-2.9758192308332405,-3.1070244516245835,-3.067282993745229,-3.0526283635676035,-3.0918371985626028,-3.1200219407672884,-3.1127975913669226,-2.7979869710903245,-2.831746361566389,-2.8545233406494743,-2.854523338116517
-3.0274611968068093,-3.011814136073092,-3.125640121106493,-3.092377021782147,-3.122529360400432,-3.132200354012465,-3.172583844771611,-3.1387594692192224,-2.8196434801595687,-2.8525538645328763,-2.88561436879164,-2.8856143662800147
-3.0838565482499005,-3.054499993112872,-3.158542273410322,-3.128210887062078,-3.1731992058772662,-3.1784791162635257,-3.22713712964026,-3.172410611392087,-2.8409881331253466,-2.8731024110167134,-2.915981316995061,-2.915981314503021
-3.1056181447670115,-3.064301427664379,-3.1965122634660377,-3.1643714732562924,-3.1654738916507728,-3.1846784556585876,-3.2037556490009975,-3.1586243066842123,-2.8456335935954127,-2.876755921700494,-2.9125931109594947,-2.9125931088214307
-3.1091784330493217,-3.0585920782171865,-3.2016809865418505,-3.1653846106698627,-3.145803315089896,-3.167557276664837,-3.179954902696474,-3.169492428926132,-2.8532846675877592,-2.8834214014519244,-2.9145340581898473,-2.91453405622245
-3.1700951303165237,-3.119106163815682,-3.2034000891070966,-3.1684276391991673,-3.1908310667570756,-3.193975849111022,-3.215263404661177,-3.1798823429372827,-2.8731611944576887,-2.902574861746944,-2.9374856453842377,-2.9374856436171823
-3.1627905899732722,-3.1148831662984087,-3.1843085543098635,-3.159544659698297,-3.198127566162802,-3.203298869575691,-3.2246985337674694,-3.1918870158006705,-2.8903446880050723,-2.9193468684600656,-2.9351709433113924,-2.93517094213678
-3.140113293389123,-3.0948588890235076,-3.187790932200372,-3.1593705364701616,-3.1604042406851103,-3.187261114310233,-3.1935766768462353,-3.22339641291537,-2.860405211486746,-2.8920929374740183,-2.910783252042963,-2.9107832503063027
-3.1872856552742848,-3.1196094975974056,-3.196867819741735,-3.1669860652316553,-3.1756954113162474,-3.194048098330925,-3.2090183786697852,-3.2297075802399124,-2.871016277084479,-2.902146244333759,-2.928019520857775,-2.9280195190843736
-3.1562566176373004,-3.1032712525567945,-3.208546179447649,-3.179031244086521,-3.2288679467360213,-3.190019983138905,-3.2136945729291178,-3.28337441170762,-2.890597440930659,-2.9211736685564587,-2.9246547627960116,-2.924654762124561
-3.115926894206275,-3.074289913470688,-3.218075149427814,-3.1864131931032085,-3.243682266830652,-3.189789721192175,-3.216659279408672,-3.273166456063463,-2.9015815199070434,-2.9318598052659466,-2.9416088731649648,-2.9416088723587763
-3.1707294470306002,-3.136650086855968,-3.220365149708323,-3.195239655482321,-3.148934545187763,-3.1614612723364934,-3.19030710030036,-3.1970661493181374,-2.899025472566479,-2.9292664672130586,-2.9514733340006365,-2.951473332519888
-3.154033671251325,-3.1245527433680538,-3.250222093257608,-3.2171898080815153,-3.1899758381998184,-3.179299538376019,-3.226791741066341,-3.201232940188766,-2.9170894044389177,-2.9465159937597987,-2.9693550884292383,-2.9693550871055763
-3.1146140870135204,-3.075770199434782,-3.231087252544229,-3.197530975645742,-3.188442128809522,-3.164150189701177,-3.2065265496186846,-3.1702192617941045,-2.9363980790213233,-2.9648335971633646,-2.958236925014561,-2.958236925169574
-3.0616506247480126,-3.0402199070444427,-3.230594113429326,-3.188909880273761,-3.1302981850507754,-3.1247276057612314,-3.16645996286116,-3.127487518615059,-2.9353610971739164,-2.964513049097666,-2.9657703639217945,-2.9657703638376836
-3.052814958319388,-3.023848929179529,-3.2358760865867544,-3.189604561804039,-3.1510462306204827,-3.137366730262293,-3.182323078296594,-3.139567148787774,-2.9529640096121317,-2.9815088611083747,-2.9936124998745854,-2.9936124996990374
-3.0981932881194574,-3.077841334860523,-3.233104801479888,-3.185572307541431,-3.1634196415610534,-3.144432519539756,-3.1929033416223183,-3.1643475153161598,-2.9686003956273215,-2.996693998993131,-3.0003743088364367,-3.0003743090720034
-3.071806239812414,-3.05851363368616,-3.254212046401229,-3.200291287127471,-3.1852983263692316,-3.1499575575345093,-3.195988068229123,-3.183866725122004,-2.9864666132542195,-3.014032599752009,-3.0079816115501408,-3.007981612406679
-2.973046032226672,-2.9418639458725675,-3.215071769723665,-3.1504818351291624,-3.071676842674317,-3.0802515756077526,-3.1028629490549577,-3.120998422096481,-2.927293379288966,-2.9592296308332386,-2.9260628562828184,-2.926062856866423
-2.936032093160012,-2.8985325169244573,-3.1902409372848455,-3.1253670390805284,-3.1570442439008426,-3.088164420237419,-3.154617756019823,-3.1417527122529605,-2.944838893936486,-2.9764505396699974,-2.944774647185979,-2.944774647880737
-2.9658293695792874,-2.935616941568134,-3.1680060406229376,-3.1108203724493633,-3.195533075801357,-3.1056173815494343,-3.1854142311388287,-3.1332963535249956,-2.9615681656625297,-2.992568276185926,-2.9662184660947593,-2.9662184668291043
-2.989033794033852,-2.9327701105583404,-3.14434953738294,-3.0812651644725304,-3.1306516812357987,-3.079123966800224,-3.1418120825050195,-3.0777566897972943,-2.932556572683695,-2.9656180254020748,-2.9373407009206627,-2.937340701073367
-2.9111613912553436,-2.857574961996641,-3.1113616470733194,-3.0418723572588875,-3.1202457390062497,-3.059643197207054,-3.11768898965828,-3.0298784897227513,-2.9356737145761667,-2.967628349079261,-2.9253258726118476,-2.9253258731751925
-2.978129171317045,-2.919613444295882,-3.096260169843311,-3.02000215350516,-3.1420392031111875,-3.05378581449012,-3.117110552645331,-3.010095771647163,-2.9441301456050173,-2.976416917515329,-2.9402246017414924,-2.9402246020661993
-2.879768952736894,-2.8173673827664922,-3.1055874476980936,-3.030033908340314,-3.1268092118887525,-3.055507829429441,-3.118100374268868,-2.993974255295926,-2.9515891964667795,-2.983480501147623,-2.9557333583865435,-2.9557333585093835
-2.962166975613529,-2.906706868835391,-3.119337506133796,-3.0464880663124343,-3.1650884594163395,-3.0765702330286713,-3.129811564689193,-3.0101219860588193,-2.9655130360800728,-2.997074532374387,-2.972486613865826,-2.9724866141915065
-2.949357430134972,-2.889789936249097,-3.13315320453778,-3.039907394599388,-3.1204224604583928,-3.0252700354532487,-3.046121012188068,-3.0235766430696938,-2.967456119091575,-2.997069762203479,-2.9420855132230064,-2.9420855146869114
-2.9160899680051724,-2.8566143362489695,-3.1169782909992403,-3.016132767418886,-3.10744997556051,-2.990504876581943,-2.9991719568696924,-3.0414001283857584,-2.9743481276240593,-3.00297152211637,-2.9270564933406282,-2.927056495447158
-2.9668001616062227,-2.928581306436831,-3.0913081378727463,-3.0018769342701703,-3.148608183030607,-3.0173888498095205,-3.0263280072470606,-3.0873004299278968,-3.0122750945539667,-3.0528311170223934,-2.986208279851916,-2.9862082747140093
-2.91508298930007,-2.869735102197925,-3.0708413996076582,-2.9871465425620687,-3.133881080705022,-3.0254548960648764,-3.047924328353233,-3.08834817151506,-3.0213367822282624,-3.0617335874636753,-3.0058818235100575,-3.005881818085436
-2.985402404082519,-2.9332634196936214,-3.0599455312682706,-2.975047553857915,-3.155529211640669,-3.0418943755721752,-3.0649475665738692,-3.1154541255365187,-3.0266300071604255,-3.0683217065680664,-3.024174843749399,-3.0241748379995195
-3.022871135285021,-2.960137874456251,-3.0678795668846353,-2.9857068511202915,-3.1348504746271626,-3.051399959351065,-3.0753738598765548,-3.134001276497016,-3.033844608583591,-3.0750608537493775,-3.0393433446062077,-3.0393433386256783
-2.9747359310426815,-2.9009079231911175,-3.049485336971841,-2.966795444094749,-3.0571558908186773,-3.0224304149260104,-3.020482753434315,-3.073241635364493,-3.017708491517096,-3.05872271968978,-3.0054056511113623,-3.0054056453049096
-3.000167035761445,-2.948990205419907,-3.047475757290868,-2.9696803182089155,-3.080868781908552,-3.040969198004607,-3.0404758208039593,-3.0775416405092564,-3.031826389301538,-3.0727130099359927,-3.0272927312369533,-3.0272927254069995
-3.021262540612171,-2.9569469327260824,-3.0512699090852995,-2.984774492579187,-3.09245509700608,-3.0640921795169573,-3.052431655229396,-3.0905454387712235,-3.0336652573845946,-3.0748231124579517,-3.0426777177152755,-3.0426777115975256
-3.0526658110073925,-2.987086134500355,-3.0581699958536457,-2.9988719993922195,-3.0887161252729167,-3.0839920375260483,-3.0547948145230635,-3.1106148004385457,-3.027134732478813,-3.0692383459055965,-3.0474244071861762,-3.0474244005984152
-3.0539218154380063,-2.994734861288685,-3.0704804426261894,-3.01992223487748,-3.0561808399779347,-3.0876177913968443,-3.050805036643261,-3.0981906482577894,-3.0237740400205575,-3.0658958325447885,-3.050670371376226,-3.050670364515464
-3.0881211827927086,-2.9870563642097903,-3.0517778177217147,-2.979593314364702,-2.941935035757437,-3.0211273147496596,-2.9377360609854932,-2.9951916058369727,-2.9597069323667706,-3.0025969615965358,-2.9494051024264967,-2.949405095815171
-3.030430841206391,-2.9355763752214106,-3.023661480378833,-2.9507633541632843,-3.000643430921249,-3.0299254162568525,-2.954500889369346,-3.0058895657106497,-2.9747885327199715,-3.0165878227919634,-2.9689139576274752,-2.968913951177976
-3.0354976272969467,-2.9476915138961006,-3.0148953579300954,-2.9449774925259504,-3.056430081028397,-3.051617747884743,-2.9872900900687,-3.0145923549127405,-2.988279876804662,-3.0294313853724035,-2.992258775058957,-2.992258768487791
-3.1021122014822864,-3.030250473308046,-3.0140394044767733,-2.94149846987177,-3.0623027655627144,-3.055107697243279,-2.9835840205202517,-3.0048777397663287,-2.990909616297292,-3.03043273499473,-2.9868186401406547,-2.9868186338989373
-3.0520152574470107,-2.9860005609987863,-2.9922252116123262,-2.935989321329367,-3.0416720559408312,-3.050672805683326,-2.983471062623657,-3.001405209181393,-2.9993573780185967,-3.039336189880686,-3.0002270149691515,-3.000227008974933
-3.0809163708984775,-2.9776115580591505,-2.9625250737834503,-2.9042818736581095,-2.943018363536889,-2.9964576895804647,-2.9072913185278146,-2.9157630863159403,-2.9537893554877854,-2.996455560777124,-2.951622885009981,-2.951622878245285
-2.991674813421087,-2.9050631106848135,-2.964400772840609,-2.8852556687094277,-2.874450036208619,-2.918535620592734,-2.843350608204034,-2.8585239486672833,-2.9332124981615313,-2.9766133658308545,-2.9113112181889127,-2.9113112118858906
-2.982913119990895,-2.898106718647303,-2.951778664477948,-2.872025158821338,-2.9378827619747323,-2.9393041219384464,-2.8842257065754855,-2.8774292458111432,-2.9477529888461973,-2.9902935994252937,-2.935023501486062,-2.9350234951313143
-2.9425026019556504,-2.866820197301689,-2.9588904290849998,-2.8808437476616233,-2.95568715029027,-2.944745844842354,-2.893839918004722,-2.8866461649461415,-2.956744922381982,-2.999140436757572,-2.9490907609916492,-2.949090754562663
-2.9473774279736684,-2.8962271520514276,-2.9828889358204913,-2.9052691094817544,-3.0029080231828873,-2.9703401777702174,-2.918075321971166,-2.9102340507107023,-2.9719915471041007,-3.013612117358708,-2.970958259185437,-2.9709582527274954
-2.9789735991044894,-2.923366819809066,-2.9780323122012273,-2.91107134903286,-3.01703130325493,-2.985120328414109,-2.9330475828007914,-2.9177451807917896,-2.9828165207040924,-3.023782710774697,-2.976805238481036,-2.9768052323140313
-2.9825741267227297,-2.919230424677022,-2.968417731836487,-2.9070467875146306,-2.994976463229915,-2.978795980637492,-2.913174117507858,-2.902939931743097,-2.9724995181238576,-3.014173803427079,-2.967020611177935,-2.967020604781691
-2.9597316588932627,-2.8815832686080425,-2.970764467177126,-2.9195643989900195,-3.0422451929867975,-3.007344350476891,-2.9469625707427274,-2.927628725584931,-2.9866201838527617,-3.027601238184645,-2.991251200930718,-2.9912511944233335
-2.9968189832910004,-2.9453382582220993,-2.9735705380795654,-2.9351571641400067,-3.0410299601112722,-3.0221001968072825,-2.959847854015821,-2.944346001185024,-2.999633143040476,-3.0404430220326257,-3.007021206653079,-3.0070212003513035
-3.042051354221455,-2.9917382430642183,-2.974669365510157,-2.9483434415423426,-3.0293220650067196,-3.0336053867638855,-2.9634042357119283,-2.9611094104282785,-3.0138255717992783,-3.054175313697464,-3.0236274828171337,-3.0236274766980236
-3.0457575661127643,-3.0111588040703503,-2.994760427131682,-2.9732649220877065,-3.0268899641076823,-3.044257663881553,-2.962426142419332,-2.9653286737990507,-3.022080702604932,-3.0614986797940937,-3.034978903527073,-3.034978897285557
-3.0398246378421585,-2.998631725479256,-3.026386162452459,-3.000384478297042,-3.0571745165367576,-3.0653403605369456,-2.9692135641430792,-2.9772375790392527,-3.0315511226671163,-3.0704757238413705,-3.045767019695862,-3.0457670135037214
-3.065546080369926,-2.986941276383119,-3.0127763044743134,-2.991734510501588,-3.036184902603723,-3.0568805185938723,-2.943746076250201,-2.971158501648107,-3.012782656996061,-3.0542062837495125,-3.0256374309976612,-3.0256374244820914
-3.046134402055519,-2.9835551671562057,-3.0222924578042387,-3.004548218254613,-3.0738833806662447,-3.08284498836143,-2.968006274287991,-2.984893716866048,-3.0252901418725906,-3.066161440002199,-3.049949719442466,-3.0499497127111104
-2.973121253091201,-2.8928797963454285,-3.0199229316227623,-2.9820495587165485,-2.9780144311285777,-3.009608271247243,-2.887432011440349,-2.9956311123174824,-2.9925781465881807,-3.032926691245306,-2.988367846365726,-2.9883678397753526
-2.9705997308829613,-2.9165892691100703,-3.009746302006427,-2.965264478562666,-3.027199400079001,-3.018607779105954,-2.9188240228706674,-2.9995071214282056,-3.006551411482779,-3.046002941668188,-3.007256658722083,-3.0072566521610438
-3.06684749733985,-3.0213598532181285,-3.0174245370787074,-2.9746113418241538,-3.0893609062017378,-3.0595504988340743,-2.9682589897722966,-3.0225941672851038,-3.0172310571889795,-3.0562259827126654,-3.0309929264267903,-3.030992919666679
-2.9997692492158103,-2.9685457078629147,-3.0264714354913607,-2.9893931043274145,-3.1395296678955384,-3.0957393463927976,-3.002267247501166,-3.0523805883177784,-3.031320028734123,-3.0695422509860197,-3.053684729859711,-3.0536847230107864
-3.0232037649376626,-2.9766668151185662,-3.0248744721958123,-2.989995444301337,-3.154567105976464,-3.084561144734702,-2.9769633692938586,-3.1019991864693655,-3.0430074412800066,-3.079841973557364,-3.0446085204914004,-3.044608514519713
-3.030977893905785,-2.983574555228921,-3.0324331679388212,-3.0017722883014435,-3.2095150012595157,-3.1154517932841057,-3.003899911822169,-3.1306905775637723,-3.0553027460460345,-3.0917289112787465,-3.0694197214643704,-3.069419715237716
-3.0658422741976445,-3.0298206532605834,-3.0596835694663955,-3.0329489670496623,-3.252462475122489,-3.147285677906749,-3.033691915093911,-3.1512742363681303,-3.0685279858445433,-3.1043188413444858,-3.085266337112908,-3.0852663310034316
-3.095414594882066,-3.041041614322235,-3.065697294317259,-3.043678949533745,-3.1799886738231313,-3.126574534849676,-2.9973921451293823,-3.1275750618921307,-3.0313423198322202,-3.0708396944627685,-3.056565817686151,-3.056565810555284
-3.114373190663243,-3.051131091181068,-3.070398807317927,-3.045211392701597,-3.1395316553020454,-3.1025546560897657,-2.9622041415539813,-3.0886685181307962,-3.013335888684526,-3.052904334245762,-3.0320870097856862,-3.032087002480183
-3.1268717608258485,-3.0433542978687464,-3.079020892114184,-3.056023366259077,-3.173671792986188,-3.112797119366297,-2.982192888638891,-3.0864057568692784,-3.0266727435308294,-3.065204376566108,-3.0541786495340704,-3.0541786420984893
-3.166760168657161,-3.094410450270832,-3.100981352272039,-3.0779499816705043,-3.1896410015538272,-3.1361426450313568,-3.01848538156991,-3.0798070860038074,-3.0324061578779045,-3.070866686008251,-3.0723902699553682,-3.0723902622250594
-3.196634731905709,-3.1246563247026096,-3.124189470552788,-3.105357092063341,-3.2349428531672437,-3.1714244401295666,-3.064783353935311,-3.0949459628538407,-3.0460160872773274,-3.0837408292979873,-3.0972070700748078,-3.0972070621829384
-3.2222638929586513,-3.1297967484312395,-3.1326885369574344,-3.125620503302509,-3.259698481825432,-3.202890165088091,-3.097740229573718,-3.1240049635833316,-3.0533240290340244,-3.091184493706203,-3.1153593032061395,-3.1153592950738034
-3.2550466138290863,-3.163087850073107,-3.1680224065036597,-3.165004682592039,-3.286535958737197,-3.2270585964466116,-3.1162753812299155,-3.135593857882335,-3.066720160068016,-3.1040845677812383,-3.132422200499721,-3.132422192353824
-3.266609319225833,-3.2035538528397627,-3.197083310790447,-3.1993509459087637,-3.3265552347528544,-3.2634661910791447,-3.1590834348950096,-3.1592922536088874,-3.079587565821813,-3.1163972753488465,-3.1556510949478263,-3.1556510866097134
-3.290890542043292,-3.215890204545052,-3.212177345548365,-3.2277835467803286,-3.3223735808609196,-3.281468721208612,-3.1756941652726254,-3.1990816168359935,-3.0653386787742596,-3.1045941382263127,-3.1543638037784696,-3.1543637947293925
-3.2939466684255816,-3.2025211626404397,-3.227372418149563,-3.244856493399297,-3.336605965690322,-3.290282741755488,-3.192756464276689,-3.1856237630557596,-3.0787420944039288,-3.1173369283237697,-3.1679326685912343,-3.1679326593662447
-3.2730916566788806,-3.1924174168608097,-3.2428167953366054,-3.2613948404287054,-3.36009350816719,-3.3048980039358993,-3.2003517082677972,-3.185465235731222,-3.0926751240968717,-3.1307076062553434,-3.1916355554186775,-3.191635546037218
-3.2191264746142494,-3.1775052565802975,-3.2483525045767077,-3.2724320708387773,-3.3561102828289195,-3.3116622839908665,-3.19782385629932,-3.1775609624947014,-3.1022597958024174,-3.1398349894799233,-3.2023242597170336,-3.2023242503778384
-3.2934996605404705,-3.213819259920335,-3.245228708609216,-3.262406005436757,-3.3363630363095806,-3.3126884301174835,-3.191604637279224,-3.1645332035853375,-3.1076979769341277,-3.145304938974276,-3.2194034960631557,-3.2194034864438796
-3.229076785414453,-3.19329572718992,-3.230005168606565,-3.2694318285444055,-3.2549241925710635,-3.2653621382670073,-3.095656093767653,-3.0702223246712275,-3.1627923446044743,-3.1701516218813146,-3.176279012910364,-3.176279007949414
-3.19154719552108,-3.16175976010378,-3.221239155850255,-3.2322434650757366,-3.2848878570559044,-3.260864643862898,-3.1196098358528013,-3.073087009059176,-3.170705118944209,-3.177736348099907,-3.1904201879039564,-3.1904201828317182
-3.130834905719696,-3.105946112748235,-3.182182721415786,-3.1834241721154983,-3.228825827427484,-3.220005694203091,-3.068576249384616,-3.0265396156323714,-3.1433288425641885,-3.152335029091712,-3.1487722931103717,-3.1487722881088187
-3.115366952333125,-3.07355569556377,-3.172208939939278,-3.1656237753551384,-3.2644504213460896,-3.213134060427312,-3.075968344041551,-3.0421624589127205,-3.156167334000327,-3.1650438512706054,-3.1692490345601962,-3.1692490293846056
-3.1409467561904267,-3.079494211501868,-3.19877481477292,-3.1860374366396025,-3.2724103168374357,-3.2101423076108206,-3.0886541939574585,-3.0191273795746754,-3.124693681569914,-3.1343615898254233,-3.1361010991081306,-3.1361010932570235
-3.137848480311017,-3.0952882677895044,-3.2047446294670463,-3.1978487867099554,-3.280052822708877,-3.2189898456370174,-3.115672481728817,-3.0275583600748246,-3.1291727300671432,-3.1392989257559685,-3.1449512628850904,-3.144951256641362
-3.17271938728595,-3.1362523271237888,-3.231928800018897,-3.2177974478985045,-3.304227802141839,-3.2459304695829228,-3.1792134120519915,-3.0471932222015474,-3.1339363732003225,-3.143869340927292,-3.1624761438063764,-3.162476137169736
-3.160310752276096,-3.1167323610748574,-3.233180222824557,-3.208641518242023,-3.294920866484164,-3.232253866174065,-3.1765899473090786,-3.032248279334464,-3.1326497309981196,-3.1416488371482414,-3.1246009340281886,-3.124600928681833
-3.0964160563511283,-3.041411052929644,-3.179468689918439,-3.1508436323491447,-3.204552812582211,-3.1601106321026853,-3.0678559368116947,-2.9522205482375097,-3.1176119943188825,-3.126406324852278,-3.077344663847841,-3.0773446588954263
-3.0109168653301777,-2.9666420725087645,-3.112126333296142,-3.0815133053657315,-3.0271388160151074,-3.059114437934768,-2.9746569642734935,-2.871936901505901,-3.0636827663157815,-3.0771909026079713,-3.015554689040058,-3.0155546830897184
-2.972093357718851,-2.927128782889293,-3.0923280862981937,-3.0515862350596157,-3.061918539857381,-3.0637846342358723,-3.019421030278672,-2.891355181542673,-3.0673495830621533,-3.072017414592135,-3.033526638779953,-3.0335266325740484
-3.031678529073685,-2.996344544900368,-3.0679224667395646,-3.0150727369281736,-3.0736227393692923,-3.0602965439485046,-3.053814843278705,-2.9234949679666395,-3.0435608424848484,-3.0523926456614183,-3.031016249442457,-3.031016242619668
-2.933907990588565,-2.892940530710508,-3.0666624825491406,-3.0013036416636387,-3.1305504074441557,-3.069684949577829,-3.0881842618300137,-2.9530140877364137,-3.026671019024075,-3.0391499366634114,-3.025640054593595,-3.025640047274267
-2.9259273752287704,-2.8874645156283494,-3.066346248897268,-2.9769102017627915,-3.022835200847656,-2.9765413429772885,-2.964480605773737,-2.9551069046241754,-2.9944956940057583,-3.0071371859862275,-2.9655220560648967,-2.9655220493530843
-2.8598120986763123,-2.8214905040373184,-3.054400279864385,-2.955889166137608,-3.0374482862619194,-2.9733244986972553,-2.989049366635341,-2.972702957953952,-2.9886803130059247,-3.0007252712798143,-2.9649976438192436,-2.964997636933342
-2.8673403928188352,-2.839370520433784,-3.0234931763783064,-2.9241495539302806,-3.033116168164461,-2.9526605313646956,-2.971182242910945,-2.9414246648094555,-2.9834628503025797,-2.9947277757184225,-2.9408835227451524,-2.940883516374236
-2.8430839090545463,-2.8061378300725686,-2.989265807513679,-2.870603188932055,-3.127708332791706,-2.9219557904047533,-2.955058902446766,-2.9393952852690473,-2.997937600713639,-3.0086114672803106,-2.9218421712510274,-2.921842165678454
-2.8297040396806765,-2.802024772275666,-2.9803976283985025,-2.8495219144959014,-3.1565625870393634,-2.9114929852060283,-2.9415865455056864,-2.9333793648217,-2.9929205665454193,-3.003831931065006,-2.9237574211966484,-2.923757415559191
-2.783414128368807,-2.715211831231375,-2.9602432116393724,-2.818876412412898,-3.0718011918908683,-2.869723718977405,-2.876348549544387,-2.887272827899807,-2.9599348528670753,-2.972838627042163,-2.8837778307877127,-2.883777825173115
-2.772708957345628,-2.6812652805696136,-2.9076942093609017,-2.7717654081697956,-3.053082764173574,-2.8286451384635454,-2.8557732947246977,-2.8675469600671475,-2.9629631121442346,-2.97607286027984,-2.8937482779325485,-2.8937482719499537
-2.6663975573882923,-2.595884459746058,-2.8732621254456245,-2.737176574833221,-2.9992652118851195,-2.7884977875072474,-2.834837188081403,-2.8387004597630625,-2.957952240699654,-2.9710820264720113,-2.892640658632246,-2.892640652480599
-2.709784483983467,-2.653352760635637,-2.8658153043875534,-2.73528056114809,-2.917915282427624,-2.7533611712545913,-2.8117849496183758,-2.823974004095491,-2.9480205628636877,-2.9614529696929566,-2.9024155054492544,-2.902415499003783
-2.642756715346509,-2.5824107875034734,-2.843662417946721,-2.7217293675927587,-2.7712313312858328,-2.706267603592258,-2.741465949460837,-2.7589969398785597,-2.9079803369582766,-2.90256260887043,-2.876321357662057,-2.876321350626475
-2.7095904445513446,-2.65396590085829,-2.833740906620007,-2.7178056169215354,-2.8007941141332626,-2.7285772853273036,-2.788864130447118,-2.783798804926058,-2.924295005054362,-2.918244554658385,-2.900711071477607,-2.900711064402492
-2.655902719907674,-2.59284408594495,-2.810580699104521,-2.698974242042156,-2.751941788131135,-2.6965870198618695,-2.7675741046511306,-2.7443970813945717,-2.9103025931056488,-2.906188532243969,-2.874881897222736,-2.8748818901338384
-2.6495476080942364,-2.59480291872005,-2.7826472192593616,-2.6774245388529216,-2.621033406001723,-2.6349725064349223,-2.683763438873114,-2.674229415193329,-2.8576573801045955,-2.8602809708325716,-2.8430054536385483,-2.8430054459714023
-2.6363985368916,-2.602040645059155,-2.7755088088085107,-2.6750277384000567,-2.6602867519733504,-2.6467698616642865,-2.7231941490826816,-2.7110938753800906,-2.8729217180739224,-2.8746351200813254,-2.863555072305412,-2.863555064646321
-2.6706692196947412,-2.6288856036188335,-2.7739396274680654,-2.6783619815809376,-2.7021462949619437,-2.6694977307394105,-2.7743283475482006,-2.744931259370233,-2.8903029263868802,-2.8909234729930664,-2.8752666255460793,-2.8752666180822883
-2.7979533622502664,-2.77039062354895,-2.78702222545625,-2.6967760513891657,-2.7425367361394297,-2.711166326620882,-2.8367254108786732,-2.786537641016668,-2.9070058013302775,-2.9066781766288243,-2.9020132901016478,-2.9020132825813336
-2.7904586362997916,-2.752649979169208,-2.7877702232225796,-2.707459815835243,-2.7401749901717767,-2.7218779989691426,-2.8468646442882446,-2.822957702945251,-2.9107223120196535,-2.910325005477259,-2.901882483506833,-2.9018824760671373
-2.8252612913494946,-2.8001752841511838,-2.7754734405381,-2.706527179118317,-2.785082708266238,-2.7137193305684644,-2.838626751223961,-2.888201147588316,-2.9244421481712357,-2.9225731265943646,-2.882622587499725,-2.8826225811284383
-2.830527784727316,-2.7967987814835853,-2.767827284645221,-2.699575047996672,-2.755318617770388,-2.688935165162581,-2.8102311283937302,-2.9108038149624114,-2.9040642357066844,-2.9036027999330476,-2.857583004603142,-2.857582998113426
-2.847030584108051,-2.827961483661607,-2.768067829840325,-2.6951721989021635,-2.791956166734119,-2.696944257659828,-2.8417650134143537,-2.9131326912965716,-2.891939748505208,-2.8923693649880655,-2.8483863659498705,-2.8483863595153562
-2.8085525248355308,-2.780705001668811,-2.752882870322968,-2.6786915056051215,-2.701227807656895,-2.661360367286384,-2.7954801581254536,-2.84076241965374,-2.852054516668224,-2.857411177244494,-2.816053498017892,-2.816053490898041
-2.801877357572595,-2.7884645214177084,-2.746648471358528,-2.6742028274786893,-2.707930422172363,-2.6691153581256812,-2.826899485009562,-2.8453565306539144,-2.8494840539459467,-2.855583893595626,-2.825590041365882,-2.825590033967923
-2.8258048612446682,-2.7982463631847967,-2.7313809904245234,-2.6650111026091112,-2.71301787977043,-2.6523120819200185,-2.8309786394767067,-2.8203686269760277,-2.844254402662085,-2.85047570498497,-2.8157825431687136,-2.815782535864476
-2.8854663986751046,-2.86666904295664,-2.7391386047285904,-2.6872322019538406,-2.794184968493108,-2.680277416262178,-2.8891918744856757,-2.871653318721445,-2.854950500228389,-2.8598090692397142,-2.841405097778189,-2.841405090314271
-2.899798879334704,-2.880956714471204,-2.7590515805475113,-2.7164699786867583,-2.856312257728608,-2.7156747607262464,-2.9266534341559547,-2.907770925145887,-2.869223434882525,-2.872940994685653,-2.8674018370214536,-2.867401829498219
-2.8319462861566467,-2.8030604080565924,-2.7488724846203527,-2.7020396454522366,-2.7762699183330786,-2.6502417166745906,-2.78313223222846,-2.925665698091619,-2.8451619227526743,-2.8480152926933684,-2.788735349525885,-2.7887353433159454
-2.7819657438596503,-2.7422150074570153,-2.736387251112872,-2.6829318259995496,-2.8523790139849847,-2.6612629961050622,-2.819457603974221,-2.923105200347731,-2.851048228658697,-2.853007772135725,-2.7892211620082255,-2.789221156129188
-2.7745412044410838,-2.740379437005295,-2.7316090008570906,-2.6754208144659524,-2.7998258588207947,-2.6627767743142394,-2.8021844442573927,-2.875424875734827,-2.8171363352055367,-2.820875478437279,-2.761365610424727,-2.7613656041987564
-2.8208982070567554,-2.796611442695665,-2.7365084362112624,-2.6780495061537284,-2.8923959513184756,-2.7099376881760353,-2.8706440802822164,-2.906227453301799,-2.8252751760617127,-2.828386132530651,-2.7751340355979517,-2.775134029395986
-2.8934615450108154,-2.8775775396629246,-2.752467023028124,-2.6979303274741313,-2.963706054126759,-2.763508542019665,-2.923355612066123,-2.9631975912895627,-2.839019686901488,-2.8409956362708333,-2.7998729444409847,-2.799872938242048
-2.921935264345318,-2.904254801621999,-2.7723993059837113,-2.7215391681477876,-3.006855818620512,-2.8138430874302545,-2.956735601362571,-2.9988565216777308,-2.8548320861185434,-2.8554513751612127,-2.829498296098442,-2.829498289815441
-2.9682659060892154,-2.9406798495687196,-2.8001728148641307,-2.7562438261951034,-3.028670658464121,-2.8697029517466603,-2.9858669454712774,-3.041556028928311,-2.8703314835443487,-2.8696909564172,-2.8579552582046714,-2.8579552518586038
-2.9825637367668913,-2.95706494734314,-2.8152816068070443,-2.780207811696004,-3.0246050594462255,-2.9091435425378647,-2.9949896807886294,-3.0623241116497257,-2.883860585639629,-2.882266145244147,-2.8730869022169796,-2.873086896052499
-3.0401259481630634,-3.0103511218101957,-2.831480772131202,-2.7982249059415296,-2.9502414252549896,-2.9149685831896686,-2.9603441683669227,-3.0510107719950623,-2.878231801089549,-2.87717560540978,-2.874410462774593,-2.8744104565515363
-3.0060667056312687,-2.972999318188669,-2.843784429855564,-2.809392893367037,-3.001963441301762,-2.9464735416285253,-2.9821533105626137,-3.0760469081727737,-2.8936375200442024,-2.891375367796622,-2.891682079408926,-2.8916820734581057
-3.01686291684091,-2.9808073064053406,-2.8621915902092705,-2.8278200532068465,-3.024210022407911,-2.9647984536843137,-2.9858816570407845,-3.0947411263513436,-2.9062659801188184,-2.9030581931225736,-2.9035063949070214,-2.903506389261932
-2.9754631259351436,-2.9502869770114897,-2.8770513517685607,-2.8398405500071715,-3.031540374007981,-2.976074732631274,-2.9757801227293266,-3.0955609831470685,-2.9161930820874047,-2.912320522981,-2.9052708417637945,-2.9052708366062037
-2.9251057947301415,-2.904312423491743,-2.8765798780243506,-2.831172133078442,-2.9370589197219195,-2.9266494987377385,-2.89907029018146,-3.091451958708272,-2.8881271357725713,-2.88524915233675,-2.8679628728591227,-2.8679628676932185
-2.905545508067387,-2.908264701298589,-2.891392592391203,-2.838400059664317,-3.025143492014683,-2.9618966354415814,-2.952022411897795,-3.098054682606449,-2.903145168636205,-2.899212955348538,-2.8861876399248927,-2.8861876349477082
-2.887667818809197,-2.887134117658098,-2.873235654134095,-2.820770609394441,-2.9229739554690233,-2.907641782566562,-2.8856927181876273,-3.0335948680363143,-2.876343476743929,-2.872407961165282,-2.859370801003062,-2.8593707957129815
-2.8165219084264552,-2.811926540817347,-2.853168104808184,-2.8046587930475555,-2.8882810953523057,-2.9076756541476203,-2.8941184561414715,-2.985578286559891,-2.861063715694595,-2.8594895780949163,-2.853862352370599,-2.853862346718693
-2.890197230015677,-2.8924861059127966,-2.8516118748101764,-2.8093217107498547,-2.9391973157843196,-2.9462685937022304,-2.9581780139613603,-3.040390622628166,-2.8759029483125986,-2.8737467746236542,-2.882487643006079,-2.882487637178874
-2.9553408529957985,-2.957143874518894,-2.881027101552704,-2.83790429217483,-2.9254866148767285,-2.958642066598306,-2.961043447358735,-3.080357466223921,-2.842434783070855,-2.8426530905582426,-2.8503386366760246,-2.850338630573851
-3.0236618933419197,-3.0171077497071064,-2.9115203175501323,-2.880730230235681,-3.0009610125424824,-3.013503356586334,-3.0290445505265104,-3.1351279577867053,-2.859555726737723,-2.8589960927037343,-2.8792304161025317,-2.879230409920372
-3.0519258515074177,-3.037096251552505,-2.925284313070836,-2.9073243816178262,-2.9891282886819055,-3.0369479534673482,-3.050833505223014,-3.153556755558351,-2.8619011957358182,-2.8620088066382885,-2.882479813462153,-2.882479807119918
-3.0169240568124955,-2.980775523636026,-2.8951787686508696,-2.8825217976637103,-2.886490765615324,-2.9300771809832598,-2.928356816830293,-3.182995534573254,-2.8492831310142637,-2.8496730515000257,-2.819800354113352,-2.819800348868978
-2.9625709879037814,-2.9559982680487593,-2.878841514795175,-2.847971153044175,-3.030333091628621,-2.92046144209549,-2.949298145654057,-3.177141539733602,-2.863375259659483,-2.8622555266682332,-2.817191161780625,-2.8171911573004493
-2.9401901563260395,-2.9295538667678347,-2.884537855631258,-2.8457000929165766,-3.1279202890194275,-2.946898248896534,-2.997231453556801,-3.178307479351966,-2.878560702477174,-2.876469607131319,-2.8456373790183527,-2.845637374431786
-2.9091253775123374,-2.896302322270598,-2.895190997892923,-2.854906188247204,-3.1655876333848063,-2.9743038000342152,-3.017723850064937,-3.1875314054171326,-2.8853688038350254,-2.8837702487349897,-2.8674968310022217,-2.867496826170417
-2.934643804363253,-2.9135207219345505,-2.9154318677743203,-2.8744782636046344,-3.2022269494350093,-3.006336068107476,-3.03229679847066,-3.2098791246413474,-2.9006863483399554,-2.898472066869486,-2.8916290222871073,-2.89162901744945
-2.986648466397358,-2.9711396315173557,-2.9362777111101597,-2.896901077970164,-3.1367365090730295,-2.9978271189089503,-3.0072325874102868,-3.1735946141640015,-2.906205084272054,-2.90485696980157,-2.909933061391437,-2.9099330561080876
-2.983265870315079,-2.9679716121320885,-2.9487099333213727,-2.9220740546529527,-3.140678477814398,-3.0207437258873795,-3.031063616796725,-3.196381823683896,-2.9188187979288367,-2.9174004182382203,-2.935588456856034,-2.935588451313273
-3.0159386582916454,-2.9870670496615217,-2.9593220287870365,-2.9431156183249247,-3.1470456727614904,-3.0491426671098245,-3.0539216078532037,-3.207893191592952,-2.934268803001835,-2.9323640901287247,-2.9624184462417955,-2.9624184405899205
-3.083390343153714,-3.0633671939571476,-2.975563614506447,-2.9740054003234704,-3.1646537640183343,-3.079659768104423,-3.061263035872824,-3.231548508876557,-2.9463373076837995,-2.9444441159928263,-2.9796421088418885,-2.979642103297879
-3.0363918307068913,-3.004000614723865,-2.986445131134676,-2.9817022819203203,-3.047806218552614,-3.0478443920035425,-2.9910020960890944,-3.205343771655034,-2.930219053455104,-2.9294165542428314,-2.959341759431843,-2.9593417537479474
-3.0708797135115993,-3.065833632704402,-2.9786201813039668,-2.9761615323986756,-3.07126284218039,-3.0655341148221553,-3.023381233683765,-3.1956508162202772,-2.946081018080996,-2.9446008511895716,-2.9646032222831047,-2.964603217279974
-3.0560135677351585,-3.057505754555487,-2.990409230943049,-2.993798402028002,-3.09291784241978,-3.0926431696197105,-3.05905335994161,-3.2068269372774267,-2.961877786591957,-2.9598172543695855,-2.991658140915045,-2.991658135809089
-3.064329645369703,-3.0535877676604612,-2.984910942273398,-2.9960702925612477,-3.081741806779945,-3.0909497058679194,-3.069371597518883,-3.1830247599118198,-2.973477119384734,-2.9710328083073665,-2.9921786653845226,-2.9921786607111476
-3.0521072455793443,-3.055572456481201,-3.012290520797203,-3.0238546333050125,-3.0924235610182866,-3.0866824945137123,-3.0642236567140912,-3.186086640433312,-2.9874716534671686,-2.9849998220701606,-3.002762316149014,-3.002762311619062
-3.0592982910469733,-3.0650291066850865,-3.002455116762845,-3.0195124877661557,-3.0734088972040055,-3.0722662826429303,-3.05130101992099,-3.1595744553274083,-2.9896657791315455,-2.987953971568593,-2.9991837521781584,-2.9991837476514585
-3.069414175731904,-3.0506298465183734,-3.0091983034662784,-3.026019103628509,-3.070166420799289,-3.0716066481398228,-3.0455227952865123,-3.148016720203869,-2.982104745873129,-2.9822979059479993,-3.00322750159213,-3.003227496606842
-2.9751180017506558,-2.966674976092203,-3.001838923814735,-3.0247957882303274,-3.0183636107523504,-3.0461232724290155,-3.0320187902317826,-3.1438198868742746,-2.979984964368389,-2.981338026962765,-2.996607491136505,-2.9966074856113543
-3.027441933772786,-3.0332841824180345,-3.030585278069516,-3.0534297718913574,-3.06682890840057,-3.0692947801516612,-3.087683244185238,-3.1803487063530853,-2.989151615562493,-2.9902434391320174,-3.016941384819731,-3.016941379132139
-2.988277900688877,-2.9973687213304734,-3.0537826132248873,-3.0807212221739926,-3.1093679451495166,-3.102585295451029,-3.131076181019236,-3.2104121436478987,-3.0040051115303075,-3.0042859866319365,-3.043068320071875,-3.0430683142549593
-3.0734394233935753,-3.056705693722647,-3.0868944058775907,-3.1157114084990387,-3.110691869959855,-3.1192934412608113,-3.133021441264609,-3.2262505200509564,-3.013340096323228,-3.0134818105248677,-3.056457146865436,-3.0564571410463865
-3.08938742786372,-3.0828265181363435,-3.1326566702922523,-3.1446181564663345,-3.1823628295714506,-3.1532308096979964,-3.1728173456567785,-3.259681156672665,-3.027903333854923,-3.0273829746960947,-3.080986074656059,-3.0809860688040187
-3.067874540621688,-3.063278373990139,-3.1343297897113884,-3.1328744772200183,-3.149946706794231,-3.136097698368311,-3.1177117142202024,-3.2108876586559707,-3.017894779914835,-3.0173642082149867,-3.04638632641977,-3.0463863212232853
-3.0765460171477788,-3.0473055280978656,-3.146212811395875,-3.138174979299593,-3.193426972063489,-3.1548382917053392,-3.1296777667636833,-3.1861669556084253,-3.030986097545436,-3.0295755768169284,-3.0673255002031525,-3.067325494935282
-3.1004392733474537,-3.0523172216196524,-3.1321469565915647,-3.1313023560184297,-3.186185101485898,-3.1527412318721377,-3.1172832588250774,-3.1772906358725876,-3.0163925799121754,-3.01882908176652,-3.0708415172189154,-3.0708415110145575
-3.1219297166346327,-3.0747047078503282,-3.126192198901987,-3.1406369210774003,-3.2347025314773012,-3.1796498751813576,-3.148453438271805,-3.2143466802903156,-3.030325007063081,-3.0323263809204533,-3.0955900866394557,-3.095590080024147
-3.1829691994502047,-3.1215947310888925,-3.1453614497241342,-3.1697582463719893,-3.2502056715606003,-3.1914911091810385,-3.1496738986729094,-3.2351427916222084,-3.0450649042243896,-3.0463288605353673,-3.1038073031293005,-3.1038072970590593
-3.1683916723612726,-3.0974652726233174,-3.1429132887866587,-3.179139534697156,-3.2526373178732406,-3.2071511804326103,-3.1535799478727373,-3.2378862902558767,-3.055185271115226,-3.0562914719784975,-3.116728462682393,-3.116728456657749
-3.206956901731828,-3.1462558194640167,-3.1597891244259038,-3.2050108497408782,-3.2582920578906696,-3.2312513660089492,-3.16676532081151,-3.2468860247188696,-3.062564581684004,-3.0634784371575714,-3.132899176928155,-3.132899170729961
-3.181771515832602,-3.114022002908524,-3.1975454927586897,-3.2358589673083977,-3.2826816885755727,-3.251033617122399,-3.1705899777108435,-3.2729334110652197,-3.0767122294323257,-3.0772600301232895,-3.1398897925991314,-3.139889787098965
-3.2478130447161786,-3.1895297486751097,-3.2174716144918554,-3.261988768345875,-3.2969155043161713,-3.2746375574891724,-3.189937535958109,-3.2797194246816077,-3.086444338258225,-3.086880811853532,-3.1590750737782995,-3.1590750680368016
-3.198470689149331,-3.1336432786808994,-3.229525185016795,-3.2738719452678127,-3.2213083137649017,-3.247519829150737,-3.1705584137112077,-3.2985752685841634,-3.0839785391968015,-3.084592006926757,-3.150130027796824,-3.1501300217881183
-3.2767993929089516,-3.2076966558998397,-3.256107053198318,-3.290145697587914,-3.2549656260299877,-3.269685901997388,-3.1999703761316405,-3.3124735047093483,-3.0981893476525055,-3.098164267845064,-3.1692619107474727,-3.1692619048568833
-3.1686574441234048,-3.1341873307550414,-3.2321486097214387,-3.22742301890047,-2.995928954467677,-3.1604066121075713,-3.0578369879790155,-3.035528606268868,-3.0280800372510024,-3.0355716172843574,-3.1097423847578067,-3.1097423768903525
-3.0293068270060455,-2.980548419744781,-3.174018421880347,-3.149216068350916,-2.9042146268070517,-3.0805324193457446,-2.9952888623697005,-3.0339160021960874,-3.007343587013543,-3.0157313373432335,-3.0585592448149956,-3.058559236681566
-3.038163346189232,-2.9756122266281295,-3.1087018211601865,-3.0667529338802995,-2.898174270755762,-3.016827277672006,-2.9660664949254594,-3.0209734141844167,-2.959516708761958,-2.9706474432081844,-2.956441886214868,-2.9564418796573344
-2.9417722591668025,-2.8536574134633406,-3.0667174313321857,-3.015137399813919,-2.9109170064256786,-2.9678971291616647,-2.929264168256845,-2.9640780520062666,-2.934325269524263,-2.946423020677962,-2.9143893168624357,-2.9143893105716376
-2.8809954426211277,-2.8032617901236723,-3.035441977108648,-2.9766846221917955,-2.964641443173321,-2.9542064490319677,-2.94363269681758,-2.9638204218553326,-2.943976498606555,-2.9551992463553978,-2.922659537007755,-2.922659530955262
-2.869056175819352,-2.794554725025124,-3.0213583952888365,-2.9659470345987127,-3.0312291626877474,-2.981364180689795,-3.0109780171302245,-2.9895979510777067,-2.9535192945414517,-2.9646843706258856,-2.9455287978149194,-2.945528791514207
-2.910746153579573,-2.834929120160533,-3.021820324373691,-2.9682966864557425,-3.0372303578464206,-2.9847157530724133,-3.007451120393913,-2.9806183985892893,-2.939856410449837,-2.9524408758467797,-2.9394632627093773,-2.939463256079395
-2.9035111490472962,-2.8239182449397084,-3.0415421980817277,-2.9949209109330734,-3.089354962708455,-3.021783813609762,-3.021940357335047,-3.001100543189326,-2.952939840624942,-2.964787557051253,-2.9641886402054314,-2.9641886334521685
-2.9696247558903273,-2.8991401258324787,-3.089683126664946,-3.0451585834036052,-3.1418490257703375,-3.0710538337413875,-3.107724935125853,-3.0319787549755786,-2.969093035167293,-2.980098829314866,-2.9904088425182365,-2.9904088357278207
-2.9487002033465375,-2.8654447572161574,-3.095598798852486,-3.0309756767020604,-3.064405330006168,-3.035437991948082,-3.036048388364873,-2.9579816513388195,-2.949489902708475,-2.9593271209267944,-2.933210934412763,-2.933210928153753
-2.975906064791142,-2.9106178524601107,-3.06684311412831,-3.0092536131222705,-3.0638456645135705,-3.0306432844462567,-3.040129208264929,-2.9538672897389087,-2.9582076800693056,-2.96739096464331,-2.94556001211494,-2.9455600056636264
-2.9709961500837934,-2.9102795051722783,-3.0571523407809558,-3.0058234510650954,-3.115019596005676,-3.0522898277573547,-3.0681110117798593,-2.971094014647787,-2.9725178161775547,-2.98107450908507,-2.966628743575072,-2.96662873717255
-2.991764113059457,-2.9337369982056067,-3.045833424999637,-2.997221262841611,-3.104443852842955,-3.04972823009454,-3.0569228224695615,-2.961526214224391,-2.97455866036877,-2.983357996511753,-2.9741761686061787,-2.9741761619504827
-3.009549013392165,-2.943950056176142,-3.0513016292673263,-3.0102521843489267,-3.097563083208227,-3.0595904001149936,-3.0624709687492158,-2.9713028745893078,-2.983848266239877,-2.991967787035789,-2.996171407522797,-2.996171400718081
-3.0402215374291264,-2.975307492480909,-3.0564974285262494,-3.0211166663217357,-3.0960848071276517,-3.076953509393049,-3.068546783204139,-2.978120510321992,-2.99375670075163,-3.0012390737741743,-3.011959422346946,-3.0119594156250087
-3.0271450318023394,-2.9790755966209845,-3.0486975889488153,-3.036767752058411,-3.117158469597882,-3.0969208735230027,-3.075922903819411,-3.033550523675323,-2.997512222994285,-3.0060289599162546,-3.031758884715067,-3.0317588772429658
-3.0840078891836447,-3.006471457790978,-3.0594713527382127,-3.052099388948422,-3.047140610272643,-3.084738251920925,-3.0556971780496394,-3.0318132461834977,-2.986076317627247,-2.994982324000243,-3.0204884528480824,-3.0204884451958374
-3.1153826453413096,-3.0640281364874418,-3.087780175425496,-3.0782029789909475,-3.081033505171285,-3.1164908398008966,-3.090931606286934,-3.046408138114738,-2.996572773260959,-3.0046874836710344,-3.036319800295978,-3.0363197926272756
-3.154801455087999,-3.09726636716388,-3.112106354404024,-3.105353657626056,-3.1121940502908183,-3.1457443362270054,-3.101039329504491,-3.0708829624582465,-3.0064727330221723,-3.014519092318145,-3.055536475158889,-3.0555364673679954
-3.2138727878684095,-3.1547694385343887,-3.1361304127504255,-3.133731445662091,-3.1075755158165146,-3.1625961705602745,-3.1070240437492807,-3.084696134713002,-3.01525108386386,-3.0230705089609176,-3.0720386012744263,-3.0720385934487044
-3.2763197937044426,-3.2170948939140764,-3.1589862151961023,-3.160341649497591,-3.146274700519206,-3.1955934733956126,-3.143684843303402,-3.129605342548779,-3.0313990592964326,-3.0382673890817053,-3.096312005670941,-3.0963119978437446
-3.2040780701147122,-3.1563114180286416,-3.1665730982820177,-3.1546253863256983,-3.2102050327935445,-3.1889703259901414,-3.0992850136820453,-3.1652385750221135,-3.047567001004702,-3.0535187289245194,-3.0978237579351555,-3.0978237509541877
-3.2066760844352116,-3.1477626510886996,-3.1552355584309844,-3.1449887569717836,-3.2444541476238933,-3.1899986255599133,-3.1019479917955466,-3.1730152110123333,-3.0615086578463857,-3.0672028258048285,-3.1127078118177045,-3.112707804856555
-3.1463696559549184,-3.0973005462423595,-3.1382776864352118,-3.114300202701112,-3.1098274909429087,-3.130484221784009,-3.0357358849174148,-3.089016060486752,-3.038773107413908,-3.0466791524048906,-3.094092139748307,-3.0940921323646577
-3.137122274852787,-3.1001522334636675,-3.134423557492375,-3.1002848034681634,-3.152496759792635,-3.1451967784358423,-3.044712099549963,-3.113986977852929,-3.0552597788391616,-3.0625459169481677,-3.1140384398710386,-3.114038432657844
-3.147612750751075,-3.11689680833784,-3.1257099422933314,-3.103194209992744,-3.182524390422092,-3.1658853179382254,-3.071106550099287,-3.1645470528005357,-3.071221247673564,-3.078014810874271,-3.1380070859760725,-3.1380070785495926
-3.134881609700872,-3.1185809411057352,-3.114534246271972,-3.103693846783841,-3.1781793096985944,-3.1775926652757307,-3.083295062461774,-3.1691578849831004,-3.0848738176089148,-3.0911049287231873,-3.160664661346512,-3.1606646537889604
-3.16708059285662,-3.1590260113641726,-3.1180491294213395,-3.1202457649853574,-3.1753674122779136,-3.1931166209946946,-3.097977771206591,-3.180655155693908,-3.1006424484134487,-3.106372842053428,-3.184827858673996,-3.1848278510925447
-3.2245229971248848,-3.204562589041826,-3.1335395535615413,-3.151013470051256,-3.1711684504604603,-3.211636654290083,-3.108289987984174,-3.2189676358522563,-3.104037177085991,-3.109960134513897,-3.1913791001661456,-3.1913790924298286
-3.2373100923914,-3.197630465031261,-3.1513605409720675,-3.177338455495566,-3.1571795814450874,-3.214397996108159,-3.114798745046757,-3.2041181346282164,-3.0973758827605704,-3.1056295107172702,-3.182385653082124,-3.1823856448230416
-3.192433213002762,-3.116098299123216,-3.160399278134692,-3.1827554041799195,-3.089575649914801,-3.172485070592627,-3.052264134021028,-3.139943399986411,-3.063427360530895,-3.073623487201132,-3.1234519368746083,-3.123451928630558
-3.2231406080838334,-3.163132404770428,-3.1681358235268955,-3.191864095240451,-3.122837175400905,-3.1854243544110132,-3.0837583295173983,-3.1430879071742686,-3.079117629650379,-3.0887285640953865,-3.1489010219333826,-3.1489010136122406
-3.181737909687573,-3.112196904349534,-3.1713781994231898,-3.2011139096117853,-3.126949610055329,-3.192755039726057,-3.0846812465600393,-3.1416860237435853,-3.0721512494605654,-3.083556521674297,-3.1500854659725244,-3.150085457180919
-3.2144760116248405,-3.139077750332616,-3.1874344435236153,-3.227988563271031,-3.1605506075524805,-3.2099196021298098,-3.0995995534335616,-3.1697093723420524,-3.088243611391823,-3.0987699865558547,-3.1650974709224324,-3.165097462391533
-3.252760426495868,-3.1691589502503072,-3.1937583319160185,-3.2445868632981303,-3.1734489843357356,-3.2281684158114414,-3.1305621951871867,-3.209645285555867,-3.1004803501616376,-3.11028604553995,-3.17480761840048,-3.174807609742551
-3.2628268162638188,-3.1667898383717965,-3.1971129814409567,-3.2521284918491467,-3.2156500204724483,-3.251546100213077,-3.160898161465505,-3.2394462578184204,-3.1167548694798244,-3.1258161384776737,-3.200166326846042,-3.200166318133575
-3.248780867048044,-3.2002176245883347,-3.210778327598975,-3.264936813286962,-3.16339327430193,-3.232497965180707,-3.147966701531294,-3.2303035533048634,-3.1129026250375142,-3.121697629103798,-3.1988522483280275,-3.1988522392272283
-3.3320945909580697,-3.2608006341561246,-3.2159251819384225,-3.2696313763959957,-3.1710930210306936,-3.2357522715879248,-3.1528723203540094,-3.2190636462372963,-3.116116227260443,-3.125743672312635,-3.204071578587344,-3.204071569201175
-3.305236372470925,-3.251021245692842,-3.237085783677569,-3.283532219395913,-3.191945464676454,-3.2557346438462966,-3.1780245979473234,-3.2225996204344343,-3.1284307948996593,-3.13758676093023,-3.2256867862285015,-3.2256867768131454
-3.324019705867732,-3.270722792070413,-3.2452211371811153,-3.2914234594694523,-3.2198550034822784,-3.2688638955609184,-3.192333452287918,-3.2596251467738435,-3.1432839477863017,-3.151404181430889,-3.241197747935059,-3.2411977386621547
-3.277181669041153,-3.238041277418251,-3.2494546784796507,-3.2963571261422198,-3.2469534566090226,-3.276832974708667,-3.1863663754702762,-3.2580633342883956,-3.1459139828643683,-3.1556081674491496,-3.2471183149457783,-3.2471183053691686
-3.199129518037361,-3.1128912567814773,-3.214412213596717,-3.2561155988990436,-3.1240441238630288,-3.190502884362462,-3.0680968518277947,-3.154146575745161,-3.0955027948005513,-3.110082422447622,-3.1534547894358487,-3.1534547801517947
-3.1473734366187465,-3.0563243572165404,-3.2010167055240983,-3.21988359049081,-3.148428627160059,-3.172748938968889,-3.0789290300990144,-3.142601870748559,-3.100450337465307,-3.115027703611141,-3.1583368890107524,-3.1583368794518427
-3.1288708749476517,-3.043327471149146,-3.1989524959782822,-3.197493622066641,-3.203845699683253,-3.182267168356935,-3.107569610386057,-3.1568731416565514,-3.11516308938601,-3.128664780598935,-3.1830363445586998,-3.1830363350051853
-3.1060686625288776,-3.027581204251188,-3.2047131674168297,-3.1829171821844313,-3.1682215761018218,-3.1636854204193834,-3.089509655640497,-3.131968519007433,-3.1188560050796,-3.1325643437843107,-3.186978032585982,-3.1869780230007447
-3.007613726982008,-2.933071545898942,-3.1514922481390824,-3.128185378074332,-3.120809282791777,-3.129129949071196,-3.049520332822154,-3.1033865210554312,-3.087981844214894,-3.1070389877708147,-3.161655657552572,-3.161655647119477
-3.0357763466055787,-2.953552462572728,-3.1354138119884105,-3.1141561912849465,-3.1513346171502232,-3.139300585894274,-3.06852083101815,-3.104606368638898,-3.099316472680346,-3.11723214468033,-3.173212119980912,-3.1732121098804287
-3.0843310901176983,-3.00975596627903,-3.1184138931544716,-3.0967370232147915,-3.120048522219003,-3.1330636952430067,-3.0628691294638104,-3.089753059887719,-3.0978566405133674,-3.1148692219033887,-3.1684146239714237,-3.168414614062484
-3.0087363299756116,-2.8796002270948073,-3.0643527526148167,-3.0299773730110804,-2.915896240455711,-3.009087268471651,-2.8976233909587354,-2.88154559175309,-3.0089891140576857,-3.0274847772007973,-2.9857455120512624,-2.985745504191171
-2.9734013484224002,-2.88714786483379,-3.01737408771667,-2.9667247312819844,-3.0031625420746266,-3.0259970424369755,-2.974917614563387,-2.9217829656800647,-3.0226761749483,-3.0399935243648817,-3.006579997437245,-3.006579989594658
-2.930234556811899,-2.8360916407610883,-2.9882942002215147,-2.919711202415201,-2.9510684030476177,-2.986548543918367,-2.9462671369355893,-2.887150412231347,-3.0090537803176094,-3.027424475023296,-2.998885915866368,-2.998885907929387
-2.901334066347903,-2.802538941933636,-2.9300969250021103,-2.8637214897381664,-2.928738144232996,-2.9449662747502248,-2.953210289490852,-2.8213433115739477,-3.0157980283980224,-3.0264132829657098,-2.972689138979643,-2.9726891337659533
-2.8660112119916015,-2.7838353695035334,-2.8857646794749727,-2.819786504861496,-2.9586174925877757,-2.9377553166750237,-2.9763286551991124,-2.842321848825461,-3.0271108752627773,-3.0367392679526897,-2.9932971882849913,-2.993297183038154
-2.8075566473440157,-2.7185396625206195,-2.853938420769003,-2.7878710634491966,-2.8322610000472785,-2.8789210075438776,-2.901418315450369,-2.7798626115659055,-2.984268083216723,-2.990230920997076,-2.962752610574287,-2.962752604711804
-2.8604957276843446,-2.7697555714576136,-2.8376059389921955,-2.7724023991776527,-2.8533123363659856,-2.8839267910662545,-2.9317603902514056,-2.795875332654463,-2.990371329513827,-2.9956846286080725,-2.972296016551537,-2.972296010816806
-2.854831136444172,-2.793190514003254,-2.8531241043573212,-2.7996985811930655,-2.9211780473362374,-2.930932246412976,-3.0063480846267066,-2.8340717340310384,-3.016670901062085,-3.0585517795391874,-3.0402325800824963,-3.04023257869739
-2.849878596565737,-2.7957731621196453,-2.872772931104307,-2.826126587352965,-2.9750059344245345,-2.9695358650157067,-3.037981492821073,-2.8705059602865464,-3.0325450374643435,-3.0731091979212244,-3.064222624725122,-3.064222623236555
-2.9588246871040496,-2.914662765586134,-2.898718268585438,-2.8662932827610685,-3.034159887267113,-3.0199037546670664,-3.087715669324934,-2.9260505691668133,-3.0479056375303917,-3.0873708469684527,-3.086138172133042,-3.086138170662855
-3.012946009354115,-2.956550638563526,-2.9305391537041072,-2.907493520783294,-3.0683431913769703,-3.061168640023125,-3.116853204916949,-2.9518864828794684,-3.058242324986254,-3.0968019003481113,-3.0981339355677884,-3.0981339343755714
-3.039887025525548,-3.007788374125523,-2.95421932334864,-2.9399770189880323,-3.0784027105415026,-3.0863363002857707,-3.1158523231450856,-2.9588441406200117,-3.0632154714849538,-3.1014287970002776,-3.105291667700752,-3.1052916665423407
-3.050103886649092,-3.0139917060307178,-2.9709113467061314,-2.969192952048438,-3.134667728228867,-3.1354133626820717,-3.1460856552755736,-3.0175910080314323,-3.121092862146998,-3.147782120697767,-3.17328172817741,-3.17328172798742
-3.1555312715524906,-3.1126185846891796,-3.030699526845906,-3.0196947524548117,-3.157840687005018,-3.1908353459494454,-3.202505475209672,-3.077965497055304,-3.1507217901628755,-3.196324957101722,-3.217489408600424,-3.2174894070329048
-3.135152965153088,-3.108576257119619,-3.065646666609816,-3.042146165240368,-3.1978200665022194,-3.1988861604949883,-3.1936180960495215,-3.094760576545212,-3.1656716128824582,-3.210047727567779,-3.2208453726274144,-3.2208453717046575
-3.2225988681044706,-3.2094289390731876,-3.0451489227232122,-3.0134645476495514,-3.046050171519154,-3.132169579544732,-3.0979120111898495,-2.969393159534066,-3.110484947471686,-3.15954979628149,-3.1619862339512013,-3.1619862324599755
-3.144334798314876,-3.1867096412626745,-3.0338805008905894,-3.0050119343705113,-3.119998599854547,-3.168001672060671,-3.1662476290848294,-3.0237683730060523,-3.1269157339418943,-3.1745579619848234,-3.186259452349412,-3.1862594509088877
-3.135295869393105,-3.177469962149417,-3.02225439099687,-3.0025404609568005,-3.1213565336971767,-3.163466101700246,-3.177960525608403,-3.0883864821027354,-3.1331747006113813,-3.1796995091622424,-3.1846773485423787,-3.184677347254097
-3.227258630276,-3.2623662155424142,-3.049579472593921,-3.0262871294217675,-3.189222473211193,-3.1937733518788924,-3.2213084291402296,-3.166467653769434,-3.1838788378979026,-3.2009077137333133,-3.2294878634841915,-3.229487862180753
-3.249663904324211,-3.2747148891108813,-3.0643194272283205,-3.052096582151581,-3.215398223804253,-3.2203505707645186,-3.2480732076749597,-3.2094908431990485,-3.1972167220125924,-3.2131970849113998,-3.251825464347921,-3.2518254630971324
-3.2876053313502243,-3.3139640163596646,-3.091637169109657,-3.0934123322566807,-3.23373904526257,-3.252210651467477,-3.2724541294372873,-3.238373899822374,-3.207456826024668,-3.2226406092637614,-3.2706793446389604,-3.2706793434113344
-3.295342392620694,-3.3346392514874053,-3.115699036079282,-3.1282815965993493,-3.2608012181923183,-3.276983024377616,-3.282763599919454,-3.276303199687396,-3.2217218413418687,-3.235529184703021,-3.2877190821996303,-3.2877190812550507
-3.349845536858622,-3.3433679687284577,-3.118227431510526,-3.170314929656281,-3.2660866772925004,-3.286220902632322,-3.2934539995266223,-3.284510470290344,-3.2275560557077325,-3.242032133732349,-3.2906569268215193,-3.2906569260271405
-3.3944024063559395,-3.3746977517477412,-3.144219999100245,-3.2130796271326187,-3.287716411718301,-3.3018381500456093,-3.2996700051378585,-3.309838136629232,-3.241142227415945,-3.2549376160568206,-3.309832840860711,-3.3098328401594586
-3.370918668368065,-3.355121833587991,-3.164368505896115,-3.2403043586116564,-3.2925113889078195,-3.3153831661610145,-3.313673919146174,-3.3401322605783883,-3.25028916782186,-3.2630255630897724,-3.3217271789464027,-3.3217271783337967
-3.3794540623003777,-3.3638487314860117,-3.1707735817665057,-3.2377611837506723,-3.318683082539474,-3.2939404424748755,-3.273799667928329,-3.3872213302415264,-3.260376668006913,-3.2712448191929875,-3.30820452525536,-3.308204525732732
-3.3930120894333298,-3.376183066322036,-3.1905069423806296,-3.254909734515543,-3.355813119855231,-3.3140333772204063,-3.2782745018011603,-3.385941698508726,-3.2720625434746804,-3.2821318474078742,-3.3287995499318823,-3.3287995504052468
-3.3389039701404597,-3.302981830195993,-3.182284598291279,-3.2502121890723004,-3.3345671842409716,-3.303742153410619,-3.2532950278321313,-3.3571104882610605,-3.2657550943201885,-3.2784175150337784,-3.331497350200391,-3.3314973502013183
-3.3420163741526143,-3.3120073758741873,-3.1828537941951867,-3.2568630195533643,-3.3537273948448774,-3.3128277613898716,-3.264948432010324,-3.3507754935462652,-3.277894075845227,-3.2900417189681805,-3.353175259870323,-3.3531752598423594
-3.3695914142804044,-3.3343023834004346,-3.195769076777542,-3.279103693283021,-3.339944116795554,-3.3255076563798767,-3.2826452817951686,-3.3542549191719813,-3.287846792664896,-3.2996219016940795,-3.371061562923677,-3.371061562820034
-3.404435791078481,-3.37759397533032,-3.2052771782275116,-3.2967069487307463,-3.3155855358861177,-3.336812963108945,-3.3002582743023154,-3.3336239510438417,-3.297478233918661,-3.309598591941956,-3.38160679202669,-3.3816067922474344
-3.4032339082898075,-3.3989163827849755,-3.2351211632505272,-3.3225447432657207,-3.3315117620246775,-3.350647669628887,-3.3148601865918903,-3.327079033259298,-3.3108078168251165,-3.3224684226767227,-3.3961633275031975,-3.3961633281560433
-3.4665521963417465,-3.4778371151943186,-3.2683222102222445,-3.3634768861182653,-3.371558893275447,-3.3820534031053917,-3.346465197489644,-3.3634746242711513,-3.3222497787012073,-3.3334173001966745,-3.416539244239229,-3.4165392448598952
-3.3788419330284385,-3.3648740775094104,-3.273352747528325,-3.365623007240989,-3.291493903482765,-3.340979550847924,-3.305259199158501,-3.3151931498571443,-3.275004556189743,-3.292772263377544,-3.360615647646589,-3.36061564711909
-3.3821584241924985,-3.358670878826905,-3.2754881689358024,-3.362239661616672,-3.301346097291878,-3.3243258719491156,-3.2870453035068556,-3.279873772404175,-3.282068748964446,-3.2981658516216545,-3.34797844548949,-3.3479784458252233
-3.319225899328638,-3.3158099413272764,-3.2572872035408302,-3.3309230490457,-3.1961011869231384,-3.270092375485534,-3.233135304728435,-3.1854789256608202,-3.2533172483253026,-3.2722348071518295,-3.324683329539547,-3.324683329330677
-3.1553140405409508,-3.3296049535630545,-3.2345166244155923,-3.3144310885882438,-3.198102390709797,-3.2713218222992753,-3.2551195753708955,-3.2019675678147315,-3.260911191489461,-3.279382659836341,-2.1041646723352256,-2.1041646370794123
-3.178848533725958,-3.175110658375311,-3.187361438079706,-3.243386087178322,-3.0343531465824207,-3.1712532346450457,-3.155612235573696,-3.14175161431799,-3.1938417368796026,-3.2153634342890616,-3.226239432965663,-3.2262394319408703
-3.1501167372020413,-3.1511754562895615,-3.139107006883819,-3.1852647704634656,-3.029014681253917,-3.1531490872208394,-3.166202328028169,-3.157665742870765,-3.18452447098855,-3.2073564782476556,-3.2200835580830143,-3.2200835568741555
-3.143539881090669,-3.133106462975668,-3.1154130438934073,-3.158784851114889,-3.1215213506488806,-3.1760076104033996,-3.2297469824961733,-3.2385019782538103,-3.2005661158892957,-3.2220447051039534,-3.23669285022521,-3.2366928493407836
-3.1742519445844297,-3.1881925853545496,-3.147869622321177,-3.1820847588970307,-3.2002499733150858,-3.2163740583528515,-3.332814766622017,-3.2888839693845777,-3.2141618866330353,-3.234631496748362,-3.2551484693253814,-3.255148468582867
-3.1532497905732524,-3.1358061229886554,-3.1996462462967106,-3.2104085325063463,-3.2135009930861766,-3.195462497458332,-3.2455143209064383,-3.286427128381952,-3.185103678092971,-3.2027372448569453,-3.182129146293133,-3.1821291473140647
-3.228174053094947,-3.2031477187980064,-3.226019924078808,-3.2310939646424894,-3.2684267456412868,-3.2058226065038813,-3.2567987773391742,-3.2862347580466493,-3.175842308916491,-3.1950011172803023,-3.17983913431714,-3.1798391350808606
-3.242002329954148,-3.2154215158369817,-3.2569037282026354,-3.248718786978079,-3.2824773309841264,-3.212558431900163,-3.2864415702543233,-3.3081029776994133,-3.183242656131916,-3.201737560160324,-3.1878897906024544,-3.1878897915235282
-3.2212738677991477,-3.1788367029724642,-3.2444896878428606,-3.2251539071610638,-3.271511148363967,-3.1779663770236173,-3.219242667734375,-3.322677089149518,-3.186511670531817,-3.2032175584905076,-3.1669381802269534,-3.1669381819213522
-3.182432087963294,-3.1505867602971365,-3.228567821070471,-3.21822692879012,-3.269733310241579,-3.166905815581381,-3.207449807535829,-3.323058148180674,-3.1897406738359093,-3.2074270032557477,-3.1761861790672565,-3.176186180593555
-3.2118752987681036,-3.1700327966802284,-3.2211430401151855,-3.210943955135847,-3.3235421598526016,-3.186257210965787,-3.238382416425748,-3.3328601206599195,-3.2040420423497467,-3.2204563553450885,-3.200566949443777,-3.200566951015738
-3.2457096096447486,-3.2032694061792286,-3.2361467606621677,-3.2277706658106293,-3.301486818260751,-3.192710667964565,-3.2291181567688656,-3.3557680081357266,-3.179108224662996,-3.197609942510908,-3.186607580977537,-3.186607582075592
-3.254412254532294,-3.2257489904680927,-3.2431434408923705,-3.231846062079837,-3.3240539867200614,-3.2023371106053933,-3.2321992778318367,-3.365551075730676,-3.1936288145350047,-3.2109265882180074,-3.1951154160967703,-3.1951154176473113
-3.226630305372176,-3.1907345844140615,-3.2368591528564954,-3.22694476387407,-3.3214946405153025,-3.2077097783403383,-3.223467923165087,-3.3346494139994536,-3.2012913683745667,-3.218940448368489,-3.2115362442288466,-3.2115362456055414
-3.286923093829996,-3.2528844985699745,-3.239662392791579,-3.238892442169459,-3.3072226377884313,-3.2209149446619922,-3.2396822175861035,-3.312595752997527,-3.2110986088347095,-3.229342400447008,-3.229923088798203,-3.229923090113088
-3.286942820454188,-3.255172834567059,-3.255029948128357,-3.2583607056701327,-3.3185611589408097,-3.2423692078198383,-3.2619406632977648,-3.314700558958776,-3.22679507746125,-3.244128488429827,-3.25374878221222,-3.2537487835546934
-3.267342464623378,-3.2518278966374314,-3.2694808787560685,-3.2835601176293685,-3.3155132682529946,-3.2667944582516126,-3.284348071228244,-3.3257765024105,-3.2408987839471575,-3.2575843471159907,-3.276616152273741,-3.276616153549683
-3.3731602108977277,-3.327482314763346,-3.287131334086788,-3.303469748146,-3.290072147331153,-3.2763263729704457,-3.268031830142566,-3.3244739275571584,-3.236689273592503,-3.25332943304514,-3.268813672495429,-3.2688136739277693
-3.3705904577228796,-3.3415697091670413,-3.2942933075057317,-3.3154566142780384,-3.326696195999421,-3.302335194140868,-3.2959538429824002,-3.345793902407307,-3.2521534890333688,-3.2680195660318327,-3.2895387348423935,-3.289538736442926
-3.3966488562556756,-3.3603844825178406,-3.2978192112545193,-3.3228041063093694,-3.3149514827807574,-3.311397343249137,-3.2717176486631665,-3.3140008007798705,-3.261055252207968,-3.276600875249505,-3.2980157545573543,-3.2980157562256363
-3.2542787883840876,-3.201301153297804,-3.2478386336280343,-3.263321724766698,-3.145502916260269,-3.207967618733667,-3.1381829904296423,-3.2088550363038815,-3.1738399893392457,-3.1969602653578066,-3.191983829807471,-3.1919838304277652
-3.2603718033837423,-3.203622794408705,-3.233154660713983,-3.2461824519485183,-3.1853821698826694,-3.2078250637423587,-3.1705387283251314,-3.213733117194362,-3.185080156859549,-3.2073145018136935,-3.207376998753424,-3.207376999325077
-3.2390631738052313,-3.187357491756991,-3.229352067370895,-3.2239523355314916,-3.240185761400021,-3.1967262308349813,-3.159385525386237,-3.2190454885038906,-3.1974494086883842,-3.2178449102615216,-3.205462323098473,-3.205462324423947
-3.1840734085241937,-3.133320064539308,-3.2170800554724623,-3.1986208044113242,-3.2404234058728436,-3.1776095577690295,-3.134951393064541,-3.219430182553718,-3.1966708119127087,-3.215818246621632,-3.1979678748798435,-3.1979678764224904
-3.2247684400569856,-3.1725897474465983,-3.2063991751089285,-3.194445380914098,-3.278808277663807,-3.2003467640461425,-3.1716234794597793,-3.2236914051903245,-3.2092455686025945,-3.2282321402761793,-3.2205664123577487,-3.220566413808688
-3.2168123123843912,-3.1824675179962836,-3.204215393793392,-3.199712827120575,-3.2982122017615483,-3.222495570236682,-3.2017979870334807,-3.2265985419250724,-3.2235023572491057,-3.2417026127941266,-3.2396186164971104,-3.23961861806951
-3.294219735664263,-3.2677513276729324,-3.2134343894692305,-3.216870211938684,-3.328299758364536,-3.2483310176190487,-3.2206801248454413,-3.271426643800387,-3.2368818951495273,-3.2547852933909307,-3.2616557824756276,-3.261655783917093
-3.329596935160504,-3.3049048109750903,-3.214857027853307,-3.202431811041822,-3.2700806153691517,-3.2178745006329295,-3.1694276905511263,-3.2251235135268597,-3.2297605141545365,-3.247084921376552,-3.2488955561017114,-3.2488955578374865
-3.232542644384647,-3.2052048658734127,-3.21888375542303,-3.2069187631289995,-3.302290692996076,-3.2455905157003135,-3.1934468789648154,-3.2363562313552925,-3.245387271808716,-3.2621757322336693,-3.2732996426103567,-3.27329964427999
-3.325622577961115,-3.3087187682453183,-3.229291005971094,-3.220867648795763,-3.3050528284971152,-3.266107560026022,-3.213390519934551,-3.2486376897441835,-3.254003787032965,-3.2711296047560143,-3.288071048170959,-3.288071049775003
-3.252532384365816,-3.2383922000536853,-3.223296341770908,-3.2182443238594285,-3.2929871155049013,-3.2638660366828063,-3.200259887884003,-3.2750260186833686,-3.259097733131743,-3.2749886585426893,-3.2874770420069996,-3.287477043795109
-3.3011475752957353,-3.292540184323466,-3.2427768313868883,-3.2314856077005523,-3.2975671028856937,-3.263879660459292,-3.204197775781477,-3.272043093523418,-3.2731823331868757,-3.288972584106377,-3.295570814384347,-3.295570816327349
-3.293124826886872,-3.2960235224950942,-3.2488375830855487,-3.242196101561508,-3.2776024973424716,-3.2602765098121695,-3.1984928516300917,-3.259789891823847,-3.286398334189581,-3.3017295279013137,-3.3111770839854398,-3.311177085929896
-3.2454748292178572,-3.286166142892342,-3.2389119161370123,-3.2347989465031133,-3.2370978156038883,-3.2352217018113785,-3.1874049113899967,-3.221890319469331,-3.294954939598342,-3.3122813685481662,-3.306565782697109,-3.3065657856744513
-3.2993387652275117,-3.320727285146358,-3.237778336766806,-3.2446125982947116,-3.2548735388293943,-3.243725340441248,-3.2062449496568055,-3.2426737198013984,-3.3045535812240043,-3.322031999475038,-3.327955266957039,-3.32795526961062
-3.27362287020189,-3.3109409488734642,-3.2233252443786355,-3.2432995272133027,-3.2156510757225982,-3.2411469790089464,-3.217669837620609,-3.217650866552056,-3.29753468106337,-3.3161921149858213,-3.320866841033996,-3.3208668437828313
-3.190174668157559,-3.2354931808051415,-3.193804777964706,-3.223523744958039,-3.174516856218258,-3.204959221919169,-3.193062519553488,-3.2035830336744335,-3.3135350869497966,-3.331405266022756,-3.3306343546656523,-3.3306343570075816
-3.2441710296366537,-3.322184274658681,-3.2015585486991816,-3.2278293669987437,-3.1627099682448003,-3.1805251735213806,-3.171306324771695,-3.197273620480417,-3.3184349199360144,-3.3386793430906128,-3.3457092776196173,-3.34570927947698
-3.184250509489737,-3.2370447869062384,-3.2129295782091294,-3.22806161931519,-3.1971528898258565,-3.180331998222794,-3.180733197075569,-3.216413976258831,-3.3270792565376035,-3.3457387032864068,-3.3486697137418595,-3.3486697156594425
-3.2035411448259534,-3.285032022513671,-3.2196760994022036,-3.229304764038083,-3.2107776873723535,-3.1955073967537944,-3.2042779497825187,-3.2256194972410532,-3.332311272929762,-3.3511541330081847,-3.3627933066752336,-3.3627933084227712
-3.177977341412669,-3.2481121426142257,-3.2138695458534503,-3.2112426534816647,-3.202715705468887,-3.203898375622167,-3.2119169746586773,-3.2227246223871058,-3.3331758925512043,-3.3516405620400533,-3.374631849600048,-3.3746318512095517
-1.7983650265708953,3.046517219680884,1.8196057517795095,1.9613749898635051,5.805408333542757,3.5953547109602084,5.3633614863630035,6.525721665191941,11.822818854995516,13.07639382499628,15.229473196122733,15.229473472378931
13.56779380469164,19.15874738184647,30.775361810917857,27.555916083617646,13.439447197454028,25.798519890897417,20.06920843630037,16.093780134874137,37.914850346162254,41.4498518120748,42.482298551033686,42.48229860504952
-2.832638180534863,-2.822803248885335,-2.8779824246506194,-2.851614516542751,-2.6025751451431502,-2.8432741371100074,-2.7008924785709802,-2.6701816680961454,-2.951871143703066,-3.0274070612682085,-3.0244729785990287,-3.0244729772406576
-2.6802287971565932,-2.6762048635582376,-2.743264243681532,-2.73275024733205,-2.6036676086723443,-2.818588751653482,-2.7093423615933903,-2.7056425688530035,-2.95296137260143,-2.932000044713601,-3.0367052122841103,-3.036705210109152
-2.7050874891743817,-2.7311843769636495,-2.6969311527816253,-2.6961143103705627,-2.6345562732363685,-2.8211248163097142,-2.7305109134834584,-2.7356767545512914,-2.9421364618815486,-2.9299555638742594,-3.023227141858618,-3.02322713993553
-2.763733313326896,-2.782446759074751,-2.7036819689753275,-2.7149945095811163,-2.668396270574439,-2.8162027883324887,-2.7574790690092454,-2.7548423189611153,-2.942911847158752,-2.936433273332651,-3.014024680829457,-3.0140246790526652
-2.657982380562296,-2.6477896236270846,-2.7090656731495004,-2.7245113785819055,-2.742816843280934,-2.824151010664935,-2.819986065750678,-2.8051276522548307,-2.938090131107547,-2.9403856753258095,-3.025183292825916,-3.025183290467833
-2.6434679829690655,-2.6244221629276128,-2.7325958180485705,-2.7489652753731186,-2.829095789091901,-2.859771797612593,-2.893874092301446,-2.8653874595252287,-2.9606126267969715,-2.963970183616377,-3.0455661834558674,-3.045566181484496
-2.6959265548381035,-2.6525135411523006,-2.758346122178298,-2.7747555289445454,-2.9213227846879404,-2.884693474362159,-2.9487677739215528,-2.915483048505817,-2.979874219388191,-2.985488025845489,-3.0503399031984575,-3.0503399019577224
-2.731019735404713,-2.6909064360258608,-2.791350695251379,-2.8043949932139283,-2.9602059668346463,-2.9015121328646476,-2.9851794144852812,-2.9596427197393886,-2.9973705694457458,-3.0042036388518922,-3.0574458974776606,-3.0574458963157256
-2.7753024598485556,-2.7461634718399788,-2.8107124704124042,-2.824427958731963,-2.9703847313433367,-2.9245613389434117,-3.0218298147623526,-2.993587025515054,-3.010768617468044,-3.020256595549008,-3.076703664720714,-3.0767036635332037
-2.799910291662191,-2.764217979354538,-2.8167666186848814,-2.830101575639829,-2.948314375157677,-2.909076253206075,-3.0125205963361013,-3.008314408239287,-2.9633337670330415,-2.9855590888045755,-3.040311356070852,-3.040311354302141
-2.8593177286664884,-2.8153957177013327,-2.834341768476498,-2.8440873764345533,-3.0336715574610733,-2.94168756508654,-3.0715398224430888,-3.0444950707980003,-2.9818534712219167,-3.004035751519736,-3.0614923787065575,-3.0614923772303904
-2.9386527527797863,-2.913691819262821,-2.8596174581153155,-2.867925064279604,-3.0705468173211403,-2.9745459576311655,-3.119340023749448,-3.075832406074901,-2.998730168550491,-3.021542546143621,-3.073270310314368,-3.073270309041309
-2.991614677454461,-2.9508351410456513,-2.8775542585349068,-2.886416007323364,-3.0799144932357643,-3.0051539624901595,-3.142763110207967,-3.096224737093785,-3.0126506041013017,-3.036404690201106,-3.0932746085629743,-3.093274607457004
-3.0228812077055585,-2.9851938244546714,-2.8897043617084885,-2.9001086871509716,-3.050347122998557,-3.028018025061635,-3.148567803989598,-3.096086628941681,-3.019768811686726,-3.0454450279783756,-3.0994895674478027,-3.0994895664360547
-3.0535547117250443,-3.0329744104319296,-2.936326930231931,-2.9449081580626095,-3.0598013855332415,-3.0549750115466807,-3.1621824029349552,-3.0951498250691167,-3.026878114309963,-3.052922993459713,-3.0955330857310335,-3.09553308515417
-3.1399168497033334,-3.133177680837889,-2.9602977229593845,-2.9661924087360787,-3.13060488047325,-3.0827465058618886,-3.1836440519140448,-3.127196023039505,-3.0459990495586364,-3.072576863017116,-3.1059507490545264,-3.1059507490630045
-3.1137084804557036,-3.1069879536972866,-2.996055952609997,-2.998169164539062,-3.173262129823792,-3.1041510190709602,-3.1902581299470913,-3.138162684020696,-3.056699194500329,-3.0846105148747847,-3.115490848828359,-3.1154908490191726
-3.1143824107941596,-3.1098697888541644,-3.035960131205978,-3.033870727787462,-3.1958128782497623,-3.139479165512368,-3.243752402480517,-3.1629255179276177,-3.0756256920766423,-3.1034961534107817,-3.136670708704039,-3.136670709164556
-3.1359351276854577,-3.135988097084878,-3.0614711432786073,-3.062083611391338,-3.18903264717496,-3.162174776638079,-3.253814004668407,-3.1782686740573847,-3.092378227710908,-3.1207966817467465,-3.1632580701095554,-3.1632580706136886
-3.19318150409611,-3.1764301860167192,-3.081676165111526,-3.082962826140285,-3.1885658303394804,-3.1792037356969014,-3.2640046714086726,-3.1783029594762238,-3.100286555635262,-3.130641787322322,-3.1802328119574197,-3.1802328123011243
-3.1835153581140427,-3.1850085065489915,-3.1069270988025313,-3.106687267139613,-3.2037940025113976,-3.19805303697276,-3.283760780663146,-3.1891787361385697,-3.1196263653079632,-3.149568887637945,-3.1861940913008673,-3.1861940922901164
-3.1328712088620305,-3.156037704365659,-3.037026724245159,-3.051570831011186,-2.944284618668942,-3.0872604667187424,-3.0913529092581435,-2.9707109251145236,-3.039503165269834,-3.0763559915860603,-3.126935268495885,-3.1269352678840425
-2.9765680522010367,-3.0016761954852065,-2.986838915634351,-3.001182339360614,-2.900918996892237,-3.0589571791252315,-3.04136533977608,-2.9550362066166977,-3.0345713572403996,-3.0737955164067103,-3.1234481908388663,-3.1234481902751785
-2.953041557321181,-2.9411674150688034,-2.9515194191026786,-2.9673307237084074,-2.931803112758705,-3.074030390331868,-3.063406185486599,-2.9976838485271515,-3.053104715511098,-3.0919351543759044,-3.1494224909236572,-3.1494224905517028
-2.91863762343967,-2.9038937449581574,-2.910970005376506,-2.933379544434798,-2.887685701668419,-3.0561490467671737,-3.0415775349416805,-2.9917034556552324,-3.0472721763789368,-3.075457829781088,-3.156205865029378,-3.1562058640837884
-2.9236852205531028,-2.9278080527679267,-2.899207642563363,-2.9287392975983044,-2.9294611369171637,-3.0815363522050636,-3.073991937567122,-3.0402681104450986,-3.0656525301434088,-3.0949615926480734,-3.1801598772141286,-3.1801598763584744
-2.9081682836201654,-2.891148598157797,-2.9009079237500472,-2.9294350754352885,-2.9044786584889,-3.0774236344146266,-3.0568542850114326,-3.0332997045457644,-3.0585941305097024,-3.0909600164529047,-3.1576259429787457,-3.157625942297189
-2.9587295282357537,-3.0011826622276536,-2.9252893457587494,-2.9573387901735906,-2.977534764814833,-3.125968249056166,-3.1369081892048447,-3.1098457104808164,-3.0684357522038654,-3.102663652893883,-3.17584546926131,-3.1758454685604836
-3.011887619091369,-3.04706870142965,-2.9407757807158523,-2.98226184860403,-3.0442159274195024,-3.1482605019700696,-3.2012445904231965,-3.1606013012742844,-3.0656495341069503,-3.1045324320971615,-3.1836805888537696,-3.183680587718319
-3.0607391366134653,-3.083774106644194,-2.967986502095591,-3.0133938453273017,-3.1277239561681793,-3.1852232532837945,-3.273357738786565,-3.225219072410132,-3.088219694474348,-3.1262976769557085,-3.2116366585813196,-3.211636657727558
-3.082441143257583,-3.0830651242636913,-3.011156269293302,-3.0603274049129734,-3.1965693433002773,-3.2257658481660223,-3.3282722052286706,-3.2744024036502735,-3.110663350328708,-3.148240398154569,-3.233185079825331,-3.233185079441118
-3.1786677363534457,-3.190915059961221,-3.0671177015278293,-3.120887637177867,-3.2416350765953577,-3.2696674352766597,-3.3675576233986497,-3.3126153132759635,-3.127912932459595,-3.1652856216344754,-3.256779433203522,-3.2567794329720208
-3.252458371225406,-3.2313745933765676,-3.1228107239323446,-3.178957774911487,-3.2578149059482424,-3.302175921954448,-3.382385358721218,-3.32451949849256,-3.1464707221186776,-3.1837178726018776,-3.276601166469539,-3.2766011664925276
-3.2231435028572135,-3.2109833805759296,-3.1476181568584236,-3.215035466233553,-3.2289483874110023,-3.2993587747977555,-3.3760969566655303,-3.369924563099387,-3.1200184030100555,-3.1643078436129954,-3.25900392053937,-3.259003919455753
-3.2407548427569655,-3.2084115465915106,-3.1555504066873565,-3.228993743292041,-3.2788096610882365,-3.323591106079021,-3.393413143082812,-3.3768525072612654,-3.1422934877466986,-3.185835460505987,-3.2891321534244726,-3.289132152535422
-3.3404102657827837,-3.2885930664632426,-3.1786453192167077,-3.2520091322530207,-3.3053183284432097,-3.3518651500708847,-3.418521047913647,-3.378632763885257,-3.163569074832376,-3.2065606293210798,-3.3086623803773962,-3.3086623799020893
-3.301909858824527,-3.264775881598999,-3.1993201271365383,-3.2728537657371186,-3.330656750250037,-3.3719461401578417,-3.4210240202896207,-3.3863408099192367,-3.1802497320061893,-3.223792914276155,-3.3304319103078788,-3.330431909971251
-3.2455993751363224,-3.224259176751544,-3.2106069729158238,-3.287431767997047,-3.3305411868715793,-3.378028822442627,-3.4138269833279065,-3.368764599046711,-3.2014834750813526,-3.2444691882255525,-3.3358508434908676,-3.335850844196359
-3.3846586084688104,-3.3096105388491406,-3.222062666299396,-3.2984863303247347,-3.344589089267288,-3.383434689800438,-3.4207531360360104,-3.375876216453493,-3.220375395440532,-3.262944085988841,-3.3466425735058865,-3.3466425747613417
-3.4042359083046714,-3.3552021348818055,-3.245301774351311,-3.325536428327215,-3.326076171246424,-3.3827640992260672,-3.4078822344911863,-3.3920780450015897,-3.2341995318520116,-3.2774807695362402,-3.3607847172644356,-3.3607847185533446
-3.40321663532508,-3.344827301516073,-3.278707694596995,-3.3659780280311424,-3.3442344068802847,-3.4043351090303586,-3.405038458278306,-3.4172532954945347,-3.240429225546501,-3.284433723131236,-3.367333567064579,-3.367333568442871
-3.3331907958484166,-3.312024979827461,-3.293111162632729,-3.368689743014572,-3.3409101247733735,-3.3845689476884377,-3.3819683606000597,-3.392611231394133,-3.2559480162193264,-3.299486357897701,-3.3616403681969973,-3.3616403706661355
-3.3243543127005797,-3.287285958390473,-3.3241677407054726,-3.389171697543292,-3.367808118333594,-3.4018236012103324,-3.39332874942617,-3.3928390949867926,-3.268456024540451,-3.3118877115469902,-3.37764117566276,-3.3776411782653657
-3.27090207157332,-3.2419153286979423,-3.3599794878488223,-3.400664725607607,-3.30012504576359,-3.355065107009721,-3.3243490621097473,-3.2877171472141744,-3.2092614818538534,-3.260677563736979,-3.2972148477219694,-3.2972148493553437
-3.1798339276139993,-3.125798710341132,-3.3439255269125914,-3.351531121698221,-3.2301045908624784,-3.2892393580060335,-3.259357208906886,-3.280534787923911,-3.1407768434931276,-3.197862923822305,-3.2083046805019375,-3.20830468187372
-3.141663185410216,-3.0751833118402523,-3.341873343145677,-3.3207940614924585,-3.2836741668949894,-3.278343802366801,-3.2747870810989443,-3.240285756383189,-3.1418260827865025,-3.198886354669913,-3.196993733833969,-3.196993735255103
-3.083936901661602,-3.022245738978557,-3.322809610775929,-3.2919725350855567,-3.297530982364238,-3.27148783514001,-3.299278546339507,-3.2130250051332765,-3.1523508186122644,-3.2096662889201886,-3.1885747627063266,-3.1885747645952955
-3.1376752094135454,-3.0863187246524206,-3.330856670496297,-3.289269183375322,-3.3419053137865937,-3.2939628462592165,-3.334939505524638,-3.2391813409601315,-3.166856015655788,-3.2233163635728443,-3.2128098437609047,-3.212809845670189
-3.1549761083002847,-3.0935189814745674,-3.3395174418569753,-3.2837597952862674,-3.342825008567527,-3.2964285232464334,-3.3215480998022215,-3.224853455525765,-3.1632496002161545,-3.2210103006215873,-3.213335663407963,-3.2133356651632585
-3.114388379797351,-3.055562613063378,-3.3519792854375194,-3.2871883561112907,-3.404714049190375,-3.320645131955763,-3.3405062728974606,-3.260489971765841,-3.18305617651103,-3.239440440496595,-3.242051563090376,-3.242051564974166
-3.233900307202865,-3.1651307544389415,-3.354689574401427,-3.2889102669842343,-3.417828346243461,-3.3431094524472664,-3.352730651781015,-3.2793825398251943,-3.202504154451176,-3.2576901043134208,-3.260468064227126,-3.2604680664072667
-3.1421290199193566,-3.101098305848174,-3.317163854873483,-3.262395395810376,-3.2060832232826946,-3.27745817559989,-3.260543923663694,-3.133340953075664,-3.151799827528326,-3.2113847698124722,-3.217771731285219,-3.2177717328487097
-3.1939109559467544,-3.1503899199371594,-3.3155454669416247,-3.2559732295483563,-3.263701300487726,-3.3071152567020166,-3.3101627000247094,-3.1806710546788395,-3.1725241376282183,-3.230689263776424,-3.2475524193204355,-3.2475524209835642
-3.211545288148665,-3.1730067262572854,-3.297232422268386,-3.2363655107186,-3.2423128663353826,-3.2932896026674197,-3.297102710810398,-3.183676461157156,-3.165345471012758,-3.224737179742995,-3.2359292850047914,-3.235929286568517
-3.246235160944237,-3.2004077215181126,-3.2892782116477375,-3.2325721676875094,-3.2911230190182987,-3.308437396728709,-3.326026497394187,-3.22283347973468,-3.1805524225909902,-3.2384965564845567,-3.2553401228861887,-3.2553401245947615
-3.203871649726728,-3.1559803079475945,-3.2609377886330835,-3.20246262588961,-3.221099083472848,-3.255957979796687,-3.267506459923146,-3.174520031750865,-3.1385540144000066,-3.199657411548977,-3.198481631691765,-3.198481633036964
-3.165653827044645,-3.1134597140012104,-3.254804877876313,-3.1935621847752595,-3.2728924100637466,-3.26078755356553,-3.298822471049981,-3.177482967224667,-3.1460488735281675,-3.2071912548669355,-3.21427422546447,-3.2142742266853324
-3.137120883374516,-3.109476084030895,-3.252691236860705,-3.19604520324326,-3.280829266827826,-3.2680708003983856,-3.3106246132025827,-3.1784938107334972,-3.163678623260428,-3.224025647511981,-3.2306601249543023,-3.230660126597053
-3.1820697676841623,-3.1396458617584484,-3.256690258021384,-3.205078546304597,-3.29133988633307,-3.2769061946914704,-3.314971686049157,-3.182830014217006,-3.176932045951797,-3.2357072759259093,-3.2493836092761086,-3.24938361106497
-3.1869258360673562,-3.1439860988711046,-3.2696187718469156,-3.219998513059577,-3.3052264975193055,-3.2917144180925484,-3.3235355297331814,-3.1890002092855174,-3.225142095916531,-3.2389676626690025,-3.2684907763012947,-3.2684907779836285
-3.1933771629263537,-3.173838589524796,-3.2412118813035673,-3.2010957399012185,-3.3067690190332684,-3.281455745084289,-3.311854839259354,-3.165327949229854,-3.2367647070651158,-3.250079276108631,-3.229881599342228,-3.2298816030379154
-3.141705083112237,-3.108634396902648,-3.2388136158272167,-3.2053241136657626,-3.3637691725568324,-3.2950591237101556,-3.31842512504706,-3.2109647416329277,-3.256038132315262,-3.268026633588185,-3.261863538354012,-3.261863542011246
-3.2177797696164676,-3.1841224322360144,-3.259062802832938,-3.217703636180134,-3.3981538593834766,-3.304977623924574,-3.3168843870267617,-3.23013789778124,-3.2730716046220008,-3.2841862059265106,-3.2855110161501253,-3.2855110198725623
-3.1610873962740964,-3.16998771812602,-3.2926001329984462,-3.2392475312177154,-3.4000386352572622,-3.2948993608771038,-3.3031460473926524,-3.242530698516969,-3.2886487071751573,-3.2999798318153766,-3.302670273395295,-3.3026702771888523
-3.2351725388414705,-3.2015586160930614,-3.2975116578579464,-3.2436898883330363,-3.354488809692041,-3.2804678990958096,-3.2782650253627232,-3.223073028222664,-3.2753773359328364,-3.2879506035755557,-3.2913110324261843,-3.291311035982677
-3.2320557019774023,-3.213931211872128,-3.3158549877364556,-3.2554594381184865,-3.376841246312651,-3.278282730902116,-3.2775740364202868,-3.232666825034238,-3.293247594549312,-3.3046733095306156,-3.2962874876290424,-3.2962874918769067
-3.222968672748789,-3.2053954143085024,-3.3293882496944027,-3.2744299271070125,-3.412906694556304,-3.300914239432378,-3.3015280544479655,-3.270690508347858,-3.3097002073709443,-3.320573843787156,-3.3196862155493605,-3.3196862197929713
-3.244904448945465,-3.2196373407590055,-3.3066099116794057,-3.247973844953551,-3.3027796614259026,-3.2549885351545873,-3.2176364782409417,-3.300086687795249,-3.227769609148201,-3.2412471309138455,-3.2210880685810137,-3.221088072950886
-3.121419998709578,-3.0884918271200443,-3.2910254875747817,-3.2286965556822436,-3.3409318525094323,-3.2429577481663867,-3.209934686609696,-3.3081918416597293,-3.243094603496729,-3.2554462504735557,-3.2178327778629097,-3.2178327827477387
-3.1079320904068135,-3.076354518688182,-3.2634650303732675,-3.2078840014406844,-3.3074898853381813,-3.237954259494341,-3.2322478863636883,-3.2721172335403885,-3.2446518440184433,-3.2583456448709334,-3.2244059616357257,-3.224405966301984
-3.0207502882511115,-3.0057170312106516,-3.238764957272521,-3.192740246765108,-3.2609765019435266,-3.2256830418848916,-3.248518284654912,-3.2153077742079876,-3.244709635622036,-3.262444555968117,-3.230909156886096,-3.230909161376235
-3.0416477329692464,-3.030541285951709,-3.216615848971595,-3.1657453678608403,-3.197343359530508,-3.1872583652673123,-3.209484684345199,-3.1544217412963986,-3.2194594289547593,-3.23745954127121,-3.1823574645421946,-3.1823574690300958
-3.0453718577521274,-3.0195898329111146,-3.218362271812762,-3.1657145341592776,-3.250531502955577,-3.2128969646034564,-3.260143222791256,-3.1616686163999357,-3.2372094092333237,-3.25410034441545,-3.2102813113913635,-3.210281315818937
-3.08692977805425,-3.081795290155321,-3.22579784097089,-3.1764563135031088,-3.2577625761229534,-3.2316094056574727,-3.276970127311724,-3.160222396179845,-3.2486081137206493,-3.265544750082906,-3.2313078543337967,-3.231307858600326
-3.0794714389531244,-3.1003443184803405,-3.203194756896449,-3.1706286077754107,-3.227272577197658,-3.2323015593353843,-3.270866759134867,-3.1530750681060975,-3.253703548145686,-3.271682644373941,-3.243253086375052,-3.2432530906373356
-3.077005990168856,-3.098452687376698,-3.1854867161135516,-3.1477871746346793,-3.2527660242710184,-3.2319101176511165,-3.270263225094978,-3.149158749244191,-3.2597331107005774,-3.27956118718308,-3.25335359841009,-3.253353602794392
-3.0158181478596964,-3.0259135392092817,-3.1901033689067404,-3.1509246941638485,-3.2848201024799155,-3.249345362856779,-3.2819860819765285,-3.164223133576968,-3.2785485374343706,-3.297017714816452,-3.276814330906424,-3.2768143353316344
-3.0481714461003433,-3.065154294897119,-3.1906593198874065,-3.1565717490216083,-3.2927867077418065,-3.2644536725797626,-3.2906236408195193,-3.174398898654382,-3.2956837914056702,-3.313419091166773,-3.300425269368626,-3.3004252737346
-3.091803152489297,-3.0787577930554706,-3.190207743373679,-3.1615044730731454,-3.2773458786877376,-3.2716588409619245,-3.2850166428713754,-3.1820132741223164,-3.2925510024985893,-3.3121377939831835,-3.3114159046914686,-3.3114159085620196
18.403449565380797,14.71354111740877,21.433741255353482,18.787983784731995,33.31016928620014,31.59925999351536,31.369252974470598,21.95216406343879,32.95446958567194,34.93885258681796,35.3910607220172,35.39106114365165
-3.0002162732558015,-2.972902627324672,-3.013933121652247,-3.0261432522055913,-2.791765874570681,-3.0118874125886954,-2.918574779850502,-2.895816325288179,-3.1088778892836837,-3.137588339738477,-3.1460287758588708,-3.1460287765859727
-3.005082702838232,-2.987513153328129,-2.9941552742202324,-3.0006299843673507,-2.880811228806656,-3.054118730402721,-3.033557400055288,-2.953988592801091,-3.1202921421867265,-3.146748230144943,-3.1663507076983626,-3.166350708435323
-2.9048913062489223,-2.914205669540863,-2.985062451660659,-2.98249639561793,-2.9180564104003013,-3.0768167385557663,-3.0791828126515095,-2.9886781247698453,-3.1262802693811933,-3.150093420318908,-3.175961168617261,-3.1759611694770444
-2.9762007647163187,-2.9582713121647717,-2.9805816444531894,-2.973718843018144,-2.946221488113269,-3.096312181081017,-3.122003908449673,-3.0218514832866834,-3.1328344805262054,-3.1538986469701245,-3.179746489149307,-3.1797464901637618
-3.060853963351736,-3.0668874268426207,-2.9954850344353265,-2.991842723951385,-3.002340040590897,-3.1627158683505945,-3.22207615699931,-3.0759935255014685,-3.1494692308074237,-3.168174885806634,-3.20566113925143,-3.2056611403127304
-3.1839081979655854,-3.1808372835703542,-3.0212381095177205,-3.0229991891449663,-3.035864615207589,-3.202442227661169,-3.2747504651106816,-3.099479292211535,-3.149671568366311,-3.167702403670094,-3.210815381935674,-3.2108153829028345
-3.1330743344057446,-3.1394861075124925,-3.041698643755068,-3.045693742770578,-3.04596220336282,-3.216110058284932,-3.2958342351333476,-3.1273628893554632,-3.156819657118987,-3.172779543215445,-3.217356843415092,-3.2173568444424503
-3.2151065856604455,-3.254305787290172,-3.058871572315658,-3.0736953276190127,-3.0798870343704143,-3.2606370678820578,-3.344687873409265,-3.163505275400574,-3.1730117288765767,-3.1870968366549848,-3.244102865282162,-3.2441028663147646
-3.260425559536998,-3.2923021963265735,-3.07207642441167,-3.0975955984191024,-3.095022548780726,-3.290390993605098,-3.3711902063781487,-3.191089732265205,-3.1835924053273716,-3.195807272234357,-3.25944291434117,-3.25944291541919
-3.32332514028491,-3.324891264617887,-3.0763897455075178,-3.1106243419058313,-3.0907129023765116,-3.2888797608873332,-3.3544234265113744,-3.172936944326315,-3.184052604422945,-3.196046551126194,-3.2592108842761256,-3.2592108851634096
-3.2958756782628518,-3.303956664306023,-3.0829344489548753,-3.122257294651946,-3.113565213848113,-3.2954972097669732,-3.3449372549035394,-3.1810221004557544,-3.1973933148564164,-3.208131758801975,-3.280852483838178,-3.2808524846833844
-3.266337992734255,-3.25258274005637,-3.076643548589415,-3.1204257500476476,-3.0977653398689027,-3.2692627647703767,-3.2753169478399133,-3.1535021821121965,-3.1644946607310755,-3.1795483986921225,-3.259288411457859,-3.2592884114105836
-3.334776232316841,-3.2952441985118828,-3.108307738710704,-3.149829447215241,-3.1538495471200143,-3.2890247543501783,-3.2895966381011057,-3.171050751777395,-3.1811615200607495,-3.193519101912607,-3.2719740311291754,-3.271974031689055
-3.376650945508076,-3.309844066042745,-3.156815178984134,-3.198024616856022,-3.173062850236243,-3.2978581988537,-3.29733683803002,-3.170222584566246,-3.1698378011813815,-3.1804369591290245,-3.2535765512584574,-3.253576551951635
-3.384376675392814,-3.334018218760612,-3.1835233059370576,-3.233383739816185,-3.2211459914957734,-3.333515873538333,-3.3208945159894405,-3.193657896212139,-3.1872710108371565,-3.1960901497010767,-3.2787080552461814,-3.2787080560326505
-3.41391903340537,-3.34616058598878,-3.2064271955054955,-3.263847003461191,-3.229840544985072,-3.367910133827551,-3.3850899038700453,-3.204344461647112,-3.1996506766980533,-3.2073707350910845,-3.3005531842034728,-3.3005531849761596
-3.310772329855364,-3.2973729572258725,-3.144955329386229,-3.2198906930307327,-3.1388960834730355,-3.291325718449986,-3.267384142867408,-3.103438350794916,-3.209429649524278,-3.2143104768309367,-3.2544572085764956,-3.2544572116327046
-3.241376919991245,-3.246183961929579,-3.1219041164926074,-3.186931296293881,-3.1339986416544576,-3.261638431638481,-3.2325868419099457,-3.098127672241571,-3.2184204672980696,-3.2207421267495793,-3.2521195004889547,-3.2521195041686646
-3.2406420928398916,-3.210844261386102,-3.107715361928663,-3.1573977560681685,-3.1753837017118043,-3.24922451142769,-3.2196810373925473,-3.0997987674129006,-3.232709744988512,-3.232991472724881,-3.266232425067603,-3.2662324289747358
-3.2770441149955003,-3.217795908049947,-3.0947698464035156,-3.1404602640212245,-3.176885396713718,-3.2414989727325874,-3.2031627594171255,-3.0890641940266357,-3.2228571305230616,-3.2233120489024722,-3.25844218078193,-3.258442184706579
-3.2639925623749795,-3.2085830996848093,-3.1032174487397945,-3.1472845049887264,-3.225274027808209,-3.257525260963714,-3.187946602740226,-3.1069428582166565,-3.2321579795252537,-3.2325443018218234,-3.278564659399998,-3.278564663331493
-3.24786979569237,-3.2202602461506498,-3.1093917921594323,-3.153967343656303,-3.246168620481955,-3.2771802711178495,-3.205152790574659,-3.1160712021396497,-3.246777878948999,-3.2458439374822574,-3.302342823926995,-3.3023428277919296
-3.3307845411078603,-3.2693468698378454,-3.1395482900229625,-3.1806103653540854,-3.2407987706038046,-3.277223716510327,-3.202949248506477,-3.120651299695671,-3.2592531930802755,-3.2567442526117203,-3.3115639083341564,-3.311563912311238
-3.3096649811367223,-3.2861156695635354,-3.151660177332584,-3.176362940385657,-3.1231876328567654,-3.224051522599128,-3.1408783115831547,-3.0685302359972875,-3.239098794103972,-3.2397658029594005,-3.295421661512945,-3.2954216652150334
-3.270708937344974,-3.2512983172355265,-3.1430324528548272,-3.16219753620769,-3.128520627628281,-3.2263019222579055,-3.1499598019962036,-3.078603580030832,-3.24802923208718,-3.2485372570858884,-3.3099052727060747,-3.3099052761407073
-3.2114926438869995,-3.219283846847054,-3.1422024171572462,-3.1559693176620787,-3.1509790520324517,-3.2321820428385357,-3.155546061121165,-3.090709780088602,-3.2578471807642835,-3.258353295950843,-3.3232761114748866,-3.323276114845724
-3.236774144704402,-3.21386144119058,-3.1549794222726493,-3.1822314005788197,-3.174321616392426,-3.2537964597252245,-3.174517986411773,-3.117243469842818,-3.2570187344968193,-3.25803649797066,-3.3370364731258797,-3.3370364763219373
-3.30024521973185,-3.279817132397324,-3.187658739444439,-3.218438612134932,-3.2131884755040834,-3.3006644847443485,-3.2395091358260224,-3.151416748427357,-3.2708385405643194,-3.2709609619024027,-3.3582264865012497,-3.358226489716378
-3.254870936658409,-3.225002226366798,-3.1953157174906432,-3.2317477108430994,-3.176588148361936,-3.2870245902890534,-3.2198241567181443,-3.1218407752824,-3.2723953933495458,-3.2725646149043834,-3.345441239551166,-3.345441242555356
-3.2745945197381303,-3.2315713039331,-3.2035536003726195,-3.242291650422492,-3.183459313135632,-3.298694323891289,-3.227941048217956,-3.133367669190162,-3.2874937000878903,-3.2865670271264746,-3.366019295991864,-3.3660192990799973
-3.147164817237917,-3.0801974584099616,-3.1564296274317507,-3.1824373556603436,-3.0616878972066512,-3.1933918619778217,-3.1050688764784042,-3.003021844622232,-3.235447172231779,-3.2403648374915925,-3.2675292341993964,-3.267529235868933
-3.1457091969161617,-3.089253199636125,-3.189917682678801,-3.1963646341699468,-3.118465979475393,-3.202115960821088,-3.145788403083011,-3.0247490922608513,-3.2340857453054483,-3.2373755209025417,-3.269969570535568,-3.2699695722729145
-3.168584304378127,-3.1131884710947055,-3.19997591832502,-3.200471372185121,-3.136577813169419,-3.213808130919573,-3.1707824354587237,-3.046152124706864,-3.243616354435495,-3.2455883571273176,-3.289408586396461,-3.2894085881019395
-3.0468212428980053,-3.0089941391473087,-3.1655802665107355,-3.148644595057258,-3.12444777205328,-3.144176000312629,-3.0807341355060123,-3.0598345771148425,-3.255212772057631,-3.2542379545776505,-3.2204811070195554,-3.2204811120537915
-3.070104148352241,-3.0291354687790255,-3.1412254196075002,-3.1067724288303262,-3.1473733215200035,-3.1427396154597167,-3.0753062417734247,-3.057623814138256,-3.2511345577622213,-3.2489856179264764,-3.229843583770727,-3.229843588650759
-3.060517361325921,-3.0266113412660776,-3.1242097178006567,-3.0830117573465716,-3.198514630344081,-3.1714980263343353,-3.122722260671493,-3.088922737805332,-3.2649764720687044,-3.2615447582831227,-3.2560513169125547,-3.2560513217515252
-3.1083605364583176,-3.0551765569672265,-3.1090353960292214,-3.066338884851086,-3.1758854560241385,-3.1817345117817624,-3.1532050236532783,-3.1150113246275444,-3.268429176075384,-3.2639955680944865,-3.2615158193521996,-3.261515824086952
-3.1623257962307303,-3.125347624667366,-3.1008834603434083,-3.0608570893072184,-3.188041289221802,-3.207506106706214,-3.193932953082636,-3.149584158416185,-3.2773973973289383,-3.2725573603485842,-3.2844416474726237,-3.284441652056417
-3.2285105187962513,-3.199672490633748,-3.101357964446759,-3.06956279558902,-3.1942663883382663,-3.2354244002184784,-3.2297757318167157,-3.1783651201951892,-3.2866878385753657,-3.281085309369471,-3.3012474958586013,-3.30124750047276
-3.114041762239652,-3.2160328116940873,-3.115325256494123,-3.0875993364763406,-3.2070951518836344,-2.7382537034410355,-2.3906766141493,-3.1937939507912554,0.26081195260799905,-0.1783686507396034,3.434334861731954,3.434335225766125
-3.161812428155775,-3.1743859464639548,-3.092919094858462,-3.0558565010435244,-2.9267682041841345,-3.124530809341239,-3.076807053017366,-2.9585504374918585,-3.1581025276855006,-3.1629656334123992,-3.2300942780682655,-3.230094281322846
-3.0587842294770073,-3.0747896177196834,-3.057929699604033,-3.0280014725460505,-2.9835961598798044,-3.1486973367670212,-3.1401303707444295,-3.0049030855270016,-3.1593616825740725,-3.1654467902359227,-3.247096101482945,-3.2470961043833437
-3.096221531228187,-3.1094749275576277,-3.0512038660622576,-3.0304298045667633,-3.0291363018900315,-3.182311642539467,-3.198802105422157,-3.0494587915437403,-3.1734901794277492,-3.1784172253971823,-3.2685585285414267,-3.2685585315122534
-3.0755707340470675,-3.0880967625331475,-3.0479731341603715,-3.027191732210555,-3.1136919138983092,-3.2111539573611516,-3.2374176746711716,-3.0974432110622176,-3.1906230764651577,-3.1936241208924203,-3.286432649256372,-3.2864326526611523
-3.0971396069942942,-3.1296465357276904,-3.0606332890289125,-3.048457602984234,-3.145908580783572,-3.229436319338743,-3.245282742675597,-3.118387335063613,-3.2025724092671415,-3.2041012414669927,-3.293718989523827,-3.293718993212309
-3.158834630284713,-3.152225901306445,-3.067220250067286,-3.0594322048578344,-3.169156172728033,-3.244391545244368,-3.2458779393482997,-3.1417369577477587,-3.2170270311118436,-3.2173118935267366,-3.3137668859238043,-3.3137668897212516
-3.1476864697520335,-3.167012456921929,-3.077882528742328,-3.075699405090113,-3.1957569550044824,-3.26609213829326,-3.2531590296429678,-3.1652375120430034,-3.232407780864657,-3.231327613077406,-3.3325109666096746,-3.332510970497674
-3.0947512825810852,-3.1114093298261207,-3.05654380523072,-3.0584385925101154,-3.0801672773286786,-3.207757213436795,-3.172364265261262,-3.133203933244342,-3.199250000917156,-3.1996821322412026,-3.2794859223247466,-3.279485925906787
-3.2209734494242603,-3.2202998072518856,-3.057780555339108,-3.068772529379259,-3.129781712211024,-3.2410776812381394,-3.230628979009247,-3.173808574200247,-3.214846626908285,-3.214104090304096,-3.3032077158263515,-3.303207719479822
-3.202510120513717,-3.2090198886650905,-3.065844158433908,-3.091369659721132,-3.138054232241373,-3.2452246012342014,-3.241710008861326,-3.175755337463712,-3.225518827907897,-3.224020582500426,-3.3117912226420994,-3.3117912262899893
-3.215444670280658,-3.2013833359036035,-3.062205164437252,-3.095904091952695,-3.1710266246394494,-3.2495636262772507,-3.2442527719074783,-3.181566553371889,-3.2236058423868736,-3.2248082341283677,-3.3212266617733186,-3.321226665077861
-3.2810554570226227,-3.2569911468788644,-3.088796705753335,-3.1299765888472075,-3.1941816096904496,-3.2604839455377865,-3.2493009377971394,-3.190701609954587,-3.222416424366167,-3.223770707563221,-3.3241144747930207,-3.3241144779055025
-3.2514722629240005,-3.2026259121600993,-3.08632837781047,-3.135406432031024,-3.184118617108461,-3.2408158988792355,-3.212478911677713,-3.158740505094737,-3.2285013759088312,-3.228785072988748,-3.281385259074596,-3.281385263984525
-3.1830236665156173,-3.1396910227603185,-3.062694785405011,-3.106892795216877,-3.123739434020731,-3.1740898818501515,-3.1373811125176156,-3.1565426370067686,-3.2160567879007274,-3.215494200565514,-3.236523815558339,-3.236523820963016
-3.1360474538584735,-3.1230048904513303,-3.0378518847019036,-3.0840611140535175,-3.0994654856601445,-3.1475670809460814,-3.1286658648421435,-3.1446380959977813,-3.20619168446121,-3.199779993837856,-3.2371772192155484,-3.2371772240014764
-3.1046221576924937,-3.035449358367454,-2.9959029785097577,-3.038651515070109,-3.083861895273005,-3.1112213822756454,-3.0985593716963993,-3.114781403792309,-3.1693859426478075,-3.169813141241861,-3.212407708382532,-3.212407712101631
-3.107982982782637,-3.0632416319009472,-3.025954783712988,-3.0655620192817943,-3.159589532377849,-3.138481199648423,-3.169223073635185,-3.150443624021703,-3.1842382036084467,-3.183468779283845,-3.237381160416701,-3.2373811641415386
-3.1112456020026844,-3.0683831656025933,-3.042604512248345,-3.0771250598380733,-3.181900388495333,-3.1601245004600784,-3.1969648266200745,-3.162155774354866,-3.1951844384848997,-3.193376340380944,-3.2559264892206827,-3.255926493023291
-3.0332906822258,-3.02547765685423,-2.995894198071726,-3.0254981234321527,-2.9363448206172507,-3.0753116879872198,-3.0586507158003373,-2.963454045516487,-3.111122010919382,-3.1096752263927834,-3.194579132405042,-3.1945791344336287
-3.0446509031008357,-3.0442179922072494,-2.960972699271388,-2.989089173601002,-2.954510146180982,-3.097863201445167,-3.0857851502680393,-3.0095991522336174,-3.1269364440777903,-3.124822574262317,-3.2172649175140875,-3.2172649196415204
-2.8868589432157767,-2.8747437322412583,-2.8799820375497616,-2.9132201410898744,-2.804517005026559,-3.01372711000437,-2.949375902277037,-2.8929102530597017,-3.066488387610383,-3.0630189106725156,-3.156192006021336,-3.1561920069865277
-2.8966210777665222,-2.875519061189086,-2.839225073915821,-2.876756577192393,-2.8471838085614865,-3.036651718461532,-2.9766583797986947,-2.9409085153197956,-3.077613028514894,-3.0736615077813,-3.1705350391737825,-3.1705350403363832
-2.8620998960902275,-2.865100885061535,-2.8522326964124414,-2.894633367990934,-2.8993401546228648,-3.0585516105556874,-3.0094674796486847,-2.984732875317066,-3.094255226855534,-3.088950307920974,-3.1749052124144135,-3.1749052138027265
-2.8804011621848065,-2.909191571200214,-2.8638299303212316,-2.919152620215768,-2.918209690423943,-3.0560464711682553,-3.0231251355347046,-3.025401554171398,-3.1062517756626113,-3.1009737778720834,-3.1789445176363396,-3.1789445189460324
-2.8892351437460113,-2.899511792306309,-2.8402788701962427,-2.893720015183866,-2.8903234728092513,-3.034394717185837,-2.992315786458008,-3.001558050372411,-3.0878657337165984,-3.0841740086781404,-3.1744512611238997,-3.17445126230444
-2.863221559333517,-2.8898091052086947,-2.833506529021892,-2.8874722828611348,-2.908442451188014,-3.0390002377810394,-3.0023913353518745,-3.035081429032179,-3.106976008652258,-3.1024990696946597,-3.196137914112024,-3.1961379154038783
-2.9362254889980344,-2.990791961971903,-2.8454194784759066,-2.8992727209150777,-2.9224764840236728,-3.0414764326633135,-3.0243887764196526,-3.0660144102630373,-3.121154763132415,-3.1165732505443358,-3.1930082042217665,-3.1930082062965655
-2.942442485960873,-3.006189361236545,-2.849902387286259,-2.9060072354849162,-2.9181579027850093,-3.0389266849434926,-3.025186762576608,-3.0950166953311995,-3.1382024877721535,-3.133345639129417,-3.215091934222568,-3.215091936266746
-2.9486787657635243,-3.051509971191383,-2.8777324882816337,-2.935850100418223,-2.938692245797366,-3.0680157250625952,-3.060389589707357,-3.1179721378992378,-3.1458170739857003,-3.1412219263295773,-1.770186744960911,-1.770186511689921
-2.860999765314286,-2.918291344581628,-2.7966313112829653,-2.845247241600281,-2.727673160535251,-2.961466980731971,-2.8840501022144855,-2.8985607916000258,-3.044524953623694,-2.9791635506280096,-3.139332763154264,-3.13933276096715
-2.7648065567081925,-2.8175416451162842,-2.769116018271059,-2.816753047592212,-2.7630294968424547,-2.968261796971415,-2.89337137985199,-2.9051945036429365,-3.0532477727150016,-2.9921898768052926,-3.1359925526900345,-3.1359925507448514
-2.7972663924223986,-2.8372191920376615,-2.7580887957294227,-2.8053616417111256,-2.8036640893694686,-2.9869942221771213,-2.914972937512106,-2.9238884362153126,-3.0545530672083805,-2.999754103543325,-3.1437956371475906,-3.1437956351112115
-2.7310732439897425,-2.7545273092253395,-2.7441796632331616,-2.7841173256357363,-2.81154561014419,-2.996289098088615,-2.902100796060837,-2.926821161727071,-3.0528624380798,-3.0026960088664123,-3.1496473802498466,-3.1496473782952847
-2.701940890360659,-2.715525444961843,-2.762666798194603,-2.7942730147443955,-2.890833128791094,-3.038048262429799,-2.953257167611092,-2.958057399971044,-3.0452965367713944,-3.002727720172195,-3.1552711979383687,-3.1552711954796573
-2.7887536853790778,-2.8067994115573445,-2.791198931479521,-2.8215359138714895,-2.973269881278811,-3.103549325066215,-3.023477360954761,-3.0085566282153735,-3.0664225955732727,-3.0249127886030447,-3.18282959957384,-3.1828295972834484
-2.7920217807569685,-2.819006772908336,-2.8040363179551875,-2.830718642993317,-2.9994134593015493,-3.1427060800069175,-3.039572303742969,-3.033828621131168,-3.079678035369447,-3.039908051904211,-3.201975320942441,-3.2019753188057294
-2.8334614817605903,-2.8714638103613233,-2.837314739705781,-2.8612941559234173,-3.0633177356639694,-3.204071274438473,-3.0868365473070623,-3.0736640225826157,-3.101937642753403,-3.0627973008862064,-3.2249906269552118,-3.224990625056302
-2.90734861454495,-2.9357034713966947,-2.8708991435438485,-2.895858340118973,-3.115583572122543,-3.258656589572317,-3.1294519533637213,-3.1102075463261882,-3.1238633794862927,-3.0852370916219543,-3.244915217720597,-3.244915216296215
-2.9933105818207917,-3.0202822219809717,-2.920808331259544,-2.9473288068401433,-3.164769282235822,-3.316024652969673,-3.1824110306044564,-3.1445768480987604,-3.144533372952828,-3.106392624739417,-3.2707726914733386,-3.2707726902999994
-3.0468774056589427,-3.060582833580312,-2.956528156965589,-2.992700336701643,-3.1335930009599107,-3.3122445977522297,-3.2030468563118153,-3.147330549520632,-3.1031510996113574,-3.07580012507742,-3.231119195879172,-3.2311191939391692
-3.0967222260384952,-3.1062662363735805,-2.9894117038470593,-3.038147091877268,-3.1898719002446425,-3.350692341428966,-3.2830824867232486,-3.1774611027472033,-3.1242637925987005,-3.0970673725815665,-3.255533587718211,-3.2555335860541392
-3.0848374975939783,-3.104892079947401,-3.036082430116352,-3.0883478867667105,-3.2263105006734607,-3.3728855210715962,-3.305141899900653,-3.1871319686347492,-3.144941539445137,-3.1178172589181377,-3.2708131070784137,-3.270813105620636
-3.0954633698652403,-3.0898449412365796,-3.063565239096496,-3.1188380214936267,-3.237514941281269,-2.117807817912168,-3.299332074308028,-3.1797757547957293,-3.160180406089293,-3.1344722057109626,-3.286805161317308,-3.28680515989164
-3.028542945052608,-3.002490913520809,-2.984662485413396,-3.022820779569458,-3.0009694208970235,-3.225824488126202,-3.08606850786942,-2.967330622177947,-3.090291096717458,-3.075884788036495,-3.2022508733122006,-3.2022508714508904
-2.951719138056318,-2.9287393981495637,-2.9464435018094557,-2.9806446856098034,-3.073606879305206,-3.2474764369774407,-3.105912705213001,-2.9941980103417873,-3.1006873050232358,-3.0887121387951315,-3.2049968820134755,-3.204996880696366
-2.836355928557914,-2.812840725457722,-2.9244749815867976,-2.954950265609723,-3.0487743756969685,-3.215308541621591,-3.0615001507587154,-2.9804063936924754,-3.098843439429891,-3.0886131926622866,-3.1835995088486393,-3.183599507981313
23.061907250223406,19.396381666055333,22.001574775503013,24.863033366801712,41.18806300098927,57.035592325556124,39.54849220081156,29.16193977568694,40.25735506321402,39.26365736602825,50.253267980967244,50.25326784201371
-2.666326606330156,-2.644155434469615,-2.7053376444241786,-2.7471794910447174,-2.5181874729055163,2.202402118961483,-2.6073303830635752,-2.632973689007404,-2.5592035188057367,-2.729785713321999,2.081677276111193,2.081676603661921
-2.5772990728453533,-2.5796708033749933,-2.5952275051430806,-2.6372333493354856,-2.311846654977327,-2.6353575002325194,-2.428624765150911,-2.5275019955919564,-2.618855117960252,-2.524102850285971,-2.659762805425081,-2.6597627953144993
-2.6695205016326025,-2.690203015816595,-2.5563312248233307,-2.608368800862587,-2.3552332787543673,-2.6183234261423403,-2.4246567753264445,-2.520867323417385,-2.638226364851689,-2.546743399684912,-2.630485330861669,-2.630485322987056
-2.551165451537553,-2.5794019953466356,-2.5125177910248118,-2.583607274531019,-2.4181715739791363,-2.5976465926202716,-2.441581944643324,-2.541161448821211,-2.6693977825887534,-2.5795968482820824,-2.6384668006335463,-2.6384667935819195
-2.4982244619516822,-2.476327732622732,-2.4443326423579563,-2.5175395904373095,-2.2670013220204313,-2.4803247549300167,-2.3281549764451412,-2.451407338170685,-2.4718669671250875,-2.438011903622474,-2.484305509183538,-2.4843055003742878
-2.4307826650895614,-2.4138547710739724,-2.381607508970273,-2.465983687940826,-2.3085539501077417,-2.4694726007293286,-2.3436061636382304,-2.4809371173158397,-2.4960602120598536,-2.4634697033339896,-2.5026330195673667,-2.502633011167622
-2.37126634221711,-2.3379778108762235,-2.3676160318944843,-2.4458828347297317,-2.3673233139745458,-2.4766240736059197,-2.3357290680187615,-2.4737395050795405,-2.4956182644075824,-2.4696715821585054,-2.5092710232052946,-2.5092710150661928
-2.3934245338320026,-2.362036914674777,-2.374075521541017,-2.4462021255738664,-2.422194096159429,-2.4773709801583963,-2.3303417628491387,-2.478874186093224,-2.5194648362368373,-2.4944389509972247,-2.516890546556004,-2.5168905391677088
-2.424095801314477,-2.369556982286168,-2.3983607571257926,-2.4621299601438706,-2.5004394816901296,-2.525648021952323,-2.3692076563496935,-2.521410494925439,-2.5526493159554082,-2.527383178413001,-2.554119604825777,-2.5541195977783353
-2.4855323478121654,-2.445770225097976,-2.395015984761706,-2.453501264298983,-2.5719755592669333,-2.5442587872097806,-2.395322452778136,-2.5559127530379597,-2.5856838204839643,-2.559794231746653,-2.5795952847331396,-2.5795952781706797
-2.4356631590543714,-2.4079229218655818,-2.4549316378778854,-2.5007944099611406,-2.631774774372485,-2.5863505939801303,-2.428682388154839,-2.579219937105962,-2.606286139307116,-2.598969815651709,-2.5981510856001933,-2.598151079419965
-2.4814903010198575,-2.460291648210582,-2.4760223673937833,-2.5184799031122864,-2.663313247082711,-2.6043607961853605,-2.44909111850656,-2.6072087893541767,-2.6396984211802463,-2.631925447386366,-2.611398212976358,-2.6113982073968254
-2.4778249256251863,-2.432285086342271,-2.518088208750553,-2.5553977925238645,-2.697502548433306,-2.6424839353282645,-2.4848458130813778,-2.652745392732012,-2.6654598686689943,-2.6585811429108963,-2.6377618219546175,-2.637761816626333
-2.497396323998048,-2.5017445876894837,-2.546506381053217,-2.5807130041397213,-2.684075655877672,-2.6680359141670626,-2.506383864636222,-2.686932267024345,-2.6947471849391524,-2.6883655150288632,-2.6567218010398306,-2.656721796122601
-2.5785927555992245,-2.5588672715403664,-2.5746378964293957,-2.5972989372646538,-2.7451384592127224,-2.7125168990770865,-2.5457289867436286,-2.730924887085818,-2.726167563609846,-2.7189475159619194,-2.674189546254374,-2.674189542012185
-2.546958925642197,-2.520703733308175,-2.609242941718259,-2.620068391602298,-2.7666702473052407,-2.7657026906926134,-2.5936888970714658,-2.779146143592951,-2.7554164497864173,-2.747737523506726,-2.706071254335006,-2.7060712503812416
-2.6665962704988435,-2.6442630004290706,-2.645435534334334,-2.636605812493941,-2.794444557475545,-2.8256348921366876,-2.645635869364789,-2.813983891470568,-2.7793474898884267,-2.770894516757169,-2.732303104791736,-2.7323031011993546
-2.6709600032717282,-2.649968318115951,-2.670111793786875,-2.6508038701413645,-2.765988772490003,-2.869294827200792,-2.690951407969204,-2.835474250024643,-2.798498392466299,-2.790393683548392,-2.7511490196632105,-2.751149016324735
-2.7319915363777643,-2.7579809734341345,-2.695526311890927,-2.66893828620973,-2.751670377569977,-2.911918949883142,-2.749595138755392,-2.8703229065383464,-2.821018924322194,-2.81287327873829,-2.7691507029312445,-2.7691507000586224
-2.8571947154143946,-2.878434586541172,-2.755028229339503,-2.716033562371318,-2.7944811087278296,-2.982181387889845,-2.821234868628733,-2.9402881399622354,-2.8393128847650266,-2.8298895626948166,-2.789629548559418,-2.7896295461666867
-2.9220747384038592,-2.9729810343447225,-2.7850688278143654,-2.7489394600999777,-2.8129931246062205,-3.017745268407537,-2.8809020096717335,-2.9819371547461917,-2.844277525696792,-2.8373773957630686,-2.7894089345760937,-2.7894089325456393
-2.975975787031699,-3.008405092607903,-2.7927006854222576,-2.762517242837771,-2.878715328930375,-3.059302856951519,-2.9393746865471346,-3.018218097144569,-2.8706497933253234,-2.8628006147640606,-2.8157040293607136,-2.815704027730436
-2.8881615287974833,-2.9198924360244156,-2.783581815126814,-2.7430435087319163,-2.9751607117282086,-3.072669183891244,-2.962835689976941,-3.0378591815649942,-2.8948553336747285,-2.8868986032938277,-2.8293468602562846,-2.8293468593607125
-2.93631765686317,-2.9693728499966334,-2.809937309704652,-2.7579353773778523,-2.9739223489379665,-3.0816988325094625,-2.970520797586502,-3.0293534504281525,-2.912543740253088,-2.904815499099133,-2.8533009422659052,-2.853300941485963
-2.963750642009619,-3.0149689249468983,-2.878527325221878,-2.8123285653061676,-2.9832185492537597,-3.1011059045922247,-2.977476773605885,-3.0254140464416364,-2.895771960116684,-2.889005385254011,-2.834424004933363,-2.8344240044965416
-3.044337532260154,-3.094362087136836,-2.910277929926127,-2.841559313488975,-3.0301692600952728,-3.1424128130622835,-3.0257537835918176,-3.0534013369491335,-2.916707188755362,-2.909858713144568,-2.862684357692718,-2.862684357448691
-3.0474631091891213,-3.082693364180763,-2.9275790661878736,-2.882960400754639,-2.9998712584822655,-3.1380094329234303,-2.999684996105032,-3.087290590610468,-2.8918591359073997,-2.8873422052763233,-2.8378796558493145,-2.8378796556608545
-3.072139787318962,-3.0936994925185752,-2.9438154540915815,-2.9202233424495834,-2.9904581006902533,-3.148508777399881,-3.0030294764983236,-3.085175199329084,-2.892891308466465,-2.8913979927199693,-2.849045357660981,-2.8490453573977303
-3.1429923401425692,-3.1769995232798394,-2.9821351739264115,-2.9688734453524632,-3.0217363605205336,-3.188051086254909,-3.038659942157212,-3.10953699814399,-2.9187120008477576,-2.916359666552926,-2.8799662719254853,-2.879966272020201
-3.1025801228237455,-3.133408182115152,-3.0013409906826913,-2.986203779311953,-2.9821160343200512,-3.182204212964243,-3.031650105232451,-3.082854818448575,-2.925443321621327,-2.9229380392626876,-2.8818074189502556,-2.881807419294284
-3.1431680334523975,-3.1651769545845028,-3.0202820567719906,-3.0229696222814626,-3.033271351789436,-3.229082474054183,-3.0849217770412904,-3.125177391568515,-2.949525667316785,-2.946172959033887,-2.910338339145803,-2.9103383397588316
-3.196595233807589,-3.2085504843852317,-3.0181358861550756,-3.0358897176071915,-3.0479653272615552,-3.2479942704144023,-3.1035304972583684,-3.1316367010083668,-2.9662848783746467,-2.9636084933356743,-2.9359474458195134,-2.9359474464672157
-3.177745788009334,-3.18337751891297,-3.0228115441105894,-3.04414798692508,-3.070258188877,-3.267705702935178,-3.1222837047479017,-3.142497500554093,-2.989511902206642,-2.986086866743486,-2.9668607483272247,-2.966860749158485
-3.100445934561443,-3.113837959464152,-2.9570654965144985,-3.000965978645724,-2.9828205385532485,-3.207451943712552,-3.0553506123807805,-3.053159714903358,-3.003114254348641,-2.999376194602487,-2.9366983610615724,-2.9366983629928525
-3.0864090803627144,-3.0948590252221355,-2.940835440810388,-2.986161913964266,-2.941405073345034,-3.1825052519444323,-3.037289133368466,-3.042925424196394,-3.015208998700091,-3.010173946359692,-2.9577385365830438,-2.957738538461932
-3.1149458063516087,-3.1171527924362072,-2.948128401684758,-2.9653583104035177,-2.9654924971396905,-3.1802663797525232,-3.0353491891331075,-3.0540439165581024,-3.0331353306267976,-3.0268874436527833,-2.9790761338091807,-2.979076136052263
-3.002981350603291,-3.011193449170961,-2.90245753919639,-2.9406169844024594,-2.8871707867060756,-3.104677377562863,-2.972912833552716,-3.028633082962263,-3.042867799798417,-3.0373408252597205,-2.968060551999942,-2.9680605544014558
-2.9559176328931254,-2.950044125585325,-2.915610600536249,-2.9493537824959453,-2.8887390328183473,-3.101949576813263,-2.9865212261446596,-3.0357987513866744,-3.053780190043774,-3.0479129017524826,-2.983340845256196,-2.9833408476779653
-3.018994921431033,-3.0521277215273996,-2.9310565245916242,-2.955591722304274,-2.8803447704853102,-3.104189063350838,-2.996811611336544,-3.036143248345402,-3.0615563221283595,-3.0552049161996857,-2.994805079451335,-2.9948050819216907
-3.056467795917578,-3.070815239375435,-2.9495487220652157,-2.970954940058884,-2.8967411724464305,-3.13355715921282,-3.0332917794839394,-3.065905701460462,-3.0782937198776072,-3.0702877798217374,-3.023307344889154,-3.023307347369221
-3.0383849619194323,-3.017145361150024,-2.9203895045535653,-2.934095984199937,-2.8949207113279454,-3.1038450157553723,-3.0049093655645454,-3.0233666524527596,-3.0508881863645527,-3.0506119479952414,-3.0099927086697273,-3.0099927102837105
-3.107398274378199,-3.099928471525513,-2.9512604700488883,-2.964844408313763,-2.9463228328496838,-3.131553968197629,-3.040487025327625,-3.0627898765711814,-3.0666344669742385,-3.0651108827048397,-3.0343317021291343,-3.0343317039078608
-3.1020925860542135,-3.0943152010591035,-2.978657597917194,-2.9748299247518792,-2.9078100224843606,-3.1083309650653197,-3.004465357483178,-3.037675343099646,-3.053608083792577,-3.052671516379246,-3.0161041542633136,-3.016104156052956
-3.1222053778098395,-3.1328310552284555,-3.007068121802302,-3.0005780292936057,-2.9469631205108056,-3.1442223274607906,-3.042822705786909,-3.0666668250343316,-3.0698294781375592,-3.067405586664642,-3.038670277954318,-3.0386702799008867
-3.1503079305846384,-3.149618122542057,-3.0225785125777422,-3.020231685070442,-2.906392721119566,-3.1230956451754435,-3.0161624537266816,-3.0378362126124108,-3.0121888144117133,-3.0150520555769207,-2.9814967220569955,-2.98149672329793
-3.194799075507912,-3.1749146155922783,-3.0278540722023894,-3.041938114203342,-2.9758578858351434,-3.1546070332208354,-3.056143095806207,-3.067561380945122,-3.030973747562805,-3.0324594534108296,-3.005446286248842,-3.0054462877268016
-3.287298418028253,-3.249390076084178,-3.039732244443206,-3.071221548505399,-3.0217015428876106,-3.2018794981482497,-3.1082371260036,-3.100774778307345,-3.0494286671295416,-3.0496437132976713,-3.0320183628443784,-3.032018364429285
-3.2431143084951786,-3.2443470366442813,-3.0625604351653553,-3.0985927037712764,-3.0667456309663303,-3.215624376689967,-3.1235515904675477,-3.119043556843053,-3.067521452176778,-3.066567544026828,-3.011448004195476,-3.011448007769909
-3.235687145942989,-3.2261927463955713,-3.079836723866958,-3.1064900791369494,-3.124126755539384,-3.225214344277172,-3.11843794283317,-3.1396212771138132,-3.0823817275714775,-3.0796849486604287,-3.02869064124876,-3.028690645179653
-3.1527490970204832,-3.1163644771871137,-3.083208637783195,-3.0881114332319637,-3.0708146461585857,-3.1319634778027825,-3.0223680540203453,-2.986028389378252,-3.021809347619478,-3.027526601471574,-2.9396241105947025,-2.9396241138078105
-3.077216007015452,-3.0441701583889644,-3.095144497109959,-3.087811084936358,-3.1305719074377123,-3.13607877121545,-3.04949123248843,-3.0109334599293787,-3.0392927472327806,-3.04303846644497,-2.9642046771270296,-2.9642046806015294
-3.1527478281498467,-3.1084779092762105,-3.1367173558412977,-3.1042524855087716,-3.1619395268282737,-3.1104919002307656,-3.046308728821408,-3.037150131402883,-3.05644782382524,-3.05854960681273,-2.961721554090648,-2.9617215583356433
-3.129929948911642,-3.1008497279919074,-3.15797899073529,-3.1150052977541227,-3.1895132639471804,-3.1254818054812894,-3.068838468411961,-3.0621255138651367,-3.0737047514095903,-3.074231612310501,-2.9944741262875176,-2.9944741304846776
-3.114479304220273,-3.0984989533853504,-3.1860161140200627,-3.134151063202994,-3.172390462724434,-3.1369662343517692,-3.081782124910322,-3.0857973729799393,-3.086705247834981,-3.0864688590102514,-3.0231353389113362,-3.0231353429684695
-3.082988703889447,-3.061730958450512,-3.1677116754733774,-3.1115311542830906,-2.9638832342030974,-3.0644887789102495,-3.001197718355352,-2.978828632966735,-3.019242450355926,-3.024804476396729,-2.921975948281249,-2.92197595208114
-3.0236602393939433,-3.0220871848321122,-3.140176912432928,-3.079044202254469,-2.916107555120342,-3.019153156312887,-2.9834609557558314,-2.9579905172037244,-3.002372836746912,-3.0107506957979506,-2.901792362434377,-2.9017923660280536
-3.093083832406651,-3.0998029871335713,-3.1469400083622996,-3.0680218669806547,-3.0021827467625113,-3.042764118888169,-3.0600999649020366,-3.0091875198482465,-3.020603348407536,-3.026633619371159,-2.938252316356796,-2.9382523199323476
-3.140529064944309,-3.1257269694024825,-3.1596170386074434,-3.0705625073594476,-3.0610986464622743,-3.0701720848912704,-3.127094550247517,-3.0773083445860903,-3.038952443154257,-3.042589334497986,-2.967833057387187,-2.9678330612246127
-3.176706404665201,-3.1506845356475504,-3.1898917956295056,-3.096032846496924,-3.1304624136715833,-3.1223835314926895,-3.19966095692194,-3.15659846300905,-3.0543286908814533,-3.055516432199334,-2.9989389065522074,-2.998938910603341
-3.1980520247494746,-3.1703342860657857,-3.202358261069783,-3.1119695749545726,-3.1500550428669927,-3.1540315470462144,-3.2450396276259963,-3.214430767603631,-3.0667331526626804,-3.066017524528583,-3.02017010065187,-3.0201701048686496
-3.2548972153788265,-3.2038870261294132,-3.2098388916449943,-3.1282153926583423,-3.1773976709135683,-3.1897923899521565,-3.2839056640756126,-3.239241888192314,-3.0802181952807755,-3.078713550441556,-3.0496279269132245,-3.0496279309623295
-3.2599540630722643,-3.2052566555220867,-3.226258926532398,-3.153069614153412,-3.1624967328552356,-3.2045752875980242,-3.2867708992745235,-3.2494176436821567,-3.0652178198474935,-3.0661912025996703,-3.051698922850309,-3.051698926279252
-3.2300840417455134,-3.189415261150948,-3.2448582836148074,-3.185097449414532,-3.183346146194334,-3.2383874019412944,-3.3222952290101033,-3.2972062596197764,-3.0729470304314113,-3.0730447493681297,-3.0669425484811774,-3.066942552066906
-3.2717672275514427,-3.205894552280205,-3.2490993161021287,-3.206105854318817,-3.169496204486008,-3.255247464165409,-3.3122940124062157,-3.2773379110728276,-3.083777245030235,-3.0827039100769094,-3.0821421262599396,-3.082142129894803
-3.29366162789721,-3.236189581887332,-3.2677053154271007,-3.2393854570127445,-3.1805979328967027,-3.296192222035309,-3.3417410194159696,-3.283314774126939,-3.1005183368393103,-3.0978312430134043,-3.1117579910754114,-3.11175799474936
-3.2855375005454874,-3.2224161788786634,-3.28023356414464,-3.265439702278901,-3.1507680668349822,-3.2859764512853475,-3.317403712067512,-3.297611068971137,-3.1081590555230036,-3.1045668027534994,-3.113487402085922,-3.113487406033286
-3.302082446735758,-3.2463160328465506,-3.2761030577048658,-3.273556914548588,-3.1668262310844932,-3.3050577986512972,-3.3368062639619205,-3.31240375944332,-3.122446047602648,-3.1178283293069633,-3.131262176547019,-3.1312621806443577
-3.2378755989656214,-3.173119228589829,-3.2417025689700725,-3.2464776810120495,-3.0905402219437272,-3.2492013213252804,-3.2605122855254596,-3.2319376597578344,-3.0899854296469833,-3.090583788424885,-3.0973298570579724,-3.0973298598450274
-3.2457857676568143,-3.182414155929618,-3.2307336050616238,-3.241621466268101,-3.1124758636797907,-3.2587152989961465,-3.2847220016817813,-3.2333139921797445,-3.1047552944965595,-3.1041083458646943,-3.119633818729014,-3.1196338216086352
-3.2431075625602492,-3.2046836166980035,-3.235062647743989,-3.2459662091966575,-3.1133319210725423,-3.271342472315373,-3.292131148057502,-3.225427312267115,-3.117769024706873,-3.1154966163171967,-3.1301951146478877,-3.130195118007279
-3.248533802299483,-3.1847628714220186,-3.2425967769163444,-3.254763164741865,-3.1354039502554576,-3.284813877840525,-3.300858646087687,-3.240266644263489,-3.1327228561305263,-3.1289844771548454,-3.1538416921173518,-3.153841695613588
-3.2619519306768696,-3.207487132333315,-3.2671185511376875,-3.2852832713681543,-3.167570631372402,-3.3162137355913357,-3.3218241861464772,-3.2826241589656813,-3.1424177362560384,-3.1382519852677344,-3.1747866367259348,-3.174786640222547
-3.3128655326433427,-3.2531939734518716,-3.288698942330558,-3.3121485361982814,-3.1815711984376898,-3.3372727938997397,-3.3348826527158786,-3.304015771735565,-3.155544825138067,-3.1504295164502016,-3.1973687874156473,-3.1973687909098123
-3.3622547646875747,-3.288059373835347,-3.3161509434683953,-3.3273324571124947,-3.2118670723386424,-3.333996380160203,-3.3296254975052206,-3.3286295844848404,-3.1643747507727857,-3.157919100910589,-3.2049086507895748,-3.204908654762833
-3.2950723737243255,-3.2331308285143177,-3.310240091413336,-3.31893634647735,-3.223091183879678,-3.3309803981582298,-3.3272303780787844,-3.334689965536748,-3.172454764462983,-3.1652895015437723,-3.2182361190979876,-3.2182361231255863
-3.3636693483141897,-3.327397273254262,-3.3148242942811414,-3.3291728492251464,-3.2479649405298163,-3.347126579552222,-3.3385791961813447,-3.3700793258029416,-3.184219602044524,-3.176249727773949,-3.2249350788841467,-3.22493508356395
-3.3243193464282266,-3.307491455810097,-3.3532318068217766,-3.3732613617851337,-3.2877313875373786,-3.3714157938408853,-3.348710238287127,-3.398312693194531,-3.1961866252783153,-3.187855102620304,-3.245501678573841,-3.2455016832005334
-3.390658252063352,-3.34915185175143,-3.367073793677915,-3.4087719162419132,-3.25938918724717,-3.3782810984365255,-3.351605671722285,-3.41325011833907,-3.205085659809161,-3.197675637054652,-3.2600265266397193,-3.2600265309328336
-3.400748269432626,-3.3664294281619465,-3.404720514512519,-3.456402961748453,-3.2691813469845403,-3.399735450060372,-3.361825822022464,-3.431601676004776,-3.204801228629467,-3.198021753073428,-3.2606030062592324,-3.260603010371034
-3.408570607766796,-3.3888510751001566,-3.4289068440250574,-3.464529953003428,-3.254487117252955,-3.3532662352314193,-3.327917977764187,-3.4087443040673224,-3.2162762782714145,-3.209026914362764,-3.218649690858004,-3.218649697134097
-3.412228403387854,-3.3817158453820295,-3.448805264902862,-3.4788525759070854,-3.3077589465430544,-3.369389714473565,-3.342489654385766,-3.419621771930392,-3.2207486853660816,-3.213559232192396,-3.2289150343378026,-3.228915040438473
15.813123884109196,13.222320258918469,24.109569654112818,27.73562471686695,10.928604063811733,17.7839385695891,15.827126136240818,19.178008069246932,4.913389997141583,4.533677950621408,6.54948918389379,6.549489597563033
-3.2183820656153372,-3.194833605948062,-3.310064631950935,-3.3188333373138206,-2.8884170936965052,-3.1245577383068985,-3.0548921787548706,-2.97675127983649,-3.072071783313309,-3.054440782040281,-3.0732594922658922,-3.0732595021889386
-3.137116709477974,-3.110451702669998,-3.250567014441832,-3.245090304294764,-2.972563850493278,-3.1487224610897173,-3.1552287482858574,-3.0638731198639215,-3.0923409482200723,-3.0740104179810928,-3.0897759724194778,-3.0897759824410347
-3.087965123013821,-3.066132223282579,-3.214867411200653,-3.213006699253627,-3.0161806347754943,-3.169643048538271,-3.214055235996633,-3.1130222563692165,-3.1067500290085577,-3.0884409104735187,-3.1120224837165833,-3.112022493729584
-3.1190852307112866,-3.1063361196152246,-3.2087460694878995,-3.2192479404302876,-3.061835829651529,-3.193302045289539,-3.2727748697820345,-3.1814756469236904,-3.1250772564512177,-3.1064063732838796,-3.1336004610907704,-3.1336004711794514
-3.106465911359235,-3.0958507013366803,-3.213504163301385,-3.241045655004924,-3.0982986877612477,-3.2117842664615397,-3.3017652954721126,-3.2202981100281614,-3.1437009159293834,-3.1247136137317923,-3.1579319911345074,-3.157932001224225
-3.199757197022492,-3.190043354057059,-3.231196820574467,-3.275617320262124,-3.147008488313374,-3.2272229766552014,-3.3298545902485306,-3.2863860858772966,-3.1634016226594803,-3.170923773426223,-3.193610663889368,-3.1936106663228303
-3.157685542862487,-3.168546728484411,-3.2706495180962016,-3.3258656767031685,-3.2072605288969855,-3.2511925488883597,-3.347820487359847,-3.321050159650425,-3.1767807190370756,-3.185653074046071,-3.2159354505207967,-3.2159354526358412
-3.2955677159666075,-3.2707276858868446,-3.3236813509409058,-3.385495824661558,-3.2962303459428677,-3.2919096705695585,-3.3829439583776084,-3.4108657152795416,-3.192958961385483,-3.201596106915155,-3.2320031923205543,-3.232003194506792
-3.3075986287977246,-3.289106438504517,-3.3382237869044395,-3.3998270082320747,-3.2834006577541603,-3.2940043321519417,-3.374502459930113,-3.4341166722166427,-3.1987131500721655,-3.2073065300596806,-3.23431671945888,-3.2343167215375344
-3.3054832524833606,-3.282862442736649,-3.3793872489068626,-3.441598784886377,-3.2975943582262452,-3.3117567684748543,-3.3839425053065546,-3.447086165278964,-3.1910046589091143,-3.200285918497908,-3.2244384128970403,-3.2244384147068756
-3.3341302069069143,-3.309211834417048,-3.380861755958387,-3.454063225871881,-3.32641235720003,-3.332254333052097,-3.3969859310851467,-3.4193775623016034,-3.2093652420883703,-3.218056995541869,-3.2380934640958614,-3.2380934663735195
-3.358915256560782,-3.3323005868043567,-3.396516069482643,-3.4769593870779896,-3.35412580879885,-3.3557716255418857,-3.4067471887778287,-3.41616981320411,-3.224454291503614,-3.232813616471168,-3.2607108404445095,-3.2607108426663243
-3.376470639736466,-3.3523277348946605,-3.406633592341686,-3.4749537697207846,-3.266780116058716,-3.3433390537915217,-3.4061836502023146,-3.3374397654755787,-3.2129558281446977,-3.2242225488711806,-3.257259874405681,-3.2572598758402216
-3.358409536048424,-3.3455963414193106,-3.4365399744587126,-3.471934708835591,-3.3336008129531223,-3.3707925094654057,-3.474571098711193,-3.3534843546940243,-3.2299778518761726,-3.240906068162562,-3.2783707236393806,-3.278370725151859
-3.338585158775193,-3.335241193340479,-3.447637853041998,-3.4837289716923268,-3.35321128315653,-3.3846125714937783,-3.4821305527818605,-3.3494596849956153,-3.2441485137532826,-3.254446631633939,-3.294087476086317,-3.294087477614149
-3.338211740725917,-3.318492837591434,-3.4475921784133012,-3.4746906478332438,-3.375520458877837,-3.3587364358208127,-3.45162871381259,-3.4105496840592586,-3.26000097844313,-3.2689023844575527,-3.2827950170405886,-3.2827950196389875
-3.3008424124784237,-3.288653875439917,-3.4506443816187984,-3.4782788438862413,-3.412650670399889,-3.36370198539918,-3.460639230251826,-3.400298964940387,-3.27220380986021,-3.280778944033942,-3.296557997365734,-3.296557999925343
-3.3617261060595736,-3.340395356737555,-3.4414381678200145,-3.4697852216799583,-3.4058528292288477,-3.3632565714763816,-3.4616321884190175,-3.400014879347231,-3.2811233782010487,-3.289334089757169,-3.302617898185281,-3.302617900814354
-3.391695184831863,-3.366045512077054,-3.448387615725097,-3.4731847884585862,-3.440033466867587,-3.376411214392416,-3.4899315688646926,-3.4263420248285774,-3.2969213659600194,-3.3047919673412247,-3.322090662841705,-3.3220906656635942
-3.323053476798397,-3.2838581994560037,-3.452627164286554,-3.4732224437609007,-3.4624659943816916,-3.3822561586143918,-3.4942027691892306,-3.4519171268243936,-3.313103996288552,-3.320319590709224,-3.341230964943414,-3.3412309679962107
-3.3562477230809145,-3.3280105524003276,-3.432804298005225,-3.462057440116671,-3.4555009092728026,-3.3743111736399207,-3.4761750510334735,-3.4289161356409723,-3.3290772162147855,-3.3358628766505807,-3.3597038503633176,-3.359703853449575
-3.2982293956155027,-3.2477157624237774,-3.3792708699797895,-3.412182686887808,-3.3537925909392854,-3.3024584647358677,-3.359024468737303,-3.3180922628625,-3.303197435549128,-3.316010647494302,-3.3221216677932808,-3.3221216691252895
-3.247412745276043,-3.176362876701327,-3.348228706170183,-3.3663104817455847,-3.274619791627801,-3.241789811356729,-3.2810077157613353,-3.290076098022731,-3.2868359492167727,-3.2985905477317656,-3.290721252751555,-3.2907212540200144
-3.2371728767551806,-3.193890313037108,-3.337385190696855,-3.3503041351911866,-3.2808560986275825,-3.2353113658967603,-3.3072869748886573,-3.3301620411452832,-3.296653873561628,-3.307984252891885,-3.302226867356716,-3.302226868530956
-3.1515548646015734,-3.1187725804318025,-3.283071561440721,-3.2798454141856954,-3.1222150360505196,-3.164903790894333,-3.212628319262387,-3.2608420392296953,-3.2407637665384863,-3.253788250080935,-3.2375966632972446,-3.237596663806432
-3.1393892476448477,-3.1222728549871017,-3.256892541158491,-3.243322680938593,-3.1789609649146158,-3.1843439118197105,-3.269177795287953,-3.3227060255117324,-3.255705380930865,-3.2675272978235497,-3.2549564505395474,-3.254956451315141
-3.1929072321214,-3.1851294584909824,-3.2799171751977836,-3.2651027090146414,-3.2261335151696366,-3.241045845744813,-3.3439160486099553,-3.378936329413039,-3.2751883515183917,-3.3073538199280934,-3.3076529445302354,-3.3076529452580354
-3.2427278460295303,-3.243082146019716,-3.291925746515031,-3.2857647008624142,-3.2480847505048094,-3.261256550594034,-3.3696187449281085,-3.4204912952504642,-3.2909304464924802,-3.322202534819699,-3.3171721327283583,-3.3171721339477545
-3.294341327380788,-3.289330396831862,-3.2949074729578753,-3.3035435108383897,-3.2430474391497865,-3.27127854350697,-3.3872484661496403,-3.4590243099258524,-3.301035633006333,-3.331826869710095,-3.3249543327783506,-3.3249543340311387
-3.2334592814388294,-3.223147069091318,-3.298161220302594,-3.322235849445848,-3.2332420924427887,-3.2733839532481914,-3.37472130784371,-3.4541946841420255,-3.299616273936359,-3.331159931986271,-3.3271227259074054,-3.3271227268484695
-3.270848084042126,-3.2508801546260413,-3.3089558365485385,-3.3392109236392313,-3.2708839883178595,-3.290307047376042,-3.3841337333745813,-3.4733472980012863,-3.3145908682748733,-3.3455116910500964,-3.3466054343566016,-3.346605435556236
-3.286694865318543,-3.2665120794591185,-3.3369782766947775,-3.36793422863483,-3.304966857215049,-3.3110951745439383,-3.4121125401860106,-3.4768210648883224,-3.327636253720086,-3.3580783768278097,-3.3618783841246156,-3.361878385477678
-3.323402486503677,-3.2978967660243663,-3.3503669155076468,-3.387474527718119,-3.305851648485557,-3.322243590807579,-3.4137205117230836,-3.46315977749977,-3.336770979517126,-3.366631046476627,-3.367566244318902,-3.3675662459329336
-3.3367021850980056,-3.3111061467733656,-3.3686260984612377,-3.41414090613903,-3.329336206037642,-3.3475029500134115,-3.4368907801986373,-3.4906731262658486,-3.349810590276676,-3.378843647447613,-3.3857845246373515,-3.385784526436754
-3.3749529314771154,-3.3461501949566888,-3.359468432441813,-3.420436208487035,-3.340517247911019,-3.357926981361616,-3.4200254166418724,-3.5096032823162764,-3.3592044237799468,-3.3887027385665176,-3.3936019068154013,-3.3936019087218403
-3.3734264305244146,-3.330295096058027,-3.350547325539811,-3.4124607253039807,-3.3873471095969605,-3.361305571321404,-3.390879324271725,-3.526145521781957,-3.368550556325646,-3.3992894703394287,-3.414150599220189,-3.414150600816474
-3.393206593986563,-3.3623213220108332,-3.361312908446978,-3.4146520630609167,-3.4087085618056316,-3.3618490019905933,-3.3692492138727808,-3.492878117627812,-3.3826069446640283,-3.4127061351174603,-3.429958578143392,-3.429958580000182
-3.4218078327690495,-3.375623892845487,-3.4236974234963427,-3.459392619443926,-3.4338783605727348,-3.3721873196281087,-3.381491916171889,-3.497475598100237,-3.3846748653693646,-3.4139222905674997,-3.42713807096324,-3.427138072988204
-3.431181326006622,-3.393074398068302,-3.4343839860855554,-3.4764568339943787,-3.432662924776975,-3.3812393945583015,-3.3804451974949887,-3.4715070919226263,-3.3979598287432253,-3.4268794423230786,-3.4455155931884285,-3.44551559518586
-3.4347715011466065,-3.3872853079800294,-3.4316047441776307,-3.4785921344932778,-3.423760721363729,-3.383378479668214,-3.3666260273863102,-3.4766331071505765,-3.3941337358658727,-3.4259805450677505,-3.454833466277961,-3.4548334676326045
-3.408533936436075,-3.370995117326386,-3.4151016488448125,-3.465444901656035,-3.3497876368705923,-3.357456994166839,-3.3533551909725383,-3.490440952592056,-3.3702452508039733,-3.4022771871495276,-3.412312864533596,-3.412312865696152
-3.43419729965692,-3.3831985980339625,-3.4117858593828205,-3.4543716226599077,-3.3862132240612848,-3.3691587682327144,-3.391564179320369,-3.5160697193535366,-3.3856311487260218,-3.4170365889285588,-3.429958017645016,-3.4299580189455394
-3.476426364701767,-3.430523439559582,-3.4106062188720734,-3.4458255150549735,-3.372439365656807,-3.3616031432559734,-3.38563887965983,-3.5334342925310698,-3.3909322442482286,-3.421710884110166,-3.435719668795712,-3.4357196701166295
-3.4368048762655663,-3.408307861816397,-3.40378540133663,-3.438710216222055,-3.332991657655729,-3.3542296451657094,-3.393834757494663,-3.5223073212029963,-3.388098238418938,-3.4208453236493135,-3.43758759819669,-3.437587599046822
-3.3872483531756714,-3.3768578450206643,-3.3951109618947988,-3.4357722250559677,-3.3341542624492297,-3.3497644790661885,-3.3985383501757935,-3.5191299701629455,-3.388680706405115,-3.4230630833833864,-3.4458456878974464,-3.4458456882018247
-3.4329776825027474,-3.3928940413613553,-3.3722411317277636,-3.4168281483131406,-3.318118344407826,-3.321015486180806,-3.3672609893126895,-3.5196917025350167,-3.361429210302911,-3.4015907954663036,-3.4271131557702663,-3.4271131546611384
-3.3750726680389516,-3.3416335807597526,-3.365091640613997,-3.407847441253446,-3.3403140909506384,-3.3157640972964177,-3.348709919117477,-3.502372480572478,-3.370126495096794,-3.409104774273304,-3.440166018507825,-3.4401660175284787
-3.3620355829377626,-3.3305739052682424,-3.3602085866010585,-3.3951024617012058,-3.3755106427307235,-3.3173582919932025,-3.3411144093217935,-3.5066007630074494,-3.3713331034018874,-3.4125453178583123,-3.4511939175001403,-3.4511939161602756
8.339227812536603,7.497858868549773,11.29882375776687,14.592001652335584,13.369456861333367,9.174278936402338,11.170417237636487,21.256822466648515,13.382105312145004,17.447385017018725,21.03521804523115,21.035217941279626
-3.07384989084231,-3.099231068467782,-3.1322952884825246,-3.1777832617464252,-2.904237608602184,-3.0892692793506673,-3.0186804970267307,-2.9397681582664843,-3.1681662863123097,-3.2034285612660405,-3.213223293750745,-3.2132232881727067
-2.947819444974729,-2.930319036632218,-2.9964813595177864,-3.035263997242522,-3.028857901414702,-3.09007861114688,-3.045227139941107,-2.984532517409102,-3.1677253673723436,-3.207533677174282,-3.2225055047394244,-3.222505498843421
-2.9060286759187957,-2.858238613147356,-2.9469846908979136,-2.9844816774428624,-3.1030090601130427,-3.1081299347049782,-3.074670799577592,-3.0357281926460082,-3.1846569029325105,-3.2224442106276023,-3.2418692300231977,-3.2418692244231027
-2.9963506064986634,-2.944056634187003,-2.9464096705246026,-2.990332197114044,-3.1699064240985377,-3.1384207645892173,-3.125472996641565,-3.0940754972153575,-3.2057274751402054,-3.2424458616611322,-3.265488215422389,-3.2654882101022156
-2.983032014126176,-2.8968635075065623,-2.91935404141951,-2.9596842889836186,-3.194549854372176,-3.13831537916386,-3.1164112487884483,-3.0939239916703247,-3.2018222857266565,-3.23483844688484,-3.2502209502035315,-3.2502209456809292
-3.056448471339804,-2.9926421165144994,-2.953152301838052,-2.996879814540463,-3.277789144612562,-3.193821490900283,-3.185068697464745,-3.1614133987648962,-3.2232741174548236,-3.254319615788677,-3.272811925531244,-3.272811921440821
-3.153520485005024,-3.093230228215364,-2.9669426371567518,-3.0015087692087645,-3.4353312353414642,-3.229731527644697,-3.237064455762033,-3.2336669196269976,-3.241690414255438,-3.274200297758986,-3.291653296540126,-3.2916532927536655
-3.072256919585725,-3.025333679841257,-2.9527349086504304,-2.994974594899105,-3.4279682883016616,-3.195297283922921,-3.1592784123981152,-3.2020523524498734,-3.2445004932710764,-3.283028701788295,-3.2934062307517458,-3.29340622677068
-3.230036490701039,-3.2165465745999446,-3.055443744155758,-3.05934841542468,-3.510026843919307,-3.2225715186466974,-3.194121435715174,-3.2577213483024696,-3.2657000289462266,-3.302988225629802,-3.314577091071388,-3.314577087354926
-3.082761550271654,-3.0305345791242155,-3.1192715705988,-3.0864676784279825,-3.377002673305242,-3.179703054469681,-3.137679033699795,-3.1112184613374834,-3.187196911971629,-3.2322753469364995,-3.2162366770577706,-3.2162366725895697
-3.283843604372272,-3.2323656561275635,-3.2018309338234836,-3.1414976238394963,-3.4231861017528087,-3.210634112347171,-3.192243768552693,-3.186285847900355,-3.2096013800590857,-3.2523388270456834,-3.2440565789058877,-3.244056574576597
-3.30316295474847,-3.2475615936976716,-3.230403062176371,-3.186798607507982,-3.43028832260062,-3.2287282271438844,-3.2346748662187417,-3.2597622074526145,-3.232527704030319,-3.2729574559095536,-3.2644337019545913,-3.2644336977469397
-3.2791596715039875,-3.217727143105689,-3.2749488836838863,-3.2314563215742154,-3.381454730524082,-3.2449158306728885,-3.2771869327262193,-3.2895785721895017,-3.2456477569673856,-3.28486550735104,-3.2799612422484477,-3.2799612381388563
-3.3726809862379286,-3.3163368040538117,-3.3045636585107547,-3.2615928253800934,-3.290008525446788,-3.2410188861680513,-3.2736030245646344,-3.268959214372882,-3.2351655690364485,-3.273402448708421,-3.2587411431502393,-3.2587411393567676
-3.3129767764448363,-3.2687584401218412,-3.302881981599159,-3.268723076897534,-3.2643359494316235,-3.248039963760789,-3.2729527591147853,-3.264465174658096,-3.254972485497876,-3.2909090942853894,-3.2741999247808202,-3.274199921253614
-3.341670588843556,-3.35017777607118,-3.3250405237532568,-3.299018763677985,-3.258346209257894,-3.2751556814096494,-3.30092983040073,-3.269782874038815,-3.273576133872924,-3.307278938321856,-3.3006158435020225,-3.300615840120783
-3.3895089756322725,-3.383333836867389,-3.335663188958524,-3.3224609431632284,-3.2552386456586007,-3.3061613420582323,-3.3257718119908253,-3.274160455468405,-3.292610963094358,-3.3244274316964555,-3.3279458719732893,-3.3279458687151373
-3.415972512698822,-3.405281925666942,-3.3283635697327885,-3.311165153955068,-3.1852411371437857,-3.2983709213531944,-3.285812941551489,-3.2274461814981543,-3.289360748778402,-3.3071367108249117,-3.335075676202029,-3.3350756726023603
-3.3857291784092673,-3.4180972744346,-3.304389624945842,-3.304694517546599,-3.158939220228247,-3.297067823311018,-3.2779551849830604,-3.2098085650728096,-3.2932285434427184,-3.3114972565381704,-3.3154658102453802,-3.315465807528725
-3.3221094821699038,-3.3920777369092554,-3.2761813213457485,-3.2488446400364857,-3.0673112123903015,-3.2530598910996,-3.201134457679127,-3.1392704241873557,-3.2710993913732453,-3.2646673099119132,-3.2930293788171316,-3.293029375877873
-3.294808544016452,-3.401582045311054,-3.2569053609360474,-3.2318008207212956,-3.0918672907592177,-3.2802850311659624,-3.229442451299506,-3.162536582135787,-3.2901250864202196,-3.2837533414050264,-3.3188782070521543,-3.3188782042379428
-3.165813100950923,-3.2064453449992056,-3.2038877859769483,-3.1901991558112073,-3.1405781512721562,-3.2710018889953947,-3.2333234802424484,-3.1899089073408122,-3.273543766164232,-3.2762952779315615,-3.3131217414354475,-3.313121737878711
-3.211768177040635,-3.2564633803845524,-3.2295243077216886,-3.219845273797596,-3.197387477911466,-3.296149316513918,-3.269110461691306,-3.2111498902589464,-3.2878901768283844,-3.290471446292643,-3.3303024828753385,-3.3303024795124094
-3.1592679221498985,-3.2014711573460106,-3.2264090850936493,-3.2148616892619923,-3.1650857614757677,-3.2739592276686698,-3.243077120182726,-3.174887916150191,-3.2642798966669693,-3.2662357735269363,-3.27084690477459,-3.270846902209225
-3.184133219964128,-3.2477960402483697,-3.239311343211706,-3.2270002177655686,-3.175985061467459,-3.275587155516348,-3.2353047517709315,-3.191036770841565,-3.2852038578935407,-3.2861495979527184,-3.272997673797196,-3.2729976717773326
-3.3866390428208843,-3.430594979764151,-3.3051926529522806,-3.2901566181558137,-3.2198410043121597,-3.2941018361849674,-3.2620103640193303,-3.2203339386447936,-3.2943648439666733,-3.2934689215421162,-3.276174282532202,-3.2761742809947303
-3.3702013835383697,-3.4470480619801567,-3.341716602029773,-3.316579605220556,-3.2129149820817577,-3.3042415386356843,-3.2684595692414855,-3.2299481634100067,-3.30478576771275,-3.2882124907530916,-3.2972158085366905,-3.2972158069294437
-3.410875989302199,-3.4898302366162843,-3.3678622244674377,-3.33401942197786,-3.2139804986304283,-3.3186879501188384,-3.2743456670685287,-3.247135521943309,-3.3248026214315987,-3.308555329838047,-3.31726395862212,-3.3172639572359914
-3.433976241265081,-3.496930650967776,-3.3745437366209656,-3.3505492516573385,-3.214823725293315,-3.336403812648448,-3.293210596403754,-3.253153211159283,-3.3441729214233082,-3.328116947168464,-3.3322516694341773,-3.3322516684456387
-3.333565511349283,-3.4289927266543185,-3.337245489124467,-3.3057560104759984,-3.139179476931986,-3.3146007795825936,-3.2393800975657085,-3.208460548692728,-3.333192699524186,-3.2700339320663483,-3.3336923060437824,-3.333692304605618
-3.343531011481839,-3.419229889693807,-3.3129600462692603,-3.281834364231062,-3.122075380685343,-3.309985112459008,-3.231250413018546,-3.205086497297449,-3.3439043609001464,-3.2840101273571385,-3.3298798405030756,-3.3298798393302653
-3.328406925936954,-3.400943919888766,-3.315337801131365,-3.2961644863490553,-3.1678692125930876,-3.332343558949537,-3.2824181548345335,-3.2649622705800145,-3.356865999272615,-3.3013494879372507,-3.3400129531231477,-3.3400129523920326
-3.3656964186973415,-3.417196702519706,-3.3159494688957807,-3.302507648360597,-3.1965528557122105,-3.3388316245051586,-3.313503708165447,-3.3136393501430295,-3.372882830762384,-3.3189666313632857,-3.347426561749552,-3.3474265613914427
-3.3955775437487095,-3.419797466346602,-3.3303224616455283,-3.3269448500491867,-3.2404543277132083,-3.3596805290419733,-3.3612405489194974,-3.3474815491062224,-3.384649676052826,-3.3347500684785567,-3.368276399254009,-3.3682763989406714
-3.355185735115267,-3.348885497475125,-3.3426350994733194,-3.3527757086893994,-3.2690375705500165,-3.3680068257127003,-3.37655152320156,-3.363762362651727,-3.394567556574164,-3.349136874588606,-3.3877729775841168,-3.387772977100528
-3.3415075985000993,-3.326271174423492,-3.36394620419725,-3.3861476110027473,-3.204700147559201,-3.3223625885328643,-3.315118944917239,-3.2877582691036356,-3.367024604971953,-3.330760805030682,-3.339059247363381,-3.3390592465361846
-3.330094783578317,-3.3188829755339904,-3.377365370371867,-3.4061874472245224,-3.2123165178828055,-3.325520214281418,-3.348552252524762,-3.2807456595398437,-3.378700513308018,-3.3451618527262568,-3.3573861629887936,-3.357386162059338
-3.3753155029817408,-3.3524535593496996,-3.3930105106359925,-3.4205504942817604,-3.2346006567922414,-3.3425774345012025,-3.3770177928623064,-3.296641192192915,-3.3955381704213057,-3.3628094649350304,-3.37659754208866,-3.37659754143351
-3.354752500801724,-3.3354569896925206,-3.405907355865045,-3.436596455328748,-3.221872951591852,-3.33858501614501,-3.3777495979135086,-3.288470654727851,-3.3804467285531947,-3.3538346376501105,-3.364393375236091,-3.3643933741873266
-3.38850104207223,-3.3539532674262755,-3.4201785681278105,-3.4575308615722804,-3.2486266967086923,-3.35415538630754,-3.401949125452348,-3.2971628353992206,-3.385336312431373,-3.36111968909635,-3.3763139852104347,-3.3763139840852725
-3.3615691283717073,-3.3419184794929566,-3.4237998541577475,-3.473186274609194,-3.2673446213180783,-3.3760587759499745,-3.426271450352446,-3.284470200848893,-3.401309060252242,-3.377995883622931,-3.3819409577489097,-3.381940957428222
-3.409969246982673,-3.375070051714477,-3.4256973409176625,-3.4753529953090436,-3.301510770818216,-3.391072343184011,-3.46187324051309,-3.290713926988952,-3.417993403819856,-3.3951427343943825,-3.402256023191407,-3.402256023061272
-3.4092009120744033,-3.3916210209005877,-3.441808215029766,-3.4947092506937683,-3.325967785076998,-3.4142190403879766,-3.4856813047694764,-3.327532265265349,-3.4342583715987174,-3.411912794841336,-3.4204111937191026,-3.4204111937776576
-3.4956524256441774,-3.4536325041897067,-3.438878335568911,-3.480620206948797,-3.368708422909506,-3.4125565550228107,-3.4736376531440265,-3.356260185572019,-3.4471657979324988,-3.4245525087354656,-3.4318009337276303,-3.43180093425916
-3.3745761895633373,-3.349946585795916,-3.438475860729791,-3.4767640225329752,-3.360385745564977,-3.3897232323266033,-3.4457669251610565,-3.323434306426184,-3.45841253411426,-3.4367237529962424,-3.4245991559939943,-3.424599157065425
-3.4057739211250393,-3.3876564889075054,-3.433467020668425,-3.4680403685533108,-3.3555040963704807,-3.380459687114778,-3.431374717644582,-3.308519535525763,-3.466685184299321,-3.4465408471165175,-3.441138539248727,-3.441138540249082
-3.3948259465116184,-3.390657079754691,-3.4101179483157833,-3.4364821481601697,-3.2755899433910467,-3.3465466593747526,-3.4057417209528635,-3.2568138589568534,-3.4376662847927415,-3.406045330402006,-3.4136941658015783,-3.4136941662232374
-3.350629088342389,-3.3564252627072886,-3.3675725584865863,-3.392691910359899,-3.3059880125978403,-3.3311212956945786,-3.387618135139362,-3.26612101848579,-3.453521361021103,-3.422743083508794,-3.427351492019458,-3.427351492669218
-3.282826626600013,-3.2900497504327113,-3.384864197113849,-3.4025638550359556,-3.3283902276053507,-3.3535612418665064,-3.4169438087679307,-3.2869953382789525,-3.4711062896494296,-3.461210472669389,-3.462997991015759,-3.462997992516659
-3.2630085156543744,-3.2798372946310606,-3.3927836484481784,-3.414824970948512,-3.3603720246345206,-3.3589086524116554,-3.4598578661407133,-3.3331519759324073,-3.4497811676102432,-3.447759707653095,-3.457920496616186,-3.4579204973824
-3.2858889375279,-3.2872017697622313,-3.37644657816007,-3.398091886116666,-3.3703436194053746,-3.343157584448745,-3.4372686309460394,-3.3381567538251504,-3.418382890896796,-3.427642174132204,-3.4387351409132734,-3.4387351405671316
-3.2819188538464568,-3.2654946425752707,-3.389021799378374,-3.404760419524,-3.434763387224279,-3.3521566958249034,-3.4309000591976844,-3.36662039706257,-3.4306960212190507,-3.4409333015317127,-3.460243477831261,-3.4602434774540076
-3.295870639771479,-3.2733593761828894,-3.4028415012104443,-3.4178549317303317,-3.4417289952675523,-3.3653081740921857,-3.431249140135202,-3.3834678125750624,-3.44344690494492,-3.453637836459684,-3.473122992284954,-3.473122992074341
-3.3310329617188623,-3.304862652784362,-3.39305669395064,-3.414030279668964,-3.4403299352856305,-3.371536006721973,-3.441280173895613,-3.383930670893704,-3.4523696450744397,-3.462440827981123,-3.4700218968232504,-3.47002189725744
-3.3414163151128,-3.294494412860937,-3.3998826661155994,-3.4333778860948607,-3.4770168797189553,-3.3565659987921332,-3.40376073444238,-3.4026590164415085,-3.4613841247408086,-3.475407293841168,-3.458913630539676,-3.4589136312915834
-3.3857866727532295,-3.349527486746057,-3.451351222317745,-3.4657703171725323,-3.5322995360767138,-3.3742759525739885,-3.4089479055955536,-3.425397285703077,-3.475346252050845,-3.4896544829797134,-3.4805609401063755,-3.4805609408013316
-3.436509662891881,-3.4159594292021658,-3.4990539560145004,-3.493910430085556,-3.523849306840668,-3.388909468261086,-3.415797480376251,-3.4085993032659427,-3.4901887165452066,-3.504612759394269,-3.4923055410858694,-3.4923055424131997
-3.497622816319609,-3.462099619838005,-3.532134047749956,-3.5253870657418345,-3.514035277134555,-3.4093047132311787,-3.4193119599823127,-3.4140354988425146,-3.501500139644614,-3.515933192584065,-3.5098973598199787,-3.509897361171264
-3.41831402081971,-3.3793574512143367,-3.508250739635069,-3.468945360697143,-3.5532281331723197,-3.40815493069588,-3.4079941964835783,-3.4092358869267994,-3.501244935249806,-3.5210339431808664,-3.5121727218404484,-3.512172723613442
-3.310714679590105,-3.301892870789991,-3.4976856887057606,-3.4622518460770024,-3.558458762216206,-3.409667871485647,-3.3967196911834883,-3.425410223030066,-3.5163018345950325,-3.5356041350381187,-3.518779363685789,-3.5187793659244537
-3.392445430411024,-3.381815706398431,-3.460997254492208,-3.427989087521281,-3.388228953986508,-3.3683261768015704,-3.3514056875549554,-3.3388994609171645,-3.477648932319437,-3.4938401805087778,-3.4911533246862803,-3.491153325703798
-3.329967301375416,-3.3422252259969154,-3.4680416609111178,-3.4356137222258534,-3.3606600148678822,-3.3641078314146498,-3.3749192337727285,-3.332323239975122,-3.4366517622744914,-3.4582748178768266,-3.4458034717123596,-3.4458034719477286
-3.3674433757784463,-3.360333665271895,-3.472043320482316,-3.4417090826687997,-3.3927367982298433,-3.3796982467923335,-3.3988066732889264,-3.3554260994817966,-3.439219287717093,-3.4630224721353264,-3.451037444253092,-3.451037444727139
-3.29333147289495,-3.2632968183568267,-3.4442751950581685,-3.403228912886721,-3.414691549901723,-3.375062002120213,-3.3917771494979525,-3.345974089357231,-3.439356412641549,-3.4667922457072917,-3.4619488338524924,-3.461948833776173
-3.3188654512298372,-3.2982832314772486,-3.4719177031991024,-3.4209798591983445,-3.440548263478937,-3.386383894720046,-3.3971522869613016,-3.3637989957468495,-3.4543378631519763,-3.480547846586541,-3.4653788354010864,-3.4653788359840387
-3.3326955078807172,-3.3170952018912354,-3.476372132533269,-3.412796145149481,-3.4224267025837887,-3.387019837323225,-3.366352163713595,-3.35062820503695,-3.470166868936326,-3.4949910455221547,-3.4772252683911287,-3.477225269464866
-3.300107411692178,-3.3034875045933907,-3.429097230468268,-3.3929506023020606,-3.358837993289014,-3.369981061964763,-3.3497220499191704,-3.288598674562165,-3.4708469345043107,-3.4967219768773576,-3.444295155151689,-3.4442951575917187
-3.359039261085693,-3.342316140447899,-3.4196176948991788,-3.394610344217473,-3.3182972297043842,-3.3576437414686673,-3.3387294428702083,-3.2895335268739063,-3.4557476438731793,-3.4816825780230825,-3.42158464990459,-3.4215846524649223
-3.203846007449007,-3.1276155912903576,-3.2409759614514155,-3.2429545012107797,-3.2342028080002674,-3.280234463424117,-3.2302262912395383,-3.1591933870875275,-3.4399120923709514,-3.4713023849310414,-3.3733869242815495,-3.3733869265705967
-3.1768960704340077,-3.129600592245958,-3.256974000042987,-3.2228041479700344,-3.3572268910080467,-3.3064874533379505,-3.2635896559034596,-3.2142281536817534,-3.553933241905559,-3.5617117036616186,-3.451066003178917,-3.451066008711458
-3.2107879627606666,-3.164725271316856,-3.243995382409827,-3.189836114719486,-3.388023318669076,-3.3123164482921776,-3.275924593366203,-3.2161699651177167,-3.567238004161046,-3.572853437119748,-3.4666383271117356,-3.4666383327563657
-3.1445899608094336,-3.0872089419976247,-3.2360963218372016,-3.15796749463326,-3.400046225763327,-3.3150996492110805,-3.2749452347129746,-3.2119378328236814,-3.565676964865074,-3.5729904861199557,-3.4706428971319285,-3.470642902761426
-3.199466271913175,-3.1677383821136784,-3.231926835697125,-3.133010029136614,-3.427077388099688,-3.3268954294344675,-3.278704956643147,-3.220215618164121,-3.579368590554161,-3.584338211060902,-3.4907577658220226,-3.4907577716080147
-3.1923456969191015,-3.1440318607659985,-3.237559408192857,-3.1376242821941513,-3.4112551527668598,-3.3420940450882854,-3.2809436821226683,-3.2245506297588933,-3.565280823113173,-3.5717904757655825,-3.489840649738951,-3.4898406552048002
-3.1820529715873023,-3.0919181848843884,-3.1517525743312005,-3.047142515616815,-3.394759397846643,-3.3107753346141884,-3.2231462705375926,-3.181225092254519,-3.531274229695744,-3.548627609420332,-3.4736666083761176,-3.473666612244074
-3.2006496559033613,-3.116563840958794,-3.1720806675447712,-3.0441124888959945,-3.42401496539281,-3.3236514882419543,-3.223356915538651,-3.200409564897174,-1.988306680238992,-0.7477622967451096,-3.4704109040894373,-3.4704109086443724
-3.1460025385431067,-3.026986162344393,-3.076027629578668,-2.9580677506396076,-3.2268233757991576,-3.184635312167235,-2.9964819808502576,-3.0451453431295192,-3.4640663540672265,-3.4978082251836717,-3.399180851330741,-3.3991808555485004
-3.1479656457171563,-3.0566546358964306,-3.130443098578921,-2.9773004276852957,-3.2834271015757728,-3.1735838681443806,-3.0053473200299967,-3.0531644894936494,-3.466005151367597,-3.4972322898389914,-3.375203866577408,-3.3752038719940973
-3.142729221530485,-3.024382869309767,-3.0676952070237027,-2.913498638508878,-3.324268611746882,-3.1423380964564376,-2.9944321831025515,-3.055761572273866,-3.460402706162979,-3.4938439961569046,-3.373826627967284,-3.373826633082848
-3.0456847725084017,-2.96792856391268,-3.1481050915216375,-2.9505469042822203,-3.3598196942209015,-3.1408428391074072,-3.0159784464264208,-3.0949730548923484,-3.465636820402084,-3.4520647952318653,-3.3832670733038883,-3.383267078433057
-3.0775051420700295,-3.0016109369042243,-3.1730313237550107,-2.9641816961187986,-3.0817926677093443,-3.0529054074458464,-2.933152865764432,-2.9753037354114573,-3.365971400581932,-3.3967890187788194,-3.331205585504904,-3.3312055886780847
-3.0184186420835246,-2.9434484219774952,-3.1944430280278935,-2.9810116763204673,-3.0985831438948424,-3.0588249307820665,-2.966770575804577,-3.0345546212248506,-3.3639961522128328,-3.3938370887546654,-3.3474067702211525,-3.347406773266003
-3.0935547468706726,-3.0171051406416654,-3.199096331207821,-2.9909919510139846,-3.1243282455622094,-3.076773302954186,-3.002130916048185,-3.083156992584373,-3.3749760232729162,-3.4017475082031554,-3.3702721112582164,-3.370272114260792
-3.15075264847054,-3.0869032680562913,-3.2012062690411986,-3.0068895082692673,-3.0460967445053733,-3.069758415092923,-2.9954579301362614,-3.0908809729696864,-3.366316642556605,-3.3899585313255653,-3.370960661527171,-3.3709606641230203
-3.1700807612217585,-3.1211624171017673,-3.2017551526169106,-3.0236837157507113,-3.0208554393485803,-3.087007666322099,-3.0198539114340077,-3.1186861767520897,1.4691458439062646,2.987600307843549,3.1026132748483963,3.1026134743230207
-3.086906012055739,-3.046123784304153,-3.104209373406743,-2.9655206901614126,-2.813442798653772,-2.980849808734367,-2.887868550098152,-2.916970764452598,-3.212732165441089,-3.2707105262785268,-3.271671419502969,-3.2716714166357126
-3.118555390626964,-3.0921277153827234,-3.082926115480862,-2.9399682771585964,-2.855225426828509,-2.993599118640345,-2.907194953394204,-2.9777278173412447,-3.231336827715228,-3.2833977980317535,-3.2859818081556753,-3.285981805756079
-3.114597884121949,-3.078075255229838,-3.0793734436498665,-2.9508278689208707,-2.893381968695873,-3.0138192319356416,-2.932004112116495,-3.0314998449696664,-3.24552754055264,-3.2949172226136434,-3.3062912115711116,-3.3062912091579304
-3.131853541197879,-3.064265814050907,-3.078470833978904,-2.953465157116374,-2.9272285907188555,-3.015900189351601,-2.9311292246532705,-3.0070111382908387,-3.202012662456535,-3.254253672098998,-3.26311045901545,-3.2631104558687776
-3.2213758988920658,-3.1782923195881407,-3.128087492838404,-2.9979186242146656,-2.9724821211623667,-3.055454703617881,-2.970567933576596,-3.06838572246352,-3.2227009240355233,-3.270115257597851,-3.2859293230680695,-3.2859293201266677
-3.209248132618575,-3.1586991861689606,-3.1609380204213995,-3.0401933587474437,-3.0063588621548263,-3.0950184667637566,-3.0106433640563086,-3.1163265780282488,-3.2373265777540103,-3.2817213489119146,-3.309513730034336,-3.3095137270691577
-3.151346472577679,-3.128592800524817,-3.136714731449963,-3.01837893202317,-3.046263238052269,-3.104136987785784,-3.012166540032083,-3.1298407627383464,-3.245550850746245,-3.283869417404702,-3.308229829904783,-3.30822982752417
-3.2144774339279314,-3.2217976131194583,-3.161840129240947,-3.053480691521985,-3.063624416136468,-3.1395791015721803,-3.0451279092704175,-3.1636212878698275,-3.266907655257746,-3.30143495414647,-3.331919808807416,-3.331919806566469
-3.2700520952167236,-3.2702757881832394,-3.1894789893458078,-3.0981219306953838,-3.065751277009756,-3.1739339552079824,-3.0743894517095134,-3.194844851389824,-3.2817089051450434,-3.3138672234787503,-3.3532767628062787,-3.353276760557176
-3.283420193102525,-3.320534265461334,-3.1961710169589344,-3.1211564917705243,-3.0359726451976754,-3.1988477258079575,-3.100130654747077,-3.1998281166742304,-3.2899006727817315,-3.3175574407945847,-3.3675682105257545,-3.367568208194061
-3.2872307829767737,-3.335160237082856,-3.2019851095518947,-3.1250141803198668,-3.0302440728948103,-3.2091608520791377,-3.1009101910890697,-3.2123036968717855,-3.3097967104303088,-3.333949126520268,-3.3598085845300245,-3.359808583524131
-3.1769903255996654,-3.198230169228173,-3.1815752096029644,-3.113441468860406,-2.9346872934417374,-3.143636310143183,-3.002724765615361,-2.9858395284920745,-3.1821036766533384,-3.2176533605953113,-3.2054761108892746,-3.2054761076903397
-3.2447533871322856,-3.2496205435330423,-3.216005492456445,-3.1376069262234645,-3.0509972334484,-3.1557575953542933,-3.01977970329045,-3.0568958468382537,-3.2019820447341507,-3.2324623566722437,-3.1948546478649327,-3.1948546454387303
-3.2592430730772977,-3.2622274261068824,-3.285918989005564,-3.1928245926643957,-3.1112856780934623,-3.186094973108865,-3.060273885990653,-3.1201802632971862,-3.215558944794119,-3.2437234261324983,-3.22035155359582,-3.2203515511709506
-3.223215813731489,-3.214379715299544,-3.3637355070120054,-3.254963354868168,-3.089535194800064,-3.1631539510323776,-3.0281505048116673,-3.027331973745767,-3.137064120052695,-3.166762986791481,-3.099019196327622,-3.09901919373601
-3.2253218668536796,-3.164728002608702,-3.3993083893953435,-3.24804531323596,-3.1047803571294916,-3.1263689696182078,-2.9958010567131783,-2.9456120118282856,-3.0909187512377443,-3.1250108994727377,-2.9784567605353978,-2.9784567589111965
-3.1622457550551415,-3.1084508266652344,-3.4179002500024844,-3.2444050660858488,-3.1850279954080714,-3.1468558172830874,-3.027521702476835,-2.988757575817251,-3.09694327186259,-3.1280614899738453,-2.9999975602633864,-2.9999975587271273
-3.0399138277028266,-3.0642008040318744,-3.3309475991077218,-3.1780847198375137,-3.030180204753248,-3.0845021544648774,-2.9703671910966434,-2.8907028820833207,-3.0322180630807645,-3.0627592218369397,-2.894489580416379,-2.894489579675696
-2.9689170468623214,-2.9640809579629193,-3.3203353689359316,-3.140858509341017,-3.0629114775252044,-3.0774612719277927,-2.9891573904629163,-2.9374193844167467,-3.017781441310149,-3.0462972119644,-2.8977999332536255,-2.8977999325435153
-2.923965612057132,-2.913712357861357,-3.287285139277873,-3.0918135389087387,-3.0547854967244663,-3.0379159506589164,-2.9525339317965815,-2.909539120455548,-2.979589047472711,-3.0072870949753536,-2.8491288374479993,-2.8491288367871506
-3.0558497250998116,-3.0488259421028863,-3.3195846698960265,-3.089601080648544,-3.1361597369719174,-3.0564174481706763,-3.002714805286061,-2.9591687074885002,-3.003796579133271,-3.027912727083244,-2.886061362175175,-2.886061361612608
-3.0242069730147247,-3.0215960930325685,-3.3039947762428876,-3.0704549556878993,-2.9882718164464546,-2.9805549045356603,-2.9456927653763536,-2.9453086747164217,-2.9853028299829765,-3.010780155169839,-2.880989724806436,-2.880989723954332
-3.047538892164048,-3.059032636522028,-3.329401400173782,-3.070600921792379,-3.0418120606734242,-2.9976553812350986,-3.0113381945068625,-2.9960312952209107,-3.008112500174919,-3.0307803897127332,-2.917576984134302,-2.917576983392665
-3.0997051985182966,-3.1092380081285422,-3.350753518679583,-3.068871419721808,-3.105272403105879,-3.016864913692118,-3.0669772495975467,-3.0444171625642924,-3.0334275334451797,-3.0527466584928993,-2.9490406638609556,-2.949040663680508
-3.074225752032415,-3.052289020149047,-3.3437842381218985,-3.045895262754413,-3.214756715554523,-3.0215481273262634,-3.0712525257604995,-3.084964708929088,-3.053183561122113,-3.072522331073631,-2.9813554431173017,-2.9813554433093525
42.24902947159315,38.581839507253896,28.10940254088857,-0.5796200469605188,13.779105879683073,-3.0004326880128143,-0.7974338999212178,0.8402345829656088,-0.4073670300232686,1.3388740208048682,-2.964870848871028,-2.964870849588902
-3.4022216676130075,-3.3680701573284844,-3.1899850149524864,-2.99570544913294,-2.7655515834716597,-2.8490228939603854,-2.797455494619983,-2.857393106293107,-2.9292998482115173,-2.9470372618799074,-2.8553580499976885,-2.8553580491709227
-3.3957552079285973,-3.362780665110383,-3.1674579721442084,-2.976802087985675,-2.856193877593097,-2.852589848710883,-2.8205389931591562,-2.8513373726026643,-2.921259492548587,-2.9369330357391634,-2.8625924726058516,-2.8625924716078313
-3.389324052677609,-3.354457473328593,-3.135433889312579,-2.93961642600801,-2.9971691050192515,-2.8604678221479527,-2.871617090486003,-2.8814983262709477,-2.9380780324872804,-2.9485165120863472,-2.885428241365287,-2.885428240817071
-3.404770404802459,-3.3703969604634683,-3.139141272905203,-2.9151052052577127,-3.1210584318175156,-2.883164442059145,-2.90494527297661,-2.9224905222559734,-2.946736994556533,-2.9511958381914907,-2.881776312031051,-2.8817763123178297
-3.4037317575855144,-3.3677822196222715,-3.104288629245916,-2.880760764987108,-3.16828032660471,-2.8625988209106707,-2.899144765984,-2.9009492289986474,-2.9503374168329226,-2.954832250399705,-2.890084830970924,-2.8900848311663943
-3.40636482510605,-3.3704939341377598,-3.0602662782092187,-2.839090809881003,-3.168244895996524,-2.8468584405202892,-2.902166483213958,-2.900838358069392,-2.9662544810646603,-2.9675460061775545,-2.8926800872284217,-2.89268008805131
-3.4015518653022534,-3.3637344930816697,-3.0338610160730344,-2.815082360786669,-3.240249012233318,-2.8607282070376554,-2.945364036803581,-2.935156510583424,-2.983793660159127,-2.9839232330443632,-2.9266773573172022,-2.9266773585780195
-3.405664798587494,-3.364091021225093,-2.9906146927649475,-2.788938277523125,-3.31365589116219,-2.892666770184177,-3.009623799552528,-2.9672460576914217,-3.0026398140313364,-3.000997346004185,-2.9611950902395883,-2.9611950914854095
-3.4181563932489034,-3.378276573189669,-2.99053957312527,-2.7981442127571916,-3.3328033227017353,-2.927012306419346,-3.004799685571604,-2.9749305627344595,-2.9761189036867846,-2.9740936612495275,-2.8937839960683367,-2.8937839978574926
-3.4255744429944377,-3.38735494910429,-3.0053005043755627,-2.82301184949936,-3.3336968710834967,-2.9780414280112186,-3.042908164650724,-3.0295522181668666,-2.99442593994649,-2.990430805352443,-2.9316733568916673,-2.9316733585952357
35.74859781679228,31.714931763271288,-3.0209659210346516,-2.8496478267761747,21.931600402829147,-3.031578744520211,0.6523677088619584,-0.7459476514476271,-3.0167022085255897,-3.0103314568451305,-2.9713794982411663,-2.9713794999071412
-3.3862622263308357,-3.3672772028633187,-3.0339054947705764,-2.860353217296541,-2.763271682691879,-2.906424924975026,-2.852994906763055,-2.867621540743698,-2.891866266172233,-2.8928840609578477,-2.7526812432316348,-2.7526812449009244
-3.3884139849772397,-3.3678553666371593,-3.0651509427307797,-2.876696447211896,-2.840795370826054,-2.946177494265352,-2.9138672941673955,-2.9331260661160705,-2.9030323095352752,-2.9032022484341877,-2.789079950405471,-2.7890799519372074
-3.39876832828035,-3.378108009555305,-3.096691300923455,-2.8968853227984632,-2.8953707997568943,-2.992599197209381,-2.977423502226679,-2.992127597730179,-2.92762625502088,-2.924822248874922,-2.831932943568841,-2.831932945129793
-3.4083391593538552,-3.3877001241692994,-3.130147412057493,-2.927399134276091,-2.9362399508108488,-3.054253500825465,-3.0452433955634644,-3.0745306272518182,-2.948300192870318,-2.9432570966986518,-2.8714540588696806,-2.8714540604972676
-3.400030426563179,-3.3801516511607015,-3.1235724869183223,-2.9347017707051797,-2.8457561469407158,-3.035576946023343,-3.001478645470591,-3.1054219571871577,-2.9376502123386623,-2.931588590813411,-2.8561749081839483,-2.856174909768658
-3.410454808002476,-3.3904971407824043,-3.1363787110158774,-2.9541684495042433,-2.8862861042182835,-3.0780332659815306,-3.0521701517706994,-3.187716227694762,-2.9583339066874195,-2.9501002013556588,-2.8982695841051482,-2.8982695856806426
15.277041048150181,13.264976358464851,-3.1652434423764726,-2.9863909147124605,-2.9239954848138283,-3.1192605340456714,-3.084126134227108,-1.2798164978975488,-2.9647349226970325,-2.956213264781267,-2.9252915106244437,-2.9252915120001868
-3.368164584157772,-3.338654237485976,-3.13756357389146,-2.9751387104172746,-2.707423407804429,-3.010425227303389,-2.9149816593821654,-3.1323248731991296,-2.8930729841924405,-2.8899012562968656,-2.8275557728654297,-2.8275557736992614
-3.369633378848641,-3.339912930424381,-3.1582022927170783,-2.98115794147295,-2.8073095240150487,-3.046512584957938,-2.9520213681397944,-3.1691985234231623,-2.9008177596496827,-2.8964154568833713,-2.8410605325422678,-2.8410605334301797
-3.3798328601695804,-3.350521802884269,-3.2118127984348193,-3.0063576888761823,-2.918001691828658,-3.097294881279294,-3.0028265125481983,-3.215322490092137,-2.9211232627611485,-2.913753393008805,-2.8750843831512825,-2.875084384265784
-3.391047833892568,-3.3607374002633335,-3.257387098292072,-3.0459263800154486,-2.9966806945236533,-3.1461384260704848,-3.057765600072467,-3.2860063111372666,-2.9411601377565932,-2.9327182453196374,-2.9191650195433585,-2.9191650205988253
-3.4012450899367788,-3.3699509552517437,-3.293419608771351,-3.0850727141021204,-3.043017506527769,-3.1894548844936543,-3.0965176129442917,-3.316624553673777,-2.9574151871722343,-2.9475329703005846,-2.950332572912039,-2.9503325739310213
-3.4076919931802703,-3.375797098480598,-3.316656032254733,-3.125943218921041,-3.0768210372427403,-3.2277499755751693,-3.134474153692045,-3.37412859955632,-2.9813568447419425,-2.969552549846527,-2.991387586408475,-2.9913875874540525
-3.4160613306451166,-3.383690364405826,-3.346322999167292,-3.1725038272691495,-3.1188316838664876,-3.2767234954007267,-3.1759866166588853,-3.4263245553760977,-2.9987845681444747,-2.985650701522917,-3.025709920983447,-3.0257099220439043
-3.4242067497098465,-3.391910476434881,-3.394580944081836,-3.2261663712827904,-3.207704539055789,-3.3266074847567673,-3.230889286809958,-3.455734987494938,-3.0171474734425106,-3.0022812564886614,-3.0517990594137343,-3.05179906063793
-3.421367116976067,-3.3886158596902662,-3.382102975469004,-3.2401738734124548,-3.19421768882351,-3.3121710740220887,-3.1933017441346805,-3.431395631702825,-2.978383785068338,-2.9684154396900935,-3.0113520840360026,-3.011352084594456
-3.4187234719111848,-3.3851526984385334,-3.3900044193996086,-3.267675840219634,-3.262974458813105,-3.3228112281463,-3.2262017861759418,-3.4927314044852755,-3.0020331706046157,-2.990268858450328,-3.048178778316654,-3.048178779051348
