lstm_normal,lstm_student,gru_normal,gru_student,bekk_lstm_scalar,bekk_lstm_vector,bekk_lstm_mix,neural_bekk_asym_diag,bekk_symmetric,bekk_asymmetric,dcc,adcc
-2.9837559934183804,-2.9499048146370987,-2.915554283812419,-2.887872277214023,-2.830507208009152,-2.872391535854586,-2.8652850885807335,-2.87874561525127,-2.8210216607903087,-2.796680735341916,-2.8565428335262615,-2.856542828757517
-2.987853661764925,-2.943106229799254,-2.922771749557421,-2.890316611303328,-2.8472364077518684,-2.8842628783393174,-2.8583644515185425,-2.87824855588042,-2.825788055265052,-2.8020791434070067,-2.8723034227337885,-2.872303417780596
-2.886807203193219,-2.8392852446696413,-2.917499791514911,-2.8797255575357634,-2.8105285726401497,-2.8714330673828705,-2.825561500622645,-2.879187193849738,-2.8296236266106214,-2.8055498825854563,-2.8672260318984573,-2.8672260270179026
-2.874968327506185,-2.8653880446477618,-2.904505337467452,-2.8759938510411276,-2.789894214250779,-2.8612643758507774,-2.8211913247427214,-2.8826113627862036,-2.8347657444200243,-2.8130565974228454,-2.8861432632792177,-2.8861432582606867
-2.8991426554040816,-2.8756040304465005,-2.875602517971694,-2.842423227290332,-2.7591603641447646,-2.833624368536767,-2.7763620350280886,-2.801000674922723,-2.8205657195314178,-2.8010688101309493,-2.8623706249295813,-2.862370619407901
-2.8159537636331953,-2.813449036834203,-2.819199430718213,-2.791325353345493,-2.7285011380545794,-2.804741631827277,-2.7489684564729036,-2.7675641116157603,-2.80791102163015,-2.784518720286146,-2.847485330842143,-2.8474853252678423
-2.834476872700214,-2.8410066009251236,-2.7955384990360224,-2.7651833407244033,-2.7377371239886763,-2.8103810902056217,-2.760740833683739,-2.805177647932315,-2.8244114025992437,-2.800231992899089,-2.8725766603547456,-2.872576654930312
-2.7040227897483717,-2.699746871472698,-2.761938441075312,-2.7207550548459336,-2.7553962949104926,-2.78452419786374,-2.7483480558508555,-2.780790550550878,-2.8311228879009884,-2.8060504587378374,-2.841253718759831,-2.8412537149495645
-2.699959514687344,-2.6953593151845467,-2.7474781366445304,-2.6948188550578327,-2.7659793817034637,-2.7633747592721187,-2.7368698782664005,-2.775547682323461,-2.8342636845040774,-2.8095870889319996,-2.8536034566670128,-2.8536034528370897
-2.7138749698263704,-2.7149325852586186,-2.7248718885631074,-2.6626752925892183,-2.743437359743983,-2.7197351713669744,-2.6960284933439063,-2.6916945377769625,-2.816802996849286,-2.7939148276317765,-2.8124346056012,-2.812434602158652
-2.611342684915185,-2.593153538497295,-2.6860339575898906,-2.6190733831840713,-2.7151048555240496,-2.6771004635231073,-2.675487238546726,-2.6631017562654344,-2.8078442352641475,-2.785399647328846,-2.78291960158264,-2.782919598105694
-2.705653414090624,-2.6877003123475887,-2.6951981610417466,-2.6230171388666785,-2.7792093780165956,-2.6950285790311077,-2.738033016234238,-2.706599738027601,-2.815733469165826,-2.7932601128199908,-2.807130846377879,-2.807130842741377
-2.7324617053120663,-2.756652415938234,-2.7074821884484894,-2.632679879178146,-2.817854612732223,-2.706435931969566,-2.7632682140193534,-2.7434246328696172,-2.7999714388654895,-2.781791966718017,-2.8119669915504764,-2.811966987379508
-2.759031297492787,-2.7783931684397265,-2.7282798332058347,-2.6517702485440733,-2.8593344689141498,-2.7323849323716574,-2.7797483680290545,-2.783842769651585,-2.803008409595106,-2.7861020317214713,-2.8322598347689927,-2.832259830230728
-2.71123925700266,-2.76148191700034,-2.714373324125543,-2.667020006151013,-2.8176221248457454,-2.715809434159552,-2.770004271382821,-2.788150320856559,-2.813570208707793,-2.798346657995681,-2.841557792100558,-2.841557787811194
-2.796225123280815,-2.803769176314354,-2.7385506975104326,-2.7179093817869227,-2.8707369286688946,-2.7681415469290815,-2.8067915639278973,-2.849847489477705,-2.8336955641516632,-2.8169235165251774,-2.871999550987082,-2.8719995466725203
-2.743317051867364,-2.7432058755668822,-2.7245529137406623,-2.710168015435868,-2.8550805668842454,-2.7761334917581353,-2.7930270243402817,-2.856264475107428,-2.8465027568177104,-2.8304399714826602,-2.880480796040887,-2.880480792242
-2.806601237163377,-2.7898190822900686,-2.728560651605658,-2.712935202029165,-2.8751236451433715,-2.806913314214845,-2.8056139096116253,-2.880493062300292,-2.865497154995594,-2.847994630686951,-2.9120231375969343,-2.9120231336970943
-2.7968981512833158,-2.778393088705055,-2.7535053150389595,-2.7315586066199136,-2.894171949516154,-2.8543653318960978,-2.8206186709286563,-2.892657375724099,-2.8753666808737206,-2.857507284606431,-2.9339762374684466,-2.9339762333762143
-2.8234569252576294,-2.7864624079474827,-2.7640437416603243,-2.744570415665609,-2.8929790375831548,-2.873771241078983,-2.8183984846793435,-2.889084136660696,-2.8934679621260426,-2.874028913398529,-2.939737525529288,-2.9397375220200566
-2.8218344444149173,-2.795534140106723,-2.7495127157042227,-2.7300907051884193,-2.8038624144038637,-2.853901034342972,-2.761824365238934,-2.824800872234192,-2.8745412997997133,-2.858819279526946,-2.939100318561508,-2.9391003143046106
-2.7781587156581242,-2.7511926159155156,-2.6746792083274724,-2.654306875547939,-2.6529624094724866,-2.742928940204585,-2.6351573336343392,-2.6219299910031237,-2.815715300346036,-2.805254108242438,-2.8169883165877616,-2.8169883123805253
-2.604764732913644,-2.609683416236563,-2.598460733135197,-2.581965974641715,-2.6082708763128566,-2.682434296527517,-2.595597064625272,-2.607646091954741,-2.784570050539973,-2.7793961133992893,-2.7957432499493406,-2.795743245315623
-2.5362342644857643,-2.527117262965692,-2.5483437908943722,-2.5341741448939357,-2.601948415948518,-2.623382035398131,-2.5620637620138034,-2.554418885794937,-2.7849890878503136,-2.7772781233786694,-2.738320000443955,-2.7383199973994667
-2.5073948836558255,-2.533146980174254,-2.5175750255098515,-2.4986670376341054,-2.6336023035039005,-2.591104371160225,-2.5625364298790134,-2.5520528137501826,-2.777111951247471,-2.7699782664312487,-2.738647895774024,-2.738647892387684
-2.5245638960485897,-2.5264380927035557,-2.4796621498653835,-2.453817503992262,-2.5282337166572812,-2.5037490894718397,-2.4297431442691937,-2.481860021477221,-2.768100437634111,-2.757429159556063,-2.6212082101427727,-2.621208209429416
-2.5177333827635477,-2.5122188555148477,-2.464529304083333,-2.4411735060482176,-2.5760365067931974,-2.506005840492344,-2.4704197564586194,-2.5124294105822615,-2.782868628283043,-2.7710783152607683,-2.645953634586113,-2.6459536337086305
-2.5293276394255897,-2.521137718412671,-2.456528155198096,-2.438865386239992,-2.5927049529993855,-2.505272587186785,-2.501104849694753,-2.542348163170056,-2.7988376486415385,-2.785632449722269,-2.666252622991325,-2.66625262211233
-2.545526380814048,-2.53381085650208,-2.441341849768021,-2.425866505714027,-2.605594393062343,-2.485216657488066,-2.493912656650158,-2.5484192172600313,-2.8147609297991525,-2.800115054713385,-2.6410522295197776,-2.6410522298758803
-2.51508262265585,-2.484764571762014,-2.4240866201260824,-2.407487500319416,-2.6678603834053995,-2.4906258232895757,-2.5332361967095363,-2.5808521416270795,-2.8076655460845914,-2.796987148535038,-2.657480750296345,-2.6574807503283533
-2.508583966514747,-2.5019286710956066,-2.413750527483943,-2.3974688757183302,-2.666596488120127,-2.4675097874589786,-2.5308497778991845,-2.5489430805808513,-2.7790431518094025,-2.769663815637707,-2.6391605180453683,-2.6391605175193256
-2.5638946125917887,-2.559969974730399,-2.4181142496895975,-2.4034845673616188,-2.705313165657339,-2.4655774124871175,-2.5703090185646214,-2.5691581480424728,-2.7902761347197016,-2.7793459528660285,-2.6581074370981534,-2.6581074363078048
-2.639681810531054,-2.6490163360676044,-2.4256277704459666,-2.4157839313731495,-2.726275970424709,-2.459687536611642,-2.5899531431284717,-2.580856476952258,-2.8004527498544776,-2.787439297667432,-2.6633212982093237,-2.663321297346179
-2.5897890094270726,-2.59556884242951,-2.452119516189735,-2.442878382421487,-2.764845764421057,-2.476827919547979,-2.6183099121352535,-2.6149597069656703,-2.8093916899331846,-2.796469759118965,-2.6904263296928055,-2.6904263284857857
-2.6207875998306776,-2.60817981366471,-2.470597748434248,-2.461756580356637,-2.78724414594162,-2.494228028602598,-2.6481216759882047,-2.6483705652600813,-2.824516495323455,-2.809943692405848,-2.7123663730132317,-2.712366371732481
-2.6479621183629796,-2.641482965451582,-2.4980911943743767,-2.487560149999655,-2.7771748579811426,-2.523256565816623,-2.6583264381922613,-2.66063540957048,-2.824058783397255,-2.8060454215534616,-2.7311894477885645,-2.7311894460994792
-2.6375795240107927,-2.638243125929912,-2.515616029041153,-2.5002216403638853,-2.7875528422719995,-2.5587411270658484,-2.6831648197693676,-2.6802300380471733,-2.7978425870259853,-2.7846084826148436,-2.7409496799420405,-2.7409496773793665
-2.6092280815961493,-2.601272710621538,-2.528417100234937,-2.5197215852041444,-2.7731361215948143,-2.5640142992485058,-2.6744156758164,-2.701155614715015,-2.8031810131556107,-2.7917786453694275,-2.749614205413866,-2.7496142030441413
-2.5187037666804133,-2.4901669961278805,-2.5276092332607965,-2.516062934933217,-2.806567265360327,-2.602586080452542,-2.699961173660657,-2.739211151799429,-2.810758946843625,-2.8000858038577356,-2.774473201206148,-2.7744731983357465
-2.630319155017383,-2.630357466764226,-2.541633089010717,-2.5268334273461415,-2.8223856265579794,-2.6546253820978105,-2.733863899403996,-2.7655768419013307,-2.8255386596107686,-2.8135050211572814,-2.7936329342875337,-2.7936329312678416
-2.667973054860917,-2.6468205137514373,-2.5769444747162447,-2.5568308718059605,-2.7794911540267453,-2.656332261142821,-2.7086069222517017,-2.712564174908654,-2.7973246739579856,-2.7858408155474277,-2.7618417083896984,-2.761841704925037
-2.6600259929554695,-2.6491546119974423,-2.589028690690296,-2.5672857397336815,-2.769060678698961,-2.651960481961132,-2.7101081797643087,-2.6970537006310806,-2.7992744390348054,-2.7872595409796888,-2.763265066492099,-2.7632650628345683
-2.6391551971950498,-2.602899576172216,-2.5928240688728645,-2.5672181877227893,-2.808964991038676,-2.67580425668854,-2.7498561258728045,-2.7348871249656113,-2.813419546922974,-2.8008040547160222,-2.7888537351410334,-2.788853731194002
-2.7353896789293812,-2.675050905140876,-2.621584583594897,-2.5946390183348536,-2.8451985746267536,-2.723678441057356,-2.791731203232331,-2.775345133884421,-2.8272088092782184,-2.813504198977596,-2.8158895724897897,-2.815889568333063
-2.7187553276305607,-2.651573857843979,-2.626209710456356,-2.6007823323997004,-2.799913155229956,-2.714228133793129,-2.759116968795648,-2.7936474000477567,-2.833324136075988,-2.8181802389635355,-2.800113112216606,-2.800113108422764
-2.7519156833545075,-2.67873827253393,-2.6413018645255284,-2.6120341956621416,-2.80567710637843,-2.7029986497846625,-2.7662384358870797,-2.7841537489640054,-2.8419896955146,-2.8258225838725766,-2.800142608458404,-2.8001426051657887
-2.785264274246271,-2.68072327200164,-2.6605671427485285,-2.6279510844841303,-2.809144526210428,-2.6993186586899767,-2.774353634925328,-2.7743077351967083,-2.8456959742590238,-2.8296648481890854,-2.8090987642482155,-2.8090987608548326
-2.804462013724386,-2.7005747288666138,-2.675576024542293,-2.643050204350124,-2.848450403050624,-2.723672551515265,-2.7986345735970777,-2.790015187971922,-2.8402523856463286,-2.8251880645052405,-2.8162580726542656,-2.816258068873345
-2.8203110041497492,-2.6941942606736324,-2.6931953277580263,-2.6657747299143857,-2.8744043021850416,-2.7432322669312112,-2.820223501528082,-2.8006905786890837,-2.8552573592590393,-2.8391209211192683,-2.8312325348927962,-2.831232531266573
-2.908912176091267,-2.8016013902530763,-2.721526704205412,-2.69594768855402,-2.908690423088413,-2.772679522775748,-2.8471213919632814,-2.823014379635073,-2.8708408628695015,-2.853805644363746,-2.8544874175282753,-2.854487413926038
-2.7902227280702685,-2.7153488852749477,-2.7405136400756596,-2.7243456598423643,-2.9041925988670463,-2.781545669793115,-2.856234503510792,-2.8388493264748664,-2.8848239911901685,-2.8673702891722823,-2.8752791213503457,-2.875279117386081
-2.865871292717323,-2.7752657269625103,-2.7480656649893844,-2.7403179473626227,-2.8925970621146435,-2.787149322292021,-2.851256042536085,-2.8488218730082076,-2.9001625991516775,-2.881891453960115,-2.889317159829926,-2.889317156205073
-2.850375971719531,-2.77501690329712,-2.700869119486536,-2.680022502903255,-2.85195262576086,-2.7603333473775575,-2.7995276049211637,-2.7772097708419645,-2.851819104693945,-2.844660823967335,-2.869854518730421,-2.8698545137043103
-2.7866176290811873,-2.7290750886690542,-2.687600635891843,-2.662886836824354,-2.8906878111075636,-2.7747768068481875,-2.8124125879815542,-2.7955344426345854,-2.858851682620804,-2.851279339598562,-2.885253587018834,-2.88525358176934
-2.722263463211738,-2.6287545667078973,-2.6998932300879193,-2.666733687065074,-2.847727670388446,-2.7733026918501142,-2.7836148558601557,-2.7895948595744335,-2.851937784348942,-2.842680943054349,-2.8751524781420352,-2.875152472815762
-2.736752262904462,-2.6761745883880153,-2.6954864173384188,-2.669578475445288,0.19822794372759756,-2.0546444089264124,-1.4537765950228345,-0.17730931463935828,4.696234975583476,3.144534742715818,6.453031509984955,6.453030987038062
-2.6837665649342144,-2.638393716179127,-2.6276223535967165,-2.6029387655071767,-2.467102761124714,-2.569963011112813,-2.4318739007769565,-2.6922619866682047,-2.7775842987731933,-2.801980845612714,-2.660098515014844,-2.660098511060684
-2.728515562742875,-2.633162554984018,-2.593305218269707,-2.5628413185937333,-2.55501049267144,-2.5949568475812392,-2.506002173747434,-2.7094105132937587,-2.783294761997723,-2.807485779818076,-2.68170636489662,-2.6817063606752107
-2.804463493662758,-2.733643913244105,-2.568632732966984,-2.5435910442601823,-2.5972614546247494,-2.6089793705653537,-2.5601791387870265,-2.7181520350353487,-2.7954084678265936,-2.8180511932238548,-2.6974405755122315,-2.6974405713176504
-2.776000571709132,-2.700315070775263,-2.565098423632784,-2.541795204504326,-2.643038735125841,-2.632559570412673,-2.6221028550734125,-2.727729011550254,-2.8068828121591647,-2.827832624744273,-2.715486417824897,-2.715486413444415
-2.7504455351435833,-2.6449273138964062,-2.562224273621891,-2.539926598995576,-2.5935227940015846,-2.613138699174861,-2.6030603260435035,-2.6706489172883208,-2.771736844993287,-2.7961575679505026,-2.7067690350547773,-2.706769029869598
-2.6962566138348625,-2.602062829101572,-2.5573275583478425,-2.538776930900643,-2.6393117173664624,-2.620606655840583,-2.6525265894709062,-2.68892713246358,-2.7851906334789667,-2.808061119671085,-2.7092887521062097,-2.709288747445917
-2.7348342595678865,-2.654661249611355,-2.573703373211737,-2.553833382238853,-2.6978005271082166,-2.6499109677239336,-2.7193039314916083,-2.7161236529722554,-2.797679977920959,-2.819046027094626,-2.7315862319838495,-2.7315862271715936
-2.824383178072206,-2.74095058935027,-2.6123843399339832,-2.5919763698317624,-2.7545300540035873,-2.7025500459831333,-2.7814811106479267,-2.7487714862529615,-2.8100717810682956,-2.8302920609044895,-2.75929327063891,-2.759293265527086
-2.820049415508421,-2.724205911422774,-2.6441247985289014,-2.6239323408659776,-2.801452624231209,-2.741724452921317,-2.8362276567620706,-2.7823928735834835,-2.822655588958647,-2.841509087444776,-2.775633241080091,-2.7756332359123412
-2.8236352053921934,-2.717748042031582,-2.6723534794494723,-2.6520532536105463,-2.789042930133827,-2.77221103499529,-2.854916526891703,-2.790723522958797,-2.8157000291382577,-2.8350507948502477,-2.7810323891137827,-2.781032383541526
-2.8306039241593206,-2.7214992525351933,-2.712264468570387,-2.6898471469280363,-2.8133563173477096,-2.818152928139262,-2.91224882439346,-2.822471892008182,-2.8239653050975173,-2.8424638009161725,-2.8041026064494674,-2.8041026006167313
-2.905090861028036,-2.827797035549593,-2.7665891595296364,-2.7461020475771343,-2.8382240301717303,-2.863229429821835,-2.946049145603282,-2.8534606899490984,-2.8364069386226807,-2.8539570016368807,-2.8306604604468024,-2.830660454304708
-2.9372757225879553,-2.8823583039669187,-2.8107946547987264,-2.7890639220045736,-2.85116017159732,-2.901866272252927,-2.951059231576717,-2.8651670673677234,-2.839454970442215,-2.857218376269893,-2.8480417321885643,-2.8480417256221786
-2.9163137657768257,-2.8418862462405343,-2.8236985912137547,-2.813982527571498,-2.8821897306325113,-2.9235454330397883,-2.9590688529316322,-2.9263951184990313,-2.8399453123424103,-2.859429081277515,-2.8629042276483005,-2.862904220866719
-2.8446209772501745,-2.7455261197603256,-2.8266276118097737,-2.8010795128371977,-2.778457346674772,-2.8438638649543355,-2.8208257392014318,-2.8893255721352484,-2.8139790379792617,-2.832332689107895,-2.808151996310745,-2.808151990251309
-2.8643064233782476,-2.7427815729448826,-2.832762529570917,-2.801433014445174,-2.827563562380157,-2.873875928512259,-2.873469999246871,-2.8898008888131796,-2.8220951327390984,-2.837622099994819,-2.8304703824646325,-2.830470376074379
-2.7741703426981075,-2.6882214793465002,-2.811706712332188,-2.796080119845273,-2.8298526388549488,-2.8608843616640547,-2.867710426425713,-2.8778949561486664,-2.8347400544612547,-2.8504151613783137,-2.8293870753536585,-2.8293870696640067
-2.77599886359884,-2.7047561982194304,-2.751933165617449,-2.743934788986718,-2.6883838993403986,-2.7884467008651495,-2.7415537298683503,-2.7500088712049973,-2.7827036679567785,-2.8061112649002697,-2.810025991335035,-2.8100259843084023
-2.679741687682845,-2.5870104077294673,-2.700490181470158,-2.688707748572381,-2.6097920795384097,-2.7347357421224516,-2.6697386123724276,-2.68335739348258,-2.7549222667929585,-2.780638265721779,-2.7905926547271216,-2.790592647057302
-2.6380522864295526,-2.5478859117030455,-2.685985732681622,-2.662921222515179,-2.637149027986391,-2.734698367491839,-2.7092278058910533,-2.7044021325548586,-2.756129731728228,-2.7824145103295854,-2.797113805836905,-2.797113797953082
-2.635667892038477,-2.561069545184915,-2.6857882632878507,-2.6584082544548666,-2.6524325173608347,-2.7315924695946556,-2.7415696055099508,-2.7217575965152347,-2.767486612414648,-2.793054199533387,-2.808214691714623,-2.8082146837609843
-2.689100175699437,-2.6216166442810773,-2.71786314133182,-2.68936253487929,-2.6914036463607847,-2.7557530529214245,-2.7908299472422087,-2.764332377215833,-2.7575191012091946,-2.7846172599326438,-2.8173018464143573,-2.817301837844164
-2.6827123708594858,-2.571920519660656,-2.7388659136358458,-2.6995220028552964,-2.7330512149542416,-2.7598754839752386,-2.8158087719623683,-2.7903880839300204,-2.7734291230173125,-2.798844197444245,-2.812082312547954,-2.8120823048341648
-2.7813622084151226,-2.672669324960837,-2.772895933843476,-2.731382193653732,-2.803947568830828,-2.7978626162185933,-2.8778052783572567,-2.8160967031009285,-2.789252574667241,-2.8136661506248792,-2.8352409446900193,-2.835240936850074
-2.7344215194433468,-2.636360473956317,-2.7461883346676723,-2.7138433120789074,-2.7340161531989526,-2.7871951350789828,-2.793916635343126,-2.7510847833127903,-2.75865365853783,-2.7530716994518185,-2.8361826171980082,-2.8361826076278334
-2.6939407457274847,-2.594786208940352,-2.7309138961929635,-2.705461905416461,-2.7484308836472433,-2.8047920191453644,-2.80565464097842,-2.7822923635571684,-2.7758591655287614,-2.7710570905833527,-2.857156174217191,-2.8571561646594166
-2.6900054530728346,-2.5971007527959924,-2.730679779263824,-2.707697913110186,-2.727945018281458,-2.7941264083166564,-2.7799244641997305,-2.75169752705857,-2.775882771504157,-2.7736080600657727,-2.8490490517780134,-2.84904904208652
-2.6890930053550908,-2.606336225926381,-2.6930277402316,-2.6669464766811144,-2.6826570324710834,-2.7541814202980457,-2.736838206591292,-2.6927154253533834,-2.7552598206182073,-2.7601266319123177,-2.8308461562725364,-2.830846145881055
-2.694426508232146,-2.619003076931041,-2.6933447849808125,-2.665421306165296,-2.7359163562127815,-2.773895253893692,-2.774680263687869,-2.7349451303215107,-2.760159976266316,-2.7673634051626137,-2.8479263734879434,-2.8479263627614686
-2.7541101017939233,-2.646163988322975,-2.7016347822825844,-2.6737715276432525,-2.756563249346116,-2.7971023228356584,-2.7784264335113504,-2.758084168344906,-2.7653147833040173,-2.7660635288665607,-2.8691503247240666,-2.8691503134096
-2.6995304851407127,-2.6146606402013055,-2.708503228287995,-2.675900017968358,-2.755447911217809,-2.806429527187603,-2.760789447867189,-2.7327912564358883,-2.744405317124719,-2.7514600354006418,-2.8553248718014395,-2.8553248598381344
-2.7086448232836875,-2.6190802161674007,-2.695121587154399,-2.6597487015099484,-2.7350641391606434,-2.7863552839798373,-2.7434827239610353,-2.7038923853531367,-2.7408433661082636,-2.750835736428747,-2.839799801600328,-2.839799789723046
-2.732557557098263,-2.643018270484779,-2.710752400445146,-2.6740743699680665,-2.762892712690915,-2.8000651179454117,-2.766411062376079,-2.7486879494399004,-2.758368779067891,-2.7681933378242904,-2.864638419959746,-2.86463840801269
-2.741827943482922,-2.6390299479500903,-2.724447633416979,-2.6830333460402356,-2.7937166177666732,-2.826242541518871,-2.7867507114425205,-2.78210957130334,-2.7757304850493116,-2.7849732817663866,-2.881743483059678,-2.881743471029454
-2.7935638815986876,-2.6917958983561343,-2.7582867380520457,-2.7135412861169654,-2.8243008985335685,-2.859638076207164,-2.8063606426601533,-2.799189800179242,-2.781699910814905,-2.791944573046846,-2.892437813531633,-2.8924378013424032
-2.7927404131037816,-2.672272717894853,-2.7611748864152155,-2.7093127090781817,-2.721847920647046,-2.8331726910483153,-2.7424425593622814,-2.7131826455858796,-2.7528748623728148,-2.7674169839654414,-2.8613986471816464,-2.8613986345319686
-2.752484186704904,-2.62758743879119,-2.7514982403926806,-2.690421600471473,-2.6363772945677457,-2.7937306795708965,-2.710171524917707,-2.674503333400892,-2.7310066470146266,-2.74844639583074,-2.822801283083845,-2.82280127011568
-2.7362421346704284,-2.6085305456459427,-2.782284522385253,-2.714481946093338,-2.676287940273878,-2.827247077190286,-2.768778972808505,-2.737116637445358,-2.7493057862191916,-2.7659082597371802,-2.8510047279387116,-2.8510047148967956
-2.713089727275952,-2.584770358719978,-2.7818959738517455,-2.7059197133550636,-2.639717103902335,-2.783500759010136,-2.730068673500848,-2.7854623126261266,-2.755008165489956,-2.769944439993701,-2.814491336603096,-2.814491324936176
-2.7488830454975424,-2.599170496073983,-2.7928686334040855,-2.712718902985632,-2.692333545583596,-2.804488026463919,-2.78691069062869,-2.818397132526531,-2.769957892741949,-2.7841178055528486,-2.835273077677596,-2.83527306619223
-2.790448444670129,-2.6751803151735736,-2.8002820006212383,-2.7197419632262907,-2.716988270413691,-2.80138066505073,-2.7904040954653584,-2.826958654455977,-2.7530878349924452,-2.770484373437052,-2.8226620880605537,-2.822662076475593
-2.758020168740892,-2.6323019159000483,-2.80422185963885,-2.730326296087423,-2.783183320273513,-2.811958758642699,-2.825902548158145,-2.868374670743072,-2.769738254993874,-2.7864477528796563,-2.8317151389284083,-2.8317151278030646
-2.7746539584297834,-2.619942846817803,-2.8075005016406838,-2.736009074644363,-2.810099575175137,-2.8037141942191295,-2.82269755494739,-2.874723813981949,-2.777565506917754,-2.793538295440288,-2.8280307853307702,-2.828030774858933
-2.800526014588015,-2.653637965724378,-2.7985696121038237,-2.7280902531142184,-2.831302055668014,-2.8045101259096117,-2.824914151991749,-2.86362696961569,-2.7686588308148607,-2.7879772913235175,-2.832511622000713,-2.832511610993777
-2.834576177869718,-2.7087556905011314,-2.825862707735967,-2.76184734013077,-2.8908306199291536,-2.840971380514231,-2.8654168145627326,-2.884033798914535,-2.7844585432383795,-2.8028254103430896,-2.8590291365190383,-2.8590291255136817
-2.8090502470716006,-2.657221398092675,-2.7755439848111405,-2.715429517982576,-2.6779664467425817,-2.732858126745559,-2.6881826864713494,-2.6662132074787017,-2.714071137752737,-2.7291487954048463,-2.7846571098809574,-2.784657098190437
-2.715624497817233,-2.5656640707554077,-2.7602161885084078,-2.700298310073938,-2.728994055982912,-2.7455381319533823,-2.7412051235664032,-2.6989719437770736,-2.730512927829819,-2.745184841059689,-2.8089519936060743,-2.8089519818265507
-2.658958611655498,-2.530884782206002,-2.7432914047259103,-2.682586773084676,-2.7514797254573216,-2.752990941308077,-2.7466916416451195,-2.703762034268559,-2.7059081451252895,-2.726040874492412,-2.7980932855375356,-2.7980932729523706
-2.7145536973760405,-2.5893310719756166,-2.7556560001677766,-2.6958376716348615,-2.831219037808437,-2.797318765398345,-2.7891038558269754,-2.750781305173084,-2.7146430479364585,-2.7353784488587753,-2.817237037275183,-2.8172370245228926
-2.7324814664367194,-2.595582851863399,-2.777223743464286,-2.714747710296068,-2.858218174358922,-2.8331747276732813,-2.807589932204933,-2.7618552514203323,-2.721079890353106,-2.7421118527954644,-2.828002043402274,-2.8280020306766946
-2.7865399466417817,-2.640468104439477,-2.818468599094166,-2.751800623205876,-2.9226889629285457,-2.890271215991783,-2.8550521294990565,-2.799674096943215,-2.7399793252672056,-2.7601261744222083,-2.856068867777967,-2.856068855144219
-2.847358092983306,-2.700660007063044,-2.87537287173781,-2.8083902550727062,-2.9803926487734307,-2.9525132264826475,-2.8870426028837235,-2.8552612681089755,-2.749770264904523,-2.770093766614933,-2.8755866627407096,-2.8755866499329015
-2.9461735498999344,-2.8172353419020144,-2.9292695865393372,-2.8631467882520223,-3.034483146928374,-3.0130513857422585,-2.917919432604598,-2.891957326797811,-2.76857296326474,-2.7880978691082885,-2.8981348164666088,-2.8981348038749593
-3.0314497047986944,-2.8998744892432726,-2.972445784424722,-2.9129533826532925,-3.0387293672122504,-3.0500361771260414,-2.9327220229568836,-2.9084998769357764,-2.7844375726236152,-2.8039063832140245,-2.914100051790137,-2.9141000393068683
-3.0119962017610167,-2.913828964671311,-3.0130397746793793,-2.95763379708656,-3.0802576403817907,-3.0997759251258636,-2.954832391941058,-2.9523418731850155,-2.8004850243587613,-2.81986778925725,-2.9355213129832154,-2.935521300389934
-2.875156714363577,-2.7427621323480555,-2.9909569823720648,-2.9285391737018687,-2.824483579292374,-2.9777028811293262,-2.807241375790759,-2.9136321475682525,-2.7677397996723636,-2.7908548200415555,-2.866143631948765,-2.866143619232659
-2.916548711788172,-2.7801653784361604,-3.0016947615900267,-2.9405053802837324,-2.8893495761788897,-3.017366875848708,-2.8896930443309436,-2.9840231945657747,-2.785157369702401,-2.807302412797916,-2.891761046352867,-2.8917610335080965
-2.937749708875317,-2.8530585820677428,-3.010269537610005,-2.959247853259048,-2.87604875661341,-2.9872115891557396,-2.874233313420066,-2.94567083261334,-2.80082751516238,-2.820920971605227,-2.859825783702663,-2.859825773190366
-2.8503099276937074,-2.778273742788948,-2.9817842921465427,-2.9437397511399945,-2.8426286193272503,-2.9442141036326412,-2.8414485722034124,-2.8796380369827554,-2.7950061487643185,-2.816256120118872,-2.8473103039778125,-2.8473102935183667
-2.899805807169037,-2.8384560312082296,-2.9475587725662358,-2.9126402279824966,-2.8528242990483177,-2.923624481695299,-2.834005515971816,-2.869132544830825,-2.7734563812376543,-2.799129388227809,-2.8396633768125037,-2.8396633656962753
-2.9658555892456464,-2.8970269240986313,-2.9398042949095657,-2.911345107272812,-2.8954241911051755,-2.929889434889313,-2.8610679196320046,-2.8843835900314607,-2.791048593434364,-2.815575621694287,-2.8633231812398585,-2.8633231701201534
-2.9603276994599836,-2.905061097650787,-2.9519711591031497,-2.930893646065506,-2.9209619087632266,-2.948460277899202,-2.8841907908015942,-2.898326249949509,-2.809011073489876,-2.8324349832371505,-2.8891552429220213,-2.8891552318608476
-2.998352883665373,-2.931701540903694,-2.973028656526385,-2.9528339965418864,-2.9290577778871403,-2.9672648213079063,-2.8762409431624816,-2.882436225989358,-2.8061485127723675,-2.8305449575490313,-2.8930354440967174,-2.893035432867415
-3.052914339279898,-2.973157510836268,-2.9986188842427715,-2.981946642088761,-2.973847250873498,-3.0115302251201,-2.9075784272121252,-2.913594788199316,-2.824017089158874,-2.8473032151308266,-2.917806120752041,-2.917806109489481
-3.0476064172045945,-2.9803252195112275,-3.0232367518060297,-3.0076125038400097,-3.003467093720362,-3.0546227401747164,-2.926810856619348,-2.929233035795406,-2.8404415579074684,-2.8627722751122158,-2.9373704523756716,-2.937370441352818
-3.088410799592433,-3.0312133441892275,-3.0649045511875124,-3.0493505722522336,-3.0424881130835253,-3.1007932335319515,-2.948168320206363,-2.9505957354103742,-2.8548213825618314,-2.8761288367664477,-2.9571112379368976,-2.9571112271257105
-3.0749769906410633,-3.035569932224974,-3.0825764935460644,-3.0720568426552326,-3.0483700295806626,-3.126708086582809,-2.9571745903093216,-2.957158317050575,-2.871870296497111,-2.8923007281181414,-2.978265904768706,-2.9782658938558075
-3.0758035683464486,-3.0220287307253164,-3.0932181916153576,-3.0850945287169202,-3.0340476338238247,-3.1468619520490435,-2.954581286946437,-2.945572566898587,-2.877860290017078,-2.892671579915518,-2.989741448630948,-2.989741437628289
-2.9937876294607655,-2.958580277438533,-3.0332739573940684,-3.0298784936098015,-2.936617003683656,-3.086134406095489,-2.8867947015878155,-2.85634250399562,-2.882169932966461,-2.896287777476448,-2.9518332470724093,-2.9518332371166203
-2.9562140967667987,-2.901936142558736,-2.9911184465535303,-2.985576770657289,-2.893085253963088,-3.0650100167450582,-2.8633861847126214,-2.8383453742569174,-2.8807996240379916,-2.885728240047273,-2.9573491034457726,-2.9573490932385846
-2.9708922051816216,-2.9139941496429445,-2.988307762618197,-2.978834430868837,-2.9227674386949474,-3.0792949894361765,-2.8859928060412883,-2.861638349283588,-2.89666605185434,-2.9012645964953436,-2.973577108737534,-2.9735770987548014
-3.0581542621935225,-2.997145933978628,-2.992340310784548,-2.9820388918978606,-2.9418767115498667,-3.083717547826552,-2.8907570832773217,-2.859717085160308,-2.903260561402787,-2.908004607559632,-2.976634095713196,-2.976634085802157
-3.01984104991572,-2.950029666182866,-3.00275673462475,-2.988776361912196,-2.9767544056596753,-3.110746276965061,-2.9169255563647765,-2.8786732812995566,-2.9162952770049753,-2.9208339429856394,-2.999612439384501,-2.9996124294326765
-3.0604426062980883,-2.989383352875701,-3.022162070981972,-3.0036152811769146,-3.0211681012020914,-3.1423937470803205,-2.950162192556059,-2.8987456138778223,-2.9301123823378346,-2.9346789537628903,-3.021445299860985,-3.021445289887849
-2.988231312176228,-2.914691317465122,-3.016254907596681,-2.994643098045872,-2.9945612302195497,-3.1287214751015697,-2.929037877080413,-2.8741780332785813,-2.925540013097816,-2.9324277913047,-3.013313473954866,-3.0133134638079566
-2.984290046249237,-2.909050864676685,-3.0136039846418146,-2.987211143965649,-2.99977960952049,-3.1269549708089635,-2.9195342709378473,-2.872426752300088,-2.910800571051819,-2.921149939909679,-3.0040035291450287,-3.0040035187463583
-2.943415598932302,-2.8502845088281457,-2.9875185028121853,-2.9570157691353485,-2.999305205334939,-3.081282916401868,-2.9068980091821803,-2.8994899316044194,-2.923022722998617,-2.9324232672063513,-2.982909872691236,-2.9829098636490463
-3.001834553822396,-2.9185419960365433,-2.9909427807516593,-2.960786229462568,-3.0526311852498127,-3.099585059586622,-2.942745783726976,-2.913804788252739,-2.9339576852809173,-2.9434081747276024,-3.005461951051441,-3.0054619418733064
-3.013879459405572,-2.9534008645689482,-2.979446200474165,-2.9542870539997352,-2.999468233335385,-3.076222935895793,-2.906333366351322,-2.856037747594763,-2.9097746249088368,-2.927031017154931,-2.997181827173474,-2.9971818169787348
-2.9672183761982724,-2.9013102370485266,-2.989990237857233,-2.9654388224032875,-3.0436380931136826,-3.1065014687635104,-2.9375682202992293,-2.8888412958417184,-2.925672355592156,-2.942017622012352,-3.022798524851533,-3.0227985146358938
1.618861118485297,-2.873486822014574,4.344319796712792,2.724808189259099,3.1858164564390616,13.108386592678253,-1.0969087420366974,-2.8560986340936028,0.281884444929148,1.767919128493432,9.052145300364579,9.05214427772999
-2.868628057954001,-2.815368374862479,-2.850718714487588,-2.7901968643947566,-2.6438560880267525,-2.819790646763766,-2.596387112138808,-2.6379420083337246,-2.784964278409133,-2.801175449147988,-2.7947958892532694,-2.794795887740097
-2.757540452056543,-2.7063358084251457,-2.77443559478489,-2.6981254313193728,-2.568839929449127,-2.7184579803464946,-2.5192464095495675,-2.5724817267399382,-2.724133225424121,-2.7423900752490527,-2.713501883384142,-2.7135018821520287
-2.6258658307304685,-2.572570738396834,-2.7234697987033765,-2.650812852592181,-2.674407534064,-2.7047034495036044,-2.606443060355925,-2.5879302944106786,-2.7293895152511225,-2.748185111941562,-2.6863256894283,-2.6863256890929796
-2.576042097785842,-2.518444574634196,-2.6487783627277457,-2.5788502192578195,-2.5377575441257285,-2.5958675453762807,-2.520484552359828,-2.4603582098640526,-2.6484811655544926,-2.6740829199857643,-2.621098533594471,-2.621098532583355
-2.533444234544292,-2.48299220069344,-2.6270238326061723,-2.5486015297125504,-2.619527311504342,-2.598885882371689,-2.624568561205061,-2.4986985214839743,-2.633498114847227,-2.6613553358714936,-2.62072387185582,-2.6207238703627596
-2.479781566406438,-2.4418602950112906,-2.59414554787419,-2.516910462449507,-2.511974566743138,-2.520349332283763,-2.535534303437644,-2.426694068122604,-2.5754060935706873,-2.6048380617615168,-2.5594784662763628,-2.559478464782292
-2.5562013492724884,-2.5317025550416674,-2.5811097046873703,-2.49503679653649,-2.5957142079417626,-2.5372418004736206,-2.627551546280552,-2.458723593707446,-2.572284474587793,-2.6032723157911155,-2.567009575249452,-2.567009573547325
-2.5834710845144007,-2.6271065268041736,-2.616899294068604,-2.524920028419026,-2.6562104431011546,-2.5497005564901216,-2.697625458026916,-2.5109474257216067,-2.551752868644368,-2.583255346140402,-2.5535577132174216,-2.5535577113133527
-2.5338252942823685,-2.576186617705465,-2.620743633992886,-2.5317504720510966,-2.6916327815932632,-2.55044974892091,-2.7239493248667186,-2.5209910278868577,-2.5587483831601356,-2.590490563084156,-2.5533521339737475,-2.5533521321300134
-2.523417802035487,-2.497395076441362,-2.637674038555505,-2.5431989465532205,-2.745498028973506,-2.569001026418558,-2.7635321706013114,-2.5400317101814136,-2.5707813592169777,-2.601081420828411,-2.5661288981622445,-2.5661288964909295
-2.5911745049752284,-2.5711970307948606,-2.6590613610237916,-2.5657038954616667,-2.8296575386197045,-2.621602503956237,-2.8421896413385466,-2.5821785150951717,-2.5909949721170458,-2.620766879360249,-2.593106000354829,-2.5931059986877716
-2.572221026627229,-2.593459221241994,-2.693976037916494,-2.599197625983128,-2.769534448673822,-2.610874711561305,-2.79218903276201,-2.541219470195818,-2.5468468938558013,-2.5786450704550736,-2.5446799973514316,-2.5446799954201476
-2.6215303772763274,-2.6176928622732154,-2.7141215101997136,-2.620727256281752,-2.8412004653010614,-2.6391670451713227,-2.843049392701527,-2.584760419837674,-2.565253156357592,-2.5966351741174982,-2.5717460812193416,-2.571746079293186
-2.6634964165455894,-2.688998585657626,-2.740791748982108,-2.651794459466024,-2.9194245681992173,-2.6894254664475774,-2.8918563044017347,-2.63868943481367,-2.5856282346572206,-2.616297186787099,-2.5988450402983427,-2.598845038235658
-2.7226856111186475,-2.74514642247287,-2.779826892052426,-2.6923059858653526,-2.9895749139781276,-2.7465513555409786,-2.9255892457328354,-2.687658100657676,-2.605107117487416,-2.6353289364766948,-2.625106620992268,-2.6251066189748418
-2.6565708832112946,-2.6641148662064222,-2.8175977322558814,-2.736967855111612,-3.0291482966422416,-2.7972542598608943,-2.9416072732199483,-2.750689169986527,-2.6262406817796906,-2.65561615498898,-2.643028996106247,-2.643028994169402
-2.7579737906532578,-2.77830661850686,-2.852632601519289,-2.7768700813707796,-3.0842619906874527,-2.8389051478950225,-2.9377988337732512,-2.7872749579627527,-2.643447688862561,-2.6727763706447654,-2.6380614955465282,-2.638061494461562
-2.745331199712987,-2.736017739347069,-2.8731954296079047,-2.7917975306253235,-3.0503129490647933,-2.843024066216227,-2.9143287277015553,-2.7861016632330724,-2.6529178851721746,-2.681130207558701,-2.6494073338991027,-2.6494073329544077
-2.7639379757075044,-2.704415053100978,-2.8942715125871192,-2.8109145946802245,-3.0612846876172886,-2.8737603321787057,-2.9390623034810277,-2.7990070531092552,-2.6678417767860747,-2.695581732714434,-2.6727087938969003,-2.6727087929154063
-2.833317897984844,-2.773870197597896,-2.930309239352223,-2.848989683505778,-3.109251881333386,-2.9302613002956646,-2.985294388530762,-2.8340213429375316,-2.6881278045062684,-2.7151272661026926,-2.7028217943382673,-2.702821793318402
-2.8009514822280828,-2.7700692196790784,-2.948388507475766,-2.869378493688639,-3.0683889555151067,-2.9268589920253247,-2.9520447405187418,-2.8266210490073433,-2.6904127214467617,-2.7169109748528255,-2.690189961287666,-2.690189960759116
-2.877264555750279,-2.8563138313349152,-2.954231514465463,-2.8784290813545734,-3.099065718690632,-2.946736423571769,-2.9685832875050915,-2.838702179656795,-2.703211775476776,-2.730004756766166,-2.7124201941672603,-2.7124201934987546
-2.8842919899616506,-2.8610430397232367,-2.9715782917804052,-2.9009787187006495,-3.1348929454926857,-2.9757197290417747,-2.9914503018231122,-2.856349005457589,-2.7222923542085296,-2.748460261217784,-2.737170178725189,-2.7371701780715494
-2.8535300446668224,-2.8238299297608274,-2.9684705193651078,-2.8976409313074254,-3.149208455941096,-3.0045926016704145,-2.9880548843216186,-2.8870347890760337,-2.7355029694346698,-2.762352198195944,-2.7569133722810535,-2.7569133712335363
-2.86315354569673,-2.8350899377577696,-3.0184871912814355,-2.951148244800154,-3.163740651968376,-3.029214605789756,-2.9987795925170126,-2.9105525121993496,-2.7488196638279474,-2.774435284683327,-2.77328696856454,-2.773286967616751
-2.890958679933881,-2.8621581651117256,-3.0360364818807803,-2.9744725063637287,-3.1703302035479934,-3.0442317538264154,-2.9976614244759867,-2.9214430860188054,-2.764251617307563,-2.789352294072768,-2.7847821996348885,-2.784782199003427
-2.9364000791290916,-2.8847133870235884,-3.058940874502582,-3.0020542265025223,-3.1893909640481084,-3.0719306337392815,-3.0177433465285857,-2.935549345145465,-2.7824910494940602,-2.8070188861755225,-2.812548537563981,-2.81254853687053
-2.921489710522129,-2.8919400466452503,-3.087657181748622,-3.038482971167686,-3.19524246841387,-3.1041399986143463,-3.036086501716596,-2.9549266079422143,-2.800519450726344,-2.8246476838810635,-2.834361316633378,-2.8343613160804377
-2.976507889940361,-2.921917663990998,-3.10484645748867,-3.0589107220989264,-3.0829589996533224,-3.089163840601683,-3.014544025530686,-2.9130232322850174,-2.7950933079957947,-2.820440203065849,-2.838004693658765,-2.83800469269472
-2.9474096948825954,-2.9409390395770014,-3.158976562644129,-3.1142603871620413,-3.1124854875688834,-3.130217906306153,-3.069812471785454,-2.950059131620465,-2.812116012549729,-2.836724506152855,-2.864355138811439,-2.8643551377517444
-3.0018494481857596,-2.9634149826017264,-3.1945833021831467,-3.1485093979664884,-3.121788219382586,-3.15396575530696,-3.0893907230894264,-2.979807021019406,-2.828271856009812,-2.8523571428800967,-2.8810911795220733,-2.8810911786514817
-2.9308743453957122,-2.8658732280015284,-3.10823253341538,-3.0579944394733167,-2.8565344704126256,-3.0182125289039883,-2.886475545410959,-2.783784625773994,-2.7676348352219975,-2.798168455804544,-2.821581246291527,-2.8215812439479424
-2.8890411038352406,-2.832575741921548,-3.0534739697174826,-3.005713780258636,-2.8875447194049015,-3.0317578172796216,-2.9219027032353497,-2.812538626122862,-2.784947832665208,-2.815277667214919,-2.832892510405622,-2.8328925085486487
-2.7945566135573685,-2.733971181365727,-3.011078597028486,-2.9585142549317722,-2.8838731828385176,-3.009356098954164,-2.9100412698951783,-2.840364377669723,-2.7552517772694265,-2.7896792945868105,-2.805463576007516,-2.8054635731679403
-2.774839302028564,-2.70732553929704,-3.004241709566726,-2.9434568760723163,-2.9469581687448234,-3.014441144688834,-2.9416047728321275,-2.8979732429789653,-2.7757516923426024,-2.8092437788036806,-2.810875689999138,-2.810875687875429
-2.7429017393057205,-2.686138972202712,-2.9975109316942024,-2.9324628687704286,-2.954759754705944,-2.984425120346403,-2.904621471978122,-2.8817603881845173,-2.7771152869361804,-2.8102850147551797,-2.7905675006197828,-2.7905674992425693
-2.7253703655654764,-2.6081884702535043,-2.9026235892060934,-2.83218252937701,-2.685726000577808,-2.819554262472265,-2.7145240213572333,-2.6165217836640835,-2.6906286131780375,-2.7280289138811202,-2.708736438532664,-2.7087364361892483
-2.6636805280705023,-2.583870485266071,-2.8436538192724625,-2.7745358862836733,-2.6913032662613983,-2.809405769528141,-2.743445521515704,-2.6278505863749144,-2.6889900960714077,-2.7267384502132277,-2.7130831539482374,-2.7130831514799434
-2.701161209685053,-2.623519818488025,-2.8234020797660473,-2.7490606487229994,-2.7320930999945223,-2.825573222076526,-2.7855374958110435,-2.67527126401962,-2.7045288498009845,-2.7413353644073757,-2.735363043426341,-2.735363040974608
-2.699901946788656,-2.6238470690078097,-2.8477223635274242,-2.7680431016369695,-2.7465970926677086,-2.8252304723362345,-2.8140331383364474,-2.7294138614545878,-2.6647894007782735,-2.703732654997041,-2.703493539936299,-2.7034935367754307
-2.7141845340682473,-2.68054256059541,-2.86283264356757,-2.7803894644856184,-2.792304960653367,-2.8409186783597096,-2.8515233693047124,-2.7629663728001383,-2.664107598119313,-2.7037810835572396,-2.707179859643469,-2.7071798563385
-2.73613961340715,-2.703350352206593,-2.88788242095783,-2.802752631679949,-2.870065785674035,-2.8870084104406404,-2.908301572024978,-2.8187115308441664,-2.68737716265961,-2.7260196899140237,-2.7385045914813935,-2.7385045882241523
-2.7511398856656735,-2.688529956316868,-2.8935464363358667,-2.805715688130501,-2.8584009631331067,-2.8971971509859267,-2.8956907252491426,-2.8349521841110272,-2.6928725247216123,-2.7313534906109656,-2.7420429177726575,-2.7420429145438057
-2.7592417473738315,-2.6979189231267755,-2.893558258835226,-2.804840782467359,-2.8635514166613927,-2.926236408746777,-2.921769916831992,-2.8593434886631086,-2.700349891172033,-2.731870918785428,-2.7572037527108013,-2.757203749285251
-2.809377961446047,-2.7834959802718635,-2.923361210185014,-2.8354513838838225,-2.906616587800123,-2.9637567783589036,-2.96032339808555,-2.9027454152960592,-2.7188753853163505,-2.74960204040792,-2.773860446294175,-2.773860443212071
-2.8332228964861605,-2.8277574002997135,-2.972716635379636,-2.884862736242895,-2.9443816315825,-3.0029109626707364,-2.980098725783866,-2.942713623229,-2.7289383527554367,-2.7598156796041957,-2.7916060980914437,-2.791606094916997
-2.942577236006205,-2.9260906038173777,-3.031309770965111,-2.946121115622553,-3.001995263581991,-3.0498700193128028,-3.018041204198787,-2.9853196102853223,-2.7502081653942807,-2.7800797044519685,-2.8168396698997404,-2.8168396668476636
-2.979679634804528,-3.0010804515327147,-3.0865432440649916,-3.008587324249716,-3.048258960304624,-3.0924452357312386,-3.0359278089053565,-3.0421742106837373,-2.751171359892483,-2.7820326351678037,-2.8235406358534925,-2.8235406325117225
-3.063022415653619,-3.1183614798391353,-3.1317104261502444,-3.059689834126646,-3.1014973788175992,-3.1300427580753434,-3.0634236445421745,-3.105391346831694,-2.7660813090073693,-2.7960912432920515,-2.8344928564479672,-2.8344928534352176
-2.995102090887265,-3.0551920024668537,-3.150872228073105,-3.0881734185034806,-3.123734636690894,-3.1530347324334524,-3.0686192533046333,-3.1036386566147387,-2.7832539797226654,-2.8131332204033326,-2.856171941345688,-2.8561719383002853
-3.0469177554874025,-3.107089462533101,-3.1847241986980537,-3.130370147936525,-3.1557716893732373,-3.186947922484849,-3.0780877114959457,-3.1119741926277773,-2.8013612655358413,-2.8306292342443964,-2.8820017480106626,-2.8820017449944264
-3.156326856951443,-3.2152690202838996,-3.210860426889966,-3.1641204165455483,-3.175509261199497,-3.2133180122494833,-3.108685040843712,-3.1143132813779864,-2.819931356251967,-2.848811144397926,-2.9019258200368654,-2.901925817027284
-3.145233144999598,-3.169834091532497,-3.2477775622347766,-3.2088961112706493,-3.1938299910453365,-3.2401303017665106,-3.1160280913356626,-3.1103464522171924,-2.8381605974223585,-2.8662826982522374,-2.9212015477933675,-2.92120154483558
-3.0864156543921855,-3.1319936261423766,-3.231498625397498,-3.1942881005732704,-3.174768452489856,-3.216689797572188,-3.0660000230579225,-3.0859069120455507,-2.8513856570087404,-2.8788111367588893,-2.9024561409234884,-2.9024561394548325
-3.092226308799906,-3.114819656727281,-3.224237725024558,-3.190597777868831,-3.2196523215789936,-3.2329098417346387,-3.064588054885954,-3.1187436701368285,-2.865689893448744,-2.893453504832835,-2.923091314848723,-2.923091313245923
-3.015410836394766,-3.0444765393751774,-3.1746137822630414,-3.124765658100353,-2.93700269535261,-3.079611288004602,-2.907648391306931,-2.9348411657060836,-2.8124388728860366,-2.843696967574064,-2.8561696301689663,-2.8561696279585735
-3.013015614648495,-3.0292597447039062,-3.136232831101266,-3.076182573504508,-2.9168092436325956,-3.0540707612789832,-2.936662182758808,-2.9171398991231188,-2.807235786522491,-2.8394087707861377,-2.8589533089171266,-2.858953306480135
-2.9951796401006714,-3.007319357592952,-3.1344969925532484,-3.0676164882160397,-2.9920839594503064,-3.0750731523673114,-3.0200351646685286,-2.9819400776739453,-2.8227981849697206,-2.8551132058588156,-2.873711101883733,-2.873711099702657
-2.9959873195253923,-3.022262512821098,-3.1622387745892278,-3.0920976145190804,-3.0036638611960145,-3.0745262421164754,-3.021684848063981,-3.0620943273665344,-2.7979869710903245,-2.831746361566389,-2.8545233406494743,-2.854523338116517
-3.040474299021484,-3.0825958854371063,-3.1816994150603164,-3.114794278460433,-3.0790231433802306,-3.116192091767526,-3.074303601249528,-3.0884399729703307,-2.8196434801595687,-2.8525538645328763,-2.88561436879164,-2.8856143662800147
-2.9948508495936794,-3.031387784712687,-3.2048846477331425,-3.143939988962843,-3.1467550572743326,-3.163034365799712,-3.146686176581105,-3.126340450888724,-2.8409881331253466,-2.8731024110167134,-2.915981316995061,-2.915981314503021
-3.1177033360893143,-3.1925668726731056,-3.254234353923528,-3.1986461252123792,-3.143935303239669,-3.1717975201343527,-3.124853047242894,-3.122339407776068,-2.8456335935954127,-2.876755921700494,-2.9125931109594947,-2.9125931088214307
-3.0826130449286158,-3.149122082869919,-3.263111394854789,-3.2064145408905196,-3.114281819255734,-3.157811356310303,-3.0838431073854298,-3.1316086125908895,-2.8532846675877592,-2.8834214014519244,-2.9145340581898473,-2.91453405622245
-3.087532114322501,-3.1743198823291463,-3.2731783768731657,-3.22300639244056,-3.1662353830824306,-3.1864983750278517,-3.126850508445937,-3.1495297603823373,-2.8731611944576887,-2.902574861746944,-2.9374856453842377,-2.9374856436171823
-3.0328659923934738,-3.153311914102826,-3.2604846610952896,-3.2181432858078463,-3.1799876159838134,-3.1890775419986803,-3.1139864408217655,-3.1632699952846637,-2.8903446880050723,-2.9193468684600656,-2.9351709433113924,-2.93517094213678
-3.040440206301576,-3.1439921371390125,-3.2686847409249076,-3.2246962634375183,-3.1334304072971255,-3.164012930934675,-3.0618552657779485,-3.1936147486320308,-2.860405211486746,-2.8920929374740183,-2.910783252042963,-2.9107832503063027
-3.0494573259042417,-3.1473247921451946,-3.267883646291639,-3.2223102031633526,-3.1426750429641044,-3.1676432002196253,-3.073988864501736,-3.1933930315084735,-2.871016277084479,-2.902146244333759,-2.928019520857775,-2.9280195190843736
-3.0316462164752087,-3.1304165242617454,-3.2711663997192533,-3.2280357256941885,-3.1817371451189365,-3.1644544627323024,-3.0727569203043563,-3.2461329426016103,-2.890597440930659,-2.9211736685564587,-2.9246547627960116,-2.924654762124561
-3.058260501599136,-3.140021158255946,-3.276518032393816,-3.237046689286268,-3.200923583951102,-3.174341062978547,-3.079517867226919,-3.2270093232057593,-2.9015815199070434,-2.9318598052659466,-2.9416088731649648,-2.9416088723587763
-3.095461698970718,-3.1772637814117295,-3.2737827602374203,-3.2402573399046877,-3.131458479175749,-3.1613196272699207,-3.0756676533021414,-3.1480969822292972,-2.899025472566479,-2.9292664672130586,-2.9514733340006365,-2.951473332519888
-3.1323398432716307,-3.2056722148136108,-3.2967116499397897,-3.2654628836370763,-3.1810348773338237,-3.1897931059761206,-3.1291793671161336,-3.158505561057075,-2.9170894044389177,-2.9465159937597987,-2.9693550884292383,-2.9693550871055763
-3.0677880705007663,-3.1300901230777507,-3.2682299442382736,-3.2396754885737007,-3.183631883175247,-3.170991632374876,-3.1108248346043883,-3.1485264545945872,-2.9363980790213233,-2.9648335971633646,-2.958236925014561,-2.958236925169574
-3.1071431070874107,-3.157688418767939,-3.250625760964813,-3.221214143112615,-3.134663774876577,-3.1420412466641223,-3.089462888949674,-3.1115353070411436,-2.9353610971739164,-2.964513049097666,-2.9657703639217945,-2.9657703638376836
-3.0748380076323225,-3.1100516460062173,-3.2543932686795216,-3.2254102686242234,-3.162856958791229,-3.152276392378244,-3.1423847271829417,-3.129943031956127,-2.9529640096121317,-2.9815088611083747,-2.9936124998745854,-2.9936124996990374
-3.070882550458762,-3.123558539495543,-3.2527296257277474,-3.223661086374304,-3.183779568000106,-3.1637947290095085,-3.145397866164722,-3.160600917430226,-2.9686003956273215,-2.996693998993131,-3.0003743088364367,-3.0003743090720034
-3.105382929135459,-3.161191119722391,-3.259743814556144,-3.2293153617083576,-3.2040010394303877,-3.1601882465240907,-3.1621970737500535,-3.1851351002096444,-2.9864666132542195,-3.014032599752009,-3.0079816115501408,-3.007981612406679
-2.997478636741067,-3.0142905241225453,-3.2016767466336895,-3.157820331578085,-3.063896738286936,-3.0792648458025353,-3.014698015657242,-3.1138843117274466,-2.927293379288966,-2.9592296308332386,-2.9260628562828184,-2.926062856866423
-2.972573994855363,-2.990613681917841,-3.155799295389418,-3.109287572306762,-3.1357068288141736,-3.087928841473507,-3.0135331437087487,-3.1420791932048404,-2.944838893936486,-2.9764505396699974,-2.944774647185979,-2.944774647880737
-3.00148584229954,-3.0306688645581037,-3.1320659042426335,-3.0886282083385455,-3.176213894066771,-3.102831484440907,-3.0190473122659793,-3.1419444386244506,-2.9615681656625297,-2.992568276185926,-2.9662184660947593,-2.9662184668291043
-2.951042393438086,-2.962292566201151,-3.1070856939140747,-3.060255866427309,-3.110091731511054,-3.07213992295019,-2.9489271175095313,-3.079521198997824,-2.932556572683695,-2.9656180254020748,-2.9373407009206627,-2.937340701073367
-2.9711004625586988,-2.992801315683641,-3.068268206918003,-3.0213409917041516,-3.095332483930044,-3.0452792393045285,-2.931236687529818,-3.03554815787349,-2.9356737145761667,-2.967628349079261,-2.9253258726118476,-2.9253258731751925
-2.950713736050375,-2.953279068134785,-3.0469681678925244,-2.9963816099849963,-3.114081120266068,-3.040476592930883,-2.9341911767209683,-3.0216091720156273,-2.9441301456050173,-2.976416917515329,-2.9402246017414924,-2.9402246020661993
-2.96056707935762,-2.966591697643318,-3.056964193163616,-3.007588879434248,-3.107526185890255,-3.0476216913834375,-2.9493685227557327,-3.009821492827158,-2.9515891964667795,-2.983480501147623,-2.9557333583865435,-2.9557333585093835
-2.9869363412295113,-2.9702959090855163,-3.080982586341671,-3.031791443419421,-3.1544192026910878,-3.076495530372252,-2.987219141629563,-3.0336979230786603,-2.9655130360800728,-2.997074532374387,-2.972486613865826,-2.9724866141915065
-2.9317376152416568,-2.894937131551971,-3.0824324184534304,-3.0257622982488157,-3.0738307040385298,-3.0229383771184537,-2.9411066952429668,-3.0473494607822813,-2.967456119091575,-2.997069762203479,-2.9420855132230064,-2.9420855146869114
-2.9835316846777316,-2.92998938493361,-3.065586726083833,-3.005147642358617,-3.045937964669667,-2.9861334190830284,-2.942767919542666,-3.0564055833246004,-2.9743481276240593,-3.00297152211637,-2.9270564933406282,-2.927056495447158
-2.9389236762749604,-2.8843388526469527,-3.0538899356424136,-3.019461160499644,-3.081450478775663,-2.9988764473494465,-2.978590461770311,-3.0591396046769637,-3.0122750945539667,-3.0528311170223934,-2.986208279851916,-2.9862082747140093
-2.9961046754807947,-2.9588120933412023,-3.05418141599688,-3.022660155826271,-3.088108871815759,-3.0158373204106916,-2.9985352516344976,-3.0548442152301694,-3.0213367822282624,-3.0617335874636753,-3.0058818235100575,-3.005881818085436
-2.955114934522325,-2.914290499697817,-3.0612586405744318,-3.0283348818838074,-3.1199355295246853,-3.037103812610506,-3.019899829315131,-3.077877307556107,-3.0266300071604255,-3.0683217065680664,-3.024174843749399,-3.0241748379995195
-2.979618435165074,-2.9379090669357204,-3.0810928296516127,-3.0523294744746323,-3.1162965172131787,-3.0551122138029583,-3.032526154381242,-3.092648868440408,-3.033844608583591,-3.0750608537493775,-3.0393433446062077,-3.0393433386256783
-2.965152802150845,-2.9308384629492643,-3.073051907305751,-3.0454028734007172,-3.0522911067323886,-3.0261942820648176,-2.9895043091051003,-3.032943670730907,-3.017708491517096,-3.05872271968978,-3.0054056511113623,-3.0054056453049096
-2.988183035334513,-2.951545095470294,-3.081255058244299,-3.0562694248814135,-3.0949853269190104,-3.0463966761090937,-3.0229571859783166,-3.0393559588772563,-3.031826389301538,-3.0727130099359927,-3.0272927312369533,-3.0272927254069995
-3.049659719242819,-3.0095084154607026,-3.1038538860325997,-3.0820391456886056,-3.129646583654832,-3.076471822356901,-3.0377259688379734,-3.0549611684931395,-3.0336652573845946,-3.0748231124579517,-3.0426777177152755,-3.0426777115975256
-3.0071176094132297,-2.978366835734194,-3.120211260492217,-3.0996807858538946,-3.1452205180751966,-3.1007065841968227,-3.0315470800369697,-3.0734381493197724,-3.027134732478813,-3.0692383459055965,-3.0474244071861762,-3.0474244005984152
-3.019681775957122,-2.9872979592335365,-3.1381122697123995,-3.11869228567313,-3.1158864041619827,-3.1071695977406613,-3.0226710889049953,-3.0572579514565983,-3.0237740400205575,-3.0658958325447885,-3.050670371376226,-3.050670364515464
-3.000845630180925,-2.959020509551968,-3.111244284636278,-3.077428277924205,-2.985803009485424,-3.028288690661835,-2.931730798700974,-2.9586192974813947,-2.9597069323667706,-3.0025969615965358,-2.9494051024264967,-2.949405095815171
-2.9694875072656144,-2.9245348321224425,-3.081963262268921,-3.042974376589773,-3.0496528329602315,-3.0320609939080474,-2.9748470561411655,-2.9714223402182363,-2.9747885327199715,-3.0165878227919634,-2.9689139576274752,-2.968913951177976
-2.952512374718718,-2.9052154408865984,-3.079070244196617,-3.04016582637319,-3.1054300085162034,-3.0526708806649685,-3.005697282664816,-2.979955772700742,-2.988279876804662,-3.0294313853724035,-2.992258775058957,-2.992258768487791
-2.980689570676721,-2.9398457874420405,-3.089080263805216,-3.0525492384725674,-3.112980545543156,-3.0503398288010213,-3.0048591946319325,-2.9720509971205793,-2.990909616297292,-3.03043273499473,-2.9868186401406547,-2.9868186338989373
-2.9895050585512397,-2.966106204225706,-3.0776160751735575,-3.0529255273734437,-3.105114905156718,-3.0510112587088294,-3.0216292181362636,-2.9643073463423666,-2.9993573780185967,-3.039336189880686,-3.0002270149691515,-3.000227008974933
-2.9487352170616896,-2.9178391440199634,-3.0423360829246358,-3.011848445788311,-3.004496416989923,-2.9991912783499295,-2.947869097854485,-2.8848487740935544,-2.9537893554877854,-2.996455560777124,-2.951622885009981,-2.951622878245285
-2.9292013990981007,-2.8866054405202215,-2.9972821034708206,-2.9581593528483343,-2.9130297945348915,-2.9147460419283404,-2.878817777388902,-2.829434064424891,-2.9332124981615313,-2.9766133658308545,-2.9113112181889127,-2.9113112118858906
-2.908202486989963,-2.857212649843468,-2.9825928328032583,-2.939463746186842,-2.9884181112007804,-2.938380909514325,-2.9421949108384755,-2.8498244714215746,-2.9477529888461973,-2.9902935994252937,-2.935023501486062,-2.9350234951313143
-2.9361036934606393,-2.879926082542709,-2.990257219522413,-2.946372163518681,-3.0146720121607213,-2.9546278782680977,-2.9692586226970965,-2.8571441245681393,-2.956744922381982,-2.999140436757572,-2.9490907609916492,-2.949090754562663
-3.002707667441749,-2.9402300817145326,-3.0187900713527576,-2.976797238185658,-3.066445861004054,-2.9927917287578754,-3.0079358448174904,-2.875387280738969,-2.9719915471041007,-3.013612117358708,-2.970958259185437,-2.9709582527274954
-2.9507470619490457,-2.8951918237755434,-3.0236876961955237,-2.9839589189062257,-3.0854162940959906,-3.015155750158151,-3.0192931840353294,-2.882706279869763,-2.9828165207040924,-3.023782710774697,-2.976805238481036,-2.9768052323140313
-2.964109167675732,-2.91076934066447,-3.017232601667034,-2.9764030990022747,-3.062499500315449,-3.0128162739653273,-2.989522945364327,-2.8697112163001117,-2.9724995181238576,-3.014173803427079,-2.967020611177935,-2.967020604781691
-2.9860785840952175,-2.9246788209670678,-3.0263372568776568,-2.9869024767532903,-3.11112361119307,-3.0494759345642413,-3.0049746184252615,-2.8956142493990193,-2.9866201838527617,-3.027601238184645,-2.991251200930718,-2.9912511944233335
-3.015469895730753,-2.966334225188376,-3.0360741442726065,-3.0041261324264092,-3.1144773696491197,-3.0719234035592122,-3.0160064206762707,-2.909298844623152,-2.999633143040476,-3.0404430220326257,-3.007021206653079,-3.0070212003513035
-3.0022312543128384,-2.9534842577716844,-3.0447443737024193,-3.0189923777114904,-3.112297928860239,-3.0947713792267733,-3.0228462772413054,-2.9229300066128303,-3.0138255717992783,-3.054175313697464,-3.0236274828171337,-3.0236274766980236
-3.058457347679238,-3.010423394549943,-3.067901159840072,-3.0447868499319504,-3.1082478159464637,-3.1131607403677286,-3.014886667594344,-2.9260963678071445,-3.022080702604932,-3.0614986797940937,-3.034978903527073,-3.034978897285557
-3.0511324592373104,-3.005997857158676,-3.0874951278223217,-3.061045745874151,-3.112816670332879,-3.129327807827342,-3.0098936467707498,-2.936806058583491,-3.0315511226671163,-3.0704757238413705,-3.045767019695862,-3.0457670135037214
-2.978598764501398,-2.9140566655459854,-3.069036604763959,-3.03353365678774,-3.0838590024252297,-3.1169653794742476,-2.9808659792122407,-2.9352018532242607,-3.012782656996061,-3.0542062837495125,-3.0256374309976612,-3.0256374244820914
-3.002909797671106,-2.9516765638322724,-3.077252012900814,-3.039651970256548,-3.1219317714478194,-3.143578339008073,-3.0049120084417,-2.948831367266833,-3.0252901418725906,-3.066161440002199,-3.049949719442466,-3.0499497127111104
-2.9390882541129346,-2.8686947790297044,-3.057042405631186,-3.0073044358076784,-2.9593902458664076,-3.0455510902562146,-2.911332543267514,-2.956305232020924,-2.9925781465881807,-3.032926691245306,-2.988367846365726,-2.9883678397753526
-2.9605839630722657,-2.9067694615024355,-3.0496670582558933,-3.003407428854297,-2.993355607112391,-3.0531146650386427,-2.9513521618901963,-2.954638898860108,-3.006551411482779,-3.046002941668188,-3.007256658722083,-3.0072566521610438
-2.982329966774194,-2.9247620190943455,-3.0640815326142334,-3.023448310755615,-3.051522647330527,-3.0875934780447714,-3.0105973011730733,-2.977221577189007,-3.0172310571889795,-3.0562259827126654,-3.0309929264267903,-3.030992919666679
-3.007199844848876,-2.9603130917975973,-3.0822123658977896,-3.0464548231449524,-3.1006953735770804,-3.1258953695430014,-3.0467983600164543,-3.0022261745846426,-3.031320028734123,-3.0695422509860197,-3.053684729859711,-3.0536847230107864
-2.997892435388329,-2.941750762271861,-3.0801778730129215,-3.0469209106340447,-3.092307500220575,-3.108737265395685,-3.029706394507873,-3.044814874210469,-3.0430074412800066,-3.079841973557364,-3.0446085204914004,-3.044608514519713
-3.0074213987392513,-2.962383656340736,-3.0929225561664464,-3.0646881898816645,-3.145424912830473,-3.1369654633970585,-3.063710150500809,-3.067208012044402,-3.0553027460460345,-3.0917289112787465,-3.0694197214643704,-3.069419715237716
-3.0656574819218805,-3.0174321868354856,-3.122090982634678,-3.1017061553689858,-3.1913043859237713,-3.1667109731471754,-3.085103503763371,-3.081169141020685,-3.0685279858445433,-3.1043188413444858,-3.085266337112908,-3.0852663310034316
-3.0257128703932095,-2.9917175562417477,-3.129737410769141,-3.1119629660284103,-3.1385129428487177,-3.1496180521050143,-3.033103873384883,-3.0573693708687464,-3.0313423198322202,-3.0708396944627685,-3.056565817686151,-3.056565810555284
-3.0257111399893546,-2.9848658062011166,-3.13064049005371,-3.1140148044516662,-3.1136764613763748,-3.1272139411979167,-3.001717066477849,-3.0197608116545815,-3.013335888684526,-3.052904334245762,-3.0320870097856862,-3.032087002480183
-3.060453827456522,-3.013072825381018,-3.13957176171727,-3.1270175829710585,-3.157343870130063,-3.1434291711898603,-3.0227945240399885,-3.0156555525963857,-3.0266727435308294,-3.065204376566108,-3.0541786495340704,-3.0541786420984893
-3.0765414846275063,-3.0327667450272697,-3.1556134886159932,-3.146752448075662,-3.177117861195679,-3.164474454255481,-3.036067066886228,-3.010954788484318,-3.0324061578779045,-3.070866686008251,-3.0723902699553682,-3.0723902622250594
-3.112752438741389,-3.0899770480284214,-3.1838754286855555,-3.1760985209219124,-3.2250008416571894,-3.203557239972771,-3.0652907534465963,-3.0286216877082683,-3.0460160872773274,-3.0837408292979873,-3.0972070700748078,-3.0972070621829384
-3.0523760069063597,-3.0173903408041283,-3.2061936467791896,-3.19731933155426,-3.257442090651637,-3.2375749626113683,-3.0747632437887202,-3.0615998207482606,-3.0533240290340244,-3.091184493706203,-3.1153593032061395,-3.1153592950738034
-3.1104716884130656,-3.076538347368926,-3.241773185298182,-3.233119112330129,-3.2842706070350673,-3.268778779337641,-3.0856466328878853,-3.07053499628678,-3.066720160068016,-3.1040845677812383,-3.132422200499721,-3.132422192353824
-3.1344259815800406,-3.1230778306275795,-3.2734093892251983,-3.2648160629773586,-3.3198661564958547,-3.306579796251221,-3.1184099631991335,-3.091389536336226,-3.079587565821813,-3.1163972753488465,-3.1556510949478263,-3.1556510866097134
-3.1176115580987043,-3.0988444314751025,-3.2961102746989788,-3.286683467084573,-3.3211521447385275,-3.325557647600265,-3.1143859856562996,-3.1309922973338327,-3.0653386787742596,-3.1045941382263127,-3.1543638037784696,-3.1543637947293925
-3.1166134033303607,-3.110693084307881,-3.297988602124659,-3.292480467959017,-3.3215502790985174,-3.3283002748267765,-3.147520843771805,-3.115713581368338,-3.0787420944039288,-3.1173369283237697,-3.1679326685912343,-3.1679326593662447
-3.1301353696233427,-3.1310745431264877,-3.3058865739758008,-3.2997893804752234,-3.3378925214808546,-3.3426024177905154,-3.153292572383237,-3.1152693697197513,-3.0926751240968717,-3.1307076062553434,-3.1916355554186775,-3.191635546037218
-3.12960561480664,-3.1285630041480488,-3.3135416390209174,-3.307768021781048,-3.330988242833876,-3.3476731627819962,-3.144117612148583,-3.109613917893397,-3.1022597958024174,-3.1398349894799233,-3.2023242597170336,-3.2023242503778384
-3.1455791778773845,-3.1573367560485877,-3.3040033705755167,-3.2989352968282546,-3.3050805289024776,-3.342609533915933,-3.1466812005128086,-3.095807828663411,-3.1076979769341277,-3.145304938974276,-3.2194034960631557,-3.2194034864438796
-3.175863694840205,-3.165608140908366,-3.29381056271092,-3.28525016267555,-3.232011361544967,-3.28818122190834,-3.080479313358336,-3.0402483092931623,-3.1627923446044743,-3.1701516218813146,-3.176279012910364,-3.176279007949414
-3.174387331158168,-3.1550835813073745,-3.2533312534251744,-3.242088017553807,-3.2479890108755605,-3.2702958986688127,-3.1062642843063575,-3.0397204812238128,-3.170705118944209,-3.177736348099907,-3.1904201879039564,-3.1904201828317182
-3.117830014304965,-3.1127348144498326,-3.2005211731192147,-3.1803413759310977,-3.1948759879535276,-3.2260026160139192,-3.064060519737601,-2.9993511585006094,-3.1433288425641885,-3.152335029091712,-3.1487722931103717,-3.1487722881088187
-3.138669299140566,-3.1227488759986364,-3.1694296310218832,-3.1521702676553227,-3.2218056221993336,-3.2251523238734396,-3.0676341070428723,-3.0121649163916184,-3.156167334000327,-3.1650438512706054,-3.1692490345601962,-3.1692490293846056
-3.1463277647231696,-3.112500763023735,-3.176422085565897,-3.16109079754993,-3.217087508066646,-3.2153398969854607,-3.0822198994069434,-2.994063940041187,-3.124693681569914,-3.1343615898254233,-3.1361010991081306,-3.1361010932570235
-3.1533743055699004,-3.1338867021101224,-3.17303256645269,-3.1602935290320335,-3.232508205644022,-3.2291624992905117,-3.1031009384080703,-3.0035674977479796,-3.1291727300671432,-3.1392989257559685,-3.1449512628850904,-3.144951256641362
-3.1749807492819,-3.1550660233875156,-3.1818541712016692,-3.1710499648334567,-3.2644635959685298,-3.257884143499716,-3.166559043502642,-3.0241078564844943,-3.1339363732003225,-3.143869340927292,-3.1624761438063764,-3.162476137169736
-3.095816580090628,-3.075352606383674,-3.164778324802625,-3.1495703745149566,-3.261208996103301,-3.239762009270914,-3.1645845005357303,-3.0186261474757585,-3.1326497309981196,-3.1416488371482414,-3.1246009340281886,-3.124600928681833
-2.9995829536954233,-2.968737473197032,-3.093140604136992,-3.074861292448719,-3.1709428905125447,-3.169254928484947,-3.0702948296754506,-2.9361868396079664,-3.1176119943188825,-3.126406324852278,-3.077344663847841,-3.0773446588954263
-2.9843959594763216,-2.9626584830797413,-3.0172304784648154,-2.9915876285388032,-3.0042014379700888,-3.0660410637514475,-2.9635856873506476,-2.841234606325399,-3.0636827663157815,-3.0771909026079713,-3.015554689040058,-3.0155546830897184
-2.944024549800029,-2.947847974568506,-2.9933297206578997,-2.9637322064064966,-3.033033582496632,-3.066203453617035,-3.011282210752193,-2.867550279668256,-3.0673495830621533,-3.072017414592135,-3.033526638779953,-3.0335266325740484
-2.8966792372825902,-2.8700590538136215,-2.979277849170004,-2.936048696761426,-3.0369976686637106,-3.05834089855742,-3.029025700202663,-2.9011655250617543,-3.0435608424848484,-3.0523926456614183,-3.031016249442457,-3.031016242619668
-2.920028479786477,-2.9028001756958965,-2.9774042426492766,-2.925240569638361,-3.0723028844524984,-3.055177482045165,-3.0381873642926687,-2.9313568245474597,-3.026671019024075,-3.0391499366634114,-3.025640054593595,-3.025640047274267
-2.8851147050067674,-2.8316947043286853,-2.955467624343772,-2.894700240056208,-2.9415255625915897,-2.9555184143931372,-2.930618072031804,-2.9247253480013065,-2.9944956940057583,-3.0071371859862275,-2.9655220560648967,-2.9655220493530843
-2.8459101055889344,-2.774105284344462,-2.950223611683497,-2.8836074302314803,-2.9383141775696804,-2.9377238994176618,-2.9629732204541916,-2.934816740503151,-2.9886803130059247,-3.0007252712798143,-2.9649976438192436,-2.964997636933342
-2.882873964886046,-2.829889082047464,-2.933203501637978,-2.8659906266209663,-2.9288056698991918,-2.906117443505793,-2.9463984377187797,-2.9086712770838647,-2.9834628503025797,-2.9947277757184225,-2.9408835227451524,-2.940883516374236
-2.927037095125981,-2.872435196160795,-2.9152362936384204,-2.8425275738195994,-2.974608185044188,-2.8818898576590755,-2.955249385467681,-2.9057145834748592,-2.997937600713639,-3.0086114672803106,-2.9218421712510274,-2.921842165678454
-2.9015137347970947,-2.844911997544306,-2.9044757306223525,-2.829279236524885,-3.0105887870470536,-2.878198063132065,-2.9415007401929496,-2.9009287216037456,-2.9929205665454193,-3.003831931065006,-2.9237574211966484,-2.923757415559191
-2.7787893047024426,-2.730150730052785,-2.852493573833407,-2.7771036173622603,-2.9663316151830394,-2.833245087237516,-2.8718501273057075,-2.852806214460382,-2.9599348528670753,-2.972838627042163,-2.8837778307877127,-2.883777825173115
-2.8009034428051454,-2.7604203131082206,-2.7896675135101026,-2.7203096387381986,-2.9517530656548225,-2.800523352260202,-2.8688541490462844,-2.83601745689246,-2.9629631121442346,-2.97607286027984,-2.8937482779325485,-2.8937482719499537
-2.7976628480883683,-2.751794779389092,-2.7427752042915943,-2.6790915093742473,-2.9155189553317733,-2.768472215709024,-2.8533544431143403,-2.80932133851582,-2.957952240699654,-2.9710820264720113,-2.892640658632246,-2.892640652480599
-2.8067817116336196,-2.7761378010843614,-2.7380517317952053,-2.68165615175666,-2.8677311280512363,-2.739788422165433,-2.8387608399434003,-2.7977750528739738,-2.9480205628636877,-2.9614529696929566,-2.9024155054492544,-2.902415499003783
-2.749874903460098,-2.7086762385670964,-2.7318307278677785,-2.677339332223038,-2.7507052479350733,-2.6956087417847994,-2.7642090912558372,-2.726536933444363,-2.9079803369582766,-2.90256260887043,-2.876321357662057,-2.876321350626475
-2.718224479959673,-2.686475686772747,-2.742639485954142,-2.6848000665874796,-2.7906781898843445,-2.7244910567630165,-2.817740148288681,-2.762049616632861,-2.924295005054362,-2.918244554658385,-2.900711071477607,-2.900711064402492
-2.729391329431137,-2.697292921734092,-2.7243632064315273,-2.6644109382744507,-2.7458732595499376,-2.6992408713421217,-2.7841068710861454,-2.721002070383381,-2.9103025931056488,-2.906188532243969,-2.874881897222736,-2.8748818901338384
-2.672456517645366,-2.6194431258647195,-2.6942773052990474,-2.6381212704525554,-2.631435607759589,-2.640717471762072,-2.6921539337070075,-2.6475681931926465,-2.8576573801045955,-2.8602809708325716,-2.8430054536385483,-2.8430054459714023
-2.6644089220399927,-2.6291963113441765,-2.7035415287623716,-2.642230718697379,-2.675604763005728,-2.6565480586114405,-2.735739518721921,-2.690224125970756,-2.8729217180739224,-2.8746351200813254,-2.863555072305412,-2.863555064646321
-2.663909049908879,-2.6016790696362526,-2.708612637913066,-2.6440970522388074,-2.7320207372916547,-2.6878479336149943,-2.790159863072965,-2.7334110058139993,-2.8903029263868802,-2.8909234729930664,-2.8752666255460793,-2.8752666180822883
-2.739131761948938,-2.666051880924978,-2.7362919984168985,-2.667740848488984,-2.7912006669956435,-2.74008614951303,-2.8498364360883595,-2.782542844029443,-2.9070058013302775,-2.9066781766288243,-2.9020132901016478,-2.9020132825813336
-2.785097819359356,-2.703468939403946,-2.754680811565287,-2.6815681820733706,-2.7881047051806602,-2.767172499656352,-2.8552627012576024,-2.8174180984006187,-2.9107223120196535,-2.910325005477259,-2.901882483506833,-2.9018824760671373
-2.786254638063138,-2.693438200133758,-2.7606530670215528,-2.6857296464411538,-2.7952338526257816,-2.7632072693588583,-2.851848267474189,-2.871041475870944,-2.9244421481712357,-2.9225731265943646,-2.882622587499725,-2.8826225811284383
-2.7414740353551013,-2.636177096426188,-2.747167212011063,-2.673441872883511,-2.7361449302121734,-2.734830565146755,-2.818226209731715,-2.8756283507031397,-2.9040642357066844,-2.9036027999330476,-2.857583004603142,-2.857582998113426
-2.775326873020339,-2.69796933595033,-2.756001716770249,-2.680490671967713,-2.7610334363066826,-2.7360261728660182,-2.842083454953268,-2.878201804387659,-2.891939748505208,-2.8923693649880655,-2.8483863659498705,-2.8483863595153562
-2.7772130887704076,-2.706953754137611,-2.737029713470945,-2.664192938832649,-2.666903742951961,-2.6921862565350305,-2.7902284493652294,-2.7994490579209406,-2.852054516668224,-2.857411177244494,-2.816053498017892,-2.816053490898041
-2.741156752456746,-2.701797472330492,-2.739190267283737,-2.6683895003045235,-2.6638321077773544,-2.698683538166507,-2.834519628073172,-2.8054207053843534,-2.8494840539459467,-2.855583893595626,-2.825590041365882,-2.825590033967923
-2.722952523931303,-2.6747593857136325,-2.735518617558464,-2.6676090965804202,-2.6493240567509746,-2.679551046407971,-2.8372770973117083,-2.7847499210661812,-2.844254402662085,-2.85047570498497,-2.8157825431687136,-2.815782535864476
-2.827714713983814,-2.8169018040655347,-2.7705762920715236,-2.710538586189999,-2.698748659136305,-2.7090046523645883,-2.9033225462121686,-2.8369521529462105,-2.854950500228389,-2.8598090692397142,-2.841405097778189,-2.841405090314271
-2.8679931574801723,-2.8573261188825687,-2.8136823339412538,-2.7591890872603066,-2.743542464500134,-2.7461628616084086,-2.945875840794531,-2.8709458720386936,-2.869223434882525,-2.872940994685653,-2.8674018370214536,-2.867401829498219
-2.7672225124557874,-2.7149153288611214,-2.7889568052573397,-2.7374145600855697,-2.6362942402577003,-2.6732096086611143,-2.788143679638684,-2.891731319683917,-2.8451619227526743,-2.8480152926933684,-2.788735349525885,-2.7887353433159454
-2.802572234860584,-2.743682509193921,-2.765198487958557,-2.715610527351926,-2.6833706653356213,-2.6761832728254493,-2.822772767539038,-2.897151646874738,-2.851048228658697,-2.853007772135725,-2.7892211620082255,-2.789221156129188
-2.848897175113674,-2.7645626712749745,-2.7499379665350614,-2.7014993151393822,-2.6275182142663462,-2.6438185384311303,-2.785115462333278,-2.852963907523896,-2.8171363352055367,-2.820875478437279,-2.761365610424727,-2.7613656041987564
-2.8563080483503422,-2.8113057330150726,-2.7704490499664507,-2.719817105415126,-2.6910200999983847,-2.6625655307496814,-2.8432434709996146,-2.8829162681848346,-2.8252751760617127,-2.828386132530651,-2.7751340355979517,-2.775134029395986
-2.8919471445579683,-2.8649567567490215,-2.80664741264623,-2.7580659592390804,-2.7601468889412515,-2.699247288496693,-2.892890944165103,-2.9344816098843016,-2.839019686901488,-2.8409956362708333,-2.7998729444409847,-2.799872938242048
-2.926125760993707,-2.8831370435974444,-2.8471084285370636,-2.8001446163298733,-2.8098205959826696,-2.742027498617843,-2.926449287291449,-2.96141914205486,-2.8548320861185434,-2.8554513751612127,-2.829498296098442,-2.829498289815441
-3.01820298781512,-2.9912306793184897,-2.896223833444489,-2.853689002817757,-2.8543385043004266,-2.7987626123447273,-2.961485052374667,-2.997786643348931,-2.8703314835443487,-2.8696909564172,-2.8579552582046714,-2.8579552518586038
-2.9976910562029504,-2.9578753036426373,-2.9254658015601667,-2.886620812922099,-2.877027013200685,-2.845765090161723,-2.967427852502722,-3.016007559875785,-2.883860585639629,-2.882266145244147,-2.8730869022169796,-2.873086896052499
-2.98956829693413,-2.9448787538658956,-2.9509264208909567,-2.912511998077813,-2.8426850485036192,-2.8623287497921837,-2.9378360237160206,-3.0057535402084756,-2.878231801089549,-2.87717560540978,-2.874410462774593,-2.8744104565515363
-2.966641559692654,-2.926720538225673,-2.983854506195521,-2.9402493694271077,-2.8869512528841286,-2.899041273418262,-2.960704378150481,-3.0294932424665104,-2.8936375200442024,-2.891375367796622,-2.891682079408926,-2.8916820734581057
-2.9994120752825904,-2.9334872750894414,-3.015906904030537,-2.971142367634362,-2.9205179396690686,-2.9265550932038007,-2.969408158161066,-3.047066579398394,-2.9062659801188184,-2.9030581931225736,-2.9035063949070214,-2.903506389261932
-2.9989165499867743,-2.9326309845140726,-3.0244849664118916,-2.9835789716372974,-2.9591724594913327,-2.9529712246769013,-2.9717744760573623,-3.0531150779847773,-2.9161930820874047,-2.912320522981,-2.9052708417637945,-2.9052708366062037
-2.960676252529286,-2.8499114019760428,-3.004705341403079,-2.9594179628108845,-2.853241662502973,-2.8880810786944178,-2.8841634095746147,-3.043703451489486,-2.8881271357725713,-2.88524915233675,-2.8679628728591227,-2.8679628676932185
-2.9987803098225347,-2.905466622442573,-3.0237423167387156,-2.9826759977031987,-2.9177156747714115,-2.904698609994663,-2.946090370714673,-3.055482162134501,-2.903145168636205,-2.899212955348538,-2.8861876399248927,-2.8861876349477082
-2.9361130640421624,-2.847408575507844,-2.9963108425988954,-2.959224621533534,-2.8399532942585477,-2.855090252161318,-2.888728493642536,-2.992274232584089,-2.876343476743929,-2.872407961165282,-2.859370801003062,-2.8593707957129815
-2.9429359068672345,-2.8397503887569497,-2.966083756870737,-2.9367370607618932,-2.815332357555956,-2.844384611553827,-2.8986900285442423,-2.944197577834489,-2.861063715694595,-2.8594895780949163,-2.853862352370599,-2.853862346718693
-2.8831052762146934,-2.8021896767555314,-2.9767176903192114,-2.9494831465437445,-2.8720837580412386,-2.881730556594783,-2.9792370415161913,-2.996636172710147,-2.8759029483125986,-2.8737467746236542,-2.882487643006079,-2.882487637178874
-2.9321071733824753,-2.8731375043822855,-3.0218683284202275,-2.991774927589759,-2.871461752550137,-2.880003507354389,-2.973469225208172,-3.0381032089069464,-2.842434783070855,-2.8426530905582426,-2.8503386366760246,-2.850338630573851
-2.9747127809044067,-2.9338402239019947,-3.0629583231717312,-3.038424192490794,-2.9602413944992856,-2.9353162215350235,-3.042647646195393,-3.084642906138462,-2.859555726737723,-2.8589960927037343,-2.8792304161025317,-2.879230409920372
-2.9792367593608944,-2.9469229211894685,-3.0717948892742926,-3.0527578752907147,-2.963027205663617,-2.9564707115637,-3.0473223383220134,-3.098677469913196,-2.8619011957358182,-2.8620088066382885,-2.882479813462153,-2.882479807119918
-2.8725664652299527,-2.8197380318664367,-3.030656598631574,-3.007312819919667,-2.83200453067279,-2.8730311885246054,-2.9247980301492538,-3.1350381169466375,-2.8492831310142637,-2.8496730515000257,-2.819800354113352,-2.819800348868978
-2.8875556411355126,-2.8104872066094226,-3.0133499709468787,-2.980043176079479,-2.889555963764887,-2.8686100759014814,-2.9605656779659375,-3.1359810914332984,-2.863375259659483,-2.8622555266682332,-2.817191161780625,-2.8171911573004493
-2.907331141923776,-2.816758550439045,-3.0190497606320763,-2.9900073538788012,-2.9645153035571186,-2.908658661521674,-3.029478423398006,-3.1380103814763762,-2.878560702477174,-2.876469607131319,-2.8456373790183527,-2.845637374431786
-2.978110522136234,-2.9056422782228624,-3.032869155713911,-3.0089320137642286,-3.0140985874374007,-2.9465015023979464,-3.053784691396881,-3.1499309499481343,-2.8853688038350254,-2.8837702487349897,-2.8674968310022217,-2.867496826170417
-3.009921262733843,-2.9325246568654846,-3.0484569408132187,-3.030527685431542,-3.0687867671249887,-2.983702576934823,-3.0857800341797463,-3.173704540753062,-2.9006863483399554,-2.898472066869486,-2.8916290222871073,-2.89162901744945
-3.00910428216329,-2.9245840485844314,-3.0546450955335027,-3.0454958548875224,-3.0569114742726327,-2.9984847752321473,-3.0942073097038505,-3.134854805187416,-2.906205084272054,-2.90485696980157,-2.909933061391437,-2.9099330561080876
-3.0491192456660796,-2.970931830292263,-3.0675134700908213,-3.062875122540862,-3.0959948911914195,-3.0425083343955137,-3.1260240366682064,-3.164907503994287,-2.9188187979288367,-2.9174004182382203,-2.935588456856034,-2.935588451313273
-3.0697176211289277,-2.9905190451623422,-3.0854988674952684,-3.0816984871180964,-3.122822624253562,-3.081676849632077,-3.1533968151103653,-3.1828205554951974,-2.934268803001835,-2.9323640901287247,-2.9624184462417955,-2.9624184405899205
-3.0994397167192815,-3.0150212504307023,-3.1180304013491784,-3.115921297448824,-3.1565189462080303,-3.1197318330474864,-3.1528331904733817,-3.2109567550341676,-2.9463373076837995,-2.9444441159928263,-2.9796421088418885,-2.979642103297879
-3.0960384421833465,-3.0077996495571484,-3.1172915962219196,-3.107082559502297,-3.0461386843647826,-3.0777889247525954,-3.0893763326595662,-3.1879716209322027,-2.930219053455104,-2.9294165542428314,-2.959341759431843,-2.9593417537479474
-3.0475692865079687,-2.9681731805185745,-3.1147313493865045,-3.102466745372351,-3.07103408156188,-3.087304417465233,-3.1237476298002154,-3.182997135096935,-2.946081018080996,-2.9446008511895716,-2.9646032222831047,-2.964603217279974
-3.13818987322873,-3.0776994265006237,-3.139173106819764,-3.12815805602222,-3.1074750972114,-3.1172285976199703,-3.1644611820532678,-3.1934613671531262,-2.961877786591957,-2.9598172543695855,-2.991658140915045,-2.991658135809089
-3.051616707188858,-2.9918981898540045,-3.1326680185261107,-3.125790842805664,-3.0996478174220825,-3.1132625773612115,-3.1373505613972914,-3.1674781783550476,-2.973477119384734,-2.9710328083073665,-2.9921786653845226,-2.9921786607111476
-3.1045786046966963,-3.034739529970049,-3.148602871480586,-3.1414607598856823,-3.1136031949489578,-3.1198920750877117,-3.1386095185533547,-3.162786351714498,-2.9874716534671686,-2.9849998220701606,-3.002762316149014,-3.002762311619062
-3.0507969235577024,-2.9715222238679444,-3.121241403801175,-3.110936932102291,-3.0955979947240158,-3.102309901598662,-3.105348670348751,-3.129766572351796,-2.9896657791315455,-2.987953971568593,-2.9991837521781584,-2.9991837476514585
-3.036454935014324,-2.9649948960134913,-3.110809253174831,-3.095974310454829,-3.1044984582419923,-3.109797277545152,-3.090478467165661,-3.118009063910285,-2.982104745873129,-2.9822979059479993,-3.00322750159213,-3.003227496606842
-3.018696612254103,-2.967973741304518,-3.0897323369214913,-3.0745124689925376,-3.0489458141453207,-3.0907023275050785,-3.054324478765875,-3.1089903088612947,-2.979984964368389,-2.981338026962765,-2.996607491136505,-2.9966074856113543
-3.0353752063957624,-2.979861888888387,-3.1077894835717053,-3.0908347182017515,-3.0930851731071183,-3.113650879121906,-3.0867508067730824,-3.146999128786043,-2.989151615562493,-2.9902434391320174,-3.016941384819731,-3.016941379132139
-3.0270950712787923,-2.9807243718685954,-3.136539161280334,-3.1191146786336983,-3.134770984688773,-3.152877728631063,-3.1111718402497446,-3.174373116925189,-3.0040051115303075,-3.0042859866319365,-3.043068320071875,-3.0430683142549593
-3.0781546302202125,-3.023696168300203,-3.1738860121478596,-3.1550232451899687,-3.1389503610629443,-3.173879924786083,-3.119877619250212,-3.1901687534600884,-3.013340096323228,-3.0134818105248677,-3.056457146865436,-3.0564571410463865
-3.055148931429487,-3.001162523114137,-3.207923088010289,-3.1827464808688104,-3.1845161085158056,-3.1998922998322263,-3.1439197228734734,-3.216014720259316,-3.027903333854923,-3.0273829746960947,-3.080986074656059,-3.0809860688040187
-3.0997371853256768,-3.040463359452618,-3.2180672997722506,-3.1905903176262935,-3.136696179101173,-3.166110199455132,-3.0907289220269916,-3.1789874434225953,-3.017894779914835,-3.0173642082149867,-3.04638632641977,-3.0463863212232853
-3.141118371352638,-3.08801657954713,-3.2321655030812115,-3.2099444743094563,-3.1703669155561824,-3.1882980570210533,-3.1203248087136157,-3.1645538579070562,-3.030986097545436,-3.0295755768169284,-3.0673255002031525,-3.067325494935282
-3.0744429803874875,-3.0282876176639326,-3.2193214889626276,-3.195990898352556,-3.1629738252884048,-3.1853849696840246,-3.0944401282261143,-3.1580066218681235,-3.0163925799121754,-3.01882908176652,-3.0708415172189154,-3.0708415110145575
-3.0416885146205157,-2.993863700330419,-3.214635778410993,-3.193789924042219,-3.2096430581317232,-3.212880584407401,-3.0980179038098243,-3.1932997060752233,-3.030325007063081,-3.0323263809204533,-3.0955900866394557,-3.095590080024147
-3.0790504155164964,-3.040123154806744,-3.2272869003743465,-3.2105567766298013,-3.231236625295974,-3.2260673880741777,-3.0985879383722432,-3.209630306318218,-3.0450649042243896,-3.0463288605353673,-3.1038073031293005,-3.1038072970590593
-3.0805724813339177,-3.0541012388248663,-3.233006124462839,-3.2171597667985212,-3.2461797732064674,-3.24474257185409,-3.095295150856525,-3.208115584909933,-3.055185271115226,-3.0562914719784975,-3.116728462682393,-3.116728456657749
-3.099874456912313,-3.06171367693168,-3.2604371298208346,-3.247298797595125,-3.267657340549631,-3.270119072453672,-3.1029702809150286,-3.2169024030495343,-3.062564581684004,-3.0634784371575714,-3.132899176928155,-3.132899170729961
-3.15144210765155,-3.146412545940071,-3.2804073087299432,-3.2797568604860103,-3.3005987649210824,-3.286379688532782,-3.1077196734043158,-3.262663172519157,-3.0767122294323257,-3.0772600301232895,-3.1398897925991314,-3.139889787098965
-3.1186106554125548,-3.1214819245031724,-3.3036761517592117,-3.305117921481206,-3.326405110732317,-3.3090197090170763,-3.114768511950269,-3.262874798194968,-3.086444338258225,-3.086880811853532,-3.1590750737782995,-3.1590750680368016
-3.1403361815673385,-3.1490925471729265,-3.313856246842632,-3.3108838925612734,-3.252268732080612,-3.2819260785911366,-3.084845727011835,-3.2784464349673557,-3.0839785391968015,-3.084592006926757,-3.150130027796824,-3.1501300217881183
-3.1589819201818075,-3.1326085184123174,-3.333868127124727,-3.3274202058087003,-3.2910133772765704,-3.30297723855874,-3.120549252902472,-3.294858114878111,-3.0981893476525055,-3.098164267845064,-3.1692619107474727,-3.1692619048568833
-3.1286580108405584,-3.101832646223109,-3.272264305197334,-3.258583555130497,-3.054608990067866,-3.184322640091319,-3.0250175635569985,-3.0590114232561056,-3.0280800372510024,-3.0355716172843574,-3.1097423847578067,-3.1097423768903525
-3.0172461492914433,-2.9514793530144225,-3.197834598255776,-3.173777521694468,-2.946350863665299,-3.097973891693751,-3.001889362861835,-3.0515833396959167,-3.007343587013543,-3.0157313373432335,-3.0585592448149956,-3.058559236681566
-2.920985335200311,-2.889409232675913,-3.135598930638504,-3.096989172540144,-2.918135051035027,-3.0118779397699127,-2.9588033436453856,-3.0535153188170483,-2.959516708761958,-2.9706474432081844,-2.956441886214868,-2.9564418796573344
-2.8498836083523984,-2.8126973207545376,-3.0733747206213367,-3.02555569168438,-2.9216109284561913,-2.950901030387126,-2.9204966240887487,-2.9950018236675042,-2.934325269524263,-2.946423020677962,-2.9143893168624357,-2.9143893105716376
-2.951695723646496,-2.898838840875991,-3.015784398602584,-2.9659951322112144,-2.9696015298259493,-2.9293933584630425,-2.941805503079274,-2.9887682770503603,-2.943976498606555,-2.9551992463553978,-2.922659537007755,-2.922659530955262
-2.9327400683526603,-2.8850593140009773,-2.99448442012267,-2.9494328086351156,-3.0457955036722546,-2.9499788508940803,-2.9833559613915597,-3.0152357765970876,-2.9535192945414517,-2.9646843706258856,-2.9455287978149194,-2.945528791514207
-2.988531251657748,-2.9489204519067775,-2.993973241354708,-2.953322735579764,-3.064819547628134,-2.9599405610796867,-2.9710949993473292,-3.003264313677175,-2.939856410449837,-2.9524408758467797,-2.9394632627093773,-2.939463256079395
-3.0004374536216973,-2.953573448142427,-3.019351291364255,-2.9867352172763137,-3.138736657043583,-3.00462868281935,-3.0083769690221973,-3.0270637783590355,-2.952939840624942,-2.964787557051253,-2.9641886402054314,-2.9641886334521685
-3.076982461784618,-3.028921380944451,-3.0642094540906655,-3.0404076221683214,-3.2038705055835455,-3.058602522890915,-3.05134735126213,-3.0538391584588016,-2.969093035167293,-2.980098829314866,-2.9904088425182365,-2.9904088357278207
-3.012116666248395,-2.9817423246797636,-3.059194193135573,-3.037380187784023,-3.1031763522973463,-3.0154007672965126,-2.968992779476391,-2.9666409408180714,-2.949489902708475,-2.9593271209267944,-2.933210934412763,-2.933210928153753
-3.022772087531935,-2.9855252635311778,-3.0436809487148846,-3.022751643625221,-3.101881262218087,-3.0148744059369452,-2.976829903873026,-2.9604921024074864,-2.9582076800693056,-2.96739096464331,-2.94556001211494,-2.9455600056636264
-3.0691764576449394,-3.020195240686992,-3.0486507368715206,-3.0276237378142206,-3.150574857555949,-3.038670554451895,-3.0111293737266296,-2.977422693841879,-2.9725178161775547,-2.98107450908507,-2.966628743575072,-2.96662873717255
-3.052394703512527,-2.998665771580575,-3.0495130928948244,-3.0276111361896514,-3.1388587515313526,-3.043974017955204,-3.002028306212167,-2.9675739594392168,-2.97455866036877,-2.983357996511753,-2.9741761686061787,-2.9741761619504827
-3.066007579886125,-3.015388569310035,-3.0681583487943547,-3.0484288694772537,-3.1376140174195353,-3.061048179907266,-3.0274277466854143,-2.9787416291304285,-2.983848266239877,-2.991967787035789,-2.996171407522797,-2.996171400718081
-3.101072505548123,-3.038816409229023,-3.09365870727812,-3.074530374358156,-3.1465951156228193,-3.0868099506525963,-3.0411356367562035,-2.985982831150795,-2.99375670075163,-3.0012390737741743,-3.011959422346946,-3.0119594156250087
-3.0709067073297875,-3.01443524135403,-3.1107067204186722,-3.0974505087398216,-3.1835175559260875,-3.12519619396862,-3.0480619710771855,-3.041037751654476,-2.997512222994285,-3.0060289599162546,-3.031758884715067,-3.0317588772429658
-3.0646395553292,-3.0012211290243416,-3.124094971249719,-3.109715635664362,-3.1019048631661335,-3.111878651721266,-3.017951020144024,-3.029855874666335,-2.986076317627247,-2.994982324000243,-3.0204884528480824,-3.0204884451958374
-3.080307140969815,-3.043186954199068,-3.1615655729543475,-3.1463820386304135,-3.1395444671117625,-3.146973977019865,-3.0563768125276916,-3.044600617970902,-2.996572773260959,-3.0046874836710344,-3.036319800295978,-3.0363197926272756
-3.1361087690426563,-3.1123425973750383,-3.1955541329101456,-3.180583426014933,-3.1821552117546736,-3.184061023263495,-3.0801132057198615,-3.067568794472343,-3.0064727330221723,-3.014519092318145,-3.055536475158889,-3.0555364673679954
-3.175733368693919,-3.157603791398773,-3.2206267262834,-3.2059491913815394,-3.1915935809171208,-3.2111061978921827,-3.094915102154146,-3.0775063946515653,-3.01525108386386,-3.0230705089609176,-3.0720386012744263,-3.0720385934487044
-3.1420624389268483,-3.1075333668947778,-3.246503831198323,-3.230545364397013,-3.2410029074940025,-3.2515560639564085,-3.1318824523214657,-3.120888716995448,-3.0313990592964326,-3.0382673890817053,-3.096312005670941,-3.0963119978437446
-3.116315200213019,-3.0834261415866355,-3.2560054691723095,-3.229865101823923,-3.2502702307110685,-3.241665731006041,-3.102854740528003,-3.158464903132044,-3.047567001004702,-3.0535187289245194,-3.0978237579351555,-3.0978237509541877
-3.1323337873932067,-3.09763769719076,-3.2506646753539683,-3.2293037423429958,-3.2515664554084944,-3.2373455694596966,-3.107184029148188,-3.1601502021228605,-3.0615086578463857,-3.0672028258048285,-3.1127078118177045,-3.112707804856555
-3.103965967764365,-3.070443561087073,-3.2153835173219214,-3.1988268395907835,-3.1251956608551463,-3.1723363105336913,-3.0482519246399846,-3.084434681962483,-3.038773107413908,-3.0466791524048906,-3.094092139748307,-3.0940921323646577
-3.126425283341561,-3.079536997267943,-3.2061278070411516,-3.192746646780121,-3.1732088664263554,-3.188030880478016,-3.0949156828029896,-3.103957654610146,-3.0552597788391616,-3.0625459169481677,-3.1140384398710386,-3.114038432657844
-3.0881889589478746,-3.0455111747821464,-3.206644678328856,-3.1993229432233994,-3.220780434835677,-3.2192328866275672,-3.1281419314816845,-3.1518859293403083,-3.071221247673564,-3.078014810874271,-3.1380070859760725,-3.1380070785495926
-3.120140063757689,-3.0858626059717778,-3.2022629420064757,-3.20552002400842,-3.232171136419972,-3.2392466317495483,-3.1501624201504015,-3.1473046761180656,-3.0848738176089148,-3.0911049287231873,-3.160664661346512,-3.1606646537889604
-3.1653914098891858,-3.1545979035487326,-3.2157657790800656,-3.228063793903017,-3.248938027061983,-3.2661337509532484,-3.1704196694494406,-3.1568294261772363,-3.1006424484134487,-3.106372842053428,-3.184827858673996,-3.1848278510925447
-3.153477748566164,-3.135895925323065,-3.242213496812547,-3.26092942500391,-3.2666290997582568,-3.289839887548716,-3.176868361449582,-3.2079607775686574,-3.104037177085991,-3.109960134513897,-3.1913791001661456,-3.1913790924298286
-3.2151297045721874,-3.2176320333312036,-3.254528697018685,-3.2768677766754863,-3.254346629438629,-3.2899068232504183,-3.1678084966628055,-3.2006867331740856,-3.0973758827605704,-3.1056295107172702,-3.182385653082124,-3.1823856448230416
-3.1541238034683783,-3.15473609904601,-3.261061012284323,-3.276373910303634,-3.1651680691537765,-3.237685661190304,-3.0767843386787797,-3.1456344963751466,-3.063427360530895,-3.073623487201132,-3.1234519368746083,-3.123451928630558
-3.1827689666371333,-3.179238418111395,-3.257738419458658,-3.2718733214423037,-3.205757682628877,-3.2527451411300508,-3.110589988565621,-3.1451639358248302,-3.079117629650379,-3.0887285640953865,-3.1489010219333826,-3.1489010136122406
-3.1467552040118063,-3.1361182235158007,-3.2591298143342042,-3.2696640657020666,-3.2162728183851543,-3.261253622012367,-3.112987655896087,-3.1496955796265658,-3.0721512494605654,-3.083556521674297,-3.1500854659725244,-3.150085457180919
-3.159059615044951,-3.1453158745488756,-3.2687766038916966,-3.2774156935363434,-3.25383953125235,-3.2834137746957293,-3.1297100944959593,-3.178639394605975,-3.088243611391823,-3.0987699865558547,-3.1650974709224324,-3.165097462391533
-3.134387146436073,-3.131412202200157,-3.278447169942134,-3.2828338554061784,-3.276627625764767,-3.305427976839219,-3.145747534939655,-3.216547679302722,-3.1004803501616376,-3.11028604553995,-3.17480761840048,-3.174807609742551
-3.187850567283462,-3.186847174479233,-3.2939700093035684,-3.2916654075726197,-3.3127413563903962,-3.331099661511407,-3.1681536228088993,-3.2434463058733316,-3.1167548694798244,-3.1258161384776737,-3.200166326846042,-3.200166318133575
-3.1977047293534344,-3.191107385617884,-3.3062297155481453,-3.3004892730836137,-3.2525764689873986,-3.3188816377754695,-3.1649086497884396,-3.2323782979603815,-3.1129026250375142,-3.121697629103798,-3.1988522483280275,-3.1988522392272283
-3.2104426552598593,-3.186840049132309,-3.3188558613195043,-3.314273514914229,-3.2540437266023625,-3.3250165725567262,-3.1739170888127823,-3.2210369166487176,-3.116116227260443,-3.125743672312635,-3.204071578587344,-3.204071569201175
-3.2688651560591975,-3.2546907150928415,-3.3320466568218112,-3.330388493586003,-3.280788560976283,-3.3462247446966744,-3.220310798715097,-3.2216432166376685,-3.1284307948996593,-3.13758676093023,-3.2256867862285015,-3.2256867768131454
-3.2581267859143797,-3.2526663659366872,-3.3419915056600993,-3.3389011463713003,-3.3075215705430443,-3.3612846819887996,-3.2407946289831475,-3.2618848613642077,-3.1432839477863017,-3.151404181430889,-3.241197747935059,-3.2411977386621547
-3.283357829007315,-3.259384100656276,-3.347485373774682,-3.343529618921085,-3.319004802920132,-3.3626858663063173,-3.2426269457909243,-3.2737679629540866,-3.1459139828643683,-3.1556081674491496,-3.2471183149457783,-3.2471183053691686
-3.1407567582577207,-3.120842800851676,-3.296811087222049,-3.287575633448809,-3.155188405356812,-3.253244491990665,-3.13247315209908,-3.1642548504719676,-3.0955027948005513,-3.110082422447622,-3.1534547894358487,-3.1534547801517947
-3.147507984576631,-3.133275141710887,-3.249025466401505,-3.2371426143817135,-3.16079406804976,-3.2226652830595013,-3.1731212458971703,-3.156010699283376,-3.100450337465307,-3.115027703611141,-3.1583368890107524,-3.1583368794518427
-3.134691984257441,-3.090142859284483,-3.2210170106132594,-3.2073721621831166,-3.1947414233487685,-3.2189817190896512,-3.227807537483721,-3.171858098145192,-3.11516308938601,-3.128664780598935,-3.1830363445586998,-3.1830363350051853
-3.1407148763721717,-3.1050967570226713,-3.206768173138323,-3.197944373218895,-3.166513626395805,-3.201718351849292,-3.213030643483372,-3.1455925516605916,-3.1188560050796,-3.1325643437843107,-3.186978032585982,-3.1869780230007447
-3.0583522666691465,-2.9976242706391436,-3.155417578128612,-3.139121877583353,-3.118908003332592,-3.170545735274701,-3.1553428308733382,-3.1144273774338314,-3.087981844214894,-3.1070389877708147,-3.161655657552572,-3.161655647119477
-3.1068007583608903,-3.0474719688598837,-3.1409151030995455,-3.1223110943269936,-3.1494420086635655,-3.1789928620453978,-3.178419068828132,-3.119014806857665,-3.099316472680346,-3.11723214468033,-3.173212119980912,-3.1732121098804287
-3.0483396330784256,-2.991827718857828,-3.1345241233289944,-3.115246977706462,-3.1293065215644336,-3.174550397781923,-3.1589067321341178,-3.1033273453827803,-3.0978566405133674,-3.1148692219033887,-3.1684146239714237,-3.168414614062484
-2.9482286601754617,-2.882811443509987,-3.061033554939355,-3.022122855669558,-2.916984687590101,-3.031718017874428,-2.9334046755115533,-2.8988751378421673,-3.0089891140576857,-3.0274847772007973,-2.9857455120512624,-2.985745504191171
-2.905948664845938,-2.8207203444705913,-2.9947678772306583,-2.9500808742307196,-2.9847067350031,-3.0307099253547336,-2.997750878428918,-2.940269723676993,-3.0226761749483,-3.0399935243648817,-3.006579997437245,-3.006579989594658
-2.8913521803007516,-2.8161045654780237,-2.9532557575855387,-2.9111667444964735,-2.9513961595613023,-2.992943017294195,-2.9674901122334703,-2.9020533987286834,-3.0090537803176094,-3.027424475023296,-2.998885915866368,-2.998885907929387
-2.8547777332088438,-2.7770268117833714,-2.8703848531432774,-2.830269038123701,-2.885913077278528,-2.9358251744293256,-2.9632893254670893,-2.845402552274169,-3.0157980283980224,-3.0264132829657098,-2.972689138979643,-2.9726891337659533
-2.8524674488667903,-2.77042003862465,-2.825819833500285,-2.7879549251883535,-2.9026744047307984,-2.9236394032368245,-2.9833627580125337,-2.867831860351506,-3.0271108752627773,-3.0367392679526897,-2.9932971882849913,-2.993297183038154
-2.857889120693594,-2.7757852847454405,-2.80185784840224,-2.7683946907015127,-2.7967201970697126,-2.872511044904994,-2.8972672187509008,-2.8014148260726217,-2.984268083216723,-2.990230920997076,-2.962752610574287,-2.962752604711804
-2.8388821972173455,-2.753438108285419,-2.7947796491927486,-2.760893737713821,-2.8169776178199815,-2.8793162992671317,-2.919668352083263,-2.8202489325945597,-2.990371329513827,-2.9956846286080725,-2.972296016551537,-2.972296010816806
-2.87843592241499,-2.850766683196702,-2.828291698583957,-2.797516149734266,-2.8771607729102393,-2.9069760180720636,-2.95338319677895,-2.8571824095954503,-3.016670901062085,-3.0585517795391874,-3.0402325800824963,-3.04023257869739
-2.884843307349175,-2.8668341857306916,-2.869911419003784,-2.841981330094757,-2.9290855420906348,-2.956017990863818,-3.004721450209102,-2.8938802434691793,-3.0325450374643435,-3.0731091979212244,-3.064222624725122,-3.064222623236555
-2.9393073539803156,-2.916189098899681,-2.9085969426898868,-2.8869784394121982,-2.991508706120597,-3.018994737332299,-3.0657757712063027,-2.9466138415342416,-3.0479056375303917,-3.0873708469684527,-3.086138172133042,-3.086138170662855
-2.9712846920749802,-2.9504122535102613,-2.9467957388726314,-2.9312952893568234,-3.03150847979552,-3.0707694044284404,-3.10078482864835,-2.9710764430024916,-3.058242324986254,-3.0968019003481113,-3.0981339355677884,-3.0981339343755714
-2.987806156232404,-2.971525854732323,-2.9804771901014115,-2.9683268611458598,-3.0464029259075485,-3.104561687691588,-3.111102864065594,-2.9757560553704385,-3.0632154714849538,-3.1014287970002776,-3.105291667700752,-3.1052916665423407
-3.098363502637111,-3.026055427531244,-3.0231149339796297,-3.0038366477023124,-3.1061437780219934,-3.1635231461668103,-3.1725744234324087,-3.015797929866093,-3.121092862146998,-3.147782120697767,-3.17328172817741,-3.17328172798742
-3.044657758781693,-2.9834324653534767,-3.0794186852949617,-3.0745356504310215,-3.147049086041075,-3.2395316388715614,-3.2074966247322902,-3.0822062490562536,-3.1507217901628755,-3.196324957101722,-3.217489408600424,-3.2174894070329048
-3.1035939846452827,-3.0387564954340363,-3.122519343835251,-3.1190952430074055,-3.161636127212336,-3.2454677498438005,-3.1929626868937087,-3.090389232806007,-3.1656716128824582,-3.210047727567779,-3.2208453726274144,-3.2208453717046575
-3.0628419734559795,-2.987980524935168,-3.096573117779388,-3.091393945278996,-3.002649581437008,-3.1578425200352607,-3.069473067927186,-2.9811914123214454,-3.110484947471686,-3.15954979628149,-3.1619862339512013,-3.1619862324599755
-3.0775491396259085,-3.0276196751839994,-3.0978368348758463,-3.090288898645275,-3.056075982573806,-3.190113655966839,-3.134504976318419,-3.0257512392073425,-3.1269157339418943,-3.1745579619848234,-3.186259452349412,-3.1862594509088877
-3.0373921926121366,-2.9787891745485795,-3.092912096320588,-3.083899416022213,-3.0514962152502263,-3.1898904427986037,-3.1595294147283104,-3.0801603884786073,-3.1331747006113813,-3.1796995091622424,-3.1846773485423787,-3.184677347254097
-3.064427655261764,-3.013135823638623,-3.1218224963993526,-3.1085947837244836,-3.108118009348175,-3.224596487500891,-3.2349656508468976,-3.166272592453139,-3.1838788378979026,-3.2009077137333133,-3.2294878634841915,-3.229487862180753
-3.1279071133225163,-3.1040294250754767,-3.149303605020181,-3.1390463483616724,-3.1493561114750186,-3.260602596978929,-3.2833487454642034,-3.2019750902718167,-3.1972167220125924,-3.2131970849113998,-3.251825464347921,-3.2518254630971324
-3.220297203186459,-3.224162018792735,-3.193917586807039,-3.189513720872424,-3.192193649758757,-3.2987554698545463,-3.3155420348771747,-3.2272279519746174,-3.207456826024668,-3.2226406092637614,-3.2706793446389604,-3.2706793434113344
-3.175915530501471,-3.175192789352218,-3.2278828190932822,-3.225376258493303,-3.2318909349868994,-3.3245070318274674,-3.3399661674229977,-3.2652265359579884,-3.2217218413418687,-3.235529184703021,-3.2877190821996303,-3.2877190812550507
-3.177458945445812,-3.152868024304521,-3.2383143501859704,-3.2403316238882587,-3.2350345803628517,-3.323332636454733,-3.3296017269160783,-3.271167654148531,-3.2275560557077325,-3.242032133732349,-3.2906569268215193,-3.2906569260271405
-3.225275389344841,-3.2294642877165964,-3.277015428401408,-3.285849985834277,-3.26412394912478,-3.346661610687648,-3.342373031440852,-3.293050152392726,-3.241142227415945,-3.2549376160568206,-3.309832840860711,-3.3098328401594586
-3.2414638781615244,-3.2284833057525395,-3.3029100027699636,-3.315779316840157,-3.279738548209091,-3.3640843123750033,-3.3522023696220655,-3.3203735867793083,-3.25028916782186,-3.2630255630897724,-3.3217271789464027,-3.3217271783337967
-3.157597153894923,-3.160882477514158,-3.3093456055786343,-3.317300339941725,-3.259650478167367,-3.3320361732442034,-3.3133953303826655,-3.3703187635660434,-3.260376668006913,-3.2712448191929875,-3.30820452525536,-3.308204525732732
-3.222271453706148,-3.219747031573315,-3.3375302179318904,-3.351253674061695,-3.3018261333763625,-3.3527425553291335,-3.348564411500556,-3.36914842171747,-3.2720625434746804,-3.2821318474078742,-3.3287995499318823,-3.3287995504052468
-3.2829721686245037,-3.2850716155747968,-3.333032741037852,-3.3514445523163676,-3.2817952628807734,-3.340057938084664,-3.3240685953252767,-3.342597911111481,-3.2657550943201885,-3.2784175150337784,-3.331497350200391,-3.3314973502013183
-3.2154476893142387,-3.2000284985336154,-3.3328398411339792,-3.355462546637253,-3.3003988187153346,-3.350092433030588,-3.342286283216364,-3.3372545079763114,-3.277894075845227,-3.2900417189681805,-3.353175259870323,-3.3531752598423594
-3.228630783184783,-3.2358050968018555,-3.3445795347966487,-3.3738431333979,-3.3124282096403896,-3.3678639986526973,-3.35525883445568,-3.3470149038652526,-3.287846792664896,-3.2996219016940795,-3.371061562923677,-3.371061562820034
-3.278547760482719,-3.3064631627900516,-3.3581929894362608,-3.3945665725323493,-3.31275104324891,-3.3823962320064904,-3.3644214879941075,-3.3359303191132783,-3.297478233918661,-3.309598591941956,-3.38160679202669,-3.3816067922474344
-3.3306789098745373,-3.3464082821183934,-3.3886803610284693,-3.431934889808142,-3.319113140821198,-3.3884631223671446,-3.3657403704924427,-3.3307438145542285,-3.3108078168251165,-3.3224684226767227,-3.3961633275031975,-3.3961633281560433
-3.372569954223095,-3.3953819700983408,-3.421035747153123,-3.4685563458595716,-3.3595882937214485,-3.4130454453766204,-3.398605371950993,-3.367742989362587,-3.3222497787012073,-3.3334173001966745,-3.416539244239229,-3.4165392448598952
-3.3128444169710862,-3.322444171527944,-3.4051435195131923,-3.4474090796664996,-3.271382526564326,-3.3622932178114957,-3.3341619834332294,-3.3160885030797536,-3.275004556189743,-3.292772263377544,-3.360615647646589,-3.36061564711909
-3.3364536895979775,-3.3624873151498353,-3.38482345674761,-3.4197937149749165,-3.2681082780482327,-3.339683055878578,-3.321269294341914,-3.2825319792624645,-3.282068748964446,-3.2981658516216545,-3.34797844548949,-3.3479784458252233
-3.2824825370195074,-3.321452156831673,-3.3403516015622774,-3.3710981793760855,-3.174720620407705,-3.28227799888782,-3.2371419171719746,-3.1964062296524878,-3.2533172483253026,-3.2722348071518295,-3.324683329539547,-3.324683329330677
-3.214079235404136,-3.2417211823113465,-3.317050907976532,-2.3936857277927572,-3.1812292433171234,-3.288238693823141,-3.2576208827616697,-3.214918421320338,-3.260911191489461,-3.279382659836341,-2.1041646723352256,-2.1041646370794123
-3.1432428333975744,-3.151810097755583,-3.255218355809745,-3.2600710684232275,-3.0048289366678325,-3.1708473481115402,-3.14087701154193,-3.148953506302825,-3.1938417368796026,-3.2153634342890616,-3.226239432965663,-3.2262394319408703
-3.114145583680752,-3.0458246466857535,-3.209941157208811,-3.205199574283522,-2.9898372084742917,-3.154900210739359,-3.159339447573038,-3.1593271398332066,-3.18452447098855,-3.2073564782476556,-3.2200835580830143,-3.2200835568741555
-3.0917639865328397,-3.03475208281277,-3.1987979397072754,-3.1860133654359495,-3.0577260791012066,-3.178948891878652,-3.2557890419594866,-3.2369360408599968,-3.2005661158892957,-3.2220447051039534,-3.23669285022521,-3.2366928493407836
-3.1923956670212745,-3.151747976473419,-3.217813108071523,-3.20644558065671,-3.1392263514704317,-3.2079078372153567,-3.349126611121322,-3.278623018160893,-3.2141618866330353,-3.234631496748362,-3.2551484693253814,-3.255148468582867
-3.1518211712838213,-3.1087332032918256,-3.2837911885037347,-3.2628990215538667,-3.1171982650593524,-3.1677126774552975,-3.29536838520265,-3.2797519557753176,-3.185103678092971,-3.2027372448569453,-3.182129146293133,-3.1821291473140647
-3.2847355086651087,-3.2805829442683443,-3.3060661309032837,-3.2877456739185145,-3.163523594929929,-3.1700283785548864,-3.3191720157212004,-3.27362553403063,-3.175842308916491,-3.1950011172803023,-3.17983913431714,-3.1798391350808606
-3.232801914291245,-3.218362403798876,-3.293813573598186,-3.284172770200142,-3.1941936664416963,-3.1719593862758257,-3.3351487706330287,-3.286245692447402,-3.183242656131916,-3.201737560160324,-3.1878897906024544,-3.1878897915235282
-3.1714204033432987,-3.146286236225033,-3.2591079654757085,-3.249287783266042,-3.1663324898117997,-3.13183139907139,-3.2618271212811054,-3.2967879635094173,-3.186511670531817,-3.2032175584905076,-3.1669381802269534,-3.1669381819213522
-3.1692865377928072,-3.1148349247487976,-3.2346394666785576,-3.2310456534970076,-3.1685283236979283,-3.1344963716768452,-3.277540420348691,-3.2921376179511164,-3.1897406738359093,-3.2074270032557477,-3.1761861790672565,-3.176186180593555
-3.147929534332143,-3.1142691803552083,-3.227689096541869,-3.229723592040636,-3.217291956716159,-3.1604113456553153,-3.3260446641884744,-3.294944485675723,-3.2040420423497467,-3.2204563553450885,-3.200566949443777,-3.200566951015738
-3.192301289215746,-3.1712687696958746,-3.2547404163780698,-3.261218369853704,-3.219142601470081,-3.1750852861843093,-3.318876737295413,-3.321330950863551,-3.179108224662996,-3.197609942510908,-3.186607580977537,-3.186607582075592
-3.157831284929274,-3.1265394270137428,-3.2606923957679177,-3.2693359740488352,-3.2541135223694395,-3.1913097465005458,-3.311477860335177,-3.3254172201097845,-3.1936288145350047,-3.2109265882180074,-3.1951154160967703,-3.1951154176473113
-3.1568017233531673,-3.1298404006655387,-3.2581357842297907,-3.2676673899920288,-3.262339095743043,-3.2044897490390376,-3.312985199369856,-3.295093910925928,-3.2012913683745667,-3.218940448368489,-3.2115362442288466,-3.2115362456055414
-3.183006968825754,-3.1703223622563437,-3.2655342169619637,-3.27965059481595,-3.266269974784784,-3.227822876307176,-3.339692957917194,-3.2833987856321922,-3.2110986088347095,-3.229342400447008,-3.229923088798203,-3.229923090113088
-3.223855030253032,-3.2321058468501933,-3.2825076348231237,-3.299812924018477,-3.2895680839726538,-3.2569670443394076,-3.3672003040591916,-3.289382545831657,-3.22679507746125,-3.244128488429827,-3.25374878221222,-3.2537487835546934
-3.259076110899409,-3.261977680336561,-3.303689764543516,-3.3235088343288304,-3.3046954034120457,-3.293869767792855,-3.3867743410875124,-3.3046139605324854,-3.2408987839471575,-3.2575843471159907,-3.276616152273741,-3.276616153549683
-3.27094877066816,-3.262645914078366,-3.336913250881952,-3.3546877735284757,-3.289776723879589,-3.3053272371763978,-3.3669356262168213,-3.3144294171936814,-3.236689273592503,-3.25332943304514,-3.268813672495429,-3.2688136739277693
-3.2935342597016968,-3.289173855941206,-3.351522612402478,-3.3652297454506246,-3.325933866727205,-3.3274905105539148,-3.380914894683195,-3.3425531023386563,-3.2521534890333688,-3.2680195660318327,-3.2895387348423935,-3.289538736442926
-3.273697745149225,-3.2924144796457204,-3.3609216153582397,-3.371369924526441,-3.319452880680804,-3.3329352135602393,-3.3708915617521225,-3.321248469550677,-3.261055252207968,-3.276600875249505,-3.2980157545573543,-3.2980157562256363
-3.2145756172663615,-3.2091393463053484,-3.313729166072957,-3.307095514470992,-3.1392430120750796,-3.2256696530444464,-3.2097632782855916,-3.22038745918454,-3.1738399893392457,-3.1969602653578066,-3.191983829807471,-3.1919838304277652
-3.1461945282645485,-3.127788777683854,-3.2803829572355965,-3.2666180892695884,-3.1779429971760127,-3.2262059258381903,-3.2445803259733483,-3.2263608510967936,-3.185080156859549,-3.2073145018136935,-3.207376998753424,-3.207376999325077
-3.14907385301486,-3.120082280924787,-3.258636938279828,-3.2349155713386994,-3.198114229308115,-3.2082364841834683,-3.2411222181519967,-3.234875125241988,-3.1974494086883842,-3.2178449102615216,-3.205462323098473,-3.205462324423947
-3.107546372879567,-3.046278000245282,-3.243721263345753,-3.211405683506588,-3.179124969940838,-3.1797367266872114,-3.221069045759292,-3.2365583302811434,-3.1966708119127087,-3.215818246621632,-3.1979678748798435,-3.1979678764224904
-3.129363449433035,-3.075427005031199,-3.2562416712241764,-3.226032172008216,-3.2209260871596417,-3.205577443710014,-3.2747174543161623,-3.2435395173409276,-3.2092455686025945,-3.2282321402761793,-3.2205664123577487,-3.220566413808688
-3.124640555529385,-3.10076447080795,-3.2709848380338675,-3.247724309484884,-3.2548632609606267,-3.233818535272226,-3.3062087604566672,-3.2488848189548465,-3.2235023572491057,-3.2417026127941266,-3.2396186164971104,-3.23961861806951
-3.1873171401186426,-3.172485783319102,-3.2869777833937746,-3.270330890385919,-3.2982138869325315,-3.2645224699741764,-3.317514880016895,-3.295730329041216,-3.2368818951495273,-3.2547852933909307,-3.2616557824756276,-3.261655783917093
-3.1510977589778033,-3.123516479385355,-3.275828707200446,-3.260756126073773,-3.2311190127149914,-3.2248631600825273,-3.2677169068048824,-3.2476384255244097,-3.2297605141545365,-3.247084921376552,-3.2488955561017114,-3.2488955578374865
-3.151877773722993,-3.129817653388633,-3.2840787114008023,-3.2723811820074014,-3.2708638837912245,-3.252576035325302,-3.3068634037431535,-3.257772376647197,-3.245387271808716,-3.2621757322336693,-3.2732996426103567,-3.27329964427999
-3.188694330330082,-3.1714288526231833,-3.295910462566357,-3.2913948263173767,-3.289504507718296,-3.2755068581009668,-3.3164572794634664,-3.2694162085626193,-3.254003787032965,-3.2711296047560143,-3.288071048170959,-3.288071049775003
-3.1855688083762073,-3.176782474565485,-3.296484607236039,-3.2911419532100017,-3.270252234722694,-3.2695385978218328,-3.302749567514012,-3.2943802187368196,-3.259097733131743,-3.2749886585426893,-3.2874770420069996,-3.287477043795109
-3.208346113980896,-3.196093706920321,-3.3088864259179878,-3.309667691985646,-3.2844172868412,-3.2773836769621956,-3.3058902675222814,-3.282055838213438,-3.2731823331868757,-3.288972584106377,-3.295570814384347,-3.295570816327349
-3.2254193249146943,-3.250642270306871,-3.318030601314217,-3.327550502023056,-3.2805819454232763,-3.283256492615485,-3.303672427850672,-3.2643331868257324,-3.286398334189581,-3.3017295279013137,-3.3111770839854398,-3.311177085929896
-3.3036815653139504,-3.316166060120037,-3.291426451787884,-3.3108988264142587,-3.243936742584991,-3.2611911660254975,-3.276033028016206,-3.227919806732748,-3.294954939598342,-3.3122813685481662,-3.306565782697109,-3.3065657856744513
-3.179924343431602,-3.1982907039110557,-3.2904101031183246,-3.3148714979218896,-3.271408565684169,-3.2791821552000933,-3.300609477114867,-3.2542165406384704,-3.3045535812240043,-3.322031999475038,-3.327955266957039,-3.32795526961062
-3.201013446705235,-3.2353550682216916,-3.2730740575714528,-3.3028300720389656,-3.2391949024206688,-3.27715218593213,-3.291582667388787,-3.232305996831786,-3.29753468106337,-3.3161921149858213,-3.320866841033996,-3.3208668437828313
-3.1936588715428407,-3.2613003414904487,-3.2295994992332844,-3.2698686494174747,-3.192737694538521,-3.249979816196147,-3.2605279760764194,-3.2070487007072463,-3.3135350869497966,-3.331405266022756,-3.3306343546656523,-3.3306343570075816
-3.177229830923563,-3.240733608874284,-3.2157395752763174,-3.2545380161853807,-3.1611566810822254,-3.2389081483432833,-3.2300382645302315,-3.199201936728479,-3.3184349199360144,-3.3386793430906128,-3.3457092776196173,-3.34570927947698
-3.167628764906268,-3.269069705944529,-3.2046951286759198,-3.236404233421201,-3.1653585328111244,-3.2422764920576004,-3.2428696188342565,-3.216583196888208,-3.3270792565376035,-3.3457387032864068,-3.3486697137418595,-3.3486697156594425
-3.167891652341884,-3.296764973712979,-3.2001408291558255,-3.228526908631154,-3.1815327459523552,-3.264802854780723,-3.2761008266082317,-3.2269638534390794,-3.332311272929762,-3.3511541330081847,-3.3627933066752336,-3.3627933084227712
-3.2089688161435173,-3.2843142005098676,-3.18923206416151,-3.2130435058999995,-3.1774598602282813,-3.274006988871791,-3.2844557345958982,-3.220721249175205,-3.3331758925512043,-3.3516405620400533,-3.374631849600048,-3.3746318512095517
-3.153760871743108,1.7841321918048645,0.6675499632265764,1.7438137776144345,1.3515056630904558,8.214091556705077,9.724809474481194,6.824288101394524,11.822818854995516,13.07639382499628,15.229473196122733,15.229473472378931
21.10256299193236,19.786484620818154,25.57604692439471,26.116723439632775,12.574009229006464,28.733324583395895,23.713369960510065,20.94709393671191,37.914850346162254,41.4498518120748,42.482298551033686,42.48229860504952
-2.861442929333342,-2.8231685518809684,-2.868693764634401,-2.873817715350955,-2.5796628785699554,-2.8126227824529324,-2.710810301172325,-2.7282433832011526,-2.951871143703066,-3.0274070612682085,-3.0244729785990287,-3.0244729772406576
-2.7326646622795008,-2.730411863338504,-2.7640970784192818,-2.7710609165039255,-2.595635945054994,-2.7896409641810282,-2.727610187769772,-2.7527910207201525,-2.95296137260143,-2.932000044713601,-3.0367052122841103,-3.036705210109152
-2.6471361267078555,-2.6318131366920605,-2.7379652887020414,-2.7395663509122246,-2.6429377433871153,-2.783236319723012,-2.7479599516997713,-2.7761354113184495,-2.9421364618815486,-2.9299555638742594,-3.023227141858618,-3.02322713993553
-2.6852032047177468,-2.645707469512481,-2.7514798166043755,-2.7449619473196134,-2.6866193769649507,-2.7805869772585114,-2.772738231573599,-2.7890474023393255,-2.942911847158752,-2.936433273332651,-3.014024680829457,-3.0140246790526652
-2.7009795215290193,-2.630431935838261,-2.7449356990044262,-2.7293043642047286,-2.76939296063287,-2.80632567253329,-2.8289671997951693,-2.8375082807108405,-2.938090131107547,-2.9403856753258095,-3.025183292825916,-3.025183290467833
-2.8078610444624603,-2.7395828726909697,-2.7672802419220033,-2.738104662918136,-2.863866654811965,-2.847361770082902,-2.8925799006430055,-2.89731147668172,-2.9606126267969715,-2.963970183616377,-3.0455661834558674,-3.045566181484496
-2.8463026808108216,-2.801627647302267,-2.8025366219825445,-2.7602514302462793,-2.9467020068888314,-2.881723964102113,-2.948886691950162,-2.9407953608165807,-2.979874219388191,-2.985488025845489,-3.0503399031984575,-3.0503399019577224
-2.896010453693616,-2.814800876687331,-2.8289757521604693,-2.7779084356115766,-2.9807724292613536,-2.907861867756525,-2.980630455730295,-2.9846803764418914,-2.9973705694457458,-3.0042036388518922,-3.0574458974776606,-3.0574458963157256
-2.897742601795557,-2.81679704546422,-2.8519101830491604,-2.7968849914972234,-3.0017449930426343,-2.9424414371972625,-3.0230219260733024,-3.018024444711215,-3.010768617468044,-3.020256595549008,-3.076703664720714,-3.0767036635332037
-2.900835577046998,-2.849468724285537,-2.8559567713639487,-2.8021103572270487,-2.972648219047357,-2.9395475903684334,-2.997098274413113,-3.0333021755998164,-2.9633337670330415,-2.9855590888045755,-3.040311356070852,-3.040311354302141
-2.871800790149605,-2.8112025339319793,-2.885452839514248,-2.8244858152852426,-3.0328539086976876,-2.9689912522618256,-3.0426299308785816,-3.072749354257053,-2.9818534712219167,-3.004035751519736,-3.0614923787065575,-3.0614923772303904
-2.9109106829205564,-2.8412499264885596,-2.921359070928148,-2.8562608655191943,-3.0649944492459023,-2.999031512076132,-3.084720359825095,-3.110353698056786,-2.998730168550491,-3.021542546143621,-3.073270310314368,-3.073270309041309
-3.0275657779920335,-2.9537130005563954,-2.9614844125780606,-2.8938819927079793,-3.0823010528900476,-3.027302533787474,-3.116889848886707,-3.135433927333437,-3.0126506041013017,-3.036404690201106,-3.0932746085629743,-3.093274607457004
-3.0281594173706563,-2.96197994440338,-2.990810716105037,-2.924208996884408,-3.064535098526603,-3.0464875069995077,-3.139746599116443,-3.137016431892851,-3.019768811686726,-3.0454450279783756,-3.0994895674478027,-3.0994895664360547
-3.0703990702184534,-3.007707877068035,-3.064242244123789,-3.004017253395901,-3.064356248450907,-3.057338773270807,-3.143139674058536,-3.1401465217625724,-3.026878114309963,-3.052922993459713,-3.0955330857310335,-3.09553308515417
-3.1074088189224907,-3.0529618337109357,-3.105816758820862,-3.0501115500887748,-3.1044072506160436,-3.0685980554734473,-3.146819425171165,-3.1745522654077485,-3.0459990495586364,-3.072576863017116,-3.1059507490545264,-3.1059507490630045
-3.1819158478869203,-3.1428489165361793,-3.1422458122619954,-3.095682482487215,-3.136061164914709,-3.083251291676631,-3.1378202507687396,-3.1810314307415357,-3.056699194500329,-3.0846105148747847,-3.115490848828359,-3.1154908490191726
-3.1725073094916376,-3.156711331034937,-3.162953875289333,-3.1289254863210707,-3.167354521327849,-3.103995986907091,-3.155283672129587,-3.2073808260106693,-3.0756256920766423,-3.1034961534107817,-3.136670708704039,-3.136670709164556
-3.2235360835875144,-3.2257651077599894,-3.1869705786054525,-3.1632614775145855,-3.1772449647410355,-3.1357824132680183,-3.177040457188932,-3.2196459582084755,-3.092378227710908,-3.1207966817467465,-3.1632580701095554,-3.1632580706136886
-3.239733114765205,-3.2447960897667385,-3.2093967879139713,-3.190846262736981,-3.1777049081614432,-3.1544370551715235,-3.1739366470157777,-3.220382785384662,-3.100286555635262,-3.130641787322322,-3.1802328119574197,-3.1802328123011243
-3.239212298888462,-3.2529022779594023,-3.224530735578279,-3.2113961155635438,-3.190128289260636,-3.170740778753603,-3.179394860716266,-3.237256489467315,-3.1196263653079632,-3.149568887637945,-3.1861940913008673,-3.1861940922901164
-3.1199847345566125,-3.1105772359807675,-3.1353109649754622,-3.133468066304089,-2.9501691177857583,-3.067897625172533,-3.011333809176319,-3.0051777881002817,-3.039503165269834,-3.0763559915860603,-3.126935268495885,-3.1269352678840425
-3.0004696048569746,-2.9669657079605436,-3.0768994574629294,-3.0676571034483135,-2.9048853461225934,-3.0395429416009523,-2.9788023182756285,-2.992907515691533,-3.0345713572403996,-3.0737955164067103,-3.1234481908388663,-3.1234481902751785
-3.0118277745768816,-2.956808328254917,-3.0607327065281953,-3.0404860484200698,-2.9373481438876454,-3.0591585195457083,-3.0123159754907354,-3.045804659500561,-3.053104715511098,-3.0919351543759044,-3.1494224909236572,-3.1494224905517028
-2.9406261212078126,-2.8918817372062424,-3.021880424602392,-3.0038153697198786,-2.911598468854478,-3.051393542213266,-2.9876891622480084,-3.0342277035600516,-3.0472721763789368,-3.075457829781088,-3.156205865029378,-3.1562058640837884
-2.9785584035518204,-2.9111432006293763,-3.0281554388541423,-3.0059093023049144,-2.963279435322571,-3.0850332553729594,-3.020428748015746,-3.093210804400466,-3.0656525301434088,-3.0949615926480734,-3.1801598772141286,-3.1801598763584744
-2.9543640165673253,-2.8610670255210033,-3.010203303369124,-2.984262567513867,-2.9327552485506914,-3.068725883439093,-3.0046594891360074,-3.071120388666705,-3.0585941305097024,-3.0909600164529047,-3.1576259429787457,-3.157625942297189
-3.045767594457521,-2.972600849059453,-3.046967131664698,-3.01463080929152,-2.9983914913185608,-3.105496882730197,-3.0662844700959724,-3.1482850003570015,-3.0684357522038654,-3.102663652893883,-3.17584546926131,-3.1758454685604836
-2.9865124974904176,-2.9000232288173784,-3.0730033238752656,-3.0352906895781673,-3.0354586865391506,-3.121596704034097,-3.0922600635205315,-3.1898918638510785,-3.0656495341069503,-3.1045324320971615,-3.1836805888537696,-3.183680587718319
-3.0351217809463837,-2.9432084566498986,-3.108333908365718,-3.0630203472773854,-3.0948902469002095,-3.15334311811571,-3.136922949358718,-3.2505498176578618,-3.088219694474348,-3.1262976769557085,-3.2116366585813196,-3.211636657727558
-3.1554046009685335,-3.0617229243491533,-3.1669091133520317,-3.1187469377620096,-3.1624147870852686,-3.192976841353414,-3.17483923978821,-3.2981066067856544,-3.110663350328708,-3.148240398154569,-3.233185079825331,-3.233185079441118
-3.1914955786663928,-3.1073982269039053,-3.2406232725053887,-3.195684377951026,-3.213559467804052,-3.235484171734418,-3.200443146866172,-3.330691459467848,-3.127912932459595,-3.1652856216344754,-3.256779433203522,-3.2567794329720208
-3.2900530352287207,-3.218539692076627,-3.294838661577299,-3.260832555888998,-3.239421648860543,-3.268003206188956,-3.21222083023439,-3.3413446302655014,-3.1464707221186776,-3.1837178726018776,-3.276601166469539,-3.2766011664925276
-3.2739577632008565,-3.223054339990202,-3.3061822948978294,-3.2839183119658295,-3.2204607525905855,-3.2665985296536504,-3.1841451848237514,-3.3831323445373926,-3.1200184030100555,-3.1643078436129954,-3.25900392053937,-3.259003919455753
-3.2345762744674844,-3.1894531397526364,-3.3178449402573222,-3.300177570077653,-3.262449860112183,-3.2915825928376297,-3.1996948969897323,-3.3892283929732496,-3.1422934877466986,-3.185835460505987,-3.2891321534244726,-3.289132152535422
-3.287003397569385,-3.2419097536185006,-3.337418856958799,-3.324336005414923,-3.2927840391354835,-3.3174909504036956,-3.2221224513974454,-3.3931136360773078,-3.163569074832376,-3.2065606293210798,-3.3086623803773962,-3.3086623799020893
-3.318782052933338,-3.2899708491372097,-3.3634251596481217,-3.3537578797528926,-3.3154485144903556,-3.337290302763325,-3.229317905536833,-3.403299740790275,-3.1802497320061893,-3.223792914276155,-3.3304319103078788,-3.330431909971251
-3.335283948512976,-3.3223834370198784,-3.3767760476752064,-3.373946579967525,-3.316004121444874,-3.3424409317950494,-3.226623736326451,-3.389317143894855,-3.2014834750813526,-3.2444691882255525,-3.3358508434908676,-3.335850844196359
-3.3291514568151195,-3.3011846044367035,-3.3866440559553554,-3.3881637416984667,-3.321376286879701,-3.3505237365517733,-3.2522583184401537,-3.3932503888511856,-3.220375395440532,-3.262944085988841,-3.3466425735058865,-3.3466425747613417
-3.4214844194484395,-3.402336038200147,-3.413451406444626,-3.4169461066739957,-3.3090188033591783,-3.3532595583074607,-3.255113409610185,-3.407622404158868,-3.2341995318520116,-3.2774807695362402,-3.3607847172644356,-3.3607847185533446
-3.423967450282878,-3.4556028253082287,-3.444474618641058,-3.45009955564494,-3.330889850706508,-3.369599066356718,-3.2970092338119255,-3.4326726851218963,-3.240429225546501,-3.284433723131236,-3.367333567064579,-3.367333568442871
-3.434686867489085,-3.438461779943685,-3.442040326454542,-3.444668872887137,-3.3176352055463423,-3.345143329900489,-3.2722205190556486,-3.4171308809115897,-3.2559480162193264,-3.299486357897701,-3.3616403681969973,-3.3616403706661355
-3.4324830971193894,-3.4486693440621243,-3.4637491964277816,-3.4720481173688005,-3.343705553928579,-3.3518619272606,-3.2894649156748774,-3.4161825228838927,-3.268456024540451,-3.3118877115469902,-3.37764117566276,-3.3776411782653657
-3.4395702220612674,-3.45011983123476,-3.442150201158877,-3.447518096932795,-3.2609327195422066,-3.294032672804456,-3.200165190011168,-3.2970905964701798,-3.2092614818538534,-3.260677563736979,-3.2972148477219694,-3.2972148493553437
-3.3509735996336008,-3.3478622068389683,-3.3771866945536813,-3.3680494179024123,-3.173809985464154,-3.2074674076676484,-3.0936264653927736,-3.281002051466506,-3.1407768434931276,-3.197862923822305,-3.2083046805019375,-3.20830468187372
-3.319565747367418,-3.3132216014910805,-3.327684521581311,-3.307385161940669,-3.2120623088997577,-3.190665600472092,-3.0828845455030107,-3.2395122309434665,-3.1418260827865025,-3.198886354669913,-3.196993733833969,-3.196993735255103
-3.255412709978988,-3.271637637143316,-3.276709943324397,-3.2540691407251776,-3.218971121608984,-3.1681609840799343,-3.085513855872442,-3.217404417247018,-3.1523508186122644,-3.2096662889201886,-3.1885747627063266,-3.1885747645952955
-3.263284600853341,-3.2911860930179078,-3.272674979855582,-3.2476157104207806,-3.2662422551269503,-3.183709007971298,-3.1177085477042494,-3.2575499141356357,-3.166856015655788,-3.2233163635728443,-3.2128098437609047,-3.212809845670189
-3.1869400035105575,-3.214401580422847,-3.2737448691259154,-3.2426886043571588,-3.2688887346577133,-3.1882137880710975,-3.1008436551909395,-3.24763710447818,-3.1632496002161545,-3.2210103006215873,-3.213335663407963,-3.2133356651632585
-3.2569964954056863,-3.279696097291513,-3.2869929681922168,-3.2509108917788088,-3.3058696501937845,-3.194202328110663,-3.12153724174955,-3.2878821440705592,-3.18305617651103,-3.239440440496595,-3.242051563090376,-3.242051564974166
-3.2698961907798316,-3.3026738695466085,-3.3074986926867553,-3.2720015640270788,-3.3279021907136577,-3.219017028476919,-3.133185117844176,-3.3155394923466384,-3.202504154451176,-3.2576901043134208,-3.260468064227126,-3.2604680664072667
-3.26187045991864,-3.2652618888394302,-3.2895703372784357,-3.257694176245119,-3.1360621462742753,-3.1637715484491205,-3.0904708829228875,-3.138412767935458,-3.151799827528326,-3.2113847698124722,-3.217771731285219,-3.2177717328487097
-3.2436487723501632,-3.2593934924474066,-3.305003949957384,-3.2677245582939576,-3.171239919075232,-3.192434754498746,-3.151940254401872,-3.2023512412053146,-3.1725241376282183,-3.230689263776424,-3.2475524193204355,-3.2475524209835642
-3.204733908644588,-3.220811870162799,-3.3069774697795395,-3.263234334717962,-3.139396800458838,-3.1902004870360177,-3.139217035571731,-3.2126608738328963,-3.165345471012758,-3.224737179742995,-3.2359292850047914,-3.235929286568517
-3.314770535317797,-3.307253320422899,-3.3099471483761804,-3.2661229887667984,-3.1625037926430246,-3.201596456982108,-3.1812621942414228,-3.2528634682673596,-3.1805524225909902,-3.2384965564845567,-3.2553401228861887,-3.2553401245947615
-3.272324247766606,-3.2639152724497515,-3.291279743447219,-3.24367739008429,-3.0712144831761137,-3.1492329503807563,-3.1108597465148953,-3.1944771322826644,-3.1385540144000066,-3.199657411548977,-3.198481631691765,-3.198481633036964
-3.2531821075358174,-3.255237104521199,-3.2812202910719495,-3.234170519818762,-3.098674128024401,-3.1531486944958407,-3.116471450090528,-3.2054210923094573,-3.1460488735281675,-3.2071912548669355,-3.21427422546447,-3.2142742266853324
-3.246987878360663,-3.252558947903535,-3.2741009562121635,-3.239574218991922,-3.116481998163702,-3.167666230629816,-3.1261865793341936,-3.213633730226145,-3.163678623260428,-3.224025647511981,-3.2306601249543023,-3.230660126597053
-3.2515894672554952,-3.2702222764355406,-3.283252268921628,-3.254792513999599,-3.128388424523217,-3.184457314723158,-3.130966742934157,-3.2243020761700816,-3.176932045951797,-3.2357072759259093,-3.2493836092761086,-3.24938361106497
-3.290997381471455,-3.307629244791916,-3.3072714886816414,-3.2808793982123414,-3.1484222291890602,-3.2017999533894645,-3.139981880489427,-3.2321045320710216,-3.225142095916531,-3.2389676626690025,-3.2684907763012947,-3.2684907779836285
-3.196484670309196,-3.190067000819795,-3.2574971315061463,-3.2387226193854994,-3.1544439954597707,-3.191868059688787,-3.15864087047632,-3.200539162977349,-3.2367647070651158,-3.250079276108631,-3.229881599342228,-3.2298816030379154
-3.211061738044966,-3.237983208108382,-3.2515968394681107,-3.2303893211905406,-3.188204786734992,-3.2169870150654094,-3.182495471514969,-3.250417322508313,-3.256038132315262,-3.268026633588185,-3.261863538354012,-3.261863542011246
-3.2591108379665954,-3.2659270528833453,-3.2689325719098297,-3.243620206033834,-3.216989023039357,-3.236112180482671,-3.1977294293363214,-3.2680907441737848,-3.2730716046220008,-3.2841862059265106,-3.2855110161501253,-3.2855110198725623
-3.3103944416471176,-3.3163923585237916,-3.3002047487117516,-3.281503647399497,-3.2191342622406576,-3.2482929596061485,-3.1946992038030713,-3.2780901286262756,-3.2886487071751573,-3.2999798318153766,-3.302670273395295,-3.3026702771888523
-3.2366742421128447,-3.227370308698175,-3.3100875821371694,-3.2893607254437716,-3.192341301810406,-3.2450333997455933,-3.162004342828938,-3.2604870761241997,-3.2753773359328364,-3.2879506035755557,-3.2913110324261843,-3.291311035982677
-3.255585751617399,-3.244603143466871,-3.318249105597244,-3.297420552429458,-3.2229018297339946,-3.250782611004506,-3.1656970285794466,-3.262933239812661,-3.293247594549312,-3.3046733095306156,-3.2962874876290424,-3.2962874918769067
-3.290651403353054,-3.2733578956062503,-3.3246963861274583,-3.3088806941822457,-3.286785200920762,-3.2863255312958906,-3.2089880028564037,-3.2931791420763945,-3.3097002073709443,-3.320573843787156,-3.3196862155493605,-3.3196862197929713
-3.206738268216974,-3.197556032894454,-3.3287306354241837,-3.313255515635247,-3.1935481571158015,-3.223673421549507,-3.118266464209511,-3.323925225764765,-3.227769609148201,-3.2412471309138455,-3.2210880685810137,-3.221088072950886
-3.1964342607611913,-3.1789034193869936,-3.2950645761138606,-3.2852464974943105,-3.2087958003634545,-3.1939095277317255,-3.116635452677732,-3.3174116882419624,-3.243094603496729,-3.2554462504735557,-3.2178327778629097,-3.2178327827477387
-3.2178285944688527,-3.2152510858747725,-3.2599276081983737,-3.2573073138825195,-3.1924343957351486,-3.1871589259489723,-3.127948415608377,-3.2734241978069156,-3.2446518440184433,-3.2583456448709334,-3.2244059616357257,-3.224405966301984
-3.2312592356837855,-3.228176960840605,-3.2251336651054454,-3.2310716119895537,-3.1595132942669912,-3.1801958634270586,-3.141999911983768,-3.2134297894765425,-3.244709635622036,-3.262444555968117,-3.230909156886096,-3.230909161376235
-3.2265143020839258,-3.2494019334492004,-3.205131647385078,-3.220682529241912,-3.1032168412148766,-3.1367167652373635,-3.0928370533738776,-3.1606132976852077,-3.2194594289547593,-3.23745954127121,-3.1823574645421946,-3.1823574690300958
-3.1898616530834336,-3.2222200202566436,-3.2105259840433056,-3.23349256718236,-3.15593723982196,-3.159256893223752,-3.141419940922209,-3.177816313927124,-3.2372094092333237,-3.25410034441545,-3.2102813113913635,-3.210281315818937
-3.2196581562326663,-3.249315007559446,-3.2195894092916952,-3.24798989842915,-3.170851692783439,-3.178754299901271,-3.1761418905380174,-3.1812046242712135,-3.2486081137206493,-3.265544750082906,-3.2313078543337967,-3.231307858600326
-3.150394540707864,-3.1904405052572065,-3.2098358995701632,-3.246223007688822,-3.1533151232085785,-3.189018795862112,-3.1718529681843766,-3.1714680809777116,-3.253703548145686,-3.271682644373941,-3.243253086375052,-3.2432530906373356
-3.1372488970923973,-3.1556174184585295,-3.196720163589201,-3.2249947067819207,-3.161080318076973,-3.1900782573440507,-3.1800392078058923,-3.1699204237005145,-3.2597331107005774,-3.27956118718308,-3.25335359841009,-3.253353602794392
-3.1945145552380536,-3.1997508742899576,-3.19875955016392,-3.2212916361162125,-3.1808880256870116,-3.2041477901403588,-3.196460556275158,-3.188913647258655,-3.2785485374343706,-3.297017714816452,-3.276814330906424,-3.2768143353316344
-3.1775159975588623,-3.182388339326769,-3.2052170171210035,-3.2245084506451844,-3.1928652554511694,-3.224706699518164,-3.21245297059128,-3.2005520788503667,-3.2956837914056702,-3.313419091166773,-3.300425269368626,-3.3004252737346
-3.155695502527442,-3.1656410256091165,-3.214010044755259,-3.2287492846762365,-3.191648848925026,-3.2378439893786384,-3.208933593282932,-3.207259757350915,-3.2925510024985893,-3.3121377939831835,-3.3114159046914686,-3.3114159085620196
18.540050926222257,17.642137919589167,24.380983969258,25.27044846584811,23.71168684278689,27.712777767765754,24.4670812716218,24.231108301015684,32.95446958567194,34.93885258681796,35.3910607220172,35.39106114365165
-3.065618052918754,-3.0305546274931023,-3.1136517139950453,-3.1029258802401336,-2.776169909166336,-2.9844307986355894,-2.845222948557598,-2.836271133336962,-3.1088778892836837,-3.137588339738477,-3.1460287758588708,-3.1460287765859727
-3.067957807438847,-3.0869992612157136,-3.0948068380294536,-3.086394319177393,-2.855412853286703,-3.021146869711452,-2.942435566029702,-2.902453538319323,-3.1202921421867265,-3.146748230144943,-3.1663507076983626,-3.166350708435323
-2.9851704500183964,-3.0073510536012122,-3.0877247258700966,-3.0791973780802246,-2.8985369383030384,-3.042081453542652,-2.998538596386791,-2.944234931663166,-3.1262802693811933,-3.150093420318908,-3.175961168617261,-3.1759611694770444
-2.9561430027125493,-2.9859513391171397,-3.0856756874281133,-3.073787741949313,-2.9342717745964113,-3.0618553743960764,-3.054484379025621,-2.989548306011093,-3.1328344805262054,-3.1538986469701245,-3.179746489149307,-3.1797464901637618
-3.0481342283586748,-3.081175313078117,-3.1208857389116096,-3.108294167024771,-3.008996041447463,-3.113633242055556,-3.1413539332358984,-3.051627145279465,-3.1494692308074237,-3.168174885806634,-3.20566113925143,-3.2056611403127304
-3.06071729654087,-3.104716637658357,-3.1641176046581574,-3.151863609751415,-3.05647181518949,-3.1537896690007727,-3.1815620457319587,-3.0844937867025957,-3.149671568366311,-3.167702403670094,-3.210815381935674,-3.2108153829028345
-3.0606207848527642,-3.110304978949957,-3.1819907698330763,-3.1668226697456916,-3.0879997033978634,-3.1870770274238427,-3.204071079244658,-3.1204320959154312,-3.156819657118987,-3.172779543215445,-3.217356843415092,-3.2173568444424503
-3.1745048440433314,-3.2136366156435887,-3.216571329432396,-3.2000825318335977,-3.13986968330881,-3.237731409013406,-3.2473834464520883,-3.160590027377956,-3.1730117288765767,-3.1870968366549848,-3.244102865282162,-3.2441028663147646
-3.148517817962704,-3.196977186712679,-3.241074142609281,-3.222850922331264,-3.166473062651177,-3.2711948227766463,-3.2738822679831094,-3.196047094656289,-3.1835924053273716,-3.195807272234357,-3.25944291434117,-3.25944291541919
-3.213077170502864,-3.2602240495602315,-3.263744213783791,-3.248482106108918,-3.154471998349819,-3.2726771672160186,-3.2418865003055126,-3.180288708805482,-3.184052604422945,-3.196046551126194,-3.2592108842761256,-3.2592108851634096
-3.178003325962488,-3.228623733119596,-3.275668939762938,-3.262860595459129,-3.166845447981167,-3.281023871936455,-3.2508494987149983,-3.186498638244535,-3.1973933148564164,-3.208131758801975,-3.280852483838178,-3.2808524846833844
-3.189047413778432,-3.1912945912177677,-3.2614693313233882,-3.245198333723765,-3.1321957202678044,-3.255228690547848,-3.2189833327241204,-3.169614095527214,-3.1644946607310755,-3.1795483986921225,-3.259288411457859,-3.2592884114105836
-3.1734116597301147,-3.202860261865789,-3.287449728976225,-3.2687625541568837,-3.1653365398224786,-3.2653076125901923,-3.2390594258578407,-3.1866184562995894,-3.1811615200607495,-3.193519101912607,-3.2719740311291754,-3.271974031689055
-3.1699880794370343,-3.1741643974503955,-3.3350205059891476,-3.313488198403453,-3.165253925682839,-3.2617237556211323,-3.2281506594545046,-3.1896825768406014,-3.1698378011813815,-3.1804369591290245,-3.2535765512584574,-3.253576551951635
-3.305297625969505,-3.3100663922191544,-3.3564924358495967,-3.335285434885182,-3.2153921119848543,-3.2953852016243017,-3.266951273784834,-3.211901462448993,-3.1872710108371565,-3.1960901497010767,-3.2787080552461814,-3.2787080560326505
-3.255831015591491,-3.2771779013915214,-3.368308612731543,-3.3504513910040936,-3.242953172097387,-3.326274516716027,-3.3006687140761017,-3.2218938593776527,-3.1996506766980533,-3.2073707350910845,-3.3005531842034728,-3.3005531849761596
-3.2559035271724834,-3.246618848807427,-3.286972169897404,-3.27935036334679,-3.1363675447951516,-3.2504269989681798,-3.195324427089365,-3.1147524091066248,-3.209429649524278,-3.2143104768309367,-3.2544572085764956,-3.2544572116327046
-3.2554630098253026,-3.270208933350358,-3.2371320852755514,-3.2290940143782016,-3.1282988388367885,-3.22716185439122,-3.173391384561213,-3.100991553729057,-3.2184204672980696,-3.2207421267495793,-3.2521195004889547,-3.2521195041686646
-3.1954475337099675,-3.2199164575495685,-3.192553211210851,-3.1803106300486927,-3.1482737277694346,-3.219073053062086,-3.188955083112874,-3.1023397588656727,-3.232709744988512,-3.232991472724881,-3.266232425067603,-3.2662324289747358
-3.1448155945847227,-3.162020773643717,-3.1715574424656903,-3.1567621598471964,-3.155643471158897,-3.2146296275426987,-3.2013455760092104,-3.0970507430442082,-3.2228571305230616,-3.2233120489024722,-3.25844218078193,-3.258442184706579
-3.170838994648098,-3.2048416295807107,-3.1589326922002137,-3.146219974945053,-3.21357849169573,-3.2388241028776115,-3.253571781516972,-3.1196961070555465,-3.2321579795252537,-3.2325443018218234,-3.278564659399998,-3.278564663331493
-3.165023195161025,-3.1737457242035783,-3.1610326822982477,-3.1507156993714007,-3.2459404920667336,-3.261218972246712,-3.280103834829558,-3.1279057017934906,-3.246777878948999,-3.2458439374822574,-3.302342823926995,-3.3023428277919296
-3.2411691889977647,-3.2411523512275258,-3.186740377733574,-3.1799937760411807,-3.2550863724094072,-3.273801013425901,-3.2730316823081624,-3.127700546553159,-3.2592531930802755,-3.2567442526117203,-3.3115639083341564,-3.311563912311238
-3.296001483851205,-3.2867246880102297,-3.1810654358447272,-3.171949983371281,-3.160055114018795,-3.2292511884826265,-3.18779672487945,-3.079099575659679,-3.239098794103972,-3.2397658029594005,-3.295421661512945,-3.2954216652150334
-3.2506874880299774,-3.230933177757172,-3.173268165586051,-3.1612500290966095,-3.1666903753192583,-3.2318095464526335,-3.1975474040110687,-3.084648344237565,-3.24802923208718,-3.2485372570858884,-3.3099052727060747,-3.3099052761407073
-3.290652564866733,-3.27206286790991,-3.1710516918808,-3.1553581175098726,-3.177939486756441,-3.2335661094024486,-3.209383866875089,-3.092951932832169,-3.2578471807642835,-3.258353295950843,-3.3232761114748866,-3.323276114845724
-3.2562927391965917,-3.2366062734953154,-3.1877836369436787,-3.174154946207627,-3.2067511637275583,-3.2593724834096776,-3.2287899140981953,-3.122017916379011,-3.2570187344968193,-3.25803649797066,-3.3370364731258797,-3.3370364763219373
-3.2900220007060343,-3.2903759773180963,-3.2104046991723436,-3.198548854763208,-3.261849710896652,-3.300303889227974,-3.2754209940535315,-3.1582216970579573,-3.2708385405643194,-3.2709609619024027,-3.3582264865012497,-3.358226489716378
-3.3034277790096076,-3.2834487460795794,-3.2106007019411296,-3.201116384694895,-3.2246277497435147,-3.2859842279694513,-3.234937821650624,-3.125067669288039,-3.2723953933495458,-3.2725646149043834,-3.345441239551166,-3.345441242555356
-3.25705316619682,-3.2465158269159033,-3.2140851142335203,-3.202703006988994,-3.2472726079515195,-3.3054982500100762,-3.2549161692734643,-3.1360407390759764,-3.2874937000878903,-3.2865670271264746,-3.366019295991864,-3.3660192990799973
-3.190655932191567,-3.161643068587038,-3.147186519663077,-3.1290327520791816,-3.099864627893878,-3.2118996560693915,-3.1165521269911207,-2.9952997421368113,-3.235447172231779,-3.2403648374915925,-3.2675292341993964,-3.267529235868933
-3.249113726260536,-3.2124623837026425,-3.1488002631200254,-3.12819266482316,-3.141267764061812,-3.2179261023160772,-3.1402526839482974,-3.0207859381559405,-3.2340857453054483,-3.2373755209025417,-3.269969570535568,-3.2699695722729145
-3.1608871045488836,-3.145168451975724,-3.1528340223476023,-3.130966853755397,-3.169543695689615,-3.2390968204369495,-3.1615555646723066,-3.045086815850438,-3.243616354435495,-3.2455883571273176,-3.289408586396461,-3.2894085881019395
-3.116703887561371,-3.0751381991956963,-3.114074205469525,-3.0810263833822296,-3.1040331043989755,-3.1549530885099397,-3.096031592852725,-3.0583817987112623,-3.255212772057631,-3.2542379545776505,-3.2204811070195554,-3.2204811120537915
-3.164569486701651,-3.108631744946824,-3.091805960992294,-3.0525603310876503,-3.1048794158278676,-3.1418978684980536,-3.123739516563059,-3.050558497787522,-3.2511345577622213,-3.2489856179264764,-3.229843583770727,-3.229843588650759
-3.1048415864717613,-3.0509968362195616,-3.091622361585589,-3.05064514091545,-3.1577951573807144,-3.171178495602359,-3.1727550318422533,-3.080405715338025,-3.2649764720687044,-3.2615447582831227,-3.2560513169125547,-3.2560513217515252
-3.134769197640172,-3.0955222965492313,-3.0925411378676895,-3.0511068213910235,-3.1564660838733167,-3.1836504276653326,-3.1881000286068875,-3.10285139082981,-3.268429176075384,-3.2639955680944865,-3.2615158193521996,-3.261515824086952
-3.111474867030186,-3.057967494964446,-3.1088964271181854,-3.066702626792824,-3.1892946081671445,-3.21354687351759,-3.2152018004091203,-3.1385834794503134,-3.2773973973289383,-3.2725573603485842,-3.2844416474726237,-3.284441652056417
-3.216647241966045,-3.1889421111613236,-3.1351136849567274,-3.0952500767705287,-3.2196581536950015,-3.242097888378405,-3.2284006353505457,-3.1708951448196565,-3.2866878385753657,-3.281085309369471,-3.3012474958586013,-3.30124750047276
-3.224946878378045,-3.1758861857047798,-3.168232822609104,-3.133260525818222,-3.2492871149753753,-3.0018471170105054,-3.194707932635908,-3.183893518502175,0.26081195260799905,-0.1783686507396034,3.434334861731954,3.434335225766125
-3.1892320614268366,-3.1733991145228186,-3.1192600939618944,-3.087905996275459,-2.9900868801373637,-3.1433507806445675,-3.058896597947382,-2.9655732920224427,-3.1581025276855006,-3.1629656334123992,-3.2300942780682655,-3.230094281322846
-3.1079597651148037,-3.0713125612005223,-3.1044291720063404,-3.0692984317452394,-3.0459520244561555,-3.1712799303258135,-3.12075219671374,-3.013086602690209,-3.1593616825740725,-3.1654467902359227,-3.247096101482945,-3.2470961043833437
-3.1186508294870747,-3.0664888067297573,-3.1151065215472613,-3.0811667623023404,-3.0996164814832308,-3.2069857002303914,-3.171518469956591,-3.053599296220481,-3.1734901794277492,-3.1784172253971823,-3.2685585285414267,-3.2685585315122534
-3.131913999422066,-3.0505354709730517,-3.1319918726696487,-3.0919915714185695,-3.1520011846638427,-3.228372398572268,-3.217834467517733,-3.099245696601786,-3.1906230764651577,-3.1936241208924203,-3.286432649256372,-3.2864326526611523
-3.1785174030833763,-3.1436332392697386,-3.1731800686050526,-3.1354596360470532,-3.171891955411242,-3.2411210021179353,-3.2255256936735335,-3.1175253162425607,-3.2025724092671415,-3.2041012414669927,-3.293718989523827,-3.293718993212309
-3.2475918494011573,-3.200555003592803,-3.193478913106649,-3.1612247806078955,-3.1892240153970537,-3.2504190550349294,-3.232202200219255,-3.1339175148790566,-3.2170270311118436,-3.2173118935267366,-3.3137668859238043,-3.3137668897212516
-3.1902760271061212,-3.1599232676181748,-3.209110106689499,-3.1798718274843942,-3.219344947265132,-3.2719486552207537,-3.254558329993951,-3.159369500489494,-3.232407780864657,-3.231327613077406,-3.3325109666096746,-3.332510970497674
-3.1705593216768895,-3.0890325797118674,-3.187950214573843,-3.156125231364409,-3.102317876830965,-3.208655294171687,-3.16597230728228,-3.1311465442634567,-3.199250000917156,-3.1996821322412026,-3.2794859223247466,-3.279485925906787
-3.203656925272592,-3.1867069871665707,-3.2049942289142637,-3.1760737025638344,-3.1627408819413394,-3.244524269431124,-3.238181517319475,-3.174439420585295,-3.214846626908285,-3.214104090304096,-3.3032077158263515,-3.303207719479822
-3.241665917957022,-3.2480663375228245,-3.2243585040531957,-3.20727626620669,-3.1760157637262063,-3.252307937747371,-3.247182284384134,-3.1748179976901048,-3.225518827907897,-3.224020582500426,-3.3117912226420994,-3.3117912262899893
-3.226243687222364,-3.2128379372718707,-3.2230605254065985,-3.209046034881898,-3.193430987062876,-3.253011433822504,-3.25379319480379,-3.181649044486606,-3.2236058423868736,-3.2248082341283677,-3.3212266617733186,-3.321226665077861
-3.237899073836717,-3.2216938166286964,-3.245026846508584,-3.235797690735839,-3.210706043790714,-3.260873417589062,-3.2584446171999657,-3.191478366356328,-3.222416424366167,-3.223770707563221,-3.3241144747930207,-3.3241144779055025
-3.1791035451878957,-3.1676273350788353,-3.2266444840075295,-3.217872183967992,-3.191456761558169,-3.230390872116784,-3.209421334651748,-3.1630565539184596,-3.2285013759088312,-3.228785072988748,-3.281385259074596,-3.281385263984525
-3.139930365400956,-3.0955175663326306,-3.1810980914810556,-3.1652155719316237,-3.106688038077351,-3.1497107782535037,-3.115974196192786,-3.1611107324932934,-3.2160567879007274,-3.215494200565514,-3.236523815558339,-3.236523820963016
-3.1341137108474206,-3.0918352446814907,-3.1510913255888027,-3.135019286400684,-3.0826317337129083,-3.131660801681144,-3.1149305021990146,-3.142621724496257,-3.20619168446121,-3.199779993837856,-3.2371772192155484,-3.2371772240014764
-3.1131420686400166,-3.0747861280655275,-3.103672357327156,-3.080526616864293,-3.0481534474594363,-3.097284537097566,-3.096462312215842,-3.1024289891536023,-3.1693859426478075,-3.169813141241861,-3.212407708382532,-3.212407712101631
-3.1063571019262497,-3.0733813950989086,-3.1113256230001785,-3.0910495312596638,-3.119985175612846,-3.1254247192814697,-3.174067612252331,-3.145056887690383,-3.1842382036084467,-3.183468779283845,-3.237381160416701,-3.2373811641415386
-3.1530639993879075,-3.1134293776080804,-3.129016597126462,-3.1122303876147956,-3.1578479357483915,-3.1488064458439085,-3.2029018462086256,-3.1548022299420344,-3.1951844384848997,-3.193376340380944,-3.2559264892206827,-3.255926493023291
-3.0613309857837026,-3.0195244706769655,-3.0760467163595253,-3.066047730914425,-2.972463242135515,-3.0693042089034885,-3.036833498813925,-2.971902174494984,-3.111122010919382,-3.1096752263927834,-3.194579132405042,-3.1945791344336287
-3.0434272460566656,-2.9688788074297867,-3.051938617091017,-3.039259979139592,-3.013438157841132,-3.0953137306935847,-3.064059830771965,-3.013419336493692,-3.1269364440777903,-3.124822574262317,-3.2172649175140875,-3.2172649196415204
-2.918902386307544,-2.8325783140755503,-2.9733993618425143,-2.955599729859906,-2.8628675287876257,-3.016189697403234,-2.917734879762886,-2.8923240290425145,-3.066488387610383,-3.0630189106725156,-3.156192006021336,-3.1561920069865277
-2.9180509510044836,-2.8050996343018832,-2.9443372058943083,-2.9204689840910456,-2.909283380353861,-3.0430352735035173,-2.9486060752806367,-2.9418336826562985,-3.077613028514894,-3.0736615077813,-3.1705350391737825,-3.1705350403363832
-2.929813843018903,-2.81380695503189,-2.976743707244211,-2.952071491848606,-2.9594477393692094,-3.0719788222230098,-2.9789398741913637,-2.983987721473957,-3.094255226855534,-3.088950307920974,-3.1749052124144135,-3.1749052138027265
-3.0255325873644785,-2.890837123092794,-2.9867455699086265,-2.9630895515498823,-2.9637980727559876,-3.08711225088469,-2.990487657080177,-3.0215105570505285,-3.1062517756626113,-3.1009737778720834,-3.1789445176363396,-3.1789445189460324
-2.9453092757962676,-2.8178871300297583,-2.951519628766464,-2.9337149189937457,-2.9182264153018576,-3.064548289848428,-2.965700490865489,-2.992694297202358,-3.0878657337165984,-3.0841740086781404,-3.1744512611238997,-3.17445126230444
-3.024913937712576,-2.93452969752103,-2.9409131184480937,-2.932114252971031,-2.9247988006409313,-3.0711695526583513,-2.97909030143836,-3.01921302282602,-3.106976008652258,-3.1024990696946597,-3.196137914112024,-3.1961379154038783
-2.994662100727714,-2.917622188211142,-2.934959769311769,-2.9300779904940937,-2.954349904388483,-3.088520240032068,-2.998891541261034,-3.0531931883851646,-3.121154763132415,-3.1165732505443358,-3.1930082042217665,-3.1930082062965655
-3.032957709435519,-3.0101371964865944,-2.9380548024389888,-2.936110268888196,-2.9647857839387686,-3.097556960012794,-3.0039386426259047,-3.076461167370372,-3.1382024877721535,-3.133345639129417,-3.215091934222568,-3.215091936266746
-3.105098877374865,-3.114384602615996,-2.962310653045565,-2.958520719602711,-3.0029689922010103,-3.13035182919261,-3.0264284499742287,-3.104491596150533,-3.1458170739857003,-3.1412219263295773,-1.770186744960911,-1.770186511689921
-2.982228092112415,-2.975270491489546,-2.8528065910768676,-2.846767881825655,-2.8018962340697118,-3.0064957873865374,-2.8492415588180955,-2.912576036875964,-3.044524953623694,-2.9791635506280096,-3.139332763154264,-3.13933276096715
-2.888154034932122,-2.8604381752614216,-2.820623775610197,-2.8125404287721447,-2.8143886285042297,-2.993352785743766,-2.8619463265661103,-2.922252597784553,-3.0532477727150016,-2.9921898768052926,-3.1359925526900345,-3.1359925507448514
-2.9316231730509994,-2.8795506726017823,-2.8161929010381863,-2.7993291458296143,-2.847164737787787,-3.0022170306584774,-2.8759268710952037,-2.941603754318373,-3.0545530672083805,-2.999754103543325,-3.1437956371475906,-3.1437956351112115
-2.9612447320539954,-2.907627030827781,-2.8060078668160497,-2.780952035159332,-2.837821336846444,-2.9951535085917387,-2.8704322856390934,-2.938757258470756,-3.0528624380798,-3.0026960088664123,-3.1496473802498466,-3.1496473782952847
-2.9450966834733845,-2.8867457757800814,-2.8045898281076695,-2.7744061477454878,-2.905669520995198,-3.026492249132818,-2.9204968001639275,-2.977726492117733,-3.0452965367713944,-3.002727720172195,-3.1552711979383687,-3.1552711954796573
-2.9708206605010536,-2.9246677739426943,-2.82896224680813,-2.7895321331009812,-2.988271699707614,-3.0881789124838637,-2.9853536067753397,-3.033540163159852,-3.0664225955732727,-3.0249127886030447,-3.18282959957384,-3.1828295972834484
-3.0365556915900322,-3.00915107543152,-2.8489567164101124,-2.801666052976996,-3.0141435463054718,-3.1186128863119076,-3.009999225388994,-3.0515949783277883,-3.079678035369447,-3.039908051904211,-3.201975320942441,-3.2019753188057294
-3.0468553385573505,-2.991947627751397,-2.8827981261156963,-2.828913852934424,-3.0769367866469857,-3.1758515460621837,-3.063871033457101,-3.0959555402297676,-3.101937642753403,-3.0627973008862064,-3.2249906269552118,-3.224990625056302
-3.0799874417988935,-3.035272618880302,-2.9256607561506778,-2.8674530043484134,-3.1309687945421363,-3.2251452118602764,-3.106510836078236,-3.1313241706902364,-3.1238633794862927,-3.0852370916219543,-3.244915217720597,-3.244915216296215
-3.19614461671405,-3.1968368400861964,-2.9823023799494948,-2.922970710719559,-3.1878588387921285,-3.2828456325356488,-3.1538847446913905,-3.165573624799684,-3.144533372952828,-3.106392624739417,-3.2707726914733386,-3.2707726902999994
-3.1300440797995237,-3.131360358030601,-3.0140096657283477,-2.9596428393163614,-3.1735014489752444,-3.2876193269755714,-3.1527210882225996,-3.176250566543963,-3.1031510996113574,-3.07580012507742,-3.231119195879172,-3.2311191939391692
-3.1665619983160096,-3.153239563395004,-3.0516926074922193,-2.9941840553678585,-3.249398071958993,-3.333100235432991,-3.222745715490557,-3.2080111610935225,-3.1242637925987005,-3.0970673725815665,-3.255533587718211,-3.2555335860541392
-3.2074183044938978,-3.2187164247614053,-3.1051773841314647,-3.0511670235226607,-3.278206775431409,-3.3546657181531687,-3.2454861209499373,-3.213903414359801,-3.144941539445137,-3.1178172589181377,-3.2708131070784137,-3.270813105620636
-3.2115761072748468,-3.2068902527433822,-3.1401806513351898,-3.0918412519726375,-3.2705424321270047,-3.3526999876333554,-3.236778797600217,-3.2062673166531668,-3.160180406089293,-3.1344722057109626,-3.286805161317308,-3.28680515989164
-3.1053590773804873,-3.0750754108998777,-3.0518140665046993,-3.0042017505825154,-3.0222104319621703,-3.1839140512587196,-3.0387774407168497,-3.00554148933797,-3.090291096717458,-3.075884788036495,-3.2022508733122006,-3.2022508714508904
-3.086489872645705,-3.0571591531806503,-3.0256745710849158,-2.9789117801748155,-3.067050181418435,-3.1833603815479155,-3.0623013472301404,-3.0281657362031495,-3.1006873050232358,-3.0887121387951315,-3.2049968820134755,-3.204996880696366
-3.0544291431235413,-2.9959472790063026,-3.001195451068684,-2.950451128681332,-3.03514985582149,-3.1441210010422105,-3.0218266550906914,-3.0176947219679517,-3.098843439429891,-3.0886131926622866,-3.1835995088486393,-3.183599507981313
32.838440327904834,27.726243474072493,29.406629086502907,24.371740272965347,38.37811168300096,48.11463271933943,35.35983191615235,33.65320669124431,40.25735506321402,39.26365736602825,50.253267980967244,50.25326784201371
11.359987231396723,7.974287909238718,-2.7534871929282154,-2.7245379297396886,-2.540893562205113,0.5915434830828228,-2.5822700204392337,-2.6338813485106556,-2.5592035188057367,-2.729785713321999,2.081677276111193,2.081676603661921
-2.9159170973640016,-2.914373351687659,-2.571553783961467,-2.5684600242706788,-2.368448146595764,-2.6867825679724247,-2.397069788680806,-2.516803262809472,-2.618855117960252,-2.524102850285971,-2.659762805425081,-2.6597627953144993
-2.7447766450341713,-2.7703096034906203,-2.5239865090670928,-2.5257112234386074,-2.4344321165231344,-2.6876969304929643,-2.3943589212820138,-2.516689581903145,-2.638226364851689,-2.546743399684912,-2.630485330861669,-2.630485322987056
-2.5634992003740518,-2.605435244868182,-2.5010396433405284,-2.5074794402645084,-2.473454258563971,-2.6680319092240303,-2.4106699571337526,-2.5359386509112802,-2.6693977825887534,-2.5795968482820824,-2.6384668006335463,-2.6384667935819195
-2.452806715357497,-2.546303574129862,-2.4039653928043005,-2.411962377667676,-2.3982517570820243,-2.592835672810183,-2.295366998955104,-2.3762628090742908,-2.4718669671250875,-2.438011903622474,-2.484305509183538,-2.4843055003742878
-2.484969542156876,-2.5116740846801227,-2.3759688671817063,-2.3900205877224305,-2.4167207726467064,-2.5925376178100823,-2.3119785098559977,-2.4120153659644146,-2.4960602120598536,-2.4634697033339896,-2.5026330195673667,-2.502633011167622
-2.5172269725083987,-2.5490867452334505,-2.3540135324562357,-2.3638833248192057,-2.4278423514753085,-2.578042109379817,-2.3064086922064417,-2.4157999405352113,-2.4956182644075824,-2.4696715821585054,-2.5092710232052946,-2.5092710150661928
-2.4056159968910413,-2.3961696877915517,-2.3479623565708136,-2.347281385031833,-2.4314364024118973,-2.5597840808904087,-2.303851804685031,-2.426278719288657,-2.5194648362368373,-2.4944389509972247,-2.516890546556004,-2.5168905391677088
-2.4420979688885547,-2.398190759263854,-2.372269364116132,-2.3589369568577556,-2.490384173836588,-2.590121544367053,-2.347210131231499,-2.470929492850021,-2.5526493159554082,-2.527383178413001,-2.554119604825777,-2.5541195977783353
-2.440425846185558,-2.4094494209947603,-2.398813287462262,-2.3781153276343865,-2.5072680883866614,-2.590248048242481,-2.374175713906699,-2.501772384437327,-2.5856838204839643,-2.559794231746653,-2.5795952847331396,-2.5795952781706797
-2.499922737817212,-2.4745391737830587,-2.4466928730825805,-2.421631040554568,-2.5429510134616153,-2.613635473867225,-2.4033138013581334,-2.527604548084133,-2.606286139307116,-2.598969815651709,-2.5981510856001933,-2.598151079419965
-2.5585505114458273,-2.558780475600727,-2.466653364957576,-2.4575265441928433,-2.526060293889396,-2.610599716572686,-2.420645273867688,-2.5515688375493393,-2.6396984211802463,-2.631925447386366,-2.611398212976358,-2.6113982073968254
-2.5484703381471268,-2.526966845648205,-2.4840205109880475,-2.4822247702559332,-2.5514597467535483,-2.6405635033948034,-2.453864973724367,-2.59345291049721,-2.6654598686689943,-2.6585811429108963,-2.6377618219546175,-2.637761816626333
-2.562119348152633,-2.5472949990061498,-2.479883373268888,-2.482821116433578,-2.5671891512090896,-2.6832815429028902,-2.47266747161502,-2.626074880137355,-2.6947471849391524,-2.6883655150288632,-2.6567218010398306,-2.656721796122601
-2.588724427161929,-2.5435989140770547,-2.491446042795084,-2.494125863555256,-2.6049086976636815,-2.7183729011346696,-2.512203011389683,-2.6650476611809815,-2.726167563609846,-2.7189475159619194,-2.674189546254374,-2.674189542012185
-2.688011888861722,-2.6692614102130894,-2.5110909769097938,-2.514703379608561,-2.643605308694661,-2.777359745031948,-2.5673227093376156,-2.7043276035652664,-2.7554164497864173,-2.747737523506726,-2.706071254335006,-2.7060712503812416
-2.6781213947427496,-2.615735529550815,-2.54114204526491,-2.540583069450623,-2.6717715915985982,-2.829618653124929,-2.622263102519688,-2.733609632273013,-2.7793474898884267,-2.770894516757169,-2.732303104791736,-2.7323031011993546
-2.7502708827569746,-2.705647934826014,-2.5636670001878645,-2.5599776862016688,-2.680998025295419,-2.8764875366032756,-2.676270885357138,-2.7526001829801325,-2.798498392466299,-2.790393683548392,-2.7511490196632105,-2.751149016324735
-2.742008176825465,-2.67473425557216,-2.590755593456802,-2.585307476380418,-2.7036251417018677,-2.923126298748161,-2.744283661098327,-2.7854467595912586,-2.821018924322194,-2.81287327873829,-2.7691507029312445,-2.7691507000586224
-2.8052965620520003,-2.7479624433324332,-2.6670549105495334,-2.6593677359363337,-2.760987078522995,-2.972374160831672,-2.8298792898922107,-2.834075917684656,-2.8393128847650266,-2.8298895626948166,-2.789629548559418,-2.7896295461666867
-2.785950662894135,-2.740540389249079,-2.7107183991367876,-2.706571112277995,-2.7873176953768626,-2.9888289727595216,-2.898003450355891,-2.8646823273761757,-2.844277525696792,-2.8373773957630686,-2.7894089345760937,-2.7894089325456393
-2.821421642001897,-2.7918499496016884,-2.7519141405858374,-2.7478759064938028,-2.80754994870202,-2.9998141740652198,-2.9501481581360802,-2.9013160553004598,-2.8706497933253234,-2.8628006147640606,-2.8157040293607136,-2.815704027730436
-2.8593691316205083,-2.836012425485162,-2.773753043031042,-2.7674634253413295,-2.823887443916038,-2.99095887929865,-2.9651235122577577,-2.9219860831941493,-2.8948553336747285,-2.8868986032938277,-2.8293468602562846,-2.8293468593607125
-2.8174307775016976,-2.7936397144470155,-2.7900746035263406,-2.788463951020504,-2.827245822033489,-2.995212168058547,-2.973591632849637,-2.927426982084941,-2.912543740253088,-2.904815499099133,-2.8533009422659052,-2.853300941485963
-2.8515233608805874,-2.839846177874127,-2.862783365919494,-2.8661523150407593,-2.8345437538124965,-2.993453168666279,-2.97844398138103,-2.9279134536797686,-2.895771960116684,-2.889005385254011,-2.834424004933363,-2.8344240044965416
-2.871593797256779,-2.875288648609754,-2.9057643768261876,-2.9139201634311895,-2.8799139545797483,-3.020672338723714,-3.0282936001599183,-2.953481393057032,-2.916707188755362,-2.909858713144568,-2.862684357692718,-2.862684357448691
-2.9314880824640626,-2.9548276915876905,-2.9405474856481555,-2.9638955023302684,-2.9012872220935892,-3.020924620188747,-3.029076453109611,-2.9994866693120303,-2.8918591359073997,-2.8873422052763233,-2.8378796558493145,-2.8378796556608545
-2.8527309012066344,-2.866766492165872,-2.949191639653857,-2.9874528683467236,-2.922393019431329,-3.0335056037293775,-3.0436810095601543,-3.009187648405598,-2.892891308466465,-2.8913979927199693,-2.849045357660981,-2.8490453573977303
-2.9558675484008123,-2.956183111926819,-2.971631022504444,-3.0166664056223915,-2.976195502928546,-3.0727254740130174,-3.1020979351200295,-3.0384376979549557,-2.9187120008477576,-2.916359666552926,-2.8799662719254853,-2.879966272020201
-2.96504011604213,-2.9695148551996247,-2.9787644685023142,-3.0185938861795307,-2.9499726097113577,-3.068214901998989,-3.0943758217851633,-3.0290151310959903,-2.925443321621327,-2.9229380392626876,-2.8818074189502556,-2.881807419294284
-2.9941254187363975,-3.0020143175195737,-3.021474283807099,-3.0603071089060383,-3.0039049900775696,-3.113479728771626,-3.170094610199449,-3.0771386894900674,-2.949525667316785,-2.946172959033887,-2.910338339145803,-2.9103383397588316
-2.993170032717215,-2.993579243930014,-3.0509017721995555,-3.08984780960393,-3.0142612659838606,-3.139358152103984,-3.194531111379154,-3.0884569148832037,-2.9662848783746467,-2.9636084933356743,-2.9359474458195134,-2.9359474464672157
-3.042739354520395,-3.039556372452397,-3.077037331660689,-3.114709359126083,-3.0249483651073,-3.159257510612481,-3.215992324186223,-3.098914744782809,-2.989511902206642,-2.986086866743486,-2.9668607483272247,-2.966860749158485
-2.989646639684926,-3.003355450383372,-3.0497864744653076,-3.0951772516495373,-2.9328001030111164,-3.0996825954884137,-3.127811516007035,-3.0227524947418645,-3.003114254348641,-2.999376194602487,-2.9366983610615724,-2.9366983629928525
-2.9612524625959176,-2.9629893228965236,-3.027320029253729,-3.075282213271617,-2.9040020893514846,-3.087821232174558,-3.1073558646458226,-3.013861929847497,-3.015208998700091,-3.010173946359692,-2.9577385365830438,-2.957738538461932
-2.9625456745715026,-2.9979187286226723,-3.0105919269451116,-3.0517210615635744,-2.9065498305258495,-3.082305336758564,-3.1072641016330262,-3.019670750706928,-3.0331353306267976,-3.0268874436527833,-2.9790761338091807,-2.979076136052263
-2.939597433176964,-2.97604866050021,-2.9738971916342343,-3.0177609801014,-2.8440229164343505,-3.044967704374828,-3.0436096223181512,-3.001095779104542,-3.042867799798417,-3.0373408252597205,-2.968060551999942,-2.9680605544014558
-2.9363738658838776,-2.971095098975091,-2.9755346029773517,-3.0241346030093936,-2.8592580288080214,-3.064746072374465,-3.067960244344329,-3.0073835414949466,-3.053780190043774,-3.0479129017524826,-2.983340845256196,-2.9833408476779653
-2.9421478073510228,-2.985906605583108,-2.975430500576324,-3.022994534059532,-2.863211696460094,-3.0796335348315402,-3.0796750056487,-3.0092797908811355,-3.0615563221283595,-3.0552049161996857,-2.994805079451335,-2.9948050819216907
-2.9635824516752782,-2.998714082941774,-2.9946439453612235,-3.0412043139195797,-2.90502317125486,-3.123166969219638,-3.1293807338955326,-3.0343782528869614,-3.0782937198776072,-3.0702877798217374,-3.023307344889154,-3.023307347369221
-2.938129720337882,-2.9554018166427634,-2.972558328077887,-3.0100024698873655,-2.886853351904725,-3.1111416246561383,-3.124707045213831,-2.996550152762476,-3.0508881863645527,-3.0506119479952414,-3.0099927086697273,-3.0099927102837105
-2.9506041782695003,-2.967249427638367,-2.9992901618312153,-3.033514714694425,-2.944350300178809,-3.1581447437285535,-3.185708740236913,-3.033027669147042,-3.0666344669742385,-3.0651108827048397,-3.0343317021291343,-3.0343317039078608
-2.951872032440697,-2.9588797603825077,-2.998846694981144,-3.024023427993122,-2.911647185814564,-3.1227681005852337,-3.135977158703193,-3.0157744083620543,-3.053608083792577,-3.052671516379246,-3.0161041542633136,-3.016104156052956
-2.992663098271211,-2.9981822419599435,-3.03409064904302,-3.052885875052586,-2.9646077267085587,-3.160957373610559,-3.1908063872195833,-3.038805411184603,-3.0698294781375592,-3.067405586664642,-3.038670277954318,-3.0386702799008867
-3.0297640607347147,-3.041615817405425,-3.069628655425495,-3.0790778215425814,-2.9333168535103074,-3.1340479938166355,-3.154134768865685,-3.0467996909257073,-3.0121888144117133,-3.0150520555769207,-2.9814967220569955,-2.98149672329793
-3.0391177563674634,-3.0509985408925444,-3.0930216320558395,-3.094084900249651,-3.008944315339882,-3.172607353042376,-3.2153834325775708,-3.075766137690025,-3.030973747562805,-3.0324594534108296,-3.005446286248842,-3.0054462877268016
-3.067236066398126,-3.044933349068284,-3.120141258572249,-3.1169532901844503,-3.0771931650460953,-3.211511991132697,-3.2693307249198944,-3.108392320359311,-3.0494286671295416,-3.0496437132976713,-3.0320183628443784,-3.032018364429285
-3.0559374771754073,-3.058304310602356,-3.1499248214417586,-3.1393236411732044,-3.127947971607651,-3.2176617588663268,-3.2602814797278707,-3.1187113100247856,-3.067521452176778,-3.066567544026828,-3.011448004195476,-3.011448007769909
-3.0761915845663443,-3.0640262283116564,-3.168786385283444,-3.143465929616289,-3.157907189784613,-3.217583561497965,-3.2497556001220627,-3.132522725008912,-3.0823817275714775,-3.0796849486604287,-3.02869064124876,-3.028690645179653
-3.0816659745429944,-3.038304354542212,-3.1452667538458368,-3.1083977124886664,-3.0773348979803843,-3.135413751168926,-3.122113725181303,-2.9769202179512027,-3.021809347619478,-3.027526601471574,-2.9396241105947025,-2.9396241138078105
-3.05950112764885,-3.026638140591718,-3.1287108168812434,-3.0903546438176166,-3.1453598199640087,-3.1355129468163017,-3.1602539692396516,-3.0106538463013286,-3.0392927472327806,-3.04303846644497,-2.9642046771270296,-2.9642046806015294
-3.0452611181135603,-3.02895160870805,-3.129542799939095,-3.0850466099484275,-3.1790924099983013,-3.1250410974005596,-3.168287501900175,-3.0448908297397,-3.05644782382524,-3.05854960681273,-2.961721554090648,-2.9617215583356433
-3.09175882397836,-3.064747018511321,-3.1424461625563977,-3.092917855624174,-3.224906464216393,-3.145929525303231,-3.2033287287800114,-3.0729834934945934,-3.0737047514095903,-3.074231612310501,-2.9944741262875176,-2.9944741304846776
-3.1179495773495987,-3.0768387089383533,-3.16660738851015,-3.1139667856950464,-3.2428378752584024,-3.177151650331333,-3.219643337337699,-3.0999667481460986,-3.086705247834981,-3.0864688590102514,-3.0231353389113362,-3.0231353429684695
-3.022478417083044,-3.0083526078601945,-3.1208177740876666,-3.0708318233883016,-3.0293334188063348,-3.068112888529118,-3.056756137118498,-2.940401691997576,-3.019242450355926,-3.024804476396729,-2.921975948281249,-2.92197595208114
-3.023001427303254,-3.020562583492347,-3.05773077459541,-3.0171024513922404,-2.983319531379512,-3.012596067927074,-3.0070131238067654,-2.907486273452661,-3.002372836746912,-3.0107506957979506,-2.901792362434377,-2.9017923660280536
-3.020134175707162,-3.0113119634206282,-3.0624760584386683,-3.0121767898034646,-3.051088297180592,-3.028673846884848,-3.0754304014373584,-2.9851041665019182,-3.020603348407536,-3.026633619371159,-2.938252316356796,-2.9382523199323476
-3.0488819646883183,-3.0367361236492374,-3.0899750848923673,-3.025751425089817,-3.0977151813746375,-3.0526838572838915,-3.1292416761508126,-3.0618558192938368,-3.038952443154257,-3.042589334497986,-2.967833057387187,-2.9678330612246127
-3.094146481304721,-3.0935396397267603,-3.1491737469263597,-3.074401082631613,-3.151985077652335,-3.0911539734288067,-3.1864515011802714,-3.1402955995375565,-3.0543286908814533,-3.055516432199334,-2.9989389065522074,-2.998938910603341
-3.1525252615376433,-3.1486693496419567,-3.18958953195005,-3.1099484143474667,-3.1565804602978584,-3.1110623078542843,-3.197815659863935,-3.1935114684668364,-3.0667331526626804,-3.066017524528583,-3.02017010065187,-3.0201701048686496
-3.142592507070621,-3.1256424271923535,-3.2203017376039216,-3.1419655139055322,-3.1630584068953618,-3.13358794253216,-3.220381917415812,-3.222809299109387,-3.0802181952807755,-3.078713550441556,-3.0496279269132245,-3.0496279309623295
-3.1429644577186457,-3.1478963590847733,-3.2554596537618252,-3.179992134698645,-3.1418556431385385,-3.145584898196937,-3.197267201424032,-3.2346495469150556,-3.0652178198474935,-3.0661912025996703,-3.051698922850309,-3.051698926279252
-3.180579044213821,-3.1764332829095543,-3.2832184969463496,-3.2152524877409228,-3.1642052834861008,-3.1711237591865187,-3.201504362445722,-3.2860424752809125,-3.0729470304314113,-3.0730447493681297,-3.0669425484811774,-3.066942552066906
-3.1853324104758607,-3.185389291377058,-3.298016262433866,-3.2410451862779954,-3.1627607873818806,-3.1890314902459735,-3.212304680505941,-3.269993299443993,-3.083777245030235,-3.0827039100769094,-3.0821421262599396,-3.082142129894803
-3.2204063675110444,-3.2066614709991628,-3.328208330797744,-3.2827765747098843,-3.192748521083363,-3.2250079422678377,-3.2433198282723077,-3.2820949419765375,-3.1005183368393103,-3.0978312430134043,-3.1117579910754114,-3.11175799474936
-3.239387178185892,-3.223562894074585,-3.3413145510717928,-3.30541590767941,-3.164671639492229,-3.2253462845247234,-3.2282949253871127,-3.2972381805153366,-3.1081590555230036,-3.1045668027534994,-3.113487402085922,-3.113487406033286
-3.218929867780123,-3.2099040951021114,-3.3441534189895536,-3.3160198511966064,-3.189267354068736,-3.2509869389618777,-3.2430422539237465,-3.3099105533282893,-3.122446047602648,-3.1178283293069633,-3.131262176547019,-3.1312621806443577
-3.17179366793614,-3.163504671834138,-3.3102239859638214,-3.2828640748008002,-3.09713962070187,-3.2025099947922104,-3.1626217463307325,-3.216657989625707,-3.0899854296469833,-3.090583788424885,-3.0973298570579724,-3.0973298598450274
-3.181114914398712,-3.1727867409876502,-3.294579962916521,-3.270181677652083,-3.1211512244829582,-3.2156939389325325,-3.180641974526992,-3.227851684358996,-3.1047552944965595,-3.1041083458646943,-3.119633818729014,-3.1196338216086352
-3.204423092518238,-3.2036990665567946,-3.298488842410775,-3.276735400346376,-3.1354193072427456,-3.22323087524591,-3.194022418128317,-3.23246305889754,-3.117769024706873,-3.1154966163171967,-3.1301951146478877,-3.130195118007279
-3.162864814051405,-3.155735770355833,-3.3103859033779477,-3.2887019442453065,-3.1548696266697305,-3.2363412268470437,-3.204276537253044,-3.2492363078886273,-3.1327228561305263,-3.1289844771548454,-3.1538416921173518,-3.153841695613588
-3.200573310238026,-3.201858976417712,-3.3452429253667026,-3.3268567529216524,-3.2004753562277433,-3.265823885728896,-3.226662576067732,-3.2864465450907443,-3.1424177362560384,-3.1382519852677344,-3.1747866367259348,-3.174786640222547
-3.2322986668214666,-3.2323748455069943,-3.369756137689932,-3.3544962024216294,-3.229491759256099,-3.2886824265020747,-3.24260397459295,-3.301280055832551,-3.155544825138067,-3.1504295164502016,-3.1973687874156473,-3.1973687909098123
-3.2228073153099297,-3.251409449803596,-3.383273282365026,-3.364142046412857,-3.2348093961738877,-3.2835977598001156,-3.2560439616494916,-3.3263106962334628,-3.1643747507727857,-3.157919100910589,-3.2049086507895748,-3.204908654762833
-3.263189258929411,-3.3039607196983485,-3.3854865724409464,-3.3649888123168434,-3.2345746221325937,-3.2841136508204123,-3.268372288892687,-3.32585297338697,-3.172454764462983,-3.1652895015437723,-3.2182361190979876,-3.2182361231255863
-3.2662674773330034,-3.3138958268679573,-3.409171790937607,-3.3941311875966225,-3.2627542110309724,-3.2922307745241435,-3.2792821452641148,-3.3671262684426027,-3.184219602044524,-3.176249727773949,-3.2249350788841467,-3.22493508356395
-3.315320264853081,-3.385210340543934,-3.4451984565497784,-3.441210026689781,-3.307722645431219,-3.3156733888542074,-3.3138983038344847,-3.388288266464335,-3.1961866252783153,-3.187855102620304,-3.245501678573841,-3.2455016832005334
-3.3338831047603223,-3.409036015738056,-3.4550508152514574,-3.4627316228669516,-3.303274614804188,-3.3236291748396067,-3.323113828203091,-3.3974531162258264,-3.205085659809161,-3.197675637054652,-3.2600265266397193,-3.2600265309328336
-3.3291833162381272,-3.424443860011007,-3.492954448630872,-3.5093608324988885,-3.3326755678013353,-3.3469152078162354,-3.3431039679460817,-3.4134892096280978,-3.204801228629467,-3.198021753073428,-3.2606030062592324,-3.260603010371034
-3.3517412521408905,-3.396532649276107,-3.481735039445913,-3.4908567038269585,-3.2911221903758263,-3.3035693825365575,-3.296182057517412,-3.388921478509117,-3.2162762782714145,-3.209026914362764,-3.218649690858004,-3.218649697134097
-3.3721138523548477,-3.437576775430518,-3.495751764571887,-3.50669090096027,-3.332826144753417,-3.3123538384952274,-3.3230953339448677,-3.3961761099335845,-3.2207486853660816,-3.213559232192396,-3.2289150343378026,-3.228915040438473
16.10190495253244,21.686635052122604,28.17468799992736,29.56825126699418,14.283453594139841,12.812279825086987,15.088232440498341,17.00275955657455,4.913389997141583,4.533677950621408,6.54948918389379,6.549489597563033
-3.209917473865393,-3.2588066976343923,-3.2928025401736885,-3.3158876044312096,-2.93123301281754,-3.09280679762495,-2.998205351424536,-3.0217192040803087,-3.072071783313309,-3.054440782040281,-3.0732594922658922,-3.0732595021889386
-3.0791804223432164,-3.11343635055436,-3.214079851260429,-3.229541976294189,-3.015119969021116,-3.1181582883036914,-3.1080168411114943,-3.090223935595143,-3.0923409482200723,-3.0740104179810928,-3.0897759724194778,-3.0897759824410347
-3.06835183492927,-3.1119888463234893,-3.1731584571141216,-3.189569227501156,-3.07819100684653,-3.13988288766418,-3.1787679825974715,-3.132597992978666,-3.1067500290085577,-3.0884409104735187,-3.1120224837165833,-3.112022493729584
-3.0945759979983016,-3.160148735720095,-3.170449592476033,-3.1879877007925748,-3.145635644200174,-3.1756148292431234,-3.2221096602049055,-3.1977908760525966,-3.1250772564512177,-3.1064063732838796,-3.1336004610907704,-3.1336004711794514
-3.112440064637455,-3.157785234712676,-3.183105958999164,-3.203273687572348,-3.1944257438889228,-3.2071774297525764,-3.243366124982308,-3.235580632998909,-3.1437009159293834,-3.1247136137317923,-3.1579319911345074,-3.157932001224225
-3.1770359511074004,-3.2179442693437394,-3.223775600639109,-3.216923644725989,-3.2486120743651563,-3.2409060301802484,-3.299293233277103,-3.29169579621432,-3.1634016226594803,-3.170923773426223,-3.193610663889368,-3.1936106663228303
-3.244248652607547,-3.257678008489114,-3.257484331280797,-3.253247661920489,-3.283520909627823,-3.2679013734124744,-3.328575817770906,-3.3212287539447667,-3.1767807190370756,-3.185653074046071,-3.2159354505207967,-3.2159354526358412
-3.266093899591882,-3.331929223283219,-3.2942450420863465,-3.2997256962078065,-3.362958181637837,-3.3119040707602614,-3.399626679189028,-3.4215986226895176,-3.192958961385483,-3.201596106915155,-3.2320031923205543,-3.232003194506792
-3.287535038526297,-3.3224305779312515,-3.311358375936257,-3.3194257270136602,-3.3491544197258714,-3.313752076848993,-3.388259247304603,-3.43796115518609,-3.1987131500721655,-3.2073065300596806,-3.23431671945888,-3.2343167215375344
-3.3662925857833232,-3.3945339703791837,-3.3647517610408646,-3.37675818756702,-3.3612514879474378,-3.3323088161593093,-3.39690020520427,-3.4596312775331786,-3.1910046589091143,-3.200285918497908,-3.2244384128970403,-3.2244384147068756
-3.371686674477681,-3.420455790659877,-3.384999501187718,-3.401620734734126,-3.389450328919761,-3.3489823595503516,-3.415623681678613,-3.433491111336156,-3.2093652420883703,-3.218056995541869,-3.2380934640958614,-3.2380934663735195
-3.4547130438409037,-3.4793045790960635,-3.412677841105344,-3.431740819562656,-3.4204125846544553,-3.373331315297447,-3.433099149041048,-3.437145908940649,-3.224454291503614,-3.232813616471168,-3.2607108404445095,-3.2607108426663243
-3.4910969979239908,-3.4839217880663256,-3.401474528004762,-3.4180352293019878,-3.361958419377848,-3.373369648220178,-3.4473685624435673,-3.374625204055972,-3.2129558281446977,-3.2242225488711806,-3.257259874405681,-3.2572598758402216
-3.4553572756607047,-3.4666476059780216,-3.40239163064225,-3.4163967283734946,-3.4098214893527117,-3.3945287119521286,-3.5525987498058003,-3.4044177607115653,-3.2299778518761726,-3.240906068162562,-3.2783707236393806,-3.278370725151859
-3.486294090092797,-3.4796816894870903,-3.420849092478091,-3.43690638051864,-3.42389667171316,-3.40635019797976,-3.5551046016098433,-3.395868235972557,-3.2441485137532826,-3.254446631633939,-3.294087476086317,-3.294087477614149
-3.40603969364621,-3.380743849503378,-3.414986619794646,-3.423888838818805,-3.409724521343745,-3.3783237829374806,-3.5099125233934236,-3.450693220114496,-3.26000097844313,-3.2689023844575527,-3.2827950170405886,-3.2827950196389875
-3.4712218241573294,-3.4540788169178023,-3.4256133953815215,-3.4363314765576605,-3.4348613915885755,-3.3841793049512425,-3.5197648842568423,-3.4278901633434753,-3.27220380986021,-3.280778944033942,-3.296557997365734,-3.296557999925343
-3.4576940501681106,-3.439449521358361,-3.4167384047772575,-3.426871361437798,-3.4340648132719327,-3.3844483435427026,-3.5261318238541963,-3.420949898174247,-3.2811233782010487,-3.289334089757169,-3.302617898185281,-3.302617900814354
-3.4290551801610287,-3.428112772298101,-3.422135877382764,-3.43177775876438,-3.4678268086831814,-3.3953108393512768,-3.5368805860610104,-3.450019988660552,-3.2969213659600194,-3.3047919673412247,-3.322090662841705,-3.3220906656635942
-3.4909158128410116,-3.45073403320458,-3.4248041367018094,-3.4330002462859492,-3.4858362047095506,-3.399156572796847,-3.535019366344246,-3.4742963963702285,-3.313103996288552,-3.320319590709224,-3.341230964943414,-3.3412309679962107
-3.481263090894772,-3.4795706347636766,-3.412813284988337,-3.426982601735736,-3.4657423791930304,-3.3894971281179855,-3.5280160563334273,-3.4404016895975538,-3.3290772162147855,-3.3358628766505807,-3.3597038503633176,-3.359703853449575
-3.375242293486935,-3.3683249040749477,-3.358067104736837,-3.377191253462954,-3.324731675041215,-3.312673129100187,-3.3973177286613794,-3.3239549655921046,-3.303197435549128,-3.316010647494302,-3.3221216677932808,-3.3221216691252895
-3.295834578320751,-3.3007916819236227,-3.3096836332810944,-3.3280366648146966,-3.232016905085314,-3.2537618941581594,-3.3177265200932884,-3.2924103218552663,-3.2868359492167727,-3.2985905477317656,-3.290721252751555,-3.2907212540200144
-3.3011482676886765,-3.297569595894022,-3.2924233263191813,-3.3148761129604942,-3.2477063041465035,-3.259548648397518,-3.3549660840488,-3.329269082675805,-3.296653873561628,-3.307984252891885,-3.302226867356716,-3.302226868530956
-3.2866005738941904,-3.2922411376515717,-3.239971817624312,-3.2610314744126123,-3.1169918732120374,-3.187594604534232,-3.2596796884505177,-3.2590688850071725,-3.2407637665384863,-3.253788250080935,-3.2375966632972446,-3.237596663806432
-3.2144035655392313,-3.204558802861563,-3.2250332497048055,-3.243126264229832,-3.1822636506585393,-3.208606509642261,-3.3409821748792794,-3.3305691149578815,-3.255705380930865,-3.2675272978235497,-3.2549564505395474,-3.254956451315141
-3.2839548332582904,-3.3057535820904707,-3.2546949701195236,-3.271026034036991,-3.2487009092001,-3.2571469229359407,-3.412867968856231,-3.3728532729807075,-3.2751883515183917,-3.3073538199280934,-3.3076529445302354,-3.3076529452580354
-3.3315707624912836,-3.3125881836311106,-3.272687975022461,-3.290220863841824,-3.2999980323736837,-3.284614383213165,-3.4434839862514712,-3.4179057467238536,-3.2909304464924802,-3.322202534819699,-3.3171721327283583,-3.3171721339477545
-3.32937627366183,-3.317549429001774,-3.280150574698385,-3.299369464100069,-3.3269882549790584,-3.307928976955054,-3.447062611268997,-3.448646761324537,-3.301035633006333,-3.331826869710095,-3.3249543327783506,-3.3249543340311387
-3.3601967811736513,-3.3829928028615344,-3.3013001992668047,-3.322304523195119,-3.331254906394508,-3.3194672430745675,-3.436691044946892,-3.43943704333922,-3.299616273936359,-3.331159931986271,-3.3271227259074054,-3.3271227268484695
-3.3657084408783375,-3.350050485257362,-3.3190958199124716,-3.3380485586988056,-3.3729031546058046,-3.340525374673393,-3.44301915080004,-3.4606101455702056,-3.3145908682748733,-3.3455116910500964,-3.3466054343566016,-3.346605435556236
-3.4187717219419804,-3.4012451327710997,-3.348510352462628,-3.368590953777827,-3.4115993510011102,-3.3625308407691987,-3.469004012389573,-3.463323205300804,-3.327636253720086,-3.3580783768278097,-3.3618783841246156,-3.361878385477678
-3.483240232621853,-3.470106420915334,-3.3709805549289804,-3.393268936475055,-3.41756761351278,-3.3737314326925554,-3.4714552812400328,-3.451022219234768,-3.336770979517126,-3.366631046476627,-3.367566244318902,-3.3675662459329336
-3.4288971205621066,-3.4059778342104177,-3.399449547805038,-3.425047400207813,-3.4481683724793735,-3.3952269813395843,-3.5045618932358034,-3.4757108737424645,-3.349810590276676,-3.378843647447613,-3.3857845246373515,-3.385784526436754
-3.4561563441677876,-3.4411543956601265,-3.4047608790310075,-3.4293325390472913,-3.45348374997116,-3.4030677939171707,-3.4958081541373422,-3.48592540176148,-3.3592044237799468,-3.3887027385665176,-3.3936019068154013,-3.3936019087218403
-3.3743096024986277,-3.377801384230675,-3.4014853901329696,-3.4185000687345117,-3.4554233909490666,-3.403448993707183,-3.4839471388933827,-3.492050518294098,-3.368550556325646,-3.3992894703394287,-3.414150599220189,-3.414150600816474
-3.4070462352019746,-3.4111012276182047,-3.406458063820568,-3.422781675482312,-3.445335834091615,-3.395293244680519,-3.486091655461345,-3.457855739980844,-3.3826069446640283,-3.4127061351174603,-3.429958578143392,-3.429958580000182
-3.5047763104533938,-3.485765570855075,-3.4572977154880347,-3.477704888356033,-3.4516273856526096,-3.4054697622115695,-3.5502717472063656,-3.4620406312634477,-3.3846748653693646,-3.4139222905674997,-3.42713807096324,-3.427138072988204
-3.5142693323126712,-3.5005292906242533,-3.4729397221617107,-3.499034184377338,-3.4503971429785882,-3.4151797815255467,-3.564299667221258,-3.4361773668607034,-3.3979598287432253,-3.4268794423230786,-3.4455155931884285,-3.44551559518586
-3.4865757559826203,-3.445136832180862,-3.466381553343437,-3.4902597765284997,-3.436548509197412,-3.41559722928638,-3.5450546031258385,-3.443594433011616,-3.3941337358658727,-3.4259805450677505,-3.454833466277961,-3.4548334676326045
-3.4428682495328244,-3.438631428903689,-3.4447445369540426,-3.461100583189004,-3.3492757819316656,-3.3773585542599567,-3.4966000795189354,-3.4773063186376643,-3.3702452508039733,-3.4022771871495276,-3.412312864533596,-3.412312865696152
-3.4525282081256665,-3.4500553548431,-3.438205083609022,-3.4487348442787003,-3.3819648775183513,-3.394201325906443,-3.546911618272648,-3.501056556275251,-3.3856311487260218,-3.4170365889285588,-3.429958017645016,-3.4299580189455394
-3.4051813372086275,-3.387249654963175,-3.4356358105469633,-3.4396757524124664,-3.3752850713144853,-3.3941037713777646,-3.551358857524349,-3.532258915242073,-3.3909322442482286,-3.421710884110166,-3.435719668795712,-3.4357196701166295
-3.433374859893997,-3.4498676911936763,-3.429733541981305,-3.4336777291633953,-3.3609878540244584,-3.3955646959175243,-3.545072524728801,-3.5183740977470856,-3.388098238418938,-3.4208453236493135,-3.43758759819669,-3.437587599046822
-3.465323844422406,-3.467110077537342,-3.430817801082962,-3.4354335631330333,-3.361065356266936,-3.3970429430948466,-3.539812397341852,-3.518772737625958,-3.388680706405115,-3.4230630833833864,-3.4458456878974464,-3.4458456882018247
-3.392576888093046,-3.347288585608897,-3.4098406257422025,-3.4121633220175447,-3.3145623584390616,-3.3649886709014574,-3.454379179075297,-3.5089875258827385,-3.361429210302911,-3.4015907954663036,-3.4271131557702663,-3.4271131546611384
-3.3911781213200767,-3.3667986075123184,-3.3998573493486806,-3.404943493470391,-3.3249325666648875,-3.361530624478518,-3.4630242603673342,-3.488704635403732,-3.370126495096794,-3.409104774273304,-3.440166018507825,-3.4401660175284787
-3.372279609760583,-3.3480603339766697,-3.3885776696515713,-3.3926408219902267,-3.3365505103782627,-3.3573573554403526,-3.445263932497499,-3.4836845766949973,-3.3713331034018874,-3.4125453178583123,-3.4511939175001403,-3.4511939161602756
15.126513556618626,12.372499103512904,13.977481698335207,14.947052606830475,8.727123952870173,10.671445621984265,18.504224925759907,19.13683720535331,13.382105312145004,17.447385017018725,21.03521804523115,21.035217941279626
-3.1392984955989327,-3.1220580697338276,-3.1795402304652,-3.208984631463716,-2.9378339761726657,-3.1341483791455245,-3.0786846240283157,-2.9992697805032718,-3.1681662863123097,-3.2034285612660405,-3.213223293750745,-3.2132232881727067
-3.0091585229311484,-2.9721278499588797,-3.0533197650292365,-3.0780159805335687,-2.975104698122683,-3.126690362011292,-3.11002401692143,-3.0316280429937357,-3.1677253673723436,-3.207533677174282,-3.2225055047394244,-3.222505498843421
-2.948942594816554,-2.9026796482465462,-3.0058852239423706,-3.028060232607501,-3.011742249478353,-3.1412561129988457,-3.1443022216428407,-3.0679086035969223,-3.1846569029325105,-3.2224442106276023,-3.2418692300231977,-3.2418692244231027
-2.9291357759593586,-2.896525989864413,-3.004173172866416,-3.0245787769919263,-3.0580309237178365,-3.173115539208593,-3.191758653038167,-3.1187619420598707,-3.2057274751402054,-3.2424458616611322,-3.265488215422389,-3.2654882101022156
-2.961761270956565,-2.922473243625089,-2.985554668691793,-2.998525425780511,-3.0349165553402866,-3.153568308113383,-3.1693493926170198,-3.1081040795428225,-3.2018222857266565,-3.23483844688484,-3.2502209502035315,-3.2502209456809292
-3.118630304583829,-3.043236126794091,-3.026588925666672,-3.037495017512616,-3.0878006109895386,-3.1928272992660633,-3.240239875248732,-3.169182734336507,-3.2232741174548236,-3.254319615788677,-3.272811925531244,-3.272811921440821
-3.0154179688295346,-2.9165885283773614,-3.036371529317192,-3.0478479098440228,-3.1352828629448224,-3.2044475433437545,-3.287029761716552,-3.2200704334509385,-3.241690414255438,-3.274200297758986,-3.291653296540126,-3.2916532927536655
-3.196218027882754,-3.11681568684131,-3.0264438624320356,-3.0442528137700697,-3.082819280507068,-3.1465036554170367,-3.1668939585293328,-3.178528485788534,-3.2445004932710764,-3.283028701788295,-3.2934062307517458,-3.29340622677068
-3.263891698705619,-3.2180834762290704,-3.0645435176423836,-3.101597302477918,-3.1365577366845248,-3.1628253354948415,-3.1935859889664364,-3.2037689603570394,-3.2657000289462266,-3.302988225629802,-3.314577091071388,-3.314577087354926
-3.1983434053311126,-3.135722366044628,-3.0756103553519294,-3.1265137140977535,-3.0795157511445908,-3.1193106533972546,-3.137642224438607,-3.113510798712628,-3.187196911971629,-3.2322753469364995,-3.2162366770577706,-3.2162366725895697
-3.231965309325115,-3.2235693252962134,-3.098763268144801,-3.152802611384052,-3.1390241670475176,-3.1454612215485107,-3.202287643107366,-3.1636226584462195,-3.2096013800590857,-3.2523388270456834,-3.2440565789058877,-3.244056574576597
-3.2203099794330576,-3.2058829104797817,-3.1182299836729763,-3.1692723183878235,-3.1645649024491815,-3.166711206624613,-3.246630894298189,-3.222545769309919,-3.232527704030319,-3.2729574559095536,-3.2644337019545913,-3.2644336977469397
-3.288487500511649,-3.2892527232718463,-3.1330489612563026,-3.1824899471712995,-3.171769506324101,-3.192931385136167,-3.2832321039520522,-3.2576843179176707,-3.2456477569673856,-3.28486550735104,-3.2799612422484477,-3.2799612381388563
-3.1856343031857355,-3.1952187963085668,-3.170758671157554,-3.2115373958672833,-3.1320589765940405,-3.196513955147311,-3.277578097381565,-3.240993071946916,-3.2351655690364485,-3.273402448708421,-3.2587411431502393,-3.2587411393567676
-3.308445738352427,-3.3244909422217575,-3.19751768961073,-3.2273562971416774,-3.1263449844769453,-3.2123616681173095,-3.288758837941807,-3.220403195482386,-3.254972485497876,-3.2909090942853894,-3.2741999247808202,-3.274199921253614
-3.294564969443826,-3.319770801141636,-3.236142513648203,-3.2546319473402616,-3.149131953724952,-3.2528562713759706,-3.319238524579565,-3.2265374317590596,-3.273576133872924,-3.307278938321856,-3.3006158435020225,-3.300615840120783
-3.313164889417857,-3.34739736441711,-3.263818553365131,-3.273688870502388,-3.1729089430623656,-3.294656866988103,-3.345094117554396,-3.2348040899418793,-3.292610963094358,-3.3244274316964555,-3.3279458719732893,-3.3279458687151373
-3.354685299297775,-3.3895441766104493,-3.256442066879524,-3.2610294633717407,-3.147475944784125,-3.3102545843107603,-3.3007674549662513,-3.202273108763889,-3.289360748778402,-3.3071367108249117,-3.335075676202029,-3.3350756726023603
-3.355141205110483,-3.391828558544365,-3.257465918465294,-3.254140937486039,-3.135769337542541,-3.3109795467035164,-3.2814919412475105,-3.1943028081068547,-3.2932285434427184,-3.3114972565381704,-3.3154658102453802,-3.315465807528725
-3.29458791900002,-3.338863123938718,-3.2179815568670627,-3.2097390238437877,-3.0846662357492627,-3.279830068704076,-3.2129878070792057,-3.138857356301335,-3.2710993913732453,-3.2646673099119132,-3.2930293788171316,-3.293029375877873
-3.2980073393067295,-3.3412624362131833,-3.215261854626683,-3.201741744838685,-3.1291519013706286,-3.3104212757830913,-3.245749915704563,-3.1599378600504027,-3.2901250864202196,-3.2837533414050264,-3.3188782070521543,-3.3188782042379428
-3.1369387373813327,-3.144736419049467,-3.171997244711134,-3.149874283118345,-3.1401608719874514,-3.2909577504183263,-3.243633311012448,-3.183548793408913,-3.273543766164232,-3.2762952779315615,-3.3131217414354475,-3.313121737878711
-3.225552964622344,-3.222835805679458,-3.1937204649785667,-3.1654593092850365,-3.186567712947916,-3.3119951768186175,-3.2756215716145762,-3.2072980432715843,-3.2878901768283844,-3.290471446292643,-3.3303024828753385,-3.3303024795124094
-3.235572098505965,-3.2173080983222424,-3.2001116139915338,-3.160607307077411,-3.116038535640709,-3.2698678467552127,-3.2529378241881637,-3.1700979377910192,-3.2642798966669693,-3.2662357735269363,-3.27084690477459,-3.270846902209225
-3.306814286800339,-3.3036014882001243,-3.2268514824148804,-3.187975928095518,-3.113455576627441,-3.265580645515356,-3.2532231490100236,-3.1722036283790698,-3.2852038578935407,-3.2861495979527184,-3.272997673797196,-3.2729976717773326
-3.389245621578415,-3.39846129761401,-3.3004521552716506,-3.260415606280284,-3.1403584722058246,-3.286531101670956,-3.28610847134654,-3.1945514718017414,-3.2943648439666733,-3.2934689215421162,-3.276174282532202,-3.2761742809947303
-3.5214128047596347,-3.519877887611621,-3.3160776774757794,-3.284656978817452,-3.1590791328423955,-3.3086377417463413,-3.2934315606057663,-3.198223202043646,-3.30478576771275,-3.2882124907530916,-3.2972158085366905,-3.2972158069294437
-3.487960297366153,-3.4948599900223347,-3.3216263002900135,-3.2969434056191185,-3.1877902755633616,-3.3364665461748846,-3.2969133143815754,-3.209296555813351,-3.3248026214315987,-3.308555329838047,-3.31726395862212,-3.3172639572359914
-3.4115125832633812,-3.4683773711398356,-3.3177385018817662,-3.2967254673669633,-3.215681050151438,-3.362889573968039,-3.3154062683012975,-3.2202804795708166,-3.3441729214233082,-3.328116947168464,-3.3322516694341773,-3.3322516684456387
-3.3698391911876913,-3.41182762432892,-3.2758717621859237,-3.259083815862209,-3.181064615449645,-3.35120563074179,-3.2593041076904927,-3.1888153837574222,-3.333192699524186,-3.2700339320663483,-3.3336923060437824,-3.333692304605618
-3.328499626681895,-3.360410194933961,-3.248879159034406,-3.2259916629778913,-3.1840888427508487,-3.349800735549176,-3.259536980612907,-3.19867176136877,-3.3439043609001464,-3.2840101273571385,-3.3298798405030756,-3.3298798393302653
-3.3365986286682454,-3.3338314496564005,-3.2478457086068895,-3.2193424253599496,-3.24355283026489,-3.3754515559324574,-3.3260343468430564,-3.2666799760974734,-3.356865999272615,-3.3013494879372507,-3.3400129531231477,-3.3400129523920326
-3.221418744221957,-3.2283807330359364,-3.246358002879518,-3.208966224776496,-3.2685371257581233,-3.3791268740746645,-3.3784974255526112,-3.3123238649164084,-3.372882830762384,-3.3189666313632857,-3.347426561749552,-3.3474265613914427
-3.2690865224825396,-3.238552096912562,-3.266580486942385,-3.2258591236709826,-3.3131434128657697,-3.397158166628275,-3.431597975397881,-3.34986264563679,-3.384649676052826,-3.3347500684785567,-3.368276399254009,-3.3682763989406714
-3.331059697833435,-3.291722458612818,-3.282571531191492,-3.2418012900179156,-3.3315298163477243,-3.402368784283376,-3.437033135314312,-3.366590609187516,-3.394567556574164,-3.349136874588606,-3.3877729775841168,-3.387772977100528
-3.3385429873002255,-3.2920281031552303,-3.298461302659949,-3.264163909537975,-3.2531686865651808,-3.3513769211464135,-3.3526955578175306,-3.296693332337366,-3.367024604971953,-3.330760805030682,-3.339059247363381,-3.3390592465361846
-3.3727636337221325,-3.2938282739186295,-3.307742162168209,-3.2813426329089643,-3.2705239126677355,-3.355436186309619,-3.3770537191102536,-3.295710186312493,-3.378700513308018,-3.3451618527262568,-3.3573861629887936,-3.357386162059338
-3.375502969281994,-3.310299729868901,-3.32295830631638,-3.3019332825394065,-3.3045520126145105,-3.3719562257678897,-3.4013246308478364,-3.315156388624637,-3.3955381704213057,-3.3628094649350304,-3.37659754208866,-3.37659754143351
-3.3675760334206766,-3.280099917192354,-3.340121173856674,-3.3247080465019043,-3.297956928566351,-3.367711881344438,-3.390896223206781,-3.309126926499041,-3.3804467285531947,-3.3538346376501105,-3.364393375236091,-3.3643933741873266
-3.450161246900299,-3.3476931205122957,-3.3607015175612003,-3.349916500958324,-3.333025952289492,-3.384779908589513,-3.420585692480499,-3.3182153590258405,-3.385336312431373,-3.36111968909635,-3.3763139852104347,-3.3763139840852725
-3.4542946562427765,-3.341484824750329,-3.3748771282609558,-3.3669047085997934,-3.3570979539034362,-3.398196455215674,-3.434412902649076,-3.3137765312921488,-3.401309060252242,-3.377995883622931,-3.3819409577489097,-3.381940957428222
-3.4799707996179037,-3.431153734090533,-3.3872051106672627,-3.3851043369050338,-3.3945544136364374,-3.4129173213883535,-3.5035899122334335,-3.31906460872798,-3.417993403819856,-3.3951427343943825,-3.402256023191407,-3.402256023061272
-3.529814358861336,-3.4791727008594986,-3.409493900223638,-3.407964988600583,-3.4288822134747634,-3.4335489089205598,-3.5286149001645812,-3.356418002317002,-3.4342583715987174,-3.411912794841336,-3.4204111937191026,-3.4204111937776576
-3.462020592106932,-3.392776620465332,-3.416677909719971,-3.408720651677995,-3.4284710016934445,-3.4289065919400366,-3.5339250721312427,-3.369447368466587,-3.4471657979324988,-3.4245525087354656,-3.4318009337276303,-3.43180093425916
-3.4418507563747407,-3.4311229919299935,-3.416314486366956,-3.4165225015660803,-3.393831105707644,-3.4037850055979404,-3.503376719420311,-3.332894935864469,-3.45841253411426,-3.4367237529962424,-3.4245991559939943,-3.424599157065425
-3.497793552564487,-3.486809025058662,-3.4125697765100567,-3.419163449559619,-3.3845945935532455,-3.4019410904998817,-3.497637545946514,-3.3176331068351477,-3.466685184299321,-3.4465408471165175,-3.441138539248727,-3.441138540249082
-3.410557344649694,-3.400406558821012,-3.3876488894883083,-3.4013999568981927,-3.32209784308429,-3.373911837257483,-3.463179277932206,-3.2685878326069413,-3.4376662847927415,-3.406045330402006,-3.4136941658015783,-3.4136941662232374
-3.46198829169501,-3.4912140932999156,-3.361683325095303,-3.382903087817715,-3.3310117757140936,-3.366770710468961,-3.451678528765835,-3.2747618893756223,-3.453521361021103,-3.422743083508794,-3.427351492019458,-3.427351492669218
-3.3692599758986583,-3.345591773669667,-3.362647375105756,-3.3834733492780416,-3.3523963824519134,-3.3737169733811148,-3.4620382524553004,-3.2992628804581354,-3.4711062896494296,-3.461210472669389,-3.462997991015759,-3.462997992516659
-3.369747982728282,-3.3532962509546342,-3.3610725578565814,-3.38222240282434,-3.377243137958317,-3.382381527050149,-3.501501960829863,-3.345023927336057,-3.4497811676102432,-3.447759707653095,-3.457920496616186,-3.4579204973824
-3.331399213166073,-3.300771748581978,-3.3310454719101266,-3.344869715783231,-3.360540021968817,-3.3641338947860526,-3.4933647657130615,-3.3391332702804006,-3.418382890896796,-3.427642174132204,-3.4387351409132734,-3.4387351405671316
-3.324922425824692,-3.287606842524468,-3.3282545499898184,-3.3388487845988433,-3.4020023468295486,-3.375765011810326,-3.5324530430365515,-3.360009713139343,-3.4306960212190507,-3.4409333015317127,-3.460243477831261,-3.4602434774540076
-3.362064908629968,-3.3247558418287495,-3.3382974990771133,-3.348063110300254,-3.422732575482143,-3.3894045241935213,-3.556094499390285,-3.3759469309236696,-3.44344690494492,-3.453637836459684,-3.473122992284954,-3.473122992074341
-3.383229928384338,-3.3405106645435434,-3.343336373191634,-3.353166824512234,-3.4255319935083137,-3.3959345401186805,-3.56019522827845,-3.373803512405859,-3.4523696450744397,-3.462440827981123,-3.4700218968232504,-3.47002189725744
-3.453497018667706,-3.3884542713151813,-3.392316782522671,-3.4039519316959796,-3.3815425982448946,-3.366881124016645,-3.498363532491513,-3.387516084376998,-3.4613841247408086,-3.475407293841168,-3.458913630539676,-3.4589136312915834
-3.4776246943908085,-3.452347495909813,-3.4241163678462736,-3.452676195802186,-3.4038484951064336,-3.3769478177546697,-3.5246839268387298,-3.3932592323468547,-3.475346252050845,-3.4896544829797134,-3.4805609401063755,-3.4805609408013316
-3.5041229394287186,-3.486099007496705,-3.4475156403059395,-3.4902906918071097,-3.4085364255898996,-3.3868532810694782,-3.5211415526494596,-3.3742022033585135,-3.4901887165452066,-3.504612759394269,-3.4923055410858694,-3.4923055424131997
-3.4668227041882207,-3.4554689048419034,-3.4712446280917493,-3.5184085729537067,-3.4250321474279444,-3.408582464875731,-3.5363203973899124,-3.3858675709529487,-3.501500139644614,-3.515933192584065,-3.5098973598199787,-3.509897361171264
-3.442441689784859,-3.431064334313957,-3.429551543861593,-3.467113198575335,-3.4197667002795167,-3.389201406811534,-3.5225918934161666,-3.386724557170952,-3.501244935249806,-3.5210339431808664,-3.5121727218404484,-3.512172723613442
-3.4142705512001754,-3.3952667362819056,-3.4100937710104584,-3.4424233093489036,-3.417659469707328,-3.387911207110948,-3.522826725894561,-3.404997395050799,-3.5163018345950325,-3.5356041350381187,-3.518779363685789,-3.5187793659244537
-3.3099191130507903,-3.278400728201005,-3.37251574205113,-3.405441085243346,-3.3124766144902127,-3.354268473281146,-3.4456368998844757,-3.3397081296743987,-3.477648932319437,-3.4938401805087778,-3.4911533246862803,-3.491153325703798
-3.379825730237062,-3.365686496672072,-3.3872213290124273,-3.41697250005198,-3.301247618770053,-3.349008080682975,-3.4586378536146443,-3.3441840784082757,-3.4366517622744914,-3.4582748178768266,-3.4458034717123596,-3.4458034719477286
-3.377758349235093,-3.353094355547935,-3.3877850298360825,-3.40914408147024,-3.3390759972675075,-3.3616620791451863,-3.494212020898949,-3.369161615073963,-3.439219287717093,-3.4630224721353264,-3.451037444253092,-3.451037444727139
-3.379973940048172,-3.337576082350439,-3.3576560183044744,-3.3694595941739127,-3.328482225354452,-3.341642640828145,-3.477009662627495,-3.350860451049396,-3.439356412641549,-3.4667922457072917,-3.4619488338524924,-3.461948833776173
-3.3551879908977105,-3.3162937413424958,-3.377677162197011,-3.382197798346973,-3.354213976623958,-3.3486112937344235,-3.4940859754646043,-3.368928486429193,-3.4543378631519763,-3.480547846586541,-3.4653788354010864,-3.4653788359840387
-3.4200368257951452,-3.384223816345504,-3.378967056432342,-3.380330003850646,-3.3565405219609974,-3.3480396079503687,-3.489795082408164,-3.3437886913597175,-3.470166868936326,-3.4949910455221547,-3.4772252683911287,-3.477225269464866
-3.4064055962410995,-3.3569987154031207,-3.3680964062756447,-3.365391096389667,-3.322613392427724,-3.333100392413873,-3.4602986408678658,-3.304092496178902,-3.4708469345043107,-3.4967219768773576,-3.444295155151689,-3.4442951575917187
-3.4046419798777685,-3.381425911717261,-3.3903608703450656,-3.3792044227776934,-3.294803208421335,-3.319122415380677,-3.4379388321788142,-3.3157419139529973,-3.4557476438731793,-3.4816825780230825,-3.42158464990459,-3.4215846524649223
-3.3458232154381666,-3.335142851663443,-3.2520095914581693,-3.2444623938464066,-3.1541235696324774,-3.22478537757085,-3.2928885801150196,-3.1777466231356124,-3.4399120923709514,-3.4713023849310414,-3.3733869242815495,-3.3733869265705967
-3.289299152309304,-3.269712228331249,-3.233294730984966,-3.237594167300685,-3.1873394089849265,-3.229247119425102,-3.3146384545294505,-3.2143740397714304,-3.553933241905559,-3.5617117036616186,-3.451066003178917,-3.451066008711458
-3.181910342216247,-3.1879695692766017,-3.1981811572729657,-3.2035135149084124,-3.1970592311202486,-3.23357248292915,-3.334782508144927,-3.2103272161025225,-3.567238004161046,-3.572853437119748,-3.4666383271117356,-3.4666383327563657
-3.1755519336329168,-3.2000418129095793,-3.185313776172701,-3.1892068217649565,-3.20506614770033,-3.23387911365385,-3.3313057485370186,-3.20168996361086,-3.565676964865074,-3.5729904861199557,-3.4706428971319285,-3.470642902761426
-3.1955325143816236,-3.188866037746913,-3.174887363736517,-3.1783384536302512,-3.220828943870603,-3.2426815716411426,-3.3331489689741653,-3.207571676885156,-3.579368590554161,-3.584338211060902,-3.4907577658220226,-3.4907577716080147
-3.2420786501723318,-3.2465684938288164,-3.1957401055912857,-3.1981800744183277,-3.2353152877017375,-3.261940877414515,-3.330466021178801,-3.213365245467152,-3.565280823113173,-3.5717904757655825,-3.489840649738951,-3.4898406552048002
-3.210452673234133,-3.2090376852121882,-3.151242409675132,-3.1541376493285207,-3.176030282185497,-3.2201182135781288,-3.265627999894405,-3.1599651629697365,-3.531274229695744,-3.548627609420332,-3.4736666083761176,-3.473666612244074
-3.2223755758155304,-3.229617971152557,-3.155283147378114,-3.1581856054856456,-3.2042542329511505,-3.2235691693227526,-3.2726871650632923,-3.1705369994907677,-1.988306680238992,-0.7477622967451096,-3.4704109040894373,-3.4704109086443724
-3.4395864907327827,-3.4106360791458146,-3.1100731192776694,-3.1248776066131163,-2.9749390319434066,-3.0814346679487956,-2.9987410393153966,-3.0516295591804483,-3.4640663540672265,-3.4978082251836717,-3.399180851330741,-3.3991808555485004
-3.3231421792960076,-3.2812728292544655,-3.1228322681113565,-3.157926164439281,-3.001693412546179,-3.0628116449413056,-3.0024244092296537,-3.057417687881308,-3.466005151367597,-3.4972322898389914,-3.375203866577408,-3.3752038719940973
-3.3390896118486286,-3.247065778484538,-3.081236014108653,-3.124788258437561,-2.9711255661734626,-3.01151718843596,-2.985482388356883,-3.041259415571937,-3.460402706162979,-3.4938439961569046,-3.373826627967284,-3.373826633082848
-3.215250266653116,-3.150791751896611,-3.103673241311168,-3.149981482505168,-2.9852214285779963,-2.9975659596584574,-3.009161842585634,-3.051693225795513,-3.465636820402084,-3.4520647952318653,-3.3832670733038883,-3.383267078433057
-3.20782365272778,-3.145678378686665,-3.0715563123857716,-3.1319410578255202,-2.865673629343969,-2.9405595655656467,-2.9170301103425404,-2.959906378830404,-3.365971400581932,-3.3967890187788194,-3.331205585504904,-3.3312055886780847
-3.204456027603671,-3.141451784231723,-3.0709127183299523,-3.137022026552043,-2.9020873410706898,-2.9586066785453617,-2.968834984159697,-3.006190659255048,-3.3639961522128328,-3.3938370887546654,-3.3474067702211525,-3.347406773266003
-3.1210218867288315,-3.114120590985977,-3.077466609197937,-3.142666285652295,-2.934338392000493,-2.9772707433436363,-3.0229617577986487,-3.043225702240147,-3.3749760232729162,-3.4017475082031554,-3.3702721112582164,-3.370272114260792
-3.178048793911563,-3.1607960102599444,-3.0728375622668573,-3.136016233157612,-2.9311503737301456,-2.9962098356613787,-3.0392465239213675,-3.0459661982294013,-3.366316642556605,-3.3899585313255653,-3.370960661527171,-3.3709606641230203
-3.1514950008629556,-3.1456269145314377,-3.0907855316055626,-3.146159018898549,-2.953914186616572,-3.0287254772561654,-3.0809351353328633,-3.0648098527623846,1.4691458439062646,2.987600307843549,3.1026132748483963,3.1026134743230207
-3.156770480299148,-3.1542430839855977,-3.0173182070733935,-3.0773506365143435,-2.8201800607516354,-2.9669886406061954,-2.9211448623198435,-2.910127042469527,-3.212732165441089,-3.2707105262785268,-3.271671419502969,-3.2716714166357126
-3.1393032552942337,-3.1116189925906443,-2.9988697119039234,-3.0575390375235956,-2.8695733263339918,-2.986881373658411,-2.9598187026338523,-2.9563312921461344,-3.231336827715228,-3.2833977980317535,-3.2859818081556753,-3.285981805756079
-3.189268390520213,-3.174873124279692,-3.004581485949876,-3.0592394049117333,-2.913318992489151,-3.0121644738265787,-2.993908582257975,-2.996909274820508,-3.24552754055264,-3.2949172226136434,-3.3062912115711116,-3.3062912091579304
-3.14707348041281,-3.092826813497777,-3.009585354546638,-3.068829593617024,-2.927482827125801,-3.0124685368138655,-3.010773164261484,-2.988915839263859,-3.202012662456535,-3.254253672098998,-3.26311045901545,-3.2631104558687776
-3.2260196343551217,-3.211717549218646,-3.038476456733284,-3.0940438964372823,-2.986247596786341,-3.05246545719484,-3.077584484575839,-3.035401997214196,-3.2227009240355233,-3.270115257597851,-3.2859293230680695,-3.2859293201266677
-3.278907787295382,-3.260246930099264,-3.0636156205725213,-3.1134077905750286,-3.0318519361825524,-3.0868090778906225,-3.134182140707785,-3.080324241052146,-3.2373265777540103,-3.2817213489119146,-3.309513730034336,-3.3095137270691577
-3.328872739007464,-3.3166187685534636,-3.0493745510541963,-3.0941831021125115,-3.030340802923652,-3.066868806645847,-3.138367441100485,-3.0816511547962473,-3.245550850746245,-3.283869417404702,-3.308229829904783,-3.30822982752417
-3.267442631556672,-3.259555072303031,-3.0723878924221513,-3.1107778193723714,-3.0617413619140423,-3.0924006880940853,-3.1842549807395075,-3.1112425406551507,-3.266907655257746,-3.30143495414647,-3.331919808807416,-3.331919806566469
-3.24203230643838,-3.2163336071176865,-3.101874720473747,-3.1385747435247127,-3.0924342966650658,-3.126166108716283,-3.2317105869438656,-3.150246472757298,-3.2817089051450434,-3.3138672234787503,-3.3532767628062787,-3.353276760557176
-3.216883356422166,-3.2405805973147044,-3.1191461695833618,-3.1541620039535103,-3.0946357783661305,-3.160966592278312,-3.24501452820088,-3.158520127947034,-3.2899006727817315,-3.3175574407945847,-3.3675682105257545,-3.367568208194061
-3.292163078970959,-3.2307966727211648,-3.1306246664161224,-3.1586483971626365,-3.1063622409540246,-3.1791953327592553,-3.2516870474362687,-3.1668321285910404,-3.3097967104303088,-3.333949126520268,-3.3598085845300245,-3.359808583524131
-3.2506867294930633,-3.261236306840341,-3.1378614527976327,-3.154407725687345,-3.002390681298575,-3.1243150671851563,-3.1330903621435695,-2.9812642454448413,-3.1821036766533384,-3.2176533605953113,-3.2054761108892746,-3.2054761076903397
-3.317321244366669,-3.323207380147461,-3.2051769777328403,-3.2023553068012274,-3.092520314355885,-3.1474968055051966,-3.196480861915647,-3.0414729110685874,-3.2019820447341507,-3.2324623566722437,-3.1948546478649327,-3.1948546454387303
-3.3892603657716456,-3.388167287154683,-3.2538382418331264,-3.239809902274933,-3.166306609872822,-3.1924594417766516,-3.2560319350810514,-3.1002417663906394,-3.215558944794119,-3.2437234261324983,-3.22035155359582,-3.2203515511709506
-3.2961433481599074,-3.296988958158776,-3.2877899993584476,-3.2526475994219473,-3.1486766571463862,-3.1712241912957766,-3.1931654807123286,-3.01297853067318,-3.137064120052695,-3.166762986791481,-3.099019196327622,-3.09901919373601
-3.254690444294223,-3.287639011194657,-3.21974845468042,-3.1874981012470687,-3.1683908701813497,-3.127217284039096,-3.1221332307031466,-2.9296924888748728,-3.0909187512377443,-3.1250108994727377,-2.9784567605353978,-2.9784567589111965
-3.1556354515877914,-3.188993275730535,-3.1828209318587497,-3.1484712824229724,-3.2605779387171854,-3.1439100523433954,-3.1467305711369193,-2.9809795144106883,-3.09694327186259,-3.1280614899738453,-2.9999975602633864,-2.9999975587271273
-3.0867107519217942,-3.174490697255079,-3.0744028363025655,-3.053188193910155,-3.123128486650672,-3.075045896634938,-3.010519544150444,-2.903808695130729,-3.0322180630807645,-3.0627592218369397,-2.894489580416379,-2.894489579675696
-3.0368245657627586,-3.1643519763011128,-3.045843291374215,-3.0068656079088854,-3.1536729264757373,-3.0697829204836684,-2.997631026556816,-2.960448354221841,-3.017781441310149,-3.0462972119644,-2.8977999332536255,-2.8977999325435153
-3.004322581489405,-3.132784297869894,-2.9968946071154674,-2.940258602668501,-3.1143354775256302,-3.028713607978892,-2.9329148228464414,-2.9163188142396157,-2.979589047472711,-3.0072870949753536,-2.8491288374479993,-2.8491288367871506
-3.2480580006543187,-3.327791044713001,-3.01143563243763,-2.9325734147590046,-3.21032734790436,-3.0546520392913847,-2.971406408791281,-2.982508950056535,-3.003796579133271,-3.027912727083244,-2.886061362175175,-2.886061361612608
-3.0402746108188636,-3.1737577164947677,-3.009202211057744,-2.9275029177215304,-3.0673899776052425,-3.0039413928082537,-2.902137994992787,-2.953129366271405,-2.9853028299829765,-3.010780155169839,-2.880989724806436,-2.880989723954332
-3.1418821614567776,-3.21573965039885,-3.046910326539206,-2.9510304531501657,-3.1513189708821594,-3.045221460574238,-2.9591755574986633,-3.0252314040098187,-3.008112500174919,-3.0307803897127332,-2.917576984134302,-2.917576983392665
-3.175513249277449,-3.300662362369448,-3.094737387182914,-2.988670873392214,-3.1981535823070173,-3.078782594076897,-3.0084606499630877,-3.0899503039148835,-3.0334275334451797,-3.0527466584928993,-2.9490406638609556,-2.949040663680508
-3.2337828156003314,-3.310947489661155,-3.1590088164261845,-3.032555997680583,-3.1940576891336327,-3.0627353235665744,-3.0228119176643555,-3.1131914757850025,-3.053183561122113,-3.072522331073631,-2.9813554431173017,-2.9813554433093525
28.498468701706486,26.793542780423905,12.769918422207006,2.652544248232383,6.875699467648104,-1.9808356447234505,-3.002795163461152,0.9720432872971436,-0.4073670300232686,1.3388740208048682,-2.964870848871028,-2.964870849588902
-3.3183824024263515,-3.2988749740739234,-3.026933575622941,-2.9660977405601336,-2.7992357653100965,-2.860845749495093,-2.757635797237578,-2.8275930326675005,-2.9292998482115173,-2.9470372618799074,-2.8553580499976885,-2.8553580491709227
-3.3036614987568917,-3.287311298716095,-3.015464426231469,-2.9697218431303702,-2.871357069220348,-2.8603730547001938,-2.7925108997114525,-2.8320702282089005,-2.921259492548587,-2.9369330357391634,-2.8625924726058516,-2.8625924716078313
-3.2959520806575684,-3.2757455841161605,-3.003242668769232,-2.9582660644254024,-2.919969584462486,-2.8628115754668526,-2.85604781985577,-2.8798333453837213,-2.9380780324872804,-2.9485165120863472,-2.885428241365287,-2.885428240817071
-3.3108810046529435,-3.289268995981123,-3.0466443455870507,-2.9953336633141614,-2.9711145026531747,-2.8610424169707858,-2.8927573552159958,-2.9273804158598216,-2.946736994556533,-2.9511958381914907,-2.881776312031051,-2.8817763123178297
-3.316936916686884,-3.295349585790749,-3.0192961932050455,-2.9768284729172647,-2.9844338084198743,-2.8387041735748606,-2.8946450411493028,-2.907793506922797,-2.9503374168329226,-2.954832250399705,-2.890084830970924,-2.8900848311663943
-3.3123369158741545,-3.287726809954909,-3.0090820900781114,-2.9642513870189435,-2.9902666310594967,-2.815804767508032,-2.8968486787532446,-2.910545499530521,-2.9662544810646603,-2.9675460061775545,-2.8926800872284217,-2.89268008805131
-3.2997293701299917,-3.2723316748795144,-2.970858696880928,-2.9321640998527907,-3.054751196519023,-2.8336037809845425,-2.950864144354042,-2.9565351109804663,-2.983793660159127,-2.9839232330443632,-2.9266773573172022,-2.9266773585780195
-3.3054069904850696,-3.2751349402757715,-2.951601929873827,-2.91728481722151,-3.085349158723519,-2.8488654474670563,-2.990132852956593,-2.996429737355903,-3.0026398140313364,-3.000997346004185,-2.9611950902395883,-2.9611950914854095
-3.3298018463809154,-3.3026096920797263,-2.9572625461491473,-2.9340298801637967,-3.0848587115590593,-2.8385092393429234,-2.971515352163678,-2.996290837587953,-2.9761189036867846,-2.9740936612495275,-2.8937839960683367,-2.8937839978574926
-3.3369357833130175,-3.309114601734655,-2.9667381516718443,-2.946597119160146,-3.1162763439911974,-2.8654640711600674,-2.9978668700387314,-3.043199655572241,-2.99442593994649,-2.990430805352443,-2.9316733568916673,-2.9316733585952357
24.833058690189716,22.051259308159228,-2.986885203931087,-2.9656401714987926,5.678853547184241,-2.9094358523323773,-3.0341775878068185,-0.08379925646854058,-3.0167022085255897,-3.0103314568451305,-2.9713794982411663,-2.9713794999071412
-3.2597423353252415,-3.289212963095419,-2.9338592103429915,-2.909830269845153,-2.7876052955029422,-2.7905955267564804,-2.76953606167174,-2.870311429338728,-2.891866266172233,-2.8928840609578477,-2.7526812432316348,-2.7526812449009244
-3.2540610359427102,-3.2846274610505763,-2.924014237072551,-2.8840739053240574,-2.882930442550222,-2.8242277139301306,-2.8168343358281906,-2.9494813028463236,-2.9030323095352752,-2.9032022484341877,-2.789079950405471,-2.7890799519372074
-3.2530638878061535,-3.282059439680634,-2.9258860618790203,-2.873910669098343,-2.979046227496963,-2.8741212534528318,-2.87704124821353,-3.0225781963890848,-2.92762625502088,-2.924822248874922,-2.831932943568841,-2.831932945129793
-3.256047963640233,-3.2822666180157043,-2.9582040730913395,-2.892900888449851,-3.085065609097665,-2.9427002768661588,-2.941496201542944,-3.130567649963962,-2.948300192870318,-2.9432570966986518,-2.8714540588696806,-2.8714540604972676
-3.2477258845060466,-3.2725888600697837,-2.9398170270748,-2.8762704598175053,-3.039403726694845,-2.9286600407709122,-2.892152239814778,-3.1500581821876192,-2.9376502123386623,-2.931588590813411,-2.8561749081839483,-2.856174909768658
-3.2583257150516802,-3.282455263851727,-2.9748267551415823,-2.901050934718742,-3.136255424810685,-2.9801646872091334,-2.9322359223651233,-3.268431566698477,-2.9583339066874195,-2.9501002013556588,-2.8982695841051482,-2.8982695856806426
0.995747360346988,3.2809818631974323,-3.026789880651423,-2.9413486603094534,-3.204143473838138,-3.034257002840803,-2.9572005512953883,8.137176637039389,-2.9647349226970325,-2.956213264781267,-2.9252915106244437,-2.9252915120001868
-3.215006160373603,-3.2182439599003647,-2.9856831199138876,-2.9129612540360585,-2.9508165105824373,-2.9338097917354284,-2.79965808574492,-3.172703229826423,-2.8930729841924405,-2.8899012562968656,-2.8275557728654297,-2.8275557736992614
-3.2234119231200955,-3.228744029919751,-2.99841126045021,-2.9183398497287594,-3.0531896168003163,-2.954451932804015,-2.831003599878927,-3.222861377829165,-2.9008177596496827,-2.8964154568833713,-2.8410605325422678,-2.8410605334301797
-3.2303295567909385,-3.235016620454683,-3.046003726788376,-2.951297994661379,-3.148540185760096,-2.9955571905848792,-2.878931171038084,-3.288378299901397,-2.9211232627611485,-2.913753393008805,-2.8750843831512825,-2.875084384265784
-3.232848472566257,-3.2348410553908042,-3.103873039839957,-2.9987451139214065,-3.2305124950085062,-3.0550984776854078,-2.9291112970219166,-3.3850552414478914,-2.9411601377565932,-2.9327182453196374,-2.9191650195433585,-2.9191650205988253
-3.2388610176371007,-3.2392896526081847,-3.1554269860719897,-3.044518096634562,-3.274433167931842,-3.112271124039872,-2.9646482647125443,-3.4117942303028572,-2.9574151871722343,-2.9475329703005846,-2.950332572912039,-2.9503325739310213
-3.240127899953002,-3.237850676417634,-3.1950108830548674,-3.0868112240354155,-3.3151111061688177,-3.173418448307423,-3.0029949086983625,-3.4696289236415985,-2.9813568447419425,-2.969552549846527,-2.991387586408475,-2.9913875874540525
-3.2470067843785735,-3.243535237189012,-3.2600235079365207,-3.1530751293003205,-3.346932303873281,-3.2338397402144223,-3.0404087855970974,-3.524011561948409,-2.9987845681444747,-2.985650701522917,-3.025709920983447,-3.0257099220439043
-3.2558356527558194,-3.2520838113731942,-3.332220286987141,-3.2260371955407905,-3.3757471070713443,-3.285092833102872,-3.081891977334062,-3.546356390751261,-3.0171474734425106,-3.0022812564886614,-3.0517990594137343,-3.05179906063793
-3.2621778451287464,-3.2595617460847772,-3.3344331931699545,-3.23044532053494,-3.273441685103981,-3.259596374350555,-3.0374868399176496,-3.5148807941522913,-2.978383785068338,-2.9684154396900935,-3.0113520840360026,-3.011352084594456
-3.259807690496835,-3.2557377258662186,-3.328863761821763,-3.225377328984191,-3.305161416102595,-3.2823624706269996,-3.0642031287018114,-3.569617951743177,-3.0020331706046157,-2.990268858450328,-3.048178778316654,-3.048178779051348
