lstm_normal,lstm_student,gru_normal,gru_student,bekk_lstm_scalar,bekk_lstm_vector,bekk_lstm_mix,neural_bekk_asym_diag,bekk_symmetric,bekk_asymmetric,dcc,adcc
-2.8805781276816607,-2.8637287441443524,-2.869190136383249,-2.840881732047587,-2.900965289396456,-3.0319023321299494,-2.8239076520321036,-2.9839530998066683,-2.8210216607903087,-2.796680735341916,-2.8565428335262615,-2.856542828757517
-2.8752605844365147,-2.8451919895777777,-2.874805378465092,-2.8455037437287887,-2.921304919458839,-3.042591533736173,-2.8299525289843297,-2.978002155835371,-2.825788055265052,-2.8020791434070067,-2.8723034227337885,-2.872303417780596
-2.898633176418633,-2.8789077585620775,-2.867528817063715,-2.8357177275028005,-2.893201103311542,-3.0176204998827934,-2.800595989146571,-2.9546581690247757,-2.8296236266106214,-2.8055498825854563,-2.8672260318984573,-2.8672260270179026
-2.9217836057979873,-2.9036005584230016,-2.886112644828877,-2.8613389215155642,-2.907136028739228,-3.0290942824570783,-2.806125866083758,-2.952362345250272,-2.8347657444200243,-2.8130565974228454,-2.8861432632792177,-2.8861432582606867
-2.859693728864758,-2.828177230002506,-2.866134183036734,-2.8443108123977225,-2.904274142124992,-3.0221970677561876,-2.7889374755725367,-2.8619869865094314,-2.8205657195314178,-2.8010688101309493,-2.8623706249295813,-2.862370619407901
-2.808688808475909,-2.79469601188319,-2.8428367058372688,-2.834459367622318,-2.9035348057488077,-3.0038135472455187,-2.7705996695788953,-2.8233939632074767,-2.80791102163015,-2.784518720286146,-2.847485330842143,-2.8474853252678423
-2.7863740156731884,-2.7778070319650854,-2.8271007354976243,-2.8237105539214578,-2.926423416961003,-3.0189533580322276,-2.795986421133787,-2.8507060199358776,-2.8244114025992437,-2.800231992899089,-2.8725766603547456,-2.872576654930312
-2.778784735070476,-2.7542413179797736,-2.7845640891507655,-2.782466102580827,-2.942262048753314,-2.988715796394193,-2.792354755170102,-2.818552761294635,-2.8311228879009884,-2.8060504587378374,-2.841253718759831,-2.8412537149495645
-2.721464662312968,-2.6777205284703745,-2.7686972824499527,-2.757298457586303,-2.9330779275109653,-2.957914525020254,-2.7809024279416037,-2.8105911406276745,-2.8342636845040774,-2.8095870889319996,-2.8536034566670128,-2.8536034528370897
-2.7217212908527664,-2.6759569502088967,-2.7424160203484105,-2.7250333572383796,-2.8982123844833687,-2.907813785952168,-2.7374046726790646,-2.716458482598755,-2.816802996849286,-2.7939148276317765,-2.8124346056012,-2.812434602158652
-2.6436104652830847,-2.597280018110281,-2.6969849185278476,-2.680337463317428,-2.8931137597289776,-2.8398894386735694,-2.6932110229386272,-2.685737653286256,-2.8078442352641475,-2.785399647328846,-2.78291960158264,-2.782919598105694
-2.668019603681415,-2.6160428628223613,-2.6936174997639486,-2.6784101484146356,-2.996053431971453,-2.856628318639258,-2.7292901603931616,-2.7373228423755345,-2.815733469165826,-2.7932601128199908,-2.807130846377879,-2.807130842741377
-2.6646580605390944,-2.6266260835051587,-2.6898342314626222,-2.6717734288169996,-3.0455544215474584,-2.880787546617256,-2.750963912666328,-2.78444589041404,-2.7999714388654895,-2.781791966718017,-2.8119669915504764,-2.811966987379508
-2.6780400509812887,-2.622849212981592,-2.699034905678993,-2.6751532623114405,-3.0937010068273145,-2.914392866713657,-2.773239632760883,-2.842719534245967,-2.803008409595106,-2.7861020317214713,-2.8322598347689927,-2.832259830230728
-2.7703942449236636,-2.7320759775239685,-2.716253966971854,-2.7103712951385295,-3.08717691238265,-2.934605041837853,-2.773341887513651,-2.8449296653342113,-2.813570208707793,-2.798346657995681,-2.841557792100558,-2.841557787811194
-2.789210680874464,-2.7483089137722634,-2.7608808822612785,-2.752502639036658,-3.147780541579537,-3.012675716009781,-2.844175265555228,-2.887648606999689,-2.8336955641516632,-2.8169235165251774,-2.871999550987082,-2.8719995466725203
-2.85196161126914,-2.8049778430084458,-2.764895555579516,-2.7546371907246465,-3.1115015493029734,-3.035384054127465,-2.8415149772036123,-2.895301133205977,-2.8465027568177104,-2.8304399714826602,-2.880480796040887,-2.880480792242
-2.806032036867254,-2.760030122395314,-2.772994475664074,-2.7546874518328655,-3.1237467266264227,-3.070020892166439,-2.86080933312008,-2.9206541765457086,-2.865497154995594,-2.847994630686951,-2.9120231375969343,-2.9120231336970943
-2.8755491946097065,-2.8182799639796214,-2.789415440186807,-2.7661778336410774,-3.134393487528606,-3.1041586226762674,-2.8807532646815432,-2.93295639623167,-2.8753666808737206,-2.857507284606431,-2.9339762374684466,-2.9339762333762143
-2.9094107112156635,-2.853273668976912,-2.8025336202081124,-2.780191647167195,-3.1181958098139697,-3.1155215675677472,-2.8881713627082313,-2.9332493119974146,-2.8934679621260426,-2.874028913398529,-2.939737525529288,-2.9397375220200566
-2.8689277486067892,-2.803926942669187,-2.7932887667702255,-2.7649570128272627,-2.9937530531962624,-3.0733521750758244,-2.83589244881393,-2.859082748405641,-2.8745412997997133,-2.858819279526946,-2.939100318561508,-2.9391003143046106
-2.7784926919710484,-2.7104603028867276,-2.7372491219335524,-2.71329285441446,-2.8108740000452492,-2.95050905437739,-2.7235800494921225,-2.6329787815951673,-2.815715300346036,-2.805254108242438,-2.8169883165877616,-2.8169883123805253
-2.7493319618751775,-2.6935903054615307,-2.683527861952654,-2.664233496393061,-2.771133326781786,-2.8864683958845436,-2.6795817098320804,-2.612493887581891,-2.784570050539973,-2.7793961133992893,-2.7957432499493406,-2.795743245315623
-2.739196898692483,-2.6729787738992954,-2.6391747442079367,-2.618281000711435,-2.7701262870374,-2.828090710100768,-2.652252068387773,-2.5786889475807295,-2.7849890878503136,-2.7772781233786694,-2.738320000443955,-2.7383199973994667
-2.6270261560658845,-2.542697081271135,-2.613296338310299,-2.5852464854445043,-2.813185238142313,-2.7991758437848007,-2.6470217920348524,-2.5829476909696125,-2.777111951247471,-2.7699782664312487,-2.738647895774024,-2.738647892387684
-2.543050969346802,-2.4505666199028187,-2.563519510123472,-2.5212886763009803,-2.6823520165247565,-2.626962366604269,-2.5206763132358683,-2.4832880619629814,-2.768100437634111,-2.757429159556063,-2.6212082101427727,-2.621208209429416
-2.596662846140613,-2.5263258696542525,-2.5600389045036307,-2.5166169766520965,-2.782114993078763,-2.61569496493878,-2.551225556627507,-2.5272938056663303,-2.782868628283043,-2.7710783152607683,-2.645953634586113,-2.6459536337086305
-2.5050037735748028,-2.4435073120964605,-2.5586469012906488,-2.5217647905794798,-2.8247432129872596,-2.607701505175502,-2.5772929061058347,-2.570192287515811,-2.7988376486415385,-2.785632449722269,-2.666252622991325,-2.66625262211233
-2.469147184276707,-2.423808977004082,-2.520442414932596,-2.4831122754850585,-2.829219420814438,-2.5565823185717735,-2.5682157890370347,-2.582542924667594,-2.8147609297991525,-2.800115054713385,-2.6410522295197776,-2.6410522298758803
-2.475962608739107,-2.4131499524695914,-2.489033981524675,-2.4446458800656106,-2.9078636954886905,-2.551951118823598,-2.591316716444179,-2.636512665718977,-2.8076655460845914,-2.796987148535038,-2.657480750296345,-2.6574807503283533
-2.5108353094593787,-2.465858823284945,-2.4835612675169454,-2.438737888107662,-2.872537197313796,-2.5285644618153946,-2.5805734902929798,-2.5870942889211204,-2.7790431518094025,-2.769663815637707,-2.6391605180453683,-2.6391605175193256
-2.4953513172149364,-2.450199812500267,-2.4995543393546513,-2.45640781723293,-2.9096172056606364,-2.5316255337691613,-2.610417652676234,-2.6312416556319778,-2.7902761347197016,-2.7793459528660285,-2.6581074370981534,-2.6581074363078048
-2.493085681405123,-2.4632818812059574,-2.528494397693148,-2.4952275032632683,-2.9398684403526203,-2.545019744949992,-2.6266386314389174,-2.648472826463538,-2.8004527498544776,-2.787439297667432,-2.6633212982093237,-2.663321297346179
-2.5266605636259563,-2.4877968656324048,-2.5685474970834736,-2.5407602267680103,-2.9715880497213307,-2.5812329948146813,-2.6474927477191756,-2.6909443866278875,-2.8093916899331846,-2.796469759118965,-2.6904263296928055,-2.6904263284857857
-2.5476137445993956,-2.4880163637857278,-2.5835727300083713,-2.562057542482962,-2.9933420623353997,-2.6103201025261216,-2.6752348063205114,-2.7335687528751436,-2.824516495323455,-2.809943692405848,-2.7123663730132317,-2.712366371732481
-2.5551780311771144,-2.512546080939913,-2.6073940075105746,-2.5892547431387,-2.9520569394324894,-2.6406169466763445,-2.6827043085804143,-2.744722932866748,-2.824058783397255,-2.8060454215534616,-2.7311894477885645,-2.7311894460994792
-2.5559869770237658,-2.509337517225406,-2.600327622483661,-2.581885667562478,-2.950876983560733,-2.6771149032958848,-2.6976430514619683,-2.7627378760847288,-2.7978425870259853,-2.7846084826148436,-2.7409496799420405,-2.7409496773793665
-2.6159317475002215,-2.5814106628166016,-2.62079075969668,-2.609610075931866,-2.938979027142982,-2.7150263315578744,-2.697862077799875,-2.7874125965846246,-2.8031810131556107,-2.7917786453694275,-2.749614205413866,-2.7496142030441413
-2.5878306699144247,-2.547476317789564,-2.601884931327163,-2.584206350392498,-2.970770830576549,-2.7587119289978412,-2.725928255518764,-2.8377866888663403,-2.810758946843625,-2.8000858038577356,-2.774473201206148,-2.7744731983357465
-2.5888905486079885,-2.5254191527202834,-2.605210443383278,-2.5888631194871357,-2.966703011398062,-2.7979788011763618,-2.750907324242901,-2.870780883618531,-2.8255386596107686,-2.8135050211572814,-2.7936329342875337,-2.7936329312678416
-2.7069279237170165,-2.643094360527605,-2.6182697521096596,-2.5970655183352243,-2.9213183621046905,-2.815514430548141,-2.729102582472782,-2.782439121196866,-2.7973246739579856,-2.7858408155474277,-2.7618417083896984,-2.761841704925037
-2.6895842462989057,-2.613693745723623,-2.6212259031885283,-2.5973226990880316,-2.9193336492022586,-2.8272656595379395,-2.7337074241954764,-2.770132268401926,-2.7992744390348054,-2.7872595409796888,-2.763265066492099,-2.7632650628345683
-2.620578306730419,-2.5736624478457424,-2.6042206680371067,-2.5733362075749553,-2.98375028719355,-2.858850380615573,-2.7623609980253274,-2.829015611418659,-2.813419546922974,-2.8008040547160222,-2.7888537351410334,-2.788853731194002
-2.6598942408105644,-2.588152333384033,-2.61577271380429,-2.583413179678832,-3.024949575144069,-2.895615899892875,-2.78679724117886,-2.887192377890106,-2.8272088092782184,-2.813504198977596,-2.8158895724897897,-2.815889568333063
-2.6375119192598584,-2.5581013585462156,-2.611549260086413,-2.579466068848714,-2.953336621682861,-2.867627549712101,-2.750725657986054,-2.8869203353058355,-2.833324136075988,-2.8181802389635355,-2.800113112216606,-2.800113108422764
-2.6819230132730247,-2.6053887278817247,-2.622327805976505,-2.5895012374889297,-2.9540679718303164,-2.8537285318903116,-2.7441599868364834,-2.885116378006487,-2.8419896955146,-2.8258225838725766,-2.800142608458404,-2.8001426051657887
-2.751047293253273,-2.6860368633452167,-2.642063421027071,-2.6092788444337662,-2.938533052699702,-2.849370913148895,-2.741332012790241,-2.8773172775958646,-2.8456959742590238,-2.8296648481890854,-2.8090987642482155,-2.8090987608548326
-2.767545320972946,-2.7188016828235235,-2.6430601650664904,-2.613378030940768,-2.9633537144186377,-2.857033583337046,-2.754695633574653,-2.9003105156181155,-2.8402523856463286,-2.8251880645052405,-2.8162580726542656,-2.816258068873345
-2.803732054167595,-2.756268039951261,-2.660370774627615,-2.6343185012467285,-2.983521676239154,-2.866087280044944,-2.7668678915668274,-2.924367455849359,-2.8552573592590393,-2.8391209211192683,-2.8312325348927962,-2.831232531266573
-2.8133196525144086,-2.773429844911367,-2.6837547596019937,-2.6554321682987547,-2.9997244758452717,-2.885203043327462,-2.7871502024431756,-2.957885566934196,-2.8708408628695015,-2.853805644363746,-2.8544874175282753,-2.854487413926038
-2.8614849406769274,-2.821107102807349,-2.7227972453726657,-2.6976832082471423,-2.990339836186765,-2.9032489548947815,-2.798345356088212,-2.969297235872619,-2.8848239911901685,-2.8673702891722823,-2.8752791213503457,-2.875279117386081
-2.9334107189584544,-2.89588986958535,-2.746913068376834,-2.724256882926431,-2.9675553646473873,-2.923161438234602,-2.8036695657948862,-2.9735625122713616,-2.9001625991516775,-2.881891453960115,-2.889317159829926,-2.889317156205073
-2.8410427547676314,-2.8040479504226643,-2.71308427987442,-2.678937887511969,-2.921937138183897,-2.899307162485802,-2.7638338825726403,-2.8628208668272968,-2.851819104693945,-2.844660823967335,-2.869854518730421,-2.8698545137043103
-2.8529692633722554,-2.8048871439927816,-2.7092288487983027,-2.6769174839508105,-2.9548623013269184,-2.9098475256959073,-2.778234353226317,-2.8865405490247875,-2.858851682620804,-2.851279339598562,-2.885253587018834,-2.88525358176934
-2.7878174590258817,-2.7451145100388303,-2.706988336434339,-2.6679813442072837,-2.940154514990428,-2.8822357260218574,-2.753159687393933,-2.8398266745829024,-2.851937784348942,-2.842680943054349,-2.8751524781420352,-2.875152472815762
2.3627731994264116,-0.38697655124083585,-2.7123853934559277,-2.6843102239931484,10.666040952705973,7.288717704668343,-2.761966575220713,3.588834139577825,4.696234975583476,3.144534742715818,6.453031509984955,6.453030987038062
-2.5898822004427555,-2.570471899738573,-2.668829212881091,-2.6404706785088514,-2.6046836883964612,-2.6296108187843448,-2.488978971213555,-2.5848288006802926,-2.7775842987731933,-2.801980845612714,-2.660098515014844,-2.660098511060684
-2.629464692824768,-2.5951497225515583,-2.6377302314294706,-2.603310976386364,-2.741261204281243,-2.657942320924579,-2.5335052641563407,-2.6394209735535727,-2.783294761997723,-2.807485779818076,-2.68170636489662,-2.6817063606752107
-2.6685607727452023,-2.619423573093944,-2.619217528258953,-2.5967331066156114,-2.812257214294112,-2.674478666198708,-2.5734139062488475,-2.698724277341214,-2.7954084678265936,-2.8180511932238548,-2.6974405755122315,-2.6974405713176504
-2.6008602846221778,-2.54572674660676,-2.6078823814779613,-2.5903025225583174,-2.8553918552160154,-2.69638669670556,-2.614029866677405,-2.744288030607672,-2.8068828121591647,-2.827832624744273,-2.715486417824897,-2.715486413444415
-2.5821624262284173,-2.5374601956472826,-2.6035802105807795,-2.5890198099010298,-2.7598842683792633,-2.676423828487451,-2.5883794558937296,-2.6821228515965667,-2.771736844993287,-2.7961575679505026,-2.7067690350547773,-2.706769029869598
-2.5861872825619256,-2.5263189486831,-2.5912559219925373,-2.5825610711196547,-2.7956086149989083,-2.6891913900965174,-2.625248015042937,-2.7327987762993464,-2.7851906334789667,-2.808061119671085,-2.7092887521062097,-2.709288747445917
-2.684434103277385,-2.6078748653264165,-2.5973520894927393,-2.589556764625197,-2.8406361887502554,-2.7139907900525433,-2.6712036508918393,-2.7921597755874252,-2.797679977920959,-2.819046027094626,-2.7315862319838495,-2.7315862271715936
-2.722487126791416,-2.6497675680465593,-2.6275110821974437,-2.6188230492424434,-2.8779254358771507,-2.7561317818573747,-2.716656876383928,-2.848157267972258,-2.8100717810682956,-2.8302920609044895,-2.75929327063891,-2.759293265527086
-2.744124582269629,-2.6454254984453014,-2.640967494907051,-2.630285451687954,-2.903321897682603,-2.792000018491745,-2.7520351566958627,-2.8889958799655657,-2.822655588958647,-2.841509087444776,-2.775633241080091,-2.7756332359123412
-2.7643575342613778,-2.6784774535813636,-2.6574240342352247,-2.643920813901193,-2.882216258342237,-2.8096232199604505,-2.763617573516346,-2.892078735893456,-2.8157000291382577,-2.8350507948502477,-2.7810323891137827,-2.781032383541526
-2.8379144702282937,-2.7637069899451348,-2.6849464558579443,-2.6694420482684693,-2.915107760560093,-2.8491063038955486,-2.8029830547130534,-2.931852074366917,-2.8239653050975173,-2.8424638009161725,-2.8041026064494674,-2.8041026006167313
-2.9357653902231675,-2.8795914161541987,-2.735502215201937,-2.7202205937013493,-2.9456947706355816,-2.9001853307904915,-2.8348373290306736,-2.9603164337462324,-2.8364069386226807,-2.8539570016368807,-2.8306604604468024,-2.830660454304708
-2.9462234956823683,-2.8844783909548513,-2.7723236933253355,-2.7526422724406556,-2.955002517864565,-2.9447250230945277,-2.8582990749865598,-2.970100997478591,-2.839454970442215,-2.857218376269893,-2.8480417321885643,-2.8480417256221786
-2.8886559102931386,-2.853595263561475,-2.773583832922119,-2.7593121097071194,-2.999143558237976,-2.9873229785948627,-2.887174823960831,-3.016499566924279,-2.8399453123424103,-2.859429081277515,-2.8629042276483005,-2.862904220866719
-2.8460762728945403,-2.8091778294769583,-2.743619725590091,-2.7004849838795866,-2.909316091751241,-2.9018843472170137,-2.7861911647345603,-2.906730889648293,-2.8139790379792617,-2.832332689107895,-2.808151996310745,-2.808151990251309
-2.823622203576557,-2.7797460788433526,-2.7604017771528016,-2.712424270990104,-2.9830176513443964,-2.9351244979936895,-2.8142920082550376,-2.9261728317116247,-2.8220951327390984,-2.837622099994819,-2.8304703824646325,-2.830470376074379
-2.8264587928175064,-2.7726860511029843,-2.772996494921557,-2.7369734127693404,-2.989784426745153,-2.9487218573679694,-2.814097217755229,-2.9267951830342045,-2.8347400544612547,-2.8504151613783137,-2.8293870753536585,-2.8293870696640067
-2.777001666219544,-2.7134752415781214,-2.7298381006096726,-2.696707999840603,-2.8183850220155042,-2.885404288808384,-2.726138182269834,-2.778563229701621,-2.7827036679567785,-2.8061112649002697,-2.810025991335035,-2.8100259843084023
-2.7061425845314044,-2.648699626433145,-2.6720289790459253,-2.6390210796344356,-2.7411588768690165,-2.8372686176381197,-2.6740781603537487,-2.711839004056679,-2.7549222667929585,-2.780638265721779,-2.7905926547271216,-2.790592647057302
-2.6975381564013214,-2.6270602528792253,-2.650427656629629,-2.6219723239273547,-2.7852301467788356,-2.845072024869147,-2.7009179408618897,-2.740002648153146,-2.756129731728228,-2.7824145103295854,-2.797113805836905,-2.797113797953082
-2.7325277968907518,-2.666190369833495,-2.6587444937515885,-2.633882367357502,-2.8136137476834158,-2.8471599699735783,-2.7281236944746046,-2.7685395752625723,-2.767486612414648,-2.793054199533387,-2.808214691714623,-2.8082146837609843
-2.684851321079491,-2.634573453810434,-2.6817796033086614,-2.6623340478110937,-2.873947422069352,-2.8762430227900397,-2.766836351377582,-2.8135175002251893,-2.7575191012091946,-2.7846172599326438,-2.8173018464143573,-2.817301837844164
-2.6672664869348695,-2.612581412517648,-2.684534199053174,-2.6517374505009323,-2.928353656990377,-2.867980751046484,-2.78349601042396,-2.8388413552177942,-2.7734291230173125,-2.798844197444245,-2.812082312547954,-2.8120823048341648
-2.7122587321063847,-2.6618469714964847,-2.7285591382870678,-2.6921461988511752,-3.0084095009189102,-2.907077259630448,-2.829528352440227,-2.878923710985736,-2.789252574667241,-2.8136661506248792,-2.8352409446900193,-2.835240936850074
-2.7358850023073344,-2.7050840946488632,-2.729800767366921,-2.695078328066202,-2.8900009076084965,-2.8802213274030866,-2.7718856459700727,-2.80164903957886,-2.75865365853783,-2.7530716994518185,-2.8361826171980082,-2.8361826076278334
-2.7141904742178427,-2.6791791667374882,-2.7255919002269726,-2.6909985581336926,-2.910925510479645,-2.8922645475311453,-2.792801349756492,-2.8323800442132683,-2.7758591655287614,-2.7710570905833527,-2.857156174217191,-2.8571561646594166
-2.7105352365357436,-2.695482582508872,-2.7337507574454074,-2.6979295582887985,-2.8794135123292257,-2.881837963859446,-2.78436990108266,-2.797607411417076,-2.775882771504157,-2.7736080600657727,-2.8490490517780134,-2.84904904208652
-2.6839817648421542,-2.6435443098284077,-2.7149202417188283,-2.676486748307945,-2.8161188083479223,-2.8280168714551017,-2.750927658975002,-2.7322441301448186,-2.7552598206182073,-2.7601266319123177,-2.8308461562725364,-2.830846145881055
-2.6659648349660916,-2.634367352439819,-2.7143577480550327,-2.675354583246709,-2.872089954497106,-2.8372901580579972,-2.7842355122619598,-2.7871077019509363,-2.760159976266316,-2.7673634051626137,-2.8479263734879434,-2.8479263627614686
-2.738510297564485,-2.6886034738135622,-2.731569404321654,-2.693070365266236,-2.8785892251227487,-2.851840373714069,-2.793843683698436,-2.813759224555005,-2.7653147833040173,-2.7660635288665607,-2.8691503247240666,-2.8691503134096
-2.6798903838223045,-2.64143486480965,-2.7336086969372677,-2.6881279138802654,-2.8658203015781902,-2.849365151622953,-2.7852760809664994,-2.7850682176752213,-2.744405317124719,-2.7514600354006418,-2.8553248718014395,-2.8553248598381344
-2.6895906367348035,-2.635554657507301,-2.7325150090349064,-2.681204645986395,-2.8437756434896353,-2.8157640651921945,-2.7722074376437686,-2.7522194552462387,-2.7408433661082636,-2.750835736428747,-2.839799801600328,-2.839799789723046
-2.7155824506368815,-2.649281124435836,-2.749999771637703,-2.6940530742809377,-2.8708952623894755,-2.8170904494750935,-2.7974602155555837,-2.8114626728001504,-2.758368779067891,-2.7681933378242904,-2.864638419959746,-2.86463840801269
-2.709199705858558,-2.647322373023723,-2.7439882539544467,-2.6814987289801344,-2.889317791772111,-2.8240373244873527,-2.8108699133346526,-2.8520905310294173,-2.7757304850493116,-2.7849732817663866,-2.881743483059678,-2.881743471029454
-2.7080102959309245,-2.6687455526978487,-2.7684076057762006,-2.7008780554711302,-2.905812625398994,-2.8417238625932146,-2.826666276932959,-2.8788252824848595,-2.781699910814905,-2.791944573046846,-2.892437813531633,-2.8924378013424032
-2.6639590005416682,-2.615386580954161,-2.760602929984632,-2.6884511663419803,-2.8081752525095935,-2.8074721753837073,-2.775516550081539,-2.7855863583975955,-2.7528748623728148,-2.7674169839654414,-2.8613986471816464,-2.8613986345319686
-2.6842700689446817,-2.629249682074998,-2.7354535080594564,-2.6630559054973486,-2.7530714691929266,-2.774019639306999,-2.749349005455195,-2.7463592199841087,-2.7310066470146266,-2.74844639583074,-2.822801283083845,-2.82280127011568
-2.8334924664418715,-2.7734452011128643,-2.755533148258368,-2.6857701460504644,-2.8244470278483673,-2.816276636610782,-2.8064286677636616,-2.793090648251798,-2.7493057862191916,-2.7659082597371802,-2.8510047279387116,-2.8510047148967956
-2.757242714867717,-2.668042913036907,-2.7250841280626186,-2.6436962698217177,-2.8274862768476225,-2.787036986800531,-2.7664265037131726,-2.80011796216842,-2.755008165489956,-2.769944439993701,-2.814491336603096,-2.814491324936176
-2.8254051800679285,-2.7454794867784207,-2.729718874549775,-2.646582186605619,-2.907700778984416,-2.8194005776692888,-2.808293051670099,-2.84349656364583,-2.769957892741949,-2.7841178055528486,-2.835273077677596,-2.83527306619223
-2.771573750179403,-2.6964661587776657,-2.7340541913161216,-2.6528672182188227,-2.917747402402306,-2.8240173229650605,-2.817012160345918,-2.8661076275512816,-2.7530878349924452,-2.770484373437052,-2.8226620880605537,-2.822662076475593
-2.7268024069008625,-2.6568745126281,-2.7390054501567427,-2.664085361883777,-2.9907728383432586,-2.848578517092689,-2.8480766115621927,-2.9269639151273394,-2.769738254993874,-2.7864477528796563,-2.8317151389284083,-2.8317151278030646
-2.7357126637942297,-2.671277622052088,-2.7395699273432133,-2.664437337192823,-2.996298110056882,-2.8423776820257562,-2.839642093409135,-2.9485515205780017,-2.777565506917754,-2.793538295440288,-2.8280307853307702,-2.828030774858933
-2.714484575035442,-2.6549524234356845,-2.739484513795129,-2.6614449416879795,-2.998596598886449,-2.839860952773968,-2.828737553453791,-2.962036991682384,-2.7686588308148607,-2.7879772913235175,-2.832511622000713,-2.832511610993777
-2.7923261726397923,-2.7361658079843516,-2.7786720280089723,-2.7026735636628096,-0.608001249894123,-2.8711295753932142,-2.85409727112201,-3.001715079746371,-2.7844585432383795,-2.8028254103430896,-2.8590291365190383,-2.8590291255136817
-2.723533303430268,-2.6707569229495056,-2.7398538142416253,-2.6732866697732582,-2.734089167757525,-2.7563342489773945,-2.707223068569702,-2.7497725086204747,-2.714071137752737,-2.7291487954048463,-2.7846571098809574,-2.784657098190437
-2.6566582513881736,-2.610889393803062,-2.7190920752618983,-2.6541479998035187,-2.7914739264214647,-2.7714210886517248,-2.744041115520314,-2.7864103230864075,-2.730512927829819,-2.745184841059689,-2.8089519936060743,-2.8089519818265507
-2.714968084040214,-2.6712241032878463,-2.69362128407582,-2.6314667038363893,-2.8119202022880407,-2.7599532658102057,-2.7464908047571788,-2.7923855202544705,-2.7059081451252895,-2.726040874492412,-2.7980932855375356,-2.7980932729523706
-2.662764305789864,-2.619607148636214,-2.7023905125778533,-2.6427865398870236,-2.879517050645228,-2.781564370518283,-2.788146428062076,-2.8594330610712917,-2.7146430479364585,-2.7353784488587753,-2.817237037275183,-2.8172370245228926
-2.7135079088382765,-2.66994646887923,-2.713773146354047,-2.654216738612701,-2.8802875880681613,-2.7957513373065095,-2.8088178661342105,-2.8844394982701598,-2.721079890353106,-2.7421118527954644,-2.828002043402274,-2.8280020306766946
-2.7884801912301547,-2.7361370301816637,-2.740572935985749,-2.6779253913874443,-2.9196745164377615,-2.8365736369086196,-2.854016940786697,-2.9357396080053855,-2.7399793252672056,-2.7601261744222083,-2.856068867777967,-2.856068855144219
-2.9041664366595104,-2.8645174194612064,-2.783173994567445,-2.721053050278197,-2.95272646021865,-2.886255622526114,-2.891065349555014,-3.0058779397879625,-2.749770264904523,-2.770093766614933,-2.8755866627407096,-2.8755866499329015
-2.9217938983048377,-2.894273961652811,-2.8304563971157632,-2.7662638456712108,-2.981347140043545,-2.9415100468430078,-2.9254620177595507,-3.057476350784327,-2.76857296326474,-2.7880978691082885,-2.8981348164666088,-2.8981348038749593
-2.9925411009621463,-2.9659467418551815,-2.8757439355296137,-2.8073758752874793,-2.973787389345298,-2.985195345233285,-2.9495793132617605,-3.066670091181576,-2.7844375726236152,-2.8039063832140245,-2.914100051790137,-2.9141000393068683
-3.04504841625223,-3.029760226389647,-2.905055714960259,-2.8311784558872635,-2.994783076807516,-3.0237057860790286,-2.972149662928061,-3.1019181061296037,-2.8004850243587613,-2.81986778925725,-2.9355213129832154,-2.935521300389934
-2.957397152668231,-2.929049199662945,-2.862435763973852,-2.7853002964258806,-2.7725307703397526,-2.9218620928664514,-2.8437462219378666,-2.988879082310377,-2.7677397996723636,-2.7908548200415555,-2.866143631948765,-2.866143619232659
-2.913820823990056,-2.871080766825151,-2.861079994828314,-2.7920325082241892,-2.834292108960666,-2.9616400453303733,-2.89888248234621,-3.061219265783225,-2.785157369702401,-2.807302412797916,-2.891761046352867,-2.8917610335080965
-2.979651213822955,-2.91427912039872,-2.8609779859532622,-2.7812357135176895,-2.862321223292787,-2.962141089454927,-2.869899584007503,-3.0059852890048115,-2.80082751516238,-2.820920971605227,-2.859825783702663,-2.859825773190366
-2.887951384029924,-2.8305460143241965,-2.861401716906273,-2.7796360412333057,-2.851642753696294,-2.946243856735769,-2.8346416541489186,-2.9303392584559727,-2.7950061487643185,-2.816256120118872,-2.8473103039778125,-2.8473102935183667
-2.8151206370197905,-2.771222122595675,-2.845912760794834,-2.76559286466999,-2.8806913912959233,-2.947371456267819,-2.8262640090461275,-2.9335393306218185,-2.7734563812376543,-2.799129388227809,-2.8396633768125037,-2.8396633656962753
-2.799421299223431,-2.7370534853779835,-2.861221904178586,-2.786488006983326,-2.9271507541265196,-2.970358933489433,-2.854221137870259,-2.9687175119327325,-2.791048593434364,-2.815575621694287,-2.8633231812398585,-2.8633231701201534
-2.8880728436642373,-2.8239268731791736,-2.886969366406844,-2.818174938619464,-2.953074062031938,-3.0055826638680734,-2.879563386420076,-2.9960101679951916,-2.809011073489876,-2.8324349832371505,-2.8891552429220213,-2.8891552318608476
-2.9153455522543155,-2.862590561051607,-2.9080966397147243,-2.84373321923827,-2.961126611935806,-3.028912941793009,-2.889503852246235,-2.9807590169047726,-2.8061485127723675,-2.8305449575490313,-2.8930354440967174,-2.893035432867415
-2.946612644377591,-2.9024398028272436,-2.9296737652076925,-2.8722474730860346,-3.004892508914632,-3.0763169757581066,-2.9178935942430626,-3.019960352244372,-2.824017089158874,-2.8473032151308266,-2.917806120752041,-2.917806109489481
-2.9743085278457704,-2.938314648048423,-2.952816879039724,-2.9007550329265075,-3.0325643835134306,-3.106400472322018,-2.929661289489656,-3.0464239918582585,-2.8404415579074684,-2.8627722751122158,-2.9373704523756716,-2.937370441352818
-3.0289774952322936,-3.011682147944857,-2.9909991453597575,-2.9423584582827793,-3.068518734868464,-3.143855565886051,-2.9457963734697072,-3.0752321436451795,-2.8548213825618314,-2.8761288367664477,-2.9571112379368976,-2.9571112271257105
-3.0471033415783846,-3.041669474628664,-3.0226127764520934,-2.9766089253625854,-3.0682935418721806,-3.1580855810471977,-2.963475069730884,-3.084505628835458,-2.871870296497111,-2.8923007281181414,-2.978265904768706,-2.9782658938558075
-3.0490165260942184,-3.04794758803315,-3.0494918727685807,-3.0061217639308215,-3.0504328491916577,-3.1586514463164517,-2.9742664032512307,-3.0642256348669585,-2.877860290017078,-2.892671579915518,-2.989741448630948,-2.989741437628289
-3.059170880949588,-3.046983625126395,-3.007533764373493,-2.971459768465515,-2.970660478286492,-3.117025312770671,-2.9263853903168737,-2.942434710210149,-2.882169932966461,-2.896287777476448,-2.9518332470724093,-2.9518332371166203
-2.938303475486204,-2.8978300886359105,-2.981751937450843,-2.94438725176235,-2.931236349159672,-3.093517314076663,-2.9058420066935655,-2.92234907982108,-2.8807996240379916,-2.885728240047273,-2.9573491034457726,-2.9573490932385846
-2.9729502782118953,-2.948785128935475,-2.975589538058414,-2.9402481685455943,-2.973486364312503,-3.1032789902414044,-2.9246940307841016,-2.9504132668307976,-2.89666605185434,-2.9012645964953436,-2.973577108737534,-2.9735770987548014
-3.005883178704951,-2.9763904164720305,-2.9759725624481588,-2.9435627595581595,-2.998540472890977,-3.108599008280527,-2.9381340257979844,-2.9446389719317496,-2.903260561402787,-2.908004607559632,-2.976634095713196,-2.976634085802157
-2.9438405350501347,-2.9189557794303544,-2.9778379502377783,-2.9428808875102055,-3.0351115033591687,-3.127723207344526,-2.95650014981568,-2.9705344895025587,-2.9162952770049753,-2.9208339429856394,-2.999612439384501,-2.9996124294326765
-2.9362161179213664,-2.9181675742776183,-2.992291684630657,-2.9537367545501487,-3.0787497991998958,-3.1516131185725844,-2.9864481774310465,-2.9961944057519787,-2.9301123823378346,-2.9346789537628903,-3.021445299860985,-3.021445289887849
-2.9918391982461383,-2.9743210359382437,-2.988753986400857,-2.9485819122346615,-3.052908784815676,-3.1361028452047215,-2.9655953174652945,-2.964878147771696,-2.925540013097816,-2.9324277913047,-3.013313473954866,-3.0133134638079566
-2.9642385828961015,-2.934867628189853,-2.9850630150548843,-2.94090651630637,-3.067682815398115,-3.1273528445905545,-2.946250132387858,-2.959929301944722,-2.910800571051819,-2.921149939909679,-3.0040035291450287,-3.0040035187463583
-2.902335175590111,-2.8818141073014,-2.955713659001116,-2.9059499580018233,-3.0767538409400426,-3.086064286254238,-2.9160414632221356,-2.9730967789424056,-2.923022722998617,-2.9324232672063513,-2.982909872691236,-2.9829098636490463
-2.920913463700415,-2.8951217392971724,-2.9604225766508767,-2.9069228311645827,-3.1419734817715232,-3.106627813218228,-2.93605706826847,-3.008482442436394,-2.9339576852809173,-2.9434081747276024,-3.005461951051441,-3.0054619418733064
-2.9496531025969,-2.9311267965415246,-2.9865798345242913,-2.9329430216492107,-3.061313652082582,-3.088517312950428,-2.925569547436313,-2.9372281524716666,-2.9097746249088368,-2.927031017154931,-2.997181827173474,-2.9971818169787348
-2.9490528558743994,-2.9240882537932436,-2.9964495895580088,-2.937891669047481,-3.104862518208729,-3.1182397172435983,-2.9625710778116106,-2.9762948156765354,-2.925672355592156,-2.942017622012352,-3.022798524851533,-3.0227985146358938
1.5456420715988615,-1.6861408397467197,4.766702870772811,-0.07970666838943163,7.474834594495164,14.635276015830959,2.136123965409169,1.5687334511380024,0.281884444929148,1.767919128493432,9.052145300364579,9.05214427772999
-2.7646598284526425,-2.687870080349115,-2.810405859136945,-2.753217029196695,-2.6644434333326865,-2.773879568596168,-2.6406455448518997,-2.6408689239228345,-2.784964278409133,-2.801175449147988,-2.7947958892532694,-2.794795887740097
-2.6772304394421313,-2.603333591324362,-2.69025165517091,-2.628672871257988,-2.60425779539817,-2.6754089412706605,-2.5376898514477,-2.5399355598487974,-2.724133225424121,-2.7423900752490527,-2.713501883384142,-2.7135018821520287
-2.7042491053504105,-2.608433255675015,-2.645895615646323,-2.6009219260000123,-2.721752294505125,-2.6632356917263142,-2.570789378331071,-2.568382533672137,-2.7293895152511225,-2.748185111941562,-2.6863256894283,-2.6863256890929796
-2.564570097944282,-2.5149280547165844,-2.5798052622064684,-2.548285663429636,-2.5802248418738416,-2.5647366042407667,-2.4688103511055624,-2.4701327605751,-2.6484811655544926,-2.6740829199857643,-2.621098533594471,-2.621098532583355
-2.5971479368825428,-2.5355784539627644,-2.558095461093224,-2.5338958149205992,-2.6756655355545647,-2.5775313776210367,-2.5123739188826395,-2.5098757481180254,-2.633498114847227,-2.6613553358714936,-2.62072387185582,-2.6207238703627596
-2.5100891331392274,-2.49293771474492,-2.5113019692170684,-2.4835718299225995,-2.5295121641142546,-2.4995371167057985,-2.419233921917906,-2.4351380897462818,-2.5754060935706873,-2.6048380617615168,-2.5594784662763628,-2.559478464782292
-2.472388596476459,-2.454120389139357,-2.5131558555308677,-2.4863858564089116,-2.6073754509165834,-2.521349403069956,-2.4646798185261045,-2.4739966058218505,-2.572284474587793,-2.6032723157911155,-2.567009575249452,-2.567009573547325
-2.583125034207545,-2.5470966539595983,-2.543660876728465,-2.5150311004901105,-2.6670550710027423,-2.545368880552083,-2.5045433053019197,-2.5217863801120513,-2.551752868644368,-2.583255346140402,-2.5535577132174216,-2.5535577113133527
-2.492510495100346,-2.4625470003441805,-2.5727577487347064,-2.5400405211486103,-2.6706678675180155,-2.5489327381492806,-2.515677954715011,-2.542043100672254,-2.5587483831601356,-2.590490563084156,-2.5533521339737475,-2.5533521321300134
-2.50335414260367,-2.477275713343052,-2.5881307282543164,-2.5414320167458846,-2.728623964681754,-2.5701057130372953,-2.543715812178945,-2.566899403684894,-2.5707813592169777,-2.601081420828411,-2.5661288981622445,-2.5661288964909295
-2.521105336937354,-2.5053959247606543,-2.6248227234554844,-2.5794965783311974,-2.7965508578160074,-2.620995957307122,-2.6047795528763995,-2.61870424377888,-2.5909949721170458,-2.620766879360249,-2.593106000354829,-2.5931059986877716
-2.656618260816086,-2.614253738394831,-2.6530948215210306,-2.604349546330861,-2.751780633138324,-2.635247068489849,-2.6019010285657345,-2.6112006903211826,-2.5468468938558013,-2.5786450704550736,-2.5446799973514316,-2.5446799954201476
-2.667949999729892,-2.638315920695132,-2.6921590292601665,-2.6414699817251623,-2.8170369945097633,-2.682366252428294,-2.6745114490137856,-2.664753424323244,-2.565253156357592,-2.5966351741174982,-2.5717460812193416,-2.571746079293186
-2.716463866572985,-2.6794745809357785,-2.7318189610168417,-2.683501404071648,-2.8851939424204027,-2.744266693267501,-2.7534838751439223,-2.7478111776303127,-2.5856282346572206,-2.616297186787099,-2.5988450402983427,-2.598845038235658
-2.7307743137207154,-2.708888545485382,-2.7772559250230078,-2.726496767157631,-2.9386477922950323,-2.8033128206306808,-2.8261175706972126,-2.833247733372971,-2.605107117487416,-2.6353289364766948,-2.625106620992268,-2.6251066189748418
-2.788185516010995,-2.769662788709957,-2.817529213378348,-2.7745474675778374,-2.9626165989347912,-2.8533098852295184,-2.8661518704294786,-2.9326848634345435,-2.6262406817796906,-2.65561615498898,-2.643028996106247,-2.643028994169402
-2.850644182020753,-2.819627072741881,-2.8472416212293767,-2.8080376858881424,-3.0043622946841655,-2.87500138559101,-2.883123335962298,-2.9870733309442943,-2.643447688862561,-2.6727763706447654,-2.6380614955465282,-2.638061494461562
-2.889976577737568,-2.856893224555389,-2.860808803524176,-2.8115794686864044,-2.988599674268535,-2.868642067851902,-2.877033172293887,-2.9774151531304103,-2.6529178851721746,-2.681130207558701,-2.6494073338991027,-2.6494073329544077
-2.8663039124996956,-2.813976688330688,-2.8843695165790413,-2.8322009331946867,-3.0070185603037607,-2.8976807151078394,-2.8987086550575096,-2.9858241789960505,-2.6678417767860747,-2.695581732714434,-2.6727087938969003,-2.6727087929154063
-2.9007731894764097,-2.839621359637941,-2.9203952205094468,-2.8699218584677655,-3.038881647809019,-2.9462127447461857,-2.94096878722717,-3.025721524114661,-2.6881278045062684,-2.7151272661026926,-2.7028217943382673,-2.702821793318402
-2.9446149890809634,-2.900750359910612,-2.930457611409885,-2.876396023388697,-2.992098877737871,-2.9352224499778417,-2.9046112161362307,-3.0028791898690472,-2.6904127214467617,-2.7169109748528255,-2.690189961287666,-2.690189960759116
-2.9380611891003428,-2.9031719428509524,-2.9497982852119278,-2.8889199295621295,-3.0137828879865856,-2.9495318855572696,-2.9177346507274367,-3.0241991978236515,-2.703211775476776,-2.730004756766166,-2.7124201941672603,-2.7124201934987546
-2.977218707849917,-2.9374950795644397,-2.98171714067011,-2.9178430499949797,-3.0420584779949467,-2.9761007969088498,-2.946859325826482,-3.044553698087814,-2.7222923542085296,-2.748460261217784,-2.737170178725189,-2.7371701780715494
-2.961967169025254,-2.93322730836519,-2.978725528728665,-2.912617955992571,-3.051904110535841,-2.9840864196929657,-2.9417136919205014,-3.0847401433791277,-2.7355029694346698,-2.762352198195944,-2.7569133722810535,-2.7569133712335363
-3.076339439597875,-3.0544245330653004,-3.019980277806997,-2.9546824949375865,-3.079980510137349,-3.0050590811328077,-2.9589182514307795,-3.1039667554644375,-2.7488196638279474,-2.774435284683327,-2.77328696856454,-2.773286967616751
-3.0451431313990067,-3.026693697743787,-3.0418697470835347,-2.9797247468383476,-3.0833062733264454,-3.016479351853421,-2.9525133479035546,-3.1162247241502747,-2.764251617307563,-2.789352294072768,-2.7847821996348885,-2.784782199003427
-3.0490640953301256,-3.0452838921780745,-3.0651674712315096,-3.001336516392274,-3.097080983831116,-3.0386728960764327,-2.962874077514651,-3.140453030531688,-2.7824910494940602,-2.8070188861755225,-2.812548537563981,-2.81254853687053
-3.0967427986091156,-3.102316251031249,-3.0963911479752704,-3.037890183733451,-3.085373690414756,-3.0550638359243156,-2.985253844349843,-3.1548548174339737,-2.800519450726344,-2.8246476838810635,-2.834361316633378,-2.8343613160804377
-3.0848001960232567,-3.095934627588983,-3.1103384890604246,-3.052373523480939,-2.983314076678092,-3.033480571709257,-2.9570135514603675,-3.090094063059813,-2.7950933079957947,-2.820440203065849,-2.838004693658765,-2.83800469269472
-3.136184319452002,-3.1507653219016065,-3.1490321521837674,-3.094951797049005,-3.0223653595228575,-3.0738571300361635,-2.9952322518569208,-3.122254324881715,-2.812116012549729,-2.836724506152855,-2.864355138811439,-2.8643551377517444
-3.1625259603560005,-3.174989899532882,-3.1720083372650887,-3.1155197430014576,-3.028426745061796,-3.092175192718733,-3.016404180475738,-3.147173183175446,-2.828271856009812,-2.8523571428800967,-2.8810911795220733,-2.8810911786514817
-3.099881736624968,-3.054840652788011,-3.0851012396952284,-3.029992003497136,-2.778959642099707,-2.960924495669415,-2.8546463250409624,-2.9061863074175904,-2.7676348352219975,-2.798168455804544,-2.821581246291527,-2.8215812439479424
-3.023930788077111,-2.964404212340953,-3.0244194043440245,-2.975929662306399,-2.8089463588063595,-2.971294955245464,-2.881589530106571,-2.925864055739167,-2.784947832665208,-2.815277667214919,-2.832892510405622,-2.8328925085486487
-2.959665154190887,-2.892238547886647,-2.9690290263043315,-2.9249484495344773,-2.8079383269600857,-2.943871203026024,-2.8776912835384363,-2.9366503333404186,-2.7552517772694265,-2.7896792945868105,-2.805463576007516,-2.8054635731679403
-2.958393858225151,-2.8843731248198923,-2.9597569860501975,-2.909451686520942,-2.8621033525302235,-2.9380044995946397,-2.9130098777748974,-2.9914403181034683,-2.7757516923426024,-2.8092437788036806,-2.810875689999138,-2.810875687875429
-2.93260454535442,-2.8645093468572673,-2.952290233245819,-2.894427913721106,-2.8798368224087714,-2.9042048998298076,-2.8800131461006506,-2.960612663183402,-2.7771152869361804,-2.8102850147551797,-2.7905675006197828,-2.7905674992425693
-2.7720215667174197,-2.7015253324715713,-2.840564784257158,-2.7780248040285005,-2.6534174014553855,-2.741869125274277,-2.699398173688543,-2.6987672611214326,-2.6906286131780375,-2.7280289138811202,-2.708736438532664,-2.7087364361892483
-2.784756951203228,-2.7238319889303186,-2.7824090916415134,-2.7214278351971375,-2.6879255391884245,-2.7271315864145813,-2.7061964667602103,-2.7087734028406034,-2.6889900960714077,-2.7267384502132277,-2.7130831539482374,-2.7130831514799434
-2.767492403558557,-2.684720290087598,-2.7577425699044946,-2.691529837376122,-2.722205216642751,-2.731925841365297,-2.73205702341127,-2.742931725201022,-2.7045288498009845,-2.7413353644073757,-2.735363043426341,-2.735363040974608
-2.7430785926799723,-2.6522768031171147,-2.753558473751012,-2.6915591120966016,-2.7367736735153065,-2.738310929573599,-2.737466674588293,-2.784256604479338,-2.6647894007782735,-2.703732654997041,-2.703493539936299,-2.7034935367754307
-2.716567611397929,-2.6399963485821,-2.78644662489213,-2.7217851850241153,-2.772750059240528,-2.758685842477582,-2.7808600222026523,-2.8252926529771925,-2.664107598119313,-2.7037810835572396,-2.707179859643469,-2.7071798563385
-2.7427505828735925,-2.667318617406222,-2.8373726605051637,-2.7635223179597213,-2.827038385625789,-2.798847866811892,-2.8469164104746016,-2.874114498295914,-2.68737716265961,-2.7260196899140237,-2.7385045914813935,-2.7385045882241523
-2.773701469521244,-2.686253975698599,-2.8572135544595025,-2.7814352564312586,-2.784328300175413,-2.798561460198729,-2.8615741663578103,-2.8898506235087185,-2.6928725247216123,-2.7313534906109656,-2.7420429177726575,-2.7420429145438057
-2.7940403200863413,-2.7018298875714404,-2.864949924609146,-2.789838530151681,-2.775996545814628,-2.8211138234499686,-2.909169982214359,-2.917271771849329,-2.700349891172033,-2.731870918785428,-2.7572037527108013,-2.757203749285251
-2.86360622608614,-2.775911839238324,-2.8871390379484176,-2.8127749135333486,-2.8071427651461267,-2.8542366044391865,-2.958120644400408,-2.9495745903222668,-2.7188753853163505,-2.74960204040792,-2.773860446294175,-2.773860443212071
-2.93231770786827,-2.8615752736826585,-2.930749966546598,-2.854622530925361,-2.8449575325712155,-2.8903837647207986,-2.9923286466885513,-2.9932211002061555,-2.7289383527554367,-2.7598156796041957,-2.7916060980914437,-2.791606094916997
-3.0313420104335167,-2.968464301210516,-2.9862220753338686,-2.907555039284336,-2.907137759227677,-2.946707834727245,-3.0460926865864693,-3.025589416224308,-2.7502081653942807,-2.7800797044519685,-2.8168396698997404,-2.8168396668476636
-3.0973309758288003,-3.05595054879731,-3.0366808306402824,-2.9592652262431476,-2.9686437286392886,-2.99986602624269,-3.0865414002467855,-3.0808297425631217,-2.751171359892483,-2.7820326351678037,-2.8235406358534925,-2.8235406325117225
-3.124803555228421,-3.0942763037514185,-3.0878818835727815,-3.0120191221602486,-3.036136315275254,-3.046873945462564,-3.1072755258855413,-3.1421512491918873,-2.7660813090073693,-2.7960912432920515,-2.8344928564479672,-2.8344928534352176
-3.0736442287192562,-3.04973760266744,-3.125550123513353,-3.0509546382808552,-3.0689991152369682,-3.070390998212805,-3.106511572825517,-3.154187316666045,-2.7832539797226654,-2.8131332204033326,-2.856171941345688,-2.8561719383002853
-3.1477827416706665,-3.146808565448533,-3.167927542232398,-3.097122263206757,-3.106140562221399,-3.10584274094294,-3.124786295680093,-3.172578304206782,-2.8013612655358413,-2.8306292342443964,-2.8820017480106626,-2.8820017449944264
-3.19224927227633,-3.1984420340478694,-3.21149753285183,-3.1471998957759455,-3.124277418836269,-3.1327689614347642,-3.1453625343923193,-3.16589540282986,-2.819931356251967,-2.848811144397926,-2.9019258200368654,-2.901925817027284
-3.233055508644589,-3.2491290659708194,-3.253832379315142,-3.200405227356547,-3.156316501160106,-3.1653737008361724,-3.1645627031523444,-3.1563618658055708,-2.8381605974223585,-2.8662826982522374,-2.9212015477933675,-2.92120154483558
-3.12054352504215,-3.1242486311372364,-3.2327198965262496,-3.189872565925549,-3.150830930992271,-3.147325145470941,-3.1263151045357622,-3.1192691848404923,-2.8513856570087404,-2.8788111367588893,-2.9024561409234884,-2.9024561394548325
-3.1245985948777872,-3.136347586385097,-3.2196651299864234,-3.182523294642799,-3.208560967696401,-3.1665108802488353,-3.1264987163460134,-3.1537568239196325,-2.865689893448744,-2.893453504832835,-2.923091314848723,-2.923091313245923
-3.0083266257153953,-2.9972092705999507,-3.1600328436580294,-3.115286879292637,-2.9483698609044575,-3.015939191421732,-2.982226238334467,-2.9870228812771327,-2.8124388728860366,-2.843696967574064,-2.8561696301689663,-2.8561696279585735
-2.9854492051083508,-2.9531072152333975,-3.114042021177299,-3.066504928540093,-2.9436199070475375,-2.989807436199991,-2.9859893512821962,-2.9721123274136567,-2.807235786522491,-2.8394087707861377,-2.8589533089171266,-2.858953306480135
-2.990109242271877,-2.9421644091732686,-3.0946238525064134,-3.0433677984983096,-3.0257149262179235,-3.011962554103882,-3.046201456203834,-3.0227453597829816,-2.8227981849697206,-2.8551132058588156,-2.873711101883733,-2.873711099702657
-3.0017108396834464,-2.938090116992199,-3.083375815264349,-3.032431381090675,-3.0483727517494357,-3.0155143663609607,-3.0571913363809347,-3.0943537654204034,-2.7979869710903245,-2.831746361566389,-2.8545233406494743,-2.854523338116517
-3.0456725788941528,-2.9914442543964093,-3.109754345374874,-3.052080503052744,-3.122831452870326,-3.0550313261988147,-3.113195983145431,-3.136093086175105,-2.8196434801595687,-2.8525538645328763,-2.88561436879164,-2.8856143662800147
-3.1394755345210212,-3.101621783051837,-3.1482921220688995,-3.0880346643349226,-3.1608489470034087,-3.0951123799659537,-3.178641199707589,-3.174313036516792,-2.8409881331253466,-2.8731024110167134,-2.915981316995061,-2.915981314503021
-3.1965301152971817,-3.169645412208416,-3.185962693254371,-3.122545574746187,-3.169701504621099,-3.112628223971533,-3.1681514154637833,-3.171101631881972,-2.8456335935954127,-2.876755921700494,-2.9125931109594947,-2.9125931088214307
-3.1224385658443365,-3.095108337614291,-3.1945103426311507,-3.1239837513028132,-3.150832347532652,-3.1022830208484122,-3.141056609790004,-3.17452334929657,-2.8532846675877592,-2.8834214014519244,-2.9145340581898473,-2.91453405622245
-3.1527239989334612,-3.1345955206585843,-3.2162318289808565,-3.152894875912369,-3.205567725448816,-3.134257381679297,-3.1770873676493068,-3.193596647272779,-2.8731611944576887,-2.902574861746944,-2.9374856453842377,-2.9374856436171823
-3.0843921581846256,-3.077511376539748,-3.2153449973963606,-3.1670900042001446,-3.203311409573103,-3.133915468359605,-3.13750999320147,-3.2039548419381,-2.8903446880050723,-2.9193468684600656,-2.9351709433113924,-2.93517094213678
-3.1173120383007844,-3.118508311328878,-3.203363836541362,-3.161602905304588,-3.1621479628835116,-3.1179997202814738,-3.1085317329212314,-3.228040797784482,-2.860405211486746,-2.8920929374740183,-2.910783252042963,-2.9107832503063027
-3.1010554514123534,-3.1010724766084827,-3.210011531763599,-3.1691085616390775,-3.1789865464033404,-3.124886818638906,-3.1169062085681176,-3.232708573669699,-2.871016277084479,-2.902146244333759,-2.928019520857775,-2.9280195190843736
-3.080750288651121,-3.0786997774866425,-3.2061757443134775,-3.1719049528013463,-3.206820991366742,-3.126649774195575,-3.1144731379092327,-3.2702058516066916,-2.890597440930659,-2.9211736685564587,-2.9246547627960116,-2.924654762124561
-3.0937865352743024,-3.106677938464933,-3.2091813877778574,-3.17681807813609,-3.2240737813868066,-3.1402387669782597,-3.1178493442954247,-3.2733923698385783,-2.9015815199070434,-2.9318598052659466,-2.9416088731649648,-2.9416088723587763
-3.1325930803231334,-3.1368616199143675,-3.2342923325112634,-3.2052929042784317,-3.137960475057687,-3.1267272358462055,-3.1034532042261693,-3.2181890986723958,-2.899025472566479,-2.9292664672130586,-2.9514733340006365,-2.951473332519888
-3.208301422171135,-3.217385724450912,-3.262707612773682,-3.2350392949294466,-3.191003111915131,-3.157771457145604,-3.1510743593042294,-3.218802524051438,-2.9170894044389177,-2.9465159937597987,-2.9693550884292383,-2.9693550871055763
-3.1424097634506616,-3.1719333020160274,-3.2396728677349205,-3.221229321135382,-3.197076237312504,-3.1414753695373445,-3.1115310972351393,-3.203925727831403,-2.9363980790213233,-2.9648335971633646,-2.958236925014561,-2.958236925169574
-3.1303203840101625,-3.1297588249816197,-3.226423724757039,-3.2021663704499166,-3.1310216654257434,-3.107149608590137,-3.0868512701271276,-3.163069215462655,-2.9353610971739164,-2.964513049097666,-2.9657703639217945,-2.9657703638376836
-3.1381420931253183,-3.1293623056189066,-3.2300314941045993,-3.2019668624130118,-3.1589457402166294,-3.125932421264059,-3.1296813788677786,-3.1600322757341432,-2.9529640096121317,-2.9815088611083747,-2.9936124998745854,-2.9936124996990374
-3.118816671503433,-3.1159464221870863,-3.2264118911339525,-3.201515792567535,-3.177985145840572,-3.133890576619654,-3.1311083742449313,-3.1833288726463413,-2.9686003956273215,-2.996693998993131,-3.0003743088364367,-3.0003743090720034
-3.0855595983944815,-3.082987814566353,-3.2357104573852293,-3.213344450872411,-3.181707149588791,-3.13454125184598,-3.1563203039376795,-3.1975677857184728,-2.9864666132542195,-3.014032599752009,-3.0079816115501408,-3.007981612406679
-3.0782708072812444,-3.0714652780158813,-3.1647367566958007,-3.1295697721654174,-3.065427334887022,-3.046947029556111,-3.016400433539979,-3.124093288652306,-2.927293379288966,-2.9592296308332386,-2.9260628562828184,-2.926062856866423
-3.000283939497539,-2.9821260477885483,-3.133332241934375,-3.088511562310715,-3.155716480402634,-3.049432387497425,-3.0094311752549014,-3.1786468346888874,-2.944838893936486,-2.9764505396699974,-2.944774647185979,-2.944774647880737
-3.001480429053779,-2.9890190257885187,-3.122292031867239,-3.075591130569923,-3.2039212687215572,-3.0639061182348026,-3.007868264350702,-3.202845096774915,-2.9615681656625297,-2.992568276185926,-2.9662184660947593,-2.9662184668291043
-3.0005498962190984,-2.9839530162320926,-3.0971446072712236,-3.0429261304859176,-3.1477376254012484,-3.0421961999300464,-2.9708056054660332,-3.164311819669642,-2.932556572683695,-2.9656180254020748,-2.9373407009206627,-2.937340701073367
-2.990088985207427,-2.9852213925438917,-3.067873023336591,-3.0122790744236583,-3.1520569271921284,-3.029571539595018,-2.9573708315124447,-3.110403774942789,-2.9356737145761667,-2.967628349079261,-2.9253258726118476,-2.9253258731751925
-2.956847142303113,-2.927002094624606,-3.053438990781641,-2.9947898073159713,-3.182689587019317,-3.0310648082849987,-2.960609458824087,-3.1085377811330615,-2.9441301456050173,-2.976416917515329,-2.9402246017414924,-2.9402246020661993
-2.927603108729426,-2.891866414885264,-3.072607167214709,-3.0166490686944503,-3.165956868166343,-3.033122842250615,-2.9688317936525292,-3.099966647307192,-2.9515891964667795,-2.983480501147623,-2.9557333583865435,-2.9557333585093835
-2.9511342008218904,-2.93573889877316,-3.086684645917532,-3.030840504263288,-3.2110150483590143,-3.058949883881042,-2.9919454793342832,-3.1316404621106004,-2.9655130360800728,-2.997074532374387,-2.972486613865826,-2.9724866141915065
-2.952802489114231,-2.942805521491601,-3.073435760940734,-3.01041513237474,-3.1289334692321082,-3.0060070632198705,-2.945847374461467,-3.1218316933810204,-2.967456119091575,-2.997069762203479,-2.9420855132230064,-2.9420855146869114
-2.9019965512972985,-2.8773349967721695,-3.048109336474513,-2.984373709791101,-3.106328225179043,-2.976601135001015,-2.922095860735971,-3.125911421668019,-2.9743481276240593,-3.00297152211637,-2.9270564933406282,-2.927056495447158
-2.9533804404854616,-2.9384343123639534,-3.044728403196067,-2.9816021457633832,-3.153395330274579,-3.0451903454846487,-2.9337142621035293,-3.1406295831096447,-3.0122750945539667,-3.0528311170223934,-2.986208279851916,-2.9862082747140093
-2.960610342885983,-2.950914250048407,-3.0487749410630185,-2.988546052292281,-3.16323553982399,-3.059584795475271,-2.94339962888613,-3.151292691601614,-3.0213367822282624,-3.0617335874636753,-3.0058818235100575,-3.005881818085436
-2.960148039133936,-2.9542450591286755,-3.048609523921357,-2.983359931990155,-3.1771828954135204,-3.0741091436833026,-2.95985093572796,-3.1871075396573203,-3.0266300071604255,-3.0683217065680664,-3.024174843749399,-3.0241748379995195
-3.0048659082711917,-3.0122699052763267,-3.0690032903332005,-3.008075882987008,-3.158188230881776,-3.087348236661075,-2.970356153434439,-3.2064943376750756,-3.033844608583591,-3.0750608537493775,-3.0393433446062077,-3.0393433386256783
-3.0378310833829585,-3.047850225696836,-3.0583491886571315,-2.994937091263311,-3.089309730027873,-3.0649949597957615,-2.9311332450753076,-3.1318304281885974,-3.017708491517096,-3.05872271968978,-3.0054056511113623,-3.0054056453049096
-3.072743334961051,-3.0901995339345394,-3.0737938690491404,-3.0105346059362814,-3.1619223676752477,-3.089376771326121,-2.9503099761642884,-3.154971714021859,-3.031826389301538,-3.0727130099359927,-3.0272927312369533,-3.0272927254069995
-3.0993505655323896,-3.1202180701408437,-3.0960506969294688,-3.03381363346006,-3.196742786116769,-3.121199840890624,-2.971389885768928,-3.1866694292800326,-3.0336652573845946,-3.0748231124579517,-3.0426777177152755,-3.0426777115975256
-3.110261005753168,-3.1366757762186745,-3.111601511802818,-3.0495473729201517,-3.198404034336213,-3.138350095492153,-2.9932366454734893,-3.211744295803741,-3.027134732478813,-3.0692383459055965,-3.0474244071861762,-3.0474244005984152
-3.121620501028983,-3.1535774007885413,-3.131904630002156,-3.071921190465896,-3.169187331911051,-3.1399822602580407,-2.9934832616843448,-3.1964670488002462,-3.0237740400205575,-3.0658958325447885,-3.050670371376226,-3.050670364515464
-3.1535093139013473,-3.162805614259974,-3.080467718239866,-3.0066913685299888,-3.053617234924436,-3.0721633657135143,-2.900242335846797,-3.0402127787569686,-2.9597069323667706,-3.0025969615965358,-2.9494051024264967,-2.949405095815171
-3.045480131149225,-3.0265152287909665,-3.05124821431824,-2.9694619908775013,-3.14325608285328,-3.084195970380814,-2.91720630228262,-3.0749499972988015,-2.9747885327199715,-3.0165878227919634,-2.9689139576274752,-2.968913951177976
-3.0338663517848845,-3.0190155789540327,-3.0500680384162577,-2.966692200018058,-3.215160231424468,-3.1114477895331545,-2.943792398165469,-3.102352318741873,-2.988279876804662,-3.0294313853724035,-2.992258775058957,-2.992258768487791
-3.032378747402384,-3.0115446857299437,-3.0542606542790276,-2.9725351865277023,-3.231339995537765,-3.1165170518834753,-2.9433905522226858,-3.092834427483633,-2.990909616297292,-3.03043273499473,-2.9868186401406547,-2.9868186338989373
-3.0304028947983057,-3.01751449990717,-3.0601075695913966,-2.986833179643098,-3.229273824213766,-3.120786469655285,-2.948600817451481,-3.0910388625713052,-2.9993573780185967,-3.039336189880686,-3.0002270149691515,-3.000227008974933
-2.972584022323696,-2.937574767401255,-3.0240670655336452,-2.949522903694741,-3.1204985213802154,-3.077700691821296,-2.8905199033530593,-2.972231113565824,-2.9537893554877854,-2.996455560777124,-2.951622885009981,-2.951622878245285
-2.9300228425175603,-2.8666733021611552,-2.998124477223076,-2.922519087952241,-3.0214948982023038,-2.9943386687254945,-2.829231736256004,-2.8838760921066133,-2.9332124981615313,-2.9766133658308545,-2.9113112181889127,-2.9113112118858906
-2.943150253058308,-2.8893337805727928,-2.9841691615733943,-2.910363312337324,-3.109632787324099,-3.0156266453522393,-2.865156425075193,-2.9253328117984267,-2.9477529888461973,-2.9902935994252937,-2.935023501486062,-2.9350234951313143
-2.9257515162689214,-2.8598141884527264,-2.9952593283186335,-2.9262732538005247,-3.131633485300175,-3.028509996949115,-2.8835873763825246,-2.946649475471697,-2.956744922381982,-2.999140436757572,-2.9490907609916492,-2.949090754562663
-2.9776030193318945,-2.916781877043848,-3.022859888244199,-2.9594269763944667,-3.1886897121136815,-3.065803218706039,-2.9225384469422733,-2.9770236258952587,-2.9719915471041007,-3.013612117358708,-2.970958259185437,-2.9709582527274954
-2.9834509739185124,-2.9378027674004663,-3.022771893639488,-2.964692294492486,-3.205820348837158,-3.078906797654824,-2.9369099424710026,-2.991388549657985,-2.9828165207040924,-3.023782710774697,-2.976805238481036,-2.9768052323140313
-2.9912219006475462,-2.950237232746351,-3.0127615147357276,-2.95423557033305,-3.174440685385847,-3.06473392366624,-2.9177538814744146,-2.9778563662512827,-2.9724995181238576,-3.014173803427079,-2.967020611177935,-2.967020604781691
-3.016715425150361,-2.983032319865928,-3.024258788128944,-2.965701952603824,-3.2275562510782425,-3.0868839226989335,-2.940939180787558,-3.020185158913003,-2.9866201838527617,-3.027601238184645,-2.991251200930718,-2.9912511944233335
-3.0766345566073254,-3.056436238594297,-3.045864375542878,-2.9899504636699525,-3.2265797201055384,-3.0973899838889274,-2.9511471564190375,-3.0390599832110894,-2.999633143040476,-3.0404430220326257,-3.007021206653079,-3.0070212003513035
-3.0460047528133956,-3.0426169889686863,-3.0625983697914325,-3.0073558583716733,-3.216737802005659,-3.1052256187021987,-2.9587712192315445,-3.0560080269967558,-3.0138255717992783,-3.054175313697464,-3.0236274828171337,-3.0236274766980236
-3.108821905920806,-3.0957429096037963,-3.08675961724254,-3.029069491455107,-3.20582135067252,-3.1162616203298055,-2.961054347124554,-3.0543448266327795,-3.022080702604932,-3.0614986797940937,-3.034978903527073,-3.034978897285557
-3.108135624858556,-3.0983818844749087,-3.1084016035301794,-3.048218267569039,-3.1978906660906015,-3.122831891115746,-2.9728794649203607,-3.0561569911560746,-3.0315511226671163,-3.0704757238413705,-3.045767019695862,-3.0457670135037214
-3.0533517770876792,-3.0302517600436625,-3.0840310138348768,-3.0213386815285626,-3.1677494468053307,-3.099615938685361,-2.94616976245605,-3.0367733800066734,-3.012782656996061,-3.0542062837495125,-3.0256374309976612,-3.0256374244820914
-3.052930075912501,-3.031611678678855,-3.0956632374041013,-3.031538457560764,-3.2140518994868486,-3.1136232895194853,-2.9624138194012097,-3.0614337434433865,-3.0252901418725906,-3.066161440002199,-3.049949719442466,-3.0499497127111104
-2.995007471579313,-2.9622741837181614,-3.055078471568868,-2.98050463053579,-3.0563982209107423,-3.0099764542488003,-2.8749144302981104,-3.0122795734362233,-2.9925781465881807,-3.032926691245306,-2.988367846365726,-2.9883678397753526
-3.031264943224401,-2.9967102322424957,-3.0468424166510326,-2.9737210859542427,-3.1267660928219825,-3.020164904630059,-2.901964711789275,-3.0241497433695237,-3.006551411482779,-3.046002941668188,-3.007256658722083,-3.0072566521610438
-3.0313523435728795,-3.0006692162340474,-3.0581613500973255,-2.99186255641082,-3.200124638776062,-3.055374013564088,-2.951190581905885,-3.054963201508536,-3.0172310571889795,-3.0562259827126654,-3.0309929264267903,-3.030992919666679
-3.0578211543520557,-3.0510958883899475,-3.070986748122018,-3.0090703307548354,-3.254296934643596,-3.092463945872605,-2.985447917143377,-3.0927587940977594,-3.031320028734123,-3.0695422509860197,-3.053684729859711,-3.0536847230107864
-3.0385554761378915,-3.038561498720216,-3.0537404354211093,-2.990760926184877,-3.2497751199171265,-3.0888419959313174,-2.9790214033128257,-3.1318892308873845,-3.0430074412800066,-3.079841973557364,-3.0446085204914004,-3.044608514519713
-3.08670903400741,-3.103917188556977,-3.063892176800907,-3.0033360541913754,-3.3087446032498082,-3.125640707209883,-3.008802539337215,-3.1740135255665933,-3.0553027460460345,-3.0917289112787465,-3.0694197214643704,-3.069419715237716
-3.102288483845159,-3.132182304964477,-3.1005455379176077,-3.0480875063114077,-3.3497726231891716,-3.1634478381752476,-3.0401611092564993,-3.2021458737116264,-3.0685279858445433,-3.1043188413444858,-3.085266337112908,-3.0852663310034316
-3.1373968916492734,-3.157881093719241,-3.110430569828849,-3.0580584259443038,-3.2767797956527023,-3.1562939183181475,-3.0096000085281496,-3.193648237199897,-3.0313423198322202,-3.0708396944627685,-3.056565817686151,-3.056565810555284
-3.1290497454603656,-3.1311009083259975,-3.1158796042418677,-3.059329643692097,-3.2595929071033636,-3.1464463603987993,-2.9833756534404574,-3.157176554894436,-3.013335888684526,-3.052904334245762,-3.0320870097856862,-3.032087002480183
-3.1487187781648887,-3.155540344321959,-3.1446012254624085,-3.088174663135942,-3.3211710566471173,-3.17143646391208,-3.005666880481748,-3.1557664481427583,-3.0266727435308294,-3.065204376566108,-3.0541786495340704,-3.0541786420984893
-3.1716837507134636,-3.177873077583036,-3.1762543383007964,-3.1237671526071864,-3.321449647255946,-3.1897188695797594,-3.02495767293648,-3.147372518061136,-3.0324061578779045,-3.070866686008251,-3.0723902699553682,-3.0723902622250594
-3.217343463857578,-3.2304945114530828,-3.2049907584346675,-3.154787808578693,-3.358999491357773,-3.2239635205415182,-3.0571263839696297,-3.1667022762048394,-3.0460160872773274,-3.0837408292979873,-3.0972070700748078,-3.0972070621829384
-3.2107199267101536,-3.233236196495816,-3.2207964689167463,-3.1728685686480484,-3.374634115629792,-3.2497754513272774,-3.0764471094472716,-3.2035759629402993,-3.0533240290340244,-3.091184493706203,-3.1153593032061395,-3.1153592950738034
-3.260563308919777,-3.282545780236796,-3.2595315704016885,-3.2175467061713006,-3.3907862103718105,-3.2745952068084954,-3.092720979832698,-3.212745675176085,-3.066720160068016,-3.1040845677812383,-3.132422200499721,-3.132422192353824
-3.316504831588977,-3.3508977571041294,-3.290607166114806,-3.2549200028085856,-3.4104125792027395,-3.305329548554994,-3.1147349279061944,-3.2285064510200474,-3.079587565821813,-3.1163972753488465,-3.1556510949478263,-3.1556510866097134
-3.301309380433949,-3.335097212145361,-3.3039789838595714,-3.2702273748172104,-3.396681386906103,-3.3202195198632456,-3.1161533573577533,-3.2705073563578893,-3.0653386787742596,-3.1045941382263127,-3.1543638037784696,-3.1543637947293925
-3.2853688123109612,-3.3319722432285346,-3.3172035605290864,-3.285535140382207,-3.3957921774927935,-3.3213836609841785,-3.1318386065666854,-3.2368144484905814,-3.0787420944039288,-3.1173369283237697,-3.1679326685912343,-3.1679326593662447
-3.3087529411080823,-3.3595680633964413,-3.3312101716544693,-3.299094005351698,-3.413057788894116,-3.3323795470854023,-3.143911223149039,-3.228823931979455,-3.0926751240968717,-3.1307076062553434,-3.1916355554186775,-3.191635546037218
-3.263827034662129,-3.318732362297818,-3.3408317630746933,-3.3092823939237883,-3.4012237544769537,-3.332693825587337,-3.14183211513892,-3.2150126898656084,-3.1022597958024174,-3.1398349894799233,-3.2023242597170336,-3.2023242503778384
-3.2626174852765653,-3.3017458442582335,-3.339471690781916,-3.3102633345963555,-3.3756390750962124,-3.324980280770119,-3.141995973316932,-3.187668842433314,-3.1076979769341277,-3.145304938974276,-3.2194034960631557,-3.2194034864438796
-3.253195522876599,-3.307429006425329,-3.3084395277389773,-3.2694690607346453,-3.2731870881197853,-3.2794465922006597,-3.0840784729383905,-3.0590340213616782,-3.1627923446044743,-3.1701516218813146,-3.176279012910364,-3.176279007949414
-3.2136461916779377,-3.238880872358857,-3.2756744080124953,-3.229629542662769,-3.2796978013169866,-3.2627001933606046,-3.0932409414132183,-3.0598817427255622,-3.170705118944209,-3.177736348099907,-3.1904201879039564,-3.1904201828317182
-3.117717305344061,-3.121732058404884,-3.223340217396529,-3.171592237142633,-3.2339283923489126,-3.213696445397491,-3.047852374683548,-3.0032399934718126,-3.1433288425641885,-3.152335029091712,-3.1487722931103717,-3.1487722881088187
-3.0955013975473977,-3.070600678522978,-3.212873095470659,-3.161374171130153,-3.27539130500742,-3.21410555686704,-3.0558660819692065,-3.0298782408524083,-3.156167334000327,-3.1650438512706054,-3.1692490345601962,-3.1692490293846056
-3.128463428604149,-3.0963693250611772,-3.2082957939364065,-3.161529268613946,-3.293477761688262,-3.2116062270183683,-3.0518803739767772,-3.0131289798686747,-3.124693681569914,-3.1343615898254233,-3.1361010991081306,-3.1361010932570235
-3.0906316128612303,-3.0606225566101393,-3.2092255341031892,-3.1714128103276655,-3.304284093307057,-3.2182181385434125,-3.0698882809446157,-3.0316282162924244,-3.1291727300671432,-3.1392989257559685,-3.1449512628850904,-3.144951256641362
-3.1356955451489266,-3.1173549077381906,-3.224910027075964,-3.194832492332609,-3.315501091124965,-3.237516328196404,-3.106819835426847,-3.0506229558815634,-3.1339363732003225,-3.143869340927292,-3.1624761438063764,-3.162476137169736
-3.090735939511092,-3.062942970235808,-3.190343860352074,-3.1615676915667765,-3.293516975276597,-3.211628601236111,-3.0912249217683363,-3.0275890609236473,-3.1326497309981196,-3.1416488371482414,-3.1246009340281886,-3.124600928681833
-3.108110751552096,-3.060789815283808,-3.118525223907385,-3.086889264971974,-3.2069156419456286,-3.1548587051256884,-3.025221722764056,-2.9334640212880747,-3.1176119943188825,-3.126406324852278,-3.077344663847841,-3.0773446588954263
-2.8905464981784155,-2.8392606893382712,-3.0516183079568115,-3.020703129882122,-3.033569124995163,-3.0407285360698233,-2.9244019070610436,-2.834083871617699,-3.0636827663157815,-3.0771909026079713,-3.015554689040058,-3.0155546830897184
-2.848385901674098,-2.805516705847611,-3.0245256578087782,-2.9937386279684364,-3.077035039131843,-3.030679641700094,-2.945283929037257,-2.8724340375652093,-3.0673495830621533,-3.072017414592135,-3.033526638779953,-3.0335266325740484
-2.863839468753602,-2.816944459287716,-2.98543307528655,-2.947512355347872,-3.098595464172106,-3.017697203301516,-2.9474493098685355,-2.9075715123150836,-3.0435608424848484,-3.0523926456614183,-3.031016249442457,-3.031016242619668
-2.810719771603043,-2.743838807270764,-2.968003065294522,-2.922659320967111,-3.1584512857472244,-3.0237202539607058,-2.966351311192694,-2.9509712067475453,-3.026671019024075,-3.0391499366634114,-3.025640054593595,-3.025640047274267
-2.785244345954991,-2.712056688362061,-2.9427880416469483,-2.8893105190660013,-3.030754007344299,-2.936762857615341,-2.8800813210524376,-2.907890095735039,-2.9944956940057583,-3.0071371859862275,-2.9655220560648967,-2.9655220493530843
-2.815427736608523,-2.7301460684745535,-2.9304574963756576,-2.869754383050181,-3.055281059695749,-2.9279533465804697,-2.887776566188867,-2.927686144244866,-2.9886803130059247,-3.0007252712798143,-2.9649976438192436,-2.964997636933342
-2.8365582833193383,-2.7666608437317795,-2.897177674373517,-2.8367363295672927,-3.059726309426016,-2.908518351344488,-2.8672144604285545,-2.905479818909579,-2.9834628503025797,-2.9947277757184225,-2.9408835227451524,-2.940883516374236
-2.7462970538577034,-2.6840440764743585,-2.8706920935029414,-2.8098679331250573,-3.144550857593603,-2.8983302287220565,-2.86033150145954,-2.919036524591468,-2.997937600713639,-3.0086114672803106,-2.9218421712510274,-2.921842165678454
-2.7634185177940096,-2.696178343835704,-2.8603626180561026,-2.805287575710891,-3.1808027286741014,-2.897082259359586,-2.8477702916329557,-2.9150042119409814,-2.9929205665454193,-3.003831931065006,-2.9237574211966484,-2.923757415559191
-2.79749155190759,-2.732473798364838,-2.8304919804374715,-2.7769888989418177,-3.104712955899199,-2.8555901534063928,-2.793763208598473,-2.826703126905333,-2.9599348528670753,-2.972838627042163,-2.8837778307877127,-2.883777825173115
-2.717273496699927,-2.6522409900872064,-2.8064734679388783,-2.7549545788030745,-3.096462079516983,-2.8304655036439623,-2.781902252507556,-2.8288740010089617,-2.9629631121442346,-2.97607286027984,-2.8937482779325485,-2.8937482719499537
-2.689862931794573,-2.6140285593116626,-2.785085863045915,-2.7372161177648127,-3.0484175463495045,-2.805475523447725,-2.773256494541552,-2.8088909918614204,-2.957952240699654,-2.9710820264720113,-2.892640658632246,-2.892640652480599
-2.6752253755111695,-2.5857997204334047,-2.8033501635003666,-2.7629496311365127,-2.984987169065919,-2.788464885695388,-2.759565428986421,-2.8000183315198823,-2.9480205628636877,-2.9614529696929566,-2.9024155054492544,-2.902415499003783
-2.6766560998326523,-2.608639609589886,-2.80168192682664,-2.7681445198079886,-2.8412966481807906,-2.748561840550616,-2.704172802764508,-2.7198226885648764,-2.9079803369582766,-2.90256260887043,-2.876321357662057,-2.876321350626475
-2.65974652402859,-2.576575260710973,-2.793584771033714,-2.7642307644830524,-2.886545899181291,-2.7761382009522677,-2.7401089249690127,-2.7701587894541215,-2.924295005054362,-2.918244554658385,-2.900711071477607,-2.900711064402492
-2.694443113427475,-2.6204073440415407,-2.773445616844382,-2.7443511396244613,-2.835848176599518,-2.7651830322022626,-2.7272520181323348,-2.728262949607916,-2.9103025931056488,-2.906188532243969,-2.874881897222736,-2.8748818901338384
-2.6377917227166248,-2.5735565027609426,-2.7353788027457093,-2.7125386706768895,-2.7072361354292322,-2.7168949650917398,-2.6595073747047406,-2.650202195177247,-2.8576573801045955,-2.8602809708325716,-2.8430054536385483,-2.8430054459714023
-2.6540360316868954,-2.589537168672556,-2.7270793665368145,-2.70335596267661,-2.7657959778337,-2.751846822879861,-2.6917753934752713,-2.693499879407391,-2.8729217180739224,-2.8746351200813254,-2.863555072305412,-2.863555064646321
-2.6484041626108397,-2.58453273734639,-2.7186345423263263,-2.696170273384972,-2.829497033617484,-2.7831600610495233,-2.7332484730300832,-2.7442803177155124,-2.8903029263868802,-2.8909234729930664,-2.8752666255460793,-2.8752666180822883
-2.747078784213691,-2.673677359347902,-2.7340818224972105,-2.711859570683625,-2.870302103712678,-2.8259023564325894,-2.7800340759288664,-2.7998039229643736,-2.9070058013302775,-2.9066781766288243,-2.9020132901016478,-2.9020132825813336
-2.7442442232675774,-2.6644462373191944,-2.7394830868637383,-2.7151462093325374,-2.842052339800415,-2.8376785476238746,-2.7857216691360467,-2.8271884911587244,-2.9107223120196535,-2.910325005477259,-2.901882483506833,-2.9018824760671373
-2.750258324963778,-2.663720259200622,-2.7260435002785597,-2.6959089392520674,-2.8469260978114916,-2.8277500147842094,-2.788320454565325,-2.863581087081193,-2.9244421481712357,-2.9225731265943646,-2.882622587499725,-2.8826225811284383
-2.753909611832017,-2.671881229773483,-2.703079743603276,-2.6681881374113767,-2.7913458399121707,-2.797833178642936,-2.760728604561179,-2.861899168906209,-2.9040642357066844,-2.9036027999330476,-2.857583004603142,-2.857582998113426
-2.822070268022934,-2.7413651581372527,-2.695459953874513,-2.6539098080669805,-2.8350629054929777,-2.803716706431213,-2.7760819823441443,-2.8792733300185183,-2.891939748505208,-2.8923693649880655,-2.8483863659498705,-2.8483863595153562
-2.7557616981962942,-2.6598317376630742,-2.6797572607658364,-2.638359543682099,-2.7422663955955313,-2.757803516151587,-2.7309359931808963,-2.8165694852235506,-2.852054516668224,-2.857411177244494,-2.816053498017892,-2.816053490898041
-2.7710849678811056,-2.6627397039815555,-2.674233028796939,-2.6340915599215178,-2.750119322278251,-2.764220979522263,-2.754903026654598,-2.8365607478627677,-2.8494840539459467,-2.855583893595626,-2.825590041365882,-2.825590033967923
-2.7449489850883113,-2.6528015878927533,-2.6710616664631677,-2.6290557995313195,-2.749450865106283,-2.7559341040258953,-2.7616239238156206,-2.8230878745290555,-2.844254402662085,-2.85047570498497,-2.8157825431687136,-2.815782535864476
-2.7862715981886432,-2.7058140893876255,-2.6949496250143463,-2.659075280107105,-2.823308569681609,-2.7896968713917305,-2.805000061586716,-2.884882396468174,-2.854950500228389,-2.8598090692397142,-2.841405097778189,-2.841405090314271
-2.8085268551510367,-2.7396287981242518,-2.7267971407195057,-2.6882626105945846,-2.87404539933453,-2.8314368332979454,-2.838531249389129,-2.9354632757005144,-2.869223434882525,-2.872940994685653,-2.8674018370214536,-2.867401829498219
-2.7141944198440267,-2.6303688082180385,-2.6985945485497806,-2.6513537533545803,-2.752782012276494,-2.7433179291362064,-2.7298157464920267,-2.880842446074096,-2.8451619227526743,-2.8480152926933684,-2.788735349525885,-2.7887353433159454
-2.7321551231445604,-2.6361667283601014,-2.68273978604984,-2.632896940592875,-2.8257296426958294,-2.7426475240360317,-2.750890670381195,-2.8997157372295432,-2.851048228658697,-2.853007772135725,-2.7892211620082255,-2.789221156129188
-2.7294746532541843,-2.663040635824471,-2.6713430925829122,-2.6203681102985668,-2.7807733998705464,-2.7057209614770987,-2.725073662573283,-2.8435041935467122,-2.8171363352055367,-2.820875478437279,-2.761365610424727,-2.7613656041987564
-2.737815887254619,-2.6716024584915457,-2.6939515995185612,-2.6433887985673965,-2.8776181746367295,-2.742330454947078,-2.7766756221877538,-2.8936108597563135,-2.8252751760617127,-2.828386132530651,-2.7751340355979517,-2.775134029395986
-2.77370131479299,-2.722366344991496,-2.7264021253891917,-2.6798475835707682,-2.9552824260338673,-2.7968825083648254,-2.829164302947879,-2.9593356747088704,-2.839019686901488,-2.8409956362708333,-2.7998729444409847,-2.799872938242048
-2.833375229760698,-2.78192508093263,-2.7637724257353025,-2.7163425971238597,-3.0014861547237675,-2.849050901211154,-2.8613975431440783,-3.006587258365462,-2.8548320861185434,-2.8554513751612127,-2.829498296098442,-2.829498289815441
-2.9226381522015563,-2.8726710294111415,-2.811393009616763,-2.7659390067177974,-3.0302647387920456,-2.9130139318476327,-2.8903186945290815,-3.0564493247634394,-2.8703314835443487,-2.8696909564172,-2.8579552582046714,-2.8579552518586038
-2.9703216281877083,-2.9448845164062667,-2.8439269692994356,-2.799042756072412,-3.0364989004626466,-2.954785520992979,-2.8935608549328866,-3.08891711263478,-2.883860585639629,-2.882266145244147,-2.8730869022169796,-2.873086896052499
-2.978610532507769,-2.9347744224142085,-2.8693050193356235,-2.8210070741576563,-2.963705601892547,-2.9585963494448957,-2.872198494398466,-3.0773382272233234,-2.878231801089549,-2.87717560540978,-2.874410462774593,-2.8744104565515363
-2.987981547356034,-2.9664508667693843,-2.8909792948409705,-2.833640572574619,-2.9943414938441992,-2.984847634442351,-2.8990926516782105,-3.1003706260760766,-2.8936375200442024,-2.891375367796622,-2.891682079408926,-2.8916820734581057
-3.0293624441141507,-3.009374575312923,-2.9205836431405405,-2.8612769080452676,-3.0044968841116697,-3.0025486558687033,-2.9187787395692357,-3.1133176698575626,-2.9062659801188184,-2.9030581931225736,-2.9035063949070214,-2.903506389261932
-3.008479810655997,-3.0130812792866837,-2.9343507794541637,-2.877478254542497,-3.0229262245745554,-3.016080143122264,-2.916999578221813,-3.123523770970686,-2.9161930820874047,-2.912320522981,-2.9052708417637945,-2.9052708366062037
-2.9404662876508296,-2.92472952251768,-2.9024839195528918,-2.8366180824449487,-2.917329006255028,-2.9377879067846857,-2.8358915262282296,-3.0626155764815204,-2.8881271357725713,-2.88524915233675,-2.8679628728591227,-2.8679628676932185
-3.011019814149842,-3.0013263102798993,-2.918454216430974,-2.855738768616143,-3.00867807374433,-2.9666267096787067,-2.865767802243011,-3.0769555169085425,-2.903145168636205,-2.899212955348538,-2.8861876399248927,-2.8861876349477082
-2.968560554476981,-2.9245948329431672,-2.8994979640867475,-2.8434212680351316,-2.9085187798720886,-2.916686669694448,-2.812659929262626,-2.9977073980034032,-2.876343476743929,-2.872407961165282,-2.859370801003062,-2.8593707957129815
-2.9486107091467044,-2.885983745410592,-2.87583737923279,-2.8265598188413685,-2.887520997195765,-2.9093359506291563,-2.8170140855450323,-2.965198129455889,-2.861063715694595,-2.8594895780949163,-2.853862352370599,-2.853862346718693
-2.9558782349005344,-2.8994889501935406,-2.8795007692793892,-2.836109415313507,-2.9475280904955863,-2.9493923492470477,-2.87048416714022,-3.0201056183779533,-2.8759029483125986,-2.8737467746236542,-2.882487643006079,-2.882487637178874
-3.0243579571083674,-2.9780746355805943,-2.8958167324105166,-2.851719097581599,-2.9435857907630307,-2.9585049836830386,-2.8728489327032545,-3.0502950047948394,-2.842434783070855,-2.8426530905582426,-2.8503386366760246,-2.850338630573851
-3.062941623966868,-3.013628364720918,-2.9472563405421086,-2.907669895780805,-3.033382208009501,-3.013582006136813,-2.9228138852545578,-3.112917427597862,-2.859555726737723,-2.8589960927037343,-2.8792304161025317,-2.879230409920372
-3.022333040585374,-2.9737692058856906,-2.971989891322264,-2.9336375221872153,-3.021948155922038,-3.0340839555442516,-2.941721593575757,-3.129932608445579,-2.8619011957358182,-2.8620088066382885,-2.882479813462153,-2.882479807119918
-2.900979330256324,-2.821008871052623,-2.934128989576497,-2.891480207145204,-2.867640533384804,-2.9307242066358206,-2.8566074786981908,-3.1015757265826114,-2.8492831310142637,-2.8496730515000257,-2.819800354113352,-2.819800348868978
-2.860566465187131,-2.8057376746025167,-2.901304128210418,-2.844769562562447,-2.9608819015790786,-2.9206557969780005,-2.8759165107335676,-3.099718734100526,-2.863375259659483,-2.8622555266682332,-2.817191161780625,-2.8171911573004493
-2.9120686182033335,-2.8612573490079836,-2.915951953438909,-2.8638470496981454,-3.0455824614996154,-2.959148383712654,-2.9265007633778994,-3.1203212944813914,-2.878560702477174,-2.876469607131319,-2.8456373790183527,-2.845637374431786
-2.9644259830672235,-2.920371881182416,-2.9410301078583507,-2.8935223279511457,-3.088507256216709,-2.998114723097178,-2.94650227774967,-3.154382324309539,-2.8853688038350254,-2.8837702487349897,-2.8674968310022217,-2.867496826170417
-2.941535764208676,-2.905019418403526,-2.968251593182461,-2.9235997492538264,-3.134924728253566,-3.042146965605305,-2.972841622035163,-3.1989431446342405,-2.9006863483399554,-2.898472066869486,-2.8916290222871073,-2.89162901744945
-3.0346935427405914,-2.997789233277795,-3.000060724659324,-2.961405621447817,-3.1002979902813332,-3.066088209775527,-2.984599551933735,-3.165112091035095,-2.906205084272054,-2.90485696980157,-2.909933061391437,-2.9099330561080876
-3.066385827270977,-3.060259835662256,-3.0228489303685127,-2.9924084673700713,-3.1226219259233456,-3.1088311517040665,-3.020417577756625,-3.1958532113979023,-2.9188187979288367,-2.9174004182382203,-2.935588456856034,-2.935588451313273
-3.133514745978456,-3.1488191563890635,-3.0474643674110395,-3.0196136204196433,-3.1435105031828234,-3.146325656868455,-3.031860452831192,-3.2241253810876978,-2.934268803001835,-2.9323640901287247,-2.9624184462417955,-2.9624184405899205
-3.150304575191096,-3.181594540891119,-3.0810382630080206,-3.0558816413963665,-3.168404133709698,-3.1836069085957455,-3.048888359171097,-3.255356489855353,-2.9463373076837995,-2.9444441159928263,-2.9796421088418885,-2.979642103297879
-3.161544683737112,-3.180408759151297,-3.065010275091239,-3.0341387559639865,-3.0544992689156762,-3.1331067363523095,-3.0129945657736084,-3.2093224028436973,-2.930219053455104,-2.9294165542428314,-2.959341759431843,-2.9593417537479474
-3.1551113189084132,-3.193368133756066,-3.0600041913672666,-3.030683397793175,-3.0876586987545407,-3.1431156583087048,-3.0268469302930217,-3.203647038166804,-2.946081018080996,-2.9446008511895716,-2.9646032222831047,-2.964603217279974
-3.140494995861493,-3.174337026346221,-3.0873299875669886,-3.0595520991107694,-3.1265755591969375,-3.171362639814356,-3.0533008671180166,-3.21516457819137,-2.961877786591957,-2.9598172543695855,-2.991658140915045,-2.991658135809089
-3.1382525408148805,-3.1790128851232438,-3.0998484739696526,-3.0723317665050356,-3.12105404786893,-3.1660546593692764,-3.040210479829444,-3.1881038724432464,-2.973477119384734,-2.9710328083073665,-2.9921786653845226,-2.9921786607111476
-3.172662727761468,-3.209819018717038,-3.137157040210602,-3.1137913502907235,-3.15289216503921,-3.175820008511854,-3.0442138369506617,-3.1837529768948656,-2.9874716534671686,-2.9849998220701606,-3.002762316149014,-3.002762311619062
-3.1251618110607295,-3.13189547533054,-3.127757804026877,-3.1017016583495933,-3.1430790128222457,-3.1640981496293503,-3.023296230456374,-3.1466022913287137,-2.9896657791315455,-2.987953971568593,-2.9991837521781584,-2.9991837476514585
-3.1031436128357703,-3.10561048304651,-3.12482520907321,-3.092449306261233,-3.173521511342184,-3.166426699887497,-3.0128175823466803,-3.1500586785116935,-2.982104745873129,-2.9822979059479993,-3.00322750159213,-3.003227496606842
-3.0096247137597536,-3.0136783243926275,-3.110095905144939,-3.0841142500396685,-3.112862721595487,-3.1270045954075933,-2.97285740153167,-3.1360989624422535,-2.979984964368389,-2.981338026962765,-2.996607491136505,-2.9966074856113543
-3.008644816266562,-3.02239509783109,-3.120155659896795,-3.095631589725412,-3.1700305908445947,-3.1498156375369497,-3.010052878030354,-3.170282359176819,-2.989151615562493,-2.9902434391320174,-3.016941384819731,-3.016941379132139
-3.035421299056153,-3.0612221809707734,-3.1339602463721024,-3.108524148481369,-3.2241638502852217,-3.1818826001668024,-3.0296665529283455,-3.203019102310519,-3.0040051115303075,-3.0042859866319365,-3.043068320071875,-3.0430683142549593
-3.088388352803112,-3.1286179943958774,-3.160737332018593,-3.135891396689677,-3.229046395152364,-3.199313760709406,-3.0366683759787256,-3.215894715614895,-3.013340096323228,-3.0134818105248677,-3.056457146865436,-3.0564571410463865
-3.1078256228650276,-3.1601040149714903,-3.1813352313333763,-3.146706664600181,-3.2728675895344463,-3.2248396210331287,-3.0772330863446387,-3.2343130749354345,-3.027903333854923,-3.0273829746960947,-3.080986074656059,-3.0809860688040187
-3.139171962340807,-3.187637585306208,-3.169337787881381,-3.1260859581705684,-3.2182434597775713,-3.1965813210433236,-3.04352251844326,-3.1717172725554086,-3.017894779914835,-3.0173642082149867,-3.04638632641977,-3.0463863212232853
-3.152380485034479,-3.1801047484670795,-3.1943197070343365,-3.146421219798811,-3.276750001948178,-3.2119336056975705,-3.0569886342569506,-3.178062693967355,-3.030986097545436,-3.0295755768169284,-3.0673255002031525,-3.067325494935282
-3.1207267655986883,-3.144767862917517,-3.190507641179104,-3.1333854741146867,-3.2712450042524153,-3.2130092724726853,-3.045672102438763,-3.1860195980762254,-3.0163925799121754,-3.01882908176652,-3.0708415172189154,-3.0708415110145575
-3.119373037124311,-3.152088362179951,-3.192248191261187,-3.1329100679626993,-3.324690923104222,-3.240785577698073,-3.0542561537475663,-3.2304524939041914,-3.030325007063081,-3.0323263809204533,-3.0955900866394557,-3.095590080024147
-3.1197381635787527,-3.151344719748395,-3.210869874079129,-3.1581670103586914,-3.340788830649041,-3.2532063193781573,-3.0575559979817495,-3.2561466597377136,-3.0450649042243896,-3.0463288605353673,-3.1038073031293005,-3.1038072970590593
-3.14158070748107,-3.18659151147823,-3.2123158815845434,-3.1621265733836363,-3.349489463935532,-3.2674134621782756,-3.056886201906634,-3.2671612408391546,-3.055185271115226,-3.0562914719784975,-3.116728462682393,-3.116728456657749
-3.1852865255644325,-3.239393638430733,-3.2349346800595855,-3.187440096989558,-3.3674339576465258,-3.290281394701982,-3.0787229138776615,-3.284341120609214,-3.062564581684004,-3.0634784371575714,-3.132899176928155,-3.132899170729961
-3.201558832770021,-3.2605577776565156,-3.255094032337454,-3.225550429067718,-3.409583998937306,-3.302842916985673,-3.0885332334928632,-3.322485626095564,-3.0767122294323257,-3.0772600301232895,-3.1398897925991314,-3.139889787098965
-3.2067566279055866,-3.280447180031834,-3.2780854824550163,-3.250516855575638,-3.430341750937297,-3.323108195682142,-3.1084510626561204,-3.329166163017048,-3.086444338258225,-3.086880811853532,-3.1590750737782995,-3.1590750680368016
-3.2176034801310727,-3.298884111461843,-3.2895672483367533,-3.260013102255157,-3.3358497562296177,-3.292149435562344,-3.0810607472997695,-3.3313480979182652,-3.0839785391968015,-3.084592006926757,-3.150130027796824,-3.1501300217881183
-3.2383492277152897,-3.324598420505404,-3.30884905185136,-3.2769486184746572,-3.3713721605134923,-3.309492304564981,-3.118205182255559,-3.3457307052728726,-3.0981893476525055,-3.098164267845064,-3.1692619107474727,-3.1692619048568833
-3.2228815486958613,-3.229306391841648,-3.2566751685292434,-3.219219160072712,-3.0986293161135587,-3.184003655744867,-3.016875261829987,-3.1244427976360605,-3.0280800372510024,-3.0355716172843574,-3.1097423847578067,-3.1097423768903525
-3.077372350909599,-3.03480328845579,-3.1528479302682255,-3.1145101162994955,-2.996451386863315,-3.0953105465042046,-2.955824294463097,-3.0815296660974063,-3.007343587013543,-3.0157313373432335,-3.0585592448149956,-3.058559236681566
-3.052602558835067,-2.9972212322248404,-3.0476990893307963,-3.009729658363987,-2.98789351415324,-3.008196348084487,-2.899702704868919,-3.0208782674724963,-2.959516708761958,-2.9706474432081844,-2.956441886214868,-2.9564418796573344
-3.0123485524972797,-2.956728641289105,-2.994427745615055,-2.9485662391011638,-3.020461002950614,-2.9470333715398658,-2.8467574431347664,-2.9697344144151208,-2.934325269524263,-2.946423020677962,-2.9143893168624357,-2.9143893105716376
-2.912513240237494,-2.8479862624307986,-2.9652110789234674,-2.91289055870267,-3.086085584728403,-2.922519693307769,-2.8470033680540046,-2.9804874401777077,-2.943976498606555,-2.9551992463553978,-2.922659537007755,-2.922659530955262
-2.947527648030414,-2.889551812057751,-2.9592410440715193,-2.906840470049299,-3.16708484549445,-2.9409103359989333,-2.88084090984272,-3.030352332220871,-2.9535192945414517,-2.9646843706258856,-2.9455287978149194,-2.945528791514207
-2.9570804092858327,-2.915408795259184,-2.9669350924708375,-2.913813237344281,-3.1864314408045304,-2.956655894442842,-2.887017873567503,-3.0500908045333737,-2.939856410449837,-2.9524408758467797,-2.9394632627093773,-2.939463256079395
-2.9942967702941408,-2.9573688692809768,-2.9963569758905235,-2.9477138952500104,-3.264758861708561,-3.0041620488010707,-2.932895788085253,-3.106615881888138,-2.952939840624942,-2.964787557051253,-2.9641886402054314,-2.9641886334521685
-3.0289990717216444,-3.0026737346540853,-3.0467936057312173,-3.004432716856761,-3.314472623620169,-3.0590559005737945,-2.985889481047228,-3.149609798923724,-2.969093035167293,-2.980098829314866,-2.9904088425182365,-2.9904088357278207
-3.032789021214954,-2.9914484129894916,-3.029597327147834,-2.984021289493738,-3.1972448658778587,-3.0401839996153073,-2.9257173845012714,-3.0147709158644815,-2.949489902708475,-2.9593271209267944,-2.933210934412763,-2.933210928153753
-2.9832425675269714,-2.9554018445478394,-3.015859751996138,-2.96974703455578,-3.199245726150183,-3.0460753735833297,-2.9208519732642264,-3.0204000657722823,-2.9582076800693056,-2.96739096464331,-2.94556001211494,-2.9455600056636264
-2.9762779102064085,-2.947007518088966,-3.013527613095178,-2.9653379372986963,-3.2592528310323354,-3.078192274383628,-2.9453567812686248,-3.055934195542001,-2.9725178161775547,-2.98107450908507,-2.966628743575072,-2.96662873717255
-3.033194128463716,-3.0092660123549453,-3.0115191558354777,-2.962221238475938,-3.2496328420607754,-3.0902769843251208,-2.9442007101840946,-3.0555767091425983,-2.97455866036877,-2.983357996511753,-2.9741761686061787,-2.9741761619504827
-3.010007323371591,-3.0065550743880327,-3.0352957318881106,-2.987349990484514,-3.2561089120905393,-3.107555821190224,-2.952613952545487,-3.073545493501661,-2.983848266239877,-2.991967787035789,-2.996171407522797,-2.996171400718081
-3.067044301816331,-3.0672282403838182,-3.058381519808294,-3.011566427749673,-3.2656666075346084,-3.1268198041703283,-2.96687554699069,-3.0857766456838203,-2.99375670075163,-3.0012390737741743,-3.011959422346946,-3.0119594156250087
-3.0678446554581953,-3.086315125293609,-3.0691374379913303,-3.0277909556487006,-3.300504246663076,-3.159426258503661,-2.9828325809703204,-3.147818931876596,-2.997512222994285,-3.0060289599162546,-3.031758884715067,-3.0317588772429658
-3.075003048706102,-3.094942084249401,-3.086009877202983,-3.0467205841279625,-3.2079890587072644,-3.138276290385821,-2.9556707847118937,-3.1307870116593666,-2.986076317627247,-2.994982324000243,-3.0204884528480824,-3.0204884451958374
-3.1159311448858453,-3.145219821742354,-3.119117629964089,-3.081210258959446,-3.254703226453752,-3.1696889870176888,-2.9861333795133014,-3.154182933034059,-2.996572773260959,-3.0046874836710344,-3.036319800295978,-3.0363197926272756
-3.161733867110374,-3.1957091116811096,-3.150639613268178,-3.113214131079752,-3.2958789275771556,-3.2050670024723096,-3.0219314696697106,-3.188297390001293,-3.0064727330221723,-3.014519092318145,-3.055536475158889,-3.0555364673679954
-3.2288691605647246,-3.2769059353642676,-3.1840919821068123,-3.14913696483382,-3.2897233166269824,-3.226840742512583,-3.0370692658931966,-3.197950521509626,-3.01525108386386,-3.0230705089609176,-3.0720386012744263,-3.0720385934487044
-3.244604147204732,-3.290056818312181,-3.2070548358148576,-3.1722236464959077,-3.325482423675739,-3.26321555668596,-3.0734998385077215,-3.238817524633871,-3.0313990592964326,-3.0382673890817053,-3.096312005670941,-3.0963119978437446
-3.20757157876928,-3.2495269973383833,-3.201739245448006,-3.150812288774679,-3.3435278913110116,-3.25961408612221,-3.065197146906143,-3.266016411106558,-3.047567001004702,-3.0535187289245194,-3.0978237579351555,-3.0978237509541877
-3.1819112255658704,-3.2337823595357382,-3.199031832793886,-3.153266599982128,-3.34815694105684,-3.2494441260744407,-3.0563569420577057,-3.262242462681292,-3.0615086578463857,-3.0672028258048285,-3.1127078118177045,-3.112707804856555
-3.1616220635672523,-3.177080447337396,-3.17718079768958,-3.138265619294371,-3.191874351378654,-3.179140413002864,-3.004996719766586,-3.1594009318007252,-3.038773107413908,-3.0466791524048906,-3.094092139748307,-3.0940921323646577
-3.1146847337429993,-3.121948687414091,-3.1675466014627487,-3.1327054827607235,-3.2300707391253614,-3.190208549791343,-3.038161161014663,-3.1804456291921896,-3.0552597788391616,-3.0625459169481677,-3.1140384398710386,-3.114038432657844
-3.160049783183503,-3.1519325409137826,-3.1683538112013157,-3.1416377965592726,-3.2586022988696,-3.2188040749839124,-3.0665241127012584,-3.2324046555792845,-3.071221247673564,-3.078014810874271,-3.1380070859760725,-3.1380070785495926
-3.1435118377165825,-3.1369543801015376,-3.169088448050914,-3.151800570107567,-3.252986551798969,-3.232201294946597,-3.079895015357932,-3.2277882396791,-3.0848738176089148,-3.0911049287231873,-3.160664661346512,-3.1606646537889604
-3.1760483423352492,-3.204544244377192,-3.1836823473915556,-3.1757900233979655,-3.2532175534718,-3.256356850397997,-3.096479168220698,-3.23608430212459,-3.1006424484134487,-3.106372842053428,-3.184827858673996,-3.1848278510925447
-3.2121158980449276,-3.2493509947181924,-3.205229439187754,-3.2103424877640125,-3.2661376079559026,-3.2818873770341703,-3.109375551631285,-3.281048993131799,-3.104037177085991,-3.109960134513897,-3.1913791001661456,-3.1913790924298286
-3.1913666190779444,-3.263224092346539,-3.2334503779930586,-3.2353402962777955,-3.23189446761717,-3.279199088516687,-3.121038492282412,-3.2829028689558832,-3.0973758827605704,-3.1056295107172702,-3.182385653082124,-3.1823856448230416
-3.2116333206581915,-3.2655361902838664,-3.24167140101774,-3.2283718548451157,-3.159210929480814,-3.235125322984668,-3.0599719237659655,-3.223277414649076,-3.063427360530895,-3.073623487201132,-3.1234519368746083,-3.123451928630558
-3.176158742958772,-3.2306456607297886,-3.2623055369564926,-3.2447622570132992,-3.218133981774328,-3.2479571994750005,-3.0843673220730286,-3.214533142092871,-3.079117629650379,-3.0887285640953865,-3.1489010219333826,-3.1489010136122406
-3.1948963304543563,-3.2497415287252687,-3.272731163663691,-3.248621106898588,-3.2329390428082028,-3.254414178613536,-3.095928939908983,-3.2219754686760496,-3.0721512494605654,-3.083556521674297,-3.1500854659725244,-3.150085457180919
-3.1822492858011358,-3.2211676490313477,-3.286096687962545,-3.262216832924658,-3.2704064762205185,-3.2798269937395523,-3.1247061719885654,-3.2500239788833607,-3.088243611391823,-3.0987699865558547,-3.1650974709224324,-3.165097462391533
-3.2098624502606006,-3.257139798595665,-3.288723322838841,-3.26768527749622,-3.2815780457641948,-3.3003337902913135,-3.1446022038287684,-3.2827976489949,-3.1004803501616376,-3.11028604553995,-3.17480761840048,-3.174807609742551
-3.2304649643866714,-3.2908642666634185,-3.2893733144315735,-3.263890654144658,-3.3173102485446124,-3.328342512504563,-3.1628150361788854,-3.3114781098341353,-3.1167548694798244,-3.1258161384776737,-3.200166326846042,-3.200166318133575
-3.2346205336013525,-3.288422993007545,-3.2967416406895493,-3.279987983156601,-3.258281371158095,-3.32546178992714,-3.170672363636351,-3.292520090904978,-3.1129026250375142,-3.121697629103798,-3.1988522483280275,-3.1988522392272283
-3.2464910928822466,-3.309983284053204,-3.2992178932843936,-3.2814569815946424,-3.258314552496039,-3.3337360941480685,-3.1854785856325667,-3.2848846780127743,-3.116116227260443,-3.125743672312635,-3.204071578587344,-3.204071569201175
-3.3190132577515907,-3.3656692805283095,-3.3066818230177475,-3.291626672249082,-3.2780142877924723,-3.3570047983642595,-3.219466447546213,-3.281988676829359,-3.1284307948996593,-3.13758676093023,-3.2256867862285015,-3.2256867768131454
-3.3382876898903433,-3.389069288125427,-3.3012754238380335,-3.2840288680871805,-3.3009792651930336,-3.3768005609830194,-3.2389924903696077,-3.3143735843379054,-3.1432839477863017,-3.151404181430889,-3.241197747935059,-3.2411977386621547
-3.3066939917114135,-3.347893192622471,-3.308019170646988,-3.284615233307476,-3.315182943010341,-3.3819627469848657,-3.246258391219433,-3.3380674740912752,-3.1459139828643683,-3.1556081674491496,-3.2471183149457783,-3.2471183053691686
-3.1569346626913712,-3.200396516368239,-3.26473878613721,-3.231918367114461,-3.1533899463570103,-3.2641371376800477,-3.116856239193367,-3.2108927551456286,-3.0955027948005513,-3.110082422447622,-3.1534547894358487,-3.1534547801517947
-3.103320874649117,-3.1565731148927823,-3.24158092210289,-3.2030571633256923,-3.1637417781726116,-3.2163308397424153,-3.1219373636844043,-3.1898416481468987,-3.100450337465307,-3.115027703611141,-3.1583368890107524,-3.1583368794518427
-3.0463411721888276,-3.0790927412489224,-3.2260939756582063,-3.184636389315712,-3.214056861852489,-3.1987359665936865,-3.1489125068269783,-3.196851511406556,-3.11516308938601,-3.128664780598935,-3.1830363445586998,-3.1830363350051853
-3.1101018152648936,-3.1487378651298665,-3.2270728276224165,-3.1956975116192075,-3.1809996624087993,-3.1767323482582888,-3.130325731189157,-3.157004432033739,-3.1188560050796,-3.1325643437843107,-3.186978032585982,-3.1869780230007447
-2.9924551533789447,-3.014326641863045,-3.1773790804762685,-3.14097432027579,-3.1328575516731165,-3.1362302047069286,-3.082063913553124,-3.114650868703456,-3.087981844214894,-3.1070389877708147,-3.161655657552572,-3.161655647119477
-2.9831806583202427,-3.0014660432624787,-3.1610456572565173,-3.123885325717398,-3.181730377331986,-3.1465844618187844,-3.102473450414008,-3.123471588608473,-3.099316472680346,-3.11723214468033,-3.173212119980912,-3.1732121098804287
-3.027362281177889,-3.0262314392818337,-3.1387738101532925,-3.1045287739357534,-3.1481148938386143,-3.1378778377610717,-3.0896364487481245,-3.111001638176209,-3.0978566405133674,-3.1148692219033887,-3.1684146239714237,-3.168414614062484
-2.94300426120275,-2.9245972605727584,-3.053260008920744,-2.9998808655473646,-2.9246799722749177,-3.012136123324013,-2.911259969314766,-2.815285042605036,-3.0089891140576857,-3.0274847772007973,-2.9857455120512624,-2.985745504191171
-2.884703159616857,-2.834513417084634,-2.9974048367385,-2.9343701683839267,-3.02414030998901,-3.0045126865411773,-2.9505399982850133,-2.879062955611754,-3.0226761749483,-3.0399935243648817,-3.006579997437245,-3.006579989594658
-2.79506219803631,-2.733738327951516,-2.972376510822169,-2.9127829304115456,-2.9752595342929835,-2.9679993110510776,-2.9155894057635154,-2.8581204357518857,-3.0090537803176094,-3.027424475023296,-2.998885915866368,-2.998885907929387
-2.795592807604761,-2.7109010066683115,-2.915325168666365,-2.872627728109323,-2.914272040809051,-2.9315001956634115,-2.9263809409877712,-2.8019551467183383,-3.0157980283980224,-3.0264132829657098,-2.972689138979643,-2.9726891337659533
-2.74804527495483,-2.6535958235109236,-2.8761477105609536,-2.8338150292724684,-2.940852120367803,-2.913349278180697,-2.9326675754002873,-2.8450742598914984,-3.0271108752627773,-3.0367392679526897,-2.9932971882849913,-2.993297183038154
-2.7423157483383647,-2.6403423271495075,-2.855886001904285,-2.8203885246837013,-2.8248242899082436,-2.8661927534077307,-2.8692368098893355,-2.772973666684294,-2.984268083216723,-2.990230920997076,-2.962752610574287,-2.962752604711804
-2.7405155319203653,-2.6358343149538754,-2.8346404782798382,-2.7992208905575318,-2.8458384997514345,-2.8662053796772198,-2.885838205635458,-2.80604076216235,-2.990371329513827,-2.9956846286080725,-2.972296016551537,-2.972296010816806
-2.726927735010377,-2.634921478224664,-2.842814294838525,-2.8055726354690487,-2.8721482181825193,-2.8822105034165943,-2.914412045261672,-2.85130578469954,-3.016670901062085,-3.0585517795391874,-3.0402325800824963,-3.04023257869739
-2.786530398989199,-2.6948105792231005,-2.874564288979307,-2.8479788018654624,-2.9237891160539715,-2.942150598121369,-2.9513139505531982,-2.9010775466942804,-3.0325450374643435,-3.0731091979212244,-3.064222624725122,-3.064222623236555
-2.8018704693428647,-2.742312312443903,-2.902351906161224,-2.882236268274079,-2.97648739185715,-3.0117913714050166,-3.004025060185278,-2.956939075573653,-3.0479056375303917,-3.0873708469684527,-3.086138172133042,-3.086138170662855
-2.868869340922115,-2.8174160851253056,-2.9361253308621067,-2.9168737398407214,-3.003810191601303,-3.064920981799694,-3.0399242473559323,-2.994604231503168,-3.058242324986254,-3.0968019003481113,-3.0981339355677884,-3.0981339343755714
-2.9272265496524477,-2.8789934769309315,-2.9705699052587433,-2.945442376279537,-3.008005602990349,-3.0978802335395956,-3.0529880912475083,-3.012014650752968,-3.0632154714849538,-3.1014287970002776,-3.105291667700752,-3.1052916665423407
-2.9555486968644327,-2.9277533026726283,-3.0096844305941532,-2.970026403741092,-3.070007052842146,-3.146044615356341,-3.0898364546826342,-3.0685493597140105,-3.121092862146998,-3.147782120697767,-3.17328172817741,-3.17328172798742
-2.99973625664769,-2.969770707262508,-3.0401633325275834,-3.0052707556578104,-3.1150587619908183,-3.223380735549926,-3.1265813316111704,-3.119906968189801,-3.1507217901628755,-3.196324957101722,-3.217489408600424,-3.2174894070329048
-3.118133623997095,-3.0937958846086655,-3.075826358873876,-3.0345764255264873,-3.149657142217097,-3.252370972015689,-3.1352937313545013,-3.126762644819444,-3.1656716128824582,-3.210047727567779,-3.2208453726274144,-3.2208453717046575
-3.088144120107362,-3.0287200635329965,-3.0406796323943914,-2.9937546897537053,-3.001743177971254,-3.1801335370149078,-3.043325830389829,-2.973048200604839,-3.110484947471686,-3.15954979628149,-3.1619862339512013,-3.1619862324599755
-3.0769567385407512,-3.0249699096165106,-3.0280228893009236,-2.9803523327867554,-3.066054464502932,-3.2253516675806027,-3.0972827717556166,-3.0249646447285317,-3.1269157339418943,-3.1745579619848234,-3.186259452349412,-3.1862594509088877
-3.0526716740970867,-2.9909541921390312,-3.0115461308050797,-2.965814056703825,-3.0589383981280704,-3.2290213335936224,-3.1060872025919,-3.071476023886925,-3.1331747006113813,-3.1796995091622424,-3.1846773485423787,-3.184677347254097
-3.1132818268022366,-3.0935881587504466,-3.0280265319879147,-2.9747731899362364,-3.123241525656041,-3.2774519131220567,-3.1645270142425046,-3.1585153449972547,-3.1838788378979026,-3.2009077137333133,-3.2294878634841915,-3.229487862180753
-3.125608553405206,-3.1130554731255313,-3.051214452467195,-3.0042561133147454,-3.1608688750792244,-3.3213419386142755,-3.2060328615181675,-3.210573536321444,-3.1972167220125924,-3.2131970849113998,-3.251825464347921,-3.2518254630971324
-3.235176687468445,-3.2649811143514564,-3.0884860776674694,-3.0463167908125053,-3.1961327769251797,-3.361097380335348,-3.2389964658528725,-3.251057564385811,-3.207456826024668,-3.2226406092637614,-3.2706793446389604,-3.2706793434113344
-3.3029354750412985,-3.364378230645535,-3.113616463056757,-3.070470343898112,-3.2458150024221326,-3.3943099146744258,-3.2700203596572277,-3.294014823445416,-3.2217218413418687,-3.235529184703021,-3.2877190821996303,-3.2877190812550507
-3.3006385439754418,-3.334498587644889,-3.129223024657358,-3.104414801569159,-3.2625781606532454,-3.3956204700853143,-3.2823578170177954,-3.303049127159542,-3.2275560557077325,-3.242032133732349,-3.2906569268215193,-3.2906569260271405
-3.2898191425831196,-3.3226607843168185,-3.1728074823903323,-3.158857933383238,-3.2964709104975682,-3.4212870615919324,-3.306298244114126,-3.3248921608700224,-3.241142227415945,-3.2549376160568206,-3.309832840860711,-3.3098328401594586
-3.270968634018717,-3.3070664754540866,-3.191950171959121,-3.1804606466236764,-3.3194839898296857,-3.439875758290108,-3.32501528376629,-3.3492099939864985,-3.25028916782186,-3.2630255630897724,-3.3217271789464027,-3.3217271783337967
-3.2880959121919022,-3.334850658932328,-3.1807166525189516,-3.1561794255385336,-3.3139539707278156,-3.4051417182903556,-3.2795721477486346,-3.3840578747625463,-3.260376668006913,-3.2712448191929875,-3.30820452525536,-3.308204525732732
-3.3359856380200332,-3.403015590936055,-3.2127534319068807,-3.1917022733176954,-3.3600268299669795,-3.4298016696095592,-3.2950684299949646,-3.3977393747597144,-3.2720625434746804,-3.2821318474078742,-3.3287995499318823,-3.3287995504052468
-3.2946072531558928,-3.3249029078348444,-3.225228517031039,-3.2043009885360316,-3.3306247545047594,-3.413864840632342,-3.2731905409634616,-3.386265509177542,-3.2657550943201885,-3.2784175150337784,-3.331497350200391,-3.3314973502013183
-3.2747603977112876,-3.337421846221617,-3.241127573370844,-3.2219023660946773,-3.345658800259963,-3.420602692289532,-3.279005860587288,-3.3884964969218285,-3.277894075845227,-3.2900417189681805,-3.353175259870323,-3.3531752598423594
-3.2952393382469234,-3.37625286985568,-3.2658653759262326,-3.257803508723928,-3.3501596760086136,-3.440742435168124,-3.3078691889684775,-3.396204785474048,-3.287846792664896,-3.2996219016940795,-3.371061562923677,-3.371061562820034
-3.322920124460408,-3.4022609801519117,-3.2824048298791175,-3.283474991830273,-3.340898242839263,-3.4605975281059402,-3.3273872092760337,-3.377894611680209,-3.297478233918661,-3.309598591941956,-3.38160679202669,-3.3816067922474344
-3.3458408439140683,-3.4272917121222046,-3.307778301882323,-3.31204322426914,-3.358990065216553,-3.470719476826696,-3.3412310803449587,-3.3568905267170885,-3.3108078168251165,-3.3224684226767227,-3.3961633275031975,-3.3961633281560433
-3.3719939248792055,-3.4362950350500694,-3.341771476115427,-3.3484652622723114,-3.407249159430713,-3.501061029488892,-3.385778025712714,-3.386918566408556,-3.3222497787012073,-3.3334173001966745,-3.416539244239229,-3.4165392448598952
-3.3093004450279113,-3.3518635766801985,-3.347085529090567,-3.346492001765711,-3.303204015408875,-3.4422529802197603,-3.3483384783098624,-3.348261712589156,-3.275004556189743,-3.292772263377544,-3.360615647646589,-3.36061564711909
-3.3369664167783752,-3.393923117034851,-3.350742935347821,-3.3452800014124424,-3.3147828497548053,-3.4163596462430217,-3.3290570011839975,-3.302682608375394,-3.282068748964446,-3.2981658516216545,-3.34797844548949,-3.3479784458252233
-3.3042410544620067,-3.3264170295511484,-3.318786275793169,-3.31102858016684,-3.2131620262755027,-3.347926728859732,-3.261217527490896,-3.203236807105064,-3.2533172483253026,-3.2722348071518295,-3.324683329539547,-3.324683329330677
-3.261834637364491,-3.2643734013048156,-3.292192531904908,-3.286428068765966,-3.2201994476069413,-1.2313981662998876,-3.279229529920249,-3.2169757689459697,-3.260911191489461,-3.279382659836341,-2.1041646723352256,-2.1041646370794123
-3.1652695154950306,-3.1412331029207743,-3.1988453873789404,-3.1886956921794907,-3.0532731258533317,-3.1973552426129355,-3.1504670476149963,-3.1187914077268926,-3.1938417368796026,-3.2153634342890616,-3.226239432965663,-3.2262394319408703
-3.099454410265888,-3.040245947389444,-3.138524345221227,-3.131939561414767,-3.0582840085346694,-3.1859500034712482,-3.1566287890624443,-3.12827454378819,-3.18452447098855,-3.2073564782476556,-3.2200835580830143,-3.2200835568741555
-3.1326108024728403,-3.067569092910595,-3.1088179215472507,-3.0978086797173088,-3.145110522477309,-3.2194805765105037,-3.230005180934122,-3.206424943068611,-3.2005661158892957,-3.2220447051039534,-3.23669285022521,-3.2366928493407836
-3.103871742599311,-3.0571522863583382,-3.130024264114185,-3.1213060586893047,-3.209087025372531,-3.247119228474543,-3.3354679923299093,-3.267505578764236,-3.2141618866330353,-3.234631496748362,-3.2551484693253814,-3.255148468582867
-3.1914778089845237,-3.1663356446393527,-3.144836777013196,-3.1153135266589205,-3.1873205441589034,-3.209691231685561,-3.2575719678038935,-3.232617733883645,-3.185103678092971,-3.2027372448569453,-3.182129146293133,-3.1821291473140647
-3.189283509980595,-3.14162629220582,-3.1840636465683723,-3.145493772069928,-3.2369095145835445,-3.2181896919064377,-3.2705583689221047,-3.2593051225194953,-3.175842308916491,-3.1950011172803023,-3.17983913431714,-3.1798391350808606
-3.178898369833272,-3.1478877745113905,-3.2106597450042904,-3.174853341208234,-3.246711687014158,-3.2184048768528695,-3.309733115014297,-3.2870081273298655,-3.183242656131916,-3.201737560160324,-3.1878897906024544,-3.1878897915235282
-3.080874903744313,-3.0167614274647048,-3.1888206406121005,-3.14650045611408,-3.2152715795081757,-3.1753421930835355,-3.2503364062070164,-3.2959256441614704,-3.186511670531817,-3.2032175584905076,-3.1669381802269534,-3.1669381819213522
-3.1117804769741495,-3.0544766207473675,-3.1932814803351586,-3.1650563905861477,-3.214644314518917,-3.177447162218495,-3.2494486214206724,-3.303665619825191,-3.1897406738359093,-3.2074270032557477,-3.1761861790672565,-3.176186180593555
-3.090506994325948,-3.040523251161747,-3.190371230355487,-3.1687773723952253,-3.262065865130236,-3.203323166874907,-3.2878184886558057,-3.320777675096764,-3.2040420423497467,-3.2204563553450885,-3.200566949443777,-3.200566951015738
-3.1283520570054053,-3.1064644177378415,-3.2050857195817555,-3.194765555569552,-3.271520691934923,-3.2181624667855298,-3.285318706002039,-3.3646952215315022,-3.179108224662996,-3.197609942510908,-3.186607580977537,-3.186607582075592
-3.134083744946767,-3.116856250336952,-3.2128420907512614,-3.203177734037446,-3.3013216994242423,-3.2286276893186363,-3.290188215745556,-3.3859216752042935,-3.1936288145350047,-3.2109265882180074,-3.1951154160967703,-3.1951154176473113
-3.132349591788588,-3.1348116584026844,-3.2227346949317512,-3.2144566526868212,-3.2977904993261444,-3.231501681925788,-3.281418190881231,-3.36769951946787,-3.2012913683745667,-3.218940448368489,-3.2115362442288466,-3.2115362456055414
-3.1800597979301277,-3.1886601971631414,-3.252457878687752,-3.2529440006321177,-3.2843436362790697,-3.2489863219449653,-3.2996990880893557,-3.3466784476557168,-3.2110986088347095,-3.229342400447008,-3.229923088798203,-3.229923090113088
-3.2446460226918488,-3.2466377166588662,-3.2762284249164093,-3.2801310768598304,-3.2929856889981233,-3.2741345948873875,-3.330855590610529,-3.3463920206137927,-3.22679507746125,-3.244128488429827,-3.25374878221222,-3.2537487835546934
-3.226836255670606,-3.2395576318522634,-3.299521393582642,-3.3108554110424686,-3.2915117854887113,-3.303130869812003,-3.3556366431645914,-3.3582328924137728,-3.2408987839471575,-3.2575843471159907,-3.276616152273741,-3.276616153549683
-3.3049006121757865,-3.325431560531592,-3.3194270222496964,-3.3335913818467686,-3.273515979529956,-3.311420313526287,-3.340730818296438,-3.365501765720228,-3.236689273592503,-3.25332943304514,-3.268813672495429,-3.2688136739277693
-3.315568003158231,-3.3461289693157577,-3.3321403211850753,-3.340709234541939,-3.297450025813855,-3.3269042296067735,-3.369197703978234,-3.3883427182620047,-3.2521534890333688,-3.2680195660318327,-3.2895387348423935,-3.289538736442926
-3.3009693557137845,-3.3442585710574093,-3.346812380855438,-3.353002123255983,-3.2975890198702054,-3.3365255175944117,-3.371134089674034,-3.367931919659818,-3.261055252207968,-3.276600875249505,-3.2980157545573543,-3.2980157562256363
-3.2109150161432805,-3.238045788139164,-3.291260775245494,-3.2832111607823116,-3.1355617156768707,-3.2244784098360215,-3.1989987973700993,-3.2499054063352504,-3.1738399893392457,-3.1969602653578066,-3.191983829807471,-3.1919838304277652
-3.149406383705795,-3.150591410368321,-3.2720841299102514,-3.2597669055527545,-3.1828347161786845,-3.219816617714779,-3.221326318407572,-3.2634699090171138,-3.185080156859549,-3.2073145018136935,-3.207376998753424,-3.207376999325077
-3.1093149607828874,-3.111331881179537,-3.244208347055781,-3.2194564412240236,-3.214972359210918,-3.1927606820137555,-3.2010434747085035,-3.2724539875442997,-3.1974494086883842,-3.2178449102615216,-3.205462323098473,-3.205462324423947
-3.0790751377617323,-3.048898128733212,-3.2171409851598423,-3.1809579218761304,-3.204083316403885,-3.161094787084097,-3.166679677617572,-3.277357273851197,-3.1966708119127087,-3.215818246621632,-3.1979678748798435,-3.1979678764224904
-3.150287209404422,-3.1339042176220193,-3.2333866796819484,-3.204128192604583,-3.2484792180498623,-3.1881054232993233,-3.198975298537159,-3.2950576012213357,-3.2092455686025945,-3.2282321402761793,-3.2205664123577487,-3.220566413808688
-3.1478169710574595,-3.1569258022290727,-3.246440243956613,-3.2243719822132713,-3.279778112462283,-3.21623733712842,-3.22380103644716,-3.3159566457702594,-3.2235023572491057,-3.2417026127941266,-3.2396186164971104,-3.23961861806951
-3.1733491762165613,-3.1929009614965054,-3.2576626936070134,-3.2408784147974075,-3.3147429968291484,-3.2488563706540092,-3.2529851410345363,-3.374325412672695,-3.2368818951495273,-3.2547852933909307,-3.2616557824756276,-3.261655783917093
-3.19486146682568,-3.1701214098749064,-3.243324830901496,-3.2237001426727794,-3.2345295463613786,-3.210316870725699,-3.2030492948444924,-3.3162981912978022,-3.2297605141545365,-3.247084921376552,-3.2488955561017114,-3.2488955578374865
-3.189777086350028,-3.169668255125199,-3.257459228018811,-3.2467115416350047,-3.2629488815273104,-3.238208434841214,-3.2314726663205824,-3.3322872158372587,-3.245387271808716,-3.2621757322336693,-3.2732996426103567,-3.27329964427999
-3.203976462190716,-3.1950195437998845,-3.2763866608170993,-3.275470983083994,-3.268862625546696,-3.2605352962077907,-3.2532932247929183,-3.351124107773493,-3.254003787032965,-3.2711296047560143,-3.288071048170959,-3.288071049775003
-3.1850319132961182,-3.1946596462732515,-3.2662952341914546,-3.26251627384193,-3.2564519196163646,-3.2547039236934165,-3.232099624809,-3.374943805640662,-3.259097733131743,-3.2749886585426893,-3.2874770420069996,-3.287477043795109
-3.2151302179555277,-3.2343700268653865,-3.2960948464287614,-3.303910114652653,-3.2866357737212324,-3.2657327702640924,-3.241291952942372,-3.3473083307311176,-3.2731823331868757,-3.288972584106377,-3.295570814384347,-3.295570816327349
-3.270064887804939,-3.3236619106617873,-3.314125247965674,-3.331267170848727,-3.2917700617874646,-3.2771853067592,-3.245583733789144,-3.3144726183631756,-3.286398334189581,-3.3017295279013137,-3.3111770839854398,-3.311177085929896
-3.284111011383052,-3.3032023511179034,-3.298171514495761,-3.3197506195204323,-3.2596762058489483,-3.268603867929691,-3.2244998681688934,-3.2627475840280207,-3.294954939598342,-3.3122813685481662,-3.306565782697109,-3.3065657856744513
-3.27760682561237,-3.3087145126247246,-3.3007370476802222,-3.3233495418347303,-3.2818192939863025,-3.2882918951791438,-3.241288485075122,-3.279179950414398,-3.3045535812240043,-3.322031999475038,-3.327955266957039,-3.32795526961062
-3.2381617140449355,-3.280544593089486,-3.2851190873396265,-3.3116383659362896,-3.244959290166873,-3.284427385394035,-3.2325239005452877,-3.2551601584224246,-3.29753468106337,-3.3161921149858213,-3.320866841033996,-3.3208668437828313
-3.1988428967806817,-3.2368251391894383,-3.264963188393692,-3.2974155493153128,-3.2140244096349257,-3.2727313306448726,-3.2226306326581744,-3.2203393193947467,-3.3135350869497966,-3.331405266022756,-3.3306343546656523,-3.3306343570075816
-3.1941224828971335,-3.1965506343723744,-3.2685621953801136,-3.3145764852002157,-3.2087144390619096,-3.269011763194901,-3.205830286669964,-3.18729218787542,-3.3184349199360144,-3.3386793430906128,-3.3457092776196173,-3.34570927947698
-3.190431422984832,-3.1822859231922216,-3.2421692545014498,-3.284940574015925,-3.2205012708699905,-3.271135795452347,-3.2179171075772106,-3.182591584262746,-3.3270792565376035,-3.3457387032864068,-3.3486697137418595,-3.3486697156594425
-3.1852474533706214,-3.1785603702766894,-3.2267820884817486,-3.2713245441780328,-3.244623616339742,-3.2898004753747587,-3.237874291404596,-3.1902580460554213,-3.332311272929762,-3.3511541330081847,-3.3627933066752336,-3.3627933084227712
-3.226496575426114,-3.2289465550804914,-3.2024446333722687,-3.245527732952987,-3.244043813874261,-3.2946959479062525,-3.243713424987432,-3.1825873058863716,-3.3331758925512043,-3.3516405620400533,-3.374631849600048,-3.3746318512095517
-2.384281599765934,-2.5233949276226966,0.4995942106145219,2.6450486854713087,10.074959912447381,11.343421140741622,8.503919442779038,2.181146539930662,11.822818854995516,13.07639382499628,15.229473196122733,15.229473472378931
28.25296251738446,23.990743305186896,23.813594675865833,26.636417065536346,15.336362086851857,30.29731629255371,22.85393516766522,15.503623550965372,37.914850346162254,41.4498518120748,42.482298551033686,42.48229860504952
-2.8113056578315105,-2.759670401610493,-2.8305995801903308,-2.8534867214455595,-2.615256807879058,-2.847432539374805,-2.7366421993320773,-2.6907210529699865,-2.951871143703066,-3.0274070612682085,-3.0244729785990287,-3.0244729772406576
-2.7276056581170245,-2.702022078199456,-2.7139280708425098,-2.738629908053559,-2.661018070653673,-2.8378203175684806,-2.7425917778176077,-2.708374351137355,-2.95296137260143,-2.932000044713601,-3.0367052122841103,-3.036705210109152
-2.669998068403408,-2.6548633266593047,-2.662802324502742,-2.6835588361868448,-2.711579257809585,-2.8273523266893226,-2.7553626691063258,-2.718651277080381,-2.9421364618815486,-2.9299555638742594,-3.023227141858618,-3.02322713993553
-2.6884352567334138,-2.666120192875624,-2.675000719417548,-2.6876227689669574,-2.7720326769200034,-2.8296203077823625,-2.776637163376203,-2.7279166684459137,-2.942911847158752,-2.936433273332651,-3.014024680829457,-3.0140246790526652
-2.6109163702779083,-2.6117163790261673,-2.681802111439096,-2.6840222723454463,-2.846820423270034,-2.844787747581336,-2.834577868480596,-2.7741952029917543,-2.938090131107547,-2.9403856753258095,-3.025183292825916,-3.025183290467833
-2.6663973017221356,-2.6583181624057723,-2.706817313602084,-2.698172410655495,-2.9138221594147575,-2.873112328467192,-2.9070891388681277,-2.8267974708023127,-2.9606126267969715,-2.963970183616377,-3.0455661834558674,-3.045566181484496
-2.7192341071131834,-2.71277772069899,-2.748165598899493,-2.7255209053334575,-2.990454722126363,-2.903801881575873,-2.9681071149036358,-2.873293416528901,-2.979874219388191,-2.985488025845489,-3.0503399031984575,-3.0503399019577224
-2.767039580994899,-2.7553966704339174,-2.7731457558292987,-2.744880392489656,-3.003708500942999,-2.9190346427012654,-3.0104664986571383,-2.9122850147073485,-2.9973705694457458,-3.0042036388518922,-3.0574458974776606,-3.0574458963157256
-2.7743447142200655,-2.765230614756538,-2.7939017195208753,-2.7682205965676663,-3.0026146148606143,-2.9457727344234685,-3.0504503689846203,-2.9483884705606886,-3.010768617468044,-3.020256595549008,-3.076703664720714,-3.0767036635332037
-2.7577530683314277,-2.741023572037219,-2.7935340499189136,-2.7684308092093164,-2.969354800418813,-2.9290696098445714,-3.0194261809269065,-2.970980291045337,-2.9633337670330415,-2.9855590888045755,-3.040311356070852,-3.040311354302141
-2.8074895626356042,-2.773468847325142,-2.8106892953790563,-2.775035807132694,-3.04965223469561,-2.949195830554312,-3.0604826297358234,-3.021859188205242,-2.9818534712219167,-3.004035751519736,-3.0614923787065575,-3.0614923772303904
-2.861530344310024,-2.818452706948067,-2.8343604608714026,-2.793970391463598,-3.0773180575337262,-2.9721392140828,-3.07857391405294,-3.0703964263980765,-2.998730168550491,-3.021542546143621,-3.073270310314368,-3.073270309041309
-2.9162295385020114,-2.8712165118969892,-2.85818369733921,-2.8127642716793138,-3.076389895566283,-2.998315426240713,-3.0997303071261215,-3.1009073286046798,-3.0126506041013017,-3.036404690201106,-3.0932746085629743,-3.093274607457004
-2.946654815719955,-2.8965956412034535,-2.87179259353197,-2.824774210394411,-3.0393966835641146,-3.0195392521746154,-3.1066451417044334,-3.1144292594827996,-3.019768811686726,-3.0454450279783756,-3.0994895674478027,-3.0994895664360547
-3.093157153378767,-3.0843853271345267,-2.91893730273177,-2.867385175019601,-3.032256076690228,-3.0450683682726707,-3.1144111832614345,-3.112769340661981,-3.026878114309963,-3.052922993459713,-3.0955330857310335,-3.09553308515417
-3.099863591508988,-3.082449302870018,-2.945286242108902,-2.8835688711473337,-3.072717834187965,-3.0674134523410848,-3.127209628945432,-3.148754691365483,-3.0459990495586364,-3.072576863017116,-3.1059507490545264,-3.1059507490630045
-3.1632420324990878,-3.159368258799222,-2.9923791327924,-2.925865005440519,-3.1006115634713063,-3.0924347585478724,-3.1463579686681493,-3.1663196306147205,-3.056699194500329,-3.0846105148747847,-3.115490848828359,-3.1154908490191726
-3.1589220987999056,-3.1822631851068772,-3.030295119338281,-2.96744432414251,-3.1216830778959905,-3.121372370215046,-3.182887508523053,-3.1875076102760227,-3.0756256920766423,-3.1034961534107817,-3.136670708704039,-3.136670709164556
-3.170133759548034,-3.208591469767123,-3.0644870345005084,-3.0041497817058858,-3.119620245736017,-3.155245828925648,-3.2008591567940914,-3.1954678166632946,-3.092378227710908,-3.1207966817467465,-3.1632580701095554,-3.1632580706136886
-3.221444290400811,-3.273809909457126,-3.092607565925025,-3.030948772658439,-3.110278531504946,-3.1746778426399542,-3.2049609512326174,-3.1977849777993708,-3.100286555635262,-3.130641787322322,-3.1802328119574197,-3.1802328123011243
-3.224834914239028,-3.2836110509668517,-3.1155295569750483,-3.05992335225384,-3.1148932383594343,-3.183351995522772,-3.1939094707426943,-3.2138922865211703,-3.1196263653079632,-3.149568887637945,-3.1861940913008673,-3.1861940922901164
-3.061005938058494,-3.071727832654916,-3.0435865779952826,-2.9986960927226742,-2.888605492422741,-3.074804641578605,-3.037689244916404,-2.9845166463394555,-3.039503165269834,-3.0763559915860603,-3.126935268495885,-3.1269352678840425
-2.9832495396275247,-2.9634253375000066,-2.9690177067997854,-2.9253508378226587,-2.8417287634808837,-3.0417402973325,-3.005473443823333,-2.961252214936567,-3.0345713572403996,-3.0737955164067103,-3.1234481908388663,-3.1234481902751785
-2.9612545628509035,-2.9039353987464986,-2.932944534631142,-2.8861473859002826,-2.8647240360849717,-3.0559142388422185,-3.0308057026380695,-2.9904998209136915,-3.053104715511098,-3.0919351543759044,-3.1494224909236572,-3.1494224905517028
-2.89383018961233,-2.856657155459579,-2.893509505538452,-2.852837373258418,-2.835406759809854,-3.048575142861595,-3.0037325661218937,-2.9768251740236678,-3.0472721763789368,-3.075457829781088,-3.156205865029378,-3.1562058640837884
-2.8694535004152613,-2.8254183116602194,-2.8869733538357742,-2.8467795828849276,-2.872794768766867,-3.0784667618920105,-3.035274371005408,-3.013447968591837,-3.0656525301434088,-3.0949615926480734,-3.1801598772141286,-3.1801598763584744
-2.8919596017064095,-2.854143425796676,-2.8766703719558224,-2.838678520719218,-2.846377576430115,-3.0596718126802953,-3.0230121663662923,-3.0007946136963684,-3.0585941305097024,-3.0909600164529047,-3.1576259429787457,-3.157625942297189
-2.8917142571787626,-2.857578669540687,-2.9046526321164023,-2.8694025113557498,-2.9052223793076775,-3.096324963729309,-3.084206068538203,-3.059089575077919,-3.0684357522038654,-3.102663652893883,-3.17584546926131,-3.1758454685604836
-2.9389197752923106,-2.924879321645406,-2.9362501157886283,-2.8942999412514054,-2.942714600243641,-3.112411827675622,-3.127419030945227,-3.106806680617576,-3.0656495341069503,-3.1045324320971615,-3.1836805888537696,-3.183680587718319
-3.0265640110772707,-3.0177173938600097,-2.970639196479225,-2.91582138975613,-3.003462426240834,-3.144160667620291,-3.1905420518568786,-3.1565335855337096,-3.088219694474348,-3.1262976769557085,-3.2116366585813196,-3.211636657727558
-3.0874940641153943,-3.0846176228812405,-3.026135756938459,-2.965652403660404,-3.0665651146026205,-3.1849329894274243,-3.2423534871089674,-3.1965677605796268,-3.110663350328708,-3.148240398154569,-3.233185079825331,-3.233185079441118
-3.169089719161447,-3.1800323533790555,-3.0901540899531077,-3.024850252063718,-3.1203605769508935,-3.2328397204847885,-3.289028689370816,-3.2295876700432644,-3.127912932459595,-3.1652856216344754,-3.256779433203522,-3.2567794329720208
-3.247274289030531,-3.285272429731222,-3.149184162583575,-3.0803219688889127,-3.151498137560669,-3.2700899460315056,-3.315421086246737,-3.24346598424069,-3.1464707221186776,-3.1837178726018776,-3.276601166469539,-3.2766011664925276
-3.244393346808914,-3.282295019339103,-3.1800254479434873,-3.1118469011274925,-3.1487919841799714,-3.2703218411459383,-3.2971194667251407,-3.2924689054525897,-3.1200184030100555,-3.1643078436129954,-3.25900392053937,-3.259003919455753
-3.2751481917686966,-3.3074045994971044,-3.204140118955315,-3.1259979772812243,-3.2036617950735393,-3.2927679614152434,-3.3144440628418623,-3.3054505784431627,-3.1422934877466986,-3.185835460505987,-3.2891321534244726,-3.289132152535422
-3.2863791107276095,-3.325418391050463,-3.2333581845474773,-3.1560864834041498,-3.232537462128546,-3.3136289859061634,-3.3351711605279912,-3.313818171635381,-3.163569074832376,-3.2065606293210798,-3.3086623803773962,-3.3086623799020893
-3.3422340954165874,-3.3817617831818,-3.263387463977818,-3.184583114498507,-3.2504386560194876,-3.32609397973651,-3.3405847546664305,-3.328162693793466,-3.1802497320061893,-3.223792914276155,-3.3304319103078788,-3.330431909971251
-3.2646946864297526,-3.3292465836633296,-3.283956521879267,-3.212039816012604,-3.250016030583726,-3.3274387955519504,-3.3334725708015305,-3.3189720330702777,-3.2014834750813526,-3.2444691882255525,-3.3358508434908676,-3.335850844196359
-3.2704455476440777,-3.366115155540452,-3.2961842530933048,-3.2332285814809216,-3.2596928618711862,-3.3420523301310476,-3.3430521468096255,-3.3220749909992198,-3.220375395440532,-3.262944085988841,-3.3466425735058865,-3.3466425747613417
-3.330214205440063,-3.417198641275811,-3.3209514190585114,-3.2687199090803505,-3.2399835077464774,-3.3430633270945584,-3.3445973725679696,-3.3275542347069926,-3.2341995318520116,-3.2774807695362402,-3.3607847172644356,-3.3607847185533446
-3.3612531395881016,-3.465805932168033,-3.349092462683663,-3.305624418407917,-3.247695322484546,-3.350948365100517,-3.3521024948070877,-3.358525028209954,-3.240429225546501,-3.284433723131236,-3.367333567064579,-3.367333568442871
-3.318217238411899,-3.402442399279064,-3.35805072389398,-3.3154559132754597,-3.249248810627809,-3.3321264438485154,-3.348297704342859,-3.350931065522371,-3.2559480162193264,-3.299486357897701,-3.3616403681969973,-3.3616403706661355
-3.328854711245669,-3.398114634741921,-3.3819616468251965,-3.34478137663573,-3.273011746750178,-3.3415650928484606,-3.344956799073803,-3.3433652946882786,-3.268456024540451,-3.3118877115469902,-3.37764117566276,-3.3776411782653657
-3.2839183088979667,-3.3458978427138244,-3.3695986277731613,-3.3314033916591796,-3.2264051862232948,-3.29637595558556,-3.2833923539857675,-3.285272642254214,-3.2092614818538534,-3.260677563736979,-3.2972148477219694,-3.2972148493553437
-3.1808882496175555,-3.202235206655941,-3.309927034018128,-3.2619274283296957,-3.1547355480447794,-3.2164538695241784,-3.1948180597568876,-3.2272484658498657,-3.1407768434931276,-3.197862923822305,-3.2083046805019375,-3.20830468187372
-3.1596469561766733,-3.1642473181949358,-3.2901404882142695,-3.2344774332526676,-3.215247810571451,-3.203005464378552,-3.198021970499316,-3.201532417509183,-3.1418260827865025,-3.198886354669913,-3.196993733833969,-3.196993735255103
-3.03797099514256,-3.036357996082552,-3.273907214210736,-3.2312450331077285,-3.2314119859619015,-3.176499145702124,-3.1930452815293724,-3.1905780522843115,-3.1523508186122644,-3.2096662889201886,-3.1885747627063266,-3.1885747645952955
-3.043736861426945,-3.0437371671422317,-3.2687914359964925,-3.2309480260311343,-3.2766805426065044,-3.1835848826547677,-3.226898167754908,-3.2174277533449565,-3.166856015655788,-3.2233163635728443,-3.2128098437609047,-3.212809845670189
-3.0361535601054594,-3.025244361256517,-3.254525411598716,-3.2139156201120294,-3.2785724742003195,-3.17800615302351,-3.210764059832264,-3.2172074055537077,-3.1632496002161545,-3.2210103006215873,-3.213335663407963,-3.2133356651632585
-3.0507905693681425,-3.047765945768533,-3.252329966227873,-3.2079996789584495,-3.328880605405363,-3.1966215447504824,-3.261015613986782,-3.241349160263878,-3.18305617651103,-3.239440440496595,-3.242051563090376,-3.242051564974166
-3.081283882753097,-3.098231049367776,-3.2629494387974387,-3.2214001857252157,-3.3484403393382864,-3.214742499287425,-3.265646900957555,-3.2675014622602205,-3.202504154451176,-3.2576901043134208,-3.260468064227126,-3.2604680664072667
-3.0143245152478255,-3.0298638788047167,-3.262027332207871,-3.2253738578942084,-3.148601730494301,-3.1489696146889665,-3.1926043302030926,-3.1476772169648455,-3.151799827528326,-3.2113847698124722,-3.217771731285219,-3.2177717328487097
-3.078882531569938,-3.08625311536038,-3.2638812726144915,-3.2228549119692946,-3.188640050048405,-3.1732947075594673,-3.2371600874523283,-3.1831247074011344,-3.1725241376282183,-3.230689263776424,-3.2475524193204355,-3.2475524209835642
-3.0856386133481477,-3.0936841664257004,-3.2447021719993616,-3.1971179589640313,-3.1553154471356515,-3.161474722910862,-3.2183358051580746,-3.189235592294069,-3.165345471012758,-3.224737179742995,-3.2359292850047914,-3.235929286568517
-3.12152420241461,-3.1466330850579824,-3.2434798635728677,-3.1909715453536514,-3.183617538926834,-3.1767841774836487,-3.2464100184877123,-3.2231285520510062,-3.1805524225909902,-3.2384965564845567,-3.2553401228861887,-3.2553401245947615
-3.1127383592564404,-3.122530543954727,-3.2087947492008193,-3.149735188771734,-3.1023085070548606,-3.1348916732417136,-3.18213741307627,-3.166048454585293,-3.1385540144000066,-3.199657411548977,-3.198481631691765,-3.198481633036964
-3.0583901382743988,-3.070756910772064,-3.2042656744102658,-3.139596837511322,-3.1449373222013675,-3.1408055952957987,-3.1901845163801728,-3.1856448117459357,-3.1460488735281675,-3.2071912548669355,-3.21427422546447,-3.2142742266853324
-3.1258242345570038,-3.1525025071827875,-3.217504757776478,-3.1593543917481877,-3.162339033078052,-3.155067011189704,-3.1976145094157715,-3.1926533896051987,-3.163678623260428,-3.224025647511981,-3.2306601249543023,-3.230660126597053
-3.1112437939362043,-3.126724273262368,-3.229073375534126,-3.17063397636462,-3.1642185846786703,-3.1699747073249442,-3.1975307734519633,-3.199223407291599,-3.176932045951797,-3.2357072759259093,-3.2493836092761086,-3.24938361106497
-3.1477019542649787,-3.172400706820098,-3.2448735886470614,-3.201575733700061,-3.1795140792888454,-3.203712165427258,-3.216011971536103,-3.2096377542400956,-3.225142095916531,-3.2389676626690025,-3.2684907763012947,-3.2684907779836285
-3.060490610795614,-3.0939849398800674,-3.2048112723713205,-3.1762850409460484,-3.1888791467931514,-3.1900635313933017,-3.2092516833530027,-3.192861780626605,-3.2367647070651158,-3.250079276108631,-3.229881599342228,-3.2298816030379154
-3.0507296492828044,-3.087175640732176,-3.1933235305431813,-3.167019762223248,-3.230162570830612,-3.205747662256005,-3.2103662124554577,-3.2365206902666173,-3.256038132315262,-3.268026633588185,-3.261863538354012,-3.261863542011246
-3.0519310778462034,-3.0799116464132847,-3.202966871658308,-3.1752979462756925,-3.252305426009989,-3.2160570525059775,-3.2153030737873975,-3.2504998301668904,-3.2730716046220008,-3.2841862059265106,-3.2855110161501253,-3.2855110198725623
-3.1493577117764016,-3.1863512951905086,-3.2419900682950717,-3.2224786304224837,-3.26054179707027,-3.236063508629866,-3.2147935533480125,-3.241086330323284,-3.2886487071751573,-3.2999798318153766,-3.302670273395295,-3.3026702771888523
-3.1495524255804623,-3.1662639653922353,-3.2491849577329734,-3.2278983802399144,-3.2269387046834788,-3.238868210080763,-3.1825983943082785,-3.2188311435117756,-3.2753773359328364,-3.2879506035755557,-3.2913110324261843,-3.291311035982677
-3.154536755559318,-3.1718140740667504,-3.2670714438923216,-3.2454184329135525,-3.2560133989385447,-3.2497138373703653,-3.1927110611091014,-3.2170593351328236,-3.293247594549312,-3.3046733095306156,-3.2962874876290424,-3.2962874918769067
-3.1827369306701194,-3.2040580603017634,-3.2761060772531816,-3.253005940066293,-3.3053259175466,-3.2810553394070348,-3.209480301817967,-3.2538754564687227,-3.3097002073709443,-3.320573843787156,-3.3196862155493605,-3.3196862197929713
-3.223302871373441,-3.2366298075423585,-3.2538244878543465,-3.2310416371515074,-3.209619886463725,-3.221603492893226,-3.117156361086663,-3.2496040406982254,-3.227769609148201,-3.2412471309138455,-3.2210880685810137,-3.221088072950886
-3.147567841806557,-3.146234500235768,-3.2340513167966094,-3.2070065553617106,-3.235270839633035,-3.18981865511523,-3.0959909189550405,-3.2567664801563287,-3.243094603496729,-3.2554462504735557,-3.2178327778629097,-3.2178327827477387
-3.101754940537191,-3.0824225811734034,-3.228603155781665,-3.207779870619625,-3.205850334973541,-3.1722405272880247,-3.084422341321774,-3.2363287273165273,-3.2446518440184433,-3.2583456448709334,-3.2244059616357257,-3.224405966301984
-3.1491167625412055,-3.1376041135521238,-3.222622848428455,-3.215332665274907,-3.172512792360031,-3.1524827030690923,-3.080510072795765,-3.1856550355128244,-3.244709635622036,-3.262444555968117,-3.230909156886096,-3.230909161376235
-3.2141206595902716,-3.1680957556506524,-3.1977944612355103,-3.191531743839644,-3.1052452559483354,-3.110676575435626,-3.0308974445890327,-3.09580307403347,-3.2194594289547593,-3.23745954127121,-3.1823574645421946,-3.1823574690300958
-3.1613013640851078,-3.11248932404742,-3.2122338571376465,-3.2072535044878987,-3.1541611641290204,-3.1295621626144827,-3.0537092675450843,-3.132557865860738,-3.2372094092333237,-3.25410034441545,-3.2102813113913635,-3.210281315818937
-3.153975628548961,-3.094449907566604,-3.23408778688701,-3.2317582099581244,-3.1685060885967293,-3.151992559898515,-3.0785194345250013,-3.145257470663996,-3.2486081137206493,-3.265544750082906,-3.2313078543337967,-3.231307858600326
-3.1589661841519825,-3.115239148532371,-3.2336905094819657,-3.2357344334067144,-3.1539958873478833,-3.169261710913023,-3.087879367744274,-3.1442810653002735,-3.253703548145686,-3.271682644373941,-3.243253086375052,-3.2432530906373356
-3.117417043250399,-3.082570130394812,-3.2076432853192482,-3.199182602101554,-3.158266468218447,-3.16955121034163,-3.1034846070196624,-3.1520657695792194,-3.2597331107005774,-3.27956118718308,-3.25335359841009,-3.253353602794392
-3.140324647277843,-3.102965140250915,-3.2058902625835595,-3.1931906708803837,-3.176007477525765,-3.184597448574113,-3.1241932948396105,-3.167601533543538,-3.2785485374343706,-3.297017714816452,-3.276814330906424,-3.2768143353316344
-3.191784500550329,-3.1682993085325215,-3.2107163217864305,-3.198348757431834,-3.1788280385742573,-3.196863718881734,-3.1463044343091653,-3.1833763279121414,-3.2956837914056702,-3.313419091166773,-3.300425269368626,-3.3004252737346
-3.1744486131017675,-3.1744023933721017,-3.214482725538006,-3.1972603611990515,-3.1657199133544776,-3.1994134320076952,-3.1531899012997773,-3.196097700535862,-3.2925510024985893,-3.3121377939831835,-3.3114159046914686,-3.3114159085620196
21.93790976674255,22.466584479380177,24.363539740958405,21.618930608884398,20.62723813857132,22.735329047508376,18.860623580767548,23.748833677603148,32.95446958567194,34.93885258681796,35.3910607220172,35.39106114365165
-3.028460609094468,-2.998315201925568,-3.1126036434164037,-3.093648079841137,-2.71382290154523,-2.9354345303237785,-2.8616180230928228,-2.779966284447464,-3.1088778892836837,-3.137588339738477,-3.1460287758588708,-3.1460287765859727
-2.9616252249868404,-2.9120861313401942,-3.0630787245846283,-3.0513988303367245,-2.7906590855180156,-2.956924611641215,-2.935933679702119,-2.8482693129129686,-3.1202921421867265,-3.146748230144943,-3.1663507076983626,-3.166350708435323
-2.94957052200643,-2.8945382324577196,-3.01744557492727,-3.0045476210000586,-2.822375586186779,-2.968147319959371,-2.974216720484519,-2.890905088022665,-3.1262802693811933,-3.150093420318908,-3.175961168617261,-3.1759611694770444
-3.010113988231792,-2.9187683686631356,-2.981328894812495,-2.96661759265408,-2.848964862984261,-2.9928619162776213,-3.0154673988187017,-2.9309344375105213,-3.1328344805262054,-3.1538986469701245,-3.179746489149307,-3.1797464901637618
-2.977165188026557,-2.8911663052828116,-2.9915910861423893,-2.9824193798105814,-2.9103323115248108,-3.0371942308170636,-3.0916347407358193,-2.993038948894989,-3.1494692308074237,-3.168174885806634,-3.20566113925143,-3.2056611403127304
-3.092298871959409,-3.041136493573136,-3.0221461569332435,-3.0123287154012592,-2.9522492495266146,-3.0908339805340383,-3.1424625346259427,-3.040871030471788,-3.149671568366311,-3.167702403670094,-3.210815381935674,-3.2108153829028345
-3.0623446020542917,-2.999722421620062,-3.0327986081436458,-3.018865670451238,-2.9732777985348338,-3.1354507801124276,-3.183395323914675,-3.0833025687798084,-3.156819657118987,-3.172779543215445,-3.217356843415092,-3.2173568444424503
-3.1950484799425314,-3.1585659006986604,-3.061174088292046,-3.046977790357805,-3.0192209180115412,-3.19033493734742,-3.2342293632007664,-3.124951846387992,-3.1730117288765767,-3.1870968366549848,-3.244102865282162,-3.2441028663147646
-3.232896192982802,-3.2131129499386306,-3.0772884671986627,-3.0608974307262065,-3.048241699762256,-3.2509489251254187,-3.282474654241142,-3.1622770580401482,-3.1835924053273716,-3.195807272234357,-3.25944291434117,-3.25944291541919
-3.205219751617861,-3.235850952843009,-3.1063322355868617,-3.0862900079387923,-3.0423883960891613,-3.257533554113488,-3.270178730445988,-3.154936536000826,-3.184052604422945,-3.196046551126194,-3.2592108842761256,-3.2592108851634096
-3.237053196922243,-3.2739738032637247,-3.1301861137949984,-3.106862177219905,-3.060259086525997,-3.267626849350602,-3.279305319235319,-3.1647109431558214,-3.1973933148564164,-3.208131758801975,-3.280852483838178,-3.2808524846833844
-3.1891281057640652,-3.210457778546135,-3.133940719399395,-3.1047155823669317,-3.0436244792165486,-3.2615951240706975,-3.2522058359771355,-3.1600525752648636,-3.1644946607310755,-3.1795483986921225,-3.259288411457859,-3.2592884114105836
-3.218267007425139,-3.258337983016322,-3.1720894003191797,-3.1410149125103586,-3.0903182755495657,-3.2736099157721013,-3.2659120627725495,-3.172656074702011,-3.1811615200607495,-3.193519101912607,-3.2719740311291754,-3.271974031689055
-3.246055912188223,-3.2692069156739207,-3.2221200591419983,-3.187843741705681,-3.1178324364762644,-3.266120320920326,-3.264132941441672,-3.1710103206352867,-3.1698378011813815,-3.1804369591290245,-3.2535765512584574,-3.253576551951635
-3.2573309966620174,-3.2824369834280884,-3.2571468743988197,-3.2183944861493146,-3.170679900410702,-3.30307294449447,-3.303186591278876,-3.202561179775106,-3.1872710108371565,-3.1960901497010767,-3.2787080552461814,-3.2787080560326505
-3.275849841209291,-3.3080907520473066,-3.2871384794640583,-3.249133832661373,-3.1946650285041693,-3.3299360820963857,-3.3555934552629276,-3.2149948994204185,-3.1996506766980533,-3.2073707350910845,-3.3005531842034728,-3.3005531849761596
-3.2006314393372173,-3.209357548094528,-3.254545088083333,-3.2240534977039546,-3.1042581369822013,-3.2927268206257394,-3.2718323943607155,-3.0968574522418466,-3.209429649524278,-3.2143104768309367,-3.2544572085764956,-3.2544572116327046
-3.2312011924008064,-3.233946059962614,-3.2230890535020316,-3.194263542007355,-3.099981783909797,-3.281823171781693,-3.244575858196411,-3.0803200329734084,-3.2184204672980696,-3.2207421267495793,-3.2521195004889547,-3.2521195041686646
-3.1428699631069446,-3.119519428629145,-3.1754263043031528,-3.139280499748631,-3.1270624137928036,-3.2727819779384886,-3.2316240388765034,-3.087644504089546,-3.232709744988512,-3.232991472724881,-3.266232425067603,-3.2662324289747358
-3.1112376359533465,-3.081142025119755,-3.14687486535717,-3.113588901138158,-3.1450717015102025,-3.264211988444459,-3.2108870888330343,-3.079186404824064,-3.2228571305230616,-3.2233120489024722,-3.25844218078193,-3.258442184706579
-3.1174721569468034,-3.1028776528240747,-3.132482063973529,-3.1037345133957897,-3.2066752663381517,-3.303210363524599,-3.2600933433814885,-3.116496654586361,-3.2321579795252537,-3.2325443018218234,-3.278564659399998,-3.278564663331493
-3.051599910725843,-3.0493686582878343,-3.1358201799611685,-3.109334689783623,-3.23918801514801,-3.323737499990878,-3.2788752151668215,-3.1404903834634643,-3.246777878948999,-3.2458439374822574,-3.302342823926995,-3.3023428277919296
-3.12368692170978,-3.124527802907029,-3.1631613534100254,-3.140828336736864,-3.262987417497228,-3.3368923111271354,-3.282770267618538,-3.1447103516839556,-3.2592531930802755,-3.2567442526117203,-3.3115639083341564,-3.311563912311238
-3.211738792870819,-3.2199802261896555,-3.1831067743599752,-3.161942027360708,-3.1613648249457746,-3.295555966035818,-3.2293235051606333,-3.0791778191957833,-3.239098794103972,-3.2397658029594005,-3.295421661512945,-3.2954216652150334
-3.2007759820286568,-3.1990834905958194,-3.177868638054376,-3.153656218673885,-3.1763966479019614,-3.2988453735540144,-3.2450384189607866,-3.0853195629954917,-3.24802923208718,-3.2485372570858884,-3.3099052727060747,-3.3099052761407073
-3.1573711880987827,-3.1594447445698925,-3.1723511767881627,-3.1442218372895443,-3.194415333601427,-3.3062728635503102,-3.264620395912017,-3.0969562047810633,-3.2578471807642835,-3.258353295950843,-3.3232761114748866,-3.323276114845724
-3.1929338036414583,-3.21024706667092,-3.1825109172824275,-3.1608333502557246,-3.2284926236702574,-3.3279422057718824,-3.3016388823838563,-3.125344574594953,-3.2570187344968193,-3.25803649797066,-3.3370364731258797,-3.3370364763219373
-3.24604408008789,-3.2748292635238645,-3.205204023503363,-3.1885082142679058,-3.2763431378412857,-3.3568504427393338,-3.3637172668681132,-3.1628131832188515,-3.2708385405643194,-3.2709609619024027,-3.3582264865012497,-3.358226489716378
-3.1995479377799456,-3.2276673167743954,-3.210350733550032,-3.192130563040881,-3.2323515561636973,-3.3356727785117046,-3.332882245891626,-3.12867147118233,-3.2723953933495458,-3.2725646149043834,-3.345441239551166,-3.345441242555356
-3.2214709344395995,-3.2573119283232144,-3.215722080128743,-3.196745494923559,-3.252416832184759,-3.348509643266035,-3.346039077286022,-3.14566039688743,-3.2874937000878903,-3.2865670271264746,-3.366019295991864,-3.3660192990799973
-3.0867391226904344,-3.1083844093259114,-3.161844123634364,-3.137291404260266,-3.1082845483662243,-3.2526538947296704,-3.191425415553061,-2.9914531892675305,-3.235447172231779,-3.2403648374915925,-3.2675292341993964,-3.267529235868933
-3.089190380769997,-3.093531074294011,-3.1665518672622492,-3.1504771307872934,-3.170997260073752,-3.250446911046276,-3.220942090240333,-3.0124644928270787,-3.2340857453054483,-3.2373755209025417,-3.269969570535568,-3.2699695722729145
-3.064901417691787,-3.0686571533513765,-3.171623683874426,-3.1621685816011036,-3.2069220912037615,-3.266974265776689,-3.242062869294439,-3.035943716600887,-3.243616354435495,-3.2455883571273176,-3.289408586396461,-3.2894085881019395
-2.964167597640371,-2.958035209237832,-3.1047755670807757,-3.0889670904143114,-3.1587163710114154,-3.179627506205373,-3.1584731472398193,-3.014658193245352,-3.255212772057631,-3.2542379545776505,-3.2204811070195554,-3.2204811120537915
-3.0093435863986175,-2.997529666736831,-3.075330930571039,-3.054168885914031,-3.183854003867261,-3.171247732337573,-3.1589586129409732,-3.0188411149666856,-3.2511345577622213,-3.2489856179264764,-3.229843583770727,-3.229843588650759
-2.9450950173041135,-2.934177168048969,-3.071841058760023,-3.0527105961479806,-3.242219791223907,-3.1995111822067805,-3.199725817848681,-3.0608796158458933,-3.2649764720687044,-3.2615447582831227,-3.2560513169125547,-3.2560513217515252
-2.9538163470290772,-2.9504577218135637,-3.0696346665733634,-3.0517322163631557,-3.2241602980795214,-3.2088451917735075,-3.2037247812732477,-3.0946221817116224,-3.268429176075384,-3.2639955680944865,-3.2615158193521996,-3.261515824086952
-2.9879225011833057,-2.9942343890685743,-3.077791903939541,-3.0605245412647912,-3.2461727351871947,-3.238621728898233,-3.2275351525063245,-3.1479570932496634,-3.2773973973289383,-3.2725573603485842,-3.2844416474726237,-3.284441652056417
-3.083797635421782,-3.1149319014482724,-3.0970811737116697,-3.0813017474396878,-3.270135204175962,-3.2705875568042577,-3.2415991263952186,-3.1972524318454107,-3.2866878385753657,-3.281085309369471,-3.3012474958586013,-3.30124750047276
-3.135655342753822,-3.1783996452816834,-3.128566236129027,-3.1130476231781437,-1.3760392844847464,0.10324242600681144,-2.137663831560675,-3.2236508920982105,0.26081195260799905,-0.1783686507396034,3.434334861731954,3.434335225766125
-3.184042438602811,-3.2039174872164224,-3.1012491691367465,-3.099754229108872,-2.994717604432558,-3.1593629678541193,-3.0905076154683404,-2.9805071257591407,-3.1581025276855006,-3.1629656334123992,-3.2300942780682655,-3.230094281322846
-3.1322437533130025,-3.1363620201471125,-3.06474965650228,-3.0578075635434363,-3.053349723094605,-3.186185030825664,-3.1603147833794667,-3.0255326405493985,-3.1593616825740725,-3.1654467902359227,-3.247096101482945,-3.2470961043833437
-3.1652446844808284,-3.172468382012632,-3.0553443303794454,-3.0464563706535,-3.1020286414519447,-3.2234479975057235,-3.2175039892721347,-3.065814740966664,-3.1734901794277492,-3.1784172253971823,-3.2685585285414267,-3.2685585315122534
-3.1635565581750993,-3.1552782013933727,-3.0456963526653764,-3.0222343950203037,-3.1541881779175727,-3.241665123325837,-3.256074554098872,-3.1073052509473467,-3.1906230764651577,-3.1936241208924203,-3.286432649256372,-3.2864326526611523
-3.2033342298898653,-3.2205319509271777,-3.0766824647376625,-3.0502410885220996,-3.1686421642529212,-3.25542790579521,-3.259619769736096,-3.1241735879024444,-3.2025724092671415,-3.2041012414669927,-3.293718989523827,-3.293718993212309
-3.2461968263617176,-3.2536317762134206,-3.0997496758588325,-3.0696315649737618,-3.183574822606754,-3.2666697013822237,-3.2686464035737997,-3.137749440987402,-3.2170270311118436,-3.2173118935267366,-3.3137668859238043,-3.3137668897212516
-3.1958360470293594,-3.212410419100106,-3.114251686071121,-3.0832538574141823,-3.196007252489599,-3.2849541622293517,-3.28149709063881,-3.160446880652974,-3.232407780864657,-3.231327613077406,-3.3325109666096746,-3.332510970497674
-3.200795884938644,-3.2028033688368187,-3.0794442539590308,-3.048428490050461,-3.067848885354196,-3.2187902024580053,-3.1899095689786106,-3.115657269121315,-3.199250000917156,-3.1996821322412026,-3.2794859223247466,-3.279485925906787
-3.1943761354898235,-3.192094062737507,-3.0871972872970277,-3.065869100934389,-3.1259486492666624,-3.258821184557671,-3.240973304051302,-3.1590507522681017,-3.214846626908285,-3.214104090304096,-3.3032077158263515,-3.303207719479822
-3.215540857066806,-3.2478043032729373,-3.117114704389212,-3.1018798741315647,-3.1472228693334126,-3.272845485321925,-3.259186439241774,-3.160207695167448,-3.225518827907897,-3.224020582500426,-3.3117912226420994,-3.3117912262899893
-3.1956564711115827,-3.2278498474040065,-3.1285436369557322,-3.107354754866532,-3.166421971891828,-3.2726957650185065,-3.265896449167271,-3.1756051360021322,-3.2236058423868736,-3.2248082341283677,-3.3212266617733186,-3.321226665077861
-3.189918500888381,-3.2451368672321017,-3.1637426184939272,-3.142990766819649,-3.190789173899126,-3.277466649941762,-3.2769099123186907,-3.1877248210638167,-3.222416424366167,-3.223770707563221,-3.3241144747930207,-3.3241144779055025
-3.1562196879218125,-3.2144934411150285,-3.1684659441704937,-3.1422090907949913,-3.1733797175589533,-3.2441885810989035,-3.2180460087760085,-3.1477654715542136,-3.2285013759088312,-3.228785072988748,-3.281385259074596,-3.281385263984525
-3.10790196190304,-3.13727119289433,-3.1227247819285444,-3.088487287785322,-3.096960045569987,-3.1591925774372607,-3.1196979859930347,-3.117427282634601,-3.2160567879007274,-3.215494200565514,-3.236523815558339,-3.236523820963016
-3.100354222290822,-3.1135574118139475,-3.1007869042078893,-3.072936172000241,-3.079891752599943,-3.139703867220754,-3.1023826348410637,-3.1078100420014034,-3.20619168446121,-3.199779993837856,-3.2371772192155484,-3.2371772240014764
-3.0871379432571464,-3.076328324386195,-3.063651055226501,-3.028875520563892,-3.053991548214218,-3.1003196685867094,-3.0642678473267027,-3.0795876505158954,-3.1693859426478075,-3.169813141241861,-3.212407708382532,-3.212407712101631
-3.0771415134345217,-3.0519425631320334,-3.0798965310304363,-3.053069139980351,-3.122753208540347,-3.12502498341264,-3.1295284310068494,-3.1367523104272412,-3.1842382036084467,-3.183468779283845,-3.237381160416701,-3.2373811641415386
-3.04203638238753,-3.019548867353584,-3.0880003541787797,-3.0620469964073767,-3.1473466382836985,-3.144391664255183,-3.155076656426908,-3.155034247457352,-3.1951844384848997,-3.193376340380944,-3.2559264892206827,-3.255926493023291
-3.0101638670087514,-2.994168985709739,-3.024194757853227,-3.0075254688692037,-2.939111519859048,-3.0674053092942417,-3.030964025462918,-2.9588116774425237,-3.111122010919382,-3.1096752263927834,-3.194579132405042,-3.1945791344336287
-2.9714026058228646,-2.9498814850710646,-2.9805356883387546,-2.9644464048943826,-2.9682765085809337,-3.088321575500281,-3.054453530069416,-2.989986648529852,-3.1269364440777903,-3.124822574262317,-3.2172649175140875,-3.2172649196415204
-2.8646704434802888,-2.822160730090901,-2.893396730302136,-2.8833112334526065,-2.8204663805644574,-3.0114470854614597,-2.933536693274393,-2.8724413685603976,-3.066488387610383,-3.0630189106725156,-3.156192006021336,-3.1561920069865277
-2.822300770232309,-2.759607869732951,-2.84331691210839,-2.834246194719393,-2.863575322348024,-3.0408564893541605,-2.9601895903118365,-2.9064784181615155,-3.077613028514894,-3.0736615077813,-3.1705350391737825,-3.1705350403363832
-2.926387653595118,-2.864487966138343,-2.8638455726152205,-2.8554610630635535,-2.9240370783970073,-3.0867810228243093,-2.9942970149473833,-2.9353416039152465,-3.094255226855534,-3.088950307920974,-3.1749052124144135,-3.1749052138027265
-2.9328602318838164,-2.8944520235627857,-2.8688697424977074,-2.8699229914491045,-2.9241655105997824,-3.1023687144051797,-3.0065754514270875,-2.958972397629168,-3.1062517756626113,-3.1009737778720834,-3.1789445176363396,-3.1789445189460324
-2.8396846226269177,-2.8106107210306592,-2.835028667200384,-2.836698466486927,-2.896597645450283,-3.0807419554829583,-2.979810711171037,-2.9343635868317954,-3.0878657337165984,-3.0841740086781404,-3.1744512611238997,-3.17445126230444
-2.811018058026592,-2.806623707369678,-2.838563883525583,-2.8445873754077717,-2.9175669978089003,-3.085064896873962,-2.99054139217513,-2.9566179430218704,-3.106976008652258,-3.1024990696946597,-3.196137914112024,-3.1961379154038783
-2.8369608896992684,-2.848859513675964,-2.8519967123021077,-2.8641065749252737,-2.9400001257813195,-3.0824881738578958,-3.008591980068597,-2.984178105492832,-3.121154763132415,-3.1165732505443358,-3.1930082042217665,-3.1930082062965655
-2.888518592431712,-2.9004893445163993,-2.8749206391473696,-2.8875324641606013,-2.9430656999408082,-3.0776548202715794,-3.0124661774339767,-3.008501678987586,-3.1382024877721535,-3.133345639129417,-3.215091934222568,-3.215091936266746
-2.900595921993426,-2.9238448266069725,-2.90677320598832,-2.9236882888913414,-2.9751228259296316,-3.1042755555774257,-3.0408592311786293,-3.0295599837839555,-3.1458170739857003,-3.1412219263295773,-1.770186744960911,-1.770186511689921
-2.8122322126385453,-2.82113166792449,-2.8149575261904767,-2.8317533743491485,-2.755401190736338,-2.9815278538822607,-2.8800945522496204,-2.8442337514210885,-3.044524953623694,-2.9791635506280096,-3.139332763154264,-3.13933276096715
-2.762521088618325,-2.774834522538758,-2.7922590528547677,-2.812782165015231,-2.781694624355354,-2.98042464945572,-2.8863255623447777,-2.84998398980407,-3.0532477727150016,-2.9921898768052926,-3.1359925526900345,-3.1359925507448514
-2.7850483795716965,-2.7850397317080855,-2.788757077375771,-2.803614165714745,-2.825455993954781,-2.9976363035142612,-2.8957467007950397,-2.869272074132458,-3.0545530672083805,-2.999754103543325,-3.1437956371475906,-3.1437956351112115
-2.7382867621447855,-2.7440224427931352,-2.77625529856313,-2.784373645494644,-2.822875795322539,-2.9789446376620368,-2.8831758050032708,-2.8671260002470556,-3.0528624380798,-3.0026960088664123,-3.1496473802498466,-3.1496473782952847
-2.6886612611436345,-2.7022822545940595,-2.780056458427196,-2.7924298337054885,-2.8961598916456497,-3.008973049057741,-2.912906944664642,-2.8947758318192447,-3.0452965367713944,-3.002727720172195,-3.1552711979383687,-3.1552711954796573
-2.79890052952939,-2.7882770379016546,-2.807171738254953,-2.819529572889551,-2.972681132282095,-3.065886240364068,-2.9730973941386925,-2.9452951765976603,-3.0664225955732727,-3.0249127886030447,-3.18282959957384,-3.1828295972834484
-2.808049577154302,-2.777615010275177,-2.8243422133040763,-2.8301915683332424,-2.984835440583815,-3.0833180740089676,-2.990926697014289,-2.9654248733781436,-3.079678035369447,-3.039908051904211,-3.201975320942441,-3.2019753188057294
-2.835727030973445,-2.810069349604243,-2.849659529247724,-2.8536602568302896,-3.0366276548981075,-3.136906461665399,-3.0432655927831913,-3.0021861685098177,-3.101937642753403,-3.0627973008862064,-3.2249906269552118,-3.224990625056302
-2.949655473212067,-2.9147792415852805,-2.8868686288474286,-2.8870264302696778,-3.0712172988132487,-3.1803349000678187,-3.091483044186956,-3.0316706796145496,-3.1238633794862927,-3.0852370916219543,-3.244915217720597,-3.244915216296215
-3.008582308845152,-2.9792259987934906,-2.9319879151119714,-2.9302551181853436,-3.1089818486407252,-3.2346284310304316,-3.1504123019358503,-3.0629338828468957,-3.144533372952828,-3.106392624739417,-3.2707726914733386,-3.2707726902999994
-3.0249534431926177,-3.0071338505597405,-2.957831369876058,-2.9572813880433158,-3.102470023213673,-3.2485385039073584,-3.1862373398538217,-3.083961220473582,-3.1031510996113574,-3.07580012507742,-3.231119195879172,-3.2311191939391692
-3.029222806658709,-3.0162652758115795,-2.9944109349436276,-2.98469995025561,-3.1639775439403737,-3.2882352977933724,-3.2637929237308283,-3.1251133013752934,-3.1242637925987005,-3.0970673725815665,-3.255533587718211,-3.2555335860541392
-3.0975031251285317,-3.076289262864523,-3.0474932320883363,-3.0288125118182996,-3.1820323543498517,-3.3068953647708645,-3.2855825176271054,-3.1335446330469017,-3.144941539445137,-3.1178172589181377,-3.2708131070784137,-3.270813105620636
-3.1080082015132713,-3.1035214417380783,-3.090495350234272,-3.0639130621776482,-3.182832078563704,-3.3129819283442874,-3.2903953799504246,-3.13369399475818,-3.160180406089293,-3.1344722057109626,-3.286805161317308,-3.28680515989164
-2.976607088072716,-2.9654667180606715,-2.9993521362773574,-2.974043251769958,-2.955797540896976,-3.1656940352876433,-3.0843152845824076,-2.938468975251007,-3.090291096717458,-3.075884788036495,-3.2022508733122006,-3.2022508714508904
-2.956261089621764,-2.922685878816712,-2.970522221474087,-2.9437519964806342,-3.0168739956971713,-3.177924629138329,-3.0971534257850837,-2.962480603509069,-3.1006873050232358,-3.0887121387951315,-3.2049968820134755,-3.204996880696366
-2.8842026857891567,-2.8328093242748937,-2.9342102118219113,-2.9105844889644144,-2.9831764785756025,-3.145673878281327,-3.0582970811044623,-2.9379203544415917,-3.098843439429891,-3.0886131926622866,-3.1835995088486393,-3.183599507981313
21.482705748792974,16.010192514017305,22.232622355831925,20.4236429748605,31.910730307248073,47.49836606356302,39.26082620783079,25.21754095911216,40.25735506321402,39.26365736602825,50.253267980967244,50.25326784201371
-2.694063081105207,-2.6848488276113436,-2.722664547005039,-2.723501867911497,-2.490676567700357,-1.1075634781947348,-2.63894760916751,-2.625091004718355,-2.5592035188057367,-2.729785713321999,2.081677276111193,2.081676603661921
-2.6328183656306434,-2.6565035555089116,-2.57337256915252,-2.5863808017461745,-2.2804926188826578,-2.6631943756689465,-2.4589231167256145,-2.504060688753913,-2.618855117960252,-2.524102850285971,-2.659762805425081,-2.6597627953144993
-2.452470532836293,-2.478756131366227,-2.5134229002664203,-2.5163507183801017,-2.34018797663136,-2.671853735342074,-2.4588577992951337,-2.510201310137005,-2.638226364851689,-2.546743399684912,-2.630485330861669,-2.630485322987056
-2.4041269083447228,-2.4279927467451863,-2.5116123309729663,-2.509144057327878,-2.380218147299313,-2.6508895930267715,-2.4749093061516496,-2.5278791299187997,-2.6693977825887534,-2.5795968482820824,-2.6384668006335463,-2.6384667935819195
-2.415063079090801,-2.474798471488936,-2.453196227868142,-2.438081725382878,-2.283125271447344,-2.5778323714297704,-2.3671110176525416,-2.3609158314901952,-2.4718669671250875,-2.438011903622474,-2.484305509183538,-2.4843055003742878
-2.329627410695869,-2.380553541338336,-2.437522011903037,-2.4251477085896487,-2.3221987704900875,-2.5721258921019037,-2.385618363548043,-2.3938558022327956,-2.4960602120598536,-2.4634697033339896,-2.5026330195673667,-2.502633011167622
-2.340796492131097,-2.412027780291029,-2.411379181303045,-2.406713146399839,-2.344559289744449,-2.559570051974629,-2.381581376933085,-2.3979785459282126,-2.4956182644075824,-2.4696715821585054,-2.5092710232052946,-2.5092710150661928
-2.3173537064451843,-2.351764772717277,-2.3886417932619133,-2.3873944265815945,-2.3601141572202797,-2.534140524726313,-2.381954746111945,-2.4107678277904503,-2.5194648362368373,-2.4944389509972247,-2.516890546556004,-2.5168905391677088
-2.314381618802356,-2.352951664415487,-2.387352986659833,-2.384826987463303,-2.4196239589452784,-2.549360466111578,-2.42311529949688,-2.4616839923013814,-2.5526493159554082,-2.527383178413001,-2.554119604825777,-2.5541195977783353
-2.328436525442852,-2.3583743556088947,-2.400579605080822,-2.3885557738251824,-2.443267789313667,-2.5436425131770437,-2.4464040244739147,-2.492330607630091,-2.5856838204839643,-2.559794231746653,-2.5795952847331396,-2.5795952781706797
-2.3609698604590528,-2.3864906014734086,-2.4437566598948033,-2.426837931790147,-2.488977526024287,-2.5628641350378576,-2.4716967539649444,-2.5175857495965186,-2.606286139307116,-2.598969815651709,-2.5981510856001933,-2.598151079419965
-2.415265762488673,-2.446366373471616,-2.4906964127403626,-2.4787383820350906,-2.506221731013818,-2.542696402186024,-2.4931894151735374,-2.5436194434554387,-2.6396984211802463,-2.631925447386366,-2.611398212976358,-2.6113982073968254
-2.3526726122434534,-2.385155129911822,-2.50477166481946,-2.502143083036781,-2.5453659079503064,-2.5580245161276345,-2.5277802854823817,-2.589259086469141,-2.6654598686689943,-2.6585811429108963,-2.6377618219546175,-2.637761816626333
-2.37800568176234,-2.4137830847812913,-2.519590487216911,-2.5246149626303547,-2.564531194796023,-2.5828845351460434,-2.5447391960679657,-2.628154925976172,-2.6947471849391524,-2.6883655150288632,-2.6567218010398306,-2.656721796122601
-2.3850128445275955,-2.409974767031415,-2.5280600829235174,-2.5332816769044957,-2.6251592362227067,-2.61844770861371,-2.5837160890104185,-2.672775509558918,-2.726167563609846,-2.7189475159619194,-2.674189546254374,-2.674189542012185
-2.4249460144196737,-2.4201641557664657,-2.563432075825454,-2.576538990106517,-2.671323412857796,-2.693041322593989,-2.6347211374366903,-2.7214078850750543,-2.7554164497864173,-2.747737523506726,-2.706071254335006,-2.7060712503812416
-2.478278053398478,-2.4662720568120284,-2.5862772149171205,-2.5969424578599285,-2.708746131486465,-2.7412894329440425,-2.6869365208537612,-2.7562603235760488,-2.7793474898884267,-2.770894516757169,-2.732303104791736,-2.7323031011993546
-2.4981061506923234,-2.4617746915497953,-2.604514839289606,-2.6183749192132275,-2.7099049218973605,-2.799697486334368,-2.7351143080158726,-2.7764730669451163,-2.798498392466299,-2.790393683548392,-2.7511490196632105,-2.751149016324735
-2.5519695390922483,-2.508485333791652,-2.623866883477763,-2.6420238420374056,-2.7182864375290183,-2.8565753946841936,-2.796509917895326,-2.8165825570107885,-2.821018924322194,-2.81287327873829,-2.7691507029312445,-2.7691507000586224
-2.6603041399128804,-2.621227708768658,-2.671738999583885,-2.695778430477322,-2.7774478239942098,-2.9115855192340154,-2.863419815530695,-2.868865934737424,-2.8393128847650266,-2.8298895626948166,-2.789629548559418,-2.7896295461666867
-2.696317327419566,-2.674805816129795,-2.7099681172902286,-2.7404070460918986,-2.8013730986325482,-2.9421542945851726,-2.9060864074915234,-2.894801936364511,-2.844277525696792,-2.8373773957630686,-2.7894089345760937,-2.7894089325456393
-2.700687181130425,-2.7010100116736084,-2.741332056470619,-2.7675754384979125,-2.85516811626298,-2.961377736867205,-2.948682859524221,-2.951334561761309,-2.8706497933253234,-2.8628006147640606,-2.8157040293607136,-2.815704027730436
-2.7094144306032213,-2.714260999998841,-2.7487555022124956,-2.7659807348630454,-2.8949435437761966,-2.93920558969272,-2.9609219253774577,-2.985019393932715,-2.8948553336747285,-2.8868986032938277,-2.8293468602562846,-2.8293468593607125
-2.6551930624333084,-2.6469882646469745,-2.781288085833922,-2.8057346445976035,-2.886064724612257,-2.9488075099475775,-2.9713379063213607,-2.9835990369174956,-2.912543740253088,-2.904815499099133,-2.8533009422659052,-2.853300941485963
-2.780901995126346,-2.7584049720619164,-2.8267504716099547,-2.8596116178223605,-2.890550500246882,-2.9403343899484,-2.9681075422581693,-2.950505782395226,-2.895771960116684,-2.889005385254011,-2.834424004933363,-2.8344240044965416
-2.810995514698583,-2.8078397567960374,-2.8611720389793276,-2.8945282790269187,-2.928253076521277,-2.9660362363809067,-3.008072982646682,-2.9920318691185894,-2.916707188755362,-2.909858713144568,-2.862684357692718,-2.862684357448691
-2.876004482215186,-2.856081977714746,-2.8927427421332523,-2.941525154167304,-2.932616501766133,-2.9539472032604825,-2.989015030551989,-3.002486782888186,-2.8918591359073997,-2.8873422052763233,-2.8378796558493145,-2.8378796556608545
-2.9156025536349413,-2.9096256225457506,-2.9330372480403684,-2.9873723671422847,-2.94067680365739,-2.9656836361827934,-3.0021560129340847,-3.0254643255723535,-2.892891308466465,-2.8913979927199693,-2.849045357660981,-2.8490453573977303
-3.002071175411035,-3.004372067135544,-2.993356361756985,-3.0486934394732987,-2.975196552783923,-3.0031200435082166,-3.041703352730874,-3.0663395909979583,-2.9187120008477576,-2.916359666552926,-2.8799662719254853,-2.879966272020201
-2.954875373203606,-2.922741459717083,-3.002593625519251,-3.044074825981327,-2.9323900533402028,-2.9921717235617082,-3.0318565988539667,-3.0387852414659395,-2.925443321621327,-2.9229380392626876,-2.8818074189502556,-2.881807419294284
-2.999788197061143,-2.9754924679383534,-3.042912006468874,-3.090534363615648,-2.9730329689776402,-3.037507767467395,-3.0799207261463297,-3.0855019574112204,-2.949525667316785,-2.946172959033887,-2.910338339145803,-2.9103383397588316
-3.0347235414968132,-3.0426987641598457,-3.063419942987689,-3.109979860513036,-2.97946411161079,-3.0606075566127933,-3.105479067933557,-3.10490377305433,-2.9662848783746467,-2.9636084933356743,-2.9359474458195134,-2.9359474464672157
-3.074408312151383,-3.0986198592294354,-3.078699594766986,-3.1195894913549953,-2.995373249987322,-3.0772851846461453,-3.130995096137979,-3.1257821267468917,-2.989511902206642,-2.986086866743486,-2.9668607483272247,-2.966860749158485
-2.954992472093963,-2.994304659209129,-3.053743714208832,-3.102743063554086,-2.911053106306608,-3.0228012050469353,-3.0751002378597954,-3.020125831756443,-3.003114254348641,-2.999376194602487,-2.9366983610615724,-2.9366983629928525
-2.8844895275647,-2.890607224597975,-3.03854025778553,-3.085605769644988,-2.879143415197345,-3.006933007147092,-3.0588850469195012,-3.017325149725363,-3.015208998700091,-3.010173946359692,-2.9577385365830438,-2.957738538461932
-2.869196880388375,-2.8613893862187156,-3.0108595252978816,-3.0474636306223584,-2.8836965298633928,-2.992806398528945,-3.055977138576945,-3.0341815602152704,-3.0331353306267976,-3.0268874436527833,-2.9790761338091807,-2.979076136052263
-2.819908638462105,-2.7946175278677536,-2.983572091568939,-3.0373626529234494,-2.808686746928453,-2.952268988190865,-3.0009353905927547,-2.988453008290525,-3.042867799798417,-3.0373408252597205,-2.968060551999942,-2.9680605544014558
-2.8614689647560834,-2.8462744885075684,-2.980337829146923,-3.0438862981183923,-2.8165251054324782,-2.9697165985218588,-3.0177924399372005,-3.0049920056868022,-3.053780190043774,-3.0479129017524826,-2.983340845256196,-2.9833408476779653
-2.84578786719642,-2.8374555819020864,-2.9595440166772153,-3.024880957699303,-2.8091022494942353,-2.980198604972268,-3.025978815071916,-3.0088737335399167,-3.0615563221283595,-3.0552049161996857,-2.994805079451335,-2.9948050819216907
-2.8995058601763284,-2.905923742025793,-2.9642394315637284,-3.032088608024965,-2.832029862822262,-3.0251003392186715,-3.0601006572160165,-3.0431516512696972,-3.0782937198776072,-3.0702877798217374,-3.023307344889154,-3.023307347369221
-2.921833863823463,-2.9120521333690608,-2.936251076561635,-2.9938281870259065,-2.822804575794756,-3.0015556067159808,-3.0388853220875025,-3.004688385384702,-3.0508881863645527,-3.0506119479952414,-3.0099927086697273,-3.0099927102837105
-2.9941760271813966,-2.9882362220314063,-2.967017546624853,-3.028259644321886,-2.8811827460462247,-3.0417830647011384,-3.090083810880775,-3.0494285560380185,-3.0666344669742385,-3.0651108827048397,-3.0343317021291343,-3.0343317039078608
-2.944225141124747,-2.9282429452005534,-2.9577596462453957,-3.007549245421254,-2.8476695265444216,-3.021031689396322,-3.061428417709612,-3.012243610824824,-3.053608083792577,-3.052671516379246,-3.0161041542633136,-3.016104156052956
-3.020837345904238,-3.0320172476976808,-2.9865994896022703,-3.032265049768577,-2.893048983600215,-3.0651607304274244,-3.1038361363538116,-3.044304120827903,-3.0698294781375592,-3.067405586664642,-3.038670277954318,-3.0386702799008867
-3.0865732607433403,-3.0991772948233267,-3.011759901750231,-3.049977202290433,-2.8852687328566056,-3.027794329942669,-3.0819691579134867,-3.0204500230391336,-3.0121888144117133,-3.0150520555769207,-2.9814967220569955,-2.98149672329793
-3.1035171363661607,-3.0882338149153137,-3.04947991045138,-3.076045784513921,-2.959757658638707,-3.072614123191511,-3.1340590223964786,-3.0713320381901887,-3.030973747562805,-3.0324594534108296,-3.005446286248842,-3.0054462877268016
-3.1348597968184335,-3.1435359865466252,-3.0783335722398175,-3.096712577170454,-3.0136363796039203,-3.1092284695857604,-3.1891198304654838,-3.1159849040617145,-3.0494286671295416,-3.0496437132976713,-3.0320183628443784,-3.032018364429285
-3.1070911905787764,-3.1082263453127634,-3.1097927164295456,-3.1168086328286284,-3.064308365535003,-3.1246888395840924,-3.2020499219446026,-3.135135921058593,-3.067521452176778,-3.066567544026828,-3.011448004195476,-3.011448007769909
-3.1408396054637437,-3.141629281808466,-3.1107556489635892,-3.1009705294220398,-3.1109897034041243,-3.131998218686281,-3.2020610070204323,-3.1503635431842985,-3.0823817275714775,-3.0796849486604287,-3.02869064124876,-3.028690645179653
-2.9928103417104697,-2.994613126151506,-3.0964469621161173,-3.0721359081402095,-3.0379556722518375,-3.07559164145753,-3.1024503550105575,-3.005352680904304,-3.021809347619478,-3.027526601471574,-2.9396241105947025,-2.9396241138078105
-2.944465912838216,-2.9349339964046073,-3.0985059224753524,-3.0816713782024534,-3.1056467194540884,-3.091931216294589,-3.1366888566277438,-3.0292582058449553,-3.0392927472327806,-3.04303846644497,-2.9642046771270296,-2.9642046806015294
-3.0014034800483373,-2.994912892610601,-3.1267063656240617,-3.1187402023873076,-3.1459971350581784,-3.0974877623593695,-3.1432557797559717,-3.044371886339236,-3.05644782382524,-3.05854960681273,-2.961721554090648,-2.9617215583356433
-3.021229028527171,-3.008124155067289,-3.1417891596447514,-3.134826860127416,-3.195259663053944,-3.12530364522863,-3.1744632893511486,-3.063359480047436,-3.0737047514095903,-3.074231612310501,-2.9944741262875176,-2.9944741304846776
-3.107995561676357,-3.096639811100251,-3.1734714755085993,-3.165260697283967,-3.20700420961416,-3.153830313403527,-3.1946998926733428,-3.081106159054293,-3.086705247834981,-3.0864688590102514,-3.0231353389113362,-3.0231353429684695
-3.0214175755740893,-3.0244528061526283,-3.1330566177503583,-3.1252791140609815,-2.985407569459819,-3.0411219527529756,-3.083763999437324,-2.984179302440217,-3.019242450355926,-3.024804476396729,-2.921975948281249,-2.92197595208114
-2.853298408045369,-2.847961276884035,-3.076001197770771,-3.0831041358453617,-2.928103884136954,-2.968023308274484,-3.0618482031149408,-2.9545922056899547,-3.002372836746912,-3.0107506957979506,-2.901792362434377,-2.9017923660280536
-2.9251559736968105,-2.9190685016653877,-3.059631968671738,-3.0661836233017397,-3.002831012088298,-2.9686167256306755,-3.135782129149751,-2.9935263654802715,-3.020603348407536,-3.026633619371159,-2.938252316356796,-2.9382523199323476
-2.9734341774045845,-2.9822058898016954,-3.060502874169279,-3.0552197299383153,-3.0593465661750825,-2.9790593256648745,-3.1889283236105443,-3.0429360925159457,-3.038952443154257,-3.042589334497986,-2.967833057387187,-2.9678330612246127
-3.0556734341091465,-3.0383794530704926,-3.0899716831650887,-3.078700801439118,-3.137381636759523,-3.0175628436722888,-3.235310839002173,-3.1025510330222548,-3.0543286908814533,-3.055516432199334,-2.9989389065522074,-2.998938910603341
-3.109592639664438,-3.095826221801625,-3.110907892321043,-3.0801236764330073,-3.1641382793120005,-3.0484938162139157,-3.2399500251726687,-3.1462836730286345,-3.0667331526626804,-3.066017524528583,-3.02017010065187,-3.0201701048686496
-3.134815857191474,-3.1411072510132634,-3.136751774966035,-3.091854560598236,-3.196569096570405,-3.0817075650949715,-3.2680763154862413,-3.1740821518127658,-3.0802181952807755,-3.078713550441556,-3.0496279269132245,-3.0496279309623295
-3.195688859150359,-3.2250877993216216,-3.1665385124000576,-3.1135863246717475,-3.192775265771926,-3.107457968227424,-3.2476349479748063,-3.203679977951057,-3.0652178198474935,-3.0661912025996703,-3.051698922850309,-3.051698926279252
-3.191253929833054,-3.2371784169645945,-3.2034835801502966,-3.1466179479377954,-3.2330425146336776,-3.147122855115503,-3.2460235662543386,-3.252741008303326,-3.0729470304314113,-3.0730447493681297,-3.0669425484811774,-3.066942552066906
-3.2332528975892356,-3.2933081378830313,-3.2393080139619457,-3.177472234814833,-3.2436729354064084,-3.1757220383618248,-3.2375706835236926,-3.2450163041165885,-3.083777245030235,-3.0827039100769094,-3.0821421262599396,-3.082142129894803
-3.3104910192082415,-3.3803025258788613,-3.287370862317409,-3.225025154238754,-3.2853975367801387,-3.2227047537442193,-3.249043609548324,-3.2555746687488702,-3.1005183368393103,-3.0978312430134043,-3.1117579910754114,-3.11175799474936
-3.295719413368751,-3.3558239086616184,-3.312128658679904,-3.2504335557990065,-3.2434165967165676,-3.230847644590705,-3.2349668530213194,-3.2620539914034214,-3.1081590555230036,-3.1045668027534994,-3.113487402085922,-3.113487406033286
-3.2916005080878765,-3.3659746650581637,-3.3201557014476792,-3.260463685882632,-3.2682622806414687,-3.262849195241696,-3.238561253315203,-3.277504369499655,-3.122446047602648,-3.1178283293069633,-3.131262176547019,-3.1312621806443577
-3.1850442831282013,-3.24518296313986,-3.2864244526880317,-3.2266392407949844,-3.1656949231135156,-3.218888914217907,-3.1764737017390816,-3.2100946065690716,-3.0899854296469833,-3.090583788424885,-3.0973298570579724,-3.0973298598450274
-3.2012914611072834,-3.2657791440610966,-3.2813826515008055,-3.2251743852065586,-3.1949752781022354,-3.230797849295943,-3.1889840330636425,-3.216795498230968,-3.1047552944965595,-3.1041083458646943,-3.119633818729014,-3.1196338216086352
-3.2065670199898664,-3.286732788910603,-3.284021308960445,-3.2310348766751438,-3.2015806065808445,-3.2412769211319006,-3.191668266162604,-3.2144384537535586,-3.117769024706873,-3.1154966163171967,-3.1301951146478877,-3.130195118007279
-3.2231958232602356,-3.310082756091207,-3.2888069218771556,-3.2325722765568243,-3.2134468789183446,-3.257196078591969,-3.1971804361723053,-3.2291699583644626,-3.1327228561305263,-3.1289844771548454,-3.1538416921173518,-3.153841695613588
-3.24050014374859,-3.3379002037247987,-3.3127601422186768,-3.260666045193282,-3.2503179497309342,-3.2901684914508422,-3.221372087962843,-3.2658832816235455,-3.1424177362560384,-3.1382519852677344,-3.1747866367259348,-3.174786640222547
-3.261058730622397,-3.3458260516483924,-3.337347503035478,-3.2885449875946167,-3.26081450835587,-3.3132519795746243,-3.2391273254327118,-3.28187300861646,-3.155544825138067,-3.1504295164502016,-3.1973687874156473,-3.1973687909098123
-3.3150200034434,-3.3848439362307237,-3.3484459966437767,-3.301413844411998,-3.2558431885654096,-3.307521264662073,-3.2601414771776205,-3.2955002979234176,-3.1643747507727857,-3.157919100910589,-3.2049086507895748,-3.204908654762833
-3.3142984089335883,-3.3597812473629896,-3.3468426355947973,-3.299338097527443,-3.250949966847599,-3.3085907365699887,-3.265297654625937,-3.293453457833793,-3.172454764462983,-3.1652895015437723,-3.2182361190979876,-3.2182361231255863
-3.2864283274390513,-3.3291682022856355,-3.3639044429957377,-3.3303192943279707,-3.27089834576291,-3.3224808831930575,-3.2689796309572805,-3.323416214118971,-3.184219602044524,-3.176249727773949,-3.2249350788841467,-3.22493508356395
-3.3593650502244463,-3.4480909770546195,-3.4066409701398794,-3.383813111155106,-3.3095642392646902,-3.352202912264585,-3.303682590341241,-3.3584238709250607,-3.1961866252783153,-3.187855102620304,-3.245501678573841,-3.2455016832005334
-3.3706800233216967,-3.4383021370023754,-3.433878353856796,-3.4268976332218695,-3.286392788263196,-3.3606613712167355,-3.310172199338402,-3.3706005613940366,-3.205085659809161,-3.197675637054652,-3.2600265266397193,-3.2600265309328336
-3.4038514203423027,-3.4806745921520186,-3.467544548420975,-3.4662059531902907,-3.315103577814118,-3.383361007842564,-3.3396861500193107,-3.3945522888426893,-3.204801228629467,-3.198021753073428,-3.2606030062592324,-3.260603010371034
-3.3385994716238288,-3.3991617409548396,-3.4628712684962113,-3.457577464002783,-3.2825424767224054,-3.3346779527655976,-3.303826534494873,-3.37009551338549,-3.2162762782714145,-3.209026914362764,-3.218649690858004,-3.218649697134097
-3.3790782563921553,-3.4668224270474948,-3.4716026445264787,-3.471512747848633,-3.3427375682148988,-3.3521925318781096,-3.3345858024530997,-3.3680169763676595,-3.2207486853660816,-3.213559232192396,-3.2289150343378026,-3.228915040438473
16.5195994115967,23.777146009101013,27.620031309719785,28.101245934107265,15.361440474266953,16.661928174677364,16.293786986403465,14.441823735561123,4.913389997141583,4.533677950621408,6.54948918389379,6.549489597563033
-3.228469395937021,-3.1801275303393703,-3.280160568175159,-3.283438080390227,-2.9404160026728183,-3.1151703980346466,-3.0213418717971585,-3.0261044326617412,-3.072071783313309,-3.054440782040281,-3.0732594922658922,-3.0732595021889386
-3.1018174659366444,-3.024938056060214,-3.2043104190545115,-3.2066685784007074,-3.0308524932893217,-3.142523060779744,-3.1041455317308033,-3.067839398666441,-3.0923409482200723,-3.0740104179810928,-3.0897759724194778,-3.0897759824410347
-3.0776355920094023,-3.00510897390702,-3.17714043724824,-3.184580282633031,-3.0836746029814774,-3.170664027299912,-3.1750923286076764,-3.0921203211441943,-3.1067500290085577,-3.0884409104735187,-3.1120224837165833,-3.112022493729584
-3.039887937268917,-2.982373869413162,-3.184329568605135,-3.1979133956332366,-3.136007763356969,-3.2054919628930456,-3.2353516842425214,-3.145987638410344,-3.1250772564512177,-3.1064063732838796,-3.1336004610907704,-3.1336004711794514
-3.1356259198537186,-3.0935426189683577,-3.2069721482981595,-3.221460635288084,-3.168536225987265,-3.2333262948471817,-3.272769159170439,-3.1823325487781178,-3.1437009159293834,-3.1247136137317923,-3.1579319911345074,-3.157932001224225
-3.1417850869765216,-3.1513109702533995,-3.244644986988798,-3.2502212101383163,-3.18092452165876,-3.239463177844832,-3.331791544191355,-3.235484080058592,-3.1634016226594803,-3.170923773426223,-3.193610663889368,-3.1936106663228303
-3.1919642156027845,-3.2147045851300993,-3.2789563733741,-3.2987560599213293,-3.2172905104947107,-3.267273746636965,-3.3547263612491562,-3.251587926984496,-3.1767807190370756,-3.185653074046071,-3.2159354505207967,-3.2159354526358412
-3.2327085654308765,-3.2707664110250736,-3.315381329874949,-3.3448545266709457,-3.2863083603348793,-3.3036925444821934,-3.3719615487063423,-3.3381060709481156,-3.192958961385483,-3.201596106915155,-3.2320031923205543,-3.232003194506792
-3.2493788085712048,-3.299212210530865,-3.3186726901333317,-3.3432719085492284,-3.2558300099012056,-3.3022439983220133,-3.3604997937143004,-3.3570602627303585,-3.1987131500721655,-3.2073065300596806,-3.23431671945888,-3.2343167215375344
-3.3378955194858477,-3.4000677421164607,-3.3527186228264676,-3.3757828068717206,-3.2795265395695283,-3.3223154152765124,-3.3755267666715283,-3.3905472511174577,-3.1910046589091143,-3.200285918497908,-3.2244384128970403,-3.2244384147068756
-3.3473950720065853,-3.417171280493215,-3.378371172987591,-3.3976445217429423,-3.311289625157852,-3.3435391949012647,-3.3936368501266507,-3.3738038363150857,-3.2093652420883703,-3.218056995541869,-3.2380934640958614,-3.2380934663735195
-3.352381484536287,-3.4447388171178988,-3.412599450081274,-3.429906424542186,-3.3386113196190665,-3.3674851334153897,-3.4134415078176703,-3.3786166362047982,-3.224454291503614,-3.232813616471168,-3.2607108404445095,-3.2607108426663243
-3.3826504684876144,-3.4569516927165864,-3.4065835284312795,-3.425766219811867,-3.2912600770793508,-3.3583540721054144,-3.4381234922550115,-3.344234971073499,-3.2129558281446977,-3.2242225488711806,-3.257259874405681,-3.2572598758402216
-3.3863383376840286,-3.4654997987114107,-3.4087265932583772,-3.4253908970094566,-3.3645197378497365,-3.383270665563101,-3.519381046593372,-3.361445022932956,-3.2299778518761726,-3.240906068162562,-3.2783707236393806,-3.278370725151859
-3.3922723943153374,-3.4731587244816735,-3.4272620187475575,-3.4450135553207755,-3.37865129982705,-3.393257490781668,-3.524036018416366,-3.348995334777493,-3.2441485137532826,-3.254446631633939,-3.294087476086317,-3.294087477614149
-3.347528435063108,-3.39778257145777,-3.4082524343187197,-3.4112861127277494,-3.3740622399504803,-3.3683670258071463,-3.4903109829163226,-3.380613141669085,-3.26000097844313,-3.2689023844575527,-3.2827950170405886,-3.2827950196389875
-3.332599077184826,-3.403504292505198,-3.4219721550485422,-3.423968477368332,-3.4104015955886426,-3.3786874267301865,-3.5006787637805687,-3.376061588820789,-3.27220380986021,-3.280778944033942,-3.296557997365734,-3.296557999925343
-3.3216068679246002,-3.3800878489971438,-3.4170619330992658,-3.422781773009505,-3.4083335567480666,-3.3796725639113636,-3.4969416931607356,-3.3749223752242927,-3.2811233782010487,-3.289334089757169,-3.302617898185281,-3.302617900814354
-3.342706517336721,-3.4160699266689476,-3.4233463422008503,-3.4323443087199603,-3.441004296115783,-3.391121523061993,-3.511861471625785,-3.399382645395973,-3.2969213659600194,-3.3047919673412247,-3.322090662841705,-3.3220906656635942
-3.344335578157022,-3.404376213103083,-3.4243516958816738,-3.432495081818975,-3.461323097095624,-3.397476271479246,-3.519575195135469,-3.418560122165691,-3.313103996288552,-3.320319590709224,-3.341230964943414,-3.3412309679962107
-3.3430967026727085,-3.393138894670544,-3.419090657766776,-3.4324835636275015,-3.440483960818392,-3.3839388456663833,-3.5072005668042365,-3.384801099656107,-3.3290772162147855,-3.3358628766505807,-3.3597038503633176,-3.359703853449575
-3.2314980442347636,-3.302587336776928,-3.382453776643816,-3.393592416711848,-3.3042248299661408,-3.299989841984304,-3.409837577834625,-3.283280947217149,-3.303197435549128,-3.316010647494302,-3.3221216677932808,-3.3221216691252895
-3.179312700007239,-3.238230333134231,-3.3310268637843063,-3.345461695533467,-3.2185017276915753,-3.232237759713129,-3.354235731506837,-3.2327262521620144,-3.2868359492167727,-3.2985905477317656,-3.290721252751555,-3.2907212540200144
-3.165162382899186,-3.2131776859143173,-3.310184611026193,-3.3408369998781913,-3.2267150596692424,-3.2326049758168645,-3.3766889588315694,-3.254329159921437,-3.296653873561628,-3.307984252891885,-3.302226867356716,-3.302226868530956
-3.0751360584415806,-3.094015686296223,-3.2257530403214947,-3.259713894644407,-3.091165964670004,-3.1569123233531777,-3.294283299275733,-3.193735958019701,-3.2407637665384863,-3.253788250080935,-3.2375966632972446,-3.237596663806432
-3.0838525332115343,-3.1095863463076046,-3.19379126792842,-3.231149503642281,-3.162225372557499,-3.175864053090913,-3.3637890163447968,-3.2394401206536876,-3.255705380930865,-3.2675272978235497,-3.2549564505395474,-3.254956451315141
-3.1864845026440696,-3.1974716319140772,-3.2124169471520565,-3.2606710004083705,-3.2108095202085365,-3.222660654903648,-3.4312895696775536,-3.296059378437188,-3.2751883515183917,-3.3073538199280934,-3.3076529445302354,-3.3076529452580354
-3.17390152451813,-3.1913613540014145,-3.231577786514908,-3.27997697568567,-3.243992815383729,-3.248020335479155,-3.458275475117211,-3.3448070709003126,-3.2909304464924802,-3.322202534819699,-3.3171721327283583,-3.3171721339477545
-3.2061078644132057,-3.23387064286747,-3.2394354550375315,-3.2904088116008916,-3.2535088055059487,-3.27140804422144,-3.4540324960476365,-3.377907896794424,-3.301035633006333,-3.331826869710095,-3.3249543327783506,-3.3249543340311387
-3.227131894156105,-3.270297373182408,-3.2587850980653306,-3.3050137890149056,-3.2516188080552273,-3.2862373921084114,-3.438610861627656,-3.3864905927348197,-3.299616273936359,-3.331159931986271,-3.3271227259074054,-3.3271227268484695
-3.3119146342907704,-3.3491850892571136,-3.2755554718714217,-3.311453288330865,-3.2827439433334584,-3.3053379433193233,-3.442938579524575,-3.4153016361169257,-3.3145908682748733,-3.3455116910500964,-3.3466054343566016,-3.346605435556236
-3.3315392768435372,-3.3889970009726653,-3.310077220654718,-3.3415379231248927,-3.319859962885087,-3.3277348310569446,-3.455369768004827,-3.4256143124971374,-3.327636253720086,-3.3580783768278097,-3.3618783841246156,-3.361878385477678
-3.3258858479317523,-3.39887882913652,-3.3384492462413435,-3.3671231333084224,-3.3229935070613212,-3.3416361866642803,-3.451111678827579,-3.4192982813089943,-3.336770979517126,-3.366631046476627,-3.367566244318902,-3.3675662459329336
-3.4059493946031525,-3.469543708015155,-3.371655214175404,-3.403892773254949,-3.3492950377448665,-3.3649804606102363,-3.4527919173380903,-3.437293141405351,-3.349810590276676,-3.378843647447613,-3.3857845246373515,-3.385784526436754
-3.37605524793478,-3.4347656591944413,-3.3869960015069487,-3.4122981579842726,-3.3576429535098016,-3.373717170149164,-3.4214601896297734,-3.4541500579637736,-3.3592044237799468,-3.3887027385665176,-3.3936019068154013,-3.3936019087218403
-3.355790194299876,-3.4394659144136726,-3.386668786905304,-3.396427646886541,-3.3683922035049996,-3.365733355912224,-3.402194182626759,-3.4673490940743092,-3.368550556325646,-3.3992894703394287,-3.414150599220189,-3.414150600816474
-3.3734889101408134,-3.461759457469498,-3.3981552542110105,-3.4041401216092515,-3.3723684159626646,-3.3549426728056275,-3.417803388881884,-3.4383978615739554,-3.3826069446640283,-3.4127061351174603,-3.429958578143392,-3.429958580000182
-3.395024957697861,-3.5010696631824354,-3.4444808776707427,-3.458523962225888,-3.4095877513238175,-3.3721458998202634,-3.4566841828933326,-3.440077107072296,-3.3846748653693646,-3.4139222905674997,-3.42713807096324,-3.427138072988204
-3.4090783444739223,-3.4926888138080794,-3.468380401447261,-3.484500428772648,-3.4131351291956245,-3.3835968174485975,-3.480372739497761,-3.4154539453882005,-3.3979598287432253,-3.4268794423230786,-3.4455155931884285,-3.44551559518586
-3.352502516890098,-3.4386649883098976,-3.4675546655375666,-3.4751412776330373,-3.389251276645341,-3.3805916439701944,-3.4786029767835367,-3.4284417963717617,-3.3941337358658727,-3.4259805450677505,-3.454833466277961,-3.4548334676326045
-3.3377249639056092,-3.4259534267480696,-3.444235997320778,-3.456076550782953,-3.333220250167287,-3.3555449792967984,-3.500419177556627,-3.44501682644408,-3.3702452508039733,-3.4022771871495276,-3.412312864533596,-3.412312865696152
-3.30995842277301,-3.3949729995166185,-3.4338115889032492,-3.446289212750326,-3.368222799296454,-3.368124070778258,-3.515220668567429,-3.4604517635636656,-3.3856311487260218,-3.4170365889285588,-3.429958017645016,-3.4299580189455394
-3.3473160064329006,-3.4191631631278323,-3.4233118635469264,-3.4354371230005567,-3.3527196356345836,-3.369424220575321,-3.526666895303279,-3.485710979633293,-3.3909322442482286,-3.421710884110166,-3.435719668795712,-3.4357196701166295
-3.3746965280577443,-3.442489333127719,-3.415674082631364,-3.439346198220216,-3.317239480865296,-3.3691254269015287,-3.5121435219060255,-3.47654091034668,-3.388098238418938,-3.4208453236493135,-3.43758759819669,-3.437587599046822
-3.3089435286518856,-3.379577669428424,-3.4096410459502335,-3.428837837027836,-3.3062443233024403,-3.3680242643955287,-3.5083769859872396,-3.484952978756798,-3.388680706405115,-3.4230630833833864,-3.4458456878974464,-3.4458456882018247
-3.279872950126257,-3.3590398924061042,-3.388723143427581,-3.391785710725527,-3.2580975225239253,-3.320206069807673,-3.41767091022112,-3.477006234561139,-3.361429210302911,-3.4015907954663036,-3.4271131557702663,-3.4271131546611384
-3.2765915111659427,-3.3415321066328127,-3.3830714482857864,-3.3871157345787393,-3.276678926894697,-3.3156402086579475,-3.4484267009777567,-3.4571231527433035,-3.370126495096794,-3.409104774273304,-3.440166018507825,-3.4401660175284787
-3.277081212612451,-3.351472102515931,-3.37299940182952,-3.3672336322973804,-3.282014050615266,-3.2996258189551435,-3.4228754586381216,-3.454702359963907,-3.3713331034018874,-3.4125453178583123,-3.4511939175001403,-3.4511939161602756
4.528823147171509,7.85478100585302,13.079079697641411,14.07946898221791,3.90153723121899,6.7904810674298615,16.976425262814104,16.00810366436365,13.382105312145004,17.447385017018725,21.03521804523115,21.035217941279626
-3.0462469645993946,-3.035745637328061,-3.1677595953359736,-3.1965235401569,-2.8815307807812083,-3.0924484871479803,-3.0832002783842634,-2.9440730971563887,-3.1681662863123097,-3.2034285612660405,-3.213223293750745,-3.2132232881727067
-2.9103559710775535,-2.899675739452416,-3.041085830085037,-3.05743797667634,-2.9618637848016425,-3.090659282154614,-3.1140612060126394,-2.9695254588265767,-3.1677253673723436,-3.207533677174282,-3.2225055047394244,-3.222505498843421
-2.945843094298401,-2.8816948018072783,-3.0023381608969273,-3.013402098240496,-3.0110575416629004,-3.1002514296224377,-3.1485573551018464,-2.997821283216598,-3.1846569029325105,-3.2224442106276023,-3.2418692300231977,-3.2418692244231027
-3.0004682755056473,-2.984237964442324,-3.014990506334208,-3.0265381835358767,-3.054935397174725,-3.124417779606368,-3.2160258997646087,-3.0462668223410905,-3.2057274751402054,-3.2424458616611322,-3.265488215422389,-3.2654882101022156
-2.9397094486403694,-2.9059084193822353,-2.9843385196284586,-2.9829207279453067,-3.0450125503033085,-3.092474002752954,-3.195393614112942,-3.0292750059368623,-3.2018222857266565,-3.23483844688484,-3.2502209502035315,-3.2502209456809292
-2.9329933321256387,-2.888376380045679,-3.0255762751405504,-3.0400513627795043,-3.1083671133673487,-3.1244129998750076,-3.2502599141087054,-3.074174105052158,-3.2232741174548236,-3.254319615788677,-3.272811925531244,-3.272811921440821
-2.970752893799093,-2.949922860684976,-3.0545085738133944,-3.0589886692084125,-3.209647544083489,-3.1370637928368503,-3.288721367439893,-3.116184886125348,-3.241690414255438,-3.274200297758986,-3.291653296540126,-3.2916532927536655
-2.9820037174465157,-2.986790603039355,-3.0993128174834066,-3.1292118111401965,-3.193761864743829,-3.1229747831221983,-3.215020018531963,-3.081557034020919,-3.2445004932710764,-3.283028701788295,-3.2934062307517458,-3.29340622677068
-3.0056510209609772,-2.992901320291662,-3.183490248253621,-3.2175747969065798,-3.2710237657920205,-3.166300262734239,-3.2511424321330162,-3.109003976321069,-3.2657000289462266,-3.302988225629802,-3.314577091071388,-3.314577087354926
-2.9738119916512176,-2.986157120332719,-3.20755965048017,-3.226036358883708,-3.1835685989704627,-3.1253993311659696,-3.203138763406583,-3.0708959684338684,-3.187196911971629,-3.2322753469364995,-3.2162366770577706,-3.2162366725895697
-3.051163826750991,-3.059208339033682,-3.252892181457378,-3.2663387506097283,-3.2387764493221187,-3.151170539476787,-3.270344207127053,-3.1161820622102887,-3.2096013800590857,-3.2523388270456834,-3.2440565789058877,-3.244056574576597
-3.0316377574794893,-3.0368665643974904,-3.292445551796062,-3.3231836083039754,-3.2673727178146397,-3.1774146274798656,-3.303016614644127,-3.15960864434438,-3.232527704030319,-3.2729574559095536,-3.2644337019545913,-3.2644336977469397
-3.0669679417179614,-3.0745527524219107,-3.3206350395710347,-3.356363207600411,-3.2495372150728383,-3.195602841322982,-3.325449171078986,-3.190257494748927,-3.2456477569673856,-3.28486550735104,-3.2799612422484477,-3.2799612381388563
-3.090993656311345,-3.1284334778501837,-3.3515224948550077,-3.382505407796173,-3.19133923965666,-3.195977814936862,-3.3275563223246993,-3.1815053058839067,-3.2351655690364485,-3.273402448708421,-3.2587411431502393,-3.2587411393567676
-3.1241353001409413,-3.1658367731097172,-3.3613914178352475,-3.3870098655286003,-3.1854500546093223,-3.2005370778008366,-3.334321262514533,-3.175660353354888,-3.254972485497876,-3.2909090942853894,-3.2741999247808202,-3.274199921253614
-3.118121614512893,-3.1508229258584532,-3.374866717363907,-3.402961634126208,-3.203074243883348,-3.2360126509848945,-3.3765724073642818,-3.189332170800547,-3.273576133872924,-3.307278938321856,-3.3006158435020225,-3.300615840120783
-3.1543287894542593,-3.1920208766571996,-3.3786415665614298,-3.407877806512544,-3.214974230281829,-3.2643199700248653,-3.4020707385327884,-3.204265826882154,-3.292610963094358,-3.3244274316964555,-3.3279458719732893,-3.3279458687151373
-3.1587208703549763,-3.189536225422798,-3.361649720109744,-3.3904912645631065,-3.1683703658995546,-3.267374899271382,-3.356339531172626,-3.1727536867006747,-3.289360748778402,-3.3071367108249117,-3.335075676202029,-3.3350756726023603
-3.156855047975994,-3.203614391019949,-3.3458624522807847,-3.377047290703504,-3.1462540365784264,-3.2637722902370467,-3.349172161814796,-3.156581053732618,-3.2932285434427184,-3.3114972565381704,-3.3154658102453802,-3.315465807528725
-3.1377420710639887,-3.1654411787333303,-3.2889405490090664,-3.318137995740181,-3.070035383739084,-3.227270287126675,-3.2760859508466593,-3.098201508775505,-3.2710993913732453,-3.2646673099119132,-3.2930293788171316,-3.293029375877873
-3.08761836743836,-3.1164925643617156,-3.2654574940542886,-3.296787177715048,-3.100014094724945,-3.2509606704430403,-3.300324715357037,-3.1209931361463124,-3.2901250864202196,-3.2837533414050264,-3.3188782070521543,-3.3188782042379428
-3.1187493544161384,-3.118111184696505,-3.2287155225041326,-3.2492937526491454,-3.1342916608783833,-3.243885940368037,-3.3027264510154217,-3.1387498059760706,-3.273543766164232,-3.2762952779315615,-3.3131217414354475,-3.313121737878711
-3.1282713280544545,-3.1279338662237777,-3.247344052364956,-3.264106398024188,-3.1864934274510004,-3.2755425185542437,-3.344551472021441,-3.1695696798366964,-3.2878901768283844,-3.290471446292643,-3.3303024828753385,-3.3303024795124094
-3.1478051698328824,-3.165768474043952,-3.2280687187470596,-3.241456686931859,-3.158997497671713,-3.2306148530530265,-3.3175812785788135,-3.1376240930419006,-3.2642798966669693,-3.2662357735269363,-3.27084690477459,-3.270846902209225
-3.1621211969811793,-3.189471420047627,-3.2467425954190867,-3.2594356340713793,-3.186681367124427,-3.2290614056121774,-3.3235684157844734,-3.136883585084691,-3.2852038578935407,-3.2861495979527184,-3.272997673797196,-3.2729976717773326
-3.1709507234876995,-3.200220671965685,-3.2983096633228897,-3.3173734432641324,-3.2515937810545577,-3.2447261770897726,-3.3413318792288083,-3.150398578254651,-3.2943648439666733,-3.2934689215421162,-3.276174282532202,-3.2761742809947303
-3.2232930589441677,-3.2722313682540434,-3.3232836793596574,-3.3395472735281335,-3.2648648355616032,-3.2624438319140756,-3.3433688934133903,-3.151402451154913,-3.30478576771275,-3.2882124907530916,-3.2972158085366905,-3.2972158069294437
-3.265995733125784,-3.311396690635355,-3.3405943872108868,-3.3538443546640826,-3.282237677629692,-3.2873998825410493,-3.3506953629034704,-3.1572147191516664,-3.3248026214315987,-3.308555329838047,-3.31726395862212,-3.3172639572359914
-3.26858484197124,-3.3104883790395077,-3.3380950836143612,-3.3529033705012505,-3.2869094634113996,-3.314630913582446,-3.371373628286513,-3.170039482622322,-3.3441729214233082,-3.328116947168464,-3.3322516694341773,-3.3322516684456387
-3.2884160495446118,-3.319656270633103,-3.3132502361296856,-3.3296016281787333,-3.2171923123462713,-3.300907194011639,-3.3139306601353673,-3.1363372367421642,-3.333192699524186,-3.2700339320663483,-3.3336923060437824,-3.333692304605618
-3.223037754379022,-3.2467087580646625,-3.275424985917148,-3.291962875329615,-3.194914876255723,-3.297045821755822,-3.3066959288708273,-3.135650660806588,-3.3439043609001464,-3.2840101273571385,-3.3298798405030756,-3.3298798393302653
-3.203730208327625,-3.223502044402131,-3.2575244498503846,-3.2748373208258412,-3.2344312414917575,-3.328012761896007,-3.3724782001007023,-3.19334050065712,-3.356865999272615,-3.3013494879372507,-3.3400129531231477,-3.3400129523920326
-3.2064602876691572,-3.2390673542640327,-3.2436951921662804,-3.254151901889468,-3.2520391747120474,-3.336381588651739,-3.418568673841291,-3.241947466919267,-3.372882830762384,-3.3189666313632857,-3.347426561749552,-3.3474265613914427
-3.244196568979356,-3.2965218371609293,-3.256112420689612,-3.2602942352059903,-3.283224915127257,-3.3569822009046795,-3.4735346247848358,-3.293113477258324,-3.384649676052826,-3.3347500684785567,-3.368276399254009,-3.3682763989406714
-3.276196092916081,-3.318816124483957,-3.268286343306552,-3.2647540746248307,-3.2890485032312546,-3.360817343644458,-3.490402018541029,-3.3265667490749355,-3.394567556574164,-3.349136874588606,-3.3877729775841168,-3.387772977100528
-3.2448539493607997,-3.3070746098930828,-3.276812197537917,-3.265365480184399,-3.212562888802193,-3.312659810206264,-3.4331293587550293,-3.272446327677799,-3.367024604971953,-3.330760805030682,-3.339059247363381,-3.3390592465361846
-3.2631467739947557,-3.3235354315826733,-3.2969748019574174,-3.291745391093492,-3.225935677838644,-3.315316750881374,-3.4575997807581236,-3.2707170937098193,-3.378700513308018,-3.3451618527262568,-3.3573861629887936,-3.357386162059338
-3.282840645239922,-3.348467475244074,-3.308045404017058,-3.3035823455464857,-3.2474294057826683,-3.3316728892779937,-3.486179473163406,-3.290959166112669,-3.3955381704213057,-3.3628094649350304,-3.37659754208866,-3.37659754143351
-3.2910140753099566,-3.3648893848508457,-3.317929132132323,-3.3098766016294983,-3.235255623906996,-3.3261363680717304,-3.482521583179797,-3.2962571362771342,-3.3804467285531947,-3.3538346376501105,-3.364393375236091,-3.3643933741873266
-3.3063537261430946,-3.385372648623473,-3.33479514889172,-3.3227322399977046,-3.257912079672412,-3.3401014248001277,-3.5036483896165094,-3.3140972763401844,-3.385336312431373,-3.36111968909635,-3.3763139852104347,-3.3763139840852725
-3.2945147623077915,-3.373743067439234,-3.354925497719031,-3.344808084282442,-3.2797748660345816,-3.3634818016699377,-3.5247267590750444,-3.3142935555655333,-3.401309060252242,-3.377995883622931,-3.3819409577489097,-3.381940957428222
-3.298082086717323,-3.411411999054957,-3.3677393367550748,-3.356757340515525,-3.3036938031672305,-3.371926565619218,-3.5276239450620004,-3.3140264435269677,-3.417993403819856,-3.3951427343943825,-3.402256023191407,-3.402256023061272
-3.3595025494269377,-3.476354220725568,-3.381976517549417,-3.3708352508203703,-3.3211648691658233,-3.3917140032506965,-3.54425022025563,-3.345341731841875,-3.4342583715987174,-3.411912794841336,-3.4204111937191026,-3.4204111937776576
-3.279967076922854,-3.385019469370451,-3.3745088581303877,-3.354949841913074,-3.349492488645379,-3.3845609983117413,-3.5261424418774254,-3.3553826760998406,-3.4471657979324988,-3.4245525087354656,-3.4318009337276303,-3.43180093425916
-3.2515534694682366,-3.3653157637434497,-3.377962611872312,-3.3614896099336535,-3.334044002581998,-3.370146565673416,-3.5075830089714195,-3.3126515328535864,-3.45841253411426,-3.4367237529962424,-3.4245991559939943,-3.424599157065425
-3.2680825183925384,-3.3606538341837022,-3.3829307940708198,-3.3701576676613083,-3.3226791820997663,-3.367527673639338,-3.501355956266978,-3.2952739932536512,-3.466685184299321,-3.4465408471165175,-3.441138539248727,-3.441138540249082
-3.2577031122956854,-3.3732753660690205,-3.371438770718866,-3.3733699713826617,-3.2516879824015392,-3.3405850659180563,-3.4587791505274175,-3.2460829524506916,-3.4376662847927415,-3.406045330402006,-3.4136941658015783,-3.4136941662232374
-3.1895028177797267,-3.2995472560849004,-3.3574214124851656,-3.365729067224188,-3.2656754578050373,-3.3460970094562876,-3.456637618751057,-3.232365241920658,-3.453521361021103,-3.422743083508794,-3.427351492019458,-3.427351492669218
-3.262564808034534,-3.3301224439986816,-3.3516100440571477,-3.3721177761014527,-3.267057229101764,-3.3542598634956065,-3.4809791892186275,-3.242590130972475,-3.4711062896494296,-3.461210472669389,-3.462997991015759,-3.462997992516659
-3.2308595593152205,-3.278950810738921,-3.346445175207339,-3.3714367320868766,-3.291063856726596,-3.3630920912342526,-3.5206980501826384,-3.28360974820715,-3.4497811676102432,-3.447759707653095,-3.457920496616186,-3.4579204973824
-3.165180416049888,-3.255494878074627,-3.325502146443863,-3.330553880498132,-3.2718338133147906,-3.333848851987267,-3.4988749848231957,-3.2936416356185827,-3.418382890896796,-3.427642174132204,-3.4387351409132734,-3.4387351405671316
-3.219901268687318,-3.3030245564555987,-3.32963869550542,-3.3256392476554004,-3.318832543054735,-3.336725631936011,-3.5138366062211426,-3.316658541654726,-3.4306960212190507,-3.4409333015317127,-3.460243477831261,-3.4602434774540076
-3.2594427518028377,-3.3526017382976634,-3.339903384230008,-3.338511898445484,-3.3231100908772673,-3.3478383581622846,-3.5264115050241838,-3.332989598887926,-3.44344690494492,-3.453637836459684,-3.473122992284954,-3.473122992074341
-3.238383787430503,-3.2739919953070804,-3.336819445612593,-3.340085050108431,-3.3366807242372802,-3.350522621279055,-3.527256187181202,-3.3300338426155873,-3.4523696450744397,-3.462440827981123,-3.4700218968232504,-3.47002189725744
-3.17977771940528,-3.2253879310049083,-3.3661419798955188,-3.4040338197397304,-3.325490415683503,-3.3300829998451995,-3.479905956256347,-3.305898454926424,-3.4613841247408086,-3.475407293841168,-3.458913630539676,-3.4589136312915834
-3.234615875076872,-3.3140983418164276,-3.400693652448685,-3.4397194597868705,-3.352360362362159,-3.3418084552673872,-3.493197050750782,-3.3120856916032038,-3.475346252050845,-3.4896544829797134,-3.4805609401063755,-3.4805609408013316
-3.217334168786069,-3.2952459948268458,-3.434507743304052,-3.473816310590205,-3.3473221331860916,-3.3569174724609905,-3.4926526780096703,-3.298095568048996,-3.4901887165452066,-3.504612759394269,-3.4923055410858694,-3.4923055424131997
-3.2516338790397743,-3.3175822041998178,-3.4679121722061943,-3.5050961909692946,-3.348679489992151,-3.380053406667791,-3.507760812526962,-3.3099172410989275,-3.501500139644614,-3.515933192584065,-3.5098973598199787,-3.509897361171264
-3.2168236023970196,-3.2700680585436834,-3.444767517011319,-3.4569321818114993,-3.3643177466881644,-3.357586558562634,-3.4816758940524886,-3.3067735330611776,-3.501244935249806,-3.5210339431808664,-3.5121727218404484,-3.512172723613442
-3.182838300804226,-3.2301719185487996,-3.4447580050261566,-3.454609591971587,-3.368938724821998,-3.3498542742817237,-3.476710761322887,-3.3200621691196863,-3.5163018345950325,-3.5356041350381187,-3.518779363685789,-3.5187793659244537
-3.1916307806523556,-3.2346063383703743,-3.4321253049877964,-3.4525452612859664,-3.2466085763463894,-3.3114957364796958,-3.4253663634966003,-3.265700919229674,-3.477648932319437,-3.4938401805087778,-3.4911533246862803,-3.491153325703798
-3.193353790744398,-3.244008822294909,-3.4359495896644514,-3.4615664130829993,-3.2355265774570348,-3.302485466631438,-3.4263396037799354,-3.2674628850045133,-3.4366517622744914,-3.4582748178768266,-3.4458034717123596,-3.4458034719477286
-3.199757522844261,-3.2462513684724463,-3.4258503499846227,-3.4403531042836475,-3.269179144829276,-3.311827501227889,-3.4513709713497813,-3.2962048660043797,-3.439219287717093,-3.4630224721353264,-3.451037444253092,-3.451037444727139
-3.138428699983108,-3.179711604934759,-3.3956733895963733,-3.395333807610254,-3.2875609402297172,-3.292866095411438,-3.4520641498845035,-3.2861632258955424,-3.439356412641549,-3.4667922457072917,-3.4619488338524924,-3.461948833776173
-3.1767570642888803,-3.202404424897956,-3.4182169235076802,-3.42289291274726,-3.3241635288675893,-3.2974434600183935,-3.480601373097075,-3.298270029773197,-3.4543378631519763,-3.480547846586541,-3.4653788354010864,-3.4653788359840387
-3.1666645039614543,-3.210474335897705,-3.4269061030082457,-3.4328500922555287,-3.3418825851683627,-3.303094973083955,-3.4904358882316107,-3.278820400441609,-3.470166868936326,-3.4949910455221547,-3.4772252683911287,-3.477225269464866
-3.143637949565348,-3.189657689244922,-3.4057007780233857,-3.421893890405575,-3.2979797813384817,-3.284822780929335,-3.4776580953426475,-3.252019551889995,-3.4708469345043107,-3.4967219768773576,-3.444295155151689,-3.4442951575917187
-3.171447150250043,-3.228657815027801,-3.396295218216027,-3.4121306363309123,-3.260803486654619,-3.272323701044012,-3.4625798016143743,-3.251367827139231,-3.4557476438731793,-3.4816825780230825,-3.42158464990459,-3.4215846524649223
-2.991417685319404,-3.038679707424549,-3.2857112392966443,-3.2960823888055093,-3.1397763448352407,-3.1698817176347993,-3.3154088350017,-3.119836206969098,-3.4399120923709514,-3.4713023849310414,-3.3733869242815495,-3.3733869265705967
-2.996290954949374,-3.0104911457108416,-3.2589835655132164,-3.283811112378709,-3.1760110993116526,-3.1635279747058274,-3.3417829329651347,-3.1489941532054937,-3.553933241905559,-3.5617117036616186,-3.451066003178917,-3.451066008711458
-2.9809130620891002,-3.0006275745921376,-3.224017779671417,-3.257989899899048,-3.2017787522707017,-3.1546856687666875,-3.35420151503964,-3.1521969207825027,-3.567238004161046,-3.572853437119748,-3.4666383271117356,-3.4666383327563657
-3.01526615663437,-3.034670490115543,-3.215775445802307,-3.249734655873019,-3.201633409464719,-3.1452684902437182,-3.3493781480344564,-3.15364280413557,-3.565676964865074,-3.5729904861199557,-3.4706428971319285,-3.470642902761426
-3.045439059992563,-3.054676463419855,-3.1991469196700124,-3.2327560327330085,-3.2239717431803774,-3.146865368553818,-3.3567486841355296,-3.1625584595571308,-3.579368590554161,-3.584338211060902,-3.4907577658220226,-3.4907577716080147
-3.025698756177794,-3.046079982522458,-3.211876092526809,-3.2463055614100993,-3.2253743229983445,-3.1621334091601523,-3.364900328120249,-3.1743016304218346,-3.565280823113173,-3.5717904757655825,-3.489840649738951,-3.4898406552048002
-2.962475328099192,-2.9923136848421095,-3.1586684897912494,-3.1827358400053396,-3.1863388119897125,-3.1208267098441906,-3.313928777576855,-3.124602365967177,-3.531274229695744,-3.548627609420332,-3.4736666083761176,-3.473666612244074
-2.9797243241273064,-2.9997206776713385,-3.1788555912744068,-3.210881163212192,-3.2110141953554674,-3.1222463779947645,-3.3258631865758432,-3.1378746223108323,-1.988306680238992,-0.7477622967451096,-3.4704109040894373,-3.4704109086443724
-3.000526558020309,-2.982463975121926,-3.22583547389568,-3.247218904069735,-3.0164894493469103,-3.029056804624727,-3.084470166255851,-3.044011300226477,-3.4640663540672265,-3.4978082251836717,-3.399180851330741,-3.3991808555485004
-3.0185051175289304,-3.0117433791630477,-3.2895162817196186,-3.3125451779931456,-3.0721634613468445,-3.031161058996712,-3.117181552806338,-3.0454328118800245,-3.466005151367597,-3.4972322898389914,-3.375203866577408,-3.3752038719940973
-2.9001900044938433,-2.9187353259246582,-3.2308132563133167,-3.2517937820395977,-3.1000644429214144,-2.980563736207608,-3.1004475378058207,-3.0218314036691076,-3.460402706162979,-3.4938439961569046,-3.373826627967284,-3.373826633082848
-2.9031445431619254,-2.9031408435341035,-3.266741842683637,-3.2902682138623565,-3.128047951031304,-2.96672371542833,-3.1205578777896754,-3.0288452887963544,-3.465636820402084,-3.4520647952318653,-3.3832670733038883,-3.383267078433057
-2.812712838931551,-2.8107131253818625,-3.2473204317491446,-3.277476152996986,-2.944539325103854,-2.899530143253229,-3.025109174453726,-2.9298367988396583,-3.365971400581932,-3.3967890187788194,-3.331205585504904,-3.3312055886780847
-2.8728905400576465,-2.8412925935573776,-3.243191159721532,-3.2822589503978175,-2.9849583879996033,-2.907038295372074,-3.0823288596957568,-2.9696981764090955,-3.3639961522128328,-3.3938370887546654,-3.3474067702211525,-3.347406773266003
-2.9191919499264687,-2.8745213697896044,-3.2409705318482707,-3.284738906147,-3.015903029701281,-2.917462157303781,-3.1468555965158806,-3.0105444116299775,-3.3749760232729162,-3.4017475082031554,-3.3702721112582164,-3.370272114260792
-2.992540749097234,-2.948583342789512,-3.2376647840978934,-3.293181378862967,-2.9768030104273264,-2.9199939978333624,-3.15942172602061,-3.0132696920057604,-3.366316642556605,-3.3899585313255653,-3.370960661527171,-3.3709606641230203
-2.995740408211129,-2.9736704705638397,-3.247072123476228,-3.3056468700073576,-2.9816318594553017,-2.937390615851775,-3.2076277812823317,-3.038568840014113,1.4691458439062646,2.987600307843549,3.1026132748483963,3.1026134743230207
-2.9062558614216725,-2.9026763865528933,-3.158110094322206,-3.2160364284462126,-2.8092284910963192,-2.8651554002964166,-3.0451818256429615,-2.876157229217522,-3.212732165441089,-3.2707105262785268,-3.271671419502969,-3.2716714166357126
-2.9119829575790117,-2.8902223022598252,-3.107833234957713,-3.1594839794466223,-2.865697891394677,-2.876226991723862,-3.0848785307766162,-2.91748191957947,-3.231336827715228,-3.2833977980317535,-3.2859818081556753,-3.285981805756079
-2.9306491792533675,-2.9064437027931516,-3.1048449670494165,-3.168949371937546,-2.9172459698854114,-2.8986023306122153,-3.1161035154840895,-2.9527280874908453,-3.24552754055264,-3.2949172226136434,-3.3062912115711116,-3.3062912091579304
-2.98986054887383,-2.9576787971564453,-3.1128369754052696,-3.1752032652300604,-2.929337541548321,-2.891445500017649,-3.1226734308188826,-2.9565976463313794,-3.202012662456535,-3.254253672098998,-3.26311045901545,-3.2631104558687776
-3.0307223035951436,-3.0102854793013467,-3.153984849480589,-3.216142517912049,-2.9855760065120136,-2.9177586822415655,-3.1818832824641317,-3.001426266427667,-3.2227009240355233,-3.270115257597851,-3.2859293230680695,-3.2859293201266677
-3.0521510594531103,-3.04680975396878,-3.19063872766609,-3.248427512831099,-3.0286870620090514,-2.9476403423326745,-3.247179156194381,-3.046755478284514,-3.2373265777540103,-3.2817213489119146,-3.309513730034336,-3.3095137270691577
-3.0494369615487367,-3.026082837285342,-3.1662177533470586,-3.2153375360559906,-3.0404196418423344,-2.9319484047934994,-3.242894846314366,-3.0465300737570735,-3.245550850746245,-3.283869417404702,-3.308229829904783,-3.30822982752417
-3.095043490534068,-3.0677296439785717,-3.202199418291161,-3.262180557277105,-3.063017581144529,-2.949070767412571,-3.28274524391383,-3.074726137110618,-3.266907655257746,-3.30143495414647,-3.331919808807416,-3.331919806566469
-3.1607587789108367,-3.1199319136726062,-3.241999682665308,-3.3104855093458516,-3.0790091936548785,-2.978242589556962,-3.3328910536991887,-3.113381843837534,-3.2817089051450434,-3.3138672234787503,-3.3532767628062787,-3.353276760557176
-3.1601757125625296,-3.1078733658407165,-3.2479390977683114,-3.3212615597103845,-3.0600454042557597,-3.0225012226818038,-3.337466073604224,-3.122671760009222,-3.2899006727817315,-3.3175574407945847,-3.3675682105257545,-3.367568208194061
-3.130071504039873,-3.0713695558629523,-3.237759053496782,-3.3063926326842052,-3.0603501936589277,-3.0337075859139073,-3.3314311349403907,-3.1275004427046973,-3.3097967104303088,-3.333949126520268,-3.3598085845300245,-3.359808583524131
-3.0622026281718417,-3.0202618977352023,-3.217107241076836,-3.2731392264409362,-2.951986882328096,-2.987742637715327,-3.1944490221945743,-2.990256995045735,-3.1821036766533384,-3.2176533605953113,-3.2054761108892746,-3.2054761076903397
-3.116047782569438,-3.082173854407805,-3.2693813946478856,-3.33714620848633,-3.058822817707317,-2.9999325491273634,-3.2209835717050312,-3.026133875073705,-3.2019820447341507,-3.2324623566722437,-3.1948546478649327,-3.1948546454387303
-3.1455733113497946,-3.1145654221489805,-3.304934074060235,-3.3659228037368387,-3.134513392962049,-3.04042851767556,-3.278675725416842,-3.0711559647600586,-3.215558944794119,-3.2437234261324983,-3.22035155359582,-3.2203515511709506
-3.190926408852624,-3.180692360562634,-3.274812410933335,-3.3296012153808716,-3.096136964445918,-3.03107597852537,-3.2142341773507455,-3.050653965589701,-3.137064120052695,-3.166762986791481,-3.099019196327622,-3.09901919373601
-3.1353855807560276,-3.141465133903269,-3.1333263203173525,-3.1788470651648977,-3.071746593343856,-2.9905801035449016,-3.148648248718681,-2.991454146902998,-3.0909187512377443,-3.1250108994727377,-2.9784567605353978,-2.9784567589111965
-3.1199073370819974,-3.122026215441678,-3.0943955227289264,-3.153097046593127,-3.140875631309405,-3.007878208476172,-3.181431459657211,-3.003018078374943,-3.09694327186259,-3.1280614899738453,-2.9999975602633864,-2.9999975587271273
-3.035927436165557,-3.062461762307271,-2.98026422058115,-3.0249729458098638,-2.9878165306504996,-2.95412954268298,-3.070212983627707,-2.932517260027651,-3.0322180630807645,-3.0627592218369397,-2.894489580416379,-2.894489579675696
-3.0794479018540435,-3.116626319997314,-2.9654670381855244,-3.0139840935832747,-3.0136107559853915,-2.9559829503286674,-3.0751043352491783,-2.9449746574011146,-3.017781441310149,-3.0462972119644,-2.8977999332536255,-2.8977999325435153
-3.015829448444368,-3.055595734766949,-2.9159879379261264,-2.9609419531211696,-2.9924021921418187,-2.93859093264318,-3.0349593077944013,-2.9279458629463146,-2.979589047472711,-3.0072870949753536,-2.8491288374479993,-2.8491288367871506
-3.0453499984117114,-3.0696078143317185,-2.9607209069503977,-3.0213246864310386,-3.0880860060840107,-2.978589206441271,-3.093714408080789,-2.953577078367769,-3.003796579133271,-3.027912727083244,-2.886061362175175,-2.886061361612608
-3.0046860618037083,-3.0287320197115695,-3.00587108170445,-3.0826392532899116,-2.968889854238348,-2.9208834536199437,-3.0424491211423557,-2.943241683019753,-2.9853028299829765,-3.010780155169839,-2.880989724806436,-2.880989723954332
-2.9441524523445146,-2.9530920278830664,-3.0510678975833394,-3.123865913078778,-3.0595997105508563,-2.9509649577879067,-3.122561455899489,-2.9812738694730454,-3.008112500174919,-3.0307803897127332,-2.917576984134302,-2.917576983392665
-3.106644949427039,-3.1038048745340996,-3.1078538762768035,-3.1646820393799726,-3.1377497335068725,-3.007752759476329,-3.1862390668971274,-3.0019976336110608,-3.0334275334451797,-3.0527466584928993,-2.9490406638609556,-2.949040663680508
-3.2260464145411705,-3.1234793233154337,-3.1932815932651133,-3.229014949317603,-3.165672360256049,-3.0394310259908512,-3.1865797691681377,-3.0276021523510743,-3.053183561122113,-3.072522331073631,-2.9813554431173017,-2.9813554433093525
39.20325945273029,38.08528249025838,15.85712406710551,20.15947586695164,7.0688878121449115,0.36924390072472413,9.382125723909004,-2.9941581010430305,-0.4073670300232686,1.3388740208048682,-2.964870848871028,-2.964870849588902
-3.345079232819962,-3.3481849484880692,-3.0839496529792987,-3.1508065196242865,-2.7410629496492858,-2.860208692245292,-2.8615318909544594,-2.7124216652682334,-2.9292998482115173,-2.9470372618799074,-2.8553580499976885,-2.8553580491709227
-3.3274023979885623,-3.3325311760371807,-3.039810936873754,-3.1122443605966965,-2.7971537389953225,-2.857748425910748,-2.8895086143450257,-2.731328765976529,-2.921259492548587,-2.9369330357391634,-2.8625924726058516,-2.8625924716078313
-3.3180612058787897,-3.3242617465355266,-2.984230896001659,-3.0301629203897003,-2.887527438067613,-2.870656147340257,-2.9467409287907453,-2.7743797955944203,-2.9380780324872804,-2.9485165120863472,-2.885428241365287,-2.885428240817071
-3.3469747758858874,-3.352958538464548,-3.0116916496744173,-3.050123627904277,-2.9333937596362816,-2.888831268193619,-2.9605893452625263,-2.810743034823232,-2.946736994556533,-2.9511958381914907,-2.881776312031051,-2.8817763123178297
-3.3385592779739843,-3.3489217229185373,-2.967561305298833,-3.025520278386766,-2.9471490935032767,-2.8732901855702617,-2.9475962103469424,-2.8110420245053707,-2.9503374168329226,-2.954832250399705,-2.890084830970924,-2.8900848311663943
-3.3345217152657884,-3.3458275080919324,-2.9539368625437232,-3.011201316257392,-2.9457629043075313,-2.8622731640331054,-2.9348505529700133,-2.8176345197890456,-2.9662544810646603,-2.9675460061775545,-2.8926800872284217,-2.89268008805131
-3.3302130358650497,-3.342064322135695,-2.9075734658728227,-2.955918239194579,-3.0286586214716973,-2.8809117738694177,-2.973163874329911,-2.861040485522119,-2.983793660159127,-2.9839232330443632,-2.9266773573172022,-2.9266773585780195
-3.329757292674551,-3.3431868885502034,-2.8777446257920305,-2.9240167310054046,-3.1018525708355797,-2.9078741212055834,-3.0205179906144295,-2.9128294174748945,-3.0026398140313364,-3.000997346004185,-2.9611950902395883,-2.9611950914854095
-3.340238099052346,-3.356613089303962,-2.876714787557602,-2.949376919090244,-3.1077679361289916,-2.938333616509626,-3.010767639820173,-2.9336355708914437,-2.9761189036867846,-2.9740936612495275,-2.8937839960683367,-2.8937839978574926
-3.35372683832793,-3.3711595796747273,-2.8941253274516163,-2.9825197017221896,-3.137698723230139,-2.9906326236083056,-3.0557996399863274,-2.9793664798986907,-2.99442593994649,-2.990430805352443,-2.9316733568916673,-2.9316733585952357
28.312145348673184,30.104208941883574,-2.9357888986838585,-3.025892571535115,7.000078645907866,-2.4394342620636604,2.913516024615011,-3.0270689899498406,-3.0167022085255897,-3.0103314568451305,-2.9713794982411663,-2.9713794999071412
-3.3583755395075383,-3.35264056208059,-2.8955458870613597,-2.9643839280835107,-2.7267809110480723,-2.8738811461714557,-2.859888747042379,-2.9111806957258275,-2.891866266172233,-2.8928840609578477,-2.7526812432316348,-2.7526812449009244
-3.3523415925336204,-3.3472724628010733,-2.8823767379251173,-2.954104054041912,-2.810950345643352,-2.8844338290676643,-2.934709419805369,-2.9520376343847445,-2.9030323095352752,-2.9032022484341877,-2.789079950405471,-2.7890799519372074
-3.3645034864419197,-3.357253306490185,-2.9083029308595147,-2.979946287489014,-2.8843362184723755,-2.923124677039895,-3.034000424202137,-2.9913370659238923,-2.92762625502088,-2.924822248874922,-2.831932943568841,-2.831932945129793
-3.3785437574718467,-3.368838294191571,-2.946960553303975,-3.008364305592793,-2.9598034181951642,-2.9751691546242665,-3.130051003754973,-3.052311721512675,-2.948300192870318,-2.9432570966986518,-2.8714540588696806,-2.8714540604972676
-3.369357048821185,-3.3598096295862936,-2.9269191212687162,-2.9693138503267424,-2.918593302981291,-2.9606264447800177,-3.096668659846056,-3.0617773116065905,-2.9376502123386623,-2.931588590813411,-2.8561749081839483,-2.856174909768658
-3.379222316164522,-3.367963062298685,-2.9495963502494256,-2.9834846364878964,-2.99566503987457,-3.0066752250327036,-3.15700212843322,-3.120489458710969,-2.9583339066874195,-2.9501002013556588,-2.8982695841051482,-2.8982695856806426
12.491180162551167,11.168898206666306,-2.986036707476324,-3.010287664777425,-3.0531403704890514,-3.054139270055829,-3.2008817457700713,-3.173132568248656,-2.9647349226970325,-2.956213264781267,-2.9252915106244437,-2.9252915120001868
-3.322847811264297,-3.329434354240912,-2.956783516897808,-2.9772842292086317,-2.8217346884538235,-2.933854389854289,-3.014879638601581,-3.08266821614861,-2.8930729841924405,-2.8899012562968656,-2.8275557728654297,-2.8275557736992614
-3.3185778901613734,-3.3245748365432686,-2.958074370682111,-2.990820099474608,-2.9366263510432997,-2.9495799259955646,-3.0589428885359697,-3.104051167002736,-2.9008177596496827,-2.8964154568833713,-2.8410605325422678,-2.8410605334301797
-3.3342008345693146,-3.3372094701650883,-2.9984926924926265,-3.0364187280819532,-3.059130613604693,-2.9899636650607464,-3.1156175607514047,-3.132503913457157,-2.9211232627611485,-2.913753393008805,-2.8750843831512825,-2.875084384265784
-3.3435143110594234,-3.34403306588546,-3.042785342323877,-3.077087500148071,-3.1424430252136597,-3.0440242425913118,-3.1814100313942206,-3.190353234182897,-2.9411601377565932,-2.9327182453196374,-2.9191650195433585,-2.9191650205988253
-3.354868992049486,-3.353845640711765,-3.09672583126118,-3.124055629013179,-3.1954832817794325,-3.099304743556223,-3.2237141912434812,-3.2237940167904675,-2.9574151871722343,-2.9475329703005846,-2.950332572912039,-2.9503325739310213
-3.3597176465914798,-3.35756015577501,-3.152528989296347,-3.1715376756661615,-3.237673903364856,-3.1520339502957992,-3.253960057311156,-3.2696244111545982,-2.9813568447419425,-2.969552549846527,-2.991387586408475,-2.9913875874540525
-3.37062113546711,-3.367897242606067,-3.2171462420841093,-3.2278166077723225,-3.2771202836053632,-3.2085353755312687,-3.27949992460377,-3.3165875663162914,-2.9987845681444747,-2.985650701522917,-3.025709920983447,-3.0257099220439043
-3.381211010412968,-3.3780095688746727,-3.2729193131315584,-3.2821040406825026,-3.340009263315397,-3.264446253391588,-3.3183865481133368,-3.34907635301599,-3.0171474734425106,-3.0022812564886614,-3.0517990594137343,-3.05179906063793
-3.3781572604954784,-3.3751795510638005,-3.221414382885831,-3.230286335355399,-3.2717459968193126,-3.257404145985179,-3.2656570729355527,-3.35071343602323,-2.978383785068338,-2.9684154396900935,-3.0113520840360026,-3.011352084594456
-3.3710646327623346,-3.366984019897935,-3.2294280065856835,-3.2419849071839595,-3.3526322340712706,-3.2951735338415107,-3.2987547343807515,-3.385556343822124,-3.0020331706046157,-2.990268858450328,-3.048178778316654,-3.048178779051348
